id,year,title,domain,primary_field,analysis_community,display_community,is_landmark,anchor_label,short_id,doi,cited_by_count,reference_count,source_dataset,legacy_is_landmark,reliable_anchor_source,anchor_policy,primary_topic,community,community_label,display_label,is_closure_node,domain_analysis_end_year
https://openalex.org/W2058122340,2004,Electric Field Effect in Atomically Thin Carbon Films,graphene_2d_materials,Materials Chemistry,18992804,18992804,1,Novoselov 2004,W2058122340,10.1126/science.1102896,66114,16,openalex_v3_landmark_exact,1,landmarks_csv_labeled,strict,Graphene research and applications,18992804,Graphene research and applications,Graphene research and applications,0,2025
https://openalex.org/W2014935324,2007,The rise of graphene,graphene_2d_materials,Materials Chemistry,18992804,18992804,0,,W2014935324,10.1038/nmat1849,39452,100,openalex_v3_anchor_citer,0,,strict,Graphene research and applications,18992804,Graphene research and applications,Graphene research and applications,0,2025
https://openalex.org/W2105685140,2009,The electronic properties of graphene,graphene_2d_materials,Materials Chemistry,18992804,18992804,0,,W2105685140,10.1103/revmodphys.81.109,24584,478,openalex_v3_anchor_citer,0,,strict,Graphene research and applications,18992804,Graphene research and applications,Graphene research and applications,0,2025
https://openalex.org/W2125284466,2005,Two-dimensional gas of massless Dirac fermions in graphene,graphene_2d_materials,Materials Chemistry,18992804,18992804,0,,W2125284466,10.1038/nature04233,21440,32,openalex_v3_anchor_citer,0,,strict,Graphene research and applications,18992804,Graphene research and applications,Graphene research and applications,0,2025
https://openalex.org/W2136334331,2006,Raman Spectrum of Graphene and Graphene Layers,graphene_2d_materials,Materials Chemistry,18992804,18992804,0,,W2136334331,10.1103/physrevlett.97.187401,14915,30,openalex_v3_anchor_citer,0,,strict,Graphene research and applications,18992804,Graphene research and applications,Graphene research and applications,0,2025
https://openalex.org/W2021994802,2011,Single-layer MoS2 transistors,graphene_2d_materials,Materials Chemistry,18992804,18992804,0,,W2021994802,10.1038/nnano.2010.279,14791,44,openalex_v3_anchor_citer,0,,strict,Graphene research and applications,18992804,Graphene research and applications,Graphene research and applications,0,2025
https://openalex.org/W2146564548,2008,Superior Thermal Conductivity of Single-Layer Graphene,graphene_2d_materials,Materials Chemistry,18992804,18992804,0,,W2146564548,10.1021/nl0731872,13649,49,openalex_v3_anchor_citer,0,,strict,Graphene research and applications,18992804,Graphene research and applications,Graphene research and applications,0,2025
https://openalex.org/W2118492507,2005,Experimental observation of the quantum Hall effect and Berry's phase in graphene,graphene_2d_materials,Materials Chemistry,18992804,18992804,0,,W2118492507,10.1038/nature04235,13433,20,openalex_v3_anchor_citer,0,,strict,Graphene research and applications,18992804,Graphene research and applications,Graphene research and applications,0,2025
https://openalex.org/W2101977779,2006,Graphene-based composite materials,graphene_2d_materials,Materials Chemistry,18992804,18992804,0,,W2101977779,10.1038/nature04969,12806,29,openalex_v3_anchor_citer,0,,strict,Graphene research and applications,18992804,Graphene research and applications,Graphene research and applications,0,2025
https://openalex.org/W2140746165,2010,Improved Synthesis of Graphene Oxide,graphene_2d_materials,Materials Chemistry,18992804,18992804,0,,W2140746165,10.1021/nn1006368,11830,49,openalex_v3_anchor_citer,0,,strict,Graphene research and applications,18992804,Graphene research and applications,Graphene research and applications,0,2025
https://openalex.org/W2134233006,2005,Two-dimensional atomic crystals,graphene_2d_materials,Materials Chemistry,18992804,18992804,0,,W2134233006,10.1073/pnas.0502848102,11569,16,openalex_v3_anchor_citer,0,,strict,Graphene research and applications,18992804,Graphene research and applications,Graphene research and applications,0,2025
https://openalex.org/W2014451195,2011,Two‐Dimensional Nanocrystals Produced by Exfoliation of Ti<sub>3</sub>AlC<sub>2</sub>,graphene_2d_materials,Materials Chemistry,23488465,23488465,0,,W2014451195,10.1002/adma.201102306,11450,35,openalex_v3_anchor_citer,0,,strict,MXene and MAX Phase Materials,23488465,MXene and MAX Phase Materials,MXene and MAX Phase Materials,0,2025
https://openalex.org/W2135479172,2009,The chemistry of graphene oxide,graphene_2d_materials,Materials Chemistry,18992804,18992804,0,,W2135479172,10.1039/b917103g,11379,91,openalex_v3_anchor_citer,0,,strict,Graphene research and applications,18992804,Graphene research and applications,Graphene research and applications,0,2025
https://openalex.org/W1976156302,2010,"Graphene and Graphene Oxide: Synthesis, Properties, and Applications",graphene_2d_materials,Materials Chemistry,18992804,18992804,0,,W1976156302,10.1002/adma.201001068,10433,265,openalex_v3_anchor_citer,0,,strict,Graphene research and applications,18992804,Graphene research and applications,Graphene research and applications,0,2025
https://openalex.org/W2099779584,2009,Large-scale pattern growth of graphene films for stretchable transparent electrodes,graphene_2d_materials,Materials Chemistry,18992804,18992804,0,,W2099779584,10.1038/nature07719,10428,32,openalex_v3_anchor_citer,0,,strict,Graphene research and applications,18992804,Graphene research and applications,Graphene research and applications,0,2025
https://openalex.org/W2011899447,2013,The chemistry of two-dimensional layered transition metal dichalcogenide nanosheets,graphene_2d_materials,Materials Chemistry,19026997,19026997,0,,W2011899447,10.1038/nchem.1589,9794,111,openalex_v3_anchor_citer,0,,strict,2D Materials and Applications,19026997,2D Materials and Applications,2D Materials and Applications,0,2025
https://openalex.org/W2163980958,2012,A roadmap for graphene,graphene_2d_materials,Materials Chemistry,18992804,18992804,0,,W2163980958,10.1038/nature11458,9147,108,openalex_v3_anchor_citer,0,,strict,Graphene research and applications,18992804,Graphene research and applications,Graphene research and applications,0,2025
https://openalex.org/W2149070465,2008,Processable aqueous dispersions of graphene nanosheets,graphene_2d_materials,Materials Chemistry,18992804,18992804,0,,W2149070465,10.1038/nnano.2007.451,9065,34,openalex_v3_anchor_citer,0,,strict,Graphene research and applications,18992804,Graphene research and applications,Graphene research and applications,0,2025
https://openalex.org/W2041311241,2014,Black phosphorus field-effect transistors,graphene_2d_materials,Materials Chemistry,19026997,19026997,0,,W2041311241,10.1038/nnano.2014.35,8349,40,openalex_v3_anchor_citer,0,,strict,2D Materials and Applications,19026997,2D Materials and Applications,2D Materials and Applications,0,2025
https://openalex.org/W2793369479,2018,Unconventional superconductivity in magic-angle graphene superlattices,graphene_2d_materials,Condensed Matter Physics,18992153,18992153,0,,W2793369479,10.1038/nature26160,8285,75,openalex_v3_query_core,0,,strict,Physics of Superconductivity and Magnetism,18992153,Physics of Superconductivity and Magnetism,Physics of Superconductivity and Magnetism,0,2025
https://openalex.org/W2030164271,2005,Quantum Spin Hall Effect in Graphene,graphene_2d_materials,Materials Chemistry,18992804,18992804,0,,W2030164271,10.1103/physrevlett.95.226801,8130,21,openalex_v3_anchor_citer,0,,strict,Graphene research and applications,18992804,Graphene research and applications,Graphene research and applications,0,2025
https://openalex.org/W2060009331,2007,"Raman spectroscopy of graphene and graphite: Disorder, electron–phonon coupling, doping and nonadiabatic effects",graphene_2d_materials,Materials Chemistry,18992804,18992804,0,,W2060009331,10.1016/j.ssc.2007.03.052,7527,100,openalex_v3_anchor_citer,0,,strict,Graphene research and applications,18992804,Graphene research and applications,Graphene research and applications,0,2025
https://openalex.org/W2498106012,2016,2D materials and van der Waals heterostructures,graphene_2d_materials,Materials Chemistry,19026997,19026997,0,,W2498106012,10.1126/science.aac9439,7249,147,openalex_v3_anchor_citer,0,,strict,2D Materials and Applications,19026997,2D Materials and Applications,2D Materials and Applications,0,2025
https://openalex.org/W2074880343,2013,Raman spectroscopy as a versatile tool for studying the properties of graphene,graphene_2d_materials,Materials Chemistry,18992804,18992804,0,,W2074880343,10.1038/nnano.2013.46,7183,158,openalex_v3_anchor_citer,0,,strict,Graphene research and applications,18992804,Graphene research and applications,Graphene research and applications,0,2025
https://openalex.org/W2401906193,2016,Graphitic Carbon Nitride (g-C<sub>3</sub>N<sub>4</sub>)-Based Photocatalysts for Artificial Photosynthesis and Environmental Remediation: Are We a Step Closer To Achieving Sustainability?,graphene_2d_materials,"Renewable Energy, Sustainability and the Environment",18992678,18992678,0,,W2401906193,10.1021/acs.chemrev.6b00075,6978,1069,openalex_v3_anchor_citer,0,,strict,Advanced Photocatalysis Techniques,18992678,Advanced Photocatalysis Techniques,Advanced Photocatalysis Techniques,0,2025
https://openalex.org/W2057330747,2009,Honeycomb Carbon: A Review of Graphene,graphene_2d_materials,Electrical and Electronic Engineering,18991892,18991892,0,,W2057330747,10.1021/cr900070d,6960,128,openalex_v3_anchor_citer,0,,strict,Advancements in Battery Materials,18991892,Advancements in Battery Materials,Advancements in Battery Materials,0,2025
https://openalex.org/W2030677057,2009,Chemical methods for the production of graphenes,graphene_2d_materials,Materials Chemistry,18992804,18992804,0,,W2030677057,10.1038/nnano.2009.58,6617,69,openalex_v3_anchor_citer,0,,strict,Graphene research and applications,18992804,Graphene research and applications,Graphene research and applications,0,2025
https://openalex.org/W2155175869,2013,25th Anniversary Article: MXenes: A New Family of Two‐Dimensional Materials,graphene_2d_materials,Materials Chemistry,23488465,23488465,0,,W2155175869,10.1002/adma.201304138,6258,71,openalex_v3_anchor_citer,0,,strict,MXene and MAX Phase Materials,23488465,MXene and MAX Phase Materials,MXene and MAX Phase Materials,0,2025
https://openalex.org/W2125612486,2008,High-yield production of graphene by liquid-phase exfoliation of graphite,graphene_2d_materials,Materials Chemistry,18992804,18992804,0,,W2125612486,10.1038/nnano.2008.215,6186,68,openalex_v3_anchor_citer,0,,strict,Graphene research and applications,18992804,Graphene research and applications,Graphene research and applications,0,2025
https://openalex.org/W2057626905,2011,Thermal properties of graphene and nanostructured carbon materials,graphene_2d_materials,Materials Chemistry,18992804,18992804,0,,W2057626905,10.1038/nmat3064,6121,171,openalex_v3_anchor_citer,0,,strict,Graphene research and applications,18992804,Graphene research and applications,Graphene research and applications,0,2025
https://openalex.org/W2038754799,2009,Raman spectroscopy in graphene,graphene_2d_materials,Materials Chemistry,18992804,18992804,0,,W2038754799,10.1016/j.physrep.2009.02.003,5975,143,openalex_v3_anchor_citer,0,,strict,Graphene research and applications,18992804,Graphene research and applications,Graphene research and applications,0,2025
https://openalex.org/W2606397457,2017,Layer-dependent ferromagnetism in a van der Waals crystal down to the monolayer limit,graphene_2d_materials,Materials Chemistry,19026997,19026997,0,,W2606397457,10.1038/nature22391,5864,46,openalex_v3_anchor_citer,0,,strict,2D Materials and Applications,19026997,2D Materials and Applications,2D Materials and Applications,0,2025
https://openalex.org/W2072836371,2008,"Large Area, Few-Layer Graphene Films on Arbitrary Substrates by Chemical Vapor Deposition",graphene_2d_materials,Materials Chemistry,18992804,18992804,0,,W2072836371,10.1021/nl801827v,5860,44,openalex_v3_anchor_citer,0,,strict,Graphene research and applications,18992804,Graphene research and applications,Graphene research and applications,0,2025
https://openalex.org/W2102415385,2006,Electronic Confinement and Coherence in Patterned Epitaxial Graphene,graphene_2d_materials,Materials Chemistry,18992804,18992804,0,,W2102415385,10.1126/science.1125925,5515,27,openalex_v3_anchor_citer,0,,strict,Graphene research and applications,18992804,Graphene research and applications,Graphene research and applications,0,2025
https://openalex.org/W2119882629,2007,Energy Band-Gap Engineering of Graphene Nanoribbons,graphene_2d_materials,Materials Chemistry,18992804,18992804,0,,W2119882629,10.1103/physrevlett.98.206805,5203,18,openalex_v3_anchor_citer,0,,strict,Graphene research and applications,18992804,Graphene research and applications,Graphene research and applications,0,2025
https://openalex.org/W4211172053,2010,Graphene transistors,graphene_2d_materials,Materials Chemistry,18992804,18992804,0,,W4211172053,10.1038/nnano.2010.89,5199,94,openalex_v3_anchor_citer,0,,strict,Graphene research and applications,18992804,Graphene research and applications,Graphene research and applications,0,2025
https://openalex.org/W2123830103,2011,The reduction of graphene oxide,graphene_2d_materials,Materials Chemistry,18992804,18992804,0,,W2123830103,10.1016/j.carbon.2011.11.010,5050,143,openalex_v3_anchor_citer,0,,strict,Graphene research and applications,18992804,Graphene research and applications,Graphene research and applications,0,2025
https://openalex.org/W2597054437,2017,Recent Advances in Ultrathin Two-Dimensional Nanomaterials,graphene_2d_materials,Materials Chemistry,18992804,18992804,0,,W2597054437,10.1021/acs.chemrev.6b00558,5036,1300,openalex_v3_anchor_citer,0,,strict,Graphene research and applications,18992804,Graphene research and applications,Graphene research and applications,0,2025
https://openalex.org/W2072923279,2007,The structure of suspended graphene sheets,graphene_2d_materials,Materials Chemistry,18992804,18992804,0,,W2072923279,10.1038/nature05545,5011,29,openalex_v3_anchor_citer,0,,strict,Graphene research and applications,18992804,Graphene research and applications,Graphene research and applications,0,2025
https://openalex.org/W1969314684,2013,Ultrasensitive photodetectors based on monolayer MoS2,graphene_2d_materials,Materials Chemistry,19026997,19026997,0,,W1969314684,10.1038/nnano.2013.100,4985,40,openalex_v3_anchor_citer,0,,strict,2D Materials and Applications,19026997,2D Materials and Applications,2D Materials and Applications,0,2025
https://openalex.org/W2787584289,2018,Correlated insulator behaviour at half-filling in magic-angle graphene superlattices,graphene_2d_materials,Materials Chemistry,18992804,18992804,0,,W2787584289,10.1038/nature26154,4874,60,openalex_v3_anchor_citer,0,,strict,Graphene research and applications,18992804,Graphene research and applications,Graphene research and applications,0,2025
https://openalex.org/W2748717829,2017,Guidelines for Synthesis and Processing of Two-Dimensional Titanium Carbide (Ti<sub>3</sub>C<sub>2</sub>T<sub><i>x</i></sub> MXene),graphene_2d_materials,Materials Chemistry,23488465,23488465,0,,W2748717829,10.1021/acs.chemmater.7b02847,4863,57,openalex_v3_anchor_citer,0,,strict,MXene and MAX Phase Materials,23488465,MXene and MAX Phase Materials,MXene and MAX Phase Materials,0,2025
https://openalex.org/W2024966938,2013,"Progress, Challenges, and Opportunities in Two-Dimensional Materials Beyond Graphene",graphene_2d_materials,Materials Chemistry,18992804,18992804,0,,W2024966938,10.1021/nn400280c,4839,362,openalex_v3_anchor_citer,0,,strict,Graphene research and applications,18992804,Graphene research and applications,Graphene research and applications,0,2025
https://openalex.org/W4211152862,2017,Heterojunction Photocatalysts,graphene_2d_materials,"Renewable Energy, Sustainability and the Environment",18992678,18992678,0,,W4211152862,10.1002/adma.201601694,4796,132,openalex_v3_anchor_citer,0,,strict,Advanced Photocatalysis Techniques,18992678,Advanced Photocatalysis Techniques,Advanced Photocatalysis Techniques,0,2025
https://openalex.org/W2087638855,2008,"Chemically Derived, Ultrasmooth Graphene Nanoribbon Semiconductors",graphene_2d_materials,Materials Chemistry,18992804,18992804,0,,W2087638855,10.1126/science.1150878,4792,30,openalex_v3_anchor_citer,0,,strict,Graphene research and applications,18992804,Graphene research and applications,Graphene research and applications,0,2025
https://openalex.org/W2322562148,2014,"Polydopamine and Its Derivative Materials: Synthesis and Promising Applications in Energy, Environmental, and Biomedical Fields",graphene_2d_materials,Polymers and Plastics,19095505,19095505,0,,W2322562148,10.1021/cr400407a,4701,437,openalex_v3_anchor_citer,0,,strict,Conducting polymers and applications,19095505,Conducting polymers and applications,Conducting polymers and applications,0,2025
https://openalex.org/W1981729886,2012,Two-Dimensional Transition Metal Carbides,graphene_2d_materials,Materials Chemistry,23488465,23488465,0,,W1981729886,10.1021/nn204153h,4644,44,openalex_v3_anchor_citer,0,,strict,MXene and MAX Phase Materials,23488465,MXene and MAX Phase Materials,MXene and MAX Phase Materials,0,2025
https://openalex.org/W2611395271,2018,Weyl and Dirac semimetals in three-dimensional solids,graphene_2d_materials,"Atomic and Molecular Physics, and Optics",19095381,19095381,0,,W2611395271,10.1103/revmodphys.90.015001,4540,549,openalex_v3_anchor_citer,0,,strict,Topological Materials and Phenomena,19095381,Topological Materials and Phenomena,Topological Materials and Phenomena,0,2025
https://openalex.org/W2012587360,2013,Graphene-Like Two-Dimensional Materials,graphene_2d_materials,Materials Chemistry,18992804,18992804,0,,W2012587360,10.1021/cr300263a,4490,382,openalex_v3_anchor_citer,0,,strict,Graphene research and applications,18992804,Graphene research and applications,Graphene research and applications,0,2025
https://openalex.org/W2074684620,2007,"Transparent, Conductive Graphene Electrodes for Dye-Sensitized Solar Cells",graphene_2d_materials,Materials Chemistry,18992804,18992804,0,,W2074684620,10.1021/nl072838r,4443,36,openalex_v3_anchor_citer,0,,strict,Graphene research and applications,18992804,Graphene research and applications,Graphene research and applications,0,2025
https://openalex.org/W2029281675,2014,High-mobility transport anisotropy and linear dichroism in few-layer black phosphorus,graphene_2d_materials,Materials Chemistry,19026997,19026997,0,,W2029281675,10.1038/ncomms5475,4404,66,openalex_v3_query_core,0,,strict,2D Materials and Applications,19026997,2D Materials and Applications,2D Materials and Applications,0,2025
https://openalex.org/W2048610167,2012,From Bulk to Monolayer MoS<sub>2</sub>: Evolution of Raman Scattering,graphene_2d_materials,Materials Chemistry,19026997,19026997,0,,W2048610167,10.1002/adfm.201102111,4182,27,openalex_v3_anchor_citer,0,,strict,2D Materials and Applications,19026997,2D Materials and Applications,2D Materials and Applications,0,2025
https://openalex.org/W2126421651,2009,Control of Graphene's Properties by Reversible Hydrogenation: Evidence for Graphane,graphene_2d_materials,Materials Chemistry,18992804,18992804,0,,W2126421651,10.1126/science.1167130,4152,34,openalex_v3_anchor_citer,0,,strict,Graphene research and applications,18992804,Graphene research and applications,Graphene research and applications,0,2025
https://openalex.org/W2166691312,2012,"Functionalization of Graphene: Covalent and Non-Covalent Approaches, Derivatives and Applications",graphene_2d_materials,Materials Chemistry,18992804,18992804,0,,W2166691312,10.1021/cr3000412,4034,497,openalex_v3_anchor_citer,0,,strict,Graphene research and applications,18992804,Graphene research and applications,Graphene research and applications,0,2025
https://openalex.org/W2072214543,2009,Graphene: The New Two‐Dimensional Nanomaterial,graphene_2d_materials,Materials Chemistry,18992804,18992804,0,,W2072214543,10.1002/anie.200901678,3933,241,openalex_v3_anchor_citer,0,,strict,Graphene research and applications,18992804,Graphene research and applications,Graphene research and applications,0,2025
https://openalex.org/W2068824512,2006,Chiral tunnelling and the Klein paradox in graphene,graphene_2d_materials,Materials Chemistry,18992804,18992804,0,,W2068824512,10.1038/nphys384,3893,34,openalex_v3_anchor_citer,0,,strict,Graphene research and applications,18992804,Graphene research and applications,Graphene research and applications,0,2025
https://openalex.org/W2141101385,2011,Three-dimensional flexible and conductive interconnected graphene networks grown by chemical vapour deposition,graphene_2d_materials,Materials Chemistry,18992804,18992804,0,,W2141101385,10.1038/nmat3001,3827,32,openalex_v3_anchor_citer,0,,strict,Graphene research and applications,18992804,Graphene research and applications,Graphene research and applications,0,2025
https://openalex.org/W2118609172,2011,Graphene-based composites,graphene_2d_materials,Materials Chemistry,18992804,18992804,0,,W2118609172,10.1039/c1cs15078b,3823,284,openalex_v3_anchor_citer,0,,strict,Graphene research and applications,18992804,Graphene research and applications,Graphene research and applications,0,2025
https://openalex.org/W2085537249,2013,Liquid Exfoliation of Layered Materials,graphene_2d_materials,Materials Chemistry,19026997,19026997,0,,W2085537249,10.1126/science.1226419,3755,143,openalex_v3_anchor_citer,0,,strict,2D Materials and Applications,19026997,2D Materials and Applications,2D Materials and Applications,0,2025
https://openalex.org/W2971763914,2019,Present and Future of Surface-Enhanced Raman Scattering,graphene_2d_materials,"Electronic, Optical and Magnetic Materials",19009308,19009308,0,,W2971763914,10.1021/acsnano.9b04224,3736,960,openalex_v3_query_core,0,,strict,Gold and Silver Nanoparticles Synthesis and Applications,19009308,Gold and Silver Nanoparticles Synthesis and Applications,Gold and Silver Nanoparticles Synthesis and Applications,0,2025
https://openalex.org/W2140372631,2010,Atomically precise bottom-up fabrication of graphene nanoribbons,graphene_2d_materials,Materials Chemistry,18992804,18992804,0,,W2140372631,10.1038/nature09211,3653,33,openalex_v3_anchor_citer,0,,strict,Graphene research and applications,18992804,Graphene research and applications,Graphene research and applications,0,2025
https://openalex.org/W2110835769,2008,Monitoring dopants by Raman scattering in an electrochemically top-gated graphene transistor,graphene_2d_materials,Materials Chemistry,18992804,18992804,0,,W2110835769,10.1038/nnano.2008.67,3577,36,openalex_v3_anchor_citer,0,,strict,Graphene research and applications,18992804,Graphene research and applications,Graphene research and applications,0,2025
https://openalex.org/W2038726293,2012,"Review on Recent Progress in Nitrogen-Doped Graphene: Synthesis, Characterization, and Its Potential Applications",graphene_2d_materials,Materials Chemistry,18992804,18992804,0,,W2038726293,10.1021/cs200652y,3571,124,openalex_v3_anchor_citer,0,,strict,Graphene research and applications,18992804,Graphene research and applications,Graphene research and applications,0,2025
https://openalex.org/W2065062234,2007,Single Sheet Functionalized Graphene by Oxidation and Thermal Expansion of Graphite,graphene_2d_materials,Materials Chemistry,18992804,18992804,0,,W2065062234,10.1021/cm0630800,3545,44,openalex_v3_anchor_citer,0,,strict,Graphene research and applications,18992804,Graphene research and applications,Graphene research and applications,0,2025
https://openalex.org/W1974899246,2011,"Graphene based materials: Past, present and future",graphene_2d_materials,Materials Chemistry,18992804,18992804,0,,W1974899246,10.1016/j.pmatsci.2011.03.003,3544,476,openalex_v3_anchor_citer,0,,strict,Graphene research and applications,18992804,Graphene research and applications,Graphene research and applications,0,2025
https://openalex.org/W1988310931,2009,Longitudinal unzipping of carbon nanotubes to form graphene nanoribbons,graphene_2d_materials,Materials Chemistry,18992804,18992804,0,,W1988310931,10.1038/nature07872,3515,30,openalex_v3_anchor_citer,0,,strict,Graphene research and applications,18992804,Graphene research and applications,Graphene research and applications,0,2025
https://openalex.org/W2075356879,2012,"Graphene Oxide: Preparation, Functionalization, and Electrochemical Applications",graphene_2d_materials,Materials Chemistry,18992804,18992804,0,,W2075356879,10.1021/cr300115g,3484,357,openalex_v3_anchor_citer,0,,strict,Graphene research and applications,18992804,Graphene research and applications,Graphene research and applications,0,2025
https://openalex.org/W1596779608,2014,Rediscovering black phosphorus as an anisotropic layered material for optoelectronics and electronics,graphene_2d_materials,Materials Chemistry,19026997,19026997,0,,W1596779608,10.1038/ncomms5458,3480,58,openalex_v3_anchor_citer,0,,strict,2D Materials and Applications,19026997,2D Materials and Applications,2D Materials and Applications,0,2025
https://openalex.org/W2080880982,2008,Giant Intrinsic Carrier Mobilities in Graphene and Its Bilayer,graphene_2d_materials,Materials Chemistry,18992804,18992804,0,,W2080880982,10.1103/physrevlett.100.016602,3431,29,openalex_v3_anchor_citer,0,,strict,Graphene research and applications,18992804,Graphene research and applications,Graphene research and applications,0,2025
https://openalex.org/W2057936436,2011,Electronic transport in two-dimensional graphene,graphene_2d_materials,Materials Chemistry,18992804,18992804,0,,W2057936436,10.1103/revmodphys.83.407,3411,525,openalex_v3_anchor_citer,0,,strict,Graphene research and applications,18992804,Graphene research and applications,Graphene research and applications,0,2025
https://openalex.org/W2028783209,2011,A graphene-based broadband optical modulator,graphene_2d_materials,Electrical and Electronic Engineering,19027263,19027263,0,,W2028783209,10.1038/nature10067,3385,30,openalex_v3_anchor_citer,0,,strict,Photonic and Optical Devices,19027263,Photonic and Optical Devices,Photonic and Optical Devices,0,2025
https://openalex.org/W2014442686,2010,Recent advances in graphene based polymer composites,graphene_2d_materials,Materials Chemistry,18992804,18992804,0,,W2014442686,10.1016/j.progpolymsci.2010.07.005,3375,227,openalex_v3_anchor_citer,0,,strict,Graphene research and applications,18992804,Graphene research and applications,Graphene research and applications,0,2025
https://openalex.org/W2138159532,2006,Controlling the Electronic Structure of Bilayer Graphene,graphene_2d_materials,Materials Chemistry,18992804,18992804,0,,W2138159532,10.1126/science.1130681,3330,22,openalex_v3_anchor_citer,0,,strict,Graphene research and applications,18992804,Graphene research and applications,Graphene research and applications,0,2025
https://openalex.org/W2109807803,2010,Graphene/Polymer Nanocomposites,graphene_2d_materials,Materials Chemistry,18992804,18992804,0,,W2109807803,10.1021/ma100572e,3327,203,openalex_v3_anchor_citer,0,,strict,Graphene research and applications,18992804,Graphene research and applications,Graphene research and applications,0,2025
https://openalex.org/W2007328737,2010,Structural Defects in Graphene,graphene_2d_materials,Materials Chemistry,18992804,18992804,0,,W2007328737,10.1021/nn102598m,3303,137,openalex_v3_anchor_citer,0,,strict,Graphene research and applications,18992804,Graphene research and applications,Graphene research and applications,0,2025
https://openalex.org/W2147182795,2008,Polymer nanotechnology: Nanocomposites,graphene_2d_materials,Polymers and Plastics,19077559,19077559,0,,W2147182795,10.1016/j.polymer.2008.04.017,3250,276,openalex_v3_anchor_citer,0,,strict,Polymer Nanocomposites and Properties,19077559,Polymer Nanocomposites and Properties,Polymer Nanocomposites and Properties,0,2025
https://openalex.org/W2056815766,2008,Flexible Graphene Films via the Filtration of Water-Soluble Noncovalent Functionalized Graphene Sheets,graphene_2d_materials,Materials Chemistry,18992804,18992804,0,,W2056815766,10.1021/ja800745y,3237,24,openalex_v3_anchor_citer,0,,strict,Graphene research and applications,18992804,Graphene research and applications,Graphene research and applications,0,2025
https://openalex.org/W2029066016,2010,Self-Assembled Graphene Hydrogel <i>via</i> a One-Step Hydrothermal Process,graphene_2d_materials,"Electronic, Optical and Magnetic Materials",19009840,19009840,0,,W2029066016,10.1021/nn101187z,3227,45,openalex_v3_anchor_citer,0,,strict,Supercapacitor Materials and Fabrication,19009840,Supercapacitor Materials and Fabrication,Supercapacitor Materials and Fabrication,0,2025
https://openalex.org/W2003408860,2010,Graphene-Based Supercapacitor with an Ultrahigh Energy Density,graphene_2d_materials,"Electronic, Optical and Magnetic Materials",19009840,19009840,0,,W2003408860,10.1021/nl102661q,3176,37,openalex_v3_anchor_citer,0,,strict,Supercapacitor Materials and Fabrication,19009840,Supercapacitor Materials and Fabrication,Supercapacitor Materials and Fabrication,0,2025
https://openalex.org/W1984473516,2009,P25-Graphene Composite as a High Performance Photocatalyst,graphene_2d_materials,"Renewable Energy, Sustainability and the Environment",18992678,18992678,0,,W1984473516,10.1021/nn901221k,3168,26,openalex_v3_anchor_citer,0,,strict,Advanced Photocatalysis Techniques,18992678,Advanced Photocatalysis Techniques,Advanced Photocatalysis Techniques,0,2025
https://openalex.org/W2126934395,2008,Intrinsic and extrinsic performance limits of graphene devices on SiO2,graphene_2d_materials,Materials Chemistry,18992804,18992804,0,,W2126934395,10.1038/nnano.2008.58,3155,37,openalex_v3_anchor_citer,0,,strict,Graphene research and applications,18992804,Graphene research and applications,Graphene research and applications,0,2025
https://openalex.org/W3037464148,2012,Graphene plasmonics,graphene_2d_materials,Biomedical Engineering,19027259,19027259,0,,W3037464148,10.1038/nphoton.2012.262,3155,113,openalex_v3_anchor_citer,0,,strict,Plasmonic and Surface Plasmon Research,19027259,Plasmonic and Surface Plasmon Research,Plasmonic and Surface Plasmon Research,0,2025
https://openalex.org/W2086880071,2014,Electronics based on two-dimensional materials,graphene_2d_materials,Materials Chemistry,19026997,19026997,0,,W2086880071,10.1038/nnano.2014.207,3151,210,openalex_v3_anchor_citer,0,,strict,2D Materials and Applications,19026997,2D Materials and Applications,2D Materials and Applications,0,2025
https://openalex.org/W2113228695,2008,Evaluation of Solution-Processed Reduced Graphene Oxide Films as Transparent Conductors,graphene_2d_materials,Materials Chemistry,18992804,18992804,0,,W2113228695,10.1021/nn700375n,3113,34,openalex_v3_anchor_citer,0,,strict,Graphene research and applications,18992804,Graphene research and applications,Graphene research and applications,0,2025
https://openalex.org/W2121621337,2010,Graphene Based Electrochemical Sensors and Biosensors: A Review,graphene_2d_materials,Electrical and Electronic Engineering,19026208,19026208,0,,W2121621337,10.1002/elan.200900571,3112,135,openalex_v3_anchor_citer,0,,strict,Electrochemical sensors and biosensors,19026208,Electrochemical sensors and biosensors,Electrochemical sensors and biosensors,0,2025
https://openalex.org/W3131843789,2021,"Nanomaterials: a review of synthesis methods, properties, recent progress, and challenges",graphene_2d_materials,Materials Chemistry,18992804,18992804,0,,W3131843789,10.1039/d0ma00807a,3107,552,openalex_v3_anchor_citer,0,,strict,Graphene research and applications,18992804,Graphene research and applications,Graphene research and applications,0,2025
https://openalex.org/W2156575365,2010,Graphene-based polymer nanocomposites,graphene_2d_materials,Materials Chemistry,18992804,18992804,0,,W2156575365,10.1016/j.polymer.2010.11.042,3094,298,openalex_v3_anchor_citer,0,,strict,Graphene research and applications,18992804,Graphene research and applications,Graphene research and applications,0,2025
https://openalex.org/W2015673981,2009,Synthesis of N-Doped Graphene by Chemical Vapor Deposition and Its Electrical Properties,graphene_2d_materials,Materials Chemistry,18992804,18992804,0,,W2015673981,10.1021/nl803279t,3071,73,openalex_v3_anchor_citer,0,,strict,Graphene research and applications,18992804,Graphene research and applications,Graphene research and applications,0,2025
https://openalex.org/W2077263179,2009,Transfer of Large-Area Graphene Films for High-Performance Transparent Conductive Electrodes,graphene_2d_materials,Materials Chemistry,18992804,18992804,0,,W2077263179,10.1021/nl902623y,3071,38,openalex_v3_anchor_citer,0,,strict,Graphene research and applications,18992804,Graphene research and applications,Graphene research and applications,0,2025
https://openalex.org/W2051105944,2009,Ultrafast graphene photodetector,graphene_2d_materials,Materials Chemistry,18992804,18992804,0,,W2051105944,10.1038/nnano.2009.292,3066,35,openalex_v3_anchor_citer,0,,strict,Graphene research and applications,18992804,Graphene research and applications,Graphene research and applications,0,2025
https://openalex.org/W2024227324,2014,"Science and technology roadmap for graphene, related two-dimensional crystals, and hybrid systems",graphene_2d_materials,Materials Chemistry,18992804,18992804,0,,W2024227324,10.1039/c4nr01600a,3019,2270,openalex_v3_anchor_citer,0,,strict,Graphene research and applications,18992804,Graphene research and applications,Graphene research and applications,0,2025
https://openalex.org/W2006105172,2014,Two-dimensional material nanophotonics,graphene_2d_materials,Materials Chemistry,19026997,19026997,0,,W2006105172,10.1038/nphoton.2014.271,3013,127,openalex_v3_anchor_citer,0,,strict,2D Materials and Applications,19026997,2D Materials and Applications,2D Materials and Applications,0,2025
https://openalex.org/W2081870623,2011,Carbon Materials for Chemical Capacitive Energy Storage,graphene_2d_materials,"Electronic, Optical and Magnetic Materials",19009840,19009840,0,,W2081870623,10.1002/adma.201100984,2931,246,openalex_v3_anchor_citer,0,,strict,Supercapacitor Materials and Fabrication,19009840,Supercapacitor Materials and Fabrication,Supercapacitor Materials and Fabrication,0,2025
https://openalex.org/W1976133755,2008,Dyadic Green’s functions and guided surface waves for a surface conductivity model of graphene,graphene_2d_materials,Materials Chemistry,18992804,18992804,0,,W1976133755,10.1063/1.2891452,2905,28,openalex_v3_anchor_citer,0,,strict,Graphene research and applications,18992804,Graphene research and applications,Graphene research and applications,0,2025
https://openalex.org/W2109966590,2011,"Antibacterial Activity of Graphite, Graphite Oxide, Graphene Oxide, and Reduced Graphene Oxide: Membrane and Oxidative Stress",graphene_2d_materials,Biomedical Engineering,23591170,23591170,0,,W2109966590,10.1021/nn202451x,2903,44,openalex_v3_anchor_citer,0,,strict,Graphene and Nanomaterials Applications,23591170,Graphene and Nanomaterials Applications,Graphene and Nanomaterials Applications,0,2025
https://openalex.org/W2028157562,2008,Large Reversible Li Storage of Graphene Nanosheet Families for Use in Rechargeable Lithium Ion Batteries,graphene_2d_materials,Materials Chemistry,18992804,18992804,0,,W2028157562,10.1021/nl800957b,2897,31,openalex_v3_anchor_citer,0,,strict,Graphene research and applications,18992804,Graphene research and applications,Graphene research and applications,0,2025
https://openalex.org/W2258661450,2016,Review on supercapacitors: Technologies and materials,graphene_2d_materials,"Electronic, Optical and Magnetic Materials",19009840,19009840,0,,W2258661450,10.1016/j.rser.2015.12.249,2886,191,openalex_v3_anchor_citer,0,,strict,Supercapacitor Materials and Fabrication,19009840,Supercapacitor Materials and Fabrication,Supercapacitor Materials and Fabrication,0,2025
https://openalex.org/W2017611256,2009,Hydrothermal Route for Cutting Graphene Sheets into Blue‐Luminescent Graphene Quantum Dots,graphene_2d_materials,Materials Chemistry,21291853,21291853,0,,W2017611256,10.1002/adma.200902825,2836,31,openalex_v3_anchor_citer,0,,strict,Carbon and Quantum Dots Applications,21291853,Carbon and Quantum Dots Applications,Carbon and Quantum Dots Applications,0,2025
https://openalex.org/W2000105557,2009,Enhanced Mechanical Properties of Nanocomposites at Low Graphene Content,graphene_2d_materials,Materials Chemistry,18992674,18992674,0,,W2000105557,10.1021/nn9010472,2835,27,openalex_v3_anchor_citer,0,,strict,Carbon Nanotubes in Composites,18992674,Carbon Nanotubes in Composites,Carbon Nanotubes in Composites,0,2025
https://openalex.org/W2129479958,2010,"Graphene Oxide, Highly Reduced Graphene Oxide, and Graphene: Versatile Building Blocks for Carbon‐Based Materials",graphene_2d_materials,Materials Chemistry,18992804,18992804,0,,W2129479958,10.1002/smll.200901934,2803,119,openalex_v3_anchor_citer,0,,strict,Graphene research and applications,18992804,Graphene research and applications,Graphene research and applications,0,2025
https://openalex.org/W2157068203,2012,"Carbon nanodots: synthesis, properties and applications",graphene_2d_materials,Materials Chemistry,21291853,21291853,0,,W2157068203,10.1039/c2jm34690g,2795,180,openalex_v3_anchor_citer,0,,strict,Carbon and Quantum Dots Applications,21291853,Carbon and Quantum Dots Applications,Carbon and Quantum Dots Applications,0,2025
https://openalex.org/W1967883617,2010,Architecture of graphdiyne nanoscale films,graphene_2d_materials,Materials Chemistry,18992804,18992804,0,,W1967883617,10.1039/b922733d,2789,20,openalex_v3_anchor_citer,0,,strict,Graphene research and applications,18992804,Graphene research and applications,Graphene research and applications,0,2025
https://openalex.org/W2056355037,2008,Graphene Oxide Dispersions in Organic Solvents,graphene_2d_materials,Materials Chemistry,18992804,18992804,0,,W2056355037,10.1021/la801744a,2770,37,openalex_v3_anchor_citer,0,,strict,Graphene research and applications,18992804,Graphene research and applications,Graphene research and applications,0,2025
https://openalex.org/W2040077883,2014,Emerging Device Applications for Semiconducting Two-Dimensional Transition Metal Dichalcogenides,graphene_2d_materials,Materials Chemistry,19026997,19026997,0,,W2040077883,10.1021/nn500064s,2752,267,openalex_v3_anchor_citer,0,,strict,2D Materials and Applications,19026997,2D Materials and Applications,2D Materials and Applications,0,2025
https://openalex.org/W2570166109,2017,Recent development of two-dimensional transition metal dichalcogenides and their applications,graphene_2d_materials,Materials Chemistry,19026997,19026997,0,,W2570166109,10.1016/j.mattod.2016.10.002,2723,165,openalex_v3_query_core,0,,strict,2D Materials and Applications,19026997,2D Materials and Applications,2D Materials and Applications,0,2025
https://openalex.org/W2475096219,2016,Van der Waals heterostructures and devices,graphene_2d_materials,Materials Chemistry,19026997,19026997,0,,W2475096219,10.1038/natrevmats.2016.42,2721,191,openalex_v3_anchor_citer,0,,strict,2D Materials and Applications,19026997,2D Materials and Applications,2D Materials and Applications,0,2025
https://openalex.org/W2025282879,2011,Graphene-based semiconductor photocatalysts,graphene_2d_materials,"Renewable Energy, Sustainability and the Environment",18992678,18992678,0,,W2025282879,10.1039/c1cs15172j,2715,172,openalex_v3_anchor_citer,0,,strict,Advanced Photocatalysis Techniques,18992678,Advanced Photocatalysis Techniques,Advanced Photocatalysis Techniques,0,2025
https://openalex.org/W2124030055,2008,Synthesis of Water Soluble Graphene,graphene_2d_materials,Materials Chemistry,18992804,18992804,0,,W2124030055,10.1021/nl080604h,2704,26,openalex_v3_anchor_citer,0,,strict,Graphene research and applications,18992804,Graphene research and applications,Graphene research and applications,0,2025
https://openalex.org/W2058957873,2007,Graphenes as Potential Material for Electronics,graphene_2d_materials,Materials Chemistry,18992804,18992804,0,,W2058957873,10.1021/cr068010r,2694,198,openalex_v3_anchor_citer,0,,strict,Graphene research and applications,18992804,Graphene research and applications,Graphene research and applications,0,2025
https://openalex.org/W2003070696,2011,Graphene Plasmonics: A Platform for Strong Light–Matter Interactions,graphene_2d_materials,Biomedical Engineering,19027259,19027259,0,,W2003070696,10.1021/nl201771h,2687,61,openalex_v3_anchor_citer,0,,strict,Plasmonic and Surface Plasmon Research,19027259,Plasmonic and Surface Plasmon Research,Plasmonic and Surface Plasmon Research,0,2025
https://openalex.org/W1985530487,2012,KOH activation of carbon-based materials for energy storage,graphene_2d_materials,"Electronic, Optical and Magnetic Materials",19009840,19009840,0,,W1985530487,10.1039/c2jm34066f,2670,117,openalex_v3_anchor_citer,0,,strict,Supercapacitor Materials and Fabrication,19009840,Supercapacitor Materials and Fabrication,Supercapacitor Materials and Fabrication,0,2025
https://openalex.org/W2049965679,2014,The role of graphene for electrochemical energy storage,graphene_2d_materials,Electrical and Electronic Engineering,18991892,18991892,0,,W2049965679,10.1038/nmat4170,2653,98,openalex_v3_anchor_citer,0,,strict,Advancements in Battery Materials,18991892,Advancements in Battery Materials,Advancements in Battery Materials,0,2025
https://openalex.org/W2104029981,2011,Stretching and Breaking of Ultrathin MoS<sub>2</sub>,graphene_2d_materials,Materials Chemistry,18992804,18992804,0,,W2104029981,10.1021/nn203879f,2636,43,openalex_v3_anchor_citer,0,,strict,Graphene research and applications,18992804,Graphene research and applications,Graphene research and applications,0,2025
https://openalex.org/W2135522286,2015,Recent Advances in Two-Dimensional Materials beyond Graphene,graphene_2d_materials,Materials Chemistry,19026997,19026997,0,,W2135522286,10.1021/acsnano.5b05556,2626,440,openalex_v3_anchor_citer,0,,strict,2D Materials and Applications,19026997,2D Materials and Applications,2D Materials and Applications,0,2025
https://openalex.org/W2106298613,2008,Doping Graphene with Metal Contacts,graphene_2d_materials,Materials Chemistry,18992804,18992804,0,,W2106298613,10.1103/physrevlett.101.026803,2596,25,openalex_v3_anchor_citer,0,,strict,Graphene research and applications,18992804,Graphene research and applications,Graphene research and applications,0,2025
https://openalex.org/W2793543443,2018,Gate-tunable room-temperature ferromagnetism in two-dimensional Fe3GeTe2,graphene_2d_materials,Materials Chemistry,19026997,19026997,0,,W2793543443,10.1038/s41586-018-0626-9,2579,97,openalex_v3_anchor_citer,0,,strict,2D Materials and Applications,19026997,2D Materials and Applications,2D Materials and Applications,0,2025
https://openalex.org/W2098269095,2013,Strong Light-Matter Interactions in Heterostructures of Atomically Thin Films,graphene_2d_materials,Materials Chemistry,19026997,19026997,0,,W2098269095,10.1126/science.1235547,2564,57,openalex_v3_anchor_citer,0,,strict,2D Materials and Applications,19026997,2D Materials and Applications,2D Materials and Applications,0,2025
https://openalex.org/W2139393388,2011,"Graphene‐Based Materials: Synthesis, Characterization, Properties, and Applications",graphene_2d_materials,Materials Chemistry,18992804,18992804,0,,W2139393388,10.1002/smll.201002009,2551,525,openalex_v3_anchor_citer,0,,strict,Graphene research and applications,18992804,Graphene research and applications,Graphene research and applications,0,2025
https://openalex.org/W2152754138,2014,Supercapacitor electrode materials: nanostructures from 0 to 3 dimensions,graphene_2d_materials,"Electronic, Optical and Magnetic Materials",19009840,19009840,0,,W2152754138,10.1039/c4ee03229b,2542,250,openalex_v3_query_core,0,,strict,Supercapacitor Materials and Fabrication,19009840,Supercapacitor Materials and Fabrication,Supercapacitor Materials and Fabrication,0,2025
https://openalex.org/W2022506474,2009,Supercapacitor Devices Based on Graphene Materials,graphene_2d_materials,"Electronic, Optical and Magnetic Materials",19009840,19009840,0,,W2022506474,10.1021/jp902214f,2538,44,openalex_v3_anchor_citer,0,,strict,Supercapacitor Materials and Fabrication,19009840,Supercapacitor Materials and Fabrication,Supercapacitor Materials and Fabrication,0,2025
https://openalex.org/W2736441330,2017,Mechanical properties of graphene and graphene-based nanocomposites,graphene_2d_materials,Materials Chemistry,18992804,18992804,0,,W2736441330,10.1016/j.pmatsci.2017.07.004,2534,517,openalex_v3_anchor_citer,0,,strict,Graphene research and applications,18992804,Graphene research and applications,Graphene research and applications,0,2025
https://openalex.org/W2125631448,2007,Spatially Resolved Raman Spectroscopy of Single- and Few-Layer Graphene,graphene_2d_materials,Materials Chemistry,18992804,18992804,0,,W2125631448,10.1021/nl061702a,2518,20,openalex_v3_anchor_citer,0,,strict,Graphene research and applications,18992804,Graphene research and applications,Graphene research and applications,0,2025
https://openalex.org/W2146349866,2014,Earth-abundant cocatalysts for semiconductor-based photocatalytic water splitting,graphene_2d_materials,"Renewable Energy, Sustainability and the Environment",18992678,18992678,0,,W2146349866,10.1039/c3cs60425j,2498,228,openalex_v3_anchor_citer,0,,strict,Advanced Photocatalysis Techniques,18992678,Advanced Photocatalysis Techniques,Advanced Photocatalysis Techniques,0,2025
https://openalex.org/W1986980084,2007,Carbon-based electronics,graphene_2d_materials,Materials Chemistry,18992674,18992674,0,,W1986980084,10.1038/nnano.2007.300,2497,109,openalex_v3_anchor_citer,0,,strict,Carbon Nanotubes in Composites,18992674,Carbon Nanotubes in Composites,Carbon Nanotubes in Composites,0,2025
https://openalex.org/W1979345035,2010,Graphene photodetectors for high-speed optical communications,graphene_2d_materials,Electrical and Electronic Engineering,19027263,19027263,0,,W1979345035,10.1038/nphoton.2010.40,2458,38,openalex_v3_anchor_citer,0,,strict,Photonic and Optical Devices,19027263,Photonic and Optical Devices,Photonic and Optical Devices,0,2025
https://openalex.org/W2889615184,2010,Graphene Anchored with Co<sub>3</sub>O<sub>4</sub> Nanoparticles as Anode of Lithium Ion Batteries with Enhanced Reversible Capacity and Cyclic Performance,graphene_2d_materials,Electrical and Electronic Engineering,18991892,18991892,0,,W2889615184,10.1021/nn100740x,2439,58,openalex_v3_anchor_citer,0,,strict,Advancements in Battery Materials,18991892,Advancements in Battery Materials,Advancements in Battery Materials,0,2025
https://openalex.org/W2024276736,2011,Highly Efficient Visible-Light-Driven Photocatalytic Hydrogen Production of CdS-Cluster-Decorated Graphene Nanosheets,graphene_2d_materials,"Renewable Energy, Sustainability and the Environment",18992678,18992678,0,,W2024276736,10.1021/ja2025454,2439,49,openalex_v3_anchor_citer,0,,strict,Advanced Photocatalysis Techniques,18992678,Advanced Photocatalysis Techniques,Advanced Photocatalysis Techniques,0,2025
https://openalex.org/W4229601930,2009,Narrow graphene nanoribbons from carbon nanotubes,graphene_2d_materials,Materials Chemistry,18992804,18992804,0,,W4229601930,10.1038/nature07919,2422,29,openalex_v3_anchor_citer,0,,strict,Graphene research and applications,18992804,Graphene research and applications,Graphene research and applications,0,2025
https://openalex.org/W2331460309,2016,"Noncovalent Functionalization of Graphene and Graphene Oxide for Energy Materials, Biosensing, Catalytic, and Biomedical Applications",graphene_2d_materials,Materials Chemistry,18992804,18992804,0,,W2331460309,10.1021/acs.chemrev.5b00620,2421,449,openalex_v3_anchor_citer,0,,strict,Graphene research and applications,18992804,Graphene research and applications,Graphene research and applications,0,2025
https://openalex.org/W2113674800,2007,Substrate-induced bandgap opening in epitaxial graphene,graphene_2d_materials,Materials Chemistry,18992804,18992804,0,,W2113674800,10.1038/nmat2003,2383,36,openalex_v3_anchor_citer,0,,strict,Graphene research and applications,18992804,Graphene research and applications,Graphene research and applications,0,2025
https://openalex.org/W2112304948,2007,Electronic Transport Properties of Individual Chemically Reduced Graphene Oxide Sheets,graphene_2d_materials,Materials Chemistry,18992804,18992804,0,,W2112304948,10.1021/nl072090c,2379,29,openalex_v3_anchor_citer,0,,strict,Graphene research and applications,18992804,Graphene research and applications,Graphene research and applications,0,2025
https://openalex.org/W1999585120,2013,"25th Anniversary Article: The Evolution of Electronic Skin (E‐Skin): A Brief History, Design Considerations, and Recent Progress",graphene_2d_materials,Biomedical Engineering,19043637,19043637,0,,W1999585120,10.1002/adma.201302240,2366,652,openalex_v3_anchor_citer,0,,strict,Advanced Sensor and Energy Harvesting Materials,19043637,Advanced Sensor and Energy Harvesting Materials,Advanced Sensor and Energy Harvesting Materials,0,2025
https://openalex.org/W2299947148,2015,Metal-Free Catalysts for Oxygen Reduction Reaction,graphene_2d_materials,"Renewable Energy, Sustainability and the Environment",18992146,18992146,0,,W2299947148,10.1021/cr5003563,2360,535,openalex_v3_anchor_citer,0,,strict,Electrocatalysts for Energy Conversion,18992146,Electrocatalysts for Energy Conversion,Electrocatalysts for Energy Conversion,0,2025
https://openalex.org/W2130660680,2012,Graphene Quantum Dots Derived from Carbon Fibers,graphene_2d_materials,Materials Chemistry,21291853,21291853,0,,W2130660680,10.1021/nl2038979,2343,47,openalex_v3_anchor_citer,0,,strict,Carbon and Quantum Dots Applications,21291853,Carbon and Quantum Dots Applications,Carbon and Quantum Dots Applications,0,2025
https://openalex.org/W1779039046,2014,Layer-controlled band gap and anisotropic excitons in few-layer black phosphorus,graphene_2d_materials,Materials Chemistry,19026997,19026997,0,,W1779039046,10.1103/physrevb.89.235319,2337,36,openalex_v3_anchor_citer,0,,strict,2D Materials and Applications,19026997,2D Materials and Applications,2D Materials and Applications,0,2025
https://openalex.org/W2148144129,2008,Epitaxial graphene on ruthenium,graphene_2d_materials,Materials Chemistry,18992804,18992804,0,,W2148144129,10.1038/nmat2166,2333,40,openalex_v3_anchor_citer,0,,strict,Graphene research and applications,18992804,Graphene research and applications,Graphene research and applications,0,2025
https://openalex.org/W2084350317,2009,A Green Approach to the Synthesis of Graphene Nanosheets,graphene_2d_materials,Materials Chemistry,18992804,18992804,0,,W2084350317,10.1021/nn900227d,2321,43,openalex_v3_anchor_citer,0,,strict,Graphene research and applications,18992804,Graphene research and applications,Graphene research and applications,0,2025
https://openalex.org/W2237953221,2014,"Discovery of a Three-Dimensional Topological Dirac Semimetal, Na <sub>3</sub> Bi",graphene_2d_materials,"Atomic and Molecular Physics, and Optics",19095381,19095381,0,,W2237953221,10.1126/science.1245085,2318,41,openalex_v3_anchor_citer,0,,strict,Topological Materials and Phenomena,19095381,Topological Materials and Phenomena,Topological Materials and Phenomena,0,2025
https://openalex.org/W1968365176,2009,Reduction of graphene oxide via<scp>l</scp>-ascorbic acid,graphene_2d_materials,Materials Chemistry,18992804,18992804,0,,W1968365176,10.1039/b917705a,2315,29,openalex_v3_anchor_citer,0,,strict,Graphene research and applications,18992804,Graphene research and applications,Graphene research and applications,0,2025
https://openalex.org/W2091587267,2010,Boron Nitride Nanotubes and Nanosheets,graphene_2d_materials,Materials Chemistry,18992804,18992804,0,,W2091587267,10.1021/nn1006495,2315,147,openalex_v3_anchor_citer,0,,strict,Graphene research and applications,18992804,Graphene research and applications,Graphene research and applications,0,2025
https://openalex.org/W2292770293,2016,Catalysis with two-dimensional materials and their heterostructures,graphene_2d_materials,"Renewable Energy, Sustainability and the Environment",18992678,18992678,0,,W2292770293,10.1038/nnano.2015.340,2281,160,openalex_v3_anchor_citer,0,,strict,Advanced Photocatalysis Techniques,18992678,Advanced Photocatalysis Techniques,Advanced Photocatalysis Techniques,0,2025
https://openalex.org/W2107432007,2014,Ultrafast charge transfer in atomically thin MoS2/WS2 heterostructures,graphene_2d_materials,Materials Chemistry,19026997,19026997,0,,W2107432007,10.1038/nnano.2014.167,2272,43,openalex_v3_query_core,0,,strict,2D Materials and Applications,19026997,2D Materials and Applications,2D Materials and Applications,0,2025
https://openalex.org/W1544171083,2004,Electronic structure basic theory and practical methods,graphene_2d_materials,"Atomic and Molecular Physics, and Optics",18991755,18991755,0,,W1544171083,10.1017/9781108555586,2271,679,openalex_v3_anchor_citer,0,,strict,Advanced Chemical Physics Studies,18991755,Advanced Chemical Physics Studies,Advanced Chemical Physics Studies,0,2025
https://openalex.org/W2059115869,2007,Valley-Contrasting Physics in Graphene: Magnetic Moment and Topological Transport,graphene_2d_materials,Materials Chemistry,18992804,18992804,0,,W2059115869,10.1103/physrevlett.99.236809,2259,34,openalex_v3_anchor_citer,0,,strict,Graphene research and applications,18992804,Graphene research and applications,Graphene research and applications,0,2025
https://openalex.org/W2052024521,2010,Chemically Derived Graphene Oxide: Towards Large‐Area Thin‐Film Electronics and Optoelectronics,graphene_2d_materials,Materials Chemistry,18992804,18992804,0,,W2052024521,10.1002/adma.200903689,2255,274,openalex_v3_anchor_citer,0,,strict,Graphene research and applications,18992804,Graphene research and applications,Graphene research and applications,0,2025
https://openalex.org/W2020306845,2009,Liquid Phase Production of Graphene by Exfoliation of Graphite in Surfactant/Water Solutions,graphene_2d_materials,Materials Chemistry,18992804,18992804,0,,W2020306845,10.1021/ja807449u,2250,36,openalex_v3_anchor_citer,0,,strict,Graphene research and applications,18992804,Graphene research and applications,Graphene research and applications,0,2025
https://openalex.org/W2079851049,2013,Synthesis of MoS<sub>2</sub> and MoSe<sub>2</sub> Films with Vertically Aligned Layers,graphene_2d_materials,Materials Chemistry,19026997,19026997,0,,W2079851049,10.1021/nl400258t,2234,65,openalex_v3_anchor_citer,0,,strict,2D Materials and Applications,19026997,2D Materials and Applications,2D Materials and Applications,0,2025
https://openalex.org/W2118225223,2010,Atomic layers of hybridized boron nitride and graphene domains,graphene_2d_materials,Materials Chemistry,18992804,18992804,0,,W2118225223,10.1038/nmat2711,2227,38,openalex_v3_anchor_citer,0,,strict,Graphene research and applications,18992804,Graphene research and applications,Graphene research and applications,0,2025
https://openalex.org/W2042087808,2010,Supercapacitors Based on Flexible Graphene/Polyaniline Nanofiber Composite Films,graphene_2d_materials,"Electronic, Optical and Magnetic Materials",19009840,19009840,0,,W2042087808,10.1021/nn1000035,2225,67,openalex_v3_anchor_citer,0,,strict,Supercapacitor Materials and Fabrication,19009840,Supercapacitor Materials and Fabrication,Supercapacitor Materials and Fabrication,0,2025
https://openalex.org/W2030460019,2012,"Are MXenes Promising Anode Materials for Li Ion Batteries? Computational Studies on Electronic Properties and Li Storage Capability of Ti<sub>3</sub>C<sub>2</sub> and Ti<sub>3</sub>C<sub>2</sub>X<sub>2</sub> (X = F, OH) Monolayer",graphene_2d_materials,Materials Chemistry,23488465,23488465,0,,W2030460019,10.1021/ja308463r,2214,64,openalex_v3_anchor_citer,0,,strict,MXene and MAX Phase Materials,23488465,MXene and MAX Phase Materials,MXene and MAX Phase Materials,0,2025
https://openalex.org/W2017751495,2013,Recent Advances in Design and Fabrication of Electrochemical Supercapacitors with High Energy Densities,graphene_2d_materials,"Electronic, Optical and Magnetic Materials",19009840,19009840,0,,W2017751495,10.1002/aenm.201300816,2203,497,openalex_v3_anchor_citer,0,,strict,Supercapacitor Materials and Fabrication,19009840,Supercapacitor Materials and Fabrication,Supercapacitor Materials and Fabrication,0,2025
https://openalex.org/W2013739204,2011,"Emerging Transparent Electrodes Based on Thin Films of Carbon Nanotubes, Graphene, and Metallic Nanostructures",graphene_2d_materials,Biomedical Engineering,19043637,19043637,0,,W2013739204,10.1002/adma.201003188,2195,263,openalex_v3_anchor_citer,0,,strict,Advanced Sensor and Energy Harvesting Materials,19043637,Advanced Sensor and Energy Harvesting Materials,Advanced Sensor and Energy Harvesting Materials,0,2025
https://openalex.org/W2166057940,2009,Monolayer honeycomb structures of group-IV elements and III-V binary compounds: First-principles calculations,graphene_2d_materials,Materials Chemistry,18992804,18992804,0,,W2166057940,10.1103/physrevb.80.155453,2194,82,openalex_v3_anchor_citer,0,,strict,Graphene research and applications,18992804,Graphene research and applications,Graphene research and applications,0,2025
https://openalex.org/W2036077422,2009,Plasmonics in graphene at infrared frequencies,graphene_2d_materials,Materials Chemistry,18992804,18992804,0,,W2036077422,10.1103/physrevb.80.245435,2151,42,openalex_v3_anchor_citer,0,,strict,Graphene research and applications,18992804,Graphene research and applications,Graphene research and applications,0,2025
https://openalex.org/W1969637192,2009,N-Doping of Graphene Through Electrothermal Reactions with Ammonia,graphene_2d_materials,Materials Chemistry,18992804,18992804,0,,W1969637192,10.1126/science.1170335,2150,26,openalex_v3_anchor_citer,0,,strict,Graphene research and applications,18992804,Graphene research and applications,Graphene research and applications,0,2025
https://openalex.org/W2340744176,2015,Ultrathin Two-Dimensional Nanomaterials,graphene_2d_materials,Materials Chemistry,18992804,18992804,0,,W2340744176,10.1021/acsnano.5b05040,2131,187,openalex_v3_anchor_citer,0,,strict,Graphene research and applications,18992804,Graphene research and applications,Graphene research and applications,0,2025
https://openalex.org/W2016383440,2013,New Two-Dimensional Niobium and Vanadium Carbides as Promising Materials for Li-Ion Batteries,graphene_2d_materials,Materials Chemistry,23488465,23488465,0,,W2016383440,10.1021/ja405735d,2111,26,openalex_v3_anchor_citer,0,,strict,MXene and MAX Phase Materials,23488465,MXene and MAX Phase Materials,MXene and MAX Phase Materials,0,2025
https://openalex.org/W2302202742,2015,"Broad Family of Carbon Nanoallotropes: Classification, Chemistry, and Applications of Fullerenes, Carbon Dots, Nanotubes, Graphene, Nanodiamonds, and Combined Superstructures",graphene_2d_materials,Materials Chemistry,18992804,18992804,0,,W2302202742,10.1021/cr500304f,2101,893,openalex_v3_anchor_citer,0,,strict,Graphene research and applications,18992804,Graphene research and applications,Graphene research and applications,0,2025
https://openalex.org/W2135926269,2012,Optical nano-imaging of gate-tunable graphene plasmons,graphene_2d_materials,Biomedical Engineering,19027259,19027259,0,,W2135926269,10.1038/nature11254,2094,44,openalex_v3_anchor_citer,0,,strict,Plasmonic and Surface Plasmon Research,19027259,Plasmonic and Surface Plasmon Research,Plasmonic and Surface Plasmon Research,0,2025
https://openalex.org/W1990589060,2008,Facile Synthesis and Characterization of Graphene Nanosheets,graphene_2d_materials,Materials Chemistry,18992804,18992804,0,,W1990589060,10.1021/jp710931h,2080,25,openalex_v3_anchor_citer,0,,strict,Graphene research and applications,18992804,Graphene research and applications,Graphene research and applications,0,2025
https://openalex.org/W2078817444,2008,Extremely high thermal conductivity of graphene: Prospects for thermal management applications in nanoelectronic circuits,graphene_2d_materials,Materials Chemistry,18992804,18992804,0,,W2078817444,10.1063/1.2907977,2080,39,openalex_v3_anchor_citer,0,,strict,Graphene research and applications,18992804,Graphene research and applications,Graphene research and applications,0,2025
https://openalex.org/W2141774548,2010,Searching for better plasmonic materials,graphene_2d_materials,Biomedical Engineering,19027259,19027259,0,,W2141774548,10.1002/lpor.200900055,2078,155,openalex_v3_anchor_citer,0,,strict,Plasmonic and Surface Plasmon Research,19027259,Plasmonic and Surface Plasmon Research,Plasmonic and Surface Plasmon Research,0,2025
https://openalex.org/W3037850448,2008,Anderson transitions,graphene_2d_materials,"Atomic and Molecular Physics, and Optics",19095381,19095381,0,,W3037850448,10.1103/revmodphys.80.1355,2069,361,openalex_v3_anchor_citer,0,,strict,Topological Materials and Phenomena,19095381,Topological Materials and Phenomena,Topological Materials and Phenomena,0,2025
https://openalex.org/W2126671291,2011,Doped Graphene Sheets As Anode Materials with Superhigh Rate and Large Capacity for Lithium Ion Batteries,graphene_2d_materials,Electrical and Electronic Engineering,18991892,18991892,0,,W2126671291,10.1021/nn2006249,2068,50,openalex_v3_anchor_citer,0,,strict,Advancements in Battery Materials,18991892,Advancements in Battery Materials,Advancements in Battery Materials,0,2025
https://openalex.org/W2028260084,2006,Landau-Level Degeneracy and Quantum Hall Effect in a Graphite Bilayer,graphene_2d_materials,Materials Chemistry,18992804,18992804,0,,W2028260084,10.1103/physrevlett.96.086805,2067,27,openalex_v3_anchor_citer,0,,strict,Graphene research and applications,18992804,Graphene research and applications,Graphene research and applications,0,2025
https://openalex.org/W1980451122,2018,<i>Colloquium</i>: Excitons in atomically thin transition metal dichalcogenides,graphene_2d_materials,Materials Chemistry,19026997,19026997,0,,W1980451122,10.1103/revmodphys.90.021001,2054,307,openalex_v3_anchor_citer,0,,strict,2D Materials and Applications,19026997,2D Materials and Applications,2D Materials and Applications,0,2025
https://openalex.org/W2115568341,2009,A Graphene Platform for Sensing Biomolecules,graphene_2d_materials,Molecular Biology,19026082,19026082,0,,W2115568341,10.1002/anie.200901479,2044,21,openalex_v3_anchor_citer,0,,strict,Advanced biosensing and bioanalysis techniques,19026082,Advanced biosensing and bioanalysis techniques,Advanced biosensing and bioanalysis techniques,0,2025
https://openalex.org/W2089608912,2014,Quantum spin Hall effect in two-dimensional transition metal dichalcogenides,graphene_2d_materials,"Atomic and Molecular Physics, and Optics",19095381,19095381,0,,W2089608912,10.1126/science.1256815,2044,74,openalex_v3_anchor_citer,0,,strict,Topological Materials and Phenomena,19095381,Topological Materials and Phenomena,Topological Materials and Phenomena,0,2025
https://openalex.org/W2139492972,2013,Extraordinary Sunlight Absorption and One Nanometer Thick Photovoltaics Using Two-Dimensional Monolayer Materials,graphene_2d_materials,Materials Chemistry,19026997,19026997,0,,W2139492972,10.1021/nl401544y,2035,37,openalex_v3_anchor_citer,0,,strict,2D Materials and Applications,19026997,2D Materials and Applications,2D Materials and Applications,0,2025
https://openalex.org/W2020694967,2008,"Mechanically Strong, Electrically Conductive, and Biocompatible Graphene Paper",graphene_2d_materials,Materials Chemistry,18992804,18992804,0,,W2020694967,10.1002/adma.200800757,2027,38,openalex_v3_anchor_citer,0,,strict,Graphene research and applications,18992804,Graphene research and applications,Graphene research and applications,0,2025
https://openalex.org/W2113467957,2007,Biased Bilayer Graphene: Semiconductor with a Gap Tunable by the Electric Field Effect,graphene_2d_materials,Materials Chemistry,18992804,18992804,0,,W2113467957,10.1103/physrevlett.99.216802,2019,14,openalex_v3_anchor_citer,0,,strict,Graphene research and applications,18992804,Graphene research and applications,Graphene research and applications,0,2025
https://openalex.org/W2169419554,2013,"Metal dichalcogenide nanosheets: preparation, properties and applications",graphene_2d_materials,Materials Chemistry,19026997,19026997,0,,W2169419554,10.1039/c2cs35387c,2018,78,openalex_v3_anchor_citer,0,,strict,2D Materials and Applications,19026997,2D Materials and Applications,2D Materials and Applications,0,2025
https://openalex.org/W2784368966,2018,Raman spectroscopy of graphene-based materials and its applications in related devices,graphene_2d_materials,Materials Chemistry,18992804,18992804,0,,W2784368966,10.1039/c6cs00915h,2017,466,openalex_v3_anchor_citer,0,,strict,Graphene research and applications,18992804,Graphene research and applications,Graphene research and applications,0,2025
https://openalex.org/W2169767991,2006,Graphene: carbon in two dimensions,graphene_2d_materials,Materials Chemistry,18992804,18992804,0,,W2169767991,10.1016/s1369-7021(06)71788-6,2011,58,openalex_v3_anchor_citer,0,,strict,Graphene research and applications,18992804,Graphene research and applications,Graphene research and applications,0,2025
https://openalex.org/W2790188621,2018,Emerging Two-Dimensional Nanomaterials for Electrocatalysis,graphene_2d_materials,"Renewable Energy, Sustainability and the Environment",18992678,18992678,0,,W2790188621,10.1021/acs.chemrev.7b00689,2011,607,openalex_v3_anchor_citer,0,,strict,Advanced Photocatalysis Techniques,18992678,Advanced Photocatalysis Techniques,Advanced Photocatalysis Techniques,0,2025
https://openalex.org/W1999379777,2010,Water-Dispersible Magnetite-Reduced Graphene Oxide Composites for Arsenic Removal,graphene_2d_materials,Materials Chemistry,18992804,18992804,0,,W1999379777,10.1021/nn1008897,1991,48,openalex_v3_anchor_citer,0,,strict,Graphene research and applications,18992804,Graphene research and applications,Graphene research and applications,0,2025
https://openalex.org/W2029332976,2010,Graphene-Based Antibacterial Paper,graphene_2d_materials,Biomedical Engineering,23591170,23591170,0,,W2029332976,10.1021/nn101097v,1987,50,openalex_v3_anchor_citer,0,,strict,Graphene and Nanomaterials Applications,23591170,Graphene and Nanomaterials Applications,Graphene and Nanomaterials Applications,0,2025
https://openalex.org/W1999594918,2012,"Graphene Photonics, Plasmonics, and Broadband Optoelectronic Devices",graphene_2d_materials,Biomedical Engineering,19027259,19027259,0,,W1999594918,10.1021/nn300989g,1983,130,openalex_v3_anchor_citer,0,,strict,Plasmonic and Surface Plasmon Research,19027259,Plasmonic and Surface Plasmon Research,Plasmonic and Surface Plasmon Research,0,2025
https://openalex.org/W1986583880,2006,Unconventional quantum Hall effect and Berry’s phase of 2π in bilayer graphene,graphene_2d_materials,Materials Chemistry,18992804,18992804,0,,W1986583880,10.1038/nphys245,1978,18,openalex_v3_anchor_citer,0,,strict,Graphene research and applications,18992804,Graphene research and applications,Graphene research and applications,0,2025
https://openalex.org/W2134564451,2009,Blue Photoluminescence from Chemically Derived Graphene Oxide,graphene_2d_materials,Materials Chemistry,18992804,18992804,0,,W2134564451,10.1002/adma.200901996,1977,40,openalex_v3_anchor_citer,0,,strict,Graphene research and applications,18992804,Graphene research and applications,Graphene research and applications,0,2025
https://openalex.org/W2147873145,2014,Deterministic transfer of two-dimensional materials by all-dry viscoelastic stamping,graphene_2d_materials,Biomedical Engineering,19043637,19043637,0,,W2147873145,10.1088/2053-1583/1/1/011002,1967,33,openalex_v3_anchor_citer,0,,strict,Advanced Sensor and Energy Harvesting Materials,19043637,Advanced Sensor and Energy Harvesting Materials,Advanced Sensor and Energy Harvesting Materials,0,2025
https://openalex.org/W3022744074,2020,"An sp-hybridized all-carboatomic ring, cyclo[18]carbon: Electronic structure, electronic spectrum, and optical nonlinearity",graphene_2d_materials,Organic Chemistry,21275353,21275353,0,,W3022744074,10.1016/j.carbon.2020.05.023,1964,47,openalex_v3_anchor_citer,0,,strict,Synthesis and Properties of Aromatic Compounds,21275353,Synthesis and Properties of Aromatic Compounds,Synthesis and Properties of Aromatic Compounds,0,2025
https://openalex.org/W2147199374,2009,"Uniaxial strain in graphene by Raman spectroscopy:<mml:math xmlns:mml=""http://www.w3.org/1998/Math/MathML"" display=""inline""><mml:mi>G</mml:mi></mml:math>peak splitting, Grüneisen parameters, and sample orientation",graphene_2d_materials,Materials Chemistry,18992804,18992804,0,,W2147199374,10.1103/physrevb.79.205433,1962,52,openalex_v3_anchor_citer,0,,strict,Graphene research and applications,18992804,Graphene research and applications,Graphene research and applications,0,2025
https://openalex.org/W2125027354,2007,A Chemical Route to Graphene for Device Applications,graphene_2d_materials,Materials Chemistry,18992804,18992804,0,,W2125027354,10.1021/nl0717715,1958,31,openalex_v3_anchor_citer,0,,strict,Graphene research and applications,18992804,Graphene research and applications,Graphene research and applications,0,2025
https://openalex.org/W2121761828,2013,Transport properties of two finite armchair graphene nanoribbons,graphene_2d_materials,Materials Chemistry,18992804,18992804,0,,W2121761828,10.1186/1556-276x-8-1,1957,42,openalex_v3_anchor_citer,0,,strict,Graphene research and applications,18992804,Graphene research and applications,Graphene research and applications,0,2025
https://openalex.org/W3016932526,2020,Q<scp>uantum</scp> ESPRESSO toward the exascale,graphene_2d_materials,Artificial Intelligence,19095769,19095769,0,,W3016932526,10.1063/5.0005082,1946,68,openalex_v3_query_core,0,,strict,Quantum Computing Algorithms and Architecture,19095769,Quantum Computing Algorithms and Architecture,Quantum Computing Algorithms and Architecture,0,2025
https://openalex.org/W2997242469,2019,The History of Nanoscience and Nanotechnology: From Chemical–Physical Applications to Nanomedicine,graphene_2d_materials,Molecular Biology,19026082,19026082,0,,W2997242469,10.3390/molecules25010112,1922,97,openalex_v3_anchor_citer,0,,strict,Advanced biosensing and bioanalysis techniques,19026082,Advanced biosensing and bioanalysis techniques,Advanced biosensing and bioanalysis techniques,0,2025
https://openalex.org/W2143467751,2011,Graphene based new energy materials,graphene_2d_materials,"Electronic, Optical and Magnetic Materials",19009840,19009840,0,,W2143467751,10.1039/c0ee00683a,1918,224,openalex_v3_anchor_citer,0,,strict,Supercapacitor Materials and Fabrication,19009840,Supercapacitor Materials and Fabrication,Supercapacitor Materials and Fabrication,0,2025
https://openalex.org/W3015879182,2020,Electrically Conductive Metal–Organic Frameworks,graphene_2d_materials,Inorganic Chemistry,18992938,18992938,0,,W3015879182,10.1021/acs.chemrev.9b00766,1917,275,openalex_v3_anchor_citer,0,,strict,Metal-Organic Frameworks: Synthesis and Applications,18992938,Metal-Organic Frameworks: Synthesis and Applications,Metal-Organic Frameworks: Synthesis and Applications,0,2025
https://openalex.org/W2078881104,2010,Two-Dimensional Phonon Transport in Supported Graphene,graphene_2d_materials,Materials Chemistry,18992804,18992804,0,,W2078881104,10.1126/science.1184014,1905,28,openalex_v3_anchor_citer,0,,strict,Graphene research and applications,18992804,Graphene research and applications,Graphene research and applications,0,2025
https://openalex.org/W2088034301,2014,Two-dimensional flexible nanoelectronics,graphene_2d_materials,Materials Chemistry,18992804,18992804,0,,W2088034301,10.1038/ncomms6678,1892,104,openalex_v3_query_core,0,,strict,Graphene research and applications,18992804,Graphene research and applications,Graphene research and applications,0,2025
https://openalex.org/W2070024241,2012,Chemical functionalization of graphene and its applications,graphene_2d_materials,Materials Chemistry,18992804,18992804,0,,W2070024241,10.1016/j.pmatsci.2012.03.002,1891,213,openalex_v3_anchor_citer,0,,strict,Graphene research and applications,18992804,Graphene research and applications,Graphene research and applications,0,2025
https://openalex.org/W2885167492,2018,Recent advancements in supercapacitor technology,graphene_2d_materials,"Electronic, Optical and Magnetic Materials",19009840,19009840,0,,W2885167492,10.1016/j.nanoen.2018.08.013,1855,480,openalex_v3_anchor_citer,0,,strict,Supercapacitor Materials and Fabrication,19009840,Supercapacitor Materials and Fabrication,Supercapacitor Materials and Fabrication,0,2025
https://openalex.org/W2551377153,2018,Two-dimensional materials from high-throughput computational exfoliation of experimentally known compounds,graphene_2d_materials,Materials Chemistry,19026997,19026997,0,,W2551377153,10.1038/s41565-017-0035-5,1847,79,openalex_v3_anchor_citer,0,,strict,2D Materials and Applications,19026997,2D Materials and Applications,2D Materials and Applications,0,2025
https://openalex.org/W2150782946,2013,Vapour phase growth and grain boundary structure of molybdenum disulphide atomic layers,graphene_2d_materials,Materials Chemistry,19026997,19026997,0,,W2150782946,10.1038/nmat3673,1822,66,openalex_v3_anchor_citer,0,,strict,2D Materials and Applications,19026997,2D Materials and Applications,2D Materials and Applications,0,2025
https://openalex.org/W2147624032,2011,Graphene/metal oxide composite electrode materials for energy storage,graphene_2d_materials,Electrical and Electronic Engineering,18991892,18991892,0,,W2147624032,10.1016/j.nanoen.2011.11.001,1821,197,openalex_v3_anchor_citer,0,,strict,Advancements in Battery Materials,18991892,Advancements in Battery Materials,Advancements in Battery Materials,0,2025
https://openalex.org/W2121730809,2013,"Doping carbons beyond nitrogen: an overview of advanced heteroatom doped carbons with boron, sulphur and phosphorus for energy applications",graphene_2d_materials,"Renewable Energy, Sustainability and the Environment",18992146,18992146,0,,W2121730809,10.1039/c3ee41444b,1818,166,openalex_v3_anchor_citer,0,,strict,Electrocatalysts for Energy Conversion,18992146,Electrocatalysts for Energy Conversion,Electrocatalysts for Energy Conversion,0,2025
https://openalex.org/W2160842288,2010,Frictional Characteristics of Atomically Thin Sheets,graphene_2d_materials,"Atomic and Molecular Physics, and Optics",19146467,19146467,0,,W2160842288,10.1126/science.1184167,1802,30,openalex_v3_anchor_citer,0,,strict,Force Microscopy Techniques and Applications,19146467,Force Microscopy Techniques and Applications,Force Microscopy Techniques and Applications,0,2025
https://openalex.org/W2176009997,2015,Electrical contacts to two-dimensional semiconductors,graphene_2d_materials,Materials Chemistry,19026997,19026997,0,,W2176009997,10.1038/nmat4452,1801,142,openalex_v3_anchor_citer,0,,strict,2D Materials and Applications,19026997,2D Materials and Applications,2D Materials and Applications,0,2025
https://openalex.org/W1981061654,2009,"Synthesis, Structure, and Properties of Boron‐ and Nitrogen‐Doped Graphene",graphene_2d_materials,Materials Chemistry,18992804,18992804,0,,W1981061654,10.1002/adma.200901285,1797,30,openalex_v3_anchor_citer,0,,strict,Graphene research and applications,18992804,Graphene research and applications,Graphene research and applications,0,2025
https://openalex.org/W2050268910,2010,"Production, properties and potential of graphene",graphene_2d_materials,Materials Chemistry,18992804,18992804,0,,W2050268910,10.1016/j.carbon.2010.01.058,1784,269,openalex_v3_anchor_citer,0,,strict,Graphene research and applications,18992804,Graphene research and applications,Graphene research and applications,0,2025
https://openalex.org/W3213101281,2021,"Nanopore sequencing technology, bioinformatics and applications",graphene_2d_materials,Biomedical Engineering,21326699,21326699,0,,W3213101281,10.1038/s41587-021-01108-x,1772,365,openalex_v3_anchor_citer,0,,strict,Nanopore and Nanochannel Transport Studies,21326699,Nanopore and Nanochannel Transport Studies,Nanopore and Nanochannel Transport Studies,0,2025
https://openalex.org/W2113867563,2013,Chemical reduction of graphene oxide: a synthetic chemistry viewpoint,graphene_2d_materials,Materials Chemistry,18992804,18992804,0,,W2113867563,10.1039/c3cs60303b,1771,113,openalex_v3_anchor_citer,0,,strict,Graphene research and applications,18992804,Graphene research and applications,Graphene research and applications,0,2025
https://openalex.org/W1967432304,2008,Graphene Oxide Papers Modified by Divalent Ions—Enhancing Mechanical Properties <i>via</i> Chemical Cross-Linking,graphene_2d_materials,Materials Chemistry,18992804,18992804,0,,W1967432304,10.1021/nn700349a,1766,24,openalex_v3_anchor_citer,0,,strict,Graphene research and applications,18992804,Graphene research and applications,Graphene research and applications,0,2025
https://openalex.org/W2134985338,2007,Making graphene visible,graphene_2d_materials,Materials Chemistry,18992804,18992804,0,,W2134985338,10.1063/1.2768624,1765,7,openalex_v3_anchor_citer,0,,strict,Graphene research and applications,18992804,Graphene research and applications,Graphene research and applications,0,2025
https://openalex.org/W2152685429,2008,Deoxygenation of Exfoliated Graphite Oxide under Alkaline Conditions: A Green Route to Graphene Preparation,graphene_2d_materials,Materials Chemistry,18992804,18992804,0,,W2152685429,10.1002/adma.200801306,1753,31,openalex_v3_anchor_citer,0,,strict,Graphene research and applications,18992804,Graphene research and applications,Graphene research and applications,0,2025
https://openalex.org/W2032823609,2009,Large‐Scale Fabrication of Boron Nitride Nanosheets and Their Utilization in Polymeric Composites with Improved Thermal and Mechanical Properties,graphene_2d_materials,Materials Chemistry,21275090,21275090,0,,W2032823609,10.1002/adma.200900323,1746,28,openalex_v3_anchor_citer,0,,strict,Thermal properties of materials,21275090,Thermal properties of materials,Thermal properties of materials,0,2025
https://openalex.org/W2138183388,2011,Biological and chemical sensors based on graphene materials,graphene_2d_materials,Molecular Biology,19026082,19026082,0,,W2138183388,10.1039/c1cs15270j,1743,318,openalex_v3_anchor_citer,0,,strict,Advanced biosensing and bioanalysis techniques,19026082,Advanced biosensing and bioanalysis techniques,Advanced biosensing and bioanalysis techniques,0,2025
https://openalex.org/W2078118572,2012,Vertical field-effect transistor based on graphene–WS2 heterostructures for flexible and transparent electronics,graphene_2d_materials,Materials Chemistry,18992804,18992804,0,,W2078118572,10.1038/nnano.2012.224,1743,37,openalex_v3_anchor_citer,0,,strict,Graphene research and applications,18992804,Graphene research and applications,Graphene research and applications,0,2025
https://openalex.org/W2051698493,2015,Observation of long-lived interlayer excitons in monolayer MoSe2–WSe2 heterostructures,graphene_2d_materials,Materials Chemistry,19026997,19026997,0,,W2051698493,10.1038/ncomms7242,1659,43,openalex_v3_query_core,0,,strict,2D Materials and Applications,19026997,2D Materials and Applications,2D Materials and Applications,0,2025
https://openalex.org/W2608790738,2017,Janus Monolayer Transition-Metal Dichalcogenides,graphene_2d_materials,Materials Chemistry,19026997,19026997,0,,W2608790738,10.1021/acsnano.7b03186,1600,32,openalex_v3_query_core,0,,strict,2D Materials and Applications,19026997,2D Materials and Applications,2D Materials and Applications,0,2025
https://openalex.org/W1983190782,2013,Electrical control of neutral and charged excitons in a monolayer semiconductor,graphene_2d_materials,Materials Chemistry,19026997,19026997,0,,W1983190782,10.1038/ncomms2498,1574,38,openalex_v3_query_core,0,,strict,2D Materials and Applications,19026997,2D Materials and Applications,2D Materials and Applications,0,2025
https://openalex.org/W2293673104,2016,<i>Colloquium</i>: Topological band theory,graphene_2d_materials,"Atomic and Molecular Physics, and Optics",19095381,19095381,0,,W2293673104,10.1103/revmodphys.88.021004,1558,695,openalex_v3_query_core,0,,strict,Topological Materials and Phenomena,19095381,Topological Materials and Phenomena,Topological Materials and Phenomena,0,2025
https://openalex.org/W2925217409,2019,Van der Waals integration before and beyond two-dimensional materials,graphene_2d_materials,Materials Chemistry,19026997,19026997,0,,W2925217409,10.1038/s41586-019-1013-x,1499,140,openalex_v3_query_core,0,,strict,2D Materials and Applications,19026997,2D Materials and Applications,2D Materials and Applications,0,2025
https://openalex.org/W2151516307,2015,The renaissance of black phosphorus,graphene_2d_materials,Materials Chemistry,19026997,19026997,0,,W2151516307,10.1073/pnas.1416581112,1461,124,openalex_v3_query_core,0,,strict,2D Materials and Applications,19026997,2D Materials and Applications,2D Materials and Applications,0,2025
https://openalex.org/W2605317103,2017,Prediction of intrinsic two-dimensional ferroelectrics in In2Se3 and other III2-VI3 van der Waals materials,graphene_2d_materials,Materials Chemistry,19026997,19026997,0,,W2605317103,10.1038/ncomms14956,1387,36,openalex_v3_query_core,0,,strict,2D Materials and Applications,19026997,2D Materials and Applications,2D Materials and Applications,0,2025
https://openalex.org/W1987112649,2007,Electronic and transport properties of nanotubes,graphene_2d_materials,Materials Chemistry,18992674,18992674,0,,W1987112649,10.1103/revmodphys.79.677,1384,425,openalex_v3_query_core,0,,strict,Carbon Nanotubes in Composites,18992674,Carbon Nanotubes in Composites,Carbon Nanotubes in Composites,0,2025
https://openalex.org/W2329389299,2014,"Transition Metal Dichalcogenides and Beyond: Synthesis, Properties, and Applications of Single- and Few-Layer Nanosheets",graphene_2d_materials,Materials Chemistry,19026997,19026997,0,,W2329389299,10.1021/ar5002846,1358,61,openalex_v3_query_core,0,,strict,2D Materials and Applications,19026997,2D Materials and Applications,2D Materials and Applications,0,2025
https://openalex.org/W2788044113,2018,Electrical control of 2D magnetism in bilayer CrI3,graphene_2d_materials,Materials Chemistry,19026997,19026997,0,,W2788044113,10.1038/s41565-018-0121-3,1358,42,openalex_v3_query_core,0,,strict,2D Materials and Applications,19026997,2D Materials and Applications,2D Materials and Applications,0,2025
https://openalex.org/W2194534706,2016,Hexagonal boron nitride is an indirect bandgap semiconductor,graphene_2d_materials,Materials Chemistry,19026997,19026997,0,,W2194534706,10.1038/nphoton.2015.277,1349,47,openalex_v3_query_core,0,,strict,2D Materials and Applications,19026997,2D Materials and Applications,2D Materials and Applications,0,2025
https://openalex.org/W2916906462,2019,Evidence for moiré excitons in van der Waals heterostructures,graphene_2d_materials,Materials Chemistry,19026997,19026997,0,,W2916906462,10.1038/s41586-019-0975-z,1339,51,openalex_v3_query_core,0,,strict,2D Materials and Applications,19026997,2D Materials and Applications,2D Materials and Applications,0,2025
https://openalex.org/W3016456929,2020,Progress in the functional modification of graphene/graphene oxide: a review,graphene_2d_materials,Materials Chemistry,18992804,18992804,0,,W3016456929,10.1039/d0ra01068e,1333,101,openalex_v3_query_core,0,,strict,Graphene research and applications,18992804,Graphene research and applications,Graphene research and applications,0,2025
https://openalex.org/W2508979391,2016,"High electron mobility, quantum Hall effect and anomalous optical response in atomically thin InSe",graphene_2d_materials,Materials Chemistry,19026997,19026997,0,,W2508979391,10.1038/nnano.2016.242,1327,35,openalex_v3_query_core,0,,strict,2D Materials and Applications,19026997,2D Materials and Applications,2D Materials and Applications,0,2025
https://openalex.org/W2900567006,2018,Electronic and Optical Properties of 2D Transition Metal Carbides and Nitrides (MXenes),graphene_2d_materials,Materials Chemistry,23488465,23488465,0,,W2900567006,10.1002/adma.201804779,1300,250,openalex_v3_query_core,0,,strict,MXene and MAX Phase Materials,23488465,MXene and MAX Phase Materials,MXene and MAX Phase Materials,0,2025
https://openalex.org/W2012424302,2015,"Phonon and Raman scattering of two-dimensional transition metal dichalcogenides from monolayer, multilayer to bulk material",graphene_2d_materials,Materials Chemistry,19026997,19026997,0,,W2012424302,10.1039/c4cs00282b,1275,180,openalex_v3_query_core,0,,strict,2D Materials and Applications,19026997,2D Materials and Applications,2D Materials and Applications,0,2025
https://openalex.org/W4323653529,2023,Technology Roadmap for Flexible Sensors,graphene_2d_materials,Biomedical Engineering,19043637,19043637,0,,W4323653529,10.1021/acsnano.2c12606,1255,1076,openalex_v3_query_core,0,,strict,Advanced Sensor and Energy Harvesting Materials,19043637,Advanced Sensor and Energy Harvesting Materials,Advanced Sensor and Energy Harvesting Materials,0,2025
https://openalex.org/W3080673473,2020,Bandgap engineering of two-dimensional semiconductor materials,graphene_2d_materials,Materials Chemistry,19026997,19026997,0,,W3080673473,10.1038/s41699-020-00162-4,1244,309,openalex_v3_query_core,0,,strict,2D Materials and Applications,19026997,2D Materials and Applications,2D Materials and Applications,0,2025
https://openalex.org/W3193369452,2021,Ten Years of Progress in the Synthesis and Development of MXenes,graphene_2d_materials,Materials Chemistry,23488465,23488465,0,,W3193369452,10.1002/adma.202103393,1202,143,openalex_v3_query_core,0,,strict,MXene and MAX Phase Materials,23488465,MXene and MAX Phase Materials,MXene and MAX Phase Materials,0,2025
https://openalex.org/W2508408601,2016,Room-temperature ferroelectricity in CuInP2S6 ultrathin flakes,graphene_2d_materials,Materials Chemistry,19026997,19026997,0,,W2508408601,10.1038/ncomms12357,1194,30,openalex_v3_query_core,0,,strict,2D Materials and Applications,19026997,2D Materials and Applications,2D Materials and Applications,0,2025
https://openalex.org/W1868638423,2015,Two-dimensional transition metal dichalcogenides as atomically thin semiconductors: opportunities and challenges,graphene_2d_materials,Materials Chemistry,19026997,19026997,0,,W1868638423,10.1039/c5cs00507h,1140,95,openalex_v3_query_core,0,,strict,2D Materials and Applications,19026997,2D Materials and Applications,2D Materials and Applications,0,2025
https://openalex.org/W2906387878,2019,Observation of moiré excitons in WSe2/WS2 heterostructure superlattices,graphene_2d_materials,Materials Chemistry,19026997,19026997,0,,W2906387878,10.1038/s41586-019-0976-y,1139,34,openalex_v3_query_core,0,,strict,2D Materials and Applications,19026997,2D Materials and Applications,2D Materials and Applications,0,2025
https://openalex.org/W2788858896,2018,Controlling magnetism in 2D CrI3 by electrostatic doping,graphene_2d_materials,Materials Chemistry,19026997,19026997,0,,W2788858896,10.1038/s41565-018-0135-x,1114,33,openalex_v3_query_core,0,,strict,2D Materials and Applications,19026997,2D Materials and Applications,2D Materials and Applications,0,2025
https://openalex.org/W2944906172,2019,Metal oxide nanoparticles and their applications in nanotechnology,graphene_2d_materials,Electrical and Electronic Engineering,19061184,19061184,0,,W2944906172,10.1007/s42452-019-0592-3,1083,223,openalex_v3_query_core,0,,strict,Gas Sensing Nanomaterials and Sensors,19061184,Gas Sensing Nanomaterials and Sensors,Gas Sensing Nanomaterials and Sensors,0,2025
https://openalex.org/W2888261292,2019,Intrinsic magnetic topological insulators in van der Waals layered MnBi <sub>2</sub> Te <sub>4</sub> -family materials,graphene_2d_materials,"Atomic and Molecular Physics, and Optics",19095381,19095381,0,,W2888261292,10.1126/sciadv.aaw5685,1071,57,openalex_v3_query_core,0,,strict,Topological Materials and Phenomena,19095381,Topological Materials and Phenomena,Topological Materials and Phenomena,0,2025
https://openalex.org/W1976148968,2014,Photovoltaic Effect in an Electrically Tunable van der Waals Heterojunction,graphene_2d_materials,Materials Chemistry,19026997,19026997,0,,W1976148968,10.1021/nl501962c,1066,47,openalex_v3_query_core,0,,strict,2D Materials and Applications,19026997,2D Materials and Applications,2D Materials and Applications,0,2025
https://openalex.org/W2148934103,2014,Highly confined low-loss plasmons in graphene–boron nitride heterostructures,graphene_2d_materials,Biomedical Engineering,19027259,19027259,0,,W2148934103,10.1038/nmat4169,1049,57,openalex_v3_query_core,0,,strict,Plasmonic and Surface Plasmon Research,19027259,Plasmonic and Surface Plasmon Research,Plasmonic and Surface Plasmon Research,0,2025
https://openalex.org/W2137880050,2015,<b>k</b> · <b>p</b> theory for two-dimensional transition metal dichalcogenide semiconductors,graphene_2d_materials,Materials Chemistry,19026997,19026997,0,,W2137880050,10.1088/2053-1583/2/2/022001,1034,202,openalex_v3_query_core,0,,strict,2D Materials and Applications,19026997,2D Materials and Applications,2D Materials and Applications,0,2025
https://openalex.org/W2555541385,2016,Thin-film ferroelectric materials and their applications,graphene_2d_materials,Materials Chemistry,19008921,19008921,0,,W2555541385,10.1038/natrevmats.2016.87,1029,280,openalex_v3_query_core,0,,strict,Ferroelectric and Piezoelectric Materials,19008921,Ferroelectric and Piezoelectric Materials,Ferroelectric and Piezoelectric Materials,0,2025
https://openalex.org/W2622172960,2017,Two-dimensional heterostructures for energy storage,graphene_2d_materials,Electrical and Electronic Engineering,18991892,18991892,0,,W2622172960,10.1038/nenergy.2017.89,1024,56,openalex_v3_query_core,0,,strict,Advancements in Battery Materials,18991892,Advancements in Battery Materials,Advancements in Battery Materials,0,2025
https://openalex.org/W2018958741,2014,Probing excitonic dark states in single-layer tungsten disulphide,graphene_2d_materials,Materials Chemistry,19026997,19026997,0,,W2018958741,10.1038/nature13734,1023,40,openalex_v3_query_core,0,,strict,2D Materials and Applications,19026997,2D Materials and Applications,2D Materials and Applications,0,2025
https://openalex.org/W2883933020,2018,Ferroelectric switching of a two-dimensional metal,graphene_2d_materials,Materials Chemistry,23574796,23574796,0,,W2883933020,10.1038/s41586-018-0336-3,1023,36,openalex_v3_query_core,0,,strict,Electronic and Structural Properties of Oxides,23574796,Electronic and Structural Properties of Oxides,Electronic and Structural Properties of Oxides,0,2025
https://openalex.org/W2808198009,2018,Anomalously low dielectric constant of confined water,graphene_2d_materials,Biomedical Engineering,21326699,21326699,0,,W2808198009,10.1126/science.aat4191,997,42,openalex_v3_query_core,0,,strict,Nanopore and Nanochannel Transport Studies,21326699,Nanopore and Nanochannel Transport Studies,Nanopore and Nanochannel Transport Studies,0,2025
https://openalex.org/W3067010295,2020,Opportunities and challenges for spintronics in the microelectronics industry,graphene_2d_materials,Electrical and Electronic Engineering,19061316,19061316,0,,W3067010295,10.1038/s41928-020-0461-5,996,152,openalex_v3_query_core,0,,strict,Semiconductor materials and devices,19061316,Semiconductor materials and devices,Semiconductor materials and devices,0,2025
https://openalex.org/W2550660184,2016,Two-dimensional antimonene single crystals grown by van der Waals epitaxy,graphene_2d_materials,Materials Chemistry,19026997,19026997,0,,W2550660184,10.1038/ncomms13352,976,43,openalex_v3_query_core,0,,strict,2D Materials and Applications,19026997,2D Materials and Applications,2D Materials and Applications,0,2025
https://openalex.org/W2999463829,2020,"A critical review on VOCs adsorption by different porous materials: Species, mechanisms and modification methods",graphene_2d_materials,Materials Chemistry,19010095,19010095,0,,W2999463829,10.1016/j.jhazmat.2020.122102,973,203,openalex_v3_query_core,0,,strict,Catalytic Processes in Materials Science,19010095,Catalytic Processes in Materials Science,Catalytic Processes in Materials Science,0,2025
https://openalex.org/W2786488721,2018,Role of Interfaces in Two-Dimensional Photocatalyst for Water Splitting,graphene_2d_materials,"Renewable Energy, Sustainability and the Environment",18992678,18992678,0,,W2786488721,10.1021/acscatal.7b03437,966,287,openalex_v3_query_core,0,,strict,Advanced Photocatalysis Techniques,18992678,Advanced Photocatalysis Techniques,Advanced Photocatalysis Techniques,0,2025
https://openalex.org/W2940692781,2019,Perovskites for Next-Generation Optical Sources,graphene_2d_materials,Electrical and Electronic Engineering,19026606,19026606,0,,W2940692781,10.1021/acs.chemrev.9b00107,965,233,openalex_v3_query_core,0,,strict,Perovskite Materials and Applications,19026606,Perovskite Materials and Applications,Perovskite Materials and Applications,0,2025
https://openalex.org/W2017241715,2014,Sub-diffractional volume-confined polaritons in the natural hyperbolic material hexagonal boron nitride,graphene_2d_materials,"Electronic, Optical and Magnetic Materials",19026604,19026604,0,,W2017241715,10.1038/ncomms6221,953,61,openalex_v3_query_core,0,,strict,Metamaterials and Metasurfaces Applications,19026604,Metamaterials and Metasurfaces Applications,Metamaterials and Metasurfaces Applications,0,2025
https://openalex.org/W2789806238,2018,Dielectric properties of hexagonal boron nitride and transition metal dichalcogenides: from monolayer to bulk,graphene_2d_materials,Materials Chemistry,18992804,18992804,0,,W2789806238,10.1038/s41699-018-0050-x,940,43,openalex_v3_query_core,0,,strict,Graphene research and applications,18992804,Graphene research and applications,Graphene research and applications,0,2025
https://openalex.org/W2695145865,2017,Mechanical properties of atomically thin boron nitride and the role of interlayer interactions,graphene_2d_materials,Materials Chemistry,18992804,18992804,0,,W2695145865,10.1038/ncomms15815,923,87,openalex_v3_query_core,0,,strict,Graphene research and applications,18992804,Graphene research and applications,Graphene research and applications,0,2025
https://openalex.org/W2253812227,2016,Graphitic carbon nitride “reloaded”: emerging applications beyond (photo)catalysis,graphene_2d_materials,"Renewable Energy, Sustainability and the Environment",18992678,18992678,0,,W2253812227,10.1039/c5cs00767d,920,92,openalex_v3_query_core,0,,strict,Advanced Photocatalysis Techniques,18992678,Advanced Photocatalysis Techniques,Advanced Photocatalysis Techniques,0,2025
https://openalex.org/W2342787304,2016,Pure and stable metallic phase molybdenum disulfide nanosheets for hydrogen evolution reaction,graphene_2d_materials,Materials Chemistry,19026997,19026997,0,,W2342787304,10.1038/ncomms10672,901,32,openalex_v3_query_core,0,,strict,2D Materials and Applications,19026997,2D Materials and Applications,2D Materials and Applications,0,2025
https://openalex.org/W2051155172,2014,Layer-dependent Band Alignment and Work Function of Few-Layer Phosphorene,graphene_2d_materials,Materials Chemistry,19026997,19026997,0,,W2051155172,10.1038/srep06677,884,37,openalex_v3_query_core,0,,strict,2D Materials and Applications,19026997,2D Materials and Applications,2D Materials and Applications,0,2025
https://openalex.org/W2157905510,2013,"Controlled Scalable Synthesis of Uniform, High-Quality Monolayer and Few-layer MoS2 Films",graphene_2d_materials,Materials Chemistry,19026997,19026997,0,,W2157905510,10.1038/srep01866,875,46,openalex_v3_query_core,0,,strict,2D Materials and Applications,19026997,2D Materials and Applications,2D Materials and Applications,0,2025
https://openalex.org/W2053081018,2015,Large-Area Epitaxial Monolayer MoS<sub>2</sub>,graphene_2d_materials,Materials Chemistry,19026997,19026997,0,,W2053081018,10.1021/acsnano.5b01281,875,74,openalex_v3_query_core,0,,strict,2D Materials and Applications,19026997,2D Materials and Applications,2D Materials and Applications,0,2025
https://openalex.org/W2885309566,2018,Exciton physics and device application of two-dimensional transition metal dichalcogenide semiconductors,graphene_2d_materials,Materials Chemistry,19026997,19026997,0,,W2885309566,10.1038/s41699-018-0074-2,874,155,openalex_v3_query_core,0,,strict,2D Materials and Applications,19026997,2D Materials and Applications,2D Materials and Applications,0,2025
https://openalex.org/W2919682265,2019,Resonantly hybridized excitons in moiré superlattices in van der Waals heterostructures,graphene_2d_materials,Materials Chemistry,19026997,19026997,0,,W2919682265,10.1038/s41586-019-0986-9,859,45,openalex_v3_query_core,0,,strict,2D Materials and Applications,19026997,2D Materials and Applications,2D Materials and Applications,0,2025
https://openalex.org/W2775062543,2017,Recent progress in 2D group-VA semiconductors: from theory to experiment,graphene_2d_materials,Materials Chemistry,19026997,19026997,0,,W2775062543,10.1039/c7cs00125h,852,392,openalex_v3_query_core,0,,strict,2D Materials and Applications,19026997,2D Materials and Applications,2D Materials and Applications,0,2025
https://openalex.org/W2629641710,2017,Quantum spin Hall state in monolayer 1T'-WTe2,graphene_2d_materials,"Atomic and Molecular Physics, and Optics",19095381,19095381,0,,W2629641710,10.1038/nphys4174,842,40,openalex_v3_query_core,0,,strict,Topological Materials and Phenomena,19095381,Topological Materials and Phenomena,Topological Materials and Phenomena,0,2025
https://openalex.org/W3090116547,2020,Heterogeneous Fenton catalysts: A review of recent advances,graphene_2d_materials,Water Science and Technology,19026206,19026206,0,,W3090116547,10.1016/j.jhazmat.2020.124082,832,332,openalex_v3_query_core,0,,strict,Advanced oxidation water treatment,19026206,Advanced oxidation water treatment,Advanced oxidation water treatment,0,2025
https://openalex.org/W1506419662,2015,"Phosphorene: Fabrication, Properties, and Applications",graphene_2d_materials,Materials Chemistry,19026997,19026997,0,,W1506419662,10.1021/acs.jpclett.5b01094,825,118,openalex_v3_query_core,0,,strict,2D Materials and Applications,19026997,2D Materials and Applications,2D Materials and Applications,0,2025
https://openalex.org/W2221415887,2015,Semiconducting Group 15 Monolayers: A Broad Range of Band Gaps and High Carrier Mobilities,graphene_2d_materials,Materials Chemistry,19026997,19026997,0,,W2221415887,10.1002/anie.201507568,807,42,openalex_v3_query_core,0,,strict,2D Materials and Applications,19026997,2D Materials and Applications,2D Materials and Applications,0,2025
https://openalex.org/W3024139038,2020,Universal mechanical exfoliation of large-area 2D crystals,graphene_2d_materials,Materials Chemistry,19026997,19026997,0,,W3024139038,10.1038/s41467-020-16266-w,800,67,openalex_v3_query_core,0,,strict,2D Materials and Applications,19026997,2D Materials and Applications,2D Materials and Applications,0,2025
https://openalex.org/W2781720065,2018,Robust memristors based on layered two-dimensional materials,graphene_2d_materials,Electrical and Electronic Engineering,19077560,19077560,0,,W2781720065,10.1038/s41928-018-0021-4,781,74,openalex_v3_query_core,0,,strict,Advanced Memory and Neural Computing,19077560,Advanced Memory and Neural Computing,Advanced Memory and Neural Computing,0,2025
https://openalex.org/W3020484714,2020,"Indoor Air Pollution, Related Human Diseases, and Recent Trends in the Control and Improvement of Indoor Air Quality",graphene_2d_materials,Environmental Engineering,23505358,23505358,0,,W3020484714,10.3390/ijerph17082927,778,206,openalex_v3_query_core,0,,strict,Air Quality Monitoring and Forecasting,23505358,Air Quality Monitoring and Forecasting,Air Quality Monitoring and Forecasting,0,2025
https://openalex.org/W2022151845,2014,High yield exfoliation of two-dimensional chalcogenides using sodium naphthalenide,graphene_2d_materials,Materials Chemistry,19026997,19026997,0,,W2022151845,10.1038/ncomms3995,777,37,openalex_v3_query_core,0,,strict,2D Materials and Applications,19026997,2D Materials and Applications,2D Materials and Applications,0,2025
https://openalex.org/W2954393752,2019,Interface design for high energy density polymer nanocomposites,graphene_2d_materials,Biomedical Engineering,21342818,21342818,0,,W2954393752,10.1039/c9cs00043g,774,277,openalex_v3_query_core,0,,strict,Dielectric materials and actuators,21342818,Dielectric materials and actuators,Dielectric materials and actuators,0,2025
https://openalex.org/W2611351493,2017,Coulomb engineering of the bandgap and excitons in two-dimensional materials,graphene_2d_materials,Materials Chemistry,19026997,19026997,0,,W2611351493,10.1038/ncomms15251,768,58,openalex_v3_query_core,0,,strict,2D Materials and Applications,19026997,2D Materials and Applications,2D Materials and Applications,0,2025
https://openalex.org/W3211349002,2021,Solar fuels: research and development strategies to accelerate photocatalytic CO<sub>2</sub> conversion into hydrocarbon fuels,graphene_2d_materials,"Renewable Energy, Sustainability and the Environment",18992678,18992678,0,,W3211349002,10.1039/d1ee02714j,765,438,openalex_v3_query_core,0,,strict,Advanced Photocatalysis Techniques,18992678,Advanced Photocatalysis Techniques,Advanced Photocatalysis Techniques,0,2025
https://openalex.org/W2608124667,2017,Two-dimensional Mo1.33C MXene with divacancy ordering prepared from parent 3D laminate with in-plane chemical ordering,graphene_2d_materials,Materials Chemistry,23488465,23488465,0,,W2608124667,10.1038/ncomms14949,762,44,openalex_v3_query_core,0,,strict,MXene and MAX Phase Materials,23488465,MXene and MAX Phase Materials,MXene and MAX Phase Materials,0,2025
https://openalex.org/W2144088175,2013,Controlled charge trapping by molybdenum disulphide and graphene in ultrathin heterostructured memory devices,graphene_2d_materials,Materials Chemistry,18992804,18992804,0,,W2144088175,10.1038/ncomms2652,760,47,openalex_v3_query_core,0,,strict,Graphene research and applications,18992804,Graphene research and applications,Graphene research and applications,0,2025
https://openalex.org/W1990439074,2014,"Low‐loss, infrared and terahertz nanophotonics using surface phonon polaritons",graphene_2d_materials,Civil and Structural Engineering,23557105,23557105,0,,W1990439074,10.1515/nanoph-2014-0003,756,214,openalex_v3_query_core,0,,strict,Thermal Radiation and Cooling Technologies,23557105,Thermal Radiation and Cooling Technologies,Thermal Radiation and Cooling Technologies,0,2025
https://openalex.org/W1983311062,2014,Photovoltaic effect in few-layer black phosphorus PN junctions defined by local electrostatic gating,graphene_2d_materials,Materials Chemistry,19026997,19026997,0,,W1983311062,10.1038/ncomms5651,752,46,openalex_v3_query_core,0,,strict,2D Materials and Applications,19026997,2D Materials and Applications,2D Materials and Applications,0,2025
https://openalex.org/W2575505363,2017,Recent Progress in Metal‐Organic Frameworks for Applications in Electrocatalytic and Photocatalytic Water Splitting,graphene_2d_materials,"Renewable Energy, Sustainability and the Environment",18992146,18992146,0,,W2575505363,10.1002/advs.201600371,752,181,openalex_v3_query_core,0,,strict,Electrocatalysts for Energy Conversion,18992146,Electrocatalysts for Energy Conversion,Electrocatalysts for Energy Conversion,0,2025
https://openalex.org/W2908340776,2018,Ultrasensitive detection of miRNA with an antimonene-based surface plasmon resonance sensor,graphene_2d_materials,Molecular Biology,19026082,19026082,0,,W2908340776,10.1038/s41467-018-07947-8,749,60,openalex_v3_query_core,0,,strict,Advanced biosensing and bioanalysis techniques,19026082,Advanced biosensing and bioanalysis techniques,Advanced biosensing and bioanalysis techniques,0,2025
https://openalex.org/W2052940807,2014,Tunable Transport Gap in Phosphorene,graphene_2d_materials,Materials Chemistry,19026997,19026997,0,,W2052940807,10.1021/nl5025535,747,26,openalex_v3_query_core,0,,strict,2D Materials and Applications,19026997,2D Materials and Applications,2D Materials and Applications,0,2025
https://openalex.org/W3014898291,2020,Phase engineering of nanomaterials,graphene_2d_materials,Materials Chemistry,19043499,19043499,0,,W3014898291,10.1038/s41570-020-0173-4,744,162,openalex_v3_query_core,0,,strict,Quantum Dots Synthesis And Properties,19043499,Quantum Dots Synthesis And Properties,Quantum Dots Synthesis And Properties,0,2025
https://openalex.org/W3098006072,2015,"Phonon and Raman scattering of two-dimensional transition metal dichalcogenides from monolayer, multilayer to bulk material",graphene_2d_materials,Materials Chemistry,19026997,19026997,0,,W3098006072,,738,181,openalex_v3_query_core,0,,strict,2D Materials and Applications,19026997,2D Materials and Applications,2D Materials and Applications,0,2025
https://openalex.org/W1553988388,2014,Evolution of interlayer coupling in twisted molybdenum disulfide bilayers,graphene_2d_materials,Materials Chemistry,19026997,19026997,0,,W1553988388,10.1038/ncomms5966,731,39,openalex_v3_query_core,0,,strict,2D Materials and Applications,19026997,2D Materials and Applications,2D Materials and Applications,0,2025
https://openalex.org/W3103794823,2014,Photovoltaic effect in an electrically tunable van der Waals heterojunction,graphene_2d_materials,Materials Chemistry,19026997,19026997,0,,W3103794823,,731,57,openalex_v3_query_core,0,,strict,2D Materials and Applications,19026997,2D Materials and Applications,2D Materials and Applications,0,2025
https://openalex.org/W2264449908,2015,Monolayered Bi2WO6 nanosheets mimicking heterojunction interface with open surfaces for photocatalysis,graphene_2d_materials,"Renewable Energy, Sustainability and the Environment",18992678,18992678,0,,W2264449908,10.1038/ncomms9340,729,49,openalex_v3_query_core,0,,strict,Advanced Photocatalysis Techniques,18992678,Advanced Photocatalysis Techniques,Advanced Photocatalysis Techniques,0,2025
https://openalex.org/W1963724586,2014,Synthesis of Two-Dimensional Materials by Selective Extraction,graphene_2d_materials,Materials Chemistry,23488465,23488465,0,,W1963724586,10.1021/ar500346b,726,94,openalex_v3_query_core,0,,strict,MXene and MAX Phase Materials,23488465,MXene and MAX Phase Materials,MXene and MAX Phase Materials,0,2025
https://openalex.org/W2798201426,2018,Hubbard Model Physics in Transition Metal Dichalcogenide Moiré Bands,graphene_2d_materials,Materials Chemistry,19026997,19026997,0,,W2798201426,10.1103/physrevlett.121.026402,721,32,openalex_v3_query_core,0,,strict,2D Materials and Applications,19026997,2D Materials and Applications,2D Materials and Applications,0,2025
https://openalex.org/W2243981467,2015,Topological Crystalline Insulators and Topological Superconductors: From Concepts to Materials,graphene_2d_materials,"Atomic and Molecular Physics, and Optics",19095381,19095381,0,,W2243981467,10.1146/annurev-conmatphys-031214-014501,719,133,openalex_v3_query_core,0,,strict,Topological Materials and Phenomena,19095381,Topological Materials and Phenomena,Topological Materials and Phenomena,0,2025
https://openalex.org/W3082954565,2020,Electrode Materials for Supercapacitors: A Review of Recent Advances,graphene_2d_materials,"Electronic, Optical and Magnetic Materials",19009840,19009840,0,,W3082954565,10.3390/catal10090969,714,496,openalex_v3_query_core,0,,strict,Supercapacitor Materials and Fabrication,19009840,Supercapacitor Materials and Fabrication,Supercapacitor Materials and Fabrication,0,2025
https://openalex.org/W2557092610,2016,Photodetectors Based on Two‐Dimensional Layered Materials Beyond Graphene,graphene_2d_materials,Materials Chemistry,19026997,19026997,0,,W2557092610,10.1002/adfm.201603886,697,331,openalex_v3_query_core,0,,strict,2D Materials and Applications,19026997,2D Materials and Applications,2D Materials and Applications,0,2025
https://openalex.org/W2350938626,2016,The hot pick-up technique for batch assembly of van der Waals heterostructures,graphene_2d_materials,Materials Chemistry,18992804,18992804,0,,W2350938626,10.1038/ncomms11894,685,40,openalex_v3_query_core,0,,strict,Graphene research and applications,18992804,Graphene research and applications,Graphene research and applications,0,2025
https://openalex.org/W2886211407,2018,Stacking-Dependent Magnetism in Bilayer CrI<sub>3</sub>,graphene_2d_materials,Materials Chemistry,19026997,19026997,0,,W2886211407,10.1021/acs.nanolett.8b03321,678,55,openalex_v3_query_core,0,,strict,2D Materials and Applications,19026997,2D Materials and Applications,2D Materials and Applications,0,2025
https://openalex.org/W2342174548,2016,Van der Waals metal-semiconductor junction: Weak Fermi level pinning enables effective tuning of Schottky barrier,graphene_2d_materials,Materials Chemistry,19026997,19026997,0,,W2342174548,10.1126/sciadv.1600069,671,59,openalex_v3_query_core,0,,strict,2D Materials and Applications,19026997,2D Materials and Applications,2D Materials and Applications,0,2025
https://openalex.org/W2064440479,2014,"Elastic Properties of Chemical-Vapor-Deposited Monolayer MoS<sub>2</sub>, WS<sub>2</sub>, and Their Bilayer Heterostructures",graphene_2d_materials,Materials Chemistry,19026997,19026997,0,,W2064440479,10.1021/nl501793a,670,44,openalex_v3_query_core,0,,strict,2D Materials and Applications,19026997,2D Materials and Applications,2D Materials and Applications,0,2025
https://openalex.org/W2891024081,2018,Nonreciprocal responses from non-centrosymmetric quantum materials,graphene_2d_materials,"Atomic and Molecular Physics, and Optics",19095381,19095381,0,,W2891024081,10.1038/s41467-018-05759-4,661,96,openalex_v3_query_core,0,,strict,Topological Materials and Phenomena,19095381,Topological Materials and Phenomena,Topological Materials and Phenomena,0,2025
https://openalex.org/W1661147526,2015,Determination of band alignment in the single-layer MoS2/WSe2 heterojunction,graphene_2d_materials,Materials Chemistry,19026997,19026997,0,,W1661147526,10.1038/ncomms8666,657,41,openalex_v3_query_core,0,,strict,2D Materials and Applications,19026997,2D Materials and Applications,2D Materials and Applications,0,2025
https://openalex.org/W3095015225,2020,Engineering active sites on hierarchical transition bimetal oxides/sulfides heterostructure array enabling robust overall water splitting,graphene_2d_materials,"Renewable Energy, Sustainability and the Environment",18992146,18992146,0,,W3095015225,10.1038/s41467-020-19214-w,653,80,openalex_v3_query_core,0,,strict,Electrocatalysts for Energy Conversion,18992146,Electrocatalysts for Energy Conversion,Electrocatalysts for Energy Conversion,0,2025
https://openalex.org/W2519459322,2016,Synthesis of freestanding single-crystal perovskite films and heterostructures by etching of sacrificial water-soluble layers,graphene_2d_materials,Materials Chemistry,23574796,23574796,0,,W2519459322,10.1038/nmat4749,644,33,openalex_v3_query_core,0,,strict,Electronic and Structural Properties of Oxides,23574796,Electronic and Structural Properties of Oxides,Electronic and Structural Properties of Oxides,0,2025
https://openalex.org/W3036670858,2020,2D materials for spintronic devices,graphene_2d_materials,Materials Chemistry,19026997,19026997,0,,W3036670858,10.1038/s41699-020-0152-0,641,219,openalex_v3_query_core,0,,strict,2D Materials and Applications,19026997,2D Materials and Applications,2D Materials and Applications,0,2025
https://openalex.org/W3178685918,2021,"Review on Recent Progress in Magnetic Nanoparticles: Synthesis, Characterization, and Diverse Applications",graphene_2d_materials,Materials Chemistry,23505629,23505629,0,,W3178685918,10.3389/fchem.2021.629054,641,254,openalex_v3_query_core,0,,strict,Nanocluster Synthesis and Applications,23505629,Nanocluster Synthesis and Applications,Nanocluster Synthesis and Applications,0,2025
https://openalex.org/W2096813696,2015,Beyond Graphene: Progress in Novel Two-Dimensional Materials and van der Waals Solids,graphene_2d_materials,Materials Chemistry,19026997,19026997,0,,W2096813696,10.1146/annurev-matsci-070214-021034,639,158,openalex_v3_query_core,0,,strict,2D Materials and Applications,19026997,2D Materials and Applications,2D Materials and Applications,0,2025
https://openalex.org/W2075586275,2014,Tunnel Field-Effect Transistors: State-of-the-Art,graphene_2d_materials,Electrical and Electronic Engineering,19078221,19078221,0,,W2075586275,10.1109/jeds.2014.2326622,629,63,openalex_v3_query_core,0,,strict,Advancements in Semiconductor Devices and Circuit Design,19078221,Advancements in Semiconductor Devices and Circuit Design,Advancements in Semiconductor Devices and Circuit Design,0,2025
https://openalex.org/W2794435994,2018,Clay‐Inspired MXene‐Based Electrochemical Devices and Photo‐Electrocatalyst: State‐of‐the‐Art Progresses and Challenges,graphene_2d_materials,Materials Chemistry,23488465,23488465,0,,W2794435994,10.1002/adma.201704561,629,261,openalex_v3_query_core,0,,strict,MXene and MAX Phase Materials,23488465,MXene and MAX Phase Materials,MXene and MAX Phase Materials,0,2025
https://openalex.org/W2474178918,2016,Linac Coherent Light Source: The first five years,graphene_2d_materials,"Atomic and Molecular Physics, and Optics",19078350,19078350,0,,W2474178918,10.1103/revmodphys.88.015007,622,439,openalex_v3_query_core,0,,strict,Laser-Matter Interactions and Applications,19078350,Laser-Matter Interactions and Applications,Laser-Matter Interactions and Applications,0,2025
https://openalex.org/W2898341701,2018,"2D Materials for Gas Sensing Applications: A Review on Graphene Oxide, MoS2, WS2 and Phosphorene",graphene_2d_materials,Electrical and Electronic Engineering,19061184,19061184,0,,W2898341701,10.3390/s18113638,619,230,openalex_v3_query_core,0,,strict,Gas Sensing Nanomaterials and Sensors,19061184,Gas Sensing Nanomaterials and Sensors,Gas Sensing Nanomaterials and Sensors,0,2025
https://openalex.org/W2758035406,2017,Layer-by-layer assembly of two-dimensional materials into wafer-scale heterostructures,graphene_2d_materials,Materials Chemistry,19026997,19026997,0,,W2758035406,10.1038/nature23905,614,35,openalex_v3_query_core,0,,strict,2D Materials and Applications,19026997,2D Materials and Applications,2D Materials and Applications,0,2025
https://openalex.org/W2767835898,2017,Recent progress in the assembly of nanodevices and van der Waals heterostructures by deterministic placement of 2D materials,graphene_2d_materials,Materials Chemistry,23539942,23539942,0,,W2767835898,10.1039/c7cs00556c,613,48,openalex_v3_query_core,0,,strict,Anodic Oxide Films and Nanostructures,23539942,Anodic Oxide Films and Nanostructures,Anodic Oxide Films and Nanostructures,0,2025
https://openalex.org/W2914544678,2019,Ruthenium atomically dispersed in carbon outperforms platinum toward hydrogen evolution in alkaline media,graphene_2d_materials,"Renewable Energy, Sustainability and the Environment",18992146,18992146,0,,W2914544678,10.1038/s41467-019-08419-3,611,71,openalex_v3_query_core,0,,strict,Electrocatalysts for Energy Conversion,18992146,Electrocatalysts for Energy Conversion,Electrocatalysts for Energy Conversion,0,2025
https://openalex.org/W2772715861,2017,van der Waals Layered Materials: Opportunities and Challenges,graphene_2d_materials,Materials Chemistry,19026997,19026997,0,,W2772715861,10.1021/acsnano.7b07436,608,319,openalex_v3_query_core,0,,strict,2D Materials and Applications,19026997,2D Materials and Applications,2D Materials and Applications,0,2025
https://openalex.org/W2785278192,2018,Very large tunneling magnetoresistance in layered magnetic semiconductor CrI3,graphene_2d_materials,Materials Chemistry,19026997,19026997,0,,W2785278192,10.1038/s41467-018-04953-8,607,39,openalex_v3_query_core,0,,strict,2D Materials and Applications,19026997,2D Materials and Applications,2D Materials and Applications,0,2025
https://openalex.org/W4390976747,2024,Refractiveindex.info database of optical constants,graphene_2d_materials,Electrical and Electronic Engineering,19027263,19027263,0,,W4390976747,10.1038/s41597-023-02898-2,607,476,openalex_v3_query_core,0,,strict,Photonic and Optical Devices,19027263,Photonic and Optical Devices,Photonic and Optical Devices,0,2025
https://openalex.org/W2259120121,2015,Picosecond photoresponse in van der Waals heterostructures,graphene_2d_materials,Materials Chemistry,19026997,19026997,0,,W2259120121,10.1038/nnano.2015.227,596,46,openalex_v3_query_core,0,,strict,2D Materials and Applications,19026997,2D Materials and Applications,2D Materials and Applications,0,2025
https://openalex.org/W2765703701,2017,Moiré excitons: From programmable quantum emitter arrays to spin-orbit–coupled artificial lattices,graphene_2d_materials,Materials Chemistry,19026997,19026997,0,,W2765703701,10.1126/sciadv.1701696,593,62,openalex_v3_query_core,0,,strict,2D Materials and Applications,19026997,2D Materials and Applications,2D Materials and Applications,0,2025
https://openalex.org/W1996658603,2013,Chemical vapour deposition growth of large single crystals of monolayer and bilayer graphene,graphene_2d_materials,Materials Chemistry,18992804,18992804,0,,W1996658603,10.1038/ncomms3096,585,45,openalex_v3_query_core,0,,strict,Graphene research and applications,18992804,Graphene research and applications,Graphene research and applications,0,2025
https://openalex.org/W2807257492,2018,Borophene as a prototype for synthetic 2D materials development,graphene_2d_materials,Materials Chemistry,21291852,21291852,0,,W2807257492,10.1038/s41565-018-0157-4,584,87,openalex_v3_query_core,0,,strict,Boron and Carbon Nanomaterials Research,21291852,Boron and Carbon Nanomaterials Research,Boron and Carbon Nanomaterials Research,0,2025
https://openalex.org/W2954186218,2019,Solid Lubrication with MoS<sub>2</sub>: A Review,graphene_2d_materials,Mechanics of Materials,19044160,19044160,0,,W2954186218,10.3390/lubricants7070057,582,207,openalex_v3_query_core,0,,strict,Metal and Thin Film Mechanics,19044160,Metal and Thin Film Mechanics,Metal and Thin Film Mechanics,0,2025
https://openalex.org/W3165092132,2021,Unipolar barrier photodetectors based on van der Waals heterostructures,graphene_2d_materials,Materials Chemistry,19026997,19026997,0,,W3165092132,10.1038/s41928-021-00586-w,579,49,openalex_v3_query_core,0,,strict,2D Materials and Applications,19026997,2D Materials and Applications,2D Materials and Applications,0,2025
https://openalex.org/W2921483151,2019,Overview of the synthesis of MXenes and other ultrathin 2D transition metal carbides and nitrides,graphene_2d_materials,Materials Chemistry,23488465,23488465,0,,W2921483151,10.1016/j.cossms.2019.02.001,575,120,openalex_v3_query_core,0,,strict,MXene and MAX Phase Materials,23488465,MXene and MAX Phase Materials,MXene and MAX Phase Materials,0,2025
https://openalex.org/W2903561922,2018,Carbon Nanotubes and Related Nanomaterials: Critical Advances and Challenges for Synthesis toward Mainstream Commercial Applications,graphene_2d_materials,Materials Chemistry,18992674,18992674,0,,W2903561922,10.1021/acsnano.8b06511,573,464,openalex_v3_query_core,0,,strict,Carbon Nanotubes in Composites,18992674,Carbon Nanotubes in Composites,Carbon Nanotubes in Composites,0,2025
https://openalex.org/W2082301335,2014,High-temperature superfluidity with indirect excitons in van der Waals heterostructures,graphene_2d_materials,Materials Chemistry,19026997,19026997,0,,W2082301335,10.1038/ncomms5555,570,47,openalex_v3_query_core,0,,strict,2D Materials and Applications,19026997,2D Materials and Applications,2D Materials and Applications,0,2025
https://openalex.org/W1523650291,2015,Hyperbolic phonon-polaritons in boron nitride for near-field optical imaging and focusing,graphene_2d_materials,Civil and Structural Engineering,23557105,23557105,0,,W1523650291,10.1038/ncomms8507,567,44,openalex_v3_query_core,0,,strict,Thermal Radiation and Cooling Technologies,23557105,Thermal Radiation and Cooling Technologies,Thermal Radiation and Cooling Technologies,0,2025
https://openalex.org/W3130616779,2021,Interfacial engineering of Bi2S3/Ti3C2Tx MXene based on work function for rapid photo-excited bacteria-killing,graphene_2d_materials,Materials Chemistry,23488465,23488465,0,,W3130616779,10.1038/s41467-021-21435-6,566,47,openalex_v3_query_core,0,,strict,MXene and MAX Phase Materials,23488465,MXene and MAX Phase Materials,MXene and MAX Phase Materials,0,2025
https://openalex.org/W2805157846,2018,Graphene and graphene oxide as nanomaterials for medicine and biology application,graphene_2d_materials,Biomedical Engineering,23591170,23591170,0,,W2805157846,10.1007/s40097-018-0265-6,562,166,openalex_v3_query_core,0,,strict,Graphene and Nanomaterials Applications,23591170,Graphene and Nanomaterials Applications,Graphene and Nanomaterials Applications,0,2025
https://openalex.org/W3048606076,2020,Rational Design of Two-Dimensional Transition Metal Carbide/Nitride (MXene) Hybrids and Nanocomposites for Catalytic Energy Storage and Conversion,graphene_2d_materials,Materials Chemistry,23488465,23488465,0,,W3048606076,10.1021/acsnano.0c05482,561,311,openalex_v3_query_core,0,,strict,MXene and MAX Phase Materials,23488465,MXene and MAX Phase Materials,MXene and MAX Phase Materials,0,2025
https://openalex.org/W2346956654,2016,Superior visible light hydrogen evolution of Janus bilayer junctions via atomic-level charge flow steering,graphene_2d_materials,"Renewable Energy, Sustainability and the Environment",18992678,18992678,0,,W2346956654,10.1038/ncomms11480,560,30,openalex_v3_query_core,0,,strict,Advanced Photocatalysis Techniques,18992678,Advanced Photocatalysis Techniques,Advanced Photocatalysis Techniques,0,2025
https://openalex.org/W2910757011,2019,Evidence of a gate-tunable Mott insulator in a trilayer graphene moiré superlattice,graphene_2d_materials,"Atomic and Molecular Physics, and Optics",19095381,19095381,0,,W2910757011,10.1038/s41567-018-0387-2,558,29,openalex_v3_query_core,0,,strict,Topological Materials and Phenomena,19095381,Topological Materials and Phenomena,Topological Materials and Phenomena,0,2025
https://openalex.org/W3112646351,2020,Carbon nanotubes: functionalisation and their application in chemical sensors,graphene_2d_materials,Materials Chemistry,18992674,18992674,0,,W3112646351,10.1039/d0ra09438b,553,209,openalex_v3_query_core,0,,strict,Carbon Nanotubes in Composites,18992674,Carbon Nanotubes in Composites,Carbon Nanotubes in Composites,0,2025
https://openalex.org/W3008849464,2020,Metal-free photocatalysts for hydrogen evolution,graphene_2d_materials,"Renewable Energy, Sustainability and the Environment",18992678,18992678,0,,W3008849464,10.1039/c9cs00313d,551,389,openalex_v3_query_core,0,,strict,Advanced Photocatalysis Techniques,18992678,Advanced Photocatalysis Techniques,Advanced Photocatalysis Techniques,0,2025
https://openalex.org/W2891605669,2018,A room-temperature sodium–sulfur battery with high capacity and stable cycling performance,graphene_2d_materials,Electrical and Electronic Engineering,19027124,19027124,0,,W2891605669,10.1038/s41467-018-06443-3,549,66,openalex_v3_query_core,0,,strict,Advanced Battery Materials and Technologies,19027124,Advanced Battery Materials and Technologies,Advanced Battery Materials and Technologies,0,2025
https://openalex.org/W3106615441,2020,Strain engineering of 2D semiconductors and graphene: from strain fields to band-structure tuning and photonic applications,graphene_2d_materials,Materials Chemistry,19026997,19026997,0,,W3106615441,10.1038/s41377-020-00421-5,549,172,openalex_v3_query_core,0,,strict,2D Materials and Applications,19026997,2D Materials and Applications,2D Materials and Applications,0,2025
https://openalex.org/W4220720590,2022,2D materials for future heterogeneous electronics,graphene_2d_materials,Materials Chemistry,19026997,19026997,0,,W4220720590,10.1038/s41467-022-29001-4,548,52,openalex_v3_query_core,0,,strict,2D Materials and Applications,19026997,2D Materials and Applications,2D Materials and Applications,0,2025
https://openalex.org/W4396799358,2024,Photocatalytic Dye Degradation from Textile Wastewater: A Review,graphene_2d_materials,"Renewable Energy, Sustainability and the Environment",18992678,18992678,0,,W4396799358,10.1021/acsomega.4c00887,548,123,openalex_v3_query_core,0,,strict,Advanced Photocatalysis Techniques,18992678,Advanced Photocatalysis Techniques,Advanced Photocatalysis Techniques,0,2025
https://openalex.org/W2528014215,2017,Deterministic strain-induced arrays of quantum emitters in a two-dimensional semiconductor,graphene_2d_materials,Materials Chemistry,19026997,19026997,0,,W2528014215,10.1038/ncomms15053,541,38,openalex_v3_query_core,0,,strict,2D Materials and Applications,19026997,2D Materials and Applications,2D Materials and Applications,0,2025
https://openalex.org/W2929465105,2019,New frontiers for the materials genome initiative,graphene_2d_materials,Materials Chemistry,21394825,21394825,0,,W2929465105,10.1038/s41524-019-0173-4,539,228,openalex_v3_query_core,0,,strict,Machine Learning in Materials Science,21394825,Machine Learning in Materials Science,Machine Learning in Materials Science,0,2025
https://openalex.org/W2991415059,2019,Single-atom cobalt array bound to distorted 1T MoS2 with ensemble effect for hydrogen evolution catalysis,graphene_2d_materials,"Renewable Energy, Sustainability and the Environment",18992146,18992146,0,,W2991415059,10.1038/s41467-019-12997-7,539,57,openalex_v3_query_core,0,,strict,Electrocatalysts for Energy Conversion,18992146,Electrocatalysts for Energy Conversion,Electrocatalysts for Energy Conversion,0,2025
https://openalex.org/W3013034951,2020,Correlated states in twisted double bilayer graphene,graphene_2d_materials,Materials Chemistry,18992804,18992804,0,,W3013034951,10.1038/s41567-020-0825-9,534,62,openalex_v3_query_core,0,,strict,Graphene research and applications,18992804,Graphene research and applications,Graphene research and applications,0,2025
https://openalex.org/W2950601501,2017,Tunable and high-purity room temperature single-photon emission from atomic defects in hexagonal boron nitride,graphene_2d_materials,Materials Chemistry,19061322,19061322,0,,W2950601501,10.1038/s41467-017-00810-2,533,43,openalex_v3_query_core,0,,strict,Diamond and Carbon-based Materials Research,19061322,Diamond and Carbon-based Materials Research,Diamond and Carbon-based Materials Research,0,2025
https://openalex.org/W3184227177,2021,Fractional Chern insulators in magic-angle twisted bilayer graphene,graphene_2d_materials,"Atomic and Molecular Physics, and Optics",19044286,19044286,0,,W3184227177,10.1038/s41586-021-04002-3,533,55,openalex_v3_query_core,0,,strict,Quantum and electron transport phenomena,19044286,Quantum and electron transport phenomena,Quantum and electron transport phenomena,0,2025
https://openalex.org/W4220977047,2022,Recent Advances in Design Strategies and Multifunctionality of Flexible Electromagnetic Interference Shielding Materials,graphene_2d_materials,"Electronic, Optical and Magnetic Materials",21274432,21274432,0,,W4220977047,10.1007/s40820-022-00823-7,532,163,openalex_v3_query_core,0,,strict,Electromagnetic wave absorption materials,21274432,Electromagnetic wave absorption materials,Electromagnetic wave absorption materials,0,2025
https://openalex.org/W3040263581,2020,Insulators for 2D nanoelectronics: the gap to bridge,graphene_2d_materials,Materials Chemistry,18992804,18992804,0,,W3040263581,10.1038/s41467-020-16640-8,530,177,openalex_v3_query_core,0,,strict,Graphene research and applications,18992804,Graphene research and applications,Graphene research and applications,0,2025
https://openalex.org/W2995027688,2021,Quantum Simulators: Architectures and Opportunities,graphene_2d_materials,Artificial Intelligence,19095769,19095769,0,,W2995027688,10.1103/prxquantum.2.017003,529,183,openalex_v3_query_core,0,,strict,Quantum Computing Algorithms and Architecture,19095769,Quantum Computing Algorithms and Architecture,Quantum Computing Algorithms and Architecture,0,2025
https://openalex.org/W3196241303,2022,Interfacial ferroelectricity in rhombohedral-stacked bilayer transition metal dichalcogenides,graphene_2d_materials,Materials Chemistry,19026997,19026997,0,,W3196241303,10.1038/s41565-021-01059-z,529,56,openalex_v3_query_core,0,,strict,2D Materials and Applications,19026997,2D Materials and Applications,2D Materials and Applications,0,2025
https://openalex.org/W2800438361,2018,Atomically thin noble metal dichalcogenide: a broadband mid-infrared semiconductor,graphene_2d_materials,Materials Chemistry,19026997,19026997,0,,W2800438361,10.1038/s41467-018-03935-0,528,54,openalex_v3_query_core,0,,strict,2D Materials and Applications,19026997,2D Materials and Applications,2D Materials and Applications,0,2025
https://openalex.org/W2110321128,2006,Electrostatic modification of novel materials,graphene_2d_materials,Electrical and Electronic Engineering,19061316,19061316,0,,W2110321128,10.1103/revmodphys.78.1185,525,211,openalex_v3_query_core,0,,strict,Semiconductor materials and devices,19061316,Semiconductor materials and devices,Semiconductor materials and devices,0,2025
https://openalex.org/W3125626028,2021,Two-dimensional conjugated metal–organic frameworks (2D <i>c</i>-MOFs): chemistry and function for MOFtronics,graphene_2d_materials,Inorganic Chemistry,18992938,18992938,0,,W3125626028,10.1039/d0cs01160f,525,244,openalex_v3_query_core,0,,strict,Metal-Organic Frameworks: Synthesis and Applications,18992938,Metal-Organic Frameworks: Synthesis and Applications,Metal-Organic Frameworks: Synthesis and Applications,0,2025
https://openalex.org/W2222525807,2016,Highly Sensitive Detection of Polarized Light Using Anisotropic 2D ReS<sub>2</sub>,graphene_2d_materials,Materials Chemistry,19026997,19026997,0,,W2222525807,10.1002/adfm.201504546,524,51,openalex_v3_query_core,0,,strict,2D Materials and Applications,19026997,2D Materials and Applications,2D Materials and Applications,0,2025
https://openalex.org/W3169707058,2021,The rise of intelligent matter,graphene_2d_materials,Electrical and Electronic Engineering,19077560,19077560,0,,W3169707058,10.1038/s41586-021-03453-y,522,124,openalex_v3_query_core,0,,strict,Advanced Memory and Neural Computing,19077560,Advanced Memory and Neural Computing,Advanced Memory and Neural Computing,0,2025
https://openalex.org/W2559776336,2016,"2D materials advances: from large scale synthesis and controlled heterostructures to improved characterization techniques, defects and applications",graphene_2d_materials,Materials Chemistry,19026997,19026997,0,,W2559776336,10.1088/2053-1583/3/4/042001,521,461,openalex_v3_query_core,0,,strict,2D Materials and Applications,19026997,2D Materials and Applications,2D Materials and Applications,0,2025
https://openalex.org/W1857639049,2015,Transport properties of pristine few-layer black phosphorus by van der Waals passivation in an inert atmosphere,graphene_2d_materials,Materials Chemistry,19026997,19026997,0,,W1857639049,10.1038/ncomms7647,520,39,openalex_v3_query_core,0,,strict,2D Materials and Applications,19026997,2D Materials and Applications,2D Materials and Applications,0,2025
https://openalex.org/W2031378143,2013,Novel hetero-layered materials with tunable direct band gaps by sandwiching different metal disulfides and diselenides,graphene_2d_materials,Materials Chemistry,19026997,19026997,0,,W2031378143,10.1038/srep01549,519,50,openalex_v3_query_core,0,,strict,2D Materials and Applications,19026997,2D Materials and Applications,2D Materials and Applications,0,2025
https://openalex.org/W3030008171,2020,S<scp>iesta</scp>: Recent developments and applications,graphene_2d_materials,Materials Chemistry,21394825,21394825,0,,W3030008171,10.1063/5.0005077,519,156,openalex_v3_query_core,0,,strict,Machine Learning in Materials Science,21394825,Machine Learning in Materials Science,Machine Learning in Materials Science,0,2025
https://openalex.org/W2010289698,2014,Twist-controlled resonant tunnelling in graphene/boron nitride/graphene heterostructures,graphene_2d_materials,Materials Chemistry,18992804,18992804,0,,W2010289698,10.1038/nnano.2014.187,517,55,openalex_v3_query_core,0,,strict,Graphene research and applications,18992804,Graphene research and applications,Graphene research and applications,0,2025
https://openalex.org/W4296766770,2022,Deterministic fabrication of 3D/2D perovskite bilayer stacks for durable and efficient solar cells,graphene_2d_materials,Electrical and Electronic Engineering,19026606,19026606,0,,W4296766770,10.1126/science.abq7652,517,66,openalex_v3_query_core,0,,strict,Perovskite Materials and Applications,19026606,Perovskite Materials and Applications,Perovskite Materials and Applications,0,2025
https://openalex.org/W2922318702,2020,Tunable spin-polarized correlated states in twisted double bilayer graphene,graphene_2d_materials,Materials Chemistry,18992804,18992804,0,,W2922318702,10.1038/s41586-020-2458-7,515,46,openalex_v3_query_core,0,,strict,Graphene research and applications,18992804,Graphene research and applications,Graphene research and applications,0,2025
https://openalex.org/W4283268869,2022,Carbon nanomaterials and their composites for supercapacitors,graphene_2d_materials,"Electronic, Optical and Magnetic Materials",19009840,19009840,0,,W4283268869,10.1002/cey2.219,513,157,openalex_v3_query_core,0,,strict,Supercapacitor Materials and Fabrication,19009840,Supercapacitor Materials and Fabrication,Supercapacitor Materials and Fabrication,0,2025
https://openalex.org/W2012042716,2015,CuInP<sub>2</sub>S<sub>6</sub> Room Temperature Layered Ferroelectric,graphene_2d_materials,Materials Chemistry,18992804,18992804,0,,W2012042716,10.1021/acs.nanolett.5b00491,512,29,openalex_v3_query_core,0,,strict,Graphene research and applications,18992804,Graphene research and applications,Graphene research and applications,0,2025
https://openalex.org/W2259913129,2015,High-quality sandwiched black phosphorus heterostructure and its quantum oscillations,graphene_2d_materials,Materials Chemistry,19026997,19026997,0,,W2259913129,10.1038/ncomms8315,508,49,openalex_v3_query_core,0,,strict,2D Materials and Applications,19026997,2D Materials and Applications,2D Materials and Applications,0,2025
https://openalex.org/W2938046630,2019,Room-temperature ferroelectricity in MoTe2 down to the atomic monolayer limit,graphene_2d_materials,Materials Chemistry,19026997,19026997,0,,W2938046630,10.1038/s41467-019-09669-x,507,33,openalex_v3_query_core,0,,strict,2D Materials and Applications,19026997,2D Materials and Applications,2D Materials and Applications,0,2025
https://openalex.org/W2146256920,2015,Exciton–polaritons in van der Waals heterostructures embedded in tunable microcavities,graphene_2d_materials,"Atomic and Molecular Physics, and Optics",23591034,23591034,0,,W2146256920,10.1038/ncomms9579,505,69,openalex_v3_query_core,0,,strict,Strong Light-Matter Interactions,23591034,Strong Light-Matter Interactions,Strong Light-Matter Interactions,0,2025
https://openalex.org/W3006592299,2020,Z‐Scheme Photocatalytic Systems for Solar Water Splitting,graphene_2d_materials,"Renewable Energy, Sustainability and the Environment",18992678,18992678,0,,W3006592299,10.1002/advs.201903171,503,150,openalex_v3_query_core,0,,strict,Advanced Photocatalysis Techniques,18992678,Advanced Photocatalysis Techniques,Advanced Photocatalysis Techniques,0,2025
https://openalex.org/W2914440772,2019,Trifluoroacetate induced small-grained CsPbBr3 perovskite films result in efficient and stable light-emitting devices,graphene_2d_materials,Electrical and Electronic Engineering,19026606,19026606,0,,W2914440772,10.1038/s41467-019-08425-5,500,59,openalex_v3_query_core,0,,strict,Perovskite Materials and Applications,19026606,Perovskite Materials and Applications,Perovskite Materials and Applications,0,2025
https://openalex.org/W2792134346,2018,Cleaning interfaces in layered materials heterostructures,graphene_2d_materials,Materials Chemistry,18992804,18992804,0,,W2792134346,10.1038/s41467-018-07558-3,485,86,openalex_v3_query_core,0,,strict,Graphene research and applications,18992804,Graphene research and applications,Graphene research and applications,0,2025
https://openalex.org/W2802725407,2018,Engineering graphene and TMDs based van der Waals heterostructures for photovoltaic and photoelectrochemical solar energy conversion,graphene_2d_materials,Materials Chemistry,18992804,18992804,0,,W2802725407,10.1039/c8cs00067k,485,522,openalex_v3_query_core,0,,strict,Graphene research and applications,18992804,Graphene research and applications,Graphene research and applications,0,2025
https://openalex.org/W2623360109,2017,"Recent Advances of Graphitic Carbon Nitride-Based Structures and Applications in Catalyst, Sensing, Imaging, and LEDs",graphene_2d_materials,"Renewable Energy, Sustainability and the Environment",18992678,18992678,0,,W2623360109,10.1007/s40820-017-0148-2,483,153,openalex_v3_query_core,0,,strict,Advanced Photocatalysis Techniques,18992678,Advanced Photocatalysis Techniques,Advanced Photocatalysis Techniques,0,2025
https://openalex.org/W2944003444,2019,Covalent organic framework membranes through a mixed-dimensional assembly for molecular separations,graphene_2d_materials,Materials Chemistry,23488336,23488336,0,,W2944003444,10.1038/s41467-019-10157-5,478,72,openalex_v3_query_core,0,,strict,Covalent Organic Framework Applications,23488336,Covalent Organic Framework Applications,Covalent Organic Framework Applications,0,2025
https://openalex.org/W2797220653,2018,Electron density modulation of NiCo2S4 nanowires by nitrogen incorporation for highly efficient hydrogen evolution catalysis,graphene_2d_materials,"Renewable Energy, Sustainability and the Environment",18992146,18992146,0,,W2797220653,10.1038/s41467-018-03858-w,476,50,openalex_v3_query_core,0,,strict,Electrocatalysts for Energy Conversion,18992146,Electrocatalysts for Energy Conversion,Electrocatalysts for Energy Conversion,0,2025
https://openalex.org/W1980119814,2014,Photocarrier relaxation pathway in two-dimensional semiconducting transition metal dichalcogenides,graphene_2d_materials,Materials Chemistry,19026997,19026997,0,,W1980119814,10.1038/ncomms5543,475,66,openalex_v3_query_core,0,,strict,2D Materials and Applications,19026997,2D Materials and Applications,2D Materials and Applications,0,2025
https://openalex.org/W2560701263,2016,MoS<sub>2</sub>‐Based Nanocomposites for Electrochemical Energy Storage,graphene_2d_materials,"Electronic, Optical and Magnetic Materials",19009840,19009840,0,,W2560701263,10.1002/advs.201600289,474,173,openalex_v3_query_core,0,,strict,Supercapacitor Materials and Fabrication,19009840,Supercapacitor Materials and Fabrication,Supercapacitor Materials and Fabrication,0,2025
https://openalex.org/W2609259885,2017,"Crystal and Magnetic Structures in Layered, Transition Metal Dihalides and Trihalides",graphene_2d_materials,Materials Chemistry,19026997,19026997,0,,W2609259885,10.3390/cryst7050121,473,149,openalex_v3_query_core,0,,strict,2D Materials and Applications,19026997,2D Materials and Applications,2D Materials and Applications,0,2025
https://openalex.org/W2973670908,2020,<i>Colloquium</i>: Spintronics in graphene and other two-dimensional materials,graphene_2d_materials,Materials Chemistry,18992804,18992804,0,,W2973670908,10.1103/revmodphys.92.021003,473,349,openalex_v3_query_core,0,,strict,Graphene research and applications,18992804,Graphene research and applications,Graphene research and applications,0,2025
https://openalex.org/W1918899533,2015,Subdiffractional focusing and guiding of polaritonic rays in a natural hyperbolic material,graphene_2d_materials,Biomedical Engineering,19027259,19027259,0,,W1918899533,10.1038/ncomms7963,472,56,openalex_v3_query_core,0,,strict,Plasmonic and Surface Plasmon Research,19027259,Plasmonic and Surface Plasmon Research,Plasmonic and Surface Plasmon Research,0,2025
https://openalex.org/W2770701804,2017,Van der Waals epitaxial growth and optoelectronics of large-scale WSe2/SnS2 vertical bilayer p–n junctions,graphene_2d_materials,Materials Chemistry,19026997,19026997,0,,W2770701804,10.1038/s41467-017-02093-z,470,73,openalex_v3_query_core,0,,strict,2D Materials and Applications,19026997,2D Materials and Applications,2D Materials and Applications,0,2025
https://openalex.org/W3021509389,2020,Stable mid-infrared polarization imaging based on quasi-2D tellurium at room temperature,graphene_2d_materials,"Atomic and Molecular Physics, and Optics",19147258,19147258,0,,W3021509389,10.1038/s41467-020-16125-8,470,58,openalex_v3_query_core,0,,strict,Advanced Fiber Laser Technologies,19147258,Advanced Fiber Laser Technologies,Advanced Fiber Laser Technologies,0,2025
https://openalex.org/W3135297612,2021,"Strain engineering of <scp>two‐dimensional</scp> materials: Methods, properties, and applications",graphene_2d_materials,Materials Chemistry,19026997,19026997,0,,W3135297612,10.1002/inf2.12177,469,156,openalex_v3_query_core,0,,strict,2D Materials and Applications,19026997,2D Materials and Applications,2D Materials and Applications,0,2025
https://openalex.org/W2294340956,2017,Resilient control under Denial-of-Service: Robust design,graphene_2d_materials,Control and Systems Engineering,19146340,19146340,0,,W2294340956,10.1016/j.automatica.2017.01.031,468,34,openalex_v3_query_core,0,,strict,Smart Grid Security and Resilience,19146340,Smart Grid Security and Resilience,Smart Grid Security and Resilience,0,2025
https://openalex.org/W2950438942,2019,High areal capacity battery electrodes enabled by segregated nanotube networks,graphene_2d_materials,Electrical and Electronic Engineering,18991892,18991892,0,,W2950438942,10.1038/s41560-019-0398-y,464,39,openalex_v3_query_core,0,,strict,Advancements in Battery Materials,18991892,Advancements in Battery Materials,Advancements in Battery Materials,0,2025
https://openalex.org/W3020956046,2020,Two-dimensional halide perovskite lateral epitaxial heterostructures,graphene_2d_materials,Electrical and Electronic Engineering,19026606,19026606,0,,W3020956046,10.1038/s41586-020-2219-7,463,58,openalex_v3_query_core,0,,strict,Perovskite Materials and Applications,19026606,Perovskite Materials and Applications,Perovskite Materials and Applications,0,2025
https://openalex.org/W1992164304,2014,Ytterbium-doped fiber laser passively mode locked by few-layer Molybdenum Disulfide (MoS2) saturable absorber functioned with evanescent field interaction,graphene_2d_materials,"Atomic and Molecular Physics, and Optics",19147258,19147258,0,,W1992164304,10.1038/srep06346,460,43,openalex_v3_query_core,0,,strict,Advanced Fiber Laser Technologies,19147258,Advanced Fiber Laser Technologies,Advanced Fiber Laser Technologies,0,2025
https://openalex.org/W2794169719,2018,Epitaxial growth of hybrid nanostructures,graphene_2d_materials,Materials Chemistry,19043499,19043499,0,,W2794169719,10.1038/natrevmats.2017.89,460,127,openalex_v3_query_core,0,,strict,Quantum Dots Synthesis And Properties,19043499,Quantum Dots Synthesis And Properties,Quantum Dots Synthesis And Properties,0,2025
https://openalex.org/W3207283791,2021,Recent Progress on Two-Dimensional Materials,graphene_2d_materials,Materials Chemistry,23488465,23488465,0,,W3207283791,10.3866/pku.whxb202108017,459,978,openalex_v3_query_core,0,,strict,MXene and MAX Phase Materials,23488465,MXene and MAX Phase Materials,MXene and MAX Phase Materials,0,2025
https://openalex.org/W3152478894,2021,"Fabrication, Functionalization, and Application of Carbon Nanotube-Reinforced Polymer Composite: An Overview",graphene_2d_materials,Materials Chemistry,18992674,18992674,0,,W3152478894,10.3390/polym13071047,458,310,openalex_v3_query_core,0,,strict,Carbon Nanotubes in Composites,18992674,Carbon Nanotubes in Composites,Carbon Nanotubes in Composites,0,2025
https://openalex.org/W2021067037,2014,Graphene–MoS2 hybrid nanostructures enhanced surface plasmon resonance biosensors,graphene_2d_materials,Biomedical Engineering,19027259,19027259,0,,W2021067037,10.1016/j.snb.2014.10.124,457,59,openalex_v3_query_core,0,,strict,Plasmonic and Surface Plasmon Research,19027259,Plasmonic and Surface Plasmon Research,Plasmonic and Surface Plasmon Research,0,2025
https://openalex.org/W1868805735,2015,Atomically thin resonant tunnel diodes built from synthetic van der Waals heterostructures,graphene_2d_materials,Materials Chemistry,18992804,18992804,0,,W1868805735,10.1038/ncomms8311,457,68,openalex_v3_query_core,0,,strict,Graphene research and applications,18992804,Graphene research and applications,Graphene research and applications,0,2025
https://openalex.org/W2303258242,2015,Characterization of MoS<sub>2</sub>–Graphene Composites for High-Performance Coin Cell Supercapacitors,graphene_2d_materials,"Electronic, Optical and Magnetic Materials",19009840,19009840,0,,W2303258242,10.1021/acsami.5b04672,454,64,openalex_v3_query_core,0,,strict,Supercapacitor Materials and Fabrication,19009840,Supercapacitor Materials and Fabrication,Supercapacitor Materials and Fabrication,0,2025
https://openalex.org/W2916674581,2023,The 2023 terahertz science and technology roadmap,graphene_2d_materials,Electrical and Electronic Engineering,19112537,19112537,0,,W2916674581,10.1088/1361-6463/acbe4c,452,296,openalex_v3_query_core,0,,strict,Terahertz technology and applications,19112537,Terahertz technology and applications,Terahertz technology and applications,0,2025
https://openalex.org/W4392015766,2024,Fractional quantum anomalous Hall effect in multilayer graphene,graphene_2d_materials,"Atomic and Molecular Physics, and Optics",19044286,19044286,0,,W4392015766,10.1038/s41586-023-07010-7,452,82,openalex_v3_query_core,0,,strict,Quantum and electron transport phenomena,19044286,Quantum and electron transport phenomena,Quantum and electron transport phenomena,0,2025
https://openalex.org/W1898372800,2015,Two-Dimensional Materials for Sensing: Graphene and Beyond,graphene_2d_materials,Electrical and Electronic Engineering,19061184,19061184,0,,W1898372800,10.3390/electronics4030651,450,197,openalex_v3_query_core,0,,strict,Gas Sensing Nanomaterials and Sensors,19061184,Gas Sensing Nanomaterials and Sensors,Gas Sensing Nanomaterials and Sensors,0,2025
https://openalex.org/W3167157037,2021,Silicon/2D-material photodetectors: from near-infrared to mid-infrared,graphene_2d_materials,Electrical and Electronic Engineering,19027263,19027263,0,,W3167157037,10.1038/s41377-021-00551-4,449,196,openalex_v3_query_core,0,,strict,Photonic and Optical Devices,19027263,Photonic and Optical Devices,Photonic and Optical Devices,0,2025
https://openalex.org/W2118253891,2015,The rare two-dimensional materials with Dirac cones,graphene_2d_materials,Materials Chemistry,18992804,18992804,0,,W2118253891,10.1093/nsr/nwu080,447,173,openalex_v3_query_core,0,,strict,Graphene research and applications,18992804,Graphene research and applications,Graphene research and applications,0,2025
https://openalex.org/W3154385797,2021,"Intercalated architecture of MA2Z4 family layered van der Waals materials with emerging topological, magnetic and superconducting properties",graphene_2d_materials,Materials Chemistry,19026997,19026997,0,,W3154385797,10.1038/s41467-021-22324-8,447,87,openalex_v3_query_core,0,,strict,2D Materials and Applications,19026997,2D Materials and Applications,2D Materials and Applications,0,2025
https://openalex.org/W3097323184,2020,Logic-in-memory based on an atomically thin semiconductor,graphene_2d_materials,Materials Chemistry,19026997,19026997,0,,W3097323184,10.1038/s41586-020-2861-0,446,50,openalex_v3_query_core,0,,strict,2D Materials and Applications,19026997,2D Materials and Applications,2D Materials and Applications,0,2025
https://openalex.org/W2552640354,2016,Phosphorene/rhenium disulfide heterojunction-based negative differential resistance device for multi-valued logic,graphene_2d_materials,Electrical and Electronic Engineering,19077560,19077560,0,,W2552640354,10.1038/ncomms13413,445,51,openalex_v3_query_core,0,,strict,Advanced Memory and Neural Computing,19077560,Advanced Memory and Neural Computing,Advanced Memory and Neural Computing,0,2025
https://openalex.org/W2771653572,2017,Ultralow-loss polaritons in isotopically pure boron nitride,graphene_2d_materials,Civil and Structural Engineering,23557105,23557105,0,,W2771653572,10.1038/nmat5047,444,37,openalex_v3_query_core,0,,strict,Thermal Radiation and Cooling Technologies,23557105,Thermal Radiation and Cooling Technologies,Thermal Radiation and Cooling Technologies,0,2025
https://openalex.org/W1953096683,2015,Strong interface-induced spin–orbit interaction in graphene on WS2,graphene_2d_materials,Materials Chemistry,18992804,18992804,0,,W1953096683,10.1038/ncomms9339,442,60,openalex_v3_query_core,0,,strict,Graphene research and applications,18992804,Graphene research and applications,Graphene research and applications,0,2025
https://openalex.org/W4394680686,2024,Zn-based batteries for sustainable energy storage: strategies and mechanisms,graphene_2d_materials,Electrical and Electronic Engineering,21343989,21343989,0,,W4394680686,10.1039/d3cs00295k,442,518,openalex_v3_query_core,0,,strict,Advanced battery technologies research,21343989,Advanced battery technologies research,Advanced battery technologies research,0,2025
https://openalex.org/W2000573041,2014,Probing excitonic states in suspended two-dimensional semiconductors by photocurrent spectroscopy,graphene_2d_materials,Materials Chemistry,19026997,19026997,0,,W2000573041,10.1038/srep06608,441,91,openalex_v3_query_core,0,,strict,2D Materials and Applications,19026997,2D Materials and Applications,2D Materials and Applications,0,2025
https://openalex.org/W3015917372,2020,Cascade of electronic transitions in magic-angle twisted bilayer graphene,graphene_2d_materials,Materials Chemistry,18992804,18992804,0,,W3015917372,10.1038/s41586-020-2339-0,441,42,openalex_v3_query_core,0,,strict,Graphene research and applications,18992804,Graphene research and applications,Graphene research and applications,0,2025
https://openalex.org/W3013168356,2020,Atomic reconstruction in twisted bilayers of transition metal dichalcogenides,graphene_2d_materials,Materials Chemistry,19026997,19026997,0,,W3013168356,10.1038/s41565-020-0682-9,440,30,openalex_v3_query_core,0,,strict,2D Materials and Applications,19026997,2D Materials and Applications,2D Materials and Applications,0,2025
https://openalex.org/W2550520223,2016,Review of two-dimensional materials for photocatalytic water splitting from a theoretical perspective,graphene_2d_materials,"Renewable Energy, Sustainability and the Environment",18992678,18992678,0,,W2550520223,10.1039/c6cy02178f,439,140,openalex_v3_query_core,0,,strict,Advanced Photocatalysis Techniques,18992678,Advanced Photocatalysis Techniques,Advanced Photocatalysis Techniques,0,2025
https://openalex.org/W2790332841,2018,Monolayer atomic crystal molecular superlattices,graphene_2d_materials,Materials Chemistry,19026997,19026997,0,,W2790332841,10.1038/nature25774,439,61,openalex_v3_query_core,0,,strict,2D Materials and Applications,19026997,2D Materials and Applications,2D Materials and Applications,0,2025
https://openalex.org/W2912008130,2019,Graphene Oxide and Derivatives: The Place in Graphene Family,graphene_2d_materials,Materials Chemistry,18992804,18992804,0,,W2912008130,10.3389/fphy.2018.00149,438,134,openalex_v3_query_core,0,,strict,Graphene research and applications,18992804,Graphene research and applications,Graphene research and applications,0,2025
https://openalex.org/W3177839310,2021,The Main Progress of Perovskite Solar Cells in 2020–2021,graphene_2d_materials,Electrical and Electronic Engineering,19026606,19026606,0,,W3177839310,10.1007/s40820-021-00672-w,438,90,openalex_v3_query_core,0,,strict,Perovskite Materials and Applications,19026606,Perovskite Materials and Applications,Perovskite Materials and Applications,0,2025
https://openalex.org/W2037961889,2011,Nobel Lecture: Random walk to graphene,graphene_2d_materials,Materials Chemistry,18992804,18992804,0,,W2037961889,10.1103/revmodphys.83.851,435,89,openalex_v3_query_core,0,,strict,Graphene research and applications,18992804,Graphene research and applications,Graphene research and applications,0,2025
https://openalex.org/W2809332576,2018,Two-dimensional materials with piezoelectric and ferroelectric functionalities,graphene_2d_materials,Materials Chemistry,19026997,19026997,0,,W2809332576,10.1038/s41699-018-0063-5,435,127,openalex_v3_query_core,0,,strict,2D Materials and Applications,19026997,2D Materials and Applications,2D Materials and Applications,0,2025
https://openalex.org/W2999123343,2020,Elastic straining of free-standing monolayer graphene,graphene_2d_materials,Materials Chemistry,18992804,18992804,0,,W2999123343,10.1038/s41467-019-14130-0,435,52,openalex_v3_query_core,0,,strict,Graphene research and applications,18992804,Graphene research and applications,Graphene research and applications,0,2025
https://openalex.org/W2753891136,2017,Review on the Antimicrobial Properties of Carbon Nanostructures,graphene_2d_materials,Biomedical Engineering,23591170,23591170,0,,W2753891136,10.3390/ma10091066,434,182,openalex_v3_query_core,0,,strict,Graphene and Nanomaterials Applications,23591170,Graphene and Nanomaterials Applications,Graphene and Nanomaterials Applications,0,2025
https://openalex.org/W2774352386,2017,Mid‐infrared integrated photonics on silicon: a perspective,graphene_2d_materials,Electrical and Electronic Engineering,19027263,19027263,0,,W2774352386,10.1515/nanoph-2017-0085,434,215,openalex_v3_query_core,0,,strict,Photonic and Optical Devices,19027263,Photonic and Optical Devices,Photonic and Optical Devices,0,2025
https://openalex.org/W3174385126,2021,A flexible ultrasensitive optoelectronic sensor array for neuromorphic vision systems,graphene_2d_materials,Electrical and Electronic Engineering,19077560,19077560,0,,W3174385126,10.1038/s41467-021-22047-w,434,54,openalex_v3_query_core,0,,strict,Advanced Memory and Neural Computing,19077560,Advanced Memory and Neural Computing,Advanced Memory and Neural Computing,0,2025
https://openalex.org/W2103437569,2013,Selective Decoration of Au Nanoparticles on Monolayer MoS2 Single Crystals,graphene_2d_materials,Materials Chemistry,19026997,19026997,0,,W2103437569,10.1038/srep01839,433,51,openalex_v3_query_core,0,,strict,2D Materials and Applications,19026997,2D Materials and Applications,2D Materials and Applications,0,2025
https://openalex.org/W2605935851,2017,Strong-coupling of WSe2 in ultra-compact plasmonic nanocavities at room temperature,graphene_2d_materials,"Atomic and Molecular Physics, and Optics",23591034,23591034,0,,W2605935851,10.1038/s41467-017-01398-3,431,54,openalex_v3_query_core,0,,strict,Strong Light-Matter Interactions,23591034,Strong Light-Matter Interactions,Strong Light-Matter Interactions,0,2025
https://openalex.org/W2766463792,2017,Fully inkjet-printed two-dimensional material field-effect heterojunctions for wearable and textile electronics,graphene_2d_materials,Biomedical Engineering,19043637,19043637,0,,W2766463792,10.1038/s41467-017-01210-2,430,88,openalex_v3_query_core,0,,strict,Advanced Sensor and Energy Harvesting Materials,19043637,Advanced Sensor and Energy Harvesting Materials,Advanced Sensor and Energy Harvesting Materials,0,2025
https://openalex.org/W2307514474,2015,"Highly Stable, Dual-Gated MoS<sub>2</sub>Transistors Encapsulated by Hexagonal Boron Nitride with Gate-Controllable Contact, Resistance, and Threshold Voltage",graphene_2d_materials,Materials Chemistry,19026997,19026997,0,,W2307514474,10.1021/acsnano.5b01341,429,51,openalex_v3_query_core,0,,strict,2D Materials and Applications,19026997,2D Materials and Applications,2D Materials and Applications,0,2025
https://openalex.org/W3111387078,2020,"Photocatalytic CO<sub>2</sub>Reduction: A Review of Ab Initio Mechanism, Kinetics, and Multiscale Modeling Simulations",graphene_2d_materials,"Renewable Energy, Sustainability and the Environment",18992678,18992678,0,,W3111387078,10.1021/acscatal.0c02557,428,194,openalex_v3_query_core,0,,strict,Advanced Photocatalysis Techniques,18992678,Advanced Photocatalysis Techniques,Advanced Photocatalysis Techniques,0,2025
https://openalex.org/W2509583902,2016,Raman spectroscopy of atomically thin two-dimensional magnetic iron phosphorus trisulfide (FePS <sub>3</sub> ) crystals,graphene_2d_materials,Materials Chemistry,19026997,19026997,0,,W2509583902,10.1088/2053-1583/3/3/031009,427,66,openalex_v3_query_core,0,,strict,2D Materials and Applications,19026997,2D Materials and Applications,2D Materials and Applications,0,2025
https://openalex.org/W2512054889,2016,Superlattice-Induced Insulating States and Valley-Protected Orbits in Twisted Bilayer Graphene,graphene_2d_materials,Materials Chemistry,18992804,18992804,0,,W2512054889,10.1103/physrevlett.117.116804,426,42,openalex_v3_query_core,0,,strict,Graphene research and applications,18992804,Graphene research and applications,Graphene research and applications,0,2025
https://openalex.org/W3139814654,2021,"Interlayer exciton formation, relaxation, and transport in TMD van der Waals heterostructures",graphene_2d_materials,Materials Chemistry,19026997,19026997,0,,W3139814654,10.1038/s41377-021-00500-1,426,232,openalex_v3_query_core,0,,strict,2D Materials and Applications,19026997,2D Materials and Applications,2D Materials and Applications,0,2025
https://openalex.org/W4399369355,2024,Ultrafast electron transfer at the In2O3/Nb2O5 S-scheme interface for CO2 photoreduction,graphene_2d_materials,"Renewable Energy, Sustainability and the Environment",18992678,18992678,0,,W4399369355,10.1038/s41467-024-49004-7,426,59,openalex_v3_query_core,0,,strict,Advanced Photocatalysis Techniques,18992678,Advanced Photocatalysis Techniques,Advanced Photocatalysis Techniques,0,2025
https://openalex.org/W2095509694,2014,Principle of direct van der Waals epitaxy of single-crystalline films on epitaxial graphene,graphene_2d_materials,"Electronic, Optical and Magnetic Materials",23574011,23574011,0,,W2095509694,10.1038/ncomms5836,425,31,openalex_v3_query_core,0,,strict,Ga2O3 and related materials,23574011,Ga2O3 and related materials,Ga2O3 and related materials,0,2025
https://openalex.org/W2078536002,2013,Gate-tunable carbon nanotube–MoS <sub>2</sub> heterojunction p-n diode,graphene_2d_materials,Materials Chemistry,18992804,18992804,0,,W2078536002,10.1073/pnas.1317226110,424,56,openalex_v3_query_core,0,,strict,Graphene research and applications,18992804,Graphene research and applications,Graphene research and applications,0,2025
https://openalex.org/W2430373430,2016,Sensitivity Enhancement of Transition Metal Dichalcogenides/Silicon Nanostructure-based Surface Plasmon Resonance Biosensor,graphene_2d_materials,Molecular Biology,19026082,19026082,0,,W2430373430,10.1038/srep28190,423,56,openalex_v3_query_core,0,,strict,Advanced biosensing and bioanalysis techniques,19026082,Advanced biosensing and bioanalysis techniques,Advanced biosensing and bioanalysis techniques,0,2025
https://openalex.org/W2524572870,2016,Beyond methylammonium lead iodide: prospects for the emergent field of ns<sup>2</sup>containing solar absorbers,graphene_2d_materials,Electrical and Electronic Engineering,19026606,19026606,0,,W2524572870,10.1039/c6cc06475b,423,462,openalex_v3_query_core,0,,strict,Perovskite Materials and Applications,19026606,Perovskite Materials and Applications,Perovskite Materials and Applications,0,2025
https://openalex.org/W2748662798,2017,Hydrogel Based Sensors for Biomedical Applications: An Updated Review,graphene_2d_materials,Molecular Biology,19026082,19026082,0,,W2748662798,10.3390/polym9080364,423,270,openalex_v3_query_core,0,,strict,Advanced biosensing and bioanalysis techniques,19026082,Advanced biosensing and bioanalysis techniques,Advanced biosensing and bioanalysis techniques,0,2025
https://openalex.org/W2768069631,2017,Iced photochemical reduction to synthesize atomically dispersed metals by suppressing nanocrystal growth,graphene_2d_materials,"Renewable Energy, Sustainability and the Environment",18992146,18992146,0,,W2768069631,10.1038/s41467-017-01521-4,423,56,openalex_v3_query_core,0,,strict,Electrocatalysts for Energy Conversion,18992146,Electrocatalysts for Energy Conversion,Electrocatalysts for Energy Conversion,0,2025
https://openalex.org/W3000943275,2020,Recent Progress of Two-Dimensional Thermoelectric Materials,graphene_2d_materials,Materials Chemistry,19026997,19026997,0,,W3000943275,10.1007/s40820-020-0374-x,421,281,openalex_v3_query_core,0,,strict,2D Materials and Applications,19026997,2D Materials and Applications,2D Materials and Applications,0,2025
https://openalex.org/W2256401257,2015,Large-area synthesis of high-quality and uniform monolayer WS2 on reusable Au foils,graphene_2d_materials,Materials Chemistry,19026997,19026997,0,,W2256401257,10.1038/ncomms9569,420,60,openalex_v3_query_core,0,,strict,2D Materials and Applications,19026997,2D Materials and Applications,2D Materials and Applications,0,2025
https://openalex.org/W2748520008,2017,High-quality monolayer superconductor NbSe2 grown by chemical vapour deposition,graphene_2d_materials,Materials Chemistry,19026997,19026997,0,,W2748520008,10.1038/s41467-017-00427-5,418,56,openalex_v3_query_core,0,,strict,2D Materials and Applications,19026997,2D Materials and Applications,2D Materials and Applications,0,2025
https://openalex.org/W2768331633,2017,A two-dimensional Fe-doped SnS2 magnetic semiconductor,graphene_2d_materials,Materials Chemistry,19026997,19026997,0,,W2768331633,10.1038/s41467-017-02077-z,418,56,openalex_v3_query_core,0,,strict,2D Materials and Applications,19026997,2D Materials and Applications,2D Materials and Applications,0,2025
https://openalex.org/W2513770285,2016,Ultrafast formation of interlayer hot excitons in atomically thin MoS2/WS2 heterostructures,graphene_2d_materials,Materials Chemistry,19026997,19026997,0,,W2513770285,10.1038/ncomms12512,417,43,openalex_v3_query_core,0,,strict,2D Materials and Applications,19026997,2D Materials and Applications,2D Materials and Applications,0,2025
https://openalex.org/W2397011628,2016,"Black Phosphorus Nanosheets: Synthesis, Characterization and Applications",graphene_2d_materials,Materials Chemistry,19026997,19026997,0,,W2397011628,10.1002/smll.201600032,416,243,openalex_v3_query_core,0,,strict,2D Materials and Applications,19026997,2D Materials and Applications,2D Materials and Applications,0,2025
https://openalex.org/W3009350640,2020,Efficient strain modulation of 2D materials via polymer encapsulation,graphene_2d_materials,Materials Chemistry,19026997,19026997,0,,W3009350640,10.1038/s41467-020-15023-3,414,52,openalex_v3_query_core,0,,strict,2D Materials and Applications,19026997,2D Materials and Applications,2D Materials and Applications,0,2025
https://openalex.org/W4387109629,2023,"Recent advances in semiconductor heterojunctions: a detailed review of the fundamentals of photocatalysis, charge transfer mechanism and materials",graphene_2d_materials,"Renewable Energy, Sustainability and the Environment",18992678,18992678,0,,W4387109629,10.1039/d3lf00126a,414,319,openalex_v3_query_core,0,,strict,Advanced Photocatalysis Techniques,18992678,Advanced Photocatalysis Techniques,Advanced Photocatalysis Techniques,0,2025
https://openalex.org/W2258171898,2016,"Low-Resistance 2D/2D Ohmic Contacts: A Universal Approach to High-Performance WSe<sub>2</sub>, MoS<sub>2</sub>, and MoSe<sub>2</sub> Transistors",graphene_2d_materials,Materials Chemistry,19026997,19026997,0,,W2258171898,10.1021/acs.nanolett.5b05066,413,55,openalex_v3_query_core,0,,strict,2D Materials and Applications,19026997,2D Materials and Applications,2D Materials and Applications,0,2025
https://openalex.org/W2790153257,2018,Hard magnetic properties in nanoflake van der Waals Fe3GeTe2,graphene_2d_materials,Materials Chemistry,19026997,19026997,0,,W2790153257,10.1038/s41467-018-04018-w,413,53,openalex_v3_query_core,0,,strict,2D Materials and Applications,19026997,2D Materials and Applications,2D Materials and Applications,0,2025
https://openalex.org/W2905633170,2018,Tribology of two-dimensional materials: From mechanisms to modulating strategies,graphene_2d_materials,Materials Chemistry,18992804,18992804,0,,W2905633170,10.1016/j.mattod.2018.12.002,413,246,openalex_v3_query_core,0,,strict,Graphene research and applications,18992804,Graphene research and applications,Graphene research and applications,0,2025
https://openalex.org/W2962009064,2019,The GW Compendium: A Practical Guide to Theoretical Photoemission Spectroscopy,graphene_2d_materials,"Atomic and Molecular Physics, and Optics",18991755,18991755,0,,W2962009064,10.3389/fchem.2019.00377,413,593,openalex_v3_query_core,0,,strict,Advanced Chemical Physics Studies,18991755,Advanced Chemical Physics Studies,Advanced Chemical Physics Studies,0,2025
https://openalex.org/W3011774628,2020,Gas Sensors Based on Chemi-Resistive Hybrid Functional Nanomaterials,graphene_2d_materials,Electrical and Electronic Engineering,19061184,19061184,0,,W3011774628,10.1007/s40820-020-0407-5,413,331,openalex_v3_query_core,0,,strict,Gas Sensing Nanomaterials and Sensors,19061184,Gas Sensing Nanomaterials and Sensors,Gas Sensing Nanomaterials and Sensors,0,2025
https://openalex.org/W3136985514,2021,Multifunctional antiferromagnetic materials with giant piezomagnetism and noncollinear spin current,graphene_2d_materials,Materials Chemistry,19026997,19026997,0,,W3136985514,10.1038/s41467-021-23127-7,413,54,openalex_v3_query_core,0,,strict,2D Materials and Applications,19026997,2D Materials and Applications,2D Materials and Applications,0,2025
https://openalex.org/W2031885404,2015,"Highly Scalable, Atomically Thin WSe<sub>2</sub> Grown <i>via</i> Metal–Organic Chemical Vapor Deposition",graphene_2d_materials,Materials Chemistry,19026997,19026997,0,,W2031885404,10.1021/nn5073286,412,50,openalex_v3_query_core,0,,strict,2D Materials and Applications,19026997,2D Materials and Applications,2D Materials and Applications,0,2025
https://openalex.org/W2560834721,2017,A microprocessor based on a two-dimensional semiconductor,graphene_2d_materials,Materials Chemistry,19026997,19026997,0,,W2560834721,10.1038/ncomms14948,412,33,openalex_v3_query_core,0,,strict,2D Materials and Applications,19026997,2D Materials and Applications,2D Materials and Applications,0,2025
https://openalex.org/W4223613512,2022,Recent developments in hazardous pollutants removal from wastewater and water reuse within a circular economy,graphene_2d_materials,Water Science and Technology,19026206,19026206,0,,W4223613512,10.1038/s41545-022-00154-5,412,293,openalex_v3_query_core,0,,strict,Advanced oxidation water treatment,19026206,Advanced oxidation water treatment,Advanced oxidation water treatment,0,2025
https://openalex.org/W2097156402,2015,Recent advances in transition-metal dichalcogenide based nanomaterials for water splitting,graphene_2d_materials,"Renewable Energy, Sustainability and the Environment",18992678,18992678,0,,W2097156402,10.1039/c5nr06718a,407,255,openalex_v3_query_core,0,,strict,Advanced Photocatalysis Techniques,18992678,Advanced Photocatalysis Techniques,Advanced Photocatalysis Techniques,0,2025
https://openalex.org/W2770938565,2017,Widely tunable black phosphorus mid-infrared photodetector,graphene_2d_materials,Materials Chemistry,19026997,19026997,0,,W2770938565,10.1038/s41467-017-01978-3,407,50,openalex_v3_query_core,0,,strict,2D Materials and Applications,19026997,2D Materials and Applications,2D Materials and Applications,0,2025
https://openalex.org/W149519110,2015,Broadband Photodetectors Based on Graphene–Bi<sub>2</sub>Te<sub>3</sub> Heterostructure,graphene_2d_materials,Materials Chemistry,19026997,19026997,0,,W149519110,10.1021/nn506920z,406,43,openalex_v3_query_core,0,,strict,2D Materials and Applications,19026997,2D Materials and Applications,2D Materials and Applications,0,2025
https://openalex.org/W3098885841,2020,Progress in polymers and polymer composites used as efficient materials for EMI shielding,graphene_2d_materials,"Electronic, Optical and Magnetic Materials",21274432,21274432,0,,W3098885841,10.1039/d0na00760a,406,292,openalex_v3_query_core,0,,strict,Electromagnetic wave absorption materials,21274432,Electromagnetic wave absorption materials,Electromagnetic wave absorption materials,0,2025
https://openalex.org/W2225386328,2016,Broadband Photovoltaic Detectors Based on an Atomically Thin Heterostructure,graphene_2d_materials,Materials Chemistry,19026997,19026997,0,,W2225386328,10.1021/acs.nanolett.5b04538,402,56,openalex_v3_query_core,0,,strict,2D Materials and Applications,19026997,2D Materials and Applications,2D Materials and Applications,0,2025
https://openalex.org/W3158389949,2021,Room-temperature intrinsic ferromagnetism in epitaxial CrTe2 ultrathin films,graphene_2d_materials,Materials Chemistry,19026997,19026997,0,,W3158389949,10.1038/s41467-021-22777-x,400,76,openalex_v3_query_core,0,,strict,2D Materials and Applications,19026997,2D Materials and Applications,2D Materials and Applications,0,2025
https://openalex.org/W2301580049,2016,Enhanced superconductivity in atomically thin TaS2,graphene_2d_materials,Materials Chemistry,19026997,19026997,0,,W2301580049,10.1038/ncomms11043,398,86,openalex_v3_query_core,0,,strict,2D Materials and Applications,19026997,2D Materials and Applications,2D Materials and Applications,0,2025
https://openalex.org/W2904623341,2018,Nonlinear optical properties and applications of 2D materials: theoretical and experimental aspects,graphene_2d_materials,"Atomic and Molecular Physics, and Optics",19147258,19147258,0,,W2904623341,10.1515/nanoph-2018-0106,398,298,openalex_v3_query_core,0,,strict,Advanced Fiber Laser Technologies,19147258,Advanced Fiber Laser Technologies,Advanced Fiber Laser Technologies,0,2025
https://openalex.org/W4229369310,2022,"A Review of the Synthesis, Properties, and Applications of 2D Materials",graphene_2d_materials,Materials Chemistry,19026997,19026997,0,,W4229369310,10.1002/ppsc.202200031,398,161,openalex_v3_query_core,0,,strict,2D Materials and Applications,19026997,2D Materials and Applications,2D Materials and Applications,0,2025
https://openalex.org/W2291256505,2016,Highly energetic compositions based on functionalized carbon nanomaterials,graphene_2d_materials,Mechanics of Materials,19129047,19129047,0,,W2291256505,10.1039/c5nr07855e,394,293,openalex_v3_query_core,0,,strict,Energetic Materials and Combustion,19129047,Energetic Materials and Combustion,Energetic Materials and Combustion,0,2025
https://openalex.org/W2586058225,2017,"Determination of band offsets, hybridization, and exciton binding in 2D semiconductor heterostructures",graphene_2d_materials,Materials Chemistry,19026997,19026997,0,,W2586058225,10.1126/sciadv.1601832,394,56,openalex_v3_query_core,0,,strict,2D Materials and Applications,19026997,2D Materials and Applications,2D Materials and Applications,0,2025
https://openalex.org/W2745772761,2017,Metal Thio‐ and Selenophosphates as Multifunctional van der Waals Layered Materials,graphene_2d_materials,Materials Chemistry,19026997,19026997,0,,W2745772761,10.1002/adma.201602852,393,295,openalex_v3_query_core,0,,strict,2D Materials and Applications,19026997,2D Materials and Applications,2D Materials and Applications,0,2025
https://openalex.org/W2945721920,2019,The 2019 surface acoustic waves roadmap,graphene_2d_materials,Biomedical Engineering,21257791,21257791,0,,W2945721920,10.1088/1361-6463/ab1b04,393,221,openalex_v3_query_core,0,,strict,Acoustic Wave Resonator Technologies,21257791,Acoustic Wave Resonator Technologies,Acoustic Wave Resonator Technologies,0,2025
https://openalex.org/W2947956670,2019,Current Rectification in a Structure: ReSe2/Au Contacts on Both Sides of ReSe2,graphene_2d_materials,"Atomic and Molecular Physics, and Optics",21377790,21377790,0,,W2947956670,10.1186/s11671-018-2843-4,393,30,openalex_v3_query_core,0,,strict,Semiconductor materials and interfaces,21377790,Semiconductor materials and interfaces,Semiconductor materials and interfaces,0,2025
https://openalex.org/W1939092039,2016,Materials perspective on Casimir and van der Waals interactions,graphene_2d_materials,"Atomic and Molecular Physics, and Optics",23522519,23522519,0,,W1939092039,10.1103/revmodphys.88.045003,390,685,openalex_v3_query_core,0,,strict,Quantum Electrodynamics and Casimir Effect,23522519,Quantum Electrodynamics and Casimir Effect,Quantum Electrodynamics and Casimir Effect,0,2025
https://openalex.org/W2965255951,2019,Highly active nanostructured CoS2/CoS heterojunction electrocatalysts for aqueous polysulfide/iodide redox flow batteries,graphene_2d_materials,Electrical and Electronic Engineering,21343989,21343989,0,,W2965255951,10.1038/s41467-019-11176-y,388,62,openalex_v3_query_core,0,,strict,Advanced battery technologies research,21343989,Advanced battery technologies research,Advanced battery technologies research,0,2025
https://openalex.org/W3120112151,2021,Polyoxometalates (POMs): from electroactive clusters to energy materials,graphene_2d_materials,Materials Chemistry,21275220,21275220,0,,W3120112151,10.1039/d0ee03407j,388,334,openalex_v3_query_core,0,,strict,Polyoxometalates: Synthesis and Applications,21275220,Polyoxometalates: Synthesis and Applications,Polyoxometalates: Synthesis and Applications,0,2025
https://openalex.org/W3048435454,2020,Room-Temperature Gas Sensors Under Photoactivation: From Metal Oxides to 2D Materials,graphene_2d_materials,Electrical and Electronic Engineering,19061184,19061184,0,,W3048435454,10.1007/s40820-020-00503-4,386,152,openalex_v3_query_core,0,,strict,Gas Sensing Nanomaterials and Sensors,19061184,Gas Sensing Nanomaterials and Sensors,Gas Sensing Nanomaterials and Sensors,0,2025
https://openalex.org/W2894627180,2018,Exceptional catalytic effects of black phosphorus quantum dots in shuttling-free lithium sulfur batteries,graphene_2d_materials,Electrical and Electronic Engineering,19027124,19027124,0,,W2894627180,10.1038/s41467-018-06629-9,385,69,openalex_v3_query_core,0,,strict,Advanced Battery Materials and Technologies,19027124,Advanced Battery Materials and Technologies,Advanced Battery Materials and Technologies,0,2025
https://openalex.org/W2259748940,2015,Anisotropic in-plane thermal conductivity of black phosphorus nanoribbons at temperatures higher than 100 K,graphene_2d_materials,Materials Chemistry,21275090,21275090,0,,W2259748940,10.1038/ncomms9573,384,65,openalex_v3_query_core,0,,strict,Thermal properties of materials,21275090,Thermal properties of materials,Thermal properties of materials,0,2025
https://openalex.org/W4320497257,2023,"Heterophase Polymorph of TiO2 (Anatase, Rutile, Brookite, TiO2 (B)) for Efficient Photocatalyst: Fabrication and Activity",graphene_2d_materials,"Renewable Energy, Sustainability and the Environment",18992019,18992019,0,,W4320497257,10.3390/nano13040704,384,296,openalex_v3_query_core,0,,strict,TiO2 Photocatalysis and Solar Cells,18992019,TiO2 Photocatalysis and Solar Cells,TiO2 Photocatalysis and Solar Cells,0,2025
https://openalex.org/W2114482577,2015,Novel effects of strains in graphene and other two dimensional materials,graphene_2d_materials,Materials Chemistry,19026997,19026997,0,,W2114482577,10.1016/j.physrep.2015.12.006,383,402,openalex_v3_query_core,0,,strict,2D Materials and Applications,19026997,2D Materials and Applications,2D Materials and Applications,0,2025
https://openalex.org/W3202652874,2021,Imaging two-dimensional generalized Wigner crystals,graphene_2d_materials,"Atomic and Molecular Physics, and Optics",19044286,19044286,0,,W3202652874,10.1038/s41586-021-03874-9,382,48,openalex_v3_query_core,0,,strict,Quantum and electron transport phenomena,19044286,Quantum and electron transport phenomena,Quantum and electron transport phenomena,0,2025
https://openalex.org/W2605783496,2017,"Recent advances in synthesis, properties, and applications of phosphorene",graphene_2d_materials,Materials Chemistry,19026997,19026997,0,,W2605783496,10.1038/s41699-017-0007-5,381,151,openalex_v3_query_core,0,,strict,2D Materials and Applications,19026997,2D Materials and Applications,2D Materials and Applications,0,2025
https://openalex.org/W3208608566,2021,Hydrogels Classification According to the Physical or Chemical Interactions and as Stimuli-Sensitive Materials,graphene_2d_materials,Molecular Medicine,19043763,19043763,0,,W3208608566,10.3390/gels7040182,381,209,openalex_v3_query_core,0,,strict,"Hydrogels: synthesis, properties, applications",19043763,"Hydrogels: synthesis, properties, applications","Hydrogels: synthesis, properties, applications",0,2025
https://openalex.org/W1496528267,2014,Equally Efficient Interlayer Exciton Relaxation and Improved Absorption in Epitaxial and Nonepitaxial MoS<sub>2</sub>/WS<sub>2</sub> Heterostructures,graphene_2d_materials,Materials Chemistry,19026997,19026997,0,,W1496528267,10.1021/nl5038177,380,42,openalex_v3_query_core,0,,strict,2D Materials and Applications,19026997,2D Materials and Applications,2D Materials and Applications,0,2025
https://openalex.org/W2805255799,2018,"Reduced graphene oxide (rGO) based wideband optical sensor and the role of Temperature, Defect States and Quantum Efficiency",graphene_2d_materials,Materials Chemistry,18992804,18992804,0,,W2805255799,10.1038/s41598-018-21686-2,380,56,openalex_v3_query_core,0,,strict,Graphene research and applications,18992804,Graphene research and applications,Graphene research and applications,0,2025
https://openalex.org/W4220765903,2022,Large-scale synthesis of graphene and other 2D materials towards industrialization,graphene_2d_materials,Materials Chemistry,18992804,18992804,0,,W4220765903,10.1038/s41467-022-29182-y,380,41,openalex_v3_query_core,0,,strict,Graphene research and applications,18992804,Graphene research and applications,Graphene research and applications,0,2025
https://openalex.org/W4294898018,2022,Advances in metal–organic framework-based membranes,graphene_2d_materials,Inorganic Chemistry,18992938,18992938,0,,W4294898018,10.1039/d2cs00031h,380,318,openalex_v3_query_core,0,,strict,Metal-Organic Frameworks: Synthesis and Applications,18992938,Metal-Organic Frameworks: Synthesis and Applications,Metal-Organic Frameworks: Synthesis and Applications,0,2025
https://openalex.org/W3045089716,2020,Electrode material–ionic liquid coupling for electrochemical energy storage,graphene_2d_materials,"Electronic, Optical and Magnetic Materials",19009840,19009840,0,,W3045089716,10.1038/s41578-020-0218-9,379,218,openalex_v3_query_core,0,,strict,Supercapacitor Materials and Fabrication,19009840,Supercapacitor Materials and Fabrication,Supercapacitor Materials and Fabrication,0,2025
https://openalex.org/W4366986204,2023,Recent Advances in Carbon‐Based Electrodes for Energy Storage and Conversion,graphene_2d_materials,Electrical and Electronic Engineering,18991892,18991892,0,,W4366986204,10.1002/advs.202301045,379,567,openalex_v3_query_core,0,,strict,Advancements in Battery Materials,18991892,Advancements in Battery Materials,Advancements in Battery Materials,0,2025
https://openalex.org/W2085460056,2014,Two-dimensional quasi-freestanding molecular crystals for high-performance organic field-effect transistors,graphene_2d_materials,Materials Chemistry,19026997,19026997,0,,W2085460056,10.1038/ncomms6162,377,55,openalex_v3_query_core,0,,strict,2D Materials and Applications,19026997,2D Materials and Applications,2D Materials and Applications,0,2025
https://openalex.org/W2883132942,2020,One-dimensional van der Waals heterostructures,graphene_2d_materials,Materials Chemistry,19026997,19026997,0,,W2883132942,10.1126/science.aaz2570,376,52,openalex_v3_query_core,0,,strict,2D Materials and Applications,19026997,2D Materials and Applications,2D Materials and Applications,0,2025
https://openalex.org/W2883885961,2018,Room temperature in-plane ferroelectricity in van der Waals In <sub>2</sub> Se <sub>3</sub>,graphene_2d_materials,Materials Chemistry,19026997,19026997,0,,W2883885961,10.1126/sciadv.aar7720,375,51,openalex_v3_query_core,0,,strict,2D Materials and Applications,19026997,2D Materials and Applications,2D Materials and Applications,0,2025
https://openalex.org/W2952587573,2019,"2DMatPedia, an open computational database of two-dimensional materials from top-down and bottom-up approaches",graphene_2d_materials,Materials Chemistry,19026997,19026997,0,,W2952587573,10.1038/s41597-019-0097-3,373,107,openalex_v3_query_core,0,,strict,2D Materials and Applications,19026997,2D Materials and Applications,2D Materials and Applications,0,2025
https://openalex.org/W2192049338,2016,Efficient plasmonic emission by the quantum Čerenkov effect from hot carriers in graphene,graphene_2d_materials,Biomedical Engineering,19027259,19027259,0,,W2192049338,10.1038/ncomms11880,371,77,openalex_v3_query_core,0,,strict,Plasmonic and Surface Plasmon Research,19027259,Plasmonic and Surface Plasmon Research,Plasmonic and Surface Plasmon Research,0,2025
https://openalex.org/W2056166808,2014,Spin–layer locking effects in optical orientation of exciton spin in bilayer WSe2,graphene_2d_materials,Materials Chemistry,19026997,19026997,0,,W2056166808,10.1038/nphys2848,370,39,openalex_v3_query_core,0,,strict,2D Materials and Applications,19026997,2D Materials and Applications,2D Materials and Applications,0,2025
https://openalex.org/W1833005811,2015,High Broad‐Band Photoresponsivity of Mechanically Formed InSe–Graphene van der Waals Heterostructures,graphene_2d_materials,Materials Chemistry,19026997,19026997,0,,W1833005811,10.1002/adma.201500889,370,30,openalex_v3_query_core,0,,strict,2D Materials and Applications,19026997,2D Materials and Applications,2D Materials and Applications,0,2025
https://openalex.org/W2900023333,2018,Rh-doped MoSe<sub>2</sub> as a toxic gas scavenger: a first-principles study,graphene_2d_materials,Materials Chemistry,19026997,19026997,0,,W2900023333,10.1039/c8na00233a,367,62,openalex_v3_query_core,0,,strict,2D Materials and Applications,19026997,2D Materials and Applications,2D Materials and Applications,0,2025
https://openalex.org/W3138773052,2021,Perspectives on solution processing of two-dimensional MXenes,graphene_2d_materials,Materials Chemistry,23488465,23488465,0,,W3138773052,10.1016/j.mattod.2021.02.010,366,209,openalex_v3_query_core,0,,strict,MXene and MAX Phase Materials,23488465,MXene and MAX Phase Materials,MXene and MAX Phase Materials,0,2025
https://openalex.org/W4313380134,2023,Phase-controlled van der Waals growth of wafer-scale 2D MoTe2 layers for integrated high-sensitivity broadband infrared photodetection,graphene_2d_materials,Materials Chemistry,19026997,19026997,0,,W4313380134,10.1038/s41377-022-01047-5,366,66,openalex_v3_query_core,0,,strict,2D Materials and Applications,19026997,2D Materials and Applications,2D Materials and Applications,0,2025
https://openalex.org/W2262861736,2017,Design principles for shift current photovoltaics,graphene_2d_materials,Electrical and Electronic Engineering,19026606,19026606,0,,W2262861736,10.1038/ncomms14176,365,82,openalex_v3_query_core,0,,strict,Perovskite Materials and Applications,19026606,Perovskite Materials and Applications,Perovskite Materials and Applications,0,2025
https://openalex.org/W2539170375,2017,Topological Exciton Bands in Moiré Heterojunctions,graphene_2d_materials,Materials Chemistry,19026997,19026997,0,,W2539170375,10.1103/physrevlett.118.147401,365,53,openalex_v3_query_core,0,,strict,2D Materials and Applications,19026997,2D Materials and Applications,2D Materials and Applications,0,2025
https://openalex.org/W2735846587,2017,"Synthesis, structure and applications of graphene-based 2D heterostructures",graphene_2d_materials,Materials Chemistry,18992804,18992804,0,,W2735846587,10.1039/c7cs00160f,365,341,openalex_v3_query_core,0,,strict,Graphene research and applications,18992804,Graphene research and applications,Graphene research and applications,0,2025
https://openalex.org/W3017897093,2020,Mechanism for Anomalous Hall Ferromagnetism in Twisted Bilayer Graphene,graphene_2d_materials,Materials Chemistry,18992804,18992804,0,,W3017897093,10.1103/physrevlett.124.166601,365,96,openalex_v3_query_core,0,,strict,Graphene research and applications,18992804,Graphene research and applications,Graphene research and applications,0,2025
https://openalex.org/W3166167186,2021,Prospects challenges and stability of 2D MXenes for clean energy conversion and storage applications,graphene_2d_materials,Materials Chemistry,23488465,23488465,0,,W3166167186,10.1038/s41699-021-00239-8,364,169,openalex_v3_query_core,0,,strict,MXene and MAX Phase Materials,23488465,MXene and MAX Phase Materials,MXene and MAX Phase Materials,0,2025
https://openalex.org/W2588236781,2017,Robust microscale superlubricity under high contact pressure enabled by graphene-coated microsphere,graphene_2d_materials,"Atomic and Molecular Physics, and Optics",19146467,19146467,0,,W2588236781,10.1038/ncomms14029,363,37,openalex_v3_query_core,0,,strict,Force Microscopy Techniques and Applications,19146467,Force Microscopy Techniques and Applications,Force Microscopy Techniques and Applications,0,2025
https://openalex.org/W2761510455,2017,Self‐Powered Nanoscale Photodetectors,graphene_2d_materials,Biomedical Engineering,21275085,21275085,0,,W2761510455,10.1002/smll.201701848,363,172,openalex_v3_query_core,0,,strict,Nanowire Synthesis and Applications,21275085,Nanowire Synthesis and Applications,Nanowire Synthesis and Applications,0,2025
https://openalex.org/W2984149977,2019,Insight on water remediation application using magnetic nanomaterials and biosorbents,graphene_2d_materials,Water Science and Technology,18991890,18991890,0,,W2984149977,10.1016/j.ccr.2019.213096,363,452,openalex_v3_query_core,0,,strict,Adsorption and biosorption for pollutant removal,18991890,Adsorption and biosorption for pollutant removal,Adsorption and biosorption for pollutant removal,0,2025
https://openalex.org/W3079428540,2020,"A review of molybdenum disulfide (MoS<sub>2</sub>) based photodetectors: from ultra-broadband, self-powered to flexible devices",graphene_2d_materials,Materials Chemistry,19026997,19026997,0,,W3079428540,10.1039/d0ra03183f,362,492,openalex_v3_query_core,0,,strict,2D Materials and Applications,19026997,2D Materials and Applications,2D Materials and Applications,0,2025
https://openalex.org/W1967663885,2014,"New materials graphyne, graphdiyne, graphone, and graphane: review of properties, synthesis, and application in nanotechnology",graphene_2d_materials,Materials Chemistry,18992804,18992804,0,,W1967663885,10.2147/nsa.s40324,361,137,openalex_v3_query_core,0,,strict,Graphene research and applications,18992804,Graphene research and applications,Graphene research and applications,0,2025
https://openalex.org/W2997757629,2020,The 2020 skyrmionics roadmap,graphene_2d_materials,"Atomic and Molecular Physics, and Optics",18992286,18992286,0,,W2997757629,10.1088/1361-6463/ab8418,361,179,openalex_v3_query_core,0,,strict,Magnetic properties of thin films,18992286,Magnetic properties of thin films,Magnetic properties of thin films,0,2025
https://openalex.org/W4225249866,2022,Interfacial ferroelectricity in marginally twisted 2D semiconductors,graphene_2d_materials,Materials Chemistry,19026997,19026997,0,,W4225249866,10.1038/s41565-022-01072-w,361,38,openalex_v3_query_core,0,,strict,2D Materials and Applications,19026997,2D Materials and Applications,2D Materials and Applications,0,2025
https://openalex.org/W2515223004,2016,Two-terminal floating-gate memory with van der Waals heterostructures for ultrahigh on/off ratio,graphene_2d_materials,Materials Chemistry,18992804,18992804,0,,W2515223004,10.1038/ncomms12725,360,39,openalex_v3_query_core,0,,strict,Graphene research and applications,18992804,Graphene research and applications,Graphene research and applications,0,2025
https://openalex.org/W2516435291,2016,Magnetism in curved geometries,graphene_2d_materials,"Atomic and Molecular Physics, and Optics",18992286,18992286,0,,W2516435291,10.1088/0022-3727/49/36/363001,360,454,openalex_v3_query_core,0,,strict,Magnetic properties of thin films,18992286,Magnetic properties of thin films,Magnetic properties of thin films,0,2025
https://openalex.org/W2772656113,2017,Two-Dimensional Transition Metal Oxide and Chalcogenide-Based Photocatalysts,graphene_2d_materials,"Renewable Energy, Sustainability and the Environment",18992678,18992678,0,,W2772656113,10.1007/s40820-017-0176-y,360,221,openalex_v3_query_core,0,,strict,Advanced Photocatalysis Techniques,18992678,Advanced Photocatalysis Techniques,Advanced Photocatalysis Techniques,0,2025
https://openalex.org/W4307028619,2022,Recent Progress on Flexible Room-Temperature Gas Sensors Based on Metal Oxide Semiconductor,graphene_2d_materials,Electrical and Electronic Engineering,19061184,19061184,0,,W4307028619,10.1007/s40820-022-00956-9,360,235,openalex_v3_query_core,0,,strict,Gas Sensing Nanomaterials and Sensors,19061184,Gas Sensing Nanomaterials and Sensors,Gas Sensing Nanomaterials and Sensors,0,2025
https://openalex.org/W2512793494,2016,Universal shape and pressure inside bubbles appearing in van der Waals heterostructures,graphene_2d_materials,Materials Chemistry,18992804,18992804,0,,W2512793494,10.1038/ncomms12587,358,47,openalex_v3_query_core,0,,strict,Graphene research and applications,18992804,Graphene research and applications,Graphene research and applications,0,2025
https://openalex.org/W3198502890,2021,Recent advances of MXenes as electrocatalysts for hydrogen evolution reaction,graphene_2d_materials,Materials Chemistry,23488465,23488465,0,,W3198502890,10.1038/s41699-021-00259-4,357,131,openalex_v3_query_core,0,,strict,MXene and MAX Phase Materials,23488465,MXene and MAX Phase Materials,MXene and MAX Phase Materials,0,2025
https://openalex.org/W2972016194,2019,Conductive carbon nanofiber interpenetrated graphene architecture for ultra-stable sodium ion battery,graphene_2d_materials,Electrical and Electronic Engineering,18991892,18991892,0,,W2972016194,10.1038/s41467-019-11925-z,356,58,openalex_v3_query_core,0,,strict,Advancements in Battery Materials,18991892,Advancements in Battery Materials,Advancements in Battery Materials,0,2025
https://openalex.org/W2753169497,2017,Preparation of Monolayer MoS2 Quantum Dots using Temporally Shaped Femtosecond Laser Ablation of Bulk MoS2 Targets in Water,graphene_2d_materials,Materials Chemistry,19026997,19026997,0,,W2753169497,10.1038/s41598-017-10632-3,355,60,openalex_v3_query_core,0,,strict,2D Materials and Applications,19026997,2D Materials and Applications,2D Materials and Applications,0,2025
https://openalex.org/W2783659078,2017,Boron nitride nanoresonators for phonon-enhanced molecular vibrational spectroscopy at the strong coupling limit,graphene_2d_materials,"Atomic and Molecular Physics, and Optics",23591034,23591034,0,,W2783659078,10.1038/lsa.2017.172,353,64,openalex_v3_query_core,0,,strict,Strong Light-Matter Interactions,23591034,Strong Light-Matter Interactions,Strong Light-Matter Interactions,0,2025
https://openalex.org/W2051648236,2015,Origin of band gaps in graphene on hexagonal boron nitride,graphene_2d_materials,Materials Chemistry,18992804,18992804,0,,W2051648236,10.1038/ncomms7308,352,48,openalex_v3_query_core,0,,strict,Graphene research and applications,18992804,Graphene research and applications,Graphene research and applications,0,2025
https://openalex.org/W3208823211,2021,Surface functionalization of MXenes,graphene_2d_materials,Materials Chemistry,23488465,23488465,0,,W3208823211,10.1039/d1ma00625h,352,278,openalex_v3_query_core,0,,strict,MXene and MAX Phase Materials,23488465,MXene and MAX Phase Materials,MXene and MAX Phase Materials,0,2025
https://openalex.org/W4400212341,2024,"Photocatalytic systems: reactions, mechanism, and applications",graphene_2d_materials,"Renewable Energy, Sustainability and the Environment",18992678,18992678,0,,W4400212341,10.1039/d4ra03259d,352,372,openalex_v3_query_core,0,,strict,Advanced Photocatalysis Techniques,18992678,Advanced Photocatalysis Techniques,Advanced Photocatalysis Techniques,0,2025
https://openalex.org/W2136694890,2014,Photoinduced doping in heterostructures of graphene and boron nitride,graphene_2d_materials,Materials Chemistry,18992804,18992804,0,,W2136694890,10.1038/nnano.2014.60,349,30,openalex_v3_query_core,0,,strict,Graphene research and applications,18992804,Graphene research and applications,Graphene research and applications,0,2025
https://openalex.org/W2020417695,2015,Ultimate thin vertical p–n junction composed of two-dimensional layered molybdenum disulfide,graphene_2d_materials,Materials Chemistry,19026997,19026997,0,,W2020417695,10.1038/ncomms7564,349,58,openalex_v3_query_core,0,,strict,2D Materials and Applications,19026997,2D Materials and Applications,2D Materials and Applications,0,2025
https://openalex.org/W2621637978,2017,Hierarchical porous carbons with layer-by-layer motif architectures from confined soft-template self-assembly in layered materials,graphene_2d_materials,"Electronic, Optical and Magnetic Materials",19009840,19009840,0,,W2621637978,10.1038/ncomms15717,349,48,openalex_v3_query_core,0,,strict,Supercapacitor Materials and Fabrication,19009840,Supercapacitor Materials and Fabrication,Supercapacitor Materials and Fabrication,0,2025
https://openalex.org/W2925217382,2019,Recent advances in friction and lubrication of graphene and other 2D materials: Mechanisms and applications,graphene_2d_materials,Mechanical Engineering,21326311,21326311,0,,W2925217382,10.1007/s40544-019-0268-4,349,133,openalex_v3_query_core,0,,strict,Lubricants and Their Additives,21326311,Lubricants and Their Additives,Lubricants and Their Additives,0,2025
https://openalex.org/W2982637963,2019,High-temperature superconductivity in monolayer Bi2Sr2CaCu2O8+δ,graphene_2d_materials,Condensed Matter Physics,18992153,18992153,0,,W2982637963,10.1038/s41586-019-1718-x,349,87,openalex_v3_query_core,0,,strict,Physics of Superconductivity and Magnetism,18992153,Physics of Superconductivity and Magnetism,Physics of Superconductivity and Magnetism,0,2025
https://openalex.org/W2797990522,2018,Two-dimensional semiconductors in the regime of strong light-matter coupling,graphene_2d_materials,Materials Chemistry,19026997,19026997,0,,W2797990522,10.1038/s41467-018-04866-6,348,107,openalex_v3_query_core,0,,strict,2D Materials and Applications,19026997,2D Materials and Applications,2D Materials and Applications,0,2025
https://openalex.org/W3011577943,2020,Limits on gas impermeability of graphene,graphene_2d_materials,Materials Chemistry,18992804,18992804,0,,W3011577943,10.1038/s41586-020-2070-x,348,56,openalex_v3_query_core,0,,strict,Graphene research and applications,18992804,Graphene research and applications,Graphene research and applications,0,2025
https://openalex.org/W3202405750,2021,Graphene nanoribbons for quantum electronics,graphene_2d_materials,Materials Chemistry,18992804,18992804,0,,W3202405750,10.1038/s42254-021-00370-x,348,215,openalex_v3_query_core,0,,strict,Graphene research and applications,18992804,Graphene research and applications,Graphene research and applications,0,2025
https://openalex.org/W3035521604,2020,A Flexible and Lightweight Biomass-Reinforced Microwave Absorber,graphene_2d_materials,"Electronic, Optical and Magnetic Materials",21274432,21274432,0,,W3035521604,10.1007/s40820-020-00461-x,347,59,openalex_v3_query_core,0,,strict,Electromagnetic wave absorption materials,21274432,Electromagnetic wave absorption materials,Electromagnetic wave absorption materials,0,2025
https://openalex.org/W3217755715,2021,A durable and pH-universal self-standing MoC–Mo2C heterojunction electrode for efficient hydrogen evolution reaction,graphene_2d_materials,"Renewable Energy, Sustainability and the Environment",18992146,18992146,0,,W3217755715,10.1038/s41467-021-27118-6,346,52,openalex_v3_query_core,0,,strict,Electrocatalysts for Energy Conversion,18992146,Electrocatalysts for Energy Conversion,Electrocatalysts for Energy Conversion,0,2025
https://openalex.org/W2892545642,2018,Mechanism of Gold-Assisted Exfoliation of Centimeter-Sized Transition-Metal Dichalcogenide Monolayers,graphene_2d_materials,Materials Chemistry,19026997,19026997,0,,W2892545642,10.1021/acsnano.8b06101,345,47,openalex_v3_query_core,0,,strict,2D Materials and Applications,19026997,2D Materials and Applications,2D Materials and Applications,0,2025
https://openalex.org/W2952291908,2019,Multiferroicity in atomic van der Waals heterostructures,graphene_2d_materials,Materials Chemistry,19026997,19026997,0,,W2952291908,10.1038/s41467-019-10693-0,343,43,openalex_v3_query_core,0,,strict,2D Materials and Applications,19026997,2D Materials and Applications,2D Materials and Applications,0,2025
https://openalex.org/W2587114913,2017,Emerging Trends in Phosphorene Fabrication towards Next Generation Devices,graphene_2d_materials,Materials Chemistry,19026997,19026997,0,,W2587114913,10.1002/advs.201600305,342,257,openalex_v3_query_core,0,,strict,2D Materials and Applications,19026997,2D Materials and Applications,2D Materials and Applications,0,2025
https://openalex.org/W2981670102,2019,"Carbon-based materials for stable, cheaper and large-scale processable perovskite solar cells",graphene_2d_materials,Electrical and Electronic Engineering,19026606,19026606,0,,W2981670102,10.1039/c9ee02115a,342,328,openalex_v3_query_core,0,,strict,Perovskite Materials and Applications,19026606,Perovskite Materials and Applications,Perovskite Materials and Applications,0,2025
https://openalex.org/W2595615171,2017,Wafer-Scale Synthesis of High-Quality Semiconducting Two-Dimensional Layered InSe with Broadband Photoresponse,graphene_2d_materials,Materials Chemistry,19026997,19026997,0,,W2595615171,10.1021/acsnano.7b01168,341,49,openalex_v3_query_core,0,,strict,2D Materials and Applications,19026997,2D Materials and Applications,2D Materials and Applications,0,2025
https://openalex.org/W2236223096,2015,Direct exfoliation and dispersion of two-dimensional materials in pure water via temperature control,graphene_2d_materials,Materials Chemistry,18992804,18992804,0,,W2236223096,10.1038/ncomms9294,340,50,openalex_v3_query_core,0,,strict,Graphene research and applications,18992804,Graphene research and applications,Graphene research and applications,0,2025
https://openalex.org/W3042261384,2020,Visualization of moiré superlattices,graphene_2d_materials,Materials Chemistry,19026997,19026997,0,,W3042261384,10.1038/s41565-020-0708-3,339,40,openalex_v3_query_core,0,,strict,2D Materials and Applications,19026997,2D Materials and Applications,2D Materials and Applications,0,2025
https://openalex.org/W3205524702,2021,Iridium metallene oxide for acidic oxygen evolution catalysis,graphene_2d_materials,"Renewable Energy, Sustainability and the Environment",18992146,18992146,0,,W3205524702,10.1038/s41467-021-26336-2,339,66,openalex_v3_query_core,0,,strict,Electrocatalysts for Energy Conversion,18992146,Electrocatalysts for Energy Conversion,Electrocatalysts for Energy Conversion,0,2025
https://openalex.org/W3099371459,2018,Boron nitride nanoresonators for phonon-enhanced molecular vibrational spectroscopy at the strong coupling limit,graphene_2d_materials,Civil and Structural Engineering,23557105,23557105,0,,W3099371459,10.3929/ethz-b-000260960,338,70,openalex_v3_query_core,0,,strict,Thermal Radiation and Cooling Technologies,23557105,Thermal Radiation and Cooling Technologies,Thermal Radiation and Cooling Technologies,0,2025
https://openalex.org/W3120893773,2021,Two-dimensional ferroelectric channel transistors integrating ultra-fast memory and neural computing,graphene_2d_materials,Electrical and Electronic Engineering,19077560,19077560,0,,W3120893773,10.1038/s41467-020-20257-2,338,39,openalex_v3_query_core,0,,strict,Advanced Memory and Neural Computing,19077560,Advanced Memory and Neural Computing,Advanced Memory and Neural Computing,0,2025
https://openalex.org/W4386987487,2023,Synthesis of CuCo2S4@Expanded Graphite with crystal/amorphous heterointerface and defects for electromagnetic wave absorption,graphene_2d_materials,"Electronic, Optical and Magnetic Materials",21274432,21274432,0,,W4386987487,10.1038/s41467-023-41697-6,336,59,openalex_v3_query_core,0,,strict,Electromagnetic wave absorption materials,21274432,Electromagnetic wave absorption materials,Electromagnetic wave absorption materials,0,2025
https://openalex.org/W2195015171,2015,"Hybrid, Gate-Tunable, van der Waals p–n Heterojunctions from Pentacene and MoS<sub>2</sub>",graphene_2d_materials,Materials Chemistry,19026997,19026997,0,,W2195015171,10.1021/acs.nanolett.5b04141,335,45,openalex_v3_query_core,0,,strict,2D Materials and Applications,19026997,2D Materials and Applications,2D Materials and Applications,0,2025
https://openalex.org/W2623797750,2017,Recent Progress on Localized Field Enhanced Two‐dimensional Material Photodetectors from Ultraviolet—Visible to Infrared,graphene_2d_materials,Materials Chemistry,19026997,19026997,0,,W2623797750,10.1002/smll.201700894,334,204,openalex_v3_query_core,0,,strict,2D Materials and Applications,19026997,2D Materials and Applications,2D Materials and Applications,0,2025
https://openalex.org/W4361206153,2023,"Biomimetic natural biomaterials for tissue engineering and regenerative medicine: new biosynthesis methods, recent advances, and emerging applications",graphene_2d_materials,Surgery,23523047,23523047,0,,W4361206153,10.1186/s40779-023-00448-w,334,317,openalex_v3_query_core,0,,strict,Tissue Engineering and Regenerative Medicine,23523047,Tissue Engineering and Regenerative Medicine,Tissue Engineering and Regenerative Medicine,0,2025
https://openalex.org/W2964425387,2020,Néel-type skyrmion in WTe2/Fe3GeTe2 van der Waals heterostructure,graphene_2d_materials,"Atomic and Molecular Physics, and Optics",19095381,19095381,0,,W2964425387,10.1038/s41467-020-17566-x,333,43,openalex_v3_query_core,0,,strict,Topological Materials and Phenomena,19095381,Topological Materials and Phenomena,Topological Materials and Phenomena,0,2025
https://openalex.org/W2322193316,2016,Atomically thin quantum light-emitting diodes,graphene_2d_materials,Materials Chemistry,19026997,19026997,0,,W2322193316,10.1038/ncomms12978,332,96,openalex_v3_query_core,0,,strict,2D Materials and Applications,19026997,2D Materials and Applications,2D Materials and Applications,0,2025
https://openalex.org/W2902132678,2018,Current status and technological prospect of photodetectors based on two-dimensional materials,graphene_2d_materials,Materials Chemistry,19026997,19026997,0,,W2902132678,10.1038/s41467-018-07643-7,332,13,openalex_v3_query_core,0,,strict,2D Materials and Applications,19026997,2D Materials and Applications,2D Materials and Applications,0,2025
https://openalex.org/W3110294643,2020,Curved neuromorphic image sensor array using a MoS2-organic heterostructure inspired by the human visual recognition system,graphene_2d_materials,Electrical and Electronic Engineering,19077560,19077560,0,,W3110294643,10.1038/s41467-020-19806-6,332,53,openalex_v3_query_core,0,,strict,Advanced Memory and Neural Computing,19077560,Advanced Memory and Neural Computing,Advanced Memory and Neural Computing,0,2025
https://openalex.org/W2415315768,2015,Excitons in ultrathin organic-inorganic perovskite crystals,graphene_2d_materials,Electrical and Electronic Engineering,19026606,19026606,0,,W2415315768,10.1103/physrevb.92.045414,331,57,openalex_v3_query_core,0,,strict,Perovskite Materials and Applications,19026606,Perovskite Materials and Applications,Perovskite Materials and Applications,0,2025
https://openalex.org/W623846604,2015,High-mobility and air-stable single-layer WS2 field-effect transistors sandwiched between chemical vapor deposition-grown hexagonal BN films,graphene_2d_materials,Materials Chemistry,19026997,19026997,0,,W623846604,10.1038/srep10699,331,32,openalex_v3_query_core,0,,strict,2D Materials and Applications,19026997,2D Materials and Applications,2D Materials and Applications,0,2025
https://openalex.org/W2600335003,2017,Approaching the intrinsic photoluminescence linewidth in transition metal dichalcogenide monolayers,graphene_2d_materials,Materials Chemistry,19026997,19026997,0,,W2600335003,10.1088/2053-1583/aa6aa1,331,34,openalex_v3_query_core,0,,strict,2D Materials and Applications,19026997,2D Materials and Applications,2D Materials and Applications,0,2025
https://openalex.org/W3144049878,2021,"A Review on MoS2 Properties, Synthesis, Sensing Applications and Challenges",graphene_2d_materials,Materials Chemistry,19026997,19026997,0,,W3144049878,10.3390/cryst11040355,331,139,openalex_v3_query_core,0,,strict,2D Materials and Applications,19026997,2D Materials and Applications,2D Materials and Applications,0,2025
https://openalex.org/W2787289826,2018,Electronic Transport in Two-Dimensional Materials,graphene_2d_materials,Materials Chemistry,19026997,19026997,0,,W2787289826,10.1146/annurev-physchem-050317-021353,330,150,openalex_v3_query_core,0,,strict,2D Materials and Applications,19026997,2D Materials and Applications,2D Materials and Applications,0,2025
https://openalex.org/W3004012692,2020,Waveguide-integrated van der Waals heterostructure photodetector at telecom wavelengths with high speed and high responsivity,graphene_2d_materials,Materials Chemistry,19026997,19026997,0,,W3004012692,10.1038/s41565-019-0602-z,329,54,openalex_v3_query_core,0,,strict,2D Materials and Applications,19026997,2D Materials and Applications,2D Materials and Applications,0,2025
https://openalex.org/W3108657096,2020,Nanoparticles Engineering by Pulsed Laser Ablation in Liquids: Concepts and Applications,graphene_2d_materials,Biomedical Engineering,25770743,25770743,0,,W3108657096,10.3390/nano10112317,329,287,openalex_v3_query_core,0,,strict,Laser-Ablation Synthesis of Nanoparticles,25770743,Laser-Ablation Synthesis of Nanoparticles,Laser-Ablation Synthesis of Nanoparticles,0,2025
https://openalex.org/W4388639388,2023,Artificial Intelligence Meets Flexible Sensors: Emerging Smart Flexible Sensing Systems Driven by Machine Learning and Artificial Synapses,graphene_2d_materials,Electrical and Electronic Engineering,19077560,19077560,0,,W4388639388,10.1007/s40820-023-01235-x,329,211,openalex_v3_query_core,0,,strict,Advanced Memory and Neural Computing,19077560,Advanced Memory and Neural Computing,Advanced Memory and Neural Computing,0,2025
https://openalex.org/W2259947560,2015,Understanding nano effects in catalysis,graphene_2d_materials,"Renewable Energy, Sustainability and the Environment",18992146,18992146,0,,W2259947560,10.1093/nsr/nwv024,327,134,openalex_v3_query_core,0,,strict,Electrocatalysts for Energy Conversion,18992146,Electrocatalysts for Energy Conversion,Electrocatalysts for Energy Conversion,0,2025
https://openalex.org/W2922361666,2019,Three-dimensional ordered porous electrode materials for electrochemical energy storage,graphene_2d_materials,"Electronic, Optical and Magnetic Materials",19009840,19009840,0,,W2922361666,10.1038/s41427-019-0112-3,326,192,openalex_v3_query_core,0,,strict,Supercapacitor Materials and Fabrication,19009840,Supercapacitor Materials and Fabrication,Supercapacitor Materials and Fabrication,0,2025
https://openalex.org/W2225220729,2015,Nature of the quantum metal in a two-dimensional crystalline superconductor,graphene_2d_materials,"Atomic and Molecular Physics, and Optics",19095381,19095381,0,,W2225220729,10.1038/nphys3579,324,36,openalex_v3_query_core,0,,strict,Topological Materials and Phenomena,19095381,Topological Materials and Phenomena,Topological Materials and Phenomena,0,2025
https://openalex.org/W2879878709,2018,Resonant terahertz detection using graphene plasmons,graphene_2d_materials,Biomedical Engineering,19027259,19027259,0,,W2879878709,10.1038/s41467-018-07848-w,323,46,openalex_v3_query_core,0,,strict,Plasmonic and Surface Plasmon Research,19027259,Plasmonic and Surface Plasmon Research,Plasmonic and Surface Plasmon Research,0,2025
https://openalex.org/W2988701198,2019,Adsorption energy engineering of nickel oxide hybrid nanosheets for high areal capacity flexible lithium-ion batteries,graphene_2d_materials,Electrical and Electronic Engineering,18991892,18991892,0,,W2988701198,10.1016/j.ensm.2019.11.001,323,52,openalex_v3_query_core,0,,strict,Advancements in Battery Materials,18991892,Advancements in Battery Materials,Advancements in Battery Materials,0,2025
https://openalex.org/W2467481890,2016,Far-field nanoscale infrared spectroscopy of vibrational fingerprints of molecules with graphene plasmons,graphene_2d_materials,"Electronic, Optical and Magnetic Materials",19009308,19009308,0,,W2467481890,10.1038/ncomms12334,320,67,openalex_v3_query_core,0,,strict,Gold and Silver Nanoparticles Synthesis and Applications,19009308,Gold and Silver Nanoparticles Synthesis and Applications,Gold and Silver Nanoparticles Synthesis and Applications,0,2025
https://openalex.org/W2793318027,2018,Magnon-assisted tunnelling in van der Waals heterostructures based on CrBr3,graphene_2d_materials,Materials Chemistry,19026997,19026997,0,,W2793318027,10.1038/s41928-018-0087-z,320,55,openalex_v3_query_core,0,,strict,2D Materials and Applications,19026997,2D Materials and Applications,2D Materials and Applications,0,2025
https://openalex.org/W3080716523,2020,Imaging viscous flow of the Dirac fluid in graphene,graphene_2d_materials,Materials Chemistry,18992804,18992804,0,,W3080716523,10.1038/s41586-020-2507-2,320,47,openalex_v3_query_core,0,,strict,Graphene research and applications,18992804,Graphene research and applications,Graphene research and applications,0,2025
https://openalex.org/W4402440016,2024,Innovative Adsorbents for Pollutant Removal: Exploring the Latest Research and Applications,graphene_2d_materials,Water Science and Technology,18991890,18991890,0,,W4402440016,10.3390/molecules29184317,320,179,openalex_v3_query_core,0,,strict,Adsorption and biosorption for pollutant removal,18991890,Adsorption and biosorption for pollutant removal,Adsorption and biosorption for pollutant removal,0,2025
https://openalex.org/W2955075762,2019,A room-temperature ferroelectric semimetal,graphene_2d_materials,Materials Chemistry,19008921,19008921,0,,W2955075762,10.1126/sciadv.aax5080,319,64,openalex_v3_query_core,0,,strict,Ferroelectric and Piezoelectric Materials,19008921,Ferroelectric and Piezoelectric Materials,Ferroelectric and Piezoelectric Materials,0,2025
https://openalex.org/W3202213959,2021,Extremely anisotropic van der Waals thermal conductors,graphene_2d_materials,Materials Chemistry,21275090,21275090,0,,W3202213959,10.1038/s41586-021-03867-8,318,86,openalex_v3_query_core,0,,strict,Thermal properties of materials,21275090,Thermal properties of materials,Thermal properties of materials,0,2025
https://openalex.org/W3205045304,2021,"Van Der Waals gap-rich BiOCl atomic layers realizing efficient, pure-water CO2-to-CO photocatalysis",graphene_2d_materials,"Renewable Energy, Sustainability and the Environment",18992678,18992678,0,,W3205045304,10.1038/s41467-021-26219-6,317,67,openalex_v3_query_core,0,,strict,Advanced Photocatalysis Techniques,18992678,Advanced Photocatalysis Techniques,Advanced Photocatalysis Techniques,0,2025
https://openalex.org/W3216588615,2021,Sliding ferroelectricity in 2D van der Waals materials: Related physics and future opportunities,graphene_2d_materials,Materials Chemistry,19026997,19026997,0,,W3216588615,10.1073/pnas.2115703118,317,68,openalex_v3_query_core,0,,strict,2D Materials and Applications,19026997,2D Materials and Applications,2D Materials and Applications,0,2025
https://openalex.org/W2979331223,2019,High efficiency and fast van der Waals hetero-photodiodes with a unilateral depletion region,graphene_2d_materials,Materials Chemistry,19026997,19026997,0,,W2979331223,10.1038/s41467-019-12707-3,316,50,openalex_v3_query_core,0,,strict,2D Materials and Applications,19026997,2D Materials and Applications,2D Materials and Applications,0,2025
https://openalex.org/W3035896071,2020,Strain-engineered high-responsivity MoTe2 photodetector for silicon photonic integrated circuits,graphene_2d_materials,Materials Chemistry,19026997,19026997,0,,W3035896071,10.1038/s41566-020-0647-4,316,55,openalex_v3_query_core,0,,strict,2D Materials and Applications,19026997,2D Materials and Applications,2D Materials and Applications,0,2025
https://openalex.org/W4291624907,2022,Josephson diode effect from Cooper pair momentum in a topological semimetal,graphene_2d_materials,"Atomic and Molecular Physics, and Optics",19095381,19095381,0,,W4291624907,10.1038/s41567-022-01699-5,316,47,openalex_v3_query_core,0,,strict,Topological Materials and Phenomena,19095381,Topological Materials and Phenomena,Topological Materials and Phenomena,0,2025
https://openalex.org/W2283935452,2016,Exfoliation and Raman Spectroscopic Fingerprint of Few-Layer NiPS3 Van der Waals Crystals,graphene_2d_materials,Materials Chemistry,19026997,19026997,0,,W2283935452,10.1038/srep20904,315,64,openalex_v3_query_core,0,,strict,2D Materials and Applications,19026997,2D Materials and Applications,2D Materials and Applications,0,2025
https://openalex.org/W2952680703,2019,Graphene-Based Sensors for Human Health Monitoring,graphene_2d_materials,Biomedical Engineering,19043637,19043637,0,,W2952680703,10.3389/fchem.2019.00399,315,197,openalex_v3_query_core,0,,strict,Advanced Sensor and Energy Harvesting Materials,19043637,Advanced Sensor and Energy Harvesting Materials,Advanced Sensor and Energy Harvesting Materials,0,2025
https://openalex.org/W2999320937,2020,Nearly room temperature ferromagnetism in a magnetic metal-rich van der Waals metal,graphene_2d_materials,Materials Chemistry,18992804,18992804,0,,W2999320937,10.1126/sciadv.aay8912,315,54,openalex_v3_query_core,0,,strict,Graphene research and applications,18992804,Graphene research and applications,Graphene research and applications,0,2025
https://openalex.org/W2995672492,2019,Two‐dimensional materials: From mechanical properties to flexible mechanical sensors,graphene_2d_materials,Materials Chemistry,19026997,19026997,0,,W2995672492,10.1002/inf2.12072,314,103,openalex_v3_query_core,0,,strict,2D Materials and Applications,19026997,2D Materials and Applications,2D Materials and Applications,0,2025
https://openalex.org/W2778421216,2018,Ultrafast and highly sensitive infrared photodetectors based on two-dimensional oxyselenide crystals,graphene_2d_materials,Materials Chemistry,19026997,19026997,0,,W2778421216,10.1038/s41467-018-05874-2,313,35,openalex_v3_query_core,0,,strict,2D Materials and Applications,19026997,2D Materials and Applications,2D Materials and Applications,0,2025
https://openalex.org/W2905613948,2019,Complete steric exclusion of ions and proton transport through confined monolayer water,graphene_2d_materials,Biomedical Engineering,21326699,21326699,0,,W2905613948,10.1126/science.aau6771,313,51,openalex_v3_query_core,0,,strict,Nanopore and Nanochannel Transport Studies,21326699,Nanopore and Nanochannel Transport Studies,Nanopore and Nanochannel Transport Studies,0,2025
https://openalex.org/W2606810695,2017,A self-powered high-performance graphene/silicon ultraviolet photodetector with ultra-shallow junction: breaking the limit of silicon?,graphene_2d_materials,"Electronic, Optical and Magnetic Materials",23574011,23574011,0,,W2606810695,10.1038/s41699-017-0008-4,311,63,openalex_v3_query_core,0,,strict,Ga2O3 and related materials,23574011,Ga2O3 and related materials,Ga2O3 and related materials,0,2025
https://openalex.org/W2908747511,2019,Nonvolatile Memories Based on Graphene and Related 2D Materials,graphene_2d_materials,Electrical and Electronic Engineering,19077560,19077560,0,,W2908747511,10.1002/adma.201806663,311,358,openalex_v3_query_core,0,,strict,Advanced Memory and Neural Computing,19077560,Advanced Memory and Neural Computing,Advanced Memory and Neural Computing,0,2025
https://openalex.org/W4206683102,2022,Hyperbolic metamaterials: fusing artificial structures to natural 2D materials,graphene_2d_materials,"Electronic, Optical and Magnetic Materials",19026604,19026604,0,,W4206683102,10.1186/s43593-021-00008-6,310,285,openalex_v3_query_core,0,,strict,Metamaterials and Metasurfaces Applications,19026604,Metamaterials and Metasurfaces Applications,Metamaterials and Metasurfaces Applications,0,2025
https://openalex.org/W2757980502,2018,Dynamic band-structure tuning of graphene moiré superlattices with pressure,graphene_2d_materials,Materials Chemistry,18992804,18992804,0,,W2757980502,10.1038/s41586-018-0107-1,309,43,openalex_v3_query_core,0,,strict,Graphene research and applications,18992804,Graphene research and applications,Graphene research and applications,0,2025
https://openalex.org/W2054658082,2013,Self-assembly of hierarchical MoSx/CNT nanocomposites (2&lt;x&lt;3): towards high performance anode materials for lithium ion batteries,graphene_2d_materials,Electrical and Electronic Engineering,18991892,18991892,0,,W2054658082,10.1038/srep02169,308,53,openalex_v3_query_core,0,,strict,Advancements in Battery Materials,18991892,Advancements in Battery Materials,Advancements in Battery Materials,0,2025
https://openalex.org/W3000160194,2020,Two‐dimensional MXenes for lithium‐sulfur batteries,graphene_2d_materials,Materials Chemistry,23488465,23488465,0,,W3000160194,10.1002/inf2.12080,308,131,openalex_v3_query_core,0,,strict,MXene and MAX Phase Materials,23488465,MXene and MAX Phase Materials,MXene and MAX Phase Materials,0,2025
https://openalex.org/W3030798682,2021,Giant optical anisotropy in transition metal dichalcogenides for next-generation photonics,graphene_2d_materials,Materials Chemistry,19026997,19026997,0,,W3030798682,10.1038/s41467-021-21139-x,308,45,openalex_v3_query_core,0,,strict,2D Materials and Applications,19026997,2D Materials and Applications,2D Materials and Applications,0,2025
https://openalex.org/W3163639760,2021,2D boron nitride nanosheets for polymer composite materials,graphene_2d_materials,Materials Chemistry,18992804,18992804,0,,W3163639760,10.1038/s41699-021-00231-2,308,275,openalex_v3_query_core,0,,strict,Graphene research and applications,18992804,Graphene research and applications,Graphene research and applications,0,2025
https://openalex.org/W2198265245,2016,Trivial and inverted Dirac bands and the emergence of quantum spin Hall states in graphene on transition-metal dichalcogenides,graphene_2d_materials,Materials Chemistry,18992804,18992804,0,,W2198265245,10.1103/physrevb.93.155104,307,37,openalex_v3_query_core,0,,strict,Graphene research and applications,18992804,Graphene research and applications,Graphene research and applications,0,2025
https://openalex.org/W2194971073,2015,Planar carbon nanotube–graphene hybrid films for high-performance broadband photodetectors,graphene_2d_materials,Materials Chemistry,18992674,18992674,0,,W2194971073,10.1038/ncomms9589,305,45,openalex_v3_query_core,0,,strict,Carbon Nanotubes in Composites,18992674,Carbon Nanotubes in Composites,Carbon Nanotubes in Composites,0,2025
https://openalex.org/W2345784910,2016,"Synthesis, toxicity, biocompatibility, and biomedical applications of graphene and graphene-related materials",graphene_2d_materials,Biomedical Engineering,23591170,23591170,0,,W2345784910,10.2147/ijn.s105264,305,298,openalex_v3_query_core,0,,strict,Graphene and Nanomaterials Applications,23591170,Graphene and Nanomaterials Applications,Graphene and Nanomaterials Applications,0,2025
https://openalex.org/W2420825669,2016,Interlayer Coupling in Twisted WSe<sub>2</sub>/WS<sub>2</sub> Bilayer Heterostructures Revealed by Optical Spectroscopy,graphene_2d_materials,Materials Chemistry,19026997,19026997,0,,W2420825669,10.1021/acsnano.6b01486,305,64,openalex_v3_query_core,0,,strict,2D Materials and Applications,19026997,2D Materials and Applications,2D Materials and Applications,0,2025
https://openalex.org/W2766321195,2017,Recent Progress on Antimonene: A New Bidimensional Material,graphene_2d_materials,Materials Chemistry,19026997,19026997,0,,W2766321195,10.1002/adma.201703771,305,93,openalex_v3_query_core,0,,strict,2D Materials and Applications,19026997,2D Materials and Applications,2D Materials and Applications,0,2025
https://openalex.org/W3033858499,2020,Janus WSSe Monolayer: An Excellent Photocatalyst for Overall Water Splitting,graphene_2d_materials,Materials Chemistry,19026997,19026997,0,,W3033858499,10.1021/acsami.0c06149,305,53,openalex_v3_query_core,0,,strict,2D Materials and Applications,19026997,2D Materials and Applications,2D Materials and Applications,0,2025
https://openalex.org/W3190450040,2021,Vacancy-defect modulated pathway of photoreduction of CO2 on single atomically thin AgInP2S6 sheets into olefiant gas,graphene_2d_materials,"Renewable Energy, Sustainability and the Environment",18992678,18992678,0,,W3190450040,10.1038/s41467-021-25068-7,305,32,openalex_v3_query_core,0,,strict,Advanced Photocatalysis Techniques,18992678,Advanced Photocatalysis Techniques,Advanced Photocatalysis Techniques,0,2025
https://openalex.org/W2800829505,2018,"Recent Advances in Metal Chalcogenides (MX; X = S, Se) Nanostructures for Electrochemical Supercapacitor Applications: A Brief Review",graphene_2d_materials,"Electronic, Optical and Magnetic Materials",19009840,19009840,0,,W2800829505,10.3390/nano8040256,304,210,openalex_v3_query_core,0,,strict,Supercapacitor Materials and Fabrication,19009840,Supercapacitor Materials and Fabrication,Supercapacitor Materials and Fabrication,0,2025
https://openalex.org/W2914649180,2019,Self-trapped state enabled filterless narrowband photodetections in 2D layered perovskite single crystals,graphene_2d_materials,Electrical and Electronic Engineering,19026606,19026606,0,,W2914649180,10.1038/s41467-019-08768-z,304,51,openalex_v3_query_core,0,,strict,Perovskite Materials and Applications,19026606,Perovskite Materials and Applications,Perovskite Materials and Applications,0,2025
https://openalex.org/W4312094227,2022,Perspectives of 2D MXene Tribology,graphene_2d_materials,Materials Chemistry,23488465,23488465,0,,W4312094227,10.1002/adma.202207757,304,162,openalex_v3_query_core,0,,strict,MXene and MAX Phase Materials,23488465,MXene and MAX Phase Materials,MXene and MAX Phase Materials,0,2025
https://openalex.org/W2965194700,2019,Identifying substitutional oxygen as a prolific point defect in monolayer transition metal dichalcogenides,graphene_2d_materials,Materials Chemistry,19026997,19026997,0,,W2965194700,10.1038/s41467-019-11342-2,303,72,openalex_v3_query_core,0,,strict,2D Materials and Applications,19026997,2D Materials and Applications,2D Materials and Applications,0,2025
https://openalex.org/W2913750145,2019,Palladium Diselenide Long-Wavelength Infrared Photodetector with High Sensitivity and Stability,graphene_2d_materials,Materials Chemistry,19026997,19026997,0,,W2913750145,10.1021/acsnano.8b09476,302,60,openalex_v3_query_core,0,,strict,2D Materials and Applications,19026997,2D Materials and Applications,2D Materials and Applications,0,2025
https://openalex.org/W3120888287,2021,Charge-polarized interfacial superlattices in marginally twisted hexagonal boron nitride,graphene_2d_materials,Materials Chemistry,18992804,18992804,0,,W3120888287,10.1038/s41467-020-20667-2,302,61,openalex_v3_query_core,0,,strict,Graphene research and applications,18992804,Graphene research and applications,Graphene research and applications,0,2025
https://openalex.org/W2408969993,2015,Superconductivity Series in Transition Metal Dichalcogenides by Ionic Gating,graphene_2d_materials,Materials Chemistry,19026997,19026997,0,,W2408969993,10.1038/srep12534,300,47,openalex_v3_query_core,0,,strict,2D Materials and Applications,19026997,2D Materials and Applications,2D Materials and Applications,0,2025
https://openalex.org/W2800120486,2018,Atomically thin p–n junctions based on two-dimensional materials,graphene_2d_materials,Materials Chemistry,18992804,18992804,0,,W2800120486,10.1039/c7cs00880e,300,218,openalex_v3_query_core,0,,strict,Graphene research and applications,18992804,Graphene research and applications,Graphene research and applications,0,2025
https://openalex.org/W4225408426,2022,Emerging exciton physics in transition metal dichalcogenide heterobilayers,graphene_2d_materials,Materials Chemistry,19026997,19026997,0,,W4225408426,10.1038/s41578-022-00440-1,300,229,openalex_v3_query_core,0,,strict,2D Materials and Applications,19026997,2D Materials and Applications,2D Materials and Applications,0,2025
https://openalex.org/W4380769261,2023,Quantum metric nonlinear Hall effect in a topological antiferromagnetic heterostructure,graphene_2d_materials,"Atomic and Molecular Physics, and Optics",19095381,19095381,0,,W4380769261,10.1126/science.adf1506,299,102,openalex_v3_query_core,0,,strict,Topological Materials and Phenomena,19095381,Topological Materials and Phenomena,Topological Materials and Phenomena,0,2025
https://openalex.org/W4384038181,2023,Synthesis and Characterization of Nanomaterials for Application in Cost-Effective Electrochemical Devices,graphene_2d_materials,Polymers and Plastics,19095505,19095505,0,,W4384038181,10.3390/su151410891,299,277,openalex_v3_query_core,0,,strict,Conducting polymers and applications,19095505,Conducting polymers and applications,Conducting polymers and applications,0,2025
https://openalex.org/W2145785099,2015,Graphene spintronics: the European Flagship perspective,graphene_2d_materials,Materials Chemistry,18992804,18992804,0,,W2145785099,10.1088/2053-1583/2/3/030202,298,62,openalex_v3_query_core,0,,strict,Graphene research and applications,18992804,Graphene research and applications,Graphene research and applications,0,2025
https://openalex.org/W2797447306,2018,Autonomous robotic searching and assembly of two-dimensional crystals to build van der Waals superlattices,graphene_2d_materials,Materials Chemistry,19026997,19026997,0,,W2797447306,10.1038/s41467-018-03723-w,298,48,openalex_v3_query_core,0,,strict,2D Materials and Applications,19026997,2D Materials and Applications,2D Materials and Applications,0,2025
https://openalex.org/W3011747191,2020,Sub-nanosecond memristor based on ferroelectric tunnel junction,graphene_2d_materials,Electrical and Electronic Engineering,19077560,19077560,0,,W3011747191,10.1038/s41467-020-15249-1,298,60,openalex_v3_query_core,0,,strict,Advanced Memory and Neural Computing,19077560,Advanced Memory and Neural Computing,Advanced Memory and Neural Computing,0,2025
https://openalex.org/W3123047418,2021,Carbon-based SERS biosensor: from substrate design to sensing and bioapplication,graphene_2d_materials,Molecular Biology,19026082,19026082,0,,W3123047418,10.1038/s41427-020-00278-5,298,253,openalex_v3_query_core,0,,strict,Advanced biosensing and bioanalysis techniques,19026082,Advanced biosensing and bioanalysis techniques,Advanced biosensing and bioanalysis techniques,0,2025
https://openalex.org/W4377563889,2023,"Recent Advances in 2D Material Theory, Synthesis, Properties, and Applications",graphene_2d_materials,Materials Chemistry,19026997,19026997,0,,W4377563889,10.1021/acsnano.2c12759,298,504,openalex_v3_query_core,0,,strict,2D Materials and Applications,19026997,2D Materials and Applications,2D Materials and Applications,0,2025
https://openalex.org/W4211084306,2020,Polariton panorama,graphene_2d_materials,"Atomic and Molecular Physics, and Optics",23591034,23591034,0,,W4211084306,10.1515/nanoph-2020-0449,297,530,openalex_v3_query_core,0,,strict,Strong Light-Matter Interactions,23591034,Strong Light-Matter Interactions,Strong Light-Matter Interactions,0,2025
https://openalex.org/W3185544614,2021,Engineering Ruthenium-Based Electrocatalysts for Effective Hydrogen Evolution Reaction,graphene_2d_materials,"Renewable Energy, Sustainability and the Environment",18992146,18992146,0,,W3185544614,10.1007/s40820-021-00679-3,297,103,openalex_v3_query_core,0,,strict,Electrocatalysts for Energy Conversion,18992146,Electrocatalysts for Energy Conversion,Electrocatalysts for Energy Conversion,0,2025
https://openalex.org/W4220815223,2022,"Review of Multifunctional Separators: Stabilizing the Cathode and the Anode for Alkali (Li, Na, and K) Metal–Sulfur and Selenium Batteries",graphene_2d_materials,Electrical and Electronic Engineering,19027124,19027124,0,,W4220815223,10.1021/acs.chemrev.1c00838,297,548,openalex_v3_query_core,0,,strict,Advanced Battery Materials and Technologies,19027124,Advanced Battery Materials and Technologies,Advanced Battery Materials and Technologies,0,2025
https://openalex.org/W2335871420,2016,Two-dimensional GaSe/MoSe <sub>2</sub> misfit bilayer heterojunctions by van der Waals epitaxy,graphene_2d_materials,Materials Chemistry,19026997,19026997,0,,W2335871420,10.1126/sciadv.1501882,296,49,openalex_v3_query_core,0,,strict,2D Materials and Applications,19026997,2D Materials and Applications,2D Materials and Applications,0,2025
https://openalex.org/W2579503212,2017,Observation of ultralong valley lifetime in WSe <sub>2</sub> /MoS <sub>2</sub> heterostructures,graphene_2d_materials,Materials Chemistry,19026997,19026997,0,,W2579503212,10.1126/sciadv.1700518,296,39,openalex_v3_query_core,0,,strict,2D Materials and Applications,19026997,2D Materials and Applications,2D Materials and Applications,0,2025
https://openalex.org/W2977568232,2019,Large-Area Soft e-Skin: The Challenges Beyond Sensor Designs,graphene_2d_materials,Biomedical Engineering,19043637,19043637,0,,W2977568232,10.1109/jproc.2019.2941366,296,185,openalex_v3_query_core,0,,strict,Advanced Sensor and Energy Harvesting Materials,19043637,Advanced Sensor and Energy Harvesting Materials,Advanced Sensor and Energy Harvesting Materials,0,2025
https://openalex.org/W3200198081,2021,Engineering high-coherence superconducting qubits,graphene_2d_materials,"Atomic and Molecular Physics, and Optics",19044286,19044286,0,,W3200198081,10.1038/s41578-021-00370-4,296,228,openalex_v3_query_core,0,,strict,Quantum and electron transport phenomena,19044286,Quantum and electron transport phenomena,Quantum and electron transport phenomena,0,2025
https://openalex.org/W4375815185,2023,"Organic and inorganic nanomaterials: fabrication, properties and applications",graphene_2d_materials,Materials Chemistry,18992932,18992932,0,,W4375815185,10.1039/d3ra01421e,296,254,openalex_v3_query_core,0,,strict,ZnO doping and properties,18992932,ZnO doping and properties,ZnO doping and properties,0,2025
https://openalex.org/W2598159493,2017,Thermoelectric and phonon transport properties of two-dimensional IV–VI compounds,graphene_2d_materials,Materials Chemistry,19060921,19060921,0,,W2598159493,10.1038/s41598-017-00598-7,295,67,openalex_v3_query_core,0,,strict,Advanced Thermoelectric Materials and Devices,19060921,Advanced Thermoelectric Materials and Devices,Advanced Thermoelectric Materials and Devices,0,2025
https://openalex.org/W3087382172,2020,Graphene Nanoribbons: On‐Surface Synthesis and Integration into Electronic Devices,graphene_2d_materials,Materials Chemistry,18992804,18992804,0,,W3087382172,10.1002/adma.202001893,295,169,openalex_v3_query_core,0,,strict,Graphene research and applications,18992804,Graphene research and applications,Graphene research and applications,0,2025
https://openalex.org/W2981501663,2019,Graphene related materials for thermal management,graphene_2d_materials,Materials Chemistry,21275090,21275090,0,,W2981501663,10.1088/2053-1583/ab48d9,293,365,openalex_v3_query_core,0,,strict,Thermal properties of materials,21275090,Thermal properties of materials,Thermal properties of materials,0,2025
https://openalex.org/W1975194592,2015,Solution processed MoS2-PVA composite for sub-bandgap mode-locking of a wideband tunable ultrafast Er:fiber laser,graphene_2d_materials,"Atomic and Molecular Physics, and Optics",19147258,19147258,0,,W1975194592,10.1007/s12274-014-0637-2,291,80,openalex_v3_query_core,0,,strict,Advanced Fiber Laser Technologies,19147258,Advanced Fiber Laser Technologies,Advanced Fiber Laser Technologies,0,2025
https://openalex.org/W3168819126,2021,Roadmap of Terahertz Imaging 2021,graphene_2d_materials,Electrical and Electronic Engineering,19112537,19112537,0,,W3168819126,10.3390/s21124092,291,472,openalex_v3_query_core,0,,strict,Terahertz technology and applications,19112537,Terahertz technology and applications,Terahertz technology and applications,0,2025
https://openalex.org/W3207710585,2021,3D Ultralight Hollow NiCo Compound@MXene Composites for Tunable and High-Efficient Microwave Absorption,graphene_2d_materials,"Electronic, Optical and Magnetic Materials",21274432,21274432,0,,W3207710585,10.1007/s40820-021-00727-y,291,58,openalex_v3_query_core,0,,strict,Electromagnetic wave absorption materials,21274432,Electromagnetic wave absorption materials,Electromagnetic wave absorption materials,0,2025
https://openalex.org/W2618590689,2017,From two-dimensional materials to their heterostructures: An electrochemist's perspective,graphene_2d_materials,Materials Chemistry,19026997,19026997,0,,W2618590689,10.1016/j.apmt.2017.05.003,290,401,openalex_v3_query_core,0,,strict,2D Materials and Applications,19026997,2D Materials and Applications,2D Materials and Applications,0,2025
https://openalex.org/W2031036190,2013,"Thermal Transport across Solid Interfaces with Nanoscale Imperfections: Effects of Roughness, Disorder, Dislocations, and Bonding on Thermal Boundary Conductance",graphene_2d_materials,Materials Chemistry,21275090,21275090,0,,W2031036190,10.1155/2013/682586,289,148,openalex_v3_query_core,0,,strict,Thermal properties of materials,21275090,Thermal properties of materials,Thermal properties of materials,0,2025
https://openalex.org/W2743487474,2017,HfSe <sub>2</sub> and ZrSe <sub>2</sub> : Two-dimensional semiconductors with native high-κ oxides,graphene_2d_materials,Materials Chemistry,19026997,19026997,0,,W2743487474,10.1126/sciadv.1700481,289,62,openalex_v3_query_core,0,,strict,2D Materials and Applications,19026997,2D Materials and Applications,2D Materials and Applications,0,2025
https://openalex.org/W3214469035,2021,Light-induced emergent phenomena in 2D materials and topological materials,graphene_2d_materials,"Atomic and Molecular Physics, and Optics",19095381,19095381,0,,W3214469035,10.1038/s42254-021-00388-1,289,369,openalex_v3_query_core,0,,strict,Topological Materials and Phenomena,19095381,Topological Materials and Phenomena,Topological Materials and Phenomena,0,2025
https://openalex.org/W4205820809,2022,Electronic skin as wireless human-machine interfaces for robotic VR,graphene_2d_materials,Biomedical Engineering,19043637,19043637,0,,W4205820809,10.1126/sciadv.abl6700,289,40,openalex_v3_query_core,0,,strict,Advanced Sensor and Energy Harvesting Materials,19043637,Advanced Sensor and Energy Harvesting Materials,Advanced Sensor and Energy Harvesting Materials,0,2025
https://openalex.org/W2620503350,2017,Confined catalysis under two-dimensional materials,graphene_2d_materials,"Renewable Energy, Sustainability and the Environment",18992146,18992146,0,,W2620503350,10.1073/pnas.1701280114,288,62,openalex_v3_query_core,0,,strict,Electrocatalysts for Energy Conversion,18992146,Electrocatalysts for Energy Conversion,Electrocatalysts for Energy Conversion,0,2025
https://openalex.org/W2807503277,2018,"High-performance, multifunctional devices based on asymmetric van der Waals heterostructures",graphene_2d_materials,Materials Chemistry,18992804,18992804,0,,W2807503277,10.1038/s41928-018-0086-0,288,44,openalex_v3_query_core,0,,strict,Graphene research and applications,18992804,Graphene research and applications,Graphene research and applications,0,2025
https://openalex.org/W2972728369,2019,The role of traps in the photocurrent generation mechanism in thin InSe photodetectors,graphene_2d_materials,Materials Chemistry,19026997,19026997,0,,W2972728369,10.1039/c9mh01020c,288,80,openalex_v3_query_core,0,,strict,2D Materials and Applications,19026997,2D Materials and Applications,2D Materials and Applications,0,2025
https://openalex.org/W4385683577,2023,Multifunctional MXene/C Aerogels for Enhanced Microwave Absorption and Thermal Insulation,graphene_2d_materials,"Electronic, Optical and Magnetic Materials",21274432,21274432,0,,W4385683577,10.1007/s40820-023-01158-7,288,58,openalex_v3_query_core,0,,strict,Electromagnetic wave absorption materials,21274432,Electromagnetic wave absorption materials,Electromagnetic wave absorption materials,0,2025
https://openalex.org/W2510307231,2016,Electronic structures and enhanced optical properties of blue phosphorene/transition metal dichalcogenides van der Waals heterostructures,graphene_2d_materials,Materials Chemistry,19026997,19026997,0,,W2510307231,10.1038/srep31994,287,61,openalex_v3_query_core,0,,strict,2D Materials and Applications,19026997,2D Materials and Applications,2D Materials and Applications,0,2025
https://openalex.org/W2761699998,2018,Photonic-crystal exciton-polaritons in monolayer semiconductors,graphene_2d_materials,"Atomic and Molecular Physics, and Optics",23591034,23591034,0,,W2761699998,10.1038/s41467-018-03188-x,287,53,openalex_v3_query_core,0,,strict,Strong Light-Matter Interactions,23591034,Strong Light-Matter Interactions,Strong Light-Matter Interactions,0,2025
https://openalex.org/W3008685795,2020,"Two-Dimensional Materials in Large-Areas: Synthesis, Properties and Applications",graphene_2d_materials,Materials Chemistry,19026997,19026997,0,,W3008685795,10.1007/s40820-020-0402-x,286,191,openalex_v3_query_core,0,,strict,2D Materials and Applications,19026997,2D Materials and Applications,2D Materials and Applications,0,2025
https://openalex.org/W3154219132,2021,Enhanced bulk photovoltaic effect in two-dimensional ferroelectric CuInP2S6,graphene_2d_materials,Materials Chemistry,19026997,19026997,0,,W3154219132,10.1038/s41467-021-26200-3,285,56,openalex_v3_query_core,0,,strict,2D Materials and Applications,19026997,2D Materials and Applications,2D Materials and Applications,0,2025
https://openalex.org/W2282747961,2015,Excitons in van der Waals heterostructures: The important role of dielectric screening,graphene_2d_materials,Materials Chemistry,19026997,19026997,0,,W2282747961,10.1103/physrevb.92.245123,284,38,openalex_v3_query_core,0,,strict,2D Materials and Applications,19026997,2D Materials and Applications,2D Materials and Applications,0,2025
https://openalex.org/W4362721930,2023,Staggered circular nanoporous graphene converts electromagnetic waves into electricity,graphene_2d_materials,Materials Chemistry,18992804,18992804,0,,W4362721930,10.1038/s41467-023-37436-6,283,48,openalex_v3_query_core,0,,strict,Graphene research and applications,18992804,Graphene research and applications,Graphene research and applications,0,2025
https://openalex.org/W1743267485,2015,Synthesis of high quality two-dimensional materials via chemical vapor deposition,graphene_2d_materials,Materials Chemistry,18992804,18992804,0,,W1743267485,10.1039/c5sc01941a,281,89,openalex_v3_query_core,0,,strict,Graphene research and applications,18992804,Graphene research and applications,Graphene research and applications,0,2025
https://openalex.org/W2885444127,2018,Electronic and optical properties of heterostructures based on transition metal dichalcogenides and graphene-like zinc oxide,graphene_2d_materials,Materials Chemistry,19026997,19026997,0,,W2885444127,10.1038/s41598-018-30614-3,281,59,openalex_v3_query_core,0,,strict,2D Materials and Applications,19026997,2D Materials and Applications,2D Materials and Applications,0,2025
https://openalex.org/W2337829338,2016,Room-temperature Tamm-plasmon exciton-polaritons with a WSe2 monolayer,graphene_2d_materials,"Atomic and Molecular Physics, and Optics",23591034,23591034,0,,W2337829338,10.1038/ncomms13328,280,36,openalex_v3_query_core,0,,strict,Strong Light-Matter Interactions,23591034,Strong Light-Matter Interactions,Strong Light-Matter Interactions,0,2025
https://openalex.org/W2733132161,2017,Electrical gate control of spin current in van der Waals heterostructures at room temperature,graphene_2d_materials,Materials Chemistry,19026997,19026997,0,,W2733132161,10.1038/ncomms16093,280,49,openalex_v3_query_core,0,,strict,2D Materials and Applications,19026997,2D Materials and Applications,2D Materials and Applications,0,2025
https://openalex.org/W3194360913,2021,"Designing Advanced Aqueous Zinc‐Ion Batteries: Principles, Strategies, and Perspectives",graphene_2d_materials,Electrical and Electronic Engineering,21343989,21343989,0,,W3194360913,10.1002/eem2.12265,280,192,openalex_v3_query_core,0,,strict,Advanced battery technologies research,21343989,Advanced battery technologies research,Advanced battery technologies research,0,2025
https://openalex.org/W4363673285,2023,Internal quantum efficiency higher than 100% achieved by combining doping and quantum effects for photocatalytic overall water splitting,graphene_2d_materials,"Renewable Energy, Sustainability and the Environment",18992678,18992678,0,,W4363673285,10.1038/s41560-023-01242-7,280,53,openalex_v3_query_core,0,,strict,Advanced Photocatalysis Techniques,18992678,Advanced Photocatalysis Techniques,Advanced Photocatalysis Techniques,0,2025
https://openalex.org/W1977180237,2013,A rational design of cosolvent exfoliation of layered materials by directly probing liquid–solid interaction,graphene_2d_materials,Materials Chemistry,18992804,18992804,0,,W1977180237,10.1038/ncomms3213,279,42,openalex_v3_query_core,0,,strict,Graphene research and applications,18992804,Graphene research and applications,Graphene research and applications,0,2025
https://openalex.org/W3168281307,2021,Recent advances in graphene and other 2D materials,graphene_2d_materials,Materials Chemistry,19026997,19026997,0,,W3168281307,10.1016/j.nanoms.2021.05.002,279,222,openalex_v3_query_core,0,,strict,2D Materials and Applications,19026997,2D Materials and Applications,2D Materials and Applications,0,2025
https://openalex.org/W2112544858,2014,Elastic strain engineering for unprecedented materials properties,graphene_2d_materials,Ceramics and Composites,19009309,19009309,0,,W2112544858,10.1557/mrs.2014.3,278,35,openalex_v3_query_core,0,,strict,Advanced ceramic materials synthesis,19009309,Advanced ceramic materials synthesis,Advanced ceramic materials synthesis,0,2025
https://openalex.org/W2915950764,2019,Paraffin-enabled graphene transfer,graphene_2d_materials,Materials Chemistry,18992804,18992804,0,,W2915950764,10.1038/s41467-019-08813-x,278,34,openalex_v3_query_core,0,,strict,Graphene research and applications,18992804,Graphene research and applications,Graphene research and applications,0,2025
https://openalex.org/W3036722769,2020,Highly active deficient ternary sulfide photoanode for photoelectrochemical water splitting,graphene_2d_materials,"Renewable Energy, Sustainability and the Environment",18992678,18992678,0,,W3036722769,10.1038/s41467-020-16800-w,278,77,openalex_v3_query_core,0,,strict,Advanced Photocatalysis Techniques,18992678,Advanced Photocatalysis Techniques,Advanced Photocatalysis Techniques,0,2025
https://openalex.org/W4280594779,2022,Functional Carbon Nitride Materials in Photo‐Fenton‐Like Catalysis for Environmental Remediation,graphene_2d_materials,"Renewable Energy, Sustainability and the Environment",18992678,18992678,0,,W4280594779,10.1002/adfm.202201743,277,217,openalex_v3_query_core,0,,strict,Advanced Photocatalysis Techniques,18992678,Advanced Photocatalysis Techniques,Advanced Photocatalysis Techniques,0,2025
https://openalex.org/W2051581246,2014,Photoluminescence quenching in gold - MoS2 hybrid nanoflakes,graphene_2d_materials,Materials Chemistry,19026997,19026997,0,,W2051581246,10.1038/srep05575,276,59,openalex_v3_query_core,0,,strict,2D Materials and Applications,19026997,2D Materials and Applications,2D Materials and Applications,0,2025
https://openalex.org/W2464563468,2016,"Ultrafast, Broadband Photodetector Based on MoSe<sub>2</sub>/Silicon Heterojunction with Vertically Standing Layered Structure Using Graphene as Transparent Electrode",graphene_2d_materials,Materials Chemistry,19026997,19026997,0,,W2464563468,10.1002/advs.201600018,276,76,openalex_v3_query_core,0,,strict,2D Materials and Applications,19026997,2D Materials and Applications,2D Materials and Applications,0,2025
https://openalex.org/W2892297880,2018,Strong light‐matter coupling in quantum chemistry and quantum photonics,graphene_2d_materials,"Atomic and Molecular Physics, and Optics",23591034,23591034,0,,W2892297880,10.1515/nanoph-2018-0067,276,188,openalex_v3_query_core,0,,strict,Strong Light-Matter Interactions,23591034,Strong Light-Matter Interactions,Strong Light-Matter Interactions,0,2025
https://openalex.org/W3006884899,2020,Carbon-Based Polymer Nanocomposite for High-Performance Energy Storage Applications,graphene_2d_materials,"Electronic, Optical and Magnetic Materials",19009840,19009840,0,,W3006884899,10.3390/polym12030505,276,179,openalex_v3_query_core,0,,strict,Supercapacitor Materials and Fabrication,19009840,Supercapacitor Materials and Fabrication,Supercapacitor Materials and Fabrication,0,2025
https://openalex.org/W3021791977,2020,Precise control of the interlayer twist angle in large scale MoS2 homostructures,graphene_2d_materials,Materials Chemistry,19026997,19026997,0,,W3021791977,10.1038/s41467-020-16056-4,276,56,openalex_v3_query_core,0,,strict,2D Materials and Applications,19026997,2D Materials and Applications,2D Materials and Applications,0,2025
https://openalex.org/W1526026297,2015,Self-assembled 2D WSe2 thin films for photoelectrochemical hydrogen production,graphene_2d_materials,Materials Chemistry,19026997,19026997,0,,W1526026297,10.1038/ncomms8596,275,46,openalex_v3_query_core,0,,strict,2D Materials and Applications,19026997,2D Materials and Applications,2D Materials and Applications,0,2025
https://openalex.org/W2254213269,2016,First-principles method for electron-phonon coupling and electron mobility: Applications to two-dimensional materials,graphene_2d_materials,Materials Chemistry,18992804,18992804,0,,W2254213269,10.1103/physrevb.93.035414,275,76,openalex_v3_query_core,0,,strict,Graphene research and applications,18992804,Graphene research and applications,Graphene research and applications,0,2025
https://openalex.org/W3006738872,2020,Quantum properties and applications of 2D Janus crystals and their superlattices,graphene_2d_materials,Materials Chemistry,19026997,19026997,0,,W3006738872,10.1063/1.5135306,275,102,openalex_v3_query_core,0,,strict,2D Materials and Applications,19026997,2D Materials and Applications,2D Materials and Applications,0,2025
https://openalex.org/W3007688084,2020,Electrical and Elastic Properties of Individual Single‐Layer Nb<sub>4</sub>C<sub>3</sub>T<i><sub>x</sub></i> MXene Flakes,graphene_2d_materials,Materials Chemistry,23488465,23488465,0,,W3007688084,10.1002/aelm.201901382,275,48,openalex_v3_query_core,0,,strict,MXene and MAX Phase Materials,23488465,MXene and MAX Phase Materials,MXene and MAX Phase Materials,0,2025
https://openalex.org/W3100448631,2020,The epitaxy of 2D materials growth,graphene_2d_materials,Materials Chemistry,18992804,18992804,0,,W3100448631,10.1038/s41467-020-19752-3,275,49,openalex_v3_query_core,0,,strict,Graphene research and applications,18992804,Graphene research and applications,Graphene research and applications,0,2025
https://openalex.org/W4304891083,2022,Advanced Fiber Materials for Wearable Electronics,graphene_2d_materials,Biomedical Engineering,19043637,19043637,0,,W4304891083,10.1007/s42765-022-00212-0,275,154,openalex_v3_query_core,0,,strict,Advanced Sensor and Energy Harvesting Materials,19043637,Advanced Sensor and Energy Harvesting Materials,Advanced Sensor and Energy Harvesting Materials,0,2025
https://openalex.org/W2962717544,2016,The thermal and electrical properties of the promising semiconductor MXene Hf2CO2,graphene_2d_materials,Materials Chemistry,23488465,23488465,0,,W2962717544,10.1038/srep27971,274,70,openalex_v3_query_core,0,,strict,MXene and MAX Phase Materials,23488465,MXene and MAX Phase Materials,MXene and MAX Phase Materials,0,2025
https://openalex.org/W2887822003,2018,Half-metallic carbon nitride nanosheets with micro grid mode resonance structure for efficient photocatalytic hydrogen evolution,graphene_2d_materials,"Renewable Energy, Sustainability and the Environment",18992678,18992678,0,,W2887822003,10.1038/s41467-018-05590-x,274,33,openalex_v3_query_core,0,,strict,Advanced Photocatalysis Techniques,18992678,Advanced Photocatalysis Techniques,Advanced Photocatalysis Techniques,0,2025
https://openalex.org/W4229029543,2022,Nano-crumples induced Sn-Bi bimetallic interface pattern with moderate electron bank for highly efficient CO2 electroreduction,graphene_2d_materials,"Renewable Energy, Sustainability and the Environment",21361023,21361023,0,,W4229029543,10.1038/s41467-022-29861-w,274,66,openalex_v3_query_core,0,,strict,CO2 Reduction Techniques and Catalysts,21361023,CO2 Reduction Techniques and Catalysts,CO2 Reduction Techniques and Catalysts,0,2025
https://openalex.org/W2200737425,2016,Thermal Boundary Conductance: A Materials Science Perspective,graphene_2d_materials,Materials Chemistry,21275090,21275090,0,,W2200737425,10.1146/annurev-matsci-070115-031719,273,172,openalex_v3_query_core,0,,strict,Thermal properties of materials,21275090,Thermal properties of materials,Thermal properties of materials,0,2025
https://openalex.org/W4313480418,2022,"Recent progress in semiconductor/graphene photocatalysts: synthesis, photocatalytic applications, and challenges",graphene_2d_materials,"Renewable Energy, Sustainability and the Environment",18992678,18992678,0,,W4313480418,10.1039/d2ra07225d,273,135,openalex_v3_query_core,0,,strict,Advanced Photocatalysis Techniques,18992678,Advanced Photocatalysis Techniques,Advanced Photocatalysis Techniques,0,2025
https://openalex.org/W2836558424,2018,2D library beyond graphene and transition metal dichalcogenides: a focus on photodetection,graphene_2d_materials,Materials Chemistry,19026997,19026997,0,,W2836558424,10.1039/c8cs00255j,272,381,openalex_v3_query_core,0,,strict,2D Materials and Applications,19026997,2D Materials and Applications,2D Materials and Applications,0,2025
https://openalex.org/W4311953715,2022,Metal oxide semiconductors for gas sensing,graphene_2d_materials,Electrical and Electronic Engineering,19061184,19061184,0,,W4311953715,10.1002/eng2.12604,272,148,openalex_v3_query_core,0,,strict,Gas Sensing Nanomaterials and Sensors,19061184,Gas Sensing Nanomaterials and Sensors,Gas Sensing Nanomaterials and Sensors,0,2025
https://openalex.org/W2292862804,2016,Physically founded phonon dispersions of few-layer materials and the case of borophene,graphene_2d_materials,Materials Chemistry,19026997,19026997,0,,W2292862804,10.1080/21663831.2016.1174163,271,53,openalex_v3_query_core,0,,strict,2D Materials and Applications,19026997,2D Materials and Applications,2D Materials and Applications,0,2025
https://openalex.org/W2496143779,2016,Topological mosaics in moiré superlattices of van der Waals heterobilayers,graphene_2d_materials,Materials Chemistry,19026997,19026997,0,,W2496143779,10.1038/nphys3968,271,45,openalex_v3_query_core,0,,strict,2D Materials and Applications,19026997,2D Materials and Applications,2D Materials and Applications,0,2025
https://openalex.org/W2517024862,2016,"Two‐Dimensional Metal Oxide and Metal Hydroxide Nanosheets: Synthesis, Controlled Assembly and Applications in Energy Conversion and Storage",graphene_2d_materials,"Electronic, Optical and Magnetic Materials",19009840,19009840,0,,W2517024862,10.1002/aenm.201600355,271,376,openalex_v3_query_core,0,,strict,Supercapacitor Materials and Fabrication,19009840,Supercapacitor Materials and Fabrication,Supercapacitor Materials and Fabrication,0,2025
https://openalex.org/W2620474357,2017,Quantum Hall drag of exciton condensate in graphene,graphene_2d_materials,"Atomic and Molecular Physics, and Optics",23591034,23591034,0,,W2620474357,10.1038/nphys4116,271,36,openalex_v3_query_core,0,,strict,Strong Light-Matter Interactions,23591034,Strong Light-Matter Interactions,Strong Light-Matter Interactions,0,2025
https://openalex.org/W2913250816,2019,Giant valley splitting in monolayer WS2 by magnetic proximity effect,graphene_2d_materials,Materials Chemistry,19026997,19026997,0,,W2913250816,10.1038/s41467-019-11966-4,271,38,openalex_v3_query_core,0,,strict,2D Materials and Applications,19026997,2D Materials and Applications,2D Materials and Applications,0,2025
https://openalex.org/W2991029762,2019,Bio-inspired photonic crystal patterns,graphene_2d_materials,"Atomic and Molecular Physics, and Optics",19095511,19095511,0,,W2991029762,10.1039/c9mh01389j,271,293,openalex_v3_query_core,0,,strict,Photonic Crystals and Applications,19095511,Photonic Crystals and Applications,Photonic Crystals and Applications,0,2025
https://openalex.org/W2148819278,2014,Three-dimensional graphene-based composites for energy applications,graphene_2d_materials,"Electronic, Optical and Magnetic Materials",19009840,19009840,0,,W2148819278,10.1039/c4nr06609j,270,258,openalex_v3_query_core,0,,strict,Supercapacitor Materials and Fabrication,19009840,Supercapacitor Materials and Fabrication,Supercapacitor Materials and Fabrication,0,2025
https://openalex.org/W2785475643,2018,Tuning Electronic Structure of Single Layer MoS<sub>2</sub> through Defect and Interface Engineering,graphene_2d_materials,Materials Chemistry,19026997,19026997,0,,W2785475643,10.1021/acsnano.7b08418,270,78,openalex_v3_query_core,0,,strict,2D Materials and Applications,19026997,2D Materials and Applications,2D Materials and Applications,0,2025
https://openalex.org/W3101085627,2019,Transport of Topological Semimetals,graphene_2d_materials,"Atomic and Molecular Physics, and Optics",19095381,19095381,0,,W3101085627,10.1146/annurev-matsci-070218-010023,270,405,openalex_v3_query_core,0,,strict,Topological Materials and Phenomena,19095381,Topological Materials and Phenomena,Topological Materials and Phenomena,0,2025
https://openalex.org/W3017192294,2020,Doping-free complementary WSe2 circuit via van der Waals metal integration,graphene_2d_materials,Materials Chemistry,19026997,19026997,0,,W3017192294,10.1038/s41467-020-15776-x,270,38,openalex_v3_query_core,0,,strict,2D Materials and Applications,19026997,2D Materials and Applications,2D Materials and Applications,0,2025
https://openalex.org/W3133680053,2021,Memristive Artificial Synapses for Neuromorphic Computing,graphene_2d_materials,Electrical and Electronic Engineering,19077560,19077560,0,,W3133680053,10.1007/s40820-021-00618-2,270,161,openalex_v3_query_core,0,,strict,Advanced Memory and Neural Computing,19077560,Advanced Memory and Neural Computing,Advanced Memory and Neural Computing,0,2025
https://openalex.org/W3003979876,2020,Layer-resolved magnetic proximity effect in van der Waals heterostructures,graphene_2d_materials,Materials Chemistry,19026997,19026997,0,,W3003979876,10.1038/s41565-019-0629-1,269,22,openalex_v3_query_core,0,,strict,2D Materials and Applications,19026997,2D Materials and Applications,2D Materials and Applications,0,2025
https://openalex.org/W2061686668,2013,Two-Dimensional Materials from Data Filtering and<i>Ab Initio</i>Calculations,graphene_2d_materials,Materials Chemistry,18992804,18992804,0,,W2061686668,10.1103/physrevx.3.031002,268,43,openalex_v3_query_core,0,,strict,Graphene research and applications,18992804,Graphene research and applications,Graphene research and applications,0,2025
https://openalex.org/W4286750327,2022,Supercurrent diode effect and magnetochiral anisotropy in few-layer NbSe2,graphene_2d_materials,Materials Chemistry,19026997,19026997,0,,W4286750327,10.1038/s41467-022-31954-5,268,52,openalex_v3_query_core,0,,strict,2D Materials and Applications,19026997,2D Materials and Applications,2D Materials and Applications,0,2025
https://openalex.org/W4395082452,2024,Innovative Solutions for High-Performance Silicon Anodes in Lithium-Ion Batteries: Overcoming Challenges and Real-World Applications,graphene_2d_materials,Electrical and Electronic Engineering,18991892,18991892,0,,W4395082452,10.1007/s40820-024-01388-3,268,174,openalex_v3_query_core,0,,strict,Advancements in Battery Materials,18991892,Advancements in Battery Materials,Advancements in Battery Materials,0,2025
https://openalex.org/W2899004117,2019,Room-Temperature Spin Hall Effect in Graphene/MoS<sub>2</sub> van der Waals Heterostructures,graphene_2d_materials,Materials Chemistry,19026997,19026997,0,,W2899004117,10.1021/acs.nanolett.8b04368,267,97,openalex_v3_query_core,0,,strict,2D Materials and Applications,19026997,2D Materials and Applications,2D Materials and Applications,0,2025
https://openalex.org/W2612479249,2017,Imaging exciton–polariton transport in MoSe2 waveguides,graphene_2d_materials,"Atomic and Molecular Physics, and Optics",23591034,23591034,0,,W2612479249,10.1038/nphoton.2017.65,266,31,openalex_v3_query_core,0,,strict,Strong Light-Matter Interactions,23591034,Strong Light-Matter Interactions,Strong Light-Matter Interactions,0,2025
https://openalex.org/W2957369893,2019,Van der Waals negative capacitance transistors,graphene_2d_materials,Electrical and Electronic Engineering,23625231,23625231,0,,W2957369893,10.1038/s41467-019-10738-4,266,39,openalex_v3_query_core,0,,strict,Ferroelectric and Negative Capacitance Devices,23625231,Ferroelectric and Negative Capacitance Devices,Ferroelectric and Negative Capacitance Devices,0,2025
https://openalex.org/W3020472023,2020,"Two-Dimensional Tellurium: Progress, Challenges, and Prospects",graphene_2d_materials,Materials Chemistry,19026997,19026997,0,,W3020472023,10.1007/s40820-020-00427-z,266,241,openalex_v3_query_core,0,,strict,2D Materials and Applications,19026997,2D Materials and Applications,2D Materials and Applications,0,2025
https://openalex.org/W4363676544,2023,Nanostructuring of Mg-Based Hydrogen Storage Materials: Recent Advances for Promoting Key Applications,graphene_2d_materials,Materials Chemistry,19129173,19129173,0,,W4363676544,10.1007/s40820-023-01041-5,266,136,openalex_v3_query_core,0,,strict,Hydrogen Storage and Materials,19129173,Hydrogen Storage and Materials,Hydrogen Storage and Materials,0,2025
https://openalex.org/W2789378330,2018,Facile bottom-up synthesis of partially oxidized black phosphorus nanosheets as metal-free photocatalyst for hydrogen evolution,graphene_2d_materials,Materials Chemistry,19026997,19026997,0,,W2789378330,10.1073/pnas.1800069115,265,40,openalex_v3_query_core,0,,strict,2D Materials and Applications,19026997,2D Materials and Applications,2D Materials and Applications,0,2025
https://openalex.org/W4317874592,2023,Emerging Trends of Carbon‐Based Quantum Dots: Nanoarchitectonics and Applications,graphene_2d_materials,Materials Chemistry,21291853,21291853,0,,W4317874592,10.1002/smll.202207181,265,573,openalex_v3_query_core,0,,strict,Carbon and Quantum Dots Applications,21291853,Carbon and Quantum Dots Applications,Carbon and Quantum Dots Applications,0,2025
https://openalex.org/W2014977999,2013,Superior Field Emission Properties of Layered WS2-RGO Nanocomposites,graphene_2d_materials,Materials Chemistry,19026997,19026997,0,,W2014977999,10.1038/srep03282,264,79,openalex_v3_query_core,0,,strict,2D Materials and Applications,19026997,2D Materials and Applications,2D Materials and Applications,0,2025
https://openalex.org/W2997104402,2020,Engineering grain boundaries at the 2D limit for the hydrogen evolution reaction,graphene_2d_materials,"Renewable Energy, Sustainability and the Environment",18992146,18992146,0,,W2997104402,10.1038/s41467-019-13631-2,264,85,openalex_v3_query_core,0,,strict,Electrocatalysts for Energy Conversion,18992146,Electrocatalysts for Energy Conversion,Electrocatalysts for Energy Conversion,0,2025
https://openalex.org/W4379740517,2023,Boosting Interfacial Polarization Through Heterointerface Engineering in MXene/Graphene Intercalated-Based Microspheres for Electromagnetic Wave Absorption,graphene_2d_materials,Materials Chemistry,23488465,23488465,0,,W4379740517,10.1007/s40820-023-01123-4,264,83,openalex_v3_query_core,0,,strict,MXene and MAX Phase Materials,23488465,MXene and MAX Phase Materials,MXene and MAX Phase Materials,0,2025
https://openalex.org/W3123510134,2018,Bimetallic Nanoparticles: Enhanced Magnetic and Optical Properties for Emerging Biological Applications,graphene_2d_materials,"Electronic, Optical and Magnetic Materials",19009308,19009308,0,,W3123510134,10.3390/app8071106,263,201,openalex_v3_query_core,0,,strict,Gold and Silver Nanoparticles Synthesis and Applications,19009308,Gold and Silver Nanoparticles Synthesis and Applications,Gold and Silver Nanoparticles Synthesis and Applications,0,2025
https://openalex.org/W4291020670,2022,"Recent Progress in Strain Engineering on Van der Waals 2D Materials: Tunable Electrical, Electrochemical, Magnetic, and Optical Properties",graphene_2d_materials,Materials Chemistry,19026997,19026997,0,,W4291020670,10.1002/adma.202205714,263,152,openalex_v3_query_core,0,,strict,2D Materials and Applications,19026997,2D Materials and Applications,2D Materials and Applications,0,2025
https://openalex.org/W4293104698,2022,Recent Advancements on Photothermal Conversion and Antibacterial Applications over MXenes-Based Materials,graphene_2d_materials,Materials Chemistry,23488465,23488465,0,,W4293104698,10.1007/s40820-022-00901-w,263,161,openalex_v3_query_core,0,,strict,MXene and MAX Phase Materials,23488465,MXene and MAX Phase Materials,MXene and MAX Phase Materials,0,2025
https://openalex.org/W4386600310,2023,Towards linking lab and field lifetimes of perovskite solar cells,graphene_2d_materials,Electrical and Electronic Engineering,19026606,19026606,0,,W4386600310,10.1038/s41586-023-06610-7,263,52,openalex_v3_query_core,0,,strict,Perovskite Materials and Applications,19026606,Perovskite Materials and Applications,Perovskite Materials and Applications,0,2025
https://openalex.org/W2515623107,2016,MoS<sub>2</sub> as a co‐catalyst for photocatalytic hydrogen production from water,graphene_2d_materials,"Renewable Energy, Sustainability and the Environment",18992678,18992678,0,,W2515623107,10.1002/ese3.128,262,130,openalex_v3_query_core,0,,strict,Advanced Photocatalysis Techniques,18992678,Advanced Photocatalysis Techniques,Advanced Photocatalysis Techniques,0,2025
https://openalex.org/W3199126210,2021,"A first principles investigation on the structural, mechanical, electronic, and catalytic properties of biphenylene",graphene_2d_materials,Materials Chemistry,18992804,18992804,0,,W3199126210,10.1038/s41598-021-98261-9,262,39,openalex_v3_query_core,0,,strict,Graphene research and applications,18992804,Graphene research and applications,Graphene research and applications,0,2025
https://openalex.org/W4307919020,2022,2D Transition Metal Dichalcogenides‐Based Electrocatalysts for Hydrogen Evolution Reaction,graphene_2d_materials,"Renewable Energy, Sustainability and the Environment",18992146,18992146,0,,W4307919020,10.1002/adfm.202208994,262,268,openalex_v3_query_core,0,,strict,Electrocatalysts for Energy Conversion,18992146,Electrocatalysts for Energy Conversion,Electrocatalysts for Energy Conversion,0,2025
https://openalex.org/W2267636025,2015,Tungsten Ditelluride: a layered semimetal,graphene_2d_materials,Materials Chemistry,19026997,19026997,0,,W2267636025,10.1038/srep10013,261,65,openalex_v3_query_core,0,,strict,2D Materials and Applications,19026997,2D Materials and Applications,2D Materials and Applications,0,2025
https://openalex.org/W4362636821,2023,Surface engineering toward stable lithium metal anodes,graphene_2d_materials,Electrical and Electronic Engineering,19027124,19027124,0,,W4362636821,10.1126/sciadv.adf1550,261,180,openalex_v3_query_core,0,,strict,Advanced Battery Materials and Technologies,19027124,Advanced Battery Materials and Technologies,Advanced Battery Materials and Technologies,0,2025
https://openalex.org/W3007474645,2020,Near-Direct Bandgap WSe<sub>2</sub>/ReS<sub>2</sub> Type-II pn Heterojunction for Enhanced Ultrafast Photodetection and High-Performance Photovoltaics,graphene_2d_materials,Materials Chemistry,19026997,19026997,0,,W3007474645,10.1021/acs.nanolett.9b04879,260,84,openalex_v3_query_core,0,,strict,2D Materials and Applications,19026997,2D Materials and Applications,2D Materials and Applications,0,2025
https://openalex.org/W4382987150,2023,Understanding the unique S-scheme charge migration in triazine/heptazine crystalline carbon nitride homojunction,graphene_2d_materials,"Renewable Energy, Sustainability and the Environment",18992678,18992678,0,,W4382987150,10.1038/s41467-023-39578-z,260,63,openalex_v3_query_core,0,,strict,Advanced Photocatalysis Techniques,18992678,Advanced Photocatalysis Techniques,Advanced Photocatalysis Techniques,0,2025
https://openalex.org/W2949678213,2019,Direct band-gap crossover in epitaxial monolayer boron nitride,graphene_2d_materials,Materials Chemistry,19026997,19026997,0,,W2949678213,10.1038/s41467-019-10610-5,259,55,openalex_v3_query_core,0,,strict,2D Materials and Applications,19026997,2D Materials and Applications,2D Materials and Applications,0,2025
https://openalex.org/W1749217431,2015,Structure and control of charge density waves in two-dimensional 1T-TaS <sub>2</sub>,graphene_2d_materials,Materials Chemistry,19026997,19026997,0,,W1749217431,10.1073/pnas.1512092112,258,27,openalex_v3_query_core,0,,strict,2D Materials and Applications,19026997,2D Materials and Applications,2D Materials and Applications,0,2025
https://openalex.org/W2733963201,2017,High-throughput Identification and Characterization of Two-dimensional Materials using Density functional theory,graphene_2d_materials,Materials Chemistry,19026997,19026997,0,,W2733963201,10.1038/s41598-017-05402-0,258,74,openalex_v3_query_core,0,,strict,2D Materials and Applications,19026997,2D Materials and Applications,2D Materials and Applications,0,2025
https://openalex.org/W2899437421,2018,"Hexagonal boron nitride monolayers on metal supports: Versatile templates for atoms, molecules and nanostructures",graphene_2d_materials,Materials Chemistry,18992804,18992804,0,,W2899437421,10.1016/j.surfrep.2018.10.001,258,934,openalex_v3_query_core,0,,strict,Graphene research and applications,18992804,Graphene research and applications,Graphene research and applications,0,2025
https://openalex.org/W3036485617,2020,Rational design of two-dimensional nanofillers for polymer nanocomposites toward multifunctional applications,graphene_2d_materials,Biomedical Engineering,21342818,21342818,0,,W3036485617,10.1016/j.pmatsci.2020.100708,258,457,openalex_v3_query_core,0,,strict,Dielectric materials and actuators,21342818,Dielectric materials and actuators,Dielectric materials and actuators,0,2025
https://openalex.org/W3135716140,2021,"Intercalation as a versatile tool for fabrication, property tuning, and phase transitions in 2D materials",graphene_2d_materials,Materials Chemistry,19026997,19026997,0,,W3135716140,10.1038/s41699-021-00211-6,258,252,openalex_v3_query_core,0,,strict,2D Materials and Applications,19026997,2D Materials and Applications,2D Materials and Applications,0,2025
https://openalex.org/W2016810565,2010,The physical and chemical properties of heteronanotubes,graphene_2d_materials,Materials Chemistry,18992804,18992804,0,,W2016810565,10.1103/revmodphys.82.1843,257,240,openalex_v3_query_core,0,,strict,Graphene research and applications,18992804,Graphene research and applications,Graphene research and applications,0,2025
https://openalex.org/W2806163962,2018,Revealing the biexciton and trion-exciton complexes in BN encapsulated WSe2,graphene_2d_materials,Materials Chemistry,19026997,19026997,0,,W2806163962,10.1038/s41467-018-05863-5,257,47,openalex_v3_query_core,0,,strict,2D Materials and Applications,19026997,2D Materials and Applications,2D Materials and Applications,0,2025
https://openalex.org/W2944709496,2019,Lightweight and High-Performance Microwave Absorber Based on 2D WS2–RGO Heterostructures,graphene_2d_materials,"Electronic, Optical and Magnetic Materials",21274432,21274432,0,,W2944709496,10.1007/s40820-019-0270-4,257,62,openalex_v3_query_core,0,,strict,Electromagnetic wave absorption materials,21274432,Electromagnetic wave absorption materials,Electromagnetic wave absorption materials,0,2025
https://openalex.org/W2978103441,2019,Review on DFT calculation of <i>s</i>‐triazine‐based carbon nitride,graphene_2d_materials,"Renewable Energy, Sustainability and the Environment",18992678,18992678,0,,W2978103441,10.1002/cey2.1,257,122,openalex_v3_query_core,0,,strict,Advanced Photocatalysis Techniques,18992678,Advanced Photocatalysis Techniques,Advanced Photocatalysis Techniques,0,2025
https://openalex.org/W2318911857,2015,Synthesis of Hexagonal Boron Nitride Monolayer: Control of Nucleation and Crystal Morphology,graphene_2d_materials,Materials Chemistry,18992804,18992804,0,,W2318911857,10.1021/acs.chemmater.5b03607,256,40,openalex_v3_query_core,0,,strict,Graphene research and applications,18992804,Graphene research and applications,Graphene research and applications,0,2025
https://openalex.org/W2648588734,2017,Poly(4-styrenesulfonate)-induced sulfur vacancy self-healing strategy for monolayer MoS2 homojunction photodiode,graphene_2d_materials,Materials Chemistry,19026997,19026997,0,,W2648588734,10.1038/ncomms15881,256,45,openalex_v3_query_core,0,,strict,2D Materials and Applications,19026997,2D Materials and Applications,2D Materials and Applications,0,2025
https://openalex.org/W2613583032,2018,Protein bioelectronics: a review of what we do and do not know,graphene_2d_materials,Electrical and Electronic Engineering,19146336,19146336,0,,W2613583032,10.1088/1361-6633/aa85f2,256,515,openalex_v3_query_core,0,,strict,Molecular Junctions and Nanostructures,19146336,Molecular Junctions and Nanostructures,Molecular Junctions and Nanostructures,0,2025
https://openalex.org/W2800973194,2018,Charge-tuneable biexciton complexes in monolayer WSe2,graphene_2d_materials,Materials Chemistry,19026997,19026997,0,,W2800973194,10.1038/s41467-018-05632-4,256,49,openalex_v3_query_core,0,,strict,2D Materials and Applications,19026997,2D Materials and Applications,2D Materials and Applications,0,2025
https://openalex.org/W2884554876,2018,Optical tweezers and their applications,graphene_2d_materials,"Atomic and Molecular Physics, and Optics",19061576,19061576,0,,W2884554876,10.1016/j.jqsrt.2018.07.013,255,293,openalex_v3_query_core,0,,strict,Orbital Angular Momentum in Optics,19061576,Orbital Angular Momentum in Optics,Orbital Angular Momentum in Optics,0,2025
https://openalex.org/W2953331596,2019,New Horizons of Nonclassical Crystallization,graphene_2d_materials,Biomaterials,21275091,21275091,0,,W2953331596,10.1021/jacs.9b01883,255,141,openalex_v3_query_core,0,,strict,Calcium Carbonate Crystallization and Inhibition,21275091,Calcium Carbonate Crystallization and Inhibition,Calcium Carbonate Crystallization and Inhibition,0,2025
https://openalex.org/W3011895854,2020,Enhancing Capacitance Performance of Ti3C2Tx MXene as Electrode Materials of Supercapacitor: From Controlled Preparation to Composite Structure Construction,graphene_2d_materials,Materials Chemistry,23488465,23488465,0,,W3011895854,10.1007/s40820-020-0415-5,255,134,openalex_v3_query_core,0,,strict,MXene and MAX Phase Materials,23488465,MXene and MAX Phase Materials,MXene and MAX Phase Materials,0,2025
https://openalex.org/W2775439884,2017,Strongly anisotropic spin relaxation in graphene–transition metal dichalcogenide heterostructures at room temperature,graphene_2d_materials,Materials Chemistry,19026997,19026997,0,,W2775439884,10.1038/s41567-017-0019-2,254,41,openalex_v3_query_core,0,,strict,2D Materials and Applications,19026997,2D Materials and Applications,2D Materials and Applications,0,2025
https://openalex.org/W2610163156,2018,Significant Dzyaloshinskii–Moriya interaction at graphene–ferromagnet interfaces due to the Rashba effect,graphene_2d_materials,"Atomic and Molecular Physics, and Optics",18992286,18992286,0,,W2610163156,10.1038/s41563-018-0079-4,254,70,openalex_v3_query_core,0,,strict,Magnetic properties of thin films,18992286,Magnetic properties of thin films,Magnetic properties of thin films,0,2025
https://openalex.org/W2802222992,2018,Ultrafast and sensitive photodetector based on a PtSe2/silicon nanowire array heterojunction with a multiband spectral response from 200 to 1550 nm,graphene_2d_materials,Materials Chemistry,19026997,19026997,0,,W2802222992,10.1038/s41427-018-0035-4,254,58,openalex_v3_query_core,0,,strict,2D Materials and Applications,19026997,2D Materials and Applications,2D Materials and Applications,0,2025
https://openalex.org/W2890882564,2018,MoS<sub>2</sub> Quantum Dot/Graphene Hybrids for Advanced Interface Engineering of a CH<sub>3</sub>NH<sub>3</sub>PbI<sub>3</sub> Perovskite Solar Cell with an Efficiency of over 20%,graphene_2d_materials,Electrical and Electronic Engineering,19026606,19026606,0,,W2890882564,10.1021/acsnano.8b05514,254,282,openalex_v3_query_core,0,,strict,Perovskite Materials and Applications,19026606,Perovskite Materials and Applications,Perovskite Materials and Applications,0,2025
https://openalex.org/W3194664266,2021,A review on the use of DFT for the prediction of the properties of nanomaterials,graphene_2d_materials,Materials Chemistry,21394300,21394300,0,,W3194664266,10.1039/d1ra04876g,254,188,openalex_v3_query_core,0,,strict,Copper-based nanomaterials and applications,21394300,Copper-based nanomaterials and applications,Copper-based nanomaterials and applications,0,2025
https://openalex.org/W2023648794,2014,Electron transfer and coupling in graphene–tungsten disulfide van der Waals heterostructures,graphene_2d_materials,Materials Chemistry,18992804,18992804,0,,W2023648794,10.1038/ncomms6622,253,36,openalex_v3_query_core,0,,strict,Graphene research and applications,18992804,Graphene research and applications,Graphene research and applications,0,2025
https://openalex.org/W2594549471,2017,"Calculating excitons, plasmons, and quasiparticles in 2D materials and van der Waals heterostructures",graphene_2d_materials,Materials Chemistry,19026997,19026997,0,,W2594549471,10.1088/2053-1583/aa6432,253,163,openalex_v3_query_core,0,,strict,2D Materials and Applications,19026997,2D Materials and Applications,2D Materials and Applications,0,2025
https://openalex.org/W2794182951,2018,Chemical Sensing Applications of ZnO Nanomaterials,graphene_2d_materials,Electrical and Electronic Engineering,19061184,19061184,0,,W2794182951,10.3390/ma11020287,253,109,openalex_v3_query_core,0,,strict,Gas Sensing Nanomaterials and Sensors,19061184,Gas Sensing Nanomaterials and Sensors,Gas Sensing Nanomaterials and Sensors,0,2025
https://openalex.org/W2963347321,2019,Nonlinear optics of two‐dimensional transition metal dichalcogenides,graphene_2d_materials,"Atomic and Molecular Physics, and Optics",19147258,19147258,0,,W2963347321,10.1002/inf2.12024,253,189,openalex_v3_query_core,0,,strict,Advanced Fiber Laser Technologies,19147258,Advanced Fiber Laser Technologies,Advanced Fiber Laser Technologies,0,2025
https://openalex.org/W4391347347,2024,Carbon quantum dots-modified tetra (4-carboxyphenyl) porphyrin/BiOBr S-scheme heterojunction for efficient photocatalytic antibiotic degradation,graphene_2d_materials,"Renewable Energy, Sustainability and the Environment",18992678,18992678,0,,W4391347347,10.1007/s40843-023-2764-8,253,79,openalex_v3_query_core,0,,strict,Advanced Photocatalysis Techniques,18992678,Advanced Photocatalysis Techniques,Advanced Photocatalysis Techniques,0,2025
https://openalex.org/W2808653474,2018,Heterointerface effects in the electrointercalation of van der Waals heterostructures,graphene_2d_materials,Materials Chemistry,18992804,18992804,0,,W2808653474,10.1038/s41586-018-0205-0,252,40,openalex_v3_query_core,0,,strict,Graphene research and applications,18992804,Graphene research and applications,Graphene research and applications,0,2025
https://openalex.org/W2899243291,2018,Heterostructures Based on 2D Materials: A Versatile Platform for Efficient Catalysis,graphene_2d_materials,"Renewable Energy, Sustainability and the Environment",18992678,18992678,0,,W2899243291,10.1002/adma.201804828,252,178,openalex_v3_query_core,0,,strict,Advanced Photocatalysis Techniques,18992678,Advanced Photocatalysis Techniques,Advanced Photocatalysis Techniques,0,2025
https://openalex.org/W4223516259,2022,Advances in Z‐scheme semiconductor photocatalysts for the photoelectrochemical applications: A review,graphene_2d_materials,"Renewable Energy, Sustainability and the Environment",18992678,18992678,0,,W4223516259,10.1002/cey2.179,252,210,openalex_v3_query_core,0,,strict,Advanced Photocatalysis Techniques,18992678,Advanced Photocatalysis Techniques,Advanced Photocatalysis Techniques,0,2025
https://openalex.org/W2114699941,2010,Probing mechanical properties of graphene with Raman spectroscopy,graphene_2d_materials,Materials Chemistry,18992804,18992804,0,,W2114699941,10.1007/s10853-010-4673-3,251,106,openalex_v3_query_core,0,,strict,Graphene research and applications,18992804,Graphene research and applications,Graphene research and applications,0,2025
https://openalex.org/W1815904693,2015,High-performance n-type black phosphorus transistors with type control via thickness and contact-metal engineering,graphene_2d_materials,Materials Chemistry,19026997,19026997,0,,W1815904693,10.1038/ncomms8809,251,43,openalex_v3_query_core,0,,strict,2D Materials and Applications,19026997,2D Materials and Applications,2D Materials and Applications,0,2025
https://openalex.org/W2509108805,2015,Graphene–Bi<sub>2</sub>Te<sub>3</sub> Heterostructure as Saturable Absorber for Short Pulse Generation,graphene_2d_materials,"Atomic and Molecular Physics, and Optics",19147258,19147258,0,,W2509108805,10.1021/acsphotonics.5b00193,251,51,openalex_v3_query_core,0,,strict,Advanced Fiber Laser Technologies,19147258,Advanced Fiber Laser Technologies,Advanced Fiber Laser Technologies,0,2025
https://openalex.org/W2324540297,2016,Photo-thermionic effect in vertical graphene heterostructures,graphene_2d_materials,Materials Chemistry,18992804,18992804,0,,W2324540297,10.1038/ncomms12174,251,45,openalex_v3_query_core,0,,strict,Graphene research and applications,18992804,Graphene research and applications,Graphene research and applications,0,2025
https://openalex.org/W2949366708,2017,Chalcogenide glass-on-graphene photonics,graphene_2d_materials,Materials Chemistry,21291463,21291463,0,,W2949366708,10.1038/s41566-017-0033-z,250,51,openalex_v3_query_core,0,,strict,Phase-change materials and chalcogenides,21291463,Phase-change materials and chalcogenides,Phase-change materials and chalcogenides,0,2025
https://openalex.org/W3210512841,2021,Standards for the Characterization of Endurance in Resistive Switching Devices,graphene_2d_materials,Electrical and Electronic Engineering,19077560,19077560,0,,W3210512841,10.1021/acsnano.1c06980,250,176,openalex_v3_query_core,0,,strict,Advanced Memory and Neural Computing,19077560,Advanced Memory and Neural Computing,Advanced Memory and Neural Computing,0,2025
https://openalex.org/W2789458157,2018,2D Black Phosphorus: from Preparation to Applications for Electrochemical Energy Storage,graphene_2d_materials,Materials Chemistry,19026997,19026997,0,,W2789458157,10.1002/advs.201700491,249,235,openalex_v3_query_core,0,,strict,2D Materials and Applications,19026997,2D Materials and Applications,2D Materials and Applications,0,2025
https://openalex.org/W2912009312,2019,Advanced Design and Synthesis of Composite Photocatalysts for the Remediation of Wastewater: A Review,graphene_2d_materials,"Renewable Energy, Sustainability and the Environment",18992678,18992678,0,,W2912009312,10.3390/catal9020122,249,122,openalex_v3_query_core,0,,strict,Advanced Photocatalysis Techniques,18992678,Advanced Photocatalysis Techniques,Advanced Photocatalysis Techniques,0,2025
https://openalex.org/W3030776535,2020,Direct synthesis of metastable phases of 2D transition metal dichalcogenides,graphene_2d_materials,Materials Chemistry,19026997,19026997,0,,W3030776535,10.1039/d0cs00143k,249,271,openalex_v3_query_core,0,,strict,2D Materials and Applications,19026997,2D Materials and Applications,2D Materials and Applications,0,2025
https://openalex.org/W2139641211,2014,Resonant Raman spectroscopy of twisted multilayer graphene,graphene_2d_materials,Materials Chemistry,18992804,18992804,0,,W2139641211,10.1038/ncomms6309,248,79,openalex_v3_query_core,0,,strict,Graphene research and applications,18992804,Graphene research and applications,Graphene research and applications,0,2025
https://openalex.org/W2949449262,2019,Layer-by-layer self-assembly of pillared two-dimensional multilayers,graphene_2d_materials,Materials Chemistry,23488465,23488465,0,,W2949449262,10.1038/s41467-019-10631-0,248,50,openalex_v3_query_core,0,,strict,MXene and MAX Phase Materials,23488465,MXene and MAX Phase Materials,MXene and MAX Phase Materials,0,2025
https://openalex.org/W3009208237,2020,High-performance silicon−graphene hybrid plasmonic waveguide photodetectors beyond 1.55 μm,graphene_2d_materials,Biomedical Engineering,19027259,19027259,0,,W3009208237,10.1038/s41377-020-0263-6,248,62,openalex_v3_query_core,0,,strict,Plasmonic and Surface Plasmon Research,19027259,Plasmonic and Surface Plasmon Research,Plasmonic and Surface Plasmon Research,0,2025
https://openalex.org/W3042071357,2020,Broadband optical properties of monolayer and bulk MoS2,graphene_2d_materials,Materials Chemistry,19026997,19026997,0,,W3042071357,10.1038/s41699-020-0155-x,248,63,openalex_v3_query_core,0,,strict,2D Materials and Applications,19026997,2D Materials and Applications,2D Materials and Applications,0,2025
https://openalex.org/W3132838477,2021,Van der Waals engineering of ferroelectric heterostructures for long-retention memory,graphene_2d_materials,Electrical and Electronic Engineering,23625231,23625231,0,,W3132838477,10.1038/s41467-021-21320-2,248,49,openalex_v3_query_core,0,,strict,Ferroelectric and Negative Capacitance Devices,23625231,Ferroelectric and Negative Capacitance Devices,Ferroelectric and Negative Capacitance Devices,0,2025
https://openalex.org/W1478337505,2015,Visualizing nanoscale excitonic relaxation properties of disordered edges and grain boundaries in monolayer molybdenum disulfide,graphene_2d_materials,Materials Chemistry,19026997,19026997,0,,W1478337505,10.1038/ncomms8993,247,41,openalex_v3_query_core,0,,strict,2D Materials and Applications,19026997,2D Materials and Applications,2D Materials and Applications,0,2025
https://openalex.org/W2263057168,2016,Surface energy and wettability of van der Waals structures,graphene_2d_materials,Materials Chemistry,18992804,18992804,0,,W2263057168,10.1039/c5nr06705g,247,54,openalex_v3_query_core,0,,strict,Graphene research and applications,18992804,Graphene research and applications,Graphene research and applications,0,2025
https://openalex.org/W2965090014,2019,Self-selective van der Waals heterostructures for large scale memory array,graphene_2d_materials,Electrical and Electronic Engineering,19077560,19077560,0,,W2965090014,10.1038/s41467-019-11187-9,247,42,openalex_v3_query_core,0,,strict,Advanced Memory and Neural Computing,19077560,Advanced Memory and Neural Computing,Advanced Memory and Neural Computing,0,2025
https://openalex.org/W3015686685,2020,2D Layered Double Hydroxide Nanosheets and Their Derivatives Toward Efficient Oxygen Evolution Reaction,graphene_2d_materials,Materials Chemistry,21394817,21394817,0,,W3015686685,10.1007/s40820-020-00421-5,247,146,openalex_v3_query_core,0,,strict,Layered Double Hydroxides Synthesis and Applications,21394817,Layered Double Hydroxides Synthesis and Applications,Layered Double Hydroxides Synthesis and Applications,0,2025
https://openalex.org/W4387942496,2023,Ferroelectrically modulate the Fermi level of graphene oxide to enhance SERS response,graphene_2d_materials,"Electronic, Optical and Magnetic Materials",19009308,19009308,0,,W4387942496,10.29026/oea.2023.230094,247,61,openalex_v3_query_core,0,,strict,Gold and Silver Nanoparticles Synthesis and Applications,19009308,Gold and Silver Nanoparticles Synthesis and Applications,Gold and Silver Nanoparticles Synthesis and Applications,0,2025
https://openalex.org/W2512478310,2016,"Newtype single-layer magnetic semiconductor in transition-metal dichalcogenides VX2 (X = S, Se and Te)",graphene_2d_materials,Materials Chemistry,19026997,19026997,0,,W2512478310,10.1038/srep32625,246,73,openalex_v3_query_core,0,,strict,2D Materials and Applications,19026997,2D Materials and Applications,2D Materials and Applications,0,2025
https://openalex.org/W2559596067,2016,Systematic study of electronic structure and band alignment of monolayer transition metal dichalcogenides in Van der Waals heterostructures,graphene_2d_materials,Materials Chemistry,19026997,19026997,0,,W2559596067,10.1088/2053-1583/4/1/015026,246,92,openalex_v3_query_core,0,,strict,2D Materials and Applications,19026997,2D Materials and Applications,2D Materials and Applications,0,2025
https://openalex.org/W2590811742,2017,Rosin-enabled ultraclean and damage-free transfer of graphene for large-area flexible organic light-emitting diodes,graphene_2d_materials,Materials Chemistry,18992804,18992804,0,,W2590811742,10.1038/ncomms14560,246,63,openalex_v3_query_core,0,,strict,Graphene research and applications,18992804,Graphene research and applications,Graphene research and applications,0,2025
https://openalex.org/W2763833779,2018,Artificial gauge fields in materials and engineered systems,graphene_2d_materials,"Atomic and Molecular Physics, and Optics",19095381,19095381,0,,W2763833779,10.1016/j.crhy.2018.03.002,246,578,openalex_v3_query_core,0,,strict,Topological Materials and Phenomena,19095381,Topological Materials and Phenomena,Topological Materials and Phenomena,0,2025
https://openalex.org/W2800604190,2018,CVD-grown monolayer MoS2 in bioabsorbable electronics and biosensors,graphene_2d_materials,Materials Chemistry,19026997,19026997,0,,W2800604190,10.1038/s41467-018-03956-9,246,54,openalex_v3_query_core,0,,strict,2D Materials and Applications,19026997,2D Materials and Applications,2D Materials and Applications,0,2025
https://openalex.org/W2895058923,2018,Stabilizing black phosphorus nanosheets via edge-selective bonding of sacrificial C60 molecules,graphene_2d_materials,Materials Chemistry,19026997,19026997,0,,W2895058923,10.1038/s41467-018-06437-1,245,51,openalex_v3_query_core,0,,strict,2D Materials and Applications,19026997,2D Materials and Applications,2D Materials and Applications,0,2025
https://openalex.org/W3085370829,2020,Vertical organic synapse expandable to 3D crossbar array,graphene_2d_materials,Electrical and Electronic Engineering,19077560,19077560,0,,W3085370829,10.1038/s41467-020-17850-w,245,50,openalex_v3_query_core,0,,strict,Advanced Memory and Neural Computing,19077560,Advanced Memory and Neural Computing,Advanced Memory and Neural Computing,0,2025
https://openalex.org/W4392552172,2024,GPAW: An open Python package for electronic structure calculations,graphene_2d_materials,Condensed Matter Physics,18992153,18992153,0,,W4392552172,10.1063/5.0182685,244,349,openalex_v3_query_core,0,,strict,Physics of Superconductivity and Magnetism,18992153,Physics of Superconductivity and Magnetism,Physics of Superconductivity and Magnetism,0,2025
https://openalex.org/W4395676416,2024,"Carbon Quantum Dots: Properties, Preparation, and Applications",graphene_2d_materials,Materials Chemistry,21291853,21291853,0,,W4395676416,10.3390/molecules29092002,244,188,openalex_v3_query_core,0,,strict,Carbon and Quantum Dots Applications,21291853,Carbon and Quantum Dots Applications,Carbon and Quantum Dots Applications,0,2025
https://openalex.org/W2180869545,2015,2D Saturable Absorbers for Fibre Lasers,graphene_2d_materials,"Atomic and Molecular Physics, and Optics",19147258,19147258,0,,W2180869545,10.3390/app5041440,243,84,openalex_v3_query_core,0,,strict,Advanced Fiber Laser Technologies,19147258,Advanced Fiber Laser Technologies,Advanced Fiber Laser Technologies,0,2025
https://openalex.org/W3094081122,2020,Pharmaceuticals and personal care products in water and wastewater: a review of treatment processes and use of photocatalyst immobilized on functionalized carbon in AOP degradation,graphene_2d_materials,"Renewable Energy, Sustainability and the Environment",18992678,18992678,0,,W3094081122,10.1186/s13065-020-00714-1,243,261,openalex_v3_query_core,0,,strict,Advanced Photocatalysis Techniques,18992678,Advanced Photocatalysis Techniques,Advanced Photocatalysis Techniques,0,2025
https://openalex.org/W3111360873,2021,The role of chalcogen vacancies for atomic defect emission in MoS2,graphene_2d_materials,Materials Chemistry,19026997,19026997,0,,W3111360873,10.1038/s41467-021-24102-y,243,56,openalex_v3_query_core,0,,strict,2D Materials and Applications,19026997,2D Materials and Applications,2D Materials and Applications,0,2025
https://openalex.org/W4311220514,2022,Sliding induced multiple polarization states in two-dimensional ferroelectrics,graphene_2d_materials,Materials Chemistry,19026997,19026997,0,,W4311220514,10.1038/s41467-022-35339-6,243,50,openalex_v3_query_core,0,,strict,2D Materials and Applications,19026997,2D Materials and Applications,2D Materials and Applications,0,2025
https://openalex.org/W2755825426,2017,Ultrasensitive all-2D MoS2 phototransistors enabled by an out-of-plane MoS2 PN homojunction,graphene_2d_materials,Materials Chemistry,19026997,19026997,0,,W2755825426,10.1038/s41467-017-00722-1,242,52,openalex_v3_query_core,0,,strict,2D Materials and Applications,19026997,2D Materials and Applications,2D Materials and Applications,0,2025
https://openalex.org/W2975657131,2019,Integration of single photon emitters in 2D layered materials with a silicon nitride photonic chip,graphene_2d_materials,Materials Chemistry,19026997,19026997,0,,W2975657131,10.1038/s41467-019-12421-0,242,51,openalex_v3_query_core,0,,strict,2D Materials and Applications,19026997,2D Materials and Applications,2D Materials and Applications,0,2025
https://openalex.org/W2413528195,2015,Vibrational and optical properties of MoS2: From monolayer to bulk,graphene_2d_materials,Materials Chemistry,19026997,19026997,0,,W2413528195,10.1016/j.surfrep.2015.10.001,241,184,openalex_v3_query_core,0,,strict,2D Materials and Applications,19026997,2D Materials and Applications,2D Materials and Applications,0,2025
https://openalex.org/W2144365122,2015,Recent Advancement on the Optical Properties of Two-Dimensional Molybdenum Disulfide (MoS2) Thin Films,graphene_2d_materials,Materials Chemistry,19026997,19026997,0,,W2144365122,10.3390/photonics2010288,240,120,openalex_v3_query_core,0,,strict,2D Materials and Applications,19026997,2D Materials and Applications,2D Materials and Applications,0,2025
https://openalex.org/W2994537825,2019,Two-dimensional nanomaterials beyond graphene for antibacterial applications: current progress and future perspectives,graphene_2d_materials,Biomedical Engineering,23591170,23591170,0,,W2994537825,10.7150/thno.39701,240,223,openalex_v3_query_core,0,,strict,Graphene and Nanomaterials Applications,23591170,Graphene and Nanomaterials Applications,Graphene and Nanomaterials Applications,0,2025
https://openalex.org/W2997801802,2020,Application of TiO2 and ZnO nanoparticles immobilized on clay in wastewater treatment: a review,graphene_2d_materials,Water Science and Technology,18991890,18991890,0,,W2997801802,10.1007/s13201-019-1138-y,240,221,openalex_v3_query_core,0,,strict,Adsorption and biosorption for pollutant removal,18991890,Adsorption and biosorption for pollutant removal,Adsorption and biosorption for pollutant removal,0,2025
https://openalex.org/W3015231715,2020,Broad spectral tuning of ultra-low-loss polaritons in a van der Waals crystal by intercalation,graphene_2d_materials,Biomedical Engineering,19027259,19027259,0,,W3015231715,10.1038/s41563-020-0665-0,240,38,openalex_v3_query_core,0,,strict,Plasmonic and Surface Plasmon Research,19027259,Plasmonic and Surface Plasmon Research,Plasmonic and Surface Plasmon Research,0,2025
https://openalex.org/W2962929550,2016,Exciton-polariton trapping and potential landscape engineering,graphene_2d_materials,"Atomic and Molecular Physics, and Optics",23591034,23591034,0,,W2962929550,10.1088/0034-4885/80/1/016503,238,161,openalex_v3_query_core,0,,strict,Strong Light-Matter Interactions,23591034,Strong Light-Matter Interactions,Strong Light-Matter Interactions,0,2025
https://openalex.org/W2918063845,2019,"Recent Progress in the Fabrication, Properties, and Devices of Heterostructures Based on 2D Materials",graphene_2d_materials,Materials Chemistry,19026997,19026997,0,,W2918063845,10.1007/s40820-019-0245-5,238,139,openalex_v3_query_core,0,,strict,2D Materials and Applications,19026997,2D Materials and Applications,2D Materials and Applications,0,2025
https://openalex.org/W2973393431,2019,Capacitive Deionization of Saline Water by Using MoS<sub>2</sub>–Graphene Hybrid Electrodes with High Volumetric Adsorption Capacity,graphene_2d_materials,Biomedical Engineering,23488856,23488856,0,,W2973393431,10.1021/acs.est.9b04274,238,60,openalex_v3_query_core,0,,strict,Membrane-based Ion Separation Techniques,23488856,Membrane-based Ion Separation Techniques,Membrane-based Ion Separation Techniques,0,2025
https://openalex.org/W3012045830,2020,Research progress on solutions to the sneak path issue in memristor crossbar arrays,graphene_2d_materials,Electrical and Electronic Engineering,19077560,19077560,0,,W3012045830,10.1039/d0na00100g,238,72,openalex_v3_query_core,0,,strict,Advanced Memory and Neural Computing,19077560,Advanced Memory and Neural Computing,Advanced Memory and Neural Computing,0,2025
https://openalex.org/W2907603416,2018,Defect engineered bioactive transition metals dichalcogenides quantum dots,graphene_2d_materials,Materials Chemistry,19026997,19026997,0,,W2907603416,10.1038/s41467-018-07835-1,237,73,openalex_v3_query_core,0,,strict,2D Materials and Applications,19026997,2D Materials and Applications,2D Materials and Applications,0,2025
https://openalex.org/W2798748265,2019,Approaching the Intrinsic Limit in Transition Metal Diselenides via Point Defect Control,graphene_2d_materials,Materials Chemistry,19026997,19026997,0,,W2798748265,10.1021/acs.nanolett.9b00985,237,80,openalex_v3_query_core,0,,strict,2D Materials and Applications,19026997,2D Materials and Applications,2D Materials and Applications,0,2025
https://openalex.org/W2921606515,2019,Fast and Sensitive Terahertz Detection Using an Antenna-Integrated Graphene pn Junction,graphene_2d_materials,Electrical and Electronic Engineering,19112537,19112537,0,,W2921606515,10.1021/acs.nanolett.8b04171,237,52,openalex_v3_query_core,0,,strict,Terahertz technology and applications,19112537,Terahertz technology and applications,Terahertz technology and applications,0,2025
https://openalex.org/W3195098925,2021,Controllable CO2 electrocatalytic reduction via ferroelectric switching on single atom anchored In2Se3 monolayer,graphene_2d_materials,"Renewable Energy, Sustainability and the Environment",21361023,21361023,0,,W3195098925,10.1038/s41467-021-25426-5,237,81,openalex_v3_query_core,0,,strict,CO2 Reduction Techniques and Catalysts,21361023,CO2 Reduction Techniques and Catalysts,CO2 Reduction Techniques and Catalysts,0,2025
https://openalex.org/W2068813571,2014,Improving the stability and optical properties of germanane via one-step covalent methyl-termination,graphene_2d_materials,"Renewable Energy, Sustainability and the Environment",18992678,18992678,0,,W2068813571,10.1038/ncomms4389,235,42,openalex_v3_query_core,0,,strict,Advanced Photocatalysis Techniques,18992678,Advanced Photocatalysis Techniques,Advanced Photocatalysis Techniques,0,2025
https://openalex.org/W2261055681,2016,Misorientation-angle-dependent electrical transport across molybdenum disulfide grain boundaries,graphene_2d_materials,Materials Chemistry,19026997,19026997,0,,W2261055681,10.1038/ncomms10426,235,28,openalex_v3_query_core,0,,strict,2D Materials and Applications,19026997,2D Materials and Applications,2D Materials and Applications,0,2025
https://openalex.org/W2973917971,2019,2D MXenes as Co-catalysts in Photocatalysis: Synthetic Methods,graphene_2d_materials,Materials Chemistry,23488465,23488465,0,,W2973917971,10.1007/s40820-019-0309-6,234,112,openalex_v3_query_core,0,,strict,MXene and MAX Phase Materials,23488465,MXene and MAX Phase Materials,MXene and MAX Phase Materials,0,2025
https://openalex.org/W1531134839,2013,III–V nanowire photovoltaics: Review of design for high efficiency,graphene_2d_materials,Biomedical Engineering,21275085,21275085,0,,W1531134839,10.1002/pssr.201307109,233,222,openalex_v3_query_core,0,,strict,Nanowire Synthesis and Applications,21275085,Nanowire Synthesis and Applications,Nanowire Synthesis and Applications,0,2025
https://openalex.org/W2320971741,2014,Large-Area Single-Layer MoSe<sub>2</sub> and Its van der Waals Heterostructures,graphene_2d_materials,Materials Chemistry,19026997,19026997,0,,W2320971741,10.1021/nn405685j,233,41,openalex_v3_query_core,0,,strict,2D Materials and Applications,19026997,2D Materials and Applications,2D Materials and Applications,0,2025
https://openalex.org/W2898579261,2018,Microfluidic-spinning construction of black-phosphorus-hybrid microfibres for non-woven fabrics toward a high energy density flexible supercapacitor,graphene_2d_materials,"Electronic, Optical and Magnetic Materials",19009840,19009840,0,,W2898579261,10.1038/s41467-018-06914-7,233,80,openalex_v3_query_core,0,,strict,Supercapacitor Materials and Fabrication,19009840,Supercapacitor Materials and Fabrication,Supercapacitor Materials and Fabrication,0,2025
https://openalex.org/W3048118328,2020,Artificial van der Waals hybrid synapse and its application to acoustic pattern recognition,graphene_2d_materials,Electrical and Electronic Engineering,19077560,19077560,0,,W3048118328,10.1038/s41467-020-17849-3,233,58,openalex_v3_query_core,0,,strict,Advanced Memory and Neural Computing,19077560,Advanced Memory and Neural Computing,Advanced Memory and Neural Computing,0,2025
https://openalex.org/W3195171726,2021,WS2 moire superlattices derived from mechanical flexibility for hydrogen evolution reaction,graphene_2d_materials,"Renewable Energy, Sustainability and the Environment",18992146,18992146,0,,W3195171726,10.1038/s41467-021-25381-1,233,76,openalex_v3_query_core,0,,strict,Electrocatalysts for Energy Conversion,18992146,Electrocatalysts for Energy Conversion,Electrocatalysts for Energy Conversion,0,2025
https://openalex.org/W4224505437,2022,Status and perspectives of hierarchical porous carbon materials in terms of high‐performance lithium–sulfur batteries,graphene_2d_materials,Electrical and Electronic Engineering,19027124,19027124,0,,W4224505437,10.1002/cey2.185,233,290,openalex_v3_query_core,0,,strict,Advanced Battery Materials and Technologies,19027124,Advanced Battery Materials and Technologies,Advanced Battery Materials and Technologies,0,2025
https://openalex.org/W2746340470,2017,Two-Dimensional Transition Metal Dichalcogenides and Their Charge Carrier Mobilities in Field-Effect Transistors,graphene_2d_materials,Materials Chemistry,19026997,19026997,0,,W2746340470,10.1007/s40820-017-0152-6,232,282,openalex_v3_query_core,0,,strict,2D Materials and Applications,19026997,2D Materials and Applications,2D Materials and Applications,0,2025
https://openalex.org/W3015251907,2020,Nonlinear polaritons in a monolayer semiconductor coupled to optical bound states in the continuum,graphene_2d_materials,"Atomic and Molecular Physics, and Optics",23591034,23591034,0,,W3015251907,10.1038/s41377-020-0286-z,232,50,openalex_v3_query_core,0,,strict,Strong Light-Matter Interactions,23591034,Strong Light-Matter Interactions,Strong Light-Matter Interactions,0,2025
https://openalex.org/W1754346341,2015,Recent progress in g-C<sub>3</sub>N<sub>4</sub> based low cost photocatalytic system: activity enhancement and emerging applications,graphene_2d_materials,"Renewable Energy, Sustainability and the Environment",18992678,18992678,0,,W1754346341,10.1039/c5cy00938c,231,111,openalex_v3_query_core,0,,strict,Advanced Photocatalysis Techniques,18992678,Advanced Photocatalysis Techniques,Advanced Photocatalysis Techniques,0,2025
https://openalex.org/W2619456951,2017,"Fast, multicolor photodetection with graphene-contacted <i>p</i>-GaSe/<i>n</i>-InSe van der Waals heterostructures",graphene_2d_materials,Materials Chemistry,19026997,19026997,0,,W2619456951,10.1088/1361-6528/aa749e,231,52,openalex_v3_query_core,0,,strict,2D Materials and Applications,19026997,2D Materials and Applications,2D Materials and Applications,0,2025
https://openalex.org/W2911597211,2019,Universal Fermi-Level Pinning in Transition-Metal Dichalcogenides,graphene_2d_materials,Materials Chemistry,19026997,19026997,0,,W2911597211,10.1021/acs.jpcc.8b10971,231,85,openalex_v3_query_core,0,,strict,2D Materials and Applications,19026997,2D Materials and Applications,2D Materials and Applications,0,2025
https://openalex.org/W2964327795,2019,Design and synthesis of electrode materials with both battery-type and capacitive charge storage,graphene_2d_materials,"Electronic, Optical and Magnetic Materials",19009840,19009840,0,,W2964327795,10.1016/j.ensm.2019.07.023,231,198,openalex_v3_query_core,0,,strict,Supercapacitor Materials and Fabrication,19009840,Supercapacitor Materials and Fabrication,Supercapacitor Materials and Fabrication,0,2025
https://openalex.org/W2966921954,2019,Charge-to-Spin Conversion by the Rashba–Edelstein Effect in Two-Dimensional van der Waals Heterostructures up to Room Temperature,graphene_2d_materials,Materials Chemistry,18992804,18992804,0,,W2966921954,10.1021/acs.nanolett.9b01611,231,46,openalex_v3_query_core,0,,strict,Graphene research and applications,18992804,Graphene research and applications,Graphene research and applications,0,2025
https://openalex.org/W3008092507,2020,The role of self-assembled monolayers in electronic devices,graphene_2d_materials,Electrical and Electronic Engineering,19146336,19146336,0,,W3008092507,10.1039/d0tc00388c,231,133,openalex_v3_query_core,0,,strict,Molecular Junctions and Nanostructures,19146336,Molecular Junctions and Nanostructures,Molecular Junctions and Nanostructures,0,2025
https://openalex.org/W2908531340,2019,Thickness dependent electronic properties of Pt dichalcogenides,graphene_2d_materials,Materials Chemistry,19026997,19026997,0,,W2908531340,10.1038/s41699-018-0085-z,230,74,openalex_v3_query_core,0,,strict,2D Materials and Applications,19026997,2D Materials and Applications,2D Materials and Applications,0,2025
https://openalex.org/W2922903526,2019,A polymer-direct-intercalation strategy for MoS2/carbon-derived heteroaerogels with ultrahigh pseudocapacitance,graphene_2d_materials,"Electronic, Optical and Magnetic Materials",19009840,19009840,0,,W2922903526,10.1038/s41467-019-09384-7,230,56,openalex_v3_query_core,0,,strict,Supercapacitor Materials and Fabrication,19009840,Supercapacitor Materials and Fabrication,Supercapacitor Materials and Fabrication,0,2025
https://openalex.org/W2963146611,2019,Reconfigurable two-dimensional optoelectronic devices enabled by local ferroelectric polarization,graphene_2d_materials,Materials Chemistry,19026997,19026997,0,,W2963146611,10.1038/s41467-019-11328-0,230,69,openalex_v3_query_core,0,,strict,2D Materials and Applications,19026997,2D Materials and Applications,2D Materials and Applications,0,2025
https://openalex.org/W3043229950,2021,Multispectral graphene-based electro-optical surfaces with reversible tunability from visible to microwave wavelengths,graphene_2d_materials,"Electronic, Optical and Magnetic Materials",19026604,19026604,0,,W3043229950,10.1038/s41566-021-00791-1,230,32,openalex_v3_query_core,0,,strict,Metamaterials and Metasurfaces Applications,19026604,Metamaterials and Metasurfaces Applications,Metamaterials and Metasurfaces Applications,0,2025
https://openalex.org/W3126503310,2021,Ferroelectric field effect transistors: Progress and perspective,graphene_2d_materials,Electrical and Electronic Engineering,23625231,23625231,0,,W3126503310,10.1063/5.0035515,230,157,openalex_v3_query_core,0,,strict,Ferroelectric and Negative Capacitance Devices,23625231,Ferroelectric and Negative Capacitance Devices,Ferroelectric and Negative Capacitance Devices,0,2025
https://openalex.org/W1992478270,2015,Direct growth of large-area graphene and boron nitride heterostructures by a co-segregation method,graphene_2d_materials,Materials Chemistry,18992804,18992804,0,,W1992478270,10.1038/ncomms7519,229,37,openalex_v3_query_core,0,,strict,Graphene research and applications,18992804,Graphene research and applications,Graphene research and applications,0,2025
https://openalex.org/W2766535472,2017,Width-Dependent Band Gap in Armchair Graphene Nanoribbons Reveals Fermi Level Pinning on Au(111),graphene_2d_materials,Materials Chemistry,18992804,18992804,0,,W2766535472,10.1021/acsnano.7b06765,229,65,openalex_v3_query_core,0,,strict,Graphene research and applications,18992804,Graphene research and applications,Graphene research and applications,0,2025
https://openalex.org/W4221073509,2022,Atomic-precision Pt6 nanoclusters for enhanced hydrogen electro-oxidation,graphene_2d_materials,"Renewable Energy, Sustainability and the Environment",18992146,18992146,0,,W4221073509,10.1038/s41467-022-29276-7,229,63,openalex_v3_query_core,0,,strict,Electrocatalysts for Energy Conversion,18992146,Electrocatalysts for Energy Conversion,Electrocatalysts for Energy Conversion,0,2025
https://openalex.org/W4307171311,2022,"Surface Terminations of MXene: Synthesis, Characterization, and Properties",graphene_2d_materials,Materials Chemistry,23488465,23488465,0,,W4307171311,10.3390/sym14112232,229,150,openalex_v3_query_core,0,,strict,MXene and MAX Phase Materials,23488465,MXene and MAX Phase Materials,MXene and MAX Phase Materials,0,2025
https://openalex.org/W2467689419,2016,Direct TEM observations of growth mechanisms of two-dimensional MoS2 flakes,graphene_2d_materials,Materials Chemistry,19026997,19026997,0,,W2467689419,10.1038/ncomms12206,228,60,openalex_v3_query_core,0,,strict,2D Materials and Applications,19026997,2D Materials and Applications,2D Materials and Applications,0,2025
https://openalex.org/W2533215342,2016,Interlayer electron–phonon coupling in WSe2/hBN heterostructures,graphene_2d_materials,Materials Chemistry,19026997,19026997,0,,W2533215342,10.1038/nphys3928,228,35,openalex_v3_query_core,0,,strict,2D Materials and Applications,19026997,2D Materials and Applications,2D Materials and Applications,0,2025
https://openalex.org/W4293671334,2022,Degradation pathways in perovskite solar cells and how to meet international standards,graphene_2d_materials,Electrical and Electronic Engineering,19026606,19026606,0,,W4293671334,10.1038/s43246-022-00281-z,228,131,openalex_v3_query_core,0,,strict,Perovskite Materials and Applications,19026606,Perovskite Materials and Applications,Perovskite Materials and Applications,0,2025
https://openalex.org/W2136419883,2015,High-Responsivity Graphene–Boron Nitride Photodetector and Autocorrelator in a Silicon Photonic Integrated Circuit,graphene_2d_materials,Electrical and Electronic Engineering,19027263,19027263,0,,W2136419883,10.1021/acs.nanolett.5b02368,227,54,openalex_v3_query_core,0,,strict,Photonic and Optical Devices,19027263,Photonic and Optical Devices,Photonic and Optical Devices,0,2025
https://openalex.org/W2751149233,2017,Wafer-scale two-dimensional ferromagnetic Fe3GeTe2 thin films grown by molecular beam epitaxy,graphene_2d_materials,Materials Chemistry,19026997,19026997,0,,W2751149233,10.1038/s41699-017-0033-3,227,56,openalex_v3_query_core,0,,strict,2D Materials and Applications,19026997,2D Materials and Applications,2D Materials and Applications,0,2025
https://openalex.org/W2794203012,2018,Binding MoSe2 with carbon constrained in carbonous nanosphere towards high-capacity and ultrafast Li/Na-ion storage,graphene_2d_materials,Electrical and Electronic Engineering,18991892,18991892,0,,W2794203012,10.1016/j.ensm.2018.02.012,227,67,openalex_v3_query_core,0,,strict,Advancements in Battery Materials,18991892,Advancements in Battery Materials,Advancements in Battery Materials,0,2025
https://openalex.org/W2944218497,2019,Two‐Dimensional Magnets: Forgotten History and Recent Progress towards Spintronic Applications,graphene_2d_materials,"Atomic and Molecular Physics, and Optics",18992286,18992286,0,,W2944218497,10.1002/adfm.201901414,227,153,openalex_v3_query_core,0,,strict,Magnetic properties of thin films,18992286,Magnetic properties of thin films,Magnetic properties of thin films,0,2025
https://openalex.org/W4296655062,2022,High-temperature stability in air of Ti3C2Tx MXene-based composite with extracted bentonite,graphene_2d_materials,Materials Chemistry,23488465,23488465,0,,W4296655062,10.1038/s41467-022-33280-2,227,46,openalex_v3_query_core,0,,strict,MXene and MAX Phase Materials,23488465,MXene and MAX Phase Materials,MXene and MAX Phase Materials,0,2025
https://openalex.org/W2400796930,2016,"Graphene–Gold Nanoparticles Hybrid—Synthesis, Functionalization, and Application in a Electrochemical and Surface-Enhanced Raman Scattering Biosensor",graphene_2d_materials,Biomedical Engineering,23591170,23591170,0,,W2400796930,10.3390/ma9060406,226,226,openalex_v3_query_core,0,,strict,Graphene and Nanomaterials Applications,23591170,Graphene and Nanomaterials Applications,Graphene and Nanomaterials Applications,0,2025
https://openalex.org/W2761108577,2018,Band structure engineering of 2D materials using patterned dielectric superlattices,graphene_2d_materials,"Atomic and Molecular Physics, and Optics",19095381,19095381,0,,W2761108577,10.1038/s41565-018-0138-7,226,32,openalex_v3_query_core,0,,strict,Topological Materials and Phenomena,19095381,Topological Materials and Phenomena,Topological Materials and Phenomena,0,2025
https://openalex.org/W4396665287,2024,Monitoring Ti<sub>3</sub>C<sub>2</sub>T<sub><i>x</i></sub> MXene Degradation Pathways Using Raman Spectroscopy,graphene_2d_materials,Materials Chemistry,23488465,23488465,0,,W4396665287,10.1021/acsnano.4c02150,226,73,openalex_v3_query_core,0,,strict,MXene and MAX Phase Materials,23488465,MXene and MAX Phase Materials,MXene and MAX Phase Materials,0,2025
https://openalex.org/W4399749611,2024,"Mixed-Dimensional Assembly Strategy to Construct Reduced Graphene Oxide/Carbon Foams Heterostructures for Microwave Absorption, Anti-Corrosion and Thermal Insulation",graphene_2d_materials,"Electronic, Optical and Magnetic Materials",21274432,21274432,0,,W4399749611,10.1007/s40820-024-01447-9,226,63,openalex_v3_query_core,0,,strict,Electromagnetic wave absorption materials,21274432,Electromagnetic wave absorption materials,Electromagnetic wave absorption materials,0,2025
https://openalex.org/W3134958305,2021,Near-ideal van der Waals rectifiers based on all-two-dimensional Schottky junctions,graphene_2d_materials,Materials Chemistry,19026997,19026997,0,,W3134958305,10.1038/s41467-021-21861-6,225,50,openalex_v3_query_core,0,,strict,2D Materials and Applications,19026997,2D Materials and Applications,2D Materials and Applications,0,2025
https://openalex.org/W4205575601,2022,A Roadmap for Transforming Research to Invent the Batteries of the Future Designed within the European Large Scale Research Initiative BATTERY 2030+,graphene_2d_materials,Automotive Engineering,19095508,19095508,0,,W4205575601,10.1002/aenm.202102785,225,118,openalex_v3_query_core,0,,strict,Advanced Battery Technologies Research,19095508,Advanced Battery Technologies Research,Advanced Battery Technologies Research,0,2025
https://openalex.org/W4281728518,2022,Ultra-sensitive polarization-resolved black phosphorus homojunction photodetector defined by ferroelectric domains,graphene_2d_materials,Materials Chemistry,19026997,19026997,0,,W4281728518,10.1038/s41467-022-30951-y,225,48,openalex_v3_query_core,0,,strict,2D Materials and Applications,19026997,2D Materials and Applications,2D Materials and Applications,0,2025
https://openalex.org/W4282598436,2022,Defect engineering of layered double hydroxide nanosheets as inorganic photosensitizers for NIR-III photodynamic cancer therapy,graphene_2d_materials,"Renewable Energy, Sustainability and the Environment",18992678,18992678,0,,W4282598436,10.1038/s41467-022-31106-9,225,65,openalex_v3_query_core,0,,strict,Advanced Photocatalysis Techniques,18992678,Advanced Photocatalysis Techniques,Advanced Photocatalysis Techniques,0,2025
https://openalex.org/W4317757117,2023,Internal electric field in carbon nitride-based heterojunctions for photocatalysis,graphene_2d_materials,"Renewable Energy, Sustainability and the Environment",18992678,18992678,0,,W4317757117,10.1016/j.nanoen.2023.108228,225,196,openalex_v3_query_core,0,,strict,Advanced Photocatalysis Techniques,18992678,Advanced Photocatalysis Techniques,Advanced Photocatalysis Techniques,0,2025
https://openalex.org/W2268433210,2016,Low-Frequency Interlayer Raman Modes to Probe Interface of Twisted Bilayer MoS<sub>2</sub>,graphene_2d_materials,Materials Chemistry,19026997,19026997,0,,W2268433210,10.1021/acs.nanolett.5b05015,224,65,openalex_v3_query_core,0,,strict,2D Materials and Applications,19026997,2D Materials and Applications,2D Materials and Applications,0,2025
https://openalex.org/W2410529002,2016,Synthesis and characterization of vertically standing MoS2 nanosheets,graphene_2d_materials,Materials Chemistry,19026997,19026997,0,,W2410529002,10.1038/srep21171,224,53,openalex_v3_query_core,0,,strict,2D Materials and Applications,19026997,2D Materials and Applications,2D Materials and Applications,0,2025
https://openalex.org/W2591463622,2017,Interface confined hydrogen evolution reaction in zero valent metal nanoparticles-intercalated molybdenum disulfide,graphene_2d_materials,"Renewable Energy, Sustainability and the Environment",18992146,18992146,0,,W2591463622,10.1038/ncomms14548,224,40,openalex_v3_query_core,0,,strict,Electrocatalysts for Energy Conversion,18992146,Electrocatalysts for Energy Conversion,Electrocatalysts for Energy Conversion,0,2025
https://openalex.org/W3119942803,2021,Strategy and Future Prospects to Develop Room-Temperature-Recoverable NO2 Gas Sensor Based on Two-Dimensional Molybdenum Disulfide,graphene_2d_materials,Materials Chemistry,19026997,19026997,0,,W3119942803,10.1007/s40820-020-00558-3,224,352,openalex_v3_query_core,0,,strict,2D Materials and Applications,19026997,2D Materials and Applications,2D Materials and Applications,0,2025
https://openalex.org/W2098001558,2013,Precisely aligned graphene grown on hexagonal boron nitride by catalyst free chemical vapor deposition,graphene_2d_materials,Materials Chemistry,18992804,18992804,0,,W2098001558,10.1038/srep02666,223,57,openalex_v3_query_core,0,,strict,Graphene research and applications,18992804,Graphene research and applications,Graphene research and applications,0,2025
https://openalex.org/W1912751209,2015,Observation of negative refraction of Dirac fermions in graphene,graphene_2d_materials,"Electronic, Optical and Magnetic Materials",19026604,19026604,0,,W1912751209,10.1038/nphys3460,223,35,openalex_v3_query_core,0,,strict,Metamaterials and Metasurfaces Applications,19026604,Metamaterials and Metasurfaces Applications,Metamaterials and Metasurfaces Applications,0,2025
https://openalex.org/W2134011220,2015,Probing the electron states and metal-insulator transition mechanisms in molybdenum disulphide vertical heterostructures,graphene_2d_materials,Materials Chemistry,19026997,19026997,0,,W2134011220,10.1038/ncomms7088,223,52,openalex_v3_query_core,0,,strict,2D Materials and Applications,19026997,2D Materials and Applications,2D Materials and Applications,0,2025
https://openalex.org/W2237668177,2016,Self-Assembly-Induced Alternately Stacked Single-Layer MoS<sub>2</sub> and N-doped Graphene: A Novel van der Waals Heterostructure for Lithium-Ion Batteries,graphene_2d_materials,Materials Chemistry,19026997,19026997,0,,W2237668177,10.1021/acsami.5b11492,223,58,openalex_v3_query_core,0,,strict,2D Materials and Applications,19026997,2D Materials and Applications,2D Materials and Applications,0,2025
https://openalex.org/W2787933384,2018,Photocarrier generation from interlayer charge-transfer transitions in WS <sub>2</sub> -graphene heterostructures,graphene_2d_materials,Materials Chemistry,19026997,19026997,0,,W2787933384,10.1126/sciadv.1700324,223,76,openalex_v3_query_core,0,,strict,2D Materials and Applications,19026997,2D Materials and Applications,2D Materials and Applications,0,2025
https://openalex.org/W3160690888,2021,Enhanced Reversible Zinc Ion Intercalation in Deficient Ammonium Vanadate for High-Performance Aqueous Zinc-Ion Battery,graphene_2d_materials,Electrical and Electronic Engineering,21343989,21343989,0,,W3160690888,10.1007/s40820-021-00641-3,223,84,openalex_v3_query_core,0,,strict,Advanced battery technologies research,21343989,Advanced battery technologies research,Advanced battery technologies research,0,2025
https://openalex.org/W4362458993,2023,Moiré photonics and optoelectronics,graphene_2d_materials,Materials Chemistry,19026997,19026997,0,,W4362458993,10.1126/science.adg0014,223,168,openalex_v3_query_core,0,,strict,2D Materials and Applications,19026997,2D Materials and Applications,2D Materials and Applications,0,2025
https://openalex.org/W2619986632,2017,Two-dimensional transition metal dichalcogenide-based counter electrodes for dye-sensitized solar cells,graphene_2d_materials,"Renewable Energy, Sustainability and the Environment",18992678,18992678,0,,W2619986632,10.1039/c7ra03599c,222,405,openalex_v3_query_core,0,,strict,Advanced Photocatalysis Techniques,18992678,Advanced Photocatalysis Techniques,Advanced Photocatalysis Techniques,0,2025
https://openalex.org/W2620554655,2017,Giant Spin Lifetime Anisotropy in Graphene Induced by Proximity Effects,graphene_2d_materials,Materials Chemistry,19026997,19026997,0,,W2620554655,10.1103/physrevlett.119.206601,222,64,openalex_v3_query_core,0,,strict,2D Materials and Applications,19026997,2D Materials and Applications,2D Materials and Applications,0,2025
https://openalex.org/W2645570510,2017,Excitons in atomically thin 2D semiconductors and their applications,graphene_2d_materials,Materials Chemistry,19026997,19026997,0,,W2645570510,10.1515/nanoph-2016-0160,222,93,openalex_v3_query_core,0,,strict,2D Materials and Applications,19026997,2D Materials and Applications,2D Materials and Applications,0,2025
https://openalex.org/W2800840716,2018,Nonvolatile infrared memory in MoS <sub>2</sub> /PbS van der Waals heterostructures,graphene_2d_materials,Materials Chemistry,19026997,19026997,0,,W2800840716,10.1126/sciadv.aap7916,222,44,openalex_v3_query_core,0,,strict,2D Materials and Applications,19026997,2D Materials and Applications,2D Materials and Applications,0,2025
https://openalex.org/W4283333204,2022,Deep-learning density functional theory Hamiltonian for efficient ab initio electronic-structure calculation,graphene_2d_materials,Materials Chemistry,21394825,21394825,0,,W4283333204,10.1038/s43588-022-00265-6,222,62,openalex_v3_query_core,0,,strict,Machine Learning in Materials Science,21394825,Machine Learning in Materials Science,Machine Learning in Materials Science,0,2025
https://openalex.org/W2208811766,2016,Parallel Stitching of 2D Materials,graphene_2d_materials,Materials Chemistry,18992804,18992804,0,,W2208811766,10.1002/adma.201505070,221,35,openalex_v3_query_core,0,,strict,Graphene research and applications,18992804,Graphene research and applications,Graphene research and applications,0,2025
https://openalex.org/W2491578089,2016,Gaps induced by inversion symmetry breaking and second-generation Dirac cones in graphene/hexagonal boron nitride,graphene_2d_materials,Materials Chemistry,18992804,18992804,0,,W2491578089,10.1038/nphys3856,221,32,openalex_v3_query_core,0,,strict,Graphene research and applications,18992804,Graphene research and applications,Graphene research and applications,0,2025
https://openalex.org/W2548293884,2016,"Two‐Dimensional Non‐Layered Materials: Synthesis, Properties and Applications",graphene_2d_materials,Materials Chemistry,19026997,19026997,0,,W2548293884,10.1002/adfm.201603254,221,99,openalex_v3_query_core,0,,strict,2D Materials and Applications,19026997,2D Materials and Applications,2D Materials and Applications,0,2025
https://openalex.org/W3036267155,2020,The 2020 magnetism roadmap,graphene_2d_materials,"Atomic and Molecular Physics, and Optics",18992286,18992286,0,,W3036267155,10.1088/1361-6463/ab9d98,221,201,openalex_v3_query_core,0,,strict,Magnetic properties of thin films,18992286,Magnetic properties of thin films,Magnetic properties of thin films,0,2025
https://openalex.org/W2272187627,2015,Theoretical predictions on the electronic structure and charge carrier mobility in 2D Phosphorus sheets,graphene_2d_materials,Materials Chemistry,19026997,19026997,0,,W2272187627,10.1038/srep09961,220,56,openalex_v3_query_core,0,,strict,2D Materials and Applications,19026997,2D Materials and Applications,2D Materials and Applications,0,2025
https://openalex.org/W3194327272,2021,Estimation of Number of Graphene Layers Using Different Methods: A Focused Review,graphene_2d_materials,Materials Chemistry,18992804,18992804,0,,W3194327272,10.3390/ma14164590,220,94,openalex_v3_query_core,0,,strict,Graphene research and applications,18992804,Graphene research and applications,Graphene research and applications,0,2025
https://openalex.org/W2085105810,2014,Ultrafast Transient Terahertz Conductivity of Monolayer MoS<sub>2</sub> and WSe<sub>2</sub> Grown by Chemical Vapor Deposition,graphene_2d_materials,Materials Chemistry,19026997,19026997,0,,W2085105810,10.1021/nn5034746,219,66,openalex_v3_query_core,0,,strict,2D Materials and Applications,19026997,2D Materials and Applications,2D Materials and Applications,0,2025
https://openalex.org/W2685088283,2017,Electronic properties of blue phosphorene/graphene and blue phosphorene/graphene-like gallium nitride heterostructures,graphene_2d_materials,Materials Chemistry,19026997,19026997,0,,W2685088283,10.1039/c7cp01852e,219,70,openalex_v3_query_core,0,,strict,2D Materials and Applications,19026997,2D Materials and Applications,2D Materials and Applications,0,2025
https://openalex.org/W2991139326,2019,Defect Engineering in 2D Materials: Precise Manipulation and Improved Functionalities,graphene_2d_materials,Biomedical Engineering,21275085,21275085,0,,W2991139326,10.34133/2019/4641739,219,101,openalex_v3_query_core,0,,strict,Nanowire Synthesis and Applications,21275085,Nanowire Synthesis and Applications,Nanowire Synthesis and Applications,0,2025
https://openalex.org/W4390949959,2024,Emerging environmentally friendly bio-based nanocomposites for the efficient removal of dyes and micropollutants from wastewater by adsorption: a comprehensive review,graphene_2d_materials,Water Science and Technology,18991890,18991890,0,,W4390949959,10.1039/d3ra06501d,219,271,openalex_v3_query_core,0,,strict,Adsorption and biosorption for pollutant removal,18991890,Adsorption and biosorption for pollutant removal,Adsorption and biosorption for pollutant removal,0,2025
https://openalex.org/W2067905720,2015,Temperature-triggered chemical switching growth of in-plane and vertically stacked graphene-boron nitride heterostructures,graphene_2d_materials,Materials Chemistry,18992804,18992804,0,,W2067905720,10.1038/ncomms7835,218,50,openalex_v3_query_core,0,,strict,Graphene research and applications,18992804,Graphene research and applications,Graphene research and applications,0,2025
https://openalex.org/W2238114835,2015,van der Waals Heterojunction Devices Based on Organohalide Perovskites and Two-Dimensional Materials,graphene_2d_materials,Electrical and Electronic Engineering,19026606,19026606,0,,W2238114835,10.1021/acs.nanolett.5b03944,218,40,openalex_v3_query_core,0,,strict,Perovskite Materials and Applications,19026606,Perovskite Materials and Applications,Perovskite Materials and Applications,0,2025
https://openalex.org/W2908327343,2019,Spin–orbit-driven band inversion in bilayer graphene by the van der Waals proximity effect,graphene_2d_materials,"Atomic and Molecular Physics, and Optics",19095381,19095381,0,,W2908327343,10.1038/s41586-019-1304-2,218,39,openalex_v3_query_core,0,,strict,Topological Materials and Phenomena,19095381,Topological Materials and Phenomena,Topological Materials and Phenomena,0,2025
https://openalex.org/W2942434641,2019,Towards super-clean graphene,graphene_2d_materials,Materials Chemistry,18992804,18992804,0,,W2942434641,10.1038/s41467-019-09565-4,218,43,openalex_v3_query_core,0,,strict,Graphene research and applications,18992804,Graphene research and applications,Graphene research and applications,0,2025
https://openalex.org/W2001787394,2013,"A generic tight-binding model for monolayer, bilayer and bulk MoS2",graphene_2d_materials,Materials Chemistry,19026997,19026997,0,,W2001787394,10.1063/1.4804936,217,28,openalex_v3_query_core,0,,strict,2D Materials and Applications,19026997,2D Materials and Applications,2D Materials and Applications,0,2025
https://openalex.org/W2804635920,2018,Ballistic molecular transport through two-dimensional channels,graphene_2d_materials,Materials Chemistry,18992804,18992804,0,,W2804635920,10.1038/s41586-018-0203-2,217,46,openalex_v3_query_core,0,,strict,Graphene research and applications,18992804,Graphene research and applications,Graphene research and applications,0,2025
https://openalex.org/W3009327484,2020,The role of carbon-based materials in enhancing the stability of perovskite solar cells,graphene_2d_materials,Electrical and Electronic Engineering,19026606,19026606,0,,W3009327484,10.1039/c9ee04030g,217,267,openalex_v3_query_core,0,,strict,Perovskite Materials and Applications,19026606,Perovskite Materials and Applications,Perovskite Materials and Applications,0,2025
https://openalex.org/W4281696645,2022,Wafer-scale solution-processed 2D material analog resistive memory array for memory-based computing,graphene_2d_materials,Electrical and Electronic Engineering,19077560,19077560,0,,W4281696645,10.1038/s41467-022-30519-w,217,57,openalex_v3_query_core,0,,strict,Advanced Memory and Neural Computing,19077560,Advanced Memory and Neural Computing,Advanced Memory and Neural Computing,0,2025
https://openalex.org/W4387440958,2023,Initiating Binary Metal Oxides Microcubes Electromagnetic Wave Absorber Toward Ultrabroad Absorption Bandwidth Through Interfacial and Defects Modulation,graphene_2d_materials,"Electronic, Optical and Magnetic Materials",21274432,21274432,0,,W4387440958,10.1007/s40820-023-01197-0,217,45,openalex_v3_query_core,0,,strict,Electromagnetic wave absorption materials,21274432,Electromagnetic wave absorption materials,Electromagnetic wave absorption materials,0,2025
https://openalex.org/W4401220615,2024,"A review on carbon materials for electrochemical energy storage applications: State of the art, implementation, and synergy with metallic compounds for supercapacitor and battery electrodes",graphene_2d_materials,"Electronic, Optical and Magnetic Materials",19009840,19009840,0,,W4401220615,10.1016/j.jpowsour.2024.235140,217,456,openalex_v3_query_core,0,,strict,Supercapacitor Materials and Fabrication,19009840,Supercapacitor Materials and Fabrication,Supercapacitor Materials and Fabrication,0,2025
https://openalex.org/W2011385937,2015,Observation of interlayer phonon modes in van der Waals heterostructures,graphene_2d_materials,Materials Chemistry,19026997,19026997,0,,W2011385937,10.1103/physrevb.91.165403,216,58,openalex_v3_query_core,0,,strict,2D Materials and Applications,19026997,2D Materials and Applications,2D Materials and Applications,0,2025
https://openalex.org/W2969572677,2019,Spectroscopic studies of atomic defects and bandgap renormalization in semiconducting monolayer transition metal dichalcogenides,graphene_2d_materials,Materials Chemistry,19026997,19026997,0,,W2969572677,10.1038/s41467-019-11751-3,216,46,openalex_v3_query_core,0,,strict,2D Materials and Applications,19026997,2D Materials and Applications,2D Materials and Applications,0,2025
https://openalex.org/W3102603062,2019,Site-selectively generated photon emitters in monolayer MoS2 via local helium ion irradiation,graphene_2d_materials,Materials Chemistry,19026997,19026997,0,,W3102603062,10.1038/s41467-019-10632-z,216,69,openalex_v3_query_core,0,,strict,2D Materials and Applications,19026997,2D Materials and Applications,2D Materials and Applications,0,2025
https://openalex.org/W4307844955,2022,Emergence of MXene and MXene–Polymer Hybrid Membranes as Future‐ Environmental Remediation Strategies,graphene_2d_materials,Materials Chemistry,23488465,23488465,0,,W4307844955,10.1002/advs.202203527,216,326,openalex_v3_query_core,0,,strict,MXene and MAX Phase Materials,23488465,MXene and MAX Phase Materials,MXene and MAX Phase Materials,0,2025
https://openalex.org/W2797039640,2018,Two-dimensional electronic transport and surface electron accumulation in MoS2,graphene_2d_materials,Materials Chemistry,19026997,19026997,0,,W2797039640,10.1038/s41467-018-03824-6,215,78,openalex_v3_query_core,0,,strict,2D Materials and Applications,19026997,2D Materials and Applications,2D Materials and Applications,0,2025
https://openalex.org/W3037203463,2020,High oscillator strength interlayer excitons in two-dimensional heterostructures for mid-infrared photodetection,graphene_2d_materials,Materials Chemistry,19026997,19026997,0,,W3037203463,10.1038/s41565-020-0717-2,215,73,openalex_v3_query_core,0,,strict,2D Materials and Applications,19026997,2D Materials and Applications,2D Materials and Applications,0,2025
https://openalex.org/W3091998170,2021,Two-dimensional van der Waals electrical contact to monolayer MoSi2N4,graphene_2d_materials,Materials Chemistry,19026997,19026997,0,,W3091998170,10.1063/5.0033241,215,59,openalex_v3_query_core,0,,strict,2D Materials and Applications,19026997,2D Materials and Applications,2D Materials and Applications,0,2025
https://openalex.org/W2591773498,2017,Simple and Large Scale Construction of MoS2-g-C3N4 Heterostructures Using Mechanochemistry for High Performance Electrochemical Supercapacitor and Visible Light Photocatalytic Applications,graphene_2d_materials,"Renewable Energy, Sustainability and the Environment",18992678,18992678,0,,W2591773498,10.1038/srep43055,214,37,openalex_v3_query_core,0,,strict,Advanced Photocatalysis Techniques,18992678,Advanced Photocatalysis Techniques,Advanced Photocatalysis Techniques,0,2025
https://openalex.org/W3005331348,2020,Printed Electronics as Prepared by Inkjet Printing,graphene_2d_materials,Electrical and Electronic Engineering,21325914,21325914,0,,W3005331348,10.3390/ma13030704,214,139,openalex_v3_query_core,0,,strict,Nanomaterials and Printing Technologies,21325914,Nanomaterials and Printing Technologies,Nanomaterials and Printing Technologies,0,2025
https://openalex.org/W4224245758,2022,A Critical Review of the Role of Carbon Nanotubes in the Progress of Next-Generation Electronic Applications,graphene_2d_materials,Materials Chemistry,18992674,18992674,0,,W4224245758,10.1007/s11664-022-09516-8,214,51,openalex_v3_query_core,0,,strict,Carbon Nanotubes in Composites,18992674,Carbon Nanotubes in Composites,Carbon Nanotubes in Composites,0,2025
https://openalex.org/W4391883933,2024,The Roadmap of 2D Materials and Devices Toward Chips,graphene_2d_materials,Materials Chemistry,19026997,19026997,0,,W4391883933,10.1007/s40820-023-01273-5,214,462,openalex_v3_query_core,0,,strict,2D Materials and Applications,19026997,2D Materials and Applications,2D Materials and Applications,0,2025
https://openalex.org/W3000477231,2020,"Mixed-dimensional PdSe<sub>2</sub>/SiNWA heterostructure based photovoltaic detectors for self-driven, broadband photodetection, infrared imaging and humidity sensing",graphene_2d_materials,Materials Chemistry,19026997,19026997,0,,W3000477231,10.1039/c9ta13611h,213,69,openalex_v3_query_core,0,,strict,2D Materials and Applications,19026997,2D Materials and Applications,2D Materials and Applications,0,2025
https://openalex.org/W3043520778,2021,Imaging moiré flat bands in three-dimensional reconstructed WSe2/WS2 superlattices,graphene_2d_materials,Materials Chemistry,19026997,19026997,0,,W3043520778,10.1038/s41563-021-00923-6,213,39,openalex_v3_query_core,0,,strict,2D Materials and Applications,19026997,2D Materials and Applications,2D Materials and Applications,0,2025
https://openalex.org/W4294636568,2022,Rhodium nanocrystals on porous graphdiyne for electrocatalytic hydrogen evolution from saline water,graphene_2d_materials,"Renewable Energy, Sustainability and the Environment",18992146,18992146,0,,W4294636568,10.1038/s41467-022-32937-2,213,85,openalex_v3_query_core,0,,strict,Electrocatalysts for Energy Conversion,18992146,Electrocatalysts for Energy Conversion,Electrocatalysts for Energy Conversion,0,2025
https://openalex.org/W2995552491,2020,Phase-controllable growth of ultrathin 2D magnetic FeTe crystals,graphene_2d_materials,Materials Chemistry,19026997,19026997,0,,W2995552491,10.1038/s41467-020-17253-x,212,42,openalex_v3_query_core,0,,strict,2D Materials and Applications,19026997,2D Materials and Applications,2D Materials and Applications,0,2025
https://openalex.org/W3003730086,2020,Emerging 2D Materials Produced via Electrochemistry,graphene_2d_materials,Materials Chemistry,19026997,19026997,0,,W3003730086,10.1002/adma.201907857,212,130,openalex_v3_query_core,0,,strict,2D Materials and Applications,19026997,2D Materials and Applications,2D Materials and Applications,0,2025
https://openalex.org/W3042623210,2020,Heterojunction Photocatalysts Based on 2D Materials: The Role of Configuration,graphene_2d_materials,"Renewable Energy, Sustainability and the Environment",18992678,18992678,0,,W3042623210,10.1002/adsu.202000130,212,174,openalex_v3_query_core,0,,strict,Advanced Photocatalysis Techniques,18992678,Advanced Photocatalysis Techniques,Advanced Photocatalysis Techniques,0,2025
https://openalex.org/W3137585889,2021,Interfacial electronic structure engineering on molybdenum sulfide for robust dual-pH hydrogen evolution,graphene_2d_materials,"Renewable Energy, Sustainability and the Environment",18992146,18992146,0,,W3137585889,10.1038/s41467-021-25647-8,212,77,openalex_v3_query_core,0,,strict,Electrocatalysts for Energy Conversion,18992146,Electrocatalysts for Energy Conversion,Electrocatalysts for Energy Conversion,0,2025
https://openalex.org/W4289170359,2022,2D semiconductors for specific electronic applications: from device to system,graphene_2d_materials,Materials Chemistry,19026997,19026997,0,,W4289170359,10.1038/s41699-022-00327-3,212,178,openalex_v3_query_core,0,,strict,2D Materials and Applications,19026997,2D Materials and Applications,2D Materials and Applications,0,2025
https://openalex.org/W2803426300,2018,Tailoring the mechanical properties of 2D materials and heterostructures,graphene_2d_materials,Materials Chemistry,18992804,18992804,0,,W2803426300,10.1088/2053-1583/aac764,211,259,openalex_v3_query_core,0,,strict,Graphene research and applications,18992804,Graphene research and applications,Graphene research and applications,0,2025
https://openalex.org/W4224981392,2022,Van der Waals integration of high-κ perovskite oxides and two-dimensional semiconductors,graphene_2d_materials,Materials Chemistry,19026997,19026997,0,,W4224981392,10.1038/s41928-022-00753-7,211,59,openalex_v3_query_core,0,,strict,2D Materials and Applications,19026997,2D Materials and Applications,2D Materials and Applications,0,2025
https://openalex.org/W4289109253,2022,Perovskite Solar Cells: A Review of the Recent Advances,graphene_2d_materials,Electrical and Electronic Engineering,19026606,19026606,0,,W4289109253,10.3390/coatings12081089,211,194,openalex_v3_query_core,0,,strict,Perovskite Materials and Applications,19026606,Perovskite Materials and Applications,Perovskite Materials and Applications,0,2025
https://openalex.org/W4381251603,2023,Experimental and computational study of metal oxide nanoparticles for the photocatalytic degradation of organic pollutants: a review,graphene_2d_materials,"Renewable Energy, Sustainability and the Environment",18992019,18992019,0,,W4381251603,10.1039/d3ra01505j,211,260,openalex_v3_query_core,0,,strict,TiO2 Photocatalysis and Solar Cells,18992019,TiO2 Photocatalysis and Solar Cells,TiO2 Photocatalysis and Solar Cells,0,2025
https://openalex.org/W2321015465,2015,Vacancy-Induced Formation and Growth of Inversion Domains in Transition-Metal Dichalcogenide Monolayer,graphene_2d_materials,Materials Chemistry,19026997,19026997,0,,W2321015465,10.1021/acsnano.5b00554,210,39,openalex_v3_query_core,0,,strict,2D Materials and Applications,19026997,2D Materials and Applications,2D Materials and Applications,0,2025
https://openalex.org/W2942020899,2019,Synthesis and Fabrication of Graphene and Graphene Oxide: A Review,graphene_2d_materials,Materials Chemistry,18992804,18992804,0,,W2942020899,10.4236/ojcm.2019.92012,210,106,openalex_v3_query_core,0,,strict,Graphene research and applications,18992804,Graphene research and applications,Graphene research and applications,0,2025
https://openalex.org/W3091920321,2021,Bilayer Wigner crystals in a transition metal dichalcogenide heterostructure,graphene_2d_materials,Materials Chemistry,19026997,19026997,0,,W3091920321,10.1038/s41586-021-03560-w,210,54,openalex_v3_query_core,0,,strict,2D Materials and Applications,19026997,2D Materials and Applications,2D Materials and Applications,0,2025
https://openalex.org/W2101718165,2015,Silane-catalysed fast growth of large single-crystalline graphene on hexagonal boron nitride,graphene_2d_materials,Materials Chemistry,18992804,18992804,0,,W2101718165,10.1038/ncomms7499,208,52,openalex_v3_query_core,0,,strict,Graphene research and applications,18992804,Graphene research and applications,Graphene research and applications,0,2025
https://openalex.org/W2187266395,2016,Synthesis of Large-Area WS2 monolayers with Exceptional Photoluminescence,graphene_2d_materials,Materials Chemistry,19026997,19026997,0,,W2187266395,10.1038/srep19159,208,49,openalex_v3_query_core,0,,strict,2D Materials and Applications,19026997,2D Materials and Applications,2D Materials and Applications,0,2025
https://openalex.org/W2725127236,2017,"Environmental Screening Effects in 2D Materials: Renormalization of the Bandgap, Electronic Structure, and Optical Spectra of Few-Layer Black Phosphorus",graphene_2d_materials,Materials Chemistry,19026997,19026997,0,,W2725127236,10.1021/acs.nanolett.7b01365,208,50,openalex_v3_query_core,0,,strict,2D Materials and Applications,19026997,2D Materials and Applications,2D Materials and Applications,0,2025
https://openalex.org/W3081676008,2021,Large-area integration of two-dimensional materials and their heterostructures by wafer bonding,graphene_2d_materials,Materials Chemistry,18992804,18992804,0,,W3081676008,10.1038/s41467-021-21136-0,208,108,openalex_v3_query_core,0,,strict,Graphene research and applications,18992804,Graphene research and applications,Graphene research and applications,0,2025
https://openalex.org/W3152764704,2021,Atomically precise graphene nanoribbons: interplay of structural and electronic properties,graphene_2d_materials,Materials Chemistry,18992804,18992804,0,,W3152764704,10.1039/d0cs01541e,208,284,openalex_v3_query_core,0,,strict,Graphene research and applications,18992804,Graphene research and applications,Graphene research and applications,0,2025
https://openalex.org/W2736130000,2017,Recent Advances in Designing and Fabricating Self‐Supported Nanoelectrodes for Supercapacitors,graphene_2d_materials,"Electronic, Optical and Magnetic Materials",19009840,19009840,0,,W2736130000,10.1002/advs.201700188,207,220,openalex_v3_query_core,0,,strict,Supercapacitor Materials and Fabrication,19009840,Supercapacitor Materials and Fabrication,Supercapacitor Materials and Fabrication,0,2025
https://openalex.org/W2794714637,2018,Large-area and bright pulsed electroluminescence in monolayer semiconductors,graphene_2d_materials,Materials Chemistry,19026997,19026997,0,,W2794714637,10.1038/s41467-018-03218-8,207,31,openalex_v3_query_core,0,,strict,2D Materials and Applications,19026997,2D Materials and Applications,2D Materials and Applications,0,2025
https://openalex.org/W4210481318,2022,Applications of Graphene-Based Materials in Sensors: A Review,graphene_2d_materials,Molecular Biology,19026082,19026082,0,,W4210481318,10.3390/mi13020184,207,82,openalex_v3_query_core,0,,strict,Advanced biosensing and bioanalysis techniques,19026082,Advanced biosensing and bioanalysis techniques,Advanced biosensing and bioanalysis techniques,0,2025
https://openalex.org/W2963664010,2015,"Yb- and Er-doped fiber laser Q-switched with an optically uniform, broadband WS2 saturable absorber",graphene_2d_materials,"Atomic and Molecular Physics, and Optics",19147258,19147258,0,,W2963664010,10.1038/srep17482,206,69,openalex_v3_query_core,0,,strict,Advanced Fiber Laser Technologies,19147258,Advanced Fiber Laser Technologies,Advanced Fiber Laser Technologies,0,2025
https://openalex.org/W2417177018,2016,A two-dimensional spin field-effect switch,graphene_2d_materials,Materials Chemistry,18992804,18992804,0,,W2417177018,10.1038/ncomms13372,206,62,openalex_v3_query_core,0,,strict,Graphene research and applications,18992804,Graphene research and applications,Graphene research and applications,0,2025
https://openalex.org/W2998958441,2020,Nano-based adsorbent and photocatalyst use for pharmaceutical contaminant removal during indirect potable water reuse,graphene_2d_materials,Biomedical Engineering,23591170,23591170,0,,W2998958441,10.1038/s41545-019-0048-8,206,201,openalex_v3_query_core,0,,strict,Graphene and Nanomaterials Applications,23591170,Graphene and Nanomaterials Applications,Graphene and Nanomaterials Applications,0,2025
https://openalex.org/W3005058456,2020,The Nanosized Dye Adsorbents for Water Treatment,graphene_2d_materials,Organic Chemistry,23522781,23522781,0,,W3005058456,10.3390/nano10020295,206,232,openalex_v3_query_core,0,,strict,Nanomaterials for catalytic reactions,23522781,Nanomaterials for catalytic reactions,Nanomaterials for catalytic reactions,0,2025
https://openalex.org/W3118591198,2021,An extensive review on three dimension architectural Metal-Organic Frameworks towards supercapacitor application,graphene_2d_materials,Inorganic Chemistry,18992938,18992938,0,,W3118591198,10.1016/j.jpowsour.2020.229444,206,144,openalex_v3_query_core,0,,strict,Metal-Organic Frameworks: Synthesis and Applications,18992938,Metal-Organic Frameworks: Synthesis and Applications,Metal-Organic Frameworks: Synthesis and Applications,0,2025
https://openalex.org/W3195661742,2021,Stability of Perovskite Solar Cells: Degradation Mechanisms and Remedies,graphene_2d_materials,Electrical and Electronic Engineering,19026606,19026606,0,,W3195661742,10.3389/felec.2021.712785,206,326,openalex_v3_query_core,0,,strict,Perovskite Materials and Applications,19026606,Perovskite Materials and Applications,Perovskite Materials and Applications,0,2025
https://openalex.org/W2560883295,2016,The direct-to-indirect band gap crossover in two-dimensional van der Waals Indium Selenide crystals,graphene_2d_materials,Materials Chemistry,19026997,19026997,0,,W2560883295,10.1038/srep39619,205,37,openalex_v3_query_core,0,,strict,2D Materials and Applications,19026997,2D Materials and Applications,2D Materials and Applications,0,2025
https://openalex.org/W3049193107,2020,"Recent Progress, Challenges, and Prospects in Two-Dimensional Photo-Catalyst Materials and Environmental Remediation",graphene_2d_materials,"Renewable Energy, Sustainability and the Environment",18992678,18992678,0,,W3049193107,10.1007/s40820-020-00504-3,205,375,openalex_v3_query_core,0,,strict,Advanced Photocatalysis Techniques,18992678,Advanced Photocatalysis Techniques,Advanced Photocatalysis Techniques,0,2025
https://openalex.org/W2079800322,2015,Thermoelectric effects in graphene nanostructures,graphene_2d_materials,Materials Chemistry,18992804,18992804,0,,W2079800322,10.1088/0953-8984/27/13/133204,204,259,openalex_v3_query_core,0,,strict,Graphene research and applications,18992804,Graphene research and applications,Graphene research and applications,0,2025
https://openalex.org/W2571389079,2017,Slow cooling and efficient extraction of C-exciton hot carriers in MoS2 monolayer,graphene_2d_materials,Materials Chemistry,19026997,19026997,0,,W2571389079,10.1038/ncomms13906,204,56,openalex_v3_query_core,0,,strict,2D Materials and Applications,19026997,2D Materials and Applications,2D Materials and Applications,0,2025
https://openalex.org/W4281478634,2022,Strongly correlated electron–photon systems,graphene_2d_materials,"Atomic and Molecular Physics, and Optics",23591034,23591034,0,,W4281478634,10.1038/s41586-022-04726-w,204,148,openalex_v3_query_core,0,,strict,Strong Light-Matter Interactions,23591034,Strong Light-Matter Interactions,Strong Light-Matter Interactions,0,2025
https://openalex.org/W4293802293,2022,Electrostatic gating and intercalation in 2D materials,graphene_2d_materials,Materials Chemistry,23574796,23574796,0,,W4293802293,10.1038/s41578-022-00473-6,204,208,openalex_v3_query_core,0,,strict,Electronic and Structural Properties of Oxides,23574796,Electronic and Structural Properties of Oxides,Electronic and Structural Properties of Oxides,0,2025
https://openalex.org/W3100291171,2020,A Critical Review on Metal-Organic Frameworks and Their Composites as Advanced Materials for Adsorption and Photocatalytic Degradation of Emerging Organic Pollutants from Wastewater,graphene_2d_materials,Inorganic Chemistry,18992938,18992938,0,,W3100291171,10.3390/polym12112648,203,263,openalex_v3_query_core,0,,strict,Metal-Organic Frameworks: Synthesis and Applications,18992938,Metal-Organic Frameworks: Synthesis and Applications,Metal-Organic Frameworks: Synthesis and Applications,0,2025
https://openalex.org/W2529002664,2016,van der Waals Epitaxy of GaSe/Graphene Heterostructure: Electronic and Interfacial Properties,graphene_2d_materials,Materials Chemistry,19026997,19026997,0,,W2529002664,10.1021/acsnano.6b05521,202,62,openalex_v3_query_core,0,,strict,2D Materials and Applications,19026997,2D Materials and Applications,2D Materials and Applications,0,2025
https://openalex.org/W2967749380,2019,Ultrahigh thermal isolation across heterogeneously layered two-dimensional materials,graphene_2d_materials,Materials Chemistry,21275090,21275090,0,,W2967749380,10.1126/sciadv.aax1325,202,59,openalex_v3_query_core,0,,strict,Thermal properties of materials,21275090,Thermal properties of materials,Thermal properties of materials,0,2025
https://openalex.org/W2030791422,2015,Graphene versus MoS2: A short review,graphene_2d_materials,Materials Chemistry,19026997,19026997,0,,W2030791422,10.1007/s11467-015-0459-z,201,186,openalex_v3_query_core,0,,strict,2D Materials and Applications,19026997,2D Materials and Applications,2D Materials and Applications,0,2025
https://openalex.org/W2061976230,2015,Patterning two-dimensional chalcogenide crystals of Bi2Se3 and In2Se3 and efficient photodetectors,graphene_2d_materials,Materials Chemistry,19026997,19026997,0,,W2061976230,10.1038/ncomms7972,201,32,openalex_v3_query_core,0,,strict,2D Materials and Applications,19026997,2D Materials and Applications,2D Materials and Applications,0,2025
https://openalex.org/W2337841221,2016,Nanotexturing To Enhance Photoluminescent Response of Atomically Thin Indium Selenide with Highly Tunable Band Gap,graphene_2d_materials,Materials Chemistry,19026997,19026997,0,,W2337841221,10.1021/acs.nanolett.6b00689,201,61,openalex_v3_query_core,0,,strict,2D Materials and Applications,19026997,2D Materials and Applications,2D Materials and Applications,0,2025
https://openalex.org/W2774480036,2017,Diversity of trion states and substrate effects in the optical properties of an MoS2 monolayer,graphene_2d_materials,Materials Chemistry,19026997,19026997,0,,W2774480036,10.1038/s41467-017-02286-6,201,68,openalex_v3_query_core,0,,strict,2D Materials and Applications,19026997,2D Materials and Applications,2D Materials and Applications,0,2025
https://openalex.org/W3000693281,2020,Near-infrared absorbing 2D/3D ZnIn2S4/N-doped graphene photocatalyst for highly efficient CO2 capture and photocatalytic reduction,graphene_2d_materials,"Renewable Energy, Sustainability and the Environment",18992678,18992678,0,,W3000693281,10.1007/s40843-019-1234-x,201,77,openalex_v3_query_core,0,,strict,Advanced Photocatalysis Techniques,18992678,Advanced Photocatalysis Techniques,Advanced Photocatalysis Techniques,0,2025
https://openalex.org/W3083566830,2020,Developments in the Application of Nanomaterials for Water Treatment and Their Impact on the Environment,graphene_2d_materials,Biomedical Engineering,23591170,23591170,0,,W3083566830,10.3390/nano10091764,201,205,openalex_v3_query_core,0,,strict,Graphene and Nanomaterials Applications,23591170,Graphene and Nanomaterials Applications,Graphene and Nanomaterials Applications,0,2025
https://openalex.org/W3107567211,2021,Position-controlled quantum emitters with reproducible emission wavelength in hexagonal boron nitride,graphene_2d_materials,Materials Chemistry,19061322,19061322,0,,W3107567211,10.1038/s41467-021-24019-6,201,35,openalex_v3_query_core,0,,strict,Diamond and Carbon-based Materials Research,19061322,Diamond and Carbon-based Materials Research,Diamond and Carbon-based Materials Research,0,2025
https://openalex.org/W3128297214,2021,Applications of MXene (Ti<sub>3</sub>C<sub>2</sub>T<sub>x</sub>) in photocatalysis: a review,graphene_2d_materials,Materials Chemistry,23488465,23488465,0,,W3128297214,10.1039/d0ma00938e,201,107,openalex_v3_query_core,0,,strict,MXene and MAX Phase Materials,23488465,MXene and MAX Phase Materials,MXene and MAX Phase Materials,0,2025
https://openalex.org/W3135029134,2021,One-Step Hydrothermal Synthesis of Phase-Engineered MoS<sub>2</sub>/MoO<sub>3</sub> Electrocatalysts for Hydrogen Evolution Reaction,graphene_2d_materials,"Renewable Energy, Sustainability and the Environment",18992146,18992146,0,,W3135029134,10.1021/acsanm.0c03274,201,66,openalex_v3_query_core,0,,strict,Electrocatalysts for Energy Conversion,18992146,Electrocatalysts for Energy Conversion,Electrocatalysts for Energy Conversion,0,2025
https://openalex.org/W4221009638,2022,Unlocking the secrets behind liquid superlubricity: A state-of-the-art review on phenomena and mechanisms,graphene_2d_materials,Mechanical Engineering,21326311,21326311,0,,W4221009638,10.1007/s40544-021-0586-1,201,185,openalex_v3_query_core,0,,strict,Lubricants and Their Additives,21326311,Lubricants and Their Additives,Lubricants and Their Additives,0,2025
https://openalex.org/W4318833785,2023,"Recent advances in quantum dot catalysts for hydrogen evolution: Synthesis, characterization, and photocatalytic application",graphene_2d_materials,"Renewable Energy, Sustainability and the Environment",18992678,18992678,0,,W4318833785,10.1002/cey2.280,201,254,openalex_v3_query_core,0,,strict,Advanced Photocatalysis Techniques,18992678,Advanced Photocatalysis Techniques,Advanced Photocatalysis Techniques,0,2025
https://openalex.org/W2990814639,2020,Stacking Domains and Dislocation Networks in Marginally Twisted Bilayers of Transition Metal Dichalcogenides,graphene_2d_materials,Materials Chemistry,19026997,19026997,0,,W2990814639,10.1103/physrevlett.124.206101,200,77,openalex_v3_query_core,0,,strict,2D Materials and Applications,19026997,2D Materials and Applications,2D Materials and Applications,0,2025
https://openalex.org/W3081283503,2020,"Spinel ferrite (AFe<sub>2</sub>O<sub>4</sub>)-based heterostructured designs for lithium-ion battery, environmental monitoring, and biomedical applications",graphene_2d_materials,Electrical and Electronic Engineering,18991892,18991892,0,,W3081283503,10.1039/d0ra05133k,200,293,openalex_v3_query_core,0,,strict,Advancements in Battery Materials,18991892,Advancements in Battery Materials,Advancements in Battery Materials,0,2025
https://openalex.org/W4282937178,2022,Ultrafast self-heating synthesis of robust heterogeneous nanocarbides for high current density hydrogen evolution reaction,graphene_2d_materials,"Renewable Energy, Sustainability and the Environment",18992146,18992146,0,,W4282937178,10.1038/s41467-022-31077-x,200,69,openalex_v3_query_core,0,,strict,Electrocatalysts for Energy Conversion,18992146,Electrocatalysts for Energy Conversion,Electrocatalysts for Energy Conversion,0,2025
https://openalex.org/W2737861900,2017,Bio‐Nanotechnology in High‐Performance Supercapacitors,graphene_2d_materials,"Electronic, Optical and Magnetic Materials",19009840,19009840,0,,W2737861900,10.1002/aenm.201700592,199,311,openalex_v3_query_core,0,,strict,Supercapacitor Materials and Fabrication,19009840,Supercapacitor Materials and Fabrication,Supercapacitor Materials and Fabrication,0,2025
https://openalex.org/W2765596766,2017,Activating MoS<sub>2</sub> for pH-Universal Hydrogen Evolution Catalysis,graphene_2d_materials,"Renewable Energy, Sustainability and the Environment",18992146,18992146,0,,W2765596766,10.1021/jacs.7b07450,199,50,openalex_v3_query_core,0,,strict,Electrocatalysts for Energy Conversion,18992146,Electrocatalysts for Energy Conversion,Electrocatalysts for Energy Conversion,0,2025
https://openalex.org/W3030649862,2020,Application of Raman spectroscopy to probe fundamental properties of two-dimensional materials,graphene_2d_materials,Materials Chemistry,19026997,19026997,0,,W3030649862,10.1038/s41699-020-0140-4,199,105,openalex_v3_query_core,0,,strict,2D Materials and Applications,19026997,2D Materials and Applications,2D Materials and Applications,0,2025
https://openalex.org/W3136884387,2021,Advances in Molecularly Imprinted Polymers Based Affinity Sensors (Review),graphene_2d_materials,Electrical and Electronic Engineering,19026208,19026208,0,,W3136884387,10.3390/polym13060974,199,285,openalex_v3_query_core,0,,strict,Electrochemical sensors and biosensors,19026208,Electrochemical sensors and biosensors,Electrochemical sensors and biosensors,0,2025
https://openalex.org/W4289333654,2022,"MXenes as Emerging Materials: Synthesis, Properties, and Applications",graphene_2d_materials,Materials Chemistry,23488465,23488465,0,,W4289333654,10.3390/molecules27154909,199,196,openalex_v3_query_core,0,,strict,MXene and MAX Phase Materials,23488465,MXene and MAX Phase Materials,MXene and MAX Phase Materials,0,2025
https://openalex.org/W4365444187,2023,Electrode Materials for Desalination of Water via Capacitive Deionization,graphene_2d_materials,Biomedical Engineering,23488856,23488856,0,,W4365444187,10.1002/anie.202302180,199,160,openalex_v3_query_core,0,,strict,Membrane-based Ion Separation Techniques,23488856,Membrane-based Ion Separation Techniques,Membrane-based Ion Separation Techniques,0,2025
https://openalex.org/W4396957798,2024,"Leakage Proof, Flame-Retardant, and Electromagnetic Shield Wood Morphology Genetic Composite Phase Change Materials for Solar Thermal Energy Harvesting",graphene_2d_materials,Mechanical Engineering,19146603,19146603,0,,W4396957798,10.1007/s40820-024-01414-4,199,78,openalex_v3_query_core,0,,strict,Phase Change Materials Research,19146603,Phase Change Materials Research,Phase Change Materials Research,0,2025
https://openalex.org/W2912614812,2019,Transition metal dichalcogenides bilayer single crystals by reverse-flow chemical vapor epitaxy,graphene_2d_materials,Materials Chemistry,19026997,19026997,0,,W2912614812,10.1038/s41467-019-08468-8,198,66,openalex_v3_query_core,0,,strict,2D Materials and Applications,19026997,2D Materials and Applications,2D Materials and Applications,0,2025
https://openalex.org/W3040681683,2020,Strain engineering of two-dimensional multilayered heterostructures for beyond-lithium-based rechargeable batteries,graphene_2d_materials,Materials Chemistry,23488465,23488465,0,,W3040681683,10.1038/s41467-020-17014-w,198,73,openalex_v3_query_core,0,,strict,MXene and MAX Phase Materials,23488465,MXene and MAX Phase Materials,MXene and MAX Phase Materials,0,2025
https://openalex.org/W3192979761,2021,Efficient Ohmic contacts and built-in atomic sublayer protection in MoSi2N4 and WSi2N4 monolayers,graphene_2d_materials,Materials Chemistry,19026997,19026997,0,,W3192979761,10.1038/s41699-021-00251-y,198,86,openalex_v3_query_core,0,,strict,2D Materials and Applications,19026997,2D Materials and Applications,2D Materials and Applications,0,2025
https://openalex.org/W2257606941,2015,Ultrafast response of monolayer molybdenum disulfide photodetectors,graphene_2d_materials,Materials Chemistry,19026997,19026997,0,,W2257606941,10.1038/ncomms9831,197,53,openalex_v3_query_core,0,,strict,2D Materials and Applications,19026997,2D Materials and Applications,2D Materials and Applications,0,2025
https://openalex.org/W2266350121,2016,Enhanced Thermoelectric Power in Graphene: Violation of the Mott Relation by Inelastic Scattering,graphene_2d_materials,Materials Chemistry,18992804,18992804,0,,W2266350121,10.1103/physrevlett.116.136802,197,37,openalex_v3_query_core,0,,strict,Graphene research and applications,18992804,Graphene research and applications,Graphene research and applications,0,2025
https://openalex.org/W2907396842,2019,Strain-tunable magnetic and electronic properties of monolayer CrI<sub>3</sub>,graphene_2d_materials,Materials Chemistry,19026997,19026997,0,,W2907396842,10.1039/c8cp07067a,197,39,openalex_v3_query_core,0,,strict,2D Materials and Applications,19026997,2D Materials and Applications,2D Materials and Applications,0,2025
https://openalex.org/W2984707426,2019,All WSe2 1T1R resistive RAM cell for future monolithic 3D embedded memory integration,graphene_2d_materials,Electrical and Electronic Engineering,19077560,19077560,0,,W2984707426,10.1038/s41467-019-13176-4,197,77,openalex_v3_query_core,0,,strict,Advanced Memory and Neural Computing,19077560,Advanced Memory and Neural Computing,Advanced Memory and Neural Computing,0,2025
https://openalex.org/W1787408038,2015,Carbon Nanomaterials Based Electrochemical Sensors/Biosensors for the Sensitive Detection of Pharmaceutical and Biological Compounds,graphene_2d_materials,Electrical and Electronic Engineering,19026208,19026208,0,,W1787408038,10.3390/s150922490,196,73,openalex_v3_query_core,0,,strict,Electrochemical sensors and biosensors,19026208,Electrochemical sensors and biosensors,Electrochemical sensors and biosensors,0,2025
https://openalex.org/W2558136211,2016,Towards high efficiency nanowire solar cells,graphene_2d_materials,Biomedical Engineering,21275085,21275085,0,,W2558136211,10.1016/j.nantod.2016.10.007,196,297,openalex_v3_query_core,0,,strict,Nanowire Synthesis and Applications,21275085,Nanowire Synthesis and Applications,Nanowire Synthesis and Applications,0,2025
https://openalex.org/W2718827843,2017,Steering the interlayer energy barrier and charge flow via bioriented transportation channels in g-C3N4: Enhanced photocatalysis and reaction mechanism,graphene_2d_materials,"Renewable Energy, Sustainability and the Environment",18992678,18992678,0,,W2718827843,10.1016/j.jcat.2017.05.017,196,58,openalex_v3_query_core,0,,strict,Advanced Photocatalysis Techniques,18992678,Advanced Photocatalysis Techniques,Advanced Photocatalysis Techniques,0,2025
https://openalex.org/W2765173966,2017,Exciton fission in monolayer transition metal dichalcogenide semiconductors,graphene_2d_materials,Materials Chemistry,19026997,19026997,0,,W2765173966,10.1038/s41467-017-01298-6,196,55,openalex_v3_query_core,0,,strict,2D Materials and Applications,19026997,2D Materials and Applications,2D Materials and Applications,0,2025
https://openalex.org/W2980463008,2018,Phonon‐polaritonics: enabling powerful capabilities for infrared photonics,graphene_2d_materials,Civil and Structural Engineering,23557105,23557105,0,,W2980463008,10.1515/nanoph-2019-0232,196,364,openalex_v3_query_core,0,,strict,Thermal Radiation and Cooling Technologies,23557105,Thermal Radiation and Cooling Technologies,Thermal Radiation and Cooling Technologies,0,2025
https://openalex.org/W2990903355,2019,3D Carbon Materials for Efficient Oxygen and Hydrogen Electrocatalysis,graphene_2d_materials,"Renewable Energy, Sustainability and the Environment",18992146,18992146,0,,W2990903355,10.1002/aenm.201902494,196,411,openalex_v3_query_core,0,,strict,Electrocatalysts for Energy Conversion,18992146,Electrocatalysts for Energy Conversion,Electrocatalysts for Energy Conversion,0,2025
https://openalex.org/W3095881173,2020,Multifunctional integration on optical fiber tips: challenges and opportunities,graphene_2d_materials,Electrical and Electronic Engineering,21308759,21308759,0,,W3095881173,10.1117/1.ap.2.6.064001,196,301,openalex_v3_query_core,0,,strict,Semiconductor Lasers and Optical Devices,21308759,Semiconductor Lasers and Optical Devices,Semiconductor Lasers and Optical Devices,0,2025
https://openalex.org/W3197798650,2021,Solution-processed two-dimensional materials for next-generation photovoltaics,graphene_2d_materials,Materials Chemistry,19026997,19026997,0,,W3197798650,10.1039/d1cs00106j,196,1383,openalex_v3_query_core,0,,strict,2D Materials and Applications,19026997,2D Materials and Applications,2D Materials and Applications,0,2025
https://openalex.org/W4313585329,2022,"A Review on Low-Dimensional Nanomaterials: Nanofabrication, Characterization and Applications",graphene_2d_materials,"Renewable Energy, Sustainability and the Environment",18992678,18992678,0,,W4313585329,10.3390/nano13010160,196,281,openalex_v3_query_core,0,,strict,Advanced Photocatalysis Techniques,18992678,Advanced Photocatalysis Techniques,Advanced Photocatalysis Techniques,0,2025
https://openalex.org/W4319312466,2023,Large-area synthesis and transfer of multilayer hexagonal boron nitride for enhanced graphene device arrays,graphene_2d_materials,Materials Chemistry,18992804,18992804,0,,W4319312466,10.1038/s41928-022-00911-x,196,64,openalex_v3_query_core,0,,strict,Graphene research and applications,18992804,Graphene research and applications,Graphene research and applications,0,2025
https://openalex.org/W2281778970,2015,Rotationally Commensurate Growth of MoS<sub>2</sub>on Epitaxial Graphene,graphene_2d_materials,Materials Chemistry,18992804,18992804,0,,W2281778970,10.1021/acsnano.5b06398,195,75,openalex_v3_query_core,0,,strict,Graphene research and applications,18992804,Graphene research and applications,Graphene research and applications,0,2025
https://openalex.org/W2416274478,2016,Unexpected Giant-Gap Quantum Spin Hall Insulator in Chemically Decorated Plumbene Monolayer,graphene_2d_materials,"Atomic and Molecular Physics, and Optics",19095381,19095381,0,,W2416274478,10.1038/srep20152,195,44,openalex_v3_query_core,0,,strict,Topological Materials and Phenomena,19095381,Topological Materials and Phenomena,Topological Materials and Phenomena,0,2025
https://openalex.org/W2796386517,2018,Minimizing residues and strain in 2D materials transferred from PDMS,graphene_2d_materials,Materials Chemistry,19026997,19026997,0,,W2796386517,10.1088/1361-6528/aabd90,195,49,openalex_v3_query_core,0,,strict,2D Materials and Applications,19026997,2D Materials and Applications,2D Materials and Applications,0,2025
https://openalex.org/W3011491353,2020,Atomically thin half-van der Waals metals enabled by confinement heteroepitaxy,graphene_2d_materials,Materials Chemistry,18992804,18992804,0,,W3011491353,10.1038/s41563-020-0631-x,195,62,openalex_v3_query_core,0,,strict,Graphene research and applications,18992804,Graphene research and applications,Graphene research and applications,0,2025
https://openalex.org/W3095343991,2020,Advanced Anode Materials of Potassium Ion Batteries: from Zero Dimension to Three Dimensions,graphene_2d_materials,Electrical and Electronic Engineering,18991892,18991892,0,,W3095343991,10.1007/s40820-020-00541-y,195,257,openalex_v3_query_core,0,,strict,Advancements in Battery Materials,18991892,Advancements in Battery Materials,Advancements in Battery Materials,0,2025
https://openalex.org/W3037493099,2021,Néel-type skyrmions and their current-induced motion in van der Waals ferromagnet-based heterostructures,graphene_2d_materials,Materials Chemistry,19026997,19026997,0,,W3037493099,10.1103/physrevb.103.104410,195,76,openalex_v3_query_core,0,,strict,2D Materials and Applications,19026997,2D Materials and Applications,2D Materials and Applications,0,2025
https://openalex.org/W4205538048,2022,Van der Waals two-color infrared photodetector,graphene_2d_materials,Electrical and Electronic Engineering,19027263,19027263,0,,W4205538048,10.1038/s41377-021-00694-4,195,36,openalex_v3_query_core,0,,strict,Photonic and Optical Devices,19027263,Photonic and Optical Devices,Photonic and Optical Devices,0,2025
https://openalex.org/W2406017546,2016,Van der Waals pressure and its effect on trapped interlayer molecules,graphene_2d_materials,Materials Chemistry,18992804,18992804,0,,W2406017546,10.1038/ncomms12168,194,74,openalex_v3_query_core,0,,strict,Graphene research and applications,18992804,Graphene research and applications,Graphene research and applications,0,2025
https://openalex.org/W2753109295,2017,Ultrahigh mobility and efficient charge injection in monolayer organic thin-film transistors on boron nitride,graphene_2d_materials,Electrical and Electronic Engineering,18992282,18992282,0,,W2753109295,10.1126/sciadv.1701186,194,60,openalex_v3_query_core,0,,strict,Organic Electronics and Photovoltaics,18992282,Organic Electronics and Photovoltaics,Organic Electronics and Photovoltaics,0,2025
https://openalex.org/W2910970727,2019,Surface-Engineered MXenes: Electric Field Control of Magnetism and Enhanced Magnetic Anisotropy,graphene_2d_materials,Materials Chemistry,23488465,23488465,0,,W2910970727,10.1021/acsnano.8b09201,194,47,openalex_v3_query_core,0,,strict,MXene and MAX Phase Materials,23488465,MXene and MAX Phase Materials,MXene and MAX Phase Materials,0,2025
https://openalex.org/W3164857517,2021,Recent Developments of Transition Metal Compounds-Carbon Hybrid Electrodes for High Energy/Power Supercapacitors,graphene_2d_materials,"Electronic, Optical and Magnetic Materials",19009840,19009840,0,,W3164857517,10.1007/s40820-021-00642-2,194,151,openalex_v3_query_core,0,,strict,Supercapacitor Materials and Fabrication,19009840,Supercapacitor Materials and Fabrication,Supercapacitor Materials and Fabrication,0,2025
https://openalex.org/W3174849426,2021,Converting copper sulfide to copper with surface sulfur for electrocatalytic alkyne semi-hydrogenation with water,graphene_2d_materials,Catalysis,23505229,23505229,0,,W3174849426,10.1038/s41467-021-24059-y,194,62,openalex_v3_query_core,0,,strict,Ammonia Synthesis and Nitrogen Reduction,23505229,Ammonia Synthesis and Nitrogen Reduction,Ammonia Synthesis and Nitrogen Reduction,0,2025
https://openalex.org/W2075847326,2014,Random Strain Fluctuations as Dominant Disorder Source for High-Quality On-Substrate Graphene Devices,graphene_2d_materials,Materials Chemistry,18992804,18992804,0,,W2075847326,10.1103/physrevx.4.041019,193,57,openalex_v3_query_core,0,,strict,Graphene research and applications,18992804,Graphene research and applications,Graphene research and applications,0,2025
https://openalex.org/W2135035228,2014,"Structuring materials for lithium-ion batteries: advancements in nanomaterial structure, composition, and defined assembly on cell performance",graphene_2d_materials,Electrical and Electronic Engineering,18991892,18991892,0,,W2135035228,10.1039/c4ta00534a,193,222,openalex_v3_query_core,0,,strict,Advancements in Battery Materials,18991892,Advancements in Battery Materials,Advancements in Battery Materials,0,2025
https://openalex.org/W2585380086,2017,Highly sensitive MoTe <sub>2</sub> chemical sensor with fast recovery rate through gate biasing,graphene_2d_materials,Electrical and Electronic Engineering,19061184,19061184,0,,W2585380086,10.1088/2053-1583/aa57fe,193,43,openalex_v3_query_core,0,,strict,Gas Sensing Nanomaterials and Sensors,19061184,Gas Sensing Nanomaterials and Sensors,Gas Sensing Nanomaterials and Sensors,0,2025
https://openalex.org/W2803643793,2018,Reconfigurable infrared hyperbolic metasurfaces using phase change materials,graphene_2d_materials,"Electronic, Optical and Magnetic Materials",19026604,19026604,0,,W2803643793,10.1038/s41467-018-06858-y,193,45,openalex_v3_query_core,0,,strict,Metamaterials and Metasurfaces Applications,19026604,Metamaterials and Metasurfaces Applications,Metamaterials and Metasurfaces Applications,0,2025
https://openalex.org/W2890277353,2018,Synthesis of 2D transition metal dichalcogenides by chemical vapor deposition with controlled layer number and morphology,graphene_2d_materials,Materials Chemistry,19026997,19026997,0,,W2890277353,10.1186/s40580-018-0158-x,193,103,openalex_v3_query_core,0,,strict,2D Materials and Applications,19026997,2D Materials and Applications,2D Materials and Applications,0,2025
https://openalex.org/W3012410927,2020,Developing the Ternary ZnO Doped MoS2 Nanostructures Grafted on CNT and Reduced Graphene Oxide (RGO) for Photocatalytic Degradation of Aniline,graphene_2d_materials,"Renewable Energy, Sustainability and the Environment",18992678,18992678,0,,W3012410927,10.1038/s41598-020-61367-7,193,82,openalex_v3_query_core,0,,strict,Advanced Photocatalysis Techniques,18992678,Advanced Photocatalysis Techniques,Advanced Photocatalysis Techniques,0,2025
https://openalex.org/W3018244411,2020,Enabling room temperature ferromagnetism in monolayer MoS2 via in situ iron-doping,graphene_2d_materials,Materials Chemistry,19026997,19026997,0,,W3018244411,10.1038/s41467-020-15877-7,193,59,openalex_v3_query_core,0,,strict,2D Materials and Applications,19026997,2D Materials and Applications,2D Materials and Applications,0,2025
https://openalex.org/W3025784208,2020,Advances and Challenges in Developing Efficient Graphene Oxide-Based ZnO Photocatalysts for Dye Photo-Oxidation,graphene_2d_materials,"Renewable Energy, Sustainability and the Environment",18992678,18992678,0,,W3025784208,10.3390/nano10050932,193,119,openalex_v3_query_core,0,,strict,Advanced Photocatalysis Techniques,18992678,Advanced Photocatalysis Techniques,Advanced Photocatalysis Techniques,0,2025
https://openalex.org/W4322753476,2023,Roles of MXenes in biomedical applications: recent developments and prospects,graphene_2d_materials,Materials Chemistry,23488465,23488465,0,,W4322753476,10.1186/s12951-023-01809-2,193,217,openalex_v3_query_core,0,,strict,MXene and MAX Phase Materials,23488465,MXene and MAX Phase Materials,MXene and MAX Phase Materials,0,2025
https://openalex.org/W2264097239,2015,Highly responsive MoS2 photodetectors enhanced by graphene quantum dots,graphene_2d_materials,Materials Chemistry,19026997,19026997,0,,W2264097239,10.1038/srep11830,192,42,openalex_v3_query_core,0,,strict,2D Materials and Applications,19026997,2D Materials and Applications,2D Materials and Applications,0,2025
https://openalex.org/W2464025522,2015,Advances in MoS2-Based Field Effect Transistors (FETs),graphene_2d_materials,Materials Chemistry,19026997,19026997,0,,W2464025522,10.1007/s40820-015-0034-8,192,116,openalex_v3_query_core,0,,strict,2D Materials and Applications,19026997,2D Materials and Applications,2D Materials and Applications,0,2025
https://openalex.org/W3157483221,2021,A review on bismuth oxyhalide based materials for photocatalysis,graphene_2d_materials,"Renewable Energy, Sustainability and the Environment",18992678,18992678,0,,W3157483221,10.1039/d1na00223f,192,217,openalex_v3_query_core,0,,strict,Advanced Photocatalysis Techniques,18992678,Advanced Photocatalysis Techniques,Advanced Photocatalysis Techniques,0,2025
https://openalex.org/W3198231397,2021,Graphene and its derivatives: understanding the main chemical and medicinal chemistry roles for biomedical applications,graphene_2d_materials,Biomedical Engineering,23591170,23591170,0,,W3198231397,10.1007/s40097-021-00444-3,192,359,openalex_v3_query_core,0,,strict,Graphene and Nanomaterials Applications,23591170,Graphene and Nanomaterials Applications,Graphene and Nanomaterials Applications,0,2025
https://openalex.org/W1591551585,2015,Nanostructured Electrode Materials for Electrochemical Capacitor Applications,graphene_2d_materials,"Electronic, Optical and Magnetic Materials",19009840,19009840,0,,W1591551585,10.3390/nano5020906,191,112,openalex_v3_query_core,0,,strict,Supercapacitor Materials and Fabrication,19009840,Supercapacitor Materials and Fabrication,Supercapacitor Materials and Fabrication,0,2025
https://openalex.org/W2806686581,2018,In situ atomistic insight into the growth mechanisms of single layer 2D transition metal carbides,graphene_2d_materials,Materials Chemistry,23488465,23488465,0,,W2806686581,10.1038/s41467-018-04610-0,191,51,openalex_v3_query_core,0,,strict,MXene and MAX Phase Materials,23488465,MXene and MAX Phase Materials,MXene and MAX Phase Materials,0,2025
https://openalex.org/W3009942473,2020,Metal chalcogenides for potassium storage,graphene_2d_materials,Electrical and Electronic Engineering,18991892,18991892,0,,W3009942473,10.1002/inf2.12101,191,152,openalex_v3_query_core,0,,strict,Advancements in Battery Materials,18991892,Advancements in Battery Materials,Advancements in Battery Materials,0,2025
https://openalex.org/W3120551159,2021,Carbon-Based Quantum Dots for Supercapacitors: Recent Advances and Future Challenges,graphene_2d_materials,"Electronic, Optical and Magnetic Materials",19009840,19009840,0,,W3120551159,10.3390/nano11010091,191,195,openalex_v3_query_core,0,,strict,Supercapacitor Materials and Fabrication,19009840,Supercapacitor Materials and Fabrication,Supercapacitor Materials and Fabrication,0,2025
https://openalex.org/W4313488371,2023,Sliding ferroelectricity in van der Waals layered γ-InSe semiconductor,graphene_2d_materials,Materials Chemistry,19026997,19026997,0,,W4313488371,10.1038/s41467-022-35490-0,191,45,openalex_v3_query_core,0,,strict,2D Materials and Applications,19026997,2D Materials and Applications,2D Materials and Applications,0,2025
https://openalex.org/W1582017504,2015,Two-dimensional magnetotransport in a black phosphorus naked quantum well,graphene_2d_materials,Materials Chemistry,19026997,19026997,0,,W1582017504,10.1038/ncomms8702,190,29,openalex_v3_query_core,0,,strict,2D Materials and Applications,19026997,2D Materials and Applications,2D Materials and Applications,0,2025
https://openalex.org/W1759845614,2016,Spatially resolved optical absorption spectroscopy of single- and few-layer MoS<sub>2</sub>by hyperspectral imaging,graphene_2d_materials,Materials Chemistry,19026997,19026997,0,,W1759845614,10.1088/0957-4484/27/11/115705,190,37,openalex_v3_query_core,0,,strict,2D Materials and Applications,19026997,2D Materials and Applications,2D Materials and Applications,0,2025
https://openalex.org/W2580225177,2017,Giant tunable Rashba spin splitting in a two-dimensional BiSb monolayer and in BiSb/AlN heterostructures,graphene_2d_materials,Materials Chemistry,23574796,23574796,0,,W2580225177,10.1103/physrevb.95.165444,190,64,openalex_v3_query_core,0,,strict,Electronic and Structural Properties of Oxides,23574796,Electronic and Structural Properties of Oxides,Electronic and Structural Properties of Oxides,0,2025
https://openalex.org/W2608522811,2017,Out-of-plane heat transfer in van der Waals stacks through electron–hyperbolic phonon coupling,graphene_2d_materials,Civil and Structural Engineering,23557105,23557105,0,,W2608522811,10.1038/s41565-017-0008-8,190,65,openalex_v3_query_core,0,,strict,Thermal Radiation and Cooling Technologies,23557105,Thermal Radiation and Cooling Technologies,Thermal Radiation and Cooling Technologies,0,2025
https://openalex.org/W2883223753,2018,Room-temperature pyro-catalytic hydrogen generation of 2D few-layer black phosphorene under cold-hot alternation,graphene_2d_materials,Materials Chemistry,19026997,19026997,0,,W2883223753,10.1038/s41467-018-05343-w,190,64,openalex_v3_query_core,0,,strict,2D Materials and Applications,19026997,2D Materials and Applications,2D Materials and Applications,0,2025
https://openalex.org/W2948933292,2019,Recent Advances in 2D Lateral Heterostructures,graphene_2d_materials,Materials Chemistry,19026997,19026997,0,,W2948933292,10.1007/s40820-019-0276-y,190,165,openalex_v3_query_core,0,,strict,2D Materials and Applications,19026997,2D Materials and Applications,2D Materials and Applications,0,2025
https://openalex.org/W2996080670,2019,Catalytic reduction of nitrogen to produce ammonia by bismuth-based catalysts: state of the art and future prospects,graphene_2d_materials,Catalysis,23505229,23505229,0,,W2996080670,10.1039/c9mh01668f,190,97,openalex_v3_query_core,0,,strict,Ammonia Synthesis and Nitrogen Reduction,23505229,Ammonia Synthesis and Nitrogen Reduction,Ammonia Synthesis and Nitrogen Reduction,0,2025
https://openalex.org/W3010429218,2020,Persistence of Magnetism in Atomically Thin MnPS<sub>3</sub> Crystals,graphene_2d_materials,Materials Chemistry,19026997,19026997,0,,W3010429218,10.1021/acs.nanolett.9b05165,190,75,openalex_v3_query_core,0,,strict,2D Materials and Applications,19026997,2D Materials and Applications,2D Materials and Applications,0,2025
https://openalex.org/W3099827580,2020,Monolithic Full-Stokes Near-Infrared Polarimetry with Chiral Plasmonic Metasurface Integrated Graphene–Silicon Photodetector,graphene_2d_materials,"Electronic, Optical and Magnetic Materials",19026604,19026604,0,,W3099827580,10.1021/acsnano.0c00724,190,61,openalex_v3_query_core,0,,strict,Metamaterials and Metasurfaces Applications,19026604,Metamaterials and Metasurfaces Applications,Metamaterials and Metasurfaces Applications,0,2025
https://openalex.org/W3183911933,2021,Memristive Crossbar Arrays for Storage and Computing Applications,graphene_2d_materials,Electrical and Electronic Engineering,19077560,19077560,0,,W3183911933,10.1002/aisy.202100017,190,255,openalex_v3_query_core,0,,strict,Advanced Memory and Neural Computing,19077560,Advanced Memory and Neural Computing,Advanced Memory and Neural Computing,0,2025
https://openalex.org/W3195925864,2021,Emerging Trends in Nanomaterials for Antibacterial Applications,graphene_2d_materials,Biomedical Engineering,19112930,19112930,0,,W3195925864,10.2147/ijn.s328767,190,245,openalex_v3_query_core,0,,strict,Nanoplatforms for cancer theranostics,19112930,Nanoplatforms for cancer theranostics,Nanoplatforms for cancer theranostics,0,2025
https://openalex.org/W4220894228,2022,Mismatching integration-enabled strains and defects engineering in LDH microstructure for high-rate and long-life charge storage,graphene_2d_materials,Materials Chemistry,21394817,21394817,0,,W4220894228,10.1038/s41467-022-28918-0,190,59,openalex_v3_query_core,0,,strict,Layered Double Hydroxides Synthesis and Applications,21394817,Layered Double Hydroxides Synthesis and Applications,Layered Double Hydroxides Synthesis and Applications,0,2025
https://openalex.org/W4220959078,2022,Single amino acid bionanozyme for environmental remediation,graphene_2d_materials,Materials Chemistry,23539420,23539420,0,,W4220959078,10.1038/s41467-022-28942-0,190,45,openalex_v3_query_core,0,,strict,Advanced Nanomaterials in Catalysis,23539420,Advanced Nanomaterials in Catalysis,Advanced Nanomaterials in Catalysis,0,2025
https://openalex.org/W4393946335,2024,Engineering 2D Photocatalysts for Solar Hydrogen Peroxide Production,graphene_2d_materials,"Renewable Energy, Sustainability and the Environment",18992678,18992678,0,,W4393946335,10.1002/aenm.202400740,190,307,openalex_v3_query_core,0,,strict,Advanced Photocatalysis Techniques,18992678,Advanced Photocatalysis Techniques,Advanced Photocatalysis Techniques,0,2025
https://openalex.org/W2528055813,2017,Interlayer coupling in commensurate and incommensurate bilayer structures of transition-metal dichalcogenides,graphene_2d_materials,Materials Chemistry,19026997,19026997,0,,W2528055813,10.1103/physrevb.95.115429,189,56,openalex_v3_query_core,0,,strict,2D Materials and Applications,19026997,2D Materials and Applications,2D Materials and Applications,0,2025
https://openalex.org/W2914909334,2019,Single Photon Sources in Atomically Thin Materials,graphene_2d_materials,Materials Chemistry,19026997,19026997,0,,W2914909334,10.1146/annurev-physchem-042018-052628,189,117,openalex_v3_query_core,0,,strict,2D Materials and Applications,19026997,2D Materials and Applications,2D Materials and Applications,0,2025
https://openalex.org/W2980514298,2019,Valley-polarized exciton currents in a van der Waals heterostructure,graphene_2d_materials,Materials Chemistry,19026997,19026997,0,,W2980514298,10.1038/s41565-019-0559-y,189,35,openalex_v3_query_core,0,,strict,2D Materials and Applications,19026997,2D Materials and Applications,2D Materials and Applications,0,2025
https://openalex.org/W2298196290,2016,"Electronic Structure, Surface Doping, and Optical Response in Epitaxial WSe<sub>2</sub> Thin Films",graphene_2d_materials,Materials Chemistry,19026997,19026997,0,,W2298196290,10.1021/acs.nanolett.6b00059,188,63,openalex_v3_query_core,0,,strict,2D Materials and Applications,19026997,2D Materials and Applications,2D Materials and Applications,0,2025
https://openalex.org/W2744599856,2017,Highly Active 2D Layered MoS 2 -rGO Hybrids for Energy Conversion and Storage Applications,graphene_2d_materials,"Electronic, Optical and Magnetic Materials",19009840,19009840,0,,W2744599856,10.1038/s41598-017-08677-5,188,69,openalex_v3_query_core,0,,strict,Supercapacitor Materials and Fabrication,19009840,Supercapacitor Materials and Fabrication,Supercapacitor Materials and Fabrication,0,2025
https://openalex.org/W2952800503,2019,Strain-based room-temperature non-volatile MoTe2 ferroelectric phase change transistor,graphene_2d_materials,Electrical and Electronic Engineering,23625231,23625231,0,,W2952800503,10.1038/s41565-019-0466-2,188,52,openalex_v3_query_core,0,,strict,Ferroelectric and Negative Capacitance Devices,23625231,Ferroelectric and Negative Capacitance Devices,Ferroelectric and Negative Capacitance Devices,0,2025
https://openalex.org/W3153588311,2021,MoS2 Based Photodetectors: A Review,graphene_2d_materials,Materials Chemistry,19026997,19026997,0,,W3153588311,10.3390/s21082758,188,77,openalex_v3_query_core,0,,strict,2D Materials and Applications,19026997,2D Materials and Applications,2D Materials and Applications,0,2025
https://openalex.org/W3207036679,2022,"Magnetism, symmetry and spin transport in van der Waals layered systems",graphene_2d_materials,Materials Chemistry,19026997,19026997,0,,W3207036679,10.1038/s42254-021-00403-5,188,227,openalex_v3_query_core,0,,strict,2D Materials and Applications,19026997,2D Materials and Applications,2D Materials and Applications,0,2025
https://openalex.org/W4229000831,2022,Coupling between magnetic order and charge transport in a two-dimensional magnetic semiconductor,graphene_2d_materials,Materials Chemistry,19026997,19026997,0,,W4229000831,10.1038/s41563-022-01245-x,188,51,openalex_v3_query_core,0,,strict,2D Materials and Applications,19026997,2D Materials and Applications,2D Materials and Applications,0,2025
https://openalex.org/W4388490456,2023,Developing a class of dual atom materials for multifunctional catalytic reactions,graphene_2d_materials,"Renewable Energy, Sustainability and the Environment",18992146,18992146,0,,W4388490456,10.1038/s41467-023-42756-8,188,62,openalex_v3_query_core,0,,strict,Electrocatalysts for Energy Conversion,18992146,Electrocatalysts for Energy Conversion,Electrocatalysts for Energy Conversion,0,2025
https://openalex.org/W2413006882,2016,Interface strain in vertically stacked two-dimensional heterostructured carbon-MoS2 nanosheets controls electrochemical reactivity,graphene_2d_materials,Materials Chemistry,19026997,19026997,0,,W2413006882,10.1038/ncomms11796,187,48,openalex_v3_query_core,0,,strict,2D Materials and Applications,19026997,2D Materials and Applications,2D Materials and Applications,0,2025
https://openalex.org/W2911802219,2019,Magnon Transport in Quasi-Two-Dimensional van der Waals Antiferromagnets,graphene_2d_materials,Condensed Matter Physics,18992153,18992153,0,,W2911802219,10.1103/physrevx.9.011026,187,65,openalex_v3_query_core,0,,strict,Physics of Superconductivity and Magnetism,18992153,Physics of Superconductivity and Magnetism,Physics of Superconductivity and Magnetism,0,2025
https://openalex.org/W2913907541,2019,"Conducting Polymers, Hydrogels and Their Composites: Preparation, Properties and Bioapplications",graphene_2d_materials,Polymers and Plastics,19095505,19095505,0,,W2913907541,10.3390/polym11020350,187,329,openalex_v3_query_core,0,,strict,Conducting polymers and applications,19095505,Conducting polymers and applications,Conducting polymers and applications,0,2025
https://openalex.org/W2997147401,2020,Ultrasensitive negative capacitance phototransistors,graphene_2d_materials,Materials Chemistry,19026997,19026997,0,,W2997147401,10.1038/s41467-019-13769-z,187,67,openalex_v3_query_core,0,,strict,2D Materials and Applications,19026997,2D Materials and Applications,2D Materials and Applications,0,2025
https://openalex.org/W2007878824,2015,Measuring the Refractive Index of Highly Crystalline Monolayer MoS2 with High Confidence,graphene_2d_materials,Materials Chemistry,19026997,19026997,0,,W2007878824,10.1038/srep08440,186,37,openalex_v3_query_core,0,,strict,2D Materials and Applications,19026997,2D Materials and Applications,2D Materials and Applications,0,2025
https://openalex.org/W2255283072,2015,Interlayer orientation-dependent light absorption and emission in monolayer semiconductor stacks,graphene_2d_materials,Materials Chemistry,19026997,19026997,0,,W2255283072,10.1038/ncomms8372,186,49,openalex_v3_query_core,0,,strict,2D Materials and Applications,19026997,2D Materials and Applications,2D Materials and Applications,0,2025
https://openalex.org/W2509510868,2016,"Synthesis, properties and applications of 2D layered M<sup>III</sup>X<sup>VI</sup>(M = Ga, In; X = S, Se, Te) materials",graphene_2d_materials,Materials Chemistry,19026997,19026997,0,,W2509510868,10.1039/c6nr05976g,186,149,openalex_v3_query_core,0,,strict,2D Materials and Applications,19026997,2D Materials and Applications,2D Materials and Applications,0,2025
https://openalex.org/W2939299703,2019,Spin-Dependent Transport in van der Waals Magnetic Tunnel Junctions with Fe<sub>3</sub>GeTe<sub>2</sub> Electrodes,graphene_2d_materials,Materials Chemistry,19026997,19026997,0,,W2939299703,10.1021/acs.nanolett.9b01506,186,38,openalex_v3_query_core,0,,strict,2D Materials and Applications,19026997,2D Materials and Applications,2D Materials and Applications,0,2025
https://openalex.org/W3096512146,2020,DFT-Guided Design and Fabrication of Carbon-Nitride-Based Materials for Energy Storage Devices: A Review,graphene_2d_materials,"Renewable Energy, Sustainability and the Environment",18992678,18992678,0,,W3096512146,10.1007/s40820-020-00522-1,186,181,openalex_v3_query_core,0,,strict,Advanced Photocatalysis Techniques,18992678,Advanced Photocatalysis Techniques,Advanced Photocatalysis Techniques,0,2025
https://openalex.org/W3194957792,2021,Recent Progress in Emerging Two-Dimensional Transition Metal Carbides,graphene_2d_materials,Materials Chemistry,23488465,23488465,0,,W3194957792,10.1007/s40820-021-00710-7,186,227,openalex_v3_query_core,0,,strict,MXene and MAX Phase Materials,23488465,MXene and MAX Phase Materials,MXene and MAX Phase Materials,0,2025
https://openalex.org/W4381686655,2023,Intrinsic strong light-matter coupling with self-hybridized bound states in the continuum in van der Waals metasurfaces,graphene_2d_materials,"Atomic and Molecular Physics, and Optics",23591034,23591034,0,,W4381686655,10.1038/s41563-023-01580-7,186,53,openalex_v3_query_core,0,,strict,Strong Light-Matter Interactions,23591034,Strong Light-Matter Interactions,Strong Light-Matter Interactions,0,2025
https://openalex.org/W4390589984,2024,Tracking Regulatory Mechanism of Trace Fe on Graphene Electromagnetic Wave Absorption,graphene_2d_materials,"Electronic, Optical and Magnetic Materials",21274432,21274432,0,,W4390589984,10.1007/s40820-023-01280-6,186,66,openalex_v3_query_core,0,,strict,Electromagnetic wave absorption materials,21274432,Electromagnetic wave absorption materials,Electromagnetic wave absorption materials,0,2025
https://openalex.org/W4280622188,2022,Floquet metamaterials,graphene_2d_materials,Artificial Intelligence,23591033,23591033,0,,W4280622188,10.1186/s43593-022-00015-1,185,109,openalex_v3_query_core,0,,strict,Neural Networks and Reservoir Computing,23591033,Neural Networks and Reservoir Computing,Neural Networks and Reservoir Computing,0,2025
https://openalex.org/W2156047346,2014,Observation of an intrinsic bandgap and Landau level renormalization in graphene/boron-nitride heterostructures,graphene_2d_materials,Materials Chemistry,18992804,18992804,0,,W2156047346,10.1038/ncomms5461,184,49,openalex_v3_query_core,0,,strict,Graphene research and applications,18992804,Graphene research and applications,Graphene research and applications,0,2025
https://openalex.org/W2277469039,2015,Label-Free SERS Selective Detection of Dopamine and Serotonin Using Graphene-Au Nanopyramid Heterostructure,graphene_2d_materials,"Electronic, Optical and Magnetic Materials",19009308,19009308,0,,W2277469039,10.1021/acs.analchem.5b01560,184,42,openalex_v3_query_core,0,,strict,Gold and Silver Nanoparticles Synthesis and Applications,19009308,Gold and Silver Nanoparticles Synthesis and Applications,Gold and Silver Nanoparticles Synthesis and Applications,0,2025
https://openalex.org/W2311818241,2016,Erbium-doped fiber laser passively mode locked with few-layer WSe2/MoSe2 nanosheets,graphene_2d_materials,"Atomic and Molecular Physics, and Optics",19147258,19147258,0,,W2311818241,10.1038/srep23583,184,55,openalex_v3_query_core,0,,strict,Advanced Fiber Laser Technologies,19147258,Advanced Fiber Laser Technologies,Advanced Fiber Laser Technologies,0,2025
https://openalex.org/W2559006199,2017,All-angle negative refraction of highly squeezed plasmon and phonon polaritons in graphene–boron nitride heterostructures,graphene_2d_materials,Biomedical Engineering,19027259,19027259,0,,W2559006199,10.1073/pnas.1701830114,184,56,openalex_v3_query_core,0,,strict,Plasmonic and Surface Plasmon Research,19027259,Plasmonic and Surface Plasmon Research,Plasmonic and Surface Plasmon Research,0,2025
https://openalex.org/W2800083984,2018,Inkjet Printed Large‐Area Flexible Few‐Layer Graphene Thermoelectrics,graphene_2d_materials,Materials Chemistry,19060921,19060921,0,,W2800083984,10.1002/adfm.201800480,184,64,openalex_v3_query_core,0,,strict,Advanced Thermoelectric Materials and Devices,19060921,Advanced Thermoelectric Materials and Devices,Advanced Thermoelectric Materials and Devices,0,2025
https://openalex.org/W2902450520,2018,Reversible and selective ion intercalation through the top surface of few-layer MoS2,graphene_2d_materials,Materials Chemistry,19026997,19026997,0,,W2902450520,10.1038/s41467-018-07710-z,184,55,openalex_v3_query_core,0,,strict,2D Materials and Applications,19026997,2D Materials and Applications,2D Materials and Applications,0,2025
https://openalex.org/W2999733759,2020,Non-Abelian reciprocal braiding of Weyl points and its manifestation in ZrTe,graphene_2d_materials,"Atomic and Molecular Physics, and Optics",19095381,19095381,0,,W2999733759,10.1038/s41567-020-0967-9,184,61,openalex_v3_query_core,0,,strict,Topological Materials and Phenomena,19095381,Topological Materials and Phenomena,Topological Materials and Phenomena,0,2025
https://openalex.org/W4290068824,2022,NiPS3 ultrathin nanosheets as versatile platform advancing highly active photocatalytic H2 production,graphene_2d_materials,"Renewable Energy, Sustainability and the Environment",18992678,18992678,0,,W4290068824,10.1038/s41467-022-32256-6,184,70,openalex_v3_query_core,0,,strict,Advanced Photocatalysis Techniques,18992678,Advanced Photocatalysis Techniques,Advanced Photocatalysis Techniques,0,2025
https://openalex.org/W4233821668,2014,Rebar Graphene,graphene_2d_materials,Materials Chemistry,18992804,18992804,0,,W4233821668,10.1021/nn501132n,183,34,openalex_v3_query_core,0,,strict,Graphene research and applications,18992804,Graphene research and applications,Graphene research and applications,0,2025
https://openalex.org/W2514748242,2017,Monolayer FeSe on SrTiO<sub>3</sub>,graphene_2d_materials,"Electronic, Optical and Magnetic Materials",21360763,21360763,0,,W2514748242,10.1146/annurev-conmatphys-031016-025242,183,129,openalex_v3_query_core,0,,strict,Iron-based superconductors research,21360763,Iron-based superconductors research,Iron-based superconductors research,0,2025
https://openalex.org/W2884873272,2019,Voltage Control of a van der Waals Spin-Filter Magnetic Tunnel Junction,graphene_2d_materials,Materials Chemistry,19026997,19026997,0,,W2884873272,10.1021/acs.nanolett.8b04160,183,40,openalex_v3_query_core,0,,strict,2D Materials and Applications,19026997,2D Materials and Applications,2D Materials and Applications,0,2025
https://openalex.org/W4285731933,2022,"Energy‐Saving Pathways for Thermoelectric Nanomaterial Synthesis: Hydrothermal/Solvothermal, Microwave‐Assisted, Solution‐Based, and Powder Processing",graphene_2d_materials,Materials Chemistry,19060921,19060921,0,,W4285731933,10.1002/advs.202106052,183,491,openalex_v3_query_core,0,,strict,Advanced Thermoelectric Materials and Devices,19060921,Advanced Thermoelectric Materials and Devices,Advanced Thermoelectric Materials and Devices,0,2025
https://openalex.org/W4399549238,2024,"Optical bound states in the continuum in periodic structures: mechanisms, effects, and applications",graphene_2d_materials,"Atomic and Molecular Physics, and Optics",23591034,23591034,0,,W4399549238,10.3788/pi.2024.r01,183,300,openalex_v3_query_core,0,,strict,Strong Light-Matter Interactions,23591034,Strong Light-Matter Interactions,Strong Light-Matter Interactions,0,2025
https://openalex.org/W2009176637,2014,Stable two-dimensional dumbbell stanene: A quantum spin Hall insulator,graphene_2d_materials,"Atomic and Molecular Physics, and Optics",19095381,19095381,0,,W2009176637,10.1103/physrevb.90.121408,182,52,openalex_v3_query_core,0,,strict,Topological Materials and Phenomena,19095381,Topological Materials and Phenomena,Topological Materials and Phenomena,0,2025
https://openalex.org/W1897502501,2015,Direct oriented growth of armchair graphene nanoribbons on germanium,graphene_2d_materials,Materials Chemistry,18992804,18992804,0,,W1897502501,10.1038/ncomms9006,182,60,openalex_v3_query_core,0,,strict,Graphene research and applications,18992804,Graphene research and applications,Graphene research and applications,0,2025
https://openalex.org/W2592676003,2017,Interlayer exciton dynamics in a dichalcogenide monolayer heterostructure,graphene_2d_materials,Materials Chemistry,19026997,19026997,0,,W2592676003,10.1088/2053-1583/aa7352,182,54,openalex_v3_query_core,0,,strict,2D Materials and Applications,19026997,2D Materials and Applications,2D Materials and Applications,0,2025
https://openalex.org/W3048814554,2020,Graphitic phosphorus coordinated single Fe atoms for hydrogenative transformations,graphene_2d_materials,Organic Chemistry,23522781,23522781,0,,W3048814554,10.1038/s41467-020-17903-0,182,80,openalex_v3_query_core,0,,strict,Nanomaterials for catalytic reactions,23522781,Nanomaterials for catalytic reactions,Nanomaterials for catalytic reactions,0,2025
https://openalex.org/W3097235984,2020,Interface Engineering of CoS/CoO@N-Doped Graphene Nanocomposite for High-Performance Rechargeable Zn–Air Batteries,graphene_2d_materials,"Renewable Energy, Sustainability and the Environment",18992146,18992146,0,,W3097235984,10.1007/s40820-020-00526-x,182,60,openalex_v3_query_core,0,,strict,Electrocatalysts for Energy Conversion,18992146,Electrocatalysts for Energy Conversion,Electrocatalysts for Energy Conversion,0,2025
https://openalex.org/W3122195676,2021,Simultaneously enhanced dielectric properties and through-plane thermal conductivity of epoxy composites with alumina and boron nitride nanosheets,graphene_2d_materials,Biomedical Engineering,21342818,21342818,0,,W3122195676,10.1038/s41598-021-81925-x,182,63,openalex_v3_query_core,0,,strict,Dielectric materials and actuators,21342818,Dielectric materials and actuators,Dielectric materials and actuators,0,2025
https://openalex.org/W3134555148,2021,Topology and geometry under the nonlinear electromagnetic spotlight,graphene_2d_materials,"Atomic and Molecular Physics, and Optics",19095381,19095381,0,,W3134555148,10.1038/s41563-021-00992-7,182,187,openalex_v3_query_core,0,,strict,Topological Materials and Phenomena,19095381,Topological Materials and Phenomena,Topological Materials and Phenomena,0,2025
https://openalex.org/W4394596330,2024,Recent Development on Transition Metal Oxides‐Based Core–Shell Structures for Boosted Energy Density Supercapacitors,graphene_2d_materials,"Electronic, Optical and Magnetic Materials",19009840,19009840,0,,W4394596330,10.1002/smll.202312179,182,379,openalex_v3_query_core,0,,strict,Supercapacitor Materials and Fabrication,19009840,Supercapacitor Materials and Fabrication,Supercapacitor Materials and Fabrication,0,2025
https://openalex.org/W1558102060,2015,Interlayer electronic hybridization leads to exceptional thickness-dependent vibrational properties in few-layer black phosphorus,graphene_2d_materials,Materials Chemistry,19026997,19026997,0,,W1558102060,10.1039/c5nr06293d,181,59,openalex_v3_query_core,0,,strict,2D Materials and Applications,19026997,2D Materials and Applications,2D Materials and Applications,0,2025
https://openalex.org/W2308600826,2016,Porphyrin-Based Nanostructures for Photocatalytic Applications,graphene_2d_materials,"Renewable Energy, Sustainability and the Environment",18992678,18992678,0,,W2308600826,10.3390/nano6030051,180,102,openalex_v3_query_core,0,,strict,Advanced Photocatalysis Techniques,18992678,Advanced Photocatalysis Techniques,Advanced Photocatalysis Techniques,0,2025
https://openalex.org/W2517160558,2016,Near-Unity Absorption in van der Waals Semiconductors for Ultrathin Optoelectronics,graphene_2d_materials,Materials Chemistry,19026997,19026997,0,,W2517160558,10.1021/acs.nanolett.6b01914,180,46,openalex_v3_query_core,0,,strict,2D Materials and Applications,19026997,2D Materials and Applications,2D Materials and Applications,0,2025
https://openalex.org/W2981735276,2019,2020 roadmap on two-dimensional materials for energy storage and conversion,graphene_2d_materials,Materials Chemistry,23488465,23488465,0,,W2981735276,10.1016/j.cclet.2019.10.028,180,49,openalex_v3_query_core,0,,strict,MXene and MAX Phase Materials,23488465,MXene and MAX Phase Materials,MXene and MAX Phase Materials,0,2025
https://openalex.org/W4221001354,2022,Hierarchical Ti3C2Tx@ZnO Hollow Spheres with Excellent Microwave Absorption Inspired by the Visual Phenomenon of Eyeless Urchins,graphene_2d_materials,"Electronic, Optical and Magnetic Materials",21274432,21274432,0,,W4221001354,10.1007/s40820-022-00817-5,180,61,openalex_v3_query_core,0,,strict,Electromagnetic wave absorption materials,21274432,Electromagnetic wave absorption materials,Electromagnetic wave absorption materials,0,2025
https://openalex.org/W4362469439,2023,Lamella-heterostructured nanoporous bimetallic iron-cobalt alloy/oxyhydroxide and cerium oxynitride electrodes as stable catalysts for oxygen evolution,graphene_2d_materials,"Renewable Energy, Sustainability and the Environment",18992146,18992146,0,,W4362469439,10.1038/s41467-023-37597-4,180,73,openalex_v3_query_core,0,,strict,Electrocatalysts for Energy Conversion,18992146,Electrocatalysts for Energy Conversion,Electrocatalysts for Energy Conversion,0,2025
https://openalex.org/W4386112097,2023,Biodegradable electrospinning superhydrophilic nanofiber membranes for ultrafast oil-water separation,graphene_2d_materials,Biomaterials,19112151,19112151,0,,W4386112097,10.1126/sciadv.adh8195,180,70,openalex_v3_query_core,0,,strict,Electrospun Nanofibers in Biomedical Applications,19112151,Electrospun Nanofibers in Biomedical Applications,Electrospun Nanofibers in Biomedical Applications,0,2025
https://openalex.org/W2795502370,2018,Rolling up transition metal dichalcogenide nanoscrolls via one drop of ethanol,graphene_2d_materials,Materials Chemistry,19026997,19026997,0,,W2795502370,10.1038/s41467-018-03752-5,179,39,openalex_v3_query_core,0,,strict,2D Materials and Applications,19026997,2D Materials and Applications,2D Materials and Applications,0,2025
https://openalex.org/W2913789284,2019,Flexible Supercapacitors: A Materials Perspective,graphene_2d_materials,"Electronic, Optical and Magnetic Materials",19009840,19009840,0,,W2913789284,10.3389/fmats.2018.00083,179,101,openalex_v3_query_core,0,,strict,Supercapacitor Materials and Fabrication,19009840,Supercapacitor Materials and Fabrication,Supercapacitor Materials and Fabrication,0,2025
https://openalex.org/W2980549847,2019,Ruddlesden–Popper Perovskites: Synthesis and Optical Properties for Optoelectronic Applications,graphene_2d_materials,Electrical and Electronic Engineering,19026606,19026606,0,,W2980549847,10.1002/advs.201900941,179,223,openalex_v3_query_core,0,,strict,Perovskite Materials and Applications,19026606,Perovskite Materials and Applications,Perovskite Materials and Applications,0,2025
https://openalex.org/W2969596170,2020,Tunable room-temperature spin galvanic and spin Hall effects in van der Waals heterostructures,graphene_2d_materials,Materials Chemistry,19026997,19026997,0,,W2969596170,10.1038/s41563-019-0575-1,179,52,openalex_v3_query_core,0,,strict,2D Materials and Applications,19026997,2D Materials and Applications,2D Materials and Applications,0,2025
https://openalex.org/W4221005733,2022,Self-Assembly MXene-rGO/CoNi Film with Massive Continuous Heterointerfaces and Enhanced Magnetic Coupling for Superior Microwave Absorber,graphene_2d_materials,"Electronic, Optical and Magnetic Materials",21274432,21274432,0,,W4221005733,10.1007/s40820-022-00811-x,179,37,openalex_v3_query_core,0,,strict,Electromagnetic wave absorption materials,21274432,Electromagnetic wave absorption materials,Electromagnetic wave absorption materials,0,2025
https://openalex.org/W1612932676,2015,Tip-enhanced Raman spectroscopy: principles and applications,graphene_2d_materials,"Electronic, Optical and Magnetic Materials",19009308,19009308,0,,W1612932676,10.1140/epjti/s40485-015-0019-5,178,134,openalex_v3_query_core,0,,strict,Gold and Silver Nanoparticles Synthesis and Applications,19009308,Gold and Silver Nanoparticles Synthesis and Applications,Gold and Silver Nanoparticles Synthesis and Applications,0,2025
https://openalex.org/W2417043005,2016,Ferroelasticity and domain physics in two-dimensional transition metal dichalcogenide monolayers,graphene_2d_materials,Materials Chemistry,19026997,19026997,0,,W2417043005,10.1038/ncomms10843,178,54,openalex_v3_query_core,0,,strict,2D Materials and Applications,19026997,2D Materials and Applications,2D Materials and Applications,0,2025
https://openalex.org/W2761842216,2017,Liquid-Phase Exfoliation into Monolayered BiOBr Nanosheets for Photocatalytic Oxidation and Reduction,graphene_2d_materials,"Renewable Energy, Sustainability and the Environment",18992678,18992678,0,,W2761842216,10.1021/acssuschemeng.7b02508,178,41,openalex_v3_query_core,0,,strict,Advanced Photocatalysis Techniques,18992678,Advanced Photocatalysis Techniques,Advanced Photocatalysis Techniques,0,2025
https://openalex.org/W2769533148,2017,Van der Waals oxide heteroepitaxy,graphene_2d_materials,"Electronic, Optical and Magnetic Materials",23574011,23574011,0,,W2769533148,10.1038/s41535-017-0069-9,178,46,openalex_v3_query_core,0,,strict,Ga2O3 and related materials,23574011,Ga2O3 and related materials,Ga2O3 and related materials,0,2025
https://openalex.org/W3130060369,2021,Universal mobility characteristics of graphene originating from charge scattering by ionised impurities,graphene_2d_materials,Materials Chemistry,18992804,18992804,0,,W3130060369,10.1038/s42005-021-00518-2,178,58,openalex_v3_query_core,0,,strict,Graphene research and applications,18992804,Graphene research and applications,Graphene research and applications,0,2025
https://openalex.org/W3164152299,2021,Application of Ionic Liquids for Batteries and Supercapacitors,graphene_2d_materials,"Electronic, Optical and Magnetic Materials",19009840,19009840,0,,W3164152299,10.3390/ma14112942,178,139,openalex_v3_query_core,0,,strict,Supercapacitor Materials and Fabrication,19009840,Supercapacitor Materials and Fabrication,Supercapacitor Materials and Fabrication,0,2025
https://openalex.org/W2275742040,2015,Low-Frequency Raman Fingerprints of Two-Dimensional Metal Dichalcogenide Layer Stacking Configurations,graphene_2d_materials,Materials Chemistry,19026997,19026997,0,,W2275742040,10.1021/acsnano.5b01884,177,37,openalex_v3_query_core,0,,strict,2D Materials and Applications,19026997,2D Materials and Applications,2D Materials and Applications,0,2025
https://openalex.org/W2725699018,2017,Superlubricity of a graphene/MoS<sub>2</sub> heterostructure: a combined experimental and DFT study,graphene_2d_materials,Materials Chemistry,18992804,18992804,0,,W2725699018,10.1039/c7nr01451a,177,56,openalex_v3_query_core,0,,strict,Graphene research and applications,18992804,Graphene research and applications,Graphene research and applications,0,2025
https://openalex.org/W2762921792,2017,"Recent advances in ternary two-dimensional materials: synthesis, properties and applications",graphene_2d_materials,Materials Chemistry,19026997,19026997,0,,W2762921792,10.1039/c7ta06971e,177,161,openalex_v3_query_core,0,,strict,2D Materials and Applications,19026997,2D Materials and Applications,2D Materials and Applications,0,2025
https://openalex.org/W2978815321,2019,Reduced graphene oxide‐based materials for electrochemical energy conversion reactions,graphene_2d_materials,"Renewable Energy, Sustainability and the Environment",18992146,18992146,0,,W2978815321,10.1002/cey2.13,177,163,openalex_v3_query_core,0,,strict,Electrocatalysts for Energy Conversion,18992146,Electrocatalysts for Energy Conversion,Electrocatalysts for Energy Conversion,0,2025
https://openalex.org/W2404131586,2016,Tinselenidene: a Two-dimensional Auxetic Material with Ultralow Lattice Thermal Conductivity and Ultrahigh Hole Mobility,graphene_2d_materials,Materials Chemistry,19026997,19026997,0,,W2404131586,10.1038/srep19830,176,58,openalex_v3_query_core,0,,strict,2D Materials and Applications,19026997,2D Materials and Applications,2D Materials and Applications,0,2025
https://openalex.org/W2486242715,2016,Mo2C nanoparticles embedded within bacterial cellulose-derived 3D N-doped carbon nanofiber networks for efficient hydrogen evolution,graphene_2d_materials,"Renewable Energy, Sustainability and the Environment",18992146,18992146,0,,W2486242715,10.1038/am.2016.87,176,44,openalex_v3_query_core,0,,strict,Electrocatalysts for Energy Conversion,18992146,Electrocatalysts for Energy Conversion,Electrocatalysts for Energy Conversion,0,2025
https://openalex.org/W2791989211,2018,Wide Spectral Photoresponse of Layered Platinum Diselenide-Based Photodiodes,graphene_2d_materials,Materials Chemistry,19026997,19026997,0,,W2791989211,10.1021/acs.nanolett.7b05000,176,62,openalex_v3_query_core,0,,strict,2D Materials and Applications,19026997,2D Materials and Applications,2D Materials and Applications,0,2025
https://openalex.org/W2798689360,2018,Dissociation of two-dimensional excitons in monolayer WSe2,graphene_2d_materials,Materials Chemistry,19026997,19026997,0,,W2798689360,10.1038/s41467-018-03864-y,176,48,openalex_v3_query_core,0,,strict,2D Materials and Applications,19026997,2D Materials and Applications,2D Materials and Applications,0,2025
https://openalex.org/W2995715788,2020,"Particle-Hole Duality, Emergent Fermi Liquids, and Fractional Chern Insulators in Moiré Flatbands",graphene_2d_materials,"Atomic and Molecular Physics, and Optics",19095381,19095381,0,,W2995715788,10.1103/physrevlett.124.106803,176,47,openalex_v3_query_core,0,,strict,Topological Materials and Phenomena,19095381,Topological Materials and Phenomena,Topological Materials and Phenomena,0,2025
https://openalex.org/W3112310113,2020,Microstructure and domain engineering of lithium niobate crystal films for integrated photonic applications,graphene_2d_materials,Electrical and Electronic Engineering,19027263,19027263,0,,W3112310113,10.1038/s41377-020-00434-0,176,183,openalex_v3_query_core,0,,strict,Photonic and Optical Devices,19027263,Photonic and Optical Devices,Photonic and Optical Devices,0,2025
https://openalex.org/W2591606816,2017,Atomic Structure and Dynamics of Single Platinum Atom Interactions with Monolayer MoS<sub>2</sub>,graphene_2d_materials,"Renewable Energy, Sustainability and the Environment",18992146,18992146,0,,W2591606816,10.1021/acsnano.7b00796,175,43,openalex_v3_query_core,0,,strict,Electrocatalysts for Energy Conversion,18992146,Electrocatalysts for Energy Conversion,Electrocatalysts for Energy Conversion,0,2025
https://openalex.org/W2941546306,2019,Two-dimensional pnictogens: A review of recent progresses and future research directions,graphene_2d_materials,Materials Chemistry,19026997,19026997,0,,W2941546306,10.1063/1.5074087,175,349,openalex_v3_query_core,0,,strict,2D Materials and Applications,19026997,2D Materials and Applications,2D Materials and Applications,0,2025
https://openalex.org/W3105677887,2020,d-Orbital steered active sites through ligand editing on heterometal imidazole frameworks for rechargeable zinc-air battery,graphene_2d_materials,Electrical and Electronic Engineering,21343989,21343989,0,,W3105677887,10.1038/s41467-020-19709-6,175,61,openalex_v3_query_core,0,,strict,Advanced battery technologies research,21343989,Advanced battery technologies research,Advanced battery technologies research,0,2025
https://openalex.org/W4389097498,2023,Transition Metal Selenides for Supercapacitors,graphene_2d_materials,"Electronic, Optical and Magnetic Materials",19009840,19009840,0,,W4389097498,10.1002/adfm.202310399,175,193,openalex_v3_query_core,0,,strict,Supercapacitor Materials and Fabrication,19009840,Supercapacitor Materials and Fabrication,Supercapacitor Materials and Fabrication,0,2025
https://openalex.org/W4391051562,2024,Graphene oxide synthesis and applications in emerging contaminant removal: a comprehensive review,graphene_2d_materials,Biomedical Engineering,23591170,23591170,0,,W4391051562,10.1186/s12302-023-00814-4,175,188,openalex_v3_query_core,0,,strict,Graphene and Nanomaterials Applications,23591170,Graphene and Nanomaterials Applications,Graphene and Nanomaterials Applications,0,2025
https://openalex.org/W4402878318,2024,Advances in Graphene-Based Electrode for Triboelectric Nanogenerator,graphene_2d_materials,Biomedical Engineering,19043637,19043637,0,,W4402878318,10.1007/s40820-024-01530-1,175,119,openalex_v3_query_core,0,,strict,Advanced Sensor and Energy Harvesting Materials,19043637,Advanced Sensor and Energy Harvesting Materials,Advanced Sensor and Energy Harvesting Materials,0,2025
https://openalex.org/W2068782688,2015,Ferroelectrically driven spatial carrier density modulation in graphene,graphene_2d_materials,Materials Chemistry,18992804,18992804,0,,W2068782688,10.1038/ncomms7136,174,59,openalex_v3_query_core,0,,strict,Graphene research and applications,18992804,Graphene research and applications,Graphene research and applications,0,2025
https://openalex.org/W2410271337,2016,High Luminescence Efficiency in MoS<sub>2</sub> Grown by Chemical Vapor Deposition,graphene_2d_materials,Materials Chemistry,19026997,19026997,0,,W2410271337,10.1021/acsnano.6b03443,174,42,openalex_v3_query_core,0,,strict,2D Materials and Applications,19026997,2D Materials and Applications,2D Materials and Applications,0,2025
https://openalex.org/W2604381375,2017,Liquid-phase exfoliation of black phosphorus and its applications,graphene_2d_materials,Materials Chemistry,19026997,19026997,0,,W2604381375,10.1016/j.flatc.2017.03.001,174,125,openalex_v3_query_core,0,,strict,2D Materials and Applications,19026997,2D Materials and Applications,2D Materials and Applications,0,2025
https://openalex.org/W3100168340,2018,Minimizing residues and strain in 2D materials transferred from PDMS,graphene_2d_materials,Biomedical Engineering,19043637,19043637,0,,W3100168340,10.3929/ethz-b-000268517,174,60,openalex_v3_query_core,0,,strict,Advanced Sensor and Energy Harvesting Materials,19043637,Advanced Sensor and Energy Harvesting Materials,Advanced Sensor and Energy Harvesting Materials,0,2025
https://openalex.org/W3020556570,2020,Environmental Analysis with 2D Transition-Metal Dichalcogenide-Based Field-Effect Transistors,graphene_2d_materials,Materials Chemistry,19026997,19026997,0,,W3020556570,10.1007/s40820-020-00438-w,174,170,openalex_v3_query_core,0,,strict,2D Materials and Applications,19026997,2D Materials and Applications,2D Materials and Applications,0,2025
https://openalex.org/W4293792768,2022,Ultrabroad band microwave absorption from hierarchical MoO3/TiO2/Mo2TiC2Tx hybrids via annealing treatment,graphene_2d_materials,"Electronic, Optical and Magnetic Materials",21274432,21274432,0,,W4293792768,10.1007/s40145-022-0624-0,174,47,openalex_v3_query_core,0,,strict,Electromagnetic wave absorption materials,21274432,Electromagnetic wave absorption materials,Electromagnetic wave absorption materials,0,2025
https://openalex.org/W4361286323,2023,An electron-hole rich dual-site nickel catalyst for efficient photocatalytic overall water splitting,graphene_2d_materials,"Renewable Energy, Sustainability and the Environment",18992678,18992678,0,,W4361286323,10.1038/s41467-023-37358-3,174,56,openalex_v3_query_core,0,,strict,Advanced Photocatalysis Techniques,18992678,Advanced Photocatalysis Techniques,Advanced Photocatalysis Techniques,0,2025
https://openalex.org/W4378234269,2023,Construction of dual heterogeneous interface between zigzag-like Mo–MXene nanofibers and small CoNi@NC nanoparticles for electromagnetic wave absorption,graphene_2d_materials,"Electronic, Optical and Magnetic Materials",21274432,21274432,0,,W4378234269,10.26599/jac.2023.9220772,174,54,openalex_v3_query_core,0,,strict,Electromagnetic wave absorption materials,21274432,Electromagnetic wave absorption materials,Electromagnetic wave absorption materials,0,2025
https://openalex.org/W2892197168,2018,Formation of the layered conductive magnet CrCl2(pyrazine)2 through redox-active coordination chemistry,graphene_2d_materials,"Electronic, Optical and Magnetic Materials",21360634,21360634,0,,W2892197168,10.1038/s41557-018-0107-7,173,48,openalex_v3_query_core,0,,strict,Organic and Molecular Conductors Research,21360634,Organic and Molecular Conductors Research,Organic and Molecular Conductors Research,0,2025
https://openalex.org/W2954009180,2019,Self‐Limiting Galvanic Growth of MnO<sub>2</sub> Monolayers on a Liquid Metal—Applied to Photocatalysis,graphene_2d_materials,Biomedical Engineering,19043637,19043637,0,,W2954009180,10.1002/adfm.201901649,173,83,openalex_v3_query_core,0,,strict,Advanced Sensor and Energy Harvesting Materials,19043637,Advanced Sensor and Energy Harvesting Materials,Advanced Sensor and Energy Harvesting Materials,0,2025
https://openalex.org/W3161970358,2021,Strongly Coupled 2D Transition Metal Chalcogenide-MXene-Carbonaceous Nanoribbon Heterostructures with Ultrafast Ion Transport for Boosting Sodium/Potassium Ions Storage,graphene_2d_materials,Materials Chemistry,23488465,23488465,0,,W3161970358,10.1007/s40820-021-00623-5,173,43,openalex_v3_query_core,0,,strict,MXene and MAX Phase Materials,23488465,MXene and MAX Phase Materials,MXene and MAX Phase Materials,0,2025
https://openalex.org/W3167390071,2021,"Iron-based metal-organic framework: Synthesis, structure and current technologies for water reclamation with deep insight into framework integrity",graphene_2d_materials,Inorganic Chemistry,18992938,18992938,0,,W3167390071,10.1016/j.chemosphere.2021.131171,173,297,openalex_v3_query_core,0,,strict,Metal-Organic Frameworks: Synthesis and Applications,18992938,Metal-Organic Frameworks: Synthesis and Applications,Metal-Organic Frameworks: Synthesis and Applications,0,2025
https://openalex.org/W4210550149,2022,Memristive Devices Based on Two-Dimensional Transition Metal Chalcogenides for Neuromorphic Computing,graphene_2d_materials,Electrical and Electronic Engineering,19077560,19077560,0,,W4210550149,10.1007/s40820-021-00784-3,173,192,openalex_v3_query_core,0,,strict,Advanced Memory and Neural Computing,19077560,Advanced Memory and Neural Computing,Advanced Memory and Neural Computing,0,2025
https://openalex.org/W4308348827,2022,Towards hospital-on-chip supported by 2D MXenes-based 5th generation intelligent biosensors,graphene_2d_materials,Materials Chemistry,23488465,23488465,0,,W4308348827,10.1016/j.bios.2022.114847,173,164,openalex_v3_query_core,0,,strict,MXene and MAX Phase Materials,23488465,MXene and MAX Phase Materials,MXene and MAX Phase Materials,0,2025
https://openalex.org/W4366982308,2023,Hydrogen Radical-Induced Electrocatalytic N<sub>2</sub> Reduction at a Low Potential,graphene_2d_materials,Catalysis,23505229,23505229,0,,W4366982308,10.1021/jacs.3c01319,173,42,openalex_v3_query_core,0,,strict,Ammonia Synthesis and Nitrogen Reduction,23505229,Ammonia Synthesis and Nitrogen Reduction,Ammonia Synthesis and Nitrogen Reduction,0,2025
https://openalex.org/W2065692855,2015,Controlling the Metal to Semiconductor Transition of MoS<sub>2</sub> and WS<sub>2</sub> in Solution,graphene_2d_materials,Materials Chemistry,19026997,19026997,0,,W2065692855,10.1021/ja5107145,172,35,openalex_v3_query_core,0,,strict,2D Materials and Applications,19026997,2D Materials and Applications,2D Materials and Applications,0,2025
https://openalex.org/W2296152305,2016,Pressure-induced commensurate stacking of graphene on boron nitride,graphene_2d_materials,Materials Chemistry,18992804,18992804,0,,W2296152305,10.1038/ncomms13168,172,32,openalex_v3_query_core,0,,strict,Graphene research and applications,18992804,Graphene research and applications,Graphene research and applications,0,2025
https://openalex.org/W2622485201,2017,Nanoimaging of resonating hyperbolic polaritons in linear boron nitride antennas,graphene_2d_materials,Biomedical Engineering,19027259,19027259,0,,W2622485201,10.1038/ncomms15624,172,55,openalex_v3_query_core,0,,strict,Plasmonic and Surface Plasmon Research,19027259,Plasmonic and Surface Plasmon Research,Plasmonic and Surface Plasmon Research,0,2025
https://openalex.org/W2736938823,2017,"The Property, Preparation and Application of Topological Insulators: A Review",graphene_2d_materials,"Atomic and Molecular Physics, and Optics",19095381,19095381,0,,W2736938823,10.3390/ma10070814,172,300,openalex_v3_query_core,0,,strict,Topological Materials and Phenomena,19095381,Topological Materials and Phenomena,Topological Materials and Phenomena,0,2025
https://openalex.org/W2765585285,2017,Graphene-Like-Graphite as Fast-Chargeable and High-Capacity Anode Materials for Lithium Ion Batteries,graphene_2d_materials,Electrical and Electronic Engineering,18991892,18991892,0,,W2765585285,10.1038/s41598-017-14504-8,172,58,openalex_v3_query_core,0,,strict,Advancements in Battery Materials,18991892,Advancements in Battery Materials,Advancements in Battery Materials,0,2025
https://openalex.org/W2945615773,2019,Carbon doping of WS <sub>2</sub> monolayers: Bandgap reduction and p-type doping transport,graphene_2d_materials,Materials Chemistry,19026997,19026997,0,,W2945615773,10.1126/sciadv.aav5003,172,41,openalex_v3_query_core,0,,strict,2D Materials and Applications,19026997,2D Materials and Applications,2D Materials and Applications,0,2025
https://openalex.org/W2965683932,2019,Electrostatic Self-assembly of 0D–2D SnO2 Quantum Dots/Ti3C2Tx MXene Hybrids as Anode for Lithium-Ion Batteries,graphene_2d_materials,Materials Chemistry,23488465,23488465,0,,W2965683932,10.1007/s40820-019-0296-7,172,60,openalex_v3_query_core,0,,strict,MXene and MAX Phase Materials,23488465,MXene and MAX Phase Materials,MXene and MAX Phase Materials,0,2025
https://openalex.org/W3011220106,2020,Multiscale computational understanding and growth of 2D materials: a review,graphene_2d_materials,Materials Chemistry,18992804,18992804,0,,W3011220106,10.1038/s41524-020-0280-2,172,222,openalex_v3_query_core,0,,strict,Graphene research and applications,18992804,Graphene research and applications,Graphene research and applications,0,2025
https://openalex.org/W4288049223,2022,Deciphering the lithium storage chemistry in flexible carbon fiber‐based self‐supportive electrodes,graphene_2d_materials,Electrical and Electronic Engineering,18991892,18991892,0,,W4288049223,10.1002/cey2.173,172,73,openalex_v3_query_core,0,,strict,Advancements in Battery Materials,18991892,Advancements in Battery Materials,Advancements in Battery Materials,0,2025
https://openalex.org/W4388945237,2023,From VIB- to VB-Group Transition Metal Disulfides: Structure Engineering Modulation for Superior Electromagnetic Wave Absorption,graphene_2d_materials,Materials Chemistry,19026997,19026997,0,,W4388945237,10.1007/s40820-023-01247-7,172,141,openalex_v3_query_core,0,,strict,2D Materials and Applications,19026997,2D Materials and Applications,2D Materials and Applications,0,2025
https://openalex.org/W2140395632,2014,Enhanced Tunnel Spin Injection into Graphene using Chemical Vapor Deposited Hexagonal Boron Nitride,graphene_2d_materials,Materials Chemistry,18992804,18992804,0,,W2140395632,10.1038/srep06146,171,56,openalex_v3_query_core,0,,strict,Graphene research and applications,18992804,Graphene research and applications,Graphene research and applications,0,2025
https://openalex.org/W2174354114,2015,Van der Waals Epitaxy of Two-Dimensional MoS<sub>2</sub>–Graphene Heterostructures in Ultrahigh Vacuum,graphene_2d_materials,Materials Chemistry,19026997,19026997,0,,W2174354114,10.1021/acsnano.5b02345,171,55,openalex_v3_query_core,0,,strict,2D Materials and Applications,19026997,2D Materials and Applications,2D Materials and Applications,0,2025
https://openalex.org/W2508045233,2016,Progress in pulsed laser deposited two-dimensional layered materials for device applications,graphene_2d_materials,Materials Chemistry,19026997,19026997,0,,W2508045233,10.1039/c6tc01602b,171,155,openalex_v3_query_core,0,,strict,2D Materials and Applications,19026997,2D Materials and Applications,2D Materials and Applications,0,2025
https://openalex.org/W2887735297,2018,"Progress in Contact, Doping and Mobility Engineering of MoS2: An Atomically Thin 2D Semiconductor",graphene_2d_materials,Materials Chemistry,19026997,19026997,0,,W2887735297,10.3390/cryst8080316,171,454,openalex_v3_query_core,0,,strict,2D Materials and Applications,19026997,2D Materials and Applications,2D Materials and Applications,0,2025
https://openalex.org/W3105103637,2019,Interlayer hybridization and moiré superlattice minibands for electrons and excitons in heterobilayers of transition-metal dichalcogenides,graphene_2d_materials,Materials Chemistry,19026997,19026997,0,,W3105103637,10.1103/physrevb.99.125424,171,73,openalex_v3_query_core,0,,strict,2D Materials and Applications,19026997,2D Materials and Applications,2D Materials and Applications,0,2025
https://openalex.org/W3016705891,2020,Spintronics in Two-Dimensional Materials,graphene_2d_materials,Materials Chemistry,19026997,19026997,0,,W3016705891,10.1007/s40820-020-00424-2,171,222,openalex_v3_query_core,0,,strict,2D Materials and Applications,19026997,2D Materials and Applications,2D Materials and Applications,0,2025
https://openalex.org/W3023810563,2020,Recent Advances in Strain-Induced Piezoelectric and Piezoresistive Effect-Engineered 2D Semiconductors for Adaptive Electronics and Optoelectronics,graphene_2d_materials,Materials Chemistry,19026997,19026997,0,,W3023810563,10.1007/s40820-020-00439-9,171,242,openalex_v3_query_core,0,,strict,2D Materials and Applications,19026997,2D Materials and Applications,2D Materials and Applications,0,2025
https://openalex.org/W3165993725,2020,Position-controlled quantum emitters with reproducible emission wavelength in hexagonal boron nitride,graphene_2d_materials,Materials Chemistry,19061322,19061322,0,,W3165993725,,171,43,openalex_v3_query_core,0,,strict,Diamond and Carbon-based Materials Research,19061322,Diamond and Carbon-based Materials Research,Diamond and Carbon-based Materials Research,0,2025
https://openalex.org/W3128334655,2021,Ferroelectric-tuned van der Waals heterojunction with band alignment evolution,graphene_2d_materials,Materials Chemistry,19026997,19026997,0,,W3128334655,10.1038/s41467-021-24296-1,171,59,openalex_v3_query_core,0,,strict,2D Materials and Applications,19026997,2D Materials and Applications,2D Materials and Applications,0,2025
https://openalex.org/W4224296999,2022,Recent progress of quantum dots for energy storage applications,graphene_2d_materials,"Electronic, Optical and Magnetic Materials",19009840,19009840,0,,W4224296999,10.1007/s43979-022-00002-y,171,154,openalex_v3_query_core,0,,strict,Supercapacitor Materials and Fabrication,19009840,Supercapacitor Materials and Fabrication,Supercapacitor Materials and Fabrication,0,2025
https://openalex.org/W2212652370,2015,Tuning magnetotransport in a compensated semimetal at the atomic scale,graphene_2d_materials,Materials Chemistry,19026997,19026997,0,,W2212652370,10.1038/ncomms9892,170,52,openalex_v3_query_core,0,,strict,2D Materials and Applications,19026997,2D Materials and Applications,2D Materials and Applications,0,2025
https://openalex.org/W3158954395,2021,Efficient photocatalytic hydrogen peroxide generation coupled with selective benzylamine oxidation over defective ZrS3 nanobelts,graphene_2d_materials,"Renewable Energy, Sustainability and the Environment",18992678,18992678,0,,W3158954395,10.1038/s41467-021-22394-8,170,69,openalex_v3_query_core,0,,strict,Advanced Photocatalysis Techniques,18992678,Advanced Photocatalysis Techniques,Advanced Photocatalysis Techniques,0,2025
https://openalex.org/W4310364782,2022,Optical synaptic devices with ultra-low power consumption for neuromorphic computing,graphene_2d_materials,Electrical and Electronic Engineering,19077560,19077560,0,,W4310364782,10.1038/s41377-022-01031-z,170,48,openalex_v3_query_core,0,,strict,Advanced Memory and Neural Computing,19077560,Advanced Memory and Neural Computing,Advanced Memory and Neural Computing,0,2025
https://openalex.org/W1979051712,2014,Agx@WO3 core-shell nanostructure for LSP enhanced chemical sensors,graphene_2d_materials,Electrical and Electronic Engineering,19061184,19061184,0,,W1979051712,10.1038/srep06745,169,34,openalex_v3_query_core,0,,strict,Gas Sensing Nanomaterials and Sensors,19061184,Gas Sensing Nanomaterials and Sensors,Gas Sensing Nanomaterials and Sensors,0,2025
https://openalex.org/W2906632669,2018,Survey of ab initio phonon thermal transport,graphene_2d_materials,Materials Chemistry,21275090,21275090,0,,W2906632669,10.1016/j.mtphys.2018.11.008,169,294,openalex_v3_query_core,0,,strict,Thermal properties of materials,21275090,Thermal properties of materials,Thermal properties of materials,0,2025
https://openalex.org/W3094819936,2018,Hydrophobic multiscale cavities for high‐performance and self‐cleaning surface‐enhanced Raman spectroscopy (SERS) sensing,graphene_2d_materials,"Electronic, Optical and Magnetic Materials",19009308,19009308,0,,W3094819936,10.1515/nanoph-2020-0454,169,44,openalex_v3_query_core,0,,strict,Gold and Silver Nanoparticles Synthesis and Applications,19009308,Gold and Silver Nanoparticles Synthesis and Applications,Gold and Silver Nanoparticles Synthesis and Applications,0,2025
https://openalex.org/W2901173669,2019,Radiation tolerance of two-dimensional material-based devices for space applications,graphene_2d_materials,Materials Chemistry,19026997,19026997,0,,W2901173669,10.1038/s41467-019-09219-5,169,76,openalex_v3_query_core,0,,strict,2D Materials and Applications,19026997,2D Materials and Applications,2D Materials and Applications,0,2025
https://openalex.org/W2943423222,2019,Polariton nanophotonics using phase-change materials,graphene_2d_materials,Biomedical Engineering,19027259,19027259,0,,W2943423222,10.1038/s41467-019-12439-4,169,41,openalex_v3_query_core,0,,strict,Plasmonic and Surface Plasmon Research,19027259,Plasmonic and Surface Plasmon Research,Plasmonic and Surface Plasmon Research,0,2025
https://openalex.org/W3129875123,2021,Giant nonlinear optical activity in two-dimensional palladium diselenide,graphene_2d_materials,Biomedical Engineering,21361027,21361027,0,,W3129875123,10.1038/s41467-021-21267-4,169,64,openalex_v3_query_core,0,,strict,Nonlinear Optical Materials Studies,21361027,Nonlinear Optical Materials Studies,Nonlinear Optical Materials Studies,0,2025
https://openalex.org/W3167167096,2021,High-performance polarization-sensitive photodetectors on two-dimensional <i>β</i>-InSe,graphene_2d_materials,Materials Chemistry,19026997,19026997,0,,W3167167096,10.1093/nsr/nwab098,169,49,openalex_v3_query_core,0,,strict,2D Materials and Applications,19026997,2D Materials and Applications,2D Materials and Applications,0,2025
https://openalex.org/W4281723825,2022,Overview of MXene/conducting polymer composites for supercapacitors,graphene_2d_materials,Materials Chemistry,23488465,23488465,0,,W4281723825,10.1016/j.est.2022.105008,169,295,openalex_v3_query_core,0,,strict,MXene and MAX Phase Materials,23488465,MXene and MAX Phase Materials,MXene and MAX Phase Materials,0,2025
https://openalex.org/W4387093619,2023,Quantum states and intertwining phases in kagome materials,graphene_2d_materials,Condensed Matter Physics,21343860,21343860,0,,W4387093619,10.1038/s42254-023-00635-7,169,337,openalex_v3_query_core,0,,strict,Advanced Condensed Matter Physics,21343860,Advanced Condensed Matter Physics,Advanced Condensed Matter Physics,0,2025
https://openalex.org/W2409034986,2016,Origin and Magnitude of ‘Designer’ Spin-Orbit Interaction in Graphene on Semiconducting Transition Metal Dichalcogenides,graphene_2d_materials,"Atomic and Molecular Physics, and Optics",19095381,19095381,0,,W2409034986,10.1103/physrevx.6.041020,168,59,openalex_v3_query_core,0,,strict,Topological Materials and Phenomena,19095381,Topological Materials and Phenomena,Topological Materials and Phenomena,0,2025
https://openalex.org/W2470871172,2016,Novel Colloidal MoS2 Quantum Dot Heterojunctions on Silicon Platforms for Multifunctional Optoelectronic Devices,graphene_2d_materials,Materials Chemistry,19026997,19026997,0,,W2470871172,10.1038/srep29016,168,59,openalex_v3_query_core,0,,strict,2D Materials and Applications,19026997,2D Materials and Applications,2D Materials and Applications,0,2025
https://openalex.org/W2547199398,2016,"Resistive Switching in All-Printed, Flexible and Hybrid MoS2-PVA Nanocomposite based Memristive Device Fabricated by Reverse Offset",graphene_2d_materials,Electrical and Electronic Engineering,19077560,19077560,0,,W2547199398,10.1038/srep36195,168,48,openalex_v3_query_core,0,,strict,Advanced Memory and Neural Computing,19077560,Advanced Memory and Neural Computing,Advanced Memory and Neural Computing,0,2025
https://openalex.org/W4214843102,2022,Machine learning in scanning transmission electron microscopy,graphene_2d_materials,Structural Biology,19129703,19129703,0,,W4214843102,10.1038/s43586-022-00095-w,168,381,openalex_v3_query_core,0,,strict,Advanced Electron Microscopy Techniques and Applications,19129703,Advanced Electron Microscopy Techniques and Applications,Advanced Electron Microscopy Techniques and Applications,0,2025
https://openalex.org/W2921321413,2019,Electrochemical conversion of methane to ethylene in a solid oxide electrolyzer,graphene_2d_materials,Materials Chemistry,19010095,19010095,0,,W2921321413,10.1038/s41467-019-09083-3,167,31,openalex_v3_query_core,0,,strict,Catalytic Processes in Materials Science,19010095,Catalytic Processes in Materials Science,Catalytic Processes in Materials Science,0,2025
https://openalex.org/W4391809284,2024,A 2D ferroelectric vortex pattern in twisted BaTiO3 freestanding layers,graphene_2d_materials,Materials Chemistry,19008921,19008921,0,,W4391809284,10.1038/s41586-023-06978-6,167,86,openalex_v3_query_core,0,,strict,Ferroelectric and Piezoelectric Materials,19008921,Ferroelectric and Piezoelectric Materials,Ferroelectric and Piezoelectric Materials,0,2025
https://openalex.org/W1963755685,2014,Photodiode-Like Behavior and Excellent Photoresponse of Vertical Si/Monolayer MoS2 Heterostructures,graphene_2d_materials,Materials Chemistry,19026997,19026997,0,,W1963755685,10.1038/srep07186,166,48,openalex_v3_query_core,0,,strict,2D Materials and Applications,19026997,2D Materials and Applications,2D Materials and Applications,0,2025
https://openalex.org/W2963521873,2015,Fully dry PMMA transfer of graphene on <i>h</i> -BN using a heating/cooling system,graphene_2d_materials,Materials Chemistry,18992804,18992804,0,,W2963521873,10.1088/2053-1583/2/4/041002,166,48,openalex_v3_query_core,0,,strict,Graphene research and applications,18992804,Graphene research and applications,Graphene research and applications,0,2025
https://openalex.org/W2945911460,2019,Recent Progress in 2D Layered III–VI Semiconductors and their Heterostructures for Optoelectronic Device Applications,graphene_2d_materials,Materials Chemistry,19026997,19026997,0,,W2945911460,10.1002/admt.201900108,166,168,openalex_v3_query_core,0,,strict,2D Materials and Applications,19026997,2D Materials and Applications,2D Materials and Applications,0,2025
https://openalex.org/W3084643200,2020,The 2021 quantum materials roadmap,graphene_2d_materials,Materials Chemistry,23574796,23574796,0,,W3084643200,10.1088/2515-7639/abb74e,166,297,openalex_v3_query_core,0,,strict,Electronic and Structural Properties of Oxides,23574796,Electronic and Structural Properties of Oxides,Electronic and Structural Properties of Oxides,0,2025
https://openalex.org/W4386252884,2023,MOF‐Based Photocatalytic Membrane for Water Purification: A Review,graphene_2d_materials,"Renewable Energy, Sustainability and the Environment",18992678,18992678,0,,W4386252884,10.1002/smll.202305066,166,191,openalex_v3_query_core,0,,strict,Advanced Photocatalysis Techniques,18992678,Advanced Photocatalysis Techniques,Advanced Photocatalysis Techniques,0,2025
https://openalex.org/W4390589913,2024,Decade Milestone Advancement of Defect-Engineered g-C3N4 for Solar Catalytic Applications,graphene_2d_materials,"Renewable Energy, Sustainability and the Environment",18992678,18992678,0,,W4390589913,10.1007/s40820-023-01297-x,166,302,openalex_v3_query_core,0,,strict,Advanced Photocatalysis Techniques,18992678,Advanced Photocatalysis Techniques,Advanced Photocatalysis Techniques,0,2025
https://openalex.org/W1770697966,2015,Highly Crystalline CVD-grown Multilayer MoSe2 Thin Film Transistor for Fast Photodetector,graphene_2d_materials,Materials Chemistry,19026997,19026997,0,,W1770697966,10.1038/srep15313,165,44,openalex_v3_query_core,0,,strict,2D Materials and Applications,19026997,2D Materials and Applications,2D Materials and Applications,0,2025
https://openalex.org/W2984062596,2019,PtTe<sub>2</sub>‐Based Type‐II Dirac Semimetal and Its van der Waals Heterostructure for Sensitive Room Temperature Terahertz Photodetection,graphene_2d_materials,Materials Chemistry,19026997,19026997,0,,W2984062596,10.1002/smll.201903362,165,43,openalex_v3_query_core,0,,strict,2D Materials and Applications,19026997,2D Materials and Applications,2D Materials and Applications,0,2025
https://openalex.org/W3028335507,2020,Continuously controllable photoconductance in freestanding BiFeO3 by the macroscopic flexoelectric effect,graphene_2d_materials,"Electronic, Optical and Magnetic Materials",19130095,19130095,0,,W3028335507,10.1038/s41467-020-16465-5,165,50,openalex_v3_query_core,0,,strict,Multiferroics and related materials,19130095,Multiferroics and related materials,Multiferroics and related materials,0,2025
https://openalex.org/W3028796582,2020,Physical properties of 2D MXenes: from a theoretical perspective,graphene_2d_materials,Materials Chemistry,23488465,23488465,0,,W3028796582,10.1088/2515-7639/ab97ee,165,209,openalex_v3_query_core,0,,strict,MXene and MAX Phase Materials,23488465,MXene and MAX Phase Materials,MXene and MAX Phase Materials,0,2025
https://openalex.org/W3035639404,2020,Opportunities and Challenges in Twisted Bilayer Graphene: A Review,graphene_2d_materials,Materials Chemistry,18992804,18992804,0,,W3035639404,10.1007/s40820-020-00464-8,165,175,openalex_v3_query_core,0,,strict,Graphene research and applications,18992804,Graphene research and applications,Graphene research and applications,0,2025
https://openalex.org/W3080488663,2020,Concepts of the half-valley-metal and quantum anomalous valley Hall effect,graphene_2d_materials,Materials Chemistry,19026997,19026997,0,,W3080488663,10.1038/s41524-020-00397-1,165,59,openalex_v3_query_core,0,,strict,2D Materials and Applications,19026997,2D Materials and Applications,2D Materials and Applications,0,2025
https://openalex.org/W3096372094,2020,Direct measurements of interfacial adhesion in 2D materials and van der Waals heterostructures in ambient air,graphene_2d_materials,Materials Chemistry,18992804,18992804,0,,W3096372094,10.1038/s41467-020-19411-7,165,51,openalex_v3_query_core,0,,strict,Graphene research and applications,18992804,Graphene research and applications,Graphene research and applications,0,2025
https://openalex.org/W3155346726,2021,Hetero-site nucleation for growing twisted bilayer graphene with a wide range of twist angles,graphene_2d_materials,Materials Chemistry,18992804,18992804,0,,W3155346726,10.1038/s41467-021-22533-1,165,56,openalex_v3_query_core,0,,strict,Graphene research and applications,18992804,Graphene research and applications,Graphene research and applications,0,2025
https://openalex.org/W3212534498,2021,A Comprehensive Review on Recent Advances in Two-Dimensional (2D) Hexagonal Boron Nitride,graphene_2d_materials,Materials Chemistry,18992804,18992804,0,,W3212534498,10.1021/acsaelm.1c00720,165,182,openalex_v3_query_core,0,,strict,Graphene research and applications,18992804,Graphene research and applications,Graphene research and applications,0,2025
https://openalex.org/W4200338087,2021,A Mo5N6 electrocatalyst for efficient Na2S electrodeposition in room-temperature sodium-sulfur batteries,graphene_2d_materials,Electrical and Electronic Engineering,19027124,19027124,0,,W4200338087,10.1038/s41467-021-27551-7,165,71,openalex_v3_query_core,0,,strict,Advanced Battery Materials and Technologies,19027124,Advanced Battery Materials and Technologies,Advanced Battery Materials and Technologies,0,2025
https://openalex.org/W4388211534,2023,Diverse Structural Design Strategies of MXene-Based Macrostructure for High-Performance Electromagnetic Interference Shielding,graphene_2d_materials,"Electronic, Optical and Magnetic Materials",21274432,21274432,0,,W4388211534,10.1007/s40820-023-01203-5,165,127,openalex_v3_query_core,0,,strict,Electromagnetic wave absorption materials,21274432,Electromagnetic wave absorption materials,Electromagnetic wave absorption materials,0,2025
https://openalex.org/W4391450229,2024,Supercapacitors: An Efficient Way for Energy Storage Application,graphene_2d_materials,"Electronic, Optical and Magnetic Materials",19009840,19009840,0,,W4391450229,10.3390/ma17030702,165,202,openalex_v3_query_core,0,,strict,Supercapacitor Materials and Fabrication,19009840,Supercapacitor Materials and Fabrication,Supercapacitor Materials and Fabrication,0,2025
https://openalex.org/W2292019154,2015,One-step Synthesis of Few-layer WS2 by Pulsed Laser Deposition,graphene_2d_materials,Materials Chemistry,19026997,19026997,0,,W2292019154,10.1038/srep18116,164,38,openalex_v3_query_core,0,,strict,2D Materials and Applications,19026997,2D Materials and Applications,2D Materials and Applications,0,2025
https://openalex.org/W2803953690,2018,Large quantum-spin-Hall gap in single-layer 1T′ WSe2,graphene_2d_materials,"Atomic and Molecular Physics, and Optics",19095381,19095381,0,,W2803953690,10.1038/s41467-018-04395-2,164,43,openalex_v3_query_core,0,,strict,Topological Materials and Phenomena,19095381,Topological Materials and Phenomena,Topological Materials and Phenomena,0,2025
https://openalex.org/W2903284152,2018,Active learning for accelerated design of layered materials,graphene_2d_materials,Materials Chemistry,21394825,21394825,0,,W2903284152,10.1038/s41524-018-0129-0,164,52,openalex_v3_query_core,0,,strict,Machine Learning in Materials Science,21394825,Machine Learning in Materials Science,Machine Learning in Materials Science,0,2025
https://openalex.org/W2799102586,2019,Magnetic-field-dependent quantum emission in hexagonal boron nitride at room temperature,graphene_2d_materials,Materials Chemistry,18992804,18992804,0,,W2799102586,10.1038/s41467-018-08185-8,164,51,openalex_v3_query_core,0,,strict,Graphene research and applications,18992804,Graphene research and applications,Graphene research and applications,0,2025
https://openalex.org/W3041604728,2020,Strain and Charge Doping Fingerprints of the Strong Interaction between Monolayer MoS<sub>2</sub> and Gold,graphene_2d_materials,Materials Chemistry,19026997,19026997,0,,W3041604728,10.1021/acs.jpclett.0c01287,164,37,openalex_v3_query_core,0,,strict,2D Materials and Applications,19026997,2D Materials and Applications,2D Materials and Applications,0,2025
https://openalex.org/W3043475651,2020,Nanoelectromechanical Sensors Based on Suspended 2D Materials,graphene_2d_materials,"Atomic and Molecular Physics, and Optics",21309021,21309021,0,,W3043475651,10.34133/2020/8748602,164,260,openalex_v3_query_core,0,,strict,Mechanical and Optical Resonators,21309021,Mechanical and Optical Resonators,Mechanical and Optical Resonators,0,2025
https://openalex.org/W2141218672,2013,Review of 3D topological insulator thin‐film growth by molecular beam epitaxy and potential applications,graphene_2d_materials,"Atomic and Molecular Physics, and Optics",19095381,19095381,0,,W2141218672,10.1002/pssr.201307003,163,95,openalex_v3_query_core,0,,strict,Topological Materials and Phenomena,19095381,Topological Materials and Phenomena,Topological Materials and Phenomena,0,2025
https://openalex.org/W2883746998,2018,Synthesis of hexagonal boron nitride heterostructures for 2D van der Waals electronics,graphene_2d_materials,Materials Chemistry,18992804,18992804,0,,W2883746998,10.1039/c8cs00450a,163,221,openalex_v3_query_core,0,,strict,Graphene research and applications,18992804,Graphene research and applications,Graphene research and applications,0,2025
https://openalex.org/W2996105890,2019,Unsaturated Single Atoms on Monolayer Transition Metal Dichalcogenides for Ultrafast Hydrogen Evolution,graphene_2d_materials,"Renewable Energy, Sustainability and the Environment",18992146,18992146,0,,W2996105890,10.1021/acsnano.9b07763,163,80,openalex_v3_query_core,0,,strict,Electrocatalysts for Energy Conversion,18992146,Electrocatalysts for Energy Conversion,Electrocatalysts for Energy Conversion,0,2025
https://openalex.org/W3000090925,2020,van der Waals Heterojunction between a Bottom-Up Grown Doped Graphene Quantum Dot and Graphene for Photoelectrochemical Water Splitting,graphene_2d_materials,"Renewable Energy, Sustainability and the Environment",18992678,18992678,0,,W3000090925,10.1021/acsnano.9b09554,163,55,openalex_v3_query_core,0,,strict,Advanced Photocatalysis Techniques,18992678,Advanced Photocatalysis Techniques,Advanced Photocatalysis Techniques,0,2025
https://openalex.org/W3094110538,2020,"Past, Present and Future Perspectives on Halloysite Clay Minerals",graphene_2d_materials,Biomaterials,21377789,21377789,0,,W3094110538,10.3390/molecules25204863,163,187,openalex_v3_query_core,0,,strict,Clay minerals and soil interactions,21377789,Clay minerals and soil interactions,Clay minerals and soil interactions,0,2025
https://openalex.org/W3096611267,2020,Engineered two-dimensional nanomaterials: an emerging paradigm for water purification and monitoring,graphene_2d_materials,Electrical and Electronic Engineering,19061184,19061184,0,,W3096611267,10.1039/d0mh01358g,163,606,openalex_v3_query_core,0,,strict,Gas Sensing Nanomaterials and Sensors,19061184,Gas Sensing Nanomaterials and Sensors,Gas Sensing Nanomaterials and Sensors,0,2025
https://openalex.org/W3119231187,2021,Laser Synthesis and Microfabrication of Micro/Nanostructured Materials Toward Energy Conversion and Storage,graphene_2d_materials,Biomedical Engineering,25770743,25770743,0,,W3119231187,10.1007/s40820-020-00577-0,163,244,openalex_v3_query_core,0,,strict,Laser-Ablation Synthesis of Nanoparticles,25770743,Laser-Ablation Synthesis of Nanoparticles,Laser-Ablation Synthesis of Nanoparticles,0,2025
https://openalex.org/W3170157348,2021,Highly sensitive active pixel image sensor array driven by large-area bilayer MoS2 transistor circuitry,graphene_2d_materials,Materials Chemistry,19026997,19026997,0,,W3170157348,10.1038/s41467-021-23711-x,163,72,openalex_v3_query_core,0,,strict,2D Materials and Applications,19026997,2D Materials and Applications,2D Materials and Applications,0,2025
https://openalex.org/W4322726823,2023,Electronic/Optoelectronic Memory Device Enabled by Tellurium‐based 2D van der Waals Heterostructure for in‐Sensor Reservoir Computing at the Optical Communication Band,graphene_2d_materials,Artificial Intelligence,23591033,23591033,0,,W4322726823,10.1002/adma.202211598,163,57,openalex_v3_query_core,0,,strict,Neural Networks and Reservoir Computing,23591033,Neural Networks and Reservoir Computing,Neural Networks and Reservoir Computing,0,2025
https://openalex.org/W4324308108,2023,Recent Advances and Perspectives of Lewis Acidic Etching Route: An Emerging Preparation Strategy for MXenes,graphene_2d_materials,Materials Chemistry,23488465,23488465,0,,W4324308108,10.1007/s40820-023-01039-z,163,251,openalex_v3_query_core,0,,strict,MXene and MAX Phase Materials,23488465,MXene and MAX Phase Materials,MXene and MAX Phase Materials,0,2025
https://openalex.org/W4386630186,2023,Bio‐Inspired Supramolecular Self‐Assembled Carbon Nitride Nanostructures for Photocatalytic Water Splitting,graphene_2d_materials,"Renewable Energy, Sustainability and the Environment",18992678,18992678,0,,W4386630186,10.1002/adma.202306895,163,227,openalex_v3_query_core,0,,strict,Advanced Photocatalysis Techniques,18992678,Advanced Photocatalysis Techniques,Advanced Photocatalysis Techniques,0,2025
https://openalex.org/W2171493957,2014,Carbon nanotubes and graphene towards soft electronics,graphene_2d_materials,Materials Chemistry,18992804,18992804,0,,W2171493957,10.1186/s40580-014-0015-5,162,258,openalex_v3_query_core,0,,strict,Graphene research and applications,18992804,Graphene research and applications,Graphene research and applications,0,2025
https://openalex.org/W2193357042,2016,Raman Studies of Carbon Nanostructures,graphene_2d_materials,Materials Chemistry,18992674,18992674,0,,W2193357042,10.1146/annurev-matsci-070115-032140,162,137,openalex_v3_query_core,0,,strict,Carbon Nanotubes in Composites,18992674,Carbon Nanotubes in Composites,Carbon Nanotubes in Composites,0,2025
https://openalex.org/W2261536002,2016,Application of 2D Non-Graphene Materials and 2D Oxide Nanostructures for Biosensing Technology,graphene_2d_materials,Materials Chemistry,18992804,18992804,0,,W2261536002,10.3390/s16020223,162,105,openalex_v3_query_core,0,,strict,Graphene research and applications,18992804,Graphene research and applications,Graphene research and applications,0,2025
https://openalex.org/W2759269994,2018,Indirect excitons in van der Waals heterostructures at room temperature,graphene_2d_materials,Materials Chemistry,19026997,19026997,0,,W2759269994,10.1038/s41467-018-04293-7,162,35,openalex_v3_query_core,0,,strict,2D Materials and Applications,19026997,2D Materials and Applications,2D Materials and Applications,0,2025
https://openalex.org/W2788128145,2018,Coulomb-bound four- and five-particle intervalley states in an atomically-thin semiconductor,graphene_2d_materials,Materials Chemistry,19026997,19026997,0,,W2788128145,10.1038/s41467-018-05558-x,162,42,openalex_v3_query_core,0,,strict,2D Materials and Applications,19026997,2D Materials and Applications,2D Materials and Applications,0,2025
https://openalex.org/W2902048288,2018,Self-limited single nanowire systems combining all-in-one memristive and neuromorphic functionalities,graphene_2d_materials,Electrical and Electronic Engineering,19077560,19077560,0,,W2902048288,10.1038/s41467-018-07330-7,162,47,openalex_v3_query_core,0,,strict,Advanced Memory and Neural Computing,19077560,Advanced Memory and Neural Computing,Advanced Memory and Neural Computing,0,2025
https://openalex.org/W2943208058,2019,"Real-time optical and electronic sensing with a β-amino enone linked, triazine-containing 2D covalent organic framework",graphene_2d_materials,Materials Chemistry,23488336,23488336,0,,W2943208058,10.1038/s41467-019-11264-z,162,43,openalex_v3_query_core,0,,strict,Covalent Organic Framework Applications,23488336,Covalent Organic Framework Applications,Covalent Organic Framework Applications,0,2025
https://openalex.org/W3035615680,2020,Oxidation-boosted charge trapping in ultra-sensitive van der Waals materials for artificial synaptic features,graphene_2d_materials,Electrical and Electronic Engineering,19077560,19077560,0,,W3035615680,10.1038/s41467-020-16766-9,162,71,openalex_v3_query_core,0,,strict,Advanced Memory and Neural Computing,19077560,Advanced Memory and Neural Computing,Advanced Memory and Neural Computing,0,2025
https://openalex.org/W3090845526,2020,Doping of Graphitic Carbon Nitride with Non-Metal Elements and Its Applications in Photocatalysis,graphene_2d_materials,"Renewable Energy, Sustainability and the Environment",18992678,18992678,0,,W3090845526,10.3390/catal10101119,162,154,openalex_v3_query_core,0,,strict,Advanced Photocatalysis Techniques,18992678,Advanced Photocatalysis Techniques,Advanced Photocatalysis Techniques,0,2025
https://openalex.org/W3101499629,2020,Twist-angle dependence of moiré excitons in WS2/MoSe2 heterobilayers,graphene_2d_materials,Materials Chemistry,19026997,19026997,0,,W3101499629,10.1038/s41467-020-19466-6,162,63,openalex_v3_query_core,0,,strict,2D Materials and Applications,19026997,2D Materials and Applications,2D Materials and Applications,0,2025
https://openalex.org/W4206355381,2022,Spin mapping of intralayer antiferromagnetism and field-induced spin reorientation in monolayer CrTe2,graphene_2d_materials,Materials Chemistry,19026997,19026997,0,,W4206355381,10.1038/s41467-021-27834-z,162,57,openalex_v3_query_core,0,,strict,2D Materials and Applications,19026997,2D Materials and Applications,2D Materials and Applications,0,2025
https://openalex.org/W4210559744,2022,Manipulation of current rectification in van der Waals ferroionic CuInP2S6,graphene_2d_materials,Electrical and Electronic Engineering,19077560,19077560,0,,W4210559744,10.1038/s41467-022-28235-6,162,46,openalex_v3_query_core,0,,strict,Advanced Memory and Neural Computing,19077560,Advanced Memory and Neural Computing,Advanced Memory and Neural Computing,0,2025
https://openalex.org/W4360600946,2023,Ferroelectrically Modulated and Enhanced Photoresponse in a Self-Powered α-In<sub>2</sub>Se<sub>3</sub>/Si Heterojunction Photodetector,graphene_2d_materials,Materials Chemistry,19026997,19026997,0,,W4360600946,10.1021/acsnano.2c11925,162,57,openalex_v3_query_core,0,,strict,2D Materials and Applications,19026997,2D Materials and Applications,2D Materials and Applications,0,2025
https://openalex.org/W4391481015,2024,g-C3N4-based S-scheme heterojunction photocatalysts,graphene_2d_materials,"Renewable Energy, Sustainability and the Environment",18992678,18992678,0,,W4391481015,10.1007/s40843-023-2755-2,162,181,openalex_v3_query_core,0,,strict,Advanced Photocatalysis Techniques,18992678,Advanced Photocatalysis Techniques,Advanced Photocatalysis Techniques,0,2025
https://openalex.org/W4396558260,2024,Transistor engineering based on 2D materials in the post-silicon era,graphene_2d_materials,Materials Chemistry,18992804,18992804,0,,W4396558260,10.1038/s44287-024-00045-6,162,144,openalex_v3_query_core,0,,strict,Graphene research and applications,18992804,Graphene research and applications,Graphene research and applications,0,2025
https://openalex.org/W2044859437,2014,Dielectric Screening in Atomically Thin Boron Nitride Nanosheets,graphene_2d_materials,Materials Chemistry,18992804,18992804,0,,W2044859437,10.1021/nl503411a,161,29,openalex_v3_query_core,0,,strict,Graphene research and applications,18992804,Graphene research and applications,Graphene research and applications,0,2025
https://openalex.org/W1442868788,2015,Passively mode-locked fiber laser by a cell-type WS2 nanosheets saturable absorber,graphene_2d_materials,"Atomic and Molecular Physics, and Optics",19147258,19147258,0,,W1442868788,10.1038/srep12587,161,63,openalex_v3_query_core,0,,strict,Advanced Fiber Laser Technologies,19147258,Advanced Fiber Laser Technologies,Advanced Fiber Laser Technologies,0,2025
https://openalex.org/W1579724179,2015,Landau levels and magneto-transport property of monolayer phosphorene,graphene_2d_materials,Materials Chemistry,19026997,19026997,0,,W1579724179,10.1038/srep12295,161,31,openalex_v3_query_core,0,,strict,2D Materials and Applications,19026997,2D Materials and Applications,2D Materials and Applications,0,2025
https://openalex.org/W1869913168,2015,Electric-field-induced strong enhancement of electroluminescence in multilayer molybdenum disulfide,graphene_2d_materials,Materials Chemistry,19026997,19026997,0,,W1869913168,10.1038/ncomms8509,161,71,openalex_v3_query_core,0,,strict,2D Materials and Applications,19026997,2D Materials and Applications,2D Materials and Applications,0,2025
https://openalex.org/W2620528629,2017,"Few-atomic-layered hexagonal boron nitride: CVD growth, characterization, and applications",graphene_2d_materials,Materials Chemistry,18992804,18992804,0,,W2620528629,10.1016/j.mattod.2017.04.027,161,262,openalex_v3_query_core,0,,strict,Graphene research and applications,18992804,Graphene research and applications,Graphene research and applications,0,2025
https://openalex.org/W2912392213,2019,Graphene-Based Nanocomposites for Neural Tissue Engineering,graphene_2d_materials,Biomedical Engineering,23591170,23591170,0,,W2912392213,10.3390/molecules24040658,161,79,openalex_v3_query_core,0,,strict,Graphene and Nanomaterials Applications,23591170,Graphene and Nanomaterials Applications,Graphene and Nanomaterials Applications,0,2025
https://openalex.org/W3157757218,2021,Hot carriers in graphene – fundamentals and applications,graphene_2d_materials,Materials Chemistry,18992804,18992804,0,,W3157757218,10.1039/d0nr09166a,161,328,openalex_v3_query_core,0,,strict,Graphene research and applications,18992804,Graphene research and applications,Graphene research and applications,0,2025
https://openalex.org/W3158204226,2021,"The Role of Dimensionality on the Optoelectronic Properties of Oxide and Halide Perovskites, and their Halide Derivatives",graphene_2d_materials,Electrical and Electronic Engineering,19026606,19026606,0,,W3158204226,10.1002/aenm.202100499,161,456,openalex_v3_query_core,0,,strict,Perovskite Materials and Applications,19026606,Perovskite Materials and Applications,Perovskite Materials and Applications,0,2025
https://openalex.org/W4224270376,2022,Chip-integrated van der Waals PN heterojunction photodetector with low dark current and high responsivity,graphene_2d_materials,Electrical and Electronic Engineering,19027263,19027263,0,,W4224270376,10.1038/s41377-022-00784-x,161,48,openalex_v3_query_core,0,,strict,Photonic and Optical Devices,19027263,Photonic and Optical Devices,Photonic and Optical Devices,0,2025
https://openalex.org/W4224284873,2022,Challenges of modeling nanostructured materials for photocatalytic water splitting,graphene_2d_materials,"Renewable Energy, Sustainability and the Environment",18992678,18992678,0,,W4224284873,10.1039/d1cs00648g,161,283,openalex_v3_query_core,0,,strict,Advanced Photocatalysis Techniques,18992678,Advanced Photocatalysis Techniques,Advanced Photocatalysis Techniques,0,2025
https://openalex.org/W4304202738,2022,A review of advances in tribology in 2020–2021,graphene_2d_materials,Mechanics of Materials,23540206,23540206,0,,W4304202738,10.1007/s40544-022-0685-7,161,972,openalex_v3_query_core,0,,strict,Tribology and Wear Analysis,23540206,Tribology and Wear Analysis,Tribology and Wear Analysis,0,2025
https://openalex.org/W4313490796,2023,Non-metal doping induced dual p-n charge properties in a single ZnIn2S4 crystal structure provoking charge transfer behaviors and boosting photocatalytic hydrogen generation,graphene_2d_materials,"Renewable Energy, Sustainability and the Environment",18992678,18992678,0,,W4313490796,10.1016/j.apcatb.2023.122372,161,65,openalex_v3_query_core,0,,strict,Advanced Photocatalysis Techniques,18992678,Advanced Photocatalysis Techniques,Advanced Photocatalysis Techniques,0,2025
https://openalex.org/W2805165135,2018,Microsecond dark-exciton valley polarization memory in two-dimensional heterostructures,graphene_2d_materials,Materials Chemistry,19026997,19026997,0,,W2805165135,10.1038/s41467-018-03174-3,160,52,openalex_v3_query_core,0,,strict,2D Materials and Applications,19026997,2D Materials and Applications,2D Materials and Applications,0,2025
https://openalex.org/W2919062973,2019,Continuum models for twisted bilayer graphene: Effect of lattice deformation and hopping parameters,graphene_2d_materials,Materials Chemistry,18992804,18992804,0,,W2919062973,10.1103/physrevb.99.205134,160,87,openalex_v3_query_core,0,,strict,Graphene research and applications,18992804,Graphene research and applications,Graphene research and applications,0,2025
https://openalex.org/W3108904274,2020,Controlling bimerons as skyrmion analogues by ferroelectric polarization in 2D van der Waals multiferroic heterostructures,graphene_2d_materials,Materials Chemistry,19026997,19026997,0,,W3108904274,10.1038/s41467-020-19779-6,160,74,openalex_v3_query_core,0,,strict,2D Materials and Applications,19026997,2D Materials and Applications,2D Materials and Applications,0,2025
https://openalex.org/W3181726798,2021,"Differences and Similarities of Photocatalysis and Electrocatalysis in Two-Dimensional Nanomaterials: Strategies, Traps, Applications and Challenges",graphene_2d_materials,"Renewable Energy, Sustainability and the Environment",18992678,18992678,0,,W3181726798,10.1007/s40820-021-00681-9,160,372,openalex_v3_query_core,0,,strict,Advanced Photocatalysis Techniques,18992678,Advanced Photocatalysis Techniques,Advanced Photocatalysis Techniques,0,2025
https://openalex.org/W2289231535,2016,Ballistic miniband conduction in a graphene superlattice,graphene_2d_materials,Materials Chemistry,18992804,18992804,0,,W2289231535,10.1126/science.aaf1095,159,53,openalex_v3_query_core,0,,strict,Graphene research and applications,18992804,Graphene research and applications,Graphene research and applications,0,2025
https://openalex.org/W2529090114,2017,Near-room-temperature Chern insulator and Dirac spin-gapless semiconductor: nickel chloride monolayer,graphene_2d_materials,"Atomic and Molecular Physics, and Optics",19095381,19095381,0,,W2529090114,10.1039/c6nr08522a,159,51,openalex_v3_query_core,0,,strict,Topological Materials and Phenomena,19095381,Topological Materials and Phenomena,Topological Materials and Phenomena,0,2025
https://openalex.org/W2606621013,2017,Giant magnetic splitting inducing near-unity valley polarization in van der Waals heterostructures,graphene_2d_materials,Materials Chemistry,19026997,19026997,0,,W2606621013,10.1038/s41467-017-01748-1,159,44,openalex_v3_query_core,0,,strict,2D Materials and Applications,19026997,2D Materials and Applications,2D Materials and Applications,0,2025
https://openalex.org/W2742450533,2017,Two-dimensional carbon-based nanocomposites for photocatalytic energy generation and environmental remediation applications,graphene_2d_materials,"Renewable Energy, Sustainability and the Environment",18992678,18992678,0,,W2742450533,10.3762/bjnano.8.159,159,253,openalex_v3_query_core,0,,strict,Advanced Photocatalysis Techniques,18992678,Advanced Photocatalysis Techniques,Advanced Photocatalysis Techniques,0,2025
https://openalex.org/W2893494054,2018,Observing of the super-Planckian near-field thermal radiation between graphene sheets,graphene_2d_materials,Civil and Structural Engineering,23557105,23557105,0,,W2893494054,10.1038/s41467-018-06163-8,159,67,openalex_v3_query_core,0,,strict,Thermal Radiation and Cooling Technologies,23557105,Thermal Radiation and Cooling Technologies,Thermal Radiation and Cooling Technologies,0,2025
https://openalex.org/W2885311207,2019,Ultra‐compact integrated graphene plasmonic photodetector with bandwidth above 110 GHz,graphene_2d_materials,Biomedical Engineering,19027259,19027259,0,,W2885311207,10.1515/nanoph-2019-0167,159,50,openalex_v3_query_core,0,,strict,Plasmonic and Surface Plasmon Research,19027259,Plasmonic and Surface Plasmon Research,Plasmonic and Surface Plasmon Research,0,2025
https://openalex.org/W2965010410,2019,pH-Dependent Distribution of Functional Groups on Titanium-Based MXenes,graphene_2d_materials,Materials Chemistry,23488465,23488465,0,,W2965010410,10.1021/acsnano.9b03511,159,69,openalex_v3_query_core,0,,strict,MXene and MAX Phase Materials,23488465,MXene and MAX Phase Materials,MXene and MAX Phase Materials,0,2025
https://openalex.org/W2993326266,2019,Application of graphene derivatives and their nanocomposites in tribology and lubrication: a review,graphene_2d_materials,Mechanics of Materials,23540206,23540206,0,,W2993326266,10.1039/c9ra05679c,159,142,openalex_v3_query_core,0,,strict,Tribology and Wear Analysis,23540206,Tribology and Wear Analysis,Tribology and Wear Analysis,0,2025
https://openalex.org/W3006821797,2020,Nonstationary distributions and relaxation times in a stochastic model of memristor,graphene_2d_materials,Electrical and Electronic Engineering,19077560,19077560,0,,W3006821797,10.1088/1742-5468/ab684a,159,108,openalex_v3_query_core,0,,strict,Advanced Memory and Neural Computing,19077560,Advanced Memory and Neural Computing,Advanced Memory and Neural Computing,0,2025
https://openalex.org/W3048560106,2020,Measurement of the spin-forbidden dark excitons in MoS2 and MoSe2 monolayers,graphene_2d_materials,Materials Chemistry,19026997,19026997,0,,W3048560106,10.1038/s41467-020-17608-4,159,47,openalex_v3_query_core,0,,strict,2D Materials and Applications,19026997,2D Materials and Applications,2D Materials and Applications,0,2025
https://openalex.org/W3134394757,2021,2D/2D Heterostructures: Rational Design for Advanced Batteries and Electrocatalysis,graphene_2d_materials,Materials Chemistry,19026997,19026997,0,,W3134394757,10.1002/eem2.12184,159,213,openalex_v3_query_core,0,,strict,2D Materials and Applications,19026997,2D Materials and Applications,2D Materials and Applications,0,2025
https://openalex.org/W4205967989,2022,Electrode Materials for Supercapacitors in Hybrid Electric Vehicles: Challenges and Current Progress,graphene_2d_materials,"Electronic, Optical and Magnetic Materials",19009840,19009840,0,,W4205967989,10.3390/condmat7010006,159,268,openalex_v3_query_core,0,,strict,Supercapacitor Materials and Fabrication,19009840,Supercapacitor Materials and Fabrication,Supercapacitor Materials and Fabrication,0,2025
https://openalex.org/W4293792528,2022,Heterodimensional superlattice with in-plane anomalous Hall effect,graphene_2d_materials,Materials Chemistry,19026997,19026997,0,,W4293792528,10.1038/s41586-022-05031-2,159,47,openalex_v3_query_core,0,,strict,2D Materials and Applications,19026997,2D Materials and Applications,2D Materials and Applications,0,2025
https://openalex.org/W1981929833,2015,Designed hybrid nanostructure with catalytic effect: beyond the theoretical capacity of SnO2 anode material for lithium ion batteries,graphene_2d_materials,Electrical and Electronic Engineering,18991892,18991892,0,,W1981929833,10.1038/srep09164,158,70,openalex_v3_query_core,0,,strict,Advancements in Battery Materials,18991892,Advancements in Battery Materials,Advancements in Battery Materials,0,2025
https://openalex.org/W2548949225,2016,Monolayer 1T-NbSe2 as a Mott insulator,graphene_2d_materials,Materials Chemistry,19026997,19026997,0,,W2548949225,10.1038/am.2016.157,158,39,openalex_v3_query_core,0,,strict,2D Materials and Applications,19026997,2D Materials and Applications,2D Materials and Applications,0,2025
https://openalex.org/W2552234289,2016,Unusually efficient photocurrent extraction in monolayer van der Waals heterostructure by tunnelling through discretized barriers,graphene_2d_materials,Materials Chemistry,18992804,18992804,0,,W2552234289,10.1038/ncomms13278,158,32,openalex_v3_query_core,0,,strict,Graphene research and applications,18992804,Graphene research and applications,Graphene research and applications,0,2025
https://openalex.org/W2566247748,2017,Breakdown of Optical Phonons’ Splitting in Two-Dimensional Materials,graphene_2d_materials,Materials Chemistry,21275090,21275090,0,,W2566247748,10.1021/acs.nanolett.7b01090,158,43,openalex_v3_query_core,0,,strict,Thermal properties of materials,21275090,Thermal properties of materials,Thermal properties of materials,0,2025
https://openalex.org/W2811161027,2018,Emerging nanofabrication and quantum confinement techniques for 2D materials beyond graphene,graphene_2d_materials,Materials Chemistry,18992804,18992804,0,,W2811161027,10.1038/s41699-018-0065-3,158,174,openalex_v3_query_core,0,,strict,Graphene research and applications,18992804,Graphene research and applications,Graphene research and applications,0,2025
https://openalex.org/W2923687757,2019,Probing van der Waals interactions at two-dimensional heterointerfaces,graphene_2d_materials,Materials Chemistry,18992804,18992804,0,,W2923687757,10.1038/s41565-019-0405-2,158,33,openalex_v3_query_core,0,,strict,Graphene research and applications,18992804,Graphene research and applications,Graphene research and applications,0,2025
https://openalex.org/W3003940276,2020,Design of van der Waals interfaces for broad-spectrum optoelectronics,graphene_2d_materials,Materials Chemistry,19026997,19026997,0,,W3003940276,10.1038/s41563-019-0601-3,158,46,openalex_v3_query_core,0,,strict,2D Materials and Applications,19026997,2D Materials and Applications,2D Materials and Applications,0,2025
https://openalex.org/W3173889280,2021,Nanophotonic biosensors harnessing van der Waals materials,graphene_2d_materials,Biomedical Engineering,19027259,19027259,0,,W3173889280,10.1038/s41467-021-23564-4,158,192,openalex_v3_query_core,0,,strict,Plasmonic and Surface Plasmon Research,19027259,Plasmonic and Surface Plasmon Research,Plasmonic and Surface Plasmon Research,0,2025
https://openalex.org/W4313577189,2023,Recent Advances in g-C3N4-Based Materials and Their Application in Energy and Environmental Sustainability,graphene_2d_materials,"Renewable Energy, Sustainability and the Environment",18992678,18992678,0,,W4313577189,10.3390/molecules28010432,158,253,openalex_v3_query_core,0,,strict,Advanced Photocatalysis Techniques,18992678,Advanced Photocatalysis Techniques,Advanced Photocatalysis Techniques,0,2025
https://openalex.org/W4361205281,2023,Diversity of platinum-sites at platinum/fullerene interface accelerates alkaline hydrogen evolution,graphene_2d_materials,"Renewable Energy, Sustainability and the Environment",18992146,18992146,0,,W4361205281,10.1038/s41467-023-37404-0,158,89,openalex_v3_query_core,0,,strict,Electrocatalysts for Energy Conversion,18992146,Electrocatalysts for Energy Conversion,Electrocatalysts for Energy Conversion,0,2025
https://openalex.org/W2044163435,2015,High-Speed Electro-Optic Modulator Integrated with Graphene-Boron Nitride Heterostructure and Photonic Crystal Nanocavity,graphene_2d_materials,Biomedical Engineering,19027259,19027259,0,,W2044163435,10.1021/nl504860z,157,31,openalex_v3_query_core,0,,strict,Plasmonic and Surface Plasmon Research,19027259,Plasmonic and Surface Plasmon Research,Plasmonic and Surface Plasmon Research,0,2025
https://openalex.org/W2291346839,2016,"Efficient Terahertz detection in black-phosphorus nano-transistors with selective and controllable plasma-wave, bolometric and thermoelectric response",graphene_2d_materials,Materials Chemistry,19026997,19026997,0,,W2291346839,10.1038/srep20474,157,33,openalex_v3_query_core,0,,strict,2D Materials and Applications,19026997,2D Materials and Applications,2D Materials and Applications,0,2025
https://openalex.org/W2540797699,2016,Two-Dimensional Semiconductor Optoelectronics Based on van der Waals Heterostructures,graphene_2d_materials,Materials Chemistry,19026997,19026997,0,,W2540797699,10.3390/nano6110193,157,116,openalex_v3_query_core,0,,strict,2D Materials and Applications,19026997,2D Materials and Applications,2D Materials and Applications,0,2025
https://openalex.org/W2962920085,2019,Two-Dimensional NbS<sub>2</sub> Gas Sensors for Selective and Reversible NO<sub>2</sub> Detection at Room Temperature,graphene_2d_materials,Materials Chemistry,19026997,19026997,0,,W2962920085,10.1021/acssensors.9b00992,157,59,openalex_v3_query_core,0,,strict,2D Materials and Applications,19026997,2D Materials and Applications,2D Materials and Applications,0,2025
https://openalex.org/W2966472180,2019,Electroluminescence from multi-particle exciton complexes in transition metal dichalcogenide semiconductors,graphene_2d_materials,Materials Chemistry,19026997,19026997,0,,W2966472180,10.1038/s41467-019-09781-y,157,58,openalex_v3_query_core,0,,strict,2D Materials and Applications,19026997,2D Materials and Applications,2D Materials and Applications,0,2025
https://openalex.org/W3095681624,2021,Intertwined Topological and Magnetic Orders in Atomically Thin Chern Insulator MnBi<sub>2</sub>Te<sub>4</sub>,graphene_2d_materials,"Atomic and Molecular Physics, and Optics",19095381,19095381,0,,W3095681624,10.1021/acs.nanolett.0c05117,157,41,openalex_v3_query_core,0,,strict,Topological Materials and Phenomena,19095381,Topological Materials and Phenomena,Topological Materials and Phenomena,0,2025
https://openalex.org/W4213292666,2022,Evolution of graphene oxide (GO)-based nanohybrid materials with diverse compositions: an overview,graphene_2d_materials,"Renewable Energy, Sustainability and the Environment",18992678,18992678,0,,W4213292666,10.1039/d1ra06731a,157,260,openalex_v3_query_core,0,,strict,Advanced Photocatalysis Techniques,18992678,Advanced Photocatalysis Techniques,Advanced Photocatalysis Techniques,0,2025
https://openalex.org/W2233883871,2016,Tuning ultrafast electron thermalization pathways in a van der Waals heterostructure,graphene_2d_materials,Materials Chemistry,18992804,18992804,0,,W2233883871,10.1038/nphys3620,156,50,openalex_v3_query_core,0,,strict,Graphene research and applications,18992804,Graphene research and applications,Graphene research and applications,0,2025
https://openalex.org/W2606527368,2018,Full superconducting dome of strong Ising protection in gated monolayer WS <sub>2</sub>,graphene_2d_materials,Materials Chemistry,19026997,19026997,0,,W2606527368,10.1073/pnas.1716781115,156,71,openalex_v3_query_core,0,,strict,2D Materials and Applications,19026997,2D Materials and Applications,2D Materials and Applications,0,2025
https://openalex.org/W2887123899,2018,A gate-free monolayer WSe2 pn diode,graphene_2d_materials,Materials Chemistry,19026997,19026997,0,,W2887123899,10.1038/s41467-018-05326-x,156,49,openalex_v3_query_core,0,,strict,2D Materials and Applications,19026997,2D Materials and Applications,2D Materials and Applications,0,2025
https://openalex.org/W2916431294,2019,Tailoring vertical phase distribution of quasi-two-dimensional perovskite films via surface modification of hole-transporting layer,graphene_2d_materials,Electrical and Electronic Engineering,19026606,19026606,0,,W2916431294,10.1038/s41467-019-08843-5,156,60,openalex_v3_query_core,0,,strict,Perovskite Materials and Applications,19026606,Perovskite Materials and Applications,Perovskite Materials and Applications,0,2025
https://openalex.org/W3021204671,2020,The <scp>ONETEP</scp> linear-scaling density functional theory program,graphene_2d_materials,Materials Chemistry,21394825,21394825,0,,W3021204671,10.1063/5.0004445,156,292,openalex_v3_query_core,0,,strict,Machine Learning in Materials Science,21394825,Machine Learning in Materials Science,Machine Learning in Materials Science,0,2025
https://openalex.org/W3084000455,2021,<i>Colloquium</i>: Physical properties of group-IV monochalcogenide monolayers,graphene_2d_materials,Materials Chemistry,19026997,19026997,0,,W3084000455,10.1103/revmodphys.93.011001,156,231,openalex_v3_query_core,0,,strict,2D Materials and Applications,19026997,2D Materials and Applications,2D Materials and Applications,0,2025
https://openalex.org/W4386423942,2023,Low Ohmic contact resistance and high on/off ratio in transition metal dichalcogenides field-effect transistors via residue-free transfer,graphene_2d_materials,Materials Chemistry,19026997,19026997,0,,W4386423942,10.1038/s41565-023-01497-x,156,70,openalex_v3_query_core,0,,strict,2D Materials and Applications,19026997,2D Materials and Applications,2D Materials and Applications,0,2025
https://openalex.org/W4402785825,2024,Bimetallic Single-Atom Catalysts for Water Splitting,graphene_2d_materials,"Renewable Energy, Sustainability and the Environment",18992146,18992146,0,,W4402785825,10.1007/s40820-024-01505-2,156,250,openalex_v3_query_core,0,,strict,Electrocatalysts for Energy Conversion,18992146,Electrocatalysts for Energy Conversion,Electrocatalysts for Energy Conversion,0,2025
https://openalex.org/W4414381712,2025,Cactus-like architecture for synergistic microwave absorption and thermal management,graphene_2d_materials,Mechanical Engineering,21360371,21360371,0,,W4414381712,10.1093/nsr/nwaf394,156,49,openalex_v3_query_core,0,,strict,Advanced Materials and Mechanics,21360371,Advanced Materials and Mechanics,Advanced Materials and Mechanics,0,2025
https://openalex.org/W1525294231,2015,Extrinsic Origin of Persistent Photoconductivity in Monolayer MoS2 Field Effect Transistors,graphene_2d_materials,Materials Chemistry,19026997,19026997,0,,W1525294231,10.1038/srep11472,155,71,openalex_v3_query_core,0,,strict,2D Materials and Applications,19026997,2D Materials and Applications,2D Materials and Applications,0,2025
https://openalex.org/W4282921380,2022,"Emerging Flexible Thermally Conductive Films: Mechanism, Fabrication, Application",graphene_2d_materials,Materials Chemistry,21275090,21275090,0,,W4282921380,10.1007/s40820-022-00868-8,155,217,openalex_v3_query_core,0,,strict,Thermal properties of materials,21275090,Thermal properties of materials,Thermal properties of materials,0,2025
https://openalex.org/W4308144261,2022,General Theory of Josephson Diodes,graphene_2d_materials,"Electronic, Optical and Magnetic Materials",21360763,21360763,0,,W4308144261,10.1103/physrevx.12.041013,155,81,openalex_v3_query_core,0,,strict,Iron-based superconductors research,21360763,Iron-based superconductors research,Iron-based superconductors research,0,2025
https://openalex.org/W1988540865,2014,Hot-Electron Injection in Au Nanorod–ZnO Nanowire Hybrid Device for Near-Infrared Photodetection,graphene_2d_materials,Materials Chemistry,18992932,18992932,0,,W1988540865,10.1021/nl5024854,154,49,openalex_v3_query_core,0,,strict,ZnO doping and properties,18992932,ZnO doping and properties,ZnO doping and properties,0,2025
https://openalex.org/W2095477275,2015,Probing the Role of Interlayer Coupling and Coulomb Interactions on Electronic Structure in Few-Layer MoSe<sub>2</sub> Nanostructures,graphene_2d_materials,Materials Chemistry,19026997,19026997,0,,W2095477275,10.1021/acs.nanolett.5b00160,154,28,openalex_v3_query_core,0,,strict,2D Materials and Applications,19026997,2D Materials and Applications,2D Materials and Applications,0,2025
https://openalex.org/W2507406348,2016,Atomistic-Scale Simulations of Defect Formation in Graphene under Noble Gas Ion Irradiation,graphene_2d_materials,Materials Chemistry,18992804,18992804,0,,W2507406348,10.1021/acsnano.6b03036,154,62,openalex_v3_query_core,0,,strict,Graphene research and applications,18992804,Graphene research and applications,Graphene research and applications,0,2025
https://openalex.org/W2575247329,2017,Capture the growth kinetics of CVD growth of two-dimensional MoS2,graphene_2d_materials,Materials Chemistry,19026997,19026997,0,,W2575247329,10.1038/s41699-017-0010-x,154,47,openalex_v3_query_core,0,,strict,2D Materials and Applications,19026997,2D Materials and Applications,2D Materials and Applications,0,2025
https://openalex.org/W3101295929,2018,Dissociation of two-dimensional excitons in monolayer WSe&lt;sub&gt;2&lt;/sub&gt;,graphene_2d_materials,Materials Chemistry,19026997,19026997,0,,W3101295929,,154,54,openalex_v3_query_core,0,,strict,2D Materials and Applications,19026997,2D Materials and Applications,2D Materials and Applications,0,2025
https://openalex.org/W2978787331,2019,Carbon-based polymer nanocomposite membranes for oily wastewater treatment,graphene_2d_materials,Water Science and Technology,19010100,19010100,0,,W2978787331,10.1038/s41545-019-0044-z,154,111,openalex_v3_query_core,0,,strict,Membrane Separation Technologies,19010100,Membrane Separation Technologies,Membrane Separation Technologies,0,2025
https://openalex.org/W2981311280,2019,Two-dimensional inorganic molecular crystals,graphene_2d_materials,Materials Chemistry,19026997,19026997,0,,W2981311280,10.1038/s41467-019-12569-9,154,44,openalex_v3_query_core,0,,strict,2D Materials and Applications,19026997,2D Materials and Applications,2D Materials and Applications,0,2025
https://openalex.org/W3013530773,2020,Novel Architecture Titanium Carbide (Ti3C2Tx) MXene Cocatalysts toward Photocatalytic Hydrogen Production: A Mini-Review,graphene_2d_materials,Materials Chemistry,23488465,23488465,0,,W3013530773,10.3390/nano10040602,154,100,openalex_v3_query_core,0,,strict,MXene and MAX Phase Materials,23488465,MXene and MAX Phase Materials,MXene and MAX Phase Materials,0,2025
https://openalex.org/W3209193273,2021,Carbon dioxide and nitrogen reduction reactions using 2D transition metal dichalcogenide (TMDC) and carbide/nitride (MXene) catalysts,graphene_2d_materials,"Renewable Energy, Sustainability and the Environment",18992678,18992678,0,,W3209193273,10.1039/d1ee03211a,154,279,openalex_v3_query_core,0,,strict,Advanced Photocatalysis Techniques,18992678,Advanced Photocatalysis Techniques,Advanced Photocatalysis Techniques,0,2025
https://openalex.org/W4280512303,2022,Recent advances in solar‐driven CO<sub>2</sub> reduction over g‐C<sub>3</sub>N<sub>4</sub>‐based photocatalysts,graphene_2d_materials,"Renewable Energy, Sustainability and the Environment",18992678,18992678,0,,W4280512303,10.1002/cey2.205,154,228,openalex_v3_query_core,0,,strict,Advanced Photocatalysis Techniques,18992678,Advanced Photocatalysis Techniques,Advanced Photocatalysis Techniques,0,2025
https://openalex.org/W4401102925,2024,Critical challenges in the development of electronics based on two-dimensional transition metal dichalcogenides,graphene_2d_materials,Materials Chemistry,19026997,19026997,0,,W4401102925,10.1038/s41928-024-01210-3,154,88,openalex_v3_query_core,0,,strict,2D Materials and Applications,19026997,2D Materials and Applications,2D Materials and Applications,0,2025
https://openalex.org/W1974257228,2014,Spatial variation of a giant spin–orbit effect induces electron confinement in graphene on Pb islands,graphene_2d_materials,Materials Chemistry,18992804,18992804,0,,W1974257228,10.1038/nphys3173,153,34,openalex_v3_query_core,0,,strict,Graphene research and applications,18992804,Graphene research and applications,Graphene research and applications,0,2025
https://openalex.org/W2592425665,2017,Oriented graphene nanoribbons embedded in hexagonal boron nitride trenches,graphene_2d_materials,Materials Chemistry,18992804,18992804,0,,W2592425665,10.1038/ncomms14703,153,43,openalex_v3_query_core,0,,strict,Graphene research and applications,18992804,Graphene research and applications,Graphene research and applications,0,2025
https://openalex.org/W2995305790,2019,Emerging photoluminescence from the dark-exciton phonon replica in monolayer WSe2,graphene_2d_materials,Materials Chemistry,19026997,19026997,0,,W2995305790,10.1038/s41467-019-10477-6,153,53,openalex_v3_query_core,0,,strict,2D Materials and Applications,19026997,2D Materials and Applications,2D Materials and Applications,0,2025
https://openalex.org/W3044557848,2020,Networking retinomorphic sensor with memristive crossbar for brain-inspired visual perception,graphene_2d_materials,Electrical and Electronic Engineering,19077560,19077560,0,,W3044557848,10.1093/nsr/nwaa172,153,54,openalex_v3_query_core,0,,strict,Advanced Memory and Neural Computing,19077560,Advanced Memory and Neural Computing,Advanced Memory and Neural Computing,0,2025
https://openalex.org/W3083702321,2020,Superactive NiFe-LDH/graphene nanocomposites as competent catalysts for water splitting reactions,graphene_2d_materials,"Renewable Energy, Sustainability and the Environment",18992678,18992678,0,,W3083702321,10.1039/d0qi00700e,153,144,openalex_v3_query_core,0,,strict,Advanced Photocatalysis Techniques,18992678,Advanced Photocatalysis Techniques,Advanced Photocatalysis Techniques,0,2025
https://openalex.org/W4210941667,2022,Thermal migration towards constructing W-W dual-sites for boosted alkaline hydrogen evolution reaction,graphene_2d_materials,"Renewable Energy, Sustainability and the Environment",18992146,18992146,0,,W4210941667,10.1038/s41467-022-28413-6,153,59,openalex_v3_query_core,0,,strict,Electrocatalysts for Energy Conversion,18992146,Electrocatalysts for Energy Conversion,Electrocatalysts for Energy Conversion,0,2025
https://openalex.org/W4225421355,2022,Design of a two-dimensional interplanar heterojunction for catalytic cancer therapy,graphene_2d_materials,Biomedical Engineering,19112930,19112930,0,,W4225421355,10.1038/s41467-022-30166-1,153,61,openalex_v3_query_core,0,,strict,Nanoplatforms for cancer theranostics,19112930,Nanoplatforms for cancer theranostics,Nanoplatforms for cancer theranostics,0,2025
https://openalex.org/W4313578818,2023,"Borophene-based materials for energy, sensors and information storage applications",graphene_2d_materials,Materials Chemistry,23488465,23488465,0,,W4313578818,10.26599/nre.2023.9120051,153,138,openalex_v3_query_core,0,,strict,MXene and MAX Phase Materials,23488465,MXene and MAX Phase Materials,MXene and MAX Phase Materials,0,2025
https://openalex.org/W2346011394,2016,Centimeter Scale Patterned Growth of Vertically Stacked Few Layer Only 2D MoS2/WS2 van der Waals Heterostructure,graphene_2d_materials,Materials Chemistry,19026997,19026997,0,,W2346011394,10.1038/srep25456,152,49,openalex_v3_query_core,0,,strict,2D Materials and Applications,19026997,2D Materials and Applications,2D Materials and Applications,0,2025
https://openalex.org/W2965059214,2019,MoS2 photodetectors integrated with photonic circuits,graphene_2d_materials,Materials Chemistry,19026997,19026997,0,,W2965059214,10.1038/s41699-019-0096-4,152,30,openalex_v3_query_core,0,,strict,2D Materials and Applications,19026997,2D Materials and Applications,2D Materials and Applications,0,2025
https://openalex.org/W4388976346,2023,Self-activated superhydrophilic green ZnIn2S4 realizing solar-driven overall water splitting: close-to-unity stability for a full daytime,graphene_2d_materials,"Renewable Energy, Sustainability and the Environment",18992678,18992678,0,,W4388976346,10.1038/s41467-023-43331-x,152,65,openalex_v3_query_core,0,,strict,Advanced Photocatalysis Techniques,18992678,Advanced Photocatalysis Techniques,Advanced Photocatalysis Techniques,0,2025
https://openalex.org/W2535926494,2016,Robust ultra-low-friction state of graphene via moiré superlattice confinement,graphene_2d_materials,Materials Chemistry,18992804,18992804,0,,W2535926494,10.1038/ncomms13204,151,39,openalex_v3_query_core,0,,strict,Graphene research and applications,18992804,Graphene research and applications,Graphene research and applications,0,2025
https://openalex.org/W2976073046,2019,Micromagnetometry of two-dimensional ferromagnets,graphene_2d_materials,Materials Chemistry,19026997,19026997,0,,W2976073046,10.1038/s41928-019-0302-6,151,49,openalex_v3_query_core,0,,strict,2D Materials and Applications,19026997,2D Materials and Applications,2D Materials and Applications,0,2025
https://openalex.org/W2984637914,2019,"Strain-tunable orbital, spin-orbit, and optical properties of monolayer transition-metal dichalcogenides",graphene_2d_materials,Materials Chemistry,19026997,19026997,0,,W2984637914,10.1103/physrevb.100.195126,151,109,openalex_v3_query_core,0,,strict,2D Materials and Applications,19026997,2D Materials and Applications,2D Materials and Applications,0,2025
https://openalex.org/W2080174132,2013,High Performance Molybdenum Disulfide Amorphous Silicon Heterojunction Photodetector,graphene_2d_materials,Materials Chemistry,19026997,19026997,0,,W2080174132,10.1038/srep02345,150,23,openalex_v3_query_core,0,,strict,2D Materials and Applications,19026997,2D Materials and Applications,2D Materials and Applications,0,2025
https://openalex.org/W2026351740,2014,Thickness sorting of two-dimensional transition metal dichalcogenides via copolymer-assisted density gradient ultracentrifugation,graphene_2d_materials,Materials Chemistry,19026997,19026997,0,,W2026351740,10.1038/ncomms6478,150,43,openalex_v3_query_core,0,,strict,2D Materials and Applications,19026997,2D Materials and Applications,2D Materials and Applications,0,2025
https://openalex.org/W2305231829,2015,Interface designed MoS2/GaAs heterostructure solar cell with sandwich stacked hexagonal boron nitride,graphene_2d_materials,Materials Chemistry,19026997,19026997,0,,W2305231829,10.1038/srep15103,150,41,openalex_v3_query_core,0,,strict,2D Materials and Applications,19026997,2D Materials and Applications,2D Materials and Applications,0,2025
https://openalex.org/W1931771336,2016,"Mapping of Low-Frequency Raman Modes in CVD-Grown Transition Metal Dichalcogenides: Layer Number, Stacking Orientation and Resonant Effects",graphene_2d_materials,Materials Chemistry,19026997,19026997,0,,W1931771336,10.1038/srep19476,150,82,openalex_v3_query_core,0,,strict,2D Materials and Applications,19026997,2D Materials and Applications,2D Materials and Applications,0,2025
https://openalex.org/W3012993953,2020,Tunable macroscale structural superlubricity in two-layer graphene via strain engineering,graphene_2d_materials,Materials Chemistry,18992804,18992804,0,,W3012993953,10.1038/s41467-020-15446-y,150,62,openalex_v3_query_core,0,,strict,Graphene research and applications,18992804,Graphene research and applications,Graphene research and applications,0,2025
https://openalex.org/W3042156394,2020,Black phosphorus-based van der Waals heterostructures for mid-infrared light-emission applications,graphene_2d_materials,Materials Chemistry,19026997,19026997,0,,W3042156394,10.1038/s41377-020-00356-x,150,52,openalex_v3_query_core,0,,strict,2D Materials and Applications,19026997,2D Materials and Applications,2D Materials and Applications,0,2025
https://openalex.org/W3096619549,2020,A general-purpose machine-learning force field for bulk and nanostructured phosphorus,graphene_2d_materials,Materials Chemistry,21394825,21394825,0,,W3096619549,10.1038/s41467-020-19168-z,150,106,openalex_v3_query_core,0,,strict,Machine Learning in Materials Science,21394825,Machine Learning in Materials Science,Machine Learning in Materials Science,0,2025
https://openalex.org/W4206196204,2022,Interfacial charge and energy transfer in van der Waals heterojunctions,graphene_2d_materials,Materials Chemistry,19026997,19026997,0,,W4206196204,10.1002/inf2.12290,150,147,openalex_v3_query_core,0,,strict,2D Materials and Applications,19026997,2D Materials and Applications,2D Materials and Applications,0,2025
https://openalex.org/W4214602476,2022,"Small Size, Big Impact: Recent Progress in Bottom‐Up Synthesized Nanographenes for Optoelectronic and Energy Applications",graphene_2d_materials,Materials Chemistry,18992804,18992804,0,,W4214602476,10.1002/advs.202106055,150,205,openalex_v3_query_core,0,,strict,Graphene research and applications,18992804,Graphene research and applications,Graphene research and applications,0,2025
https://openalex.org/W4226000886,2022,Doping-driven topological polaritons in graphene/α-MoO3 heterostructures,graphene_2d_materials,Biomedical Engineering,19027259,19027259,0,,W4226000886,10.1038/s41565-022-01185-2,150,70,openalex_v3_query_core,0,,strict,Plasmonic and Surface Plasmon Research,19027259,Plasmonic and Surface Plasmon Research,Plasmonic and Surface Plasmon Research,0,2025
https://openalex.org/W4386699597,2023,"Near‐Infrared Light‐Driven Photocatalysis with an Emphasis on Two‐Photon Excitation: Concepts, Materials, and Applications",graphene_2d_materials,Biomedical Engineering,21361027,21361027,0,,W4386699597,10.1002/adma.202307759,150,179,openalex_v3_query_core,0,,strict,Nonlinear Optical Materials Studies,21361027,Nonlinear Optical Materials Studies,Nonlinear Optical Materials Studies,0,2025
https://openalex.org/W2608167490,2017,Magnetic Proximity Effects in Transition-Metal Dichalcogenides: Converting Excitons,graphene_2d_materials,Materials Chemistry,19026997,19026997,0,,W2608167490,10.1103/physrevlett.119.127403,149,67,openalex_v3_query_core,0,,strict,2D Materials and Applications,19026997,2D Materials and Applications,2D Materials and Applications,0,2025
https://openalex.org/W2898928775,2018,Wafer-Scale Fabrication of Two-Dimensional PtS<sub>2</sub>/PtSe<sub>2</sub> Heterojunctions for Efficient and Broad band Photodetection,graphene_2d_materials,Materials Chemistry,19026997,19026997,0,,W2898928775,10.1021/acsami.8b13620,149,62,openalex_v3_query_core,0,,strict,2D Materials and Applications,19026997,2D Materials and Applications,2D Materials and Applications,0,2025
https://openalex.org/W2912189221,2019,Engineering and Tuning of Quantum Emitters in Few-Layer Hexagonal Boron Nitride,graphene_2d_materials,Materials Chemistry,19061322,19061322,0,,W2912189221,10.1021/acsnano.8b08511,149,41,openalex_v3_query_core,0,,strict,Diamond and Carbon-based Materials Research,19061322,Diamond and Carbon-based Materials Research,Diamond and Carbon-based Materials Research,0,2025
https://openalex.org/W2999151925,2020,Recent Advances in Organic Piezoelectric Biomaterials for Energy and Biomedical Applications,graphene_2d_materials,Biomedical Engineering,19043637,19043637,0,,W2999151925,10.3390/nano10010123,149,113,openalex_v3_query_core,0,,strict,Advanced Sensor and Energy Harvesting Materials,19043637,Advanced Sensor and Energy Harvesting Materials,Advanced Sensor and Energy Harvesting Materials,0,2025
https://openalex.org/W3094288862,2020,Photocatalytic treatment of natural waters. Reality or hype? The case of cyanotoxins remediation,graphene_2d_materials,Environmental Chemistry,19026474,19026474,0,,W3094288862,10.1016/j.watres.2020.116543,149,233,openalex_v3_query_core,0,,strict,Aquatic Ecosystems and Phytoplankton Dynamics,19026474,Aquatic Ecosystems and Phytoplankton Dynamics,Aquatic Ecosystems and Phytoplankton Dynamics,0,2025
https://openalex.org/W3172099287,2021,Perspective on intermetallics towards efficient electrocatalytic water-splitting,graphene_2d_materials,"Renewable Energy, Sustainability and the Environment",18992146,18992146,0,,W3172099287,10.1039/d1sc01901e,149,246,openalex_v3_query_core,0,,strict,Electrocatalysts for Energy Conversion,18992146,Electrocatalysts for Energy Conversion,Electrocatalysts for Energy Conversion,0,2025
https://openalex.org/W4206490253,2022,Intelligent on‐demand design of phononic metamaterials,graphene_2d_materials,Biomedical Engineering,19129305,19129305,0,,W4206490253,10.1515/nanoph-2021-0639,149,156,openalex_v3_query_core,0,,strict,Acoustic Wave Phenomena Research,19129305,Acoustic Wave Phenomena Research,Acoustic Wave Phenomena Research,0,2025
https://openalex.org/W4223416683,2022,Facile fabrication of ternary MWCNTs/ZnO/Chitosan nanocomposite for enhanced photocatalytic degradation of methylene blue and antibacterial activity,graphene_2d_materials,"Renewable Energy, Sustainability and the Environment",18992678,18992678,0,,W4223416683,10.1038/s41598-022-09571-5,149,55,openalex_v3_query_core,0,,strict,Advanced Photocatalysis Techniques,18992678,Advanced Photocatalysis Techniques,Advanced Photocatalysis Techniques,0,2025
https://openalex.org/W4281256201,2022,"MXene-based aptasensors: Advances, challenges, and prospects",graphene_2d_materials,Materials Chemistry,23488465,23488465,0,,W4281256201,10.1016/j.pmatsci.2022.100967,149,275,openalex_v3_query_core,0,,strict,MXene and MAX Phase Materials,23488465,MXene and MAX Phase Materials,MXene and MAX Phase Materials,0,2025
https://openalex.org/W4292366100,2022,Advances on Theory and Experiments of the Energy Applications in Graphdiyne,graphene_2d_materials,Materials Chemistry,18992804,18992804,0,,W4292366100,10.31635/ccschem.022.202202328,149,0,openalex_v3_query_core,0,,strict,Graphene research and applications,18992804,Graphene research and applications,Graphene research and applications,0,2025
https://openalex.org/W4391512181,2024,Tuning oxidant and antioxidant activities of ceria by anchoring copper single-site for antibacterial application,graphene_2d_materials,Materials Chemistry,23539420,23539420,0,,W4391512181,10.1038/s41467-024-45255-6,149,69,openalex_v3_query_core,0,,strict,Advanced Nanomaterials in Catalysis,23539420,Advanced Nanomaterials in Catalysis,Advanced Nanomaterials in Catalysis,0,2025
https://openalex.org/W2266193232,2016,Recent advances in high-pressure science and technology,graphene_2d_materials,Geophysics,19060531,19060531,0,,W2266193232,10.1016/j.mre.2016.01.005,148,167,openalex_v3_query_core,0,,strict,High-pressure geophysics and materials,19060531,High-pressure geophysics and materials,High-pressure geophysics and materials,0,2025
https://openalex.org/W2406380308,2016,Synthesis of Tunable Band Gap Semiconductor Nickel Sulphide Nanoparticles: Rapid and Round the Clock Degradation of Organic Dyes,graphene_2d_materials,Materials Chemistry,19043499,19043499,0,,W2406380308,10.1038/srep26034,148,62,openalex_v3_query_core,0,,strict,Quantum Dots Synthesis And Properties,19043499,Quantum Dots Synthesis And Properties,Quantum Dots Synthesis And Properties,0,2025
https://openalex.org/W2900006623,2018,Scalable high performance radio frequency electronics based on large domain bilayer MoS2,graphene_2d_materials,Materials Chemistry,19026997,19026997,0,,W2900006623,10.1038/s41467-018-07135-8,148,51,openalex_v3_query_core,0,,strict,2D Materials and Applications,19026997,2D Materials and Applications,2D Materials and Applications,0,2025
https://openalex.org/W2963203454,2020,Transport in two-dimensional topological materials: recent developments in experiment and theory,graphene_2d_materials,"Atomic and Molecular Physics, and Optics",19095381,19095381,0,,W2963203454,10.1088/2053-1583/ab6ff7,148,589,openalex_v3_query_core,0,,strict,Topological Materials and Phenomena,19095381,Topological Materials and Phenomena,Topological Materials and Phenomena,0,2025
https://openalex.org/W3010457982,2020,Janus transition metal dichalcogenides: a superior platform for photocatalytic water splitting,graphene_2d_materials,"Renewable Energy, Sustainability and the Environment",18992678,18992678,0,,W3010457982,10.1088/2515-7639/ab7c57,148,49,openalex_v3_query_core,0,,strict,Advanced Photocatalysis Techniques,18992678,Advanced Photocatalysis Techniques,Advanced Photocatalysis Techniques,0,2025
https://openalex.org/W3194223220,2021,Direct Observation of Magnon-Phonon Strong Coupling in Two-Dimensional Antiferromagnet at High Magnetic Fields,graphene_2d_materials,Condensed Matter Physics,18992153,18992153,0,,W3194223220,10.1103/physrevlett.127.097401,148,64,openalex_v3_query_core,0,,strict,Physics of Superconductivity and Magnetism,18992153,Physics of Superconductivity and Magnetism,Physics of Superconductivity and Magnetism,0,2025
https://openalex.org/W2237078251,2016,Thermal transport properties of MoS<sub>2</sub>and MoSe<sub>2</sub>monolayers,graphene_2d_materials,Materials Chemistry,18992804,18992804,0,,W2237078251,10.1088/0957-4484/27/5/055703,147,63,openalex_v3_query_core,0,,strict,Graphene research and applications,18992804,Graphene research and applications,Graphene research and applications,0,2025
https://openalex.org/W2733106459,2017,Tunable quasiparticle band gap in few-layer GaSe/graphene van der Waals heterostructures,graphene_2d_materials,Materials Chemistry,19026997,19026997,0,,W2733106459,10.1103/physrevb.96.035407,147,50,openalex_v3_query_core,0,,strict,2D Materials and Applications,19026997,2D Materials and Applications,2D Materials and Applications,0,2025
https://openalex.org/W2766823022,2017,Band Gap Engineering of Hexagonal SnSe2 Nanostructured Thin Films for Infra-Red Photodetection,graphene_2d_materials,Materials Chemistry,19026997,19026997,0,,W2766823022,10.1038/s41598-017-15519-x,147,57,openalex_v3_query_core,0,,strict,2D Materials and Applications,19026997,2D Materials and Applications,2D Materials and Applications,0,2025
https://openalex.org/W2883739818,2018,Bottom-up growth of n-type monolayer molecular crystals on polymeric substrate for optoelectronic device applications,graphene_2d_materials,Electrical and Electronic Engineering,19146336,19146336,0,,W2883739818,10.1038/s41467-018-05390-3,147,40,openalex_v3_query_core,0,,strict,Molecular Junctions and Nanostructures,19146336,Molecular Junctions and Nanostructures,Molecular Junctions and Nanostructures,0,2025
https://openalex.org/W2973093293,2019,Confined Catalysis: Progress and Prospects in Energy Conversion,graphene_2d_materials,Materials Chemistry,23488465,23488465,0,,W2973093293,10.1002/aenm.201902307,147,122,openalex_v3_query_core,0,,strict,MXene and MAX Phase Materials,23488465,MXene and MAX Phase Materials,MXene and MAX Phase Materials,0,2025
https://openalex.org/W3134104401,2021,"Advances in MXene Films: Synthesis, Assembly, and Applications",graphene_2d_materials,Materials Chemistry,23488465,23488465,0,,W3134104401,10.1007/s12209-021-00282-y,147,185,openalex_v3_query_core,0,,strict,MXene and MAX Phase Materials,23488465,MXene and MAX Phase Materials,MXene and MAX Phase Materials,0,2025
https://openalex.org/W3169909277,2021,"Strain-tuning of the electronic, optical, and vibrational properties of two-dimensional crystals",graphene_2d_materials,Materials Chemistry,19026997,19026997,0,,W3169909277,10.1063/5.0037852,147,469,openalex_v3_query_core,0,,strict,2D Materials and Applications,19026997,2D Materials and Applications,2D Materials and Applications,0,2025
https://openalex.org/W4307216097,2022,2D Materials towards sensing technology: From fundamentals to applications,graphene_2d_materials,Materials Chemistry,23488465,23488465,0,,W4307216097,10.1016/j.sbsr.2022.100540,147,222,openalex_v3_query_core,0,,strict,MXene and MAX Phase Materials,23488465,MXene and MAX Phase Materials,MXene and MAX Phase Materials,0,2025
https://openalex.org/W4392232564,2024,Epitaxy of wafer-scale single-crystal MoS2 monolayer via buffer layer control,graphene_2d_materials,Materials Chemistry,19026997,19026997,0,,W4392232564,10.1038/s41467-024-46170-6,147,57,openalex_v3_query_core,0,,strict,2D Materials and Applications,19026997,2D Materials and Applications,2D Materials and Applications,0,2025
https://openalex.org/W2536714570,2016,The Effect of Preparation Conditions on Raman and Photoluminescence of Monolayer WS2,graphene_2d_materials,Materials Chemistry,19026997,19026997,0,,W2536714570,10.1038/srep35154,146,80,openalex_v3_query_core,0,,strict,2D Materials and Applications,19026997,2D Materials and Applications,2D Materials and Applications,0,2025
https://openalex.org/W2552129348,2017,Probing low-energy hyperbolic polaritons in van der Waals crystals with an electron microscope,graphene_2d_materials,Biomedical Engineering,21275085,21275085,0,,W2552129348,10.1038/s41467-017-00056-y,146,57,openalex_v3_query_core,0,,strict,Nanowire Synthesis and Applications,21275085,Nanowire Synthesis and Applications,Nanowire Synthesis and Applications,0,2025
https://openalex.org/W2948261210,2019,Observation of Hofstadter butterfly and topological edge states in reconfigurable quasi-periodic acoustic crystals,graphene_2d_materials,"Atomic and Molecular Physics, and Optics",19095381,19095381,0,,W2948261210,10.1038/s42005-019-0151-7,146,42,openalex_v3_query_core,0,,strict,Topological Materials and Phenomena,19095381,Topological Materials and Phenomena,Topological Materials and Phenomena,0,2025
https://openalex.org/W2948654214,2019,Strain-tunable van der Waals interactions in few-layer black phosphorus,graphene_2d_materials,Materials Chemistry,19026997,19026997,0,,W2948654214,10.1038/s41467-019-10483-8,146,32,openalex_v3_query_core,0,,strict,2D Materials and Applications,19026997,2D Materials and Applications,2D Materials and Applications,0,2025
https://openalex.org/W2969169616,2019,"How Substitutional Point Defects in Two-Dimensional WS<sub>2</sub> Induce Charge Localization, Spin–Orbit Splitting, and Strain",graphene_2d_materials,Materials Chemistry,19026997,19026997,0,,W2969169616,10.1021/acsnano.9b04611,146,114,openalex_v3_query_core,0,,strict,2D Materials and Applications,19026997,2D Materials and Applications,2D Materials and Applications,0,2025
https://openalex.org/W2972077488,2019,Graphene Nanostructure-Based Tactile Sensors for Electronic Skin Applications,graphene_2d_materials,Biomedical Engineering,19043637,19043637,0,,W2972077488,10.1007/s40820-019-0302-0,146,153,openalex_v3_query_core,0,,strict,Advanced Sensor and Energy Harvesting Materials,19043637,Advanced Sensor and Energy Harvesting Materials,Advanced Sensor and Energy Harvesting Materials,0,2025
https://openalex.org/W3120959053,2021,Quantum Nanophotonics in Two-Dimensional Materials,graphene_2d_materials,Biomedical Engineering,19027259,19027259,0,,W3120959053,10.1021/acsphotonics.0c01224,146,309,openalex_v3_query_core,0,,strict,Plasmonic and Surface Plasmon Research,19027259,Plasmonic and Surface Plasmon Research,Plasmonic and Surface Plasmon Research,0,2025
https://openalex.org/W4295706224,2022,Inner Co Synergizing Outer Ru Supported on Carbon Nanotubes for Efficient pH-Universal Hydrogen Evolution Catalysis,graphene_2d_materials,"Renewable Energy, Sustainability and the Environment",18992146,18992146,0,,W4295706224,10.1007/s40820-022-00933-2,146,51,openalex_v3_query_core,0,,strict,Electrocatalysts for Energy Conversion,18992146,Electrocatalysts for Energy Conversion,Electrocatalysts for Energy Conversion,0,2025
https://openalex.org/W4365517594,2023,Prospective applications of two-dimensional materials beyond laboratory frontiers: A review,graphene_2d_materials,Materials Chemistry,19026997,19026997,0,,W4365517594,10.1016/j.isci.2023.106671,146,198,openalex_v3_query_core,0,,strict,2D Materials and Applications,19026997,2D Materials and Applications,2D Materials and Applications,0,2025
https://openalex.org/W4392619688,2024,Clay-based nanomaterials and their adsorptive removal efficiency for dyes and antibiotics: A review,graphene_2d_materials,Water Science and Technology,18991890,18991890,0,,W4392619688,10.1016/j.mtsust.2024.100735,146,315,openalex_v3_query_core,0,,strict,Adsorption and biosorption for pollutant removal,18991890,Adsorption and biosorption for pollutant removal,Adsorption and biosorption for pollutant removal,0,2025
https://openalex.org/W4401932736,2024,Rigid covalent organic frameworks with thiazole linkage to boost oxygen activation for photocatalytic water purification,graphene_2d_materials,Materials Chemistry,23488336,23488336,0,,W4401932736,10.1038/s41467-024-51878-6,146,61,openalex_v3_query_core,0,,strict,Covalent Organic Framework Applications,23488336,Covalent Organic Framework Applications,Covalent Organic Framework Applications,0,2025
https://openalex.org/W4406781230,2025,Influence of π–π interactions on organic photocatalytic materials and their performance,graphene_2d_materials,"Renewable Energy, Sustainability and the Environment",18992678,18992678,0,,W4406781230,10.1039/d4cs00029c,146,302,openalex_v3_query_core,0,,strict,Advanced Photocatalysis Techniques,18992678,Advanced Photocatalysis Techniques,Advanced Photocatalysis Techniques,0,2025
https://openalex.org/W2050211069,2014,Atomically Thin Heterostructures Based on Single-Layer Tungsten Diselenide and Graphene,graphene_2d_materials,Materials Chemistry,19026997,19026997,0,,W2050211069,10.1021/nl503144a,145,33,openalex_v3_query_core,0,,strict,2D Materials and Applications,19026997,2D Materials and Applications,2D Materials and Applications,0,2025
https://openalex.org/W2801401535,2018,Emerging two-dimensional ferromagnetism in silicene materials,graphene_2d_materials,Materials Chemistry,18992804,18992804,0,,W2801401535,10.1038/s41467-018-04012-2,145,43,openalex_v3_query_core,0,,strict,Graphene research and applications,18992804,Graphene research and applications,Graphene research and applications,0,2025
https://openalex.org/W2974707108,2019,Colloidal nanoparticle inks for printing functional devices: emerging trends and future prospects,graphene_2d_materials,"Electronic, Optical and Magnetic Materials",19009308,19009308,0,,W2974707108,10.1039/c9ta07552f,145,327,openalex_v3_query_core,0,,strict,Gold and Silver Nanoparticles Synthesis and Applications,19009308,Gold and Silver Nanoparticles Synthesis and Applications,Gold and Silver Nanoparticles Synthesis and Applications,0,2025
https://openalex.org/W3115979315,2020,A Library of Atomically Thin 2D Materials Featuring the Conductive‐Point Resistive Switching Phenomenon,graphene_2d_materials,Electrical and Electronic Engineering,19077560,19077560,0,,W3115979315,10.1002/adma.202007792,145,43,openalex_v3_query_core,0,,strict,Advanced Memory and Neural Computing,19077560,Advanced Memory and Neural Computing,Advanced Memory and Neural Computing,0,2025
https://openalex.org/W3147892047,2021,Giant gauge factor of Van der Waals material based strain sensors,graphene_2d_materials,Biomedical Engineering,19043637,19043637,0,,W3147892047,10.1038/s41467-021-22316-8,145,61,openalex_v3_query_core,0,,strict,Advanced Sensor and Energy Harvesting Materials,19043637,Advanced Sensor and Energy Harvesting Materials,Advanced Sensor and Energy Harvesting Materials,0,2025
https://openalex.org/W4307434380,2022,Metal Sulfide Photocatalysts for Hydrogen Generation: A Review of Recent Advances,graphene_2d_materials,"Renewable Energy, Sustainability and the Environment",18992678,18992678,0,,W4307434380,10.3390/catal12111316,145,166,openalex_v3_query_core,0,,strict,Advanced Photocatalysis Techniques,18992678,Advanced Photocatalysis Techniques,Advanced Photocatalysis Techniques,0,2025
https://openalex.org/W4317211939,2023,Emerging MoS2 Wafer-Scale Technique for Integrated Circuits,graphene_2d_materials,Materials Chemistry,19026997,19026997,0,,W4317211939,10.1007/s40820-022-01010-4,145,170,openalex_v3_query_core,0,,strict,2D Materials and Applications,19026997,2D Materials and Applications,2D Materials and Applications,0,2025
https://openalex.org/W4365443209,2023,Self-Healing MXene- and Graphene-Based Composites: Properties and Applications,graphene_2d_materials,Materials Chemistry,23488465,23488465,0,,W4365443209,10.1007/s40820-023-01074-w,145,142,openalex_v3_query_core,0,,strict,MXene and MAX Phase Materials,23488465,MXene and MAX Phase Materials,MXene and MAX Phase Materials,0,2025
https://openalex.org/W2566677437,2016,Twinned growth behaviour of two-dimensional materials,graphene_2d_materials,Materials Chemistry,19026997,19026997,0,,W2566677437,10.1038/ncomms13911,144,34,openalex_v3_query_core,0,,strict,2D Materials and Applications,19026997,2D Materials and Applications,2D Materials and Applications,0,2025
https://openalex.org/W2804491512,2018,The Role of Geometric Sites in 2D Materials for Energy Storage,graphene_2d_materials,Materials Chemistry,18992804,18992804,0,,W2804491512,10.1016/j.joule.2018.04.027,144,106,openalex_v3_query_core,0,,strict,Graphene research and applications,18992804,Graphene research and applications,Graphene research and applications,0,2025
https://openalex.org/W2896853347,2018,Long range intrinsic ferromagnetism in two dimensional materials and dissipationless future technologies,graphene_2d_materials,Materials Chemistry,19026997,19026997,0,,W2896853347,10.1063/1.5040694,144,194,openalex_v3_query_core,0,,strict,2D Materials and Applications,19026997,2D Materials and Applications,2D Materials and Applications,0,2025
https://openalex.org/W2906746015,2019,Machine Learning Classical Interatomic Potentials for Molecular Dynamics from First-Principles Training Data,graphene_2d_materials,Materials Chemistry,21394825,21394825,0,,W2906746015,10.1021/acs.jpcc.8b09917,144,103,openalex_v3_query_core,0,,strict,Machine Learning in Materials Science,21394825,Machine Learning in Materials Science,Machine Learning in Materials Science,0,2025
https://openalex.org/W2992689623,2019,In-plane anisotropic electronics based on low-symmetry 2D materials: progress and prospects,graphene_2d_materials,Materials Chemistry,19026997,19026997,0,,W2992689623,10.1039/c9na00623k,144,258,openalex_v3_query_core,0,,strict,2D Materials and Applications,19026997,2D Materials and Applications,2D Materials and Applications,0,2025
https://openalex.org/W4378715663,2023,Gate-tunable superconducting diode effect in a three-terminal Josephson device,graphene_2d_materials,"Atomic and Molecular Physics, and Optics",19044286,19044286,0,,W4378715663,10.1038/s41467-023-38856-0,144,62,openalex_v3_query_core,0,,strict,Quantum and electron transport phenomena,19044286,Quantum and electron transport phenomena,Quantum and electron transport phenomena,0,2025
https://openalex.org/W4399536866,2024,Constructing Built-In Electric Fields with Semiconductor Junctions and Schottky Junctions Based on Mo–MXene/Mo–Metal Sulfides for Electromagnetic Response,graphene_2d_materials,Materials Chemistry,23488465,23488465,0,,W4399536866,10.1007/s40820-024-01449-7,144,67,openalex_v3_query_core,0,,strict,MXene and MAX Phase Materials,23488465,MXene and MAX Phase Materials,MXene and MAX Phase Materials,0,2025
https://openalex.org/W2340200892,2015,Spectroscopic Signatures of AA′ and AB Stacking of Chemical Vapor Deposited Bilayer MoS<sub>2</sub>,graphene_2d_materials,Materials Chemistry,19026997,19026997,0,,W2340200892,10.1021/acsnano.5b05474,143,48,openalex_v3_query_core,0,,strict,2D Materials and Applications,19026997,2D Materials and Applications,2D Materials and Applications,0,2025
https://openalex.org/W2382371261,2016,The role of collective motion in the ultrafast charge transfer in van der Waals heterostructures,graphene_2d_materials,Materials Chemistry,19026997,19026997,0,,W2382371261,10.1038/ncomms11504,143,51,openalex_v3_query_core,0,,strict,2D Materials and Applications,19026997,2D Materials and Applications,2D Materials and Applications,0,2025
https://openalex.org/W2519405304,2016,Facile Synthesis of g-C3N4 Nanosheets/ZnO Nanocomposites with Enhanced Photocatalytic Activity in Reduction of Aqueous Chromium(VI) under Visible Light,graphene_2d_materials,"Renewable Energy, Sustainability and the Environment",18992678,18992678,0,,W2519405304,10.3390/nano6090173,143,62,openalex_v3_query_core,0,,strict,Advanced Photocatalysis Techniques,18992678,Advanced Photocatalysis Techniques,Advanced Photocatalysis Techniques,0,2025
https://openalex.org/W3082188803,2020,Two-Dimensional Black Phosphorus Nanomaterials: Emerging Advances in Electrochemical Energy Storage Science,graphene_2d_materials,Materials Chemistry,19026997,19026997,0,,W3082188803,10.1007/s40820-020-00510-5,143,279,openalex_v3_query_core,0,,strict,2D Materials and Applications,19026997,2D Materials and Applications,2D Materials and Applications,0,2025
https://openalex.org/W3128920305,2021,Carbon‐based flexible self‐supporting cathode for lithium‐sulfur batteries: Progress and perspective,graphene_2d_materials,Electrical and Electronic Engineering,19027124,19027124,0,,W3128920305,10.1002/cey2.96,143,136,openalex_v3_query_core,0,,strict,Advanced Battery Materials and Technologies,19027124,Advanced Battery Materials and Technologies,Advanced Battery Materials and Technologies,0,2025
https://openalex.org/W4220768029,2022,Observing polymerization in 2D dynamic covalent polymers,graphene_2d_materials,Materials Chemistry,23488336,23488336,0,,W4220768029,10.1038/s41586-022-04409-6,143,64,openalex_v3_query_core,0,,strict,Covalent Organic Framework Applications,23488336,Covalent Organic Framework Applications,Covalent Organic Framework Applications,0,2025
https://openalex.org/W4380083889,2023,Long-wave infrared photothermoelectric detectors with ultrahigh polarization sensitivity,graphene_2d_materials,Materials Chemistry,19060921,19060921,0,,W4380083889,10.1038/s41467-023-39071-7,143,45,openalex_v3_query_core,0,,strict,Advanced Thermoelectric Materials and Devices,19060921,Advanced Thermoelectric Materials and Devices,Advanced Thermoelectric Materials and Devices,0,2025
https://openalex.org/W2193058238,2016,Visualizing band offsets and edge states in bilayer–monolayer transition metal dichalcogenides lateral heterojunction,graphene_2d_materials,Materials Chemistry,19026997,19026997,0,,W2193058238,10.1038/ncomms10349,142,35,openalex_v3_query_core,0,,strict,2D Materials and Applications,19026997,2D Materials and Applications,2D Materials and Applications,0,2025
https://openalex.org/W2294532312,2016,Macroscopic self-reorientation of interacting two-dimensional crystals,graphene_2d_materials,Materials Chemistry,18992804,18992804,0,,W2294532312,10.1038/ncomms10800,142,43,openalex_v3_query_core,0,,strict,Graphene research and applications,18992804,Graphene research and applications,Graphene research and applications,0,2025
https://openalex.org/W2588981081,2017,Corrosion resistance of monolayer hexagonal boron nitride on copper,graphene_2d_materials,Materials Chemistry,18992804,18992804,0,,W2588981081,10.1038/srep42139,142,25,openalex_v3_query_core,0,,strict,Graphene research and applications,18992804,Graphene research and applications,Graphene research and applications,0,2025
https://openalex.org/W2792578873,2018,Stacking-controllable interlayer coupling and symmetric configuration of multilayered MoS2,graphene_2d_materials,Materials Chemistry,19026997,19026997,0,,W2792578873,10.1038/am.2017.226,142,49,openalex_v3_query_core,0,,strict,2D Materials and Applications,19026997,2D Materials and Applications,2D Materials and Applications,0,2025
https://openalex.org/W2962776391,2018,\nPhysical foundations of biological complexity,graphene_2d_materials,Sociology and Political Science,21274823,21274823,0,,W2962776391,10.1073/pnas.1807890115,142,166,openalex_v3_query_core,0,,strict,Evolutionary Game Theory and Cooperation,21274823,Evolutionary Game Theory and Cooperation,Evolutionary Game Theory and Cooperation,0,2025
https://openalex.org/W3098522620,2018,Long range intrinsic ferromagnetism in two dimensional materials and dissipationless future technologies,graphene_2d_materials,Materials Chemistry,19026997,19026997,0,,W3098522620,,142,207,openalex_v3_query_core,0,,strict,2D Materials and Applications,19026997,2D Materials and Applications,2D Materials and Applications,0,2025
https://openalex.org/W2956385651,2019,Two‐dimensional heterostructure promoted infrared photodetection devices,graphene_2d_materials,Materials Chemistry,19026997,19026997,0,,W2956385651,10.1002/inf2.12018,142,125,openalex_v3_query_core,0,,strict,2D Materials and Applications,19026997,2D Materials and Applications,2D Materials and Applications,0,2025
https://openalex.org/W2997631580,2020,Two-dimensional van der Waals spinterfaces and magnetic-interfaces,graphene_2d_materials,Materials Chemistry,19026997,19026997,0,,W2997631580,10.1063/1.5112171,142,173,openalex_v3_query_core,0,,strict,2D Materials and Applications,19026997,2D Materials and Applications,2D Materials and Applications,0,2025
https://openalex.org/W3006989599,2020,Excitons in 2D perovskites for ultrafast terahertz photonic devices,graphene_2d_materials,Electrical and Electronic Engineering,19026606,19026606,0,,W3006989599,10.1126/sciadv.aax8821,142,53,openalex_v3_query_core,0,,strict,Perovskite Materials and Applications,19026606,Perovskite Materials and Applications,Perovskite Materials and Applications,0,2025
https://openalex.org/W3009754208,2020,Van der Waals thin films of WTe2 for natural hyperbolic plasmonic surfaces,graphene_2d_materials,"Electronic, Optical and Magnetic Materials",19026604,19026604,0,,W3009754208,10.1038/s41467-020-15001-9,142,56,openalex_v3_query_core,0,,strict,Metamaterials and Metasurfaces Applications,19026604,Metamaterials and Metasurfaces Applications,Metamaterials and Metasurfaces Applications,0,2025
https://openalex.org/W3139370874,2021,Metal-Free Photocatalysis: Two-Dimensional Nanomaterial Connection toward Advanced Organic Synthesis,graphene_2d_materials,"Renewable Energy, Sustainability and the Environment",18992678,18992678,0,,W3139370874,10.1021/acsnano.1c00627,142,93,openalex_v3_query_core,0,,strict,Advanced Photocatalysis Techniques,18992678,Advanced Photocatalysis Techniques,Advanced Photocatalysis Techniques,0,2025
https://openalex.org/W4210685948,2022,Ultra-Low-Dose Pre-Metallation Strategy Served for Commercial Metal-Ion Capacitors,graphene_2d_materials,Electrical and Electronic Engineering,18991892,18991892,0,,W4210685948,10.1007/s40820-022-00792-x,142,44,openalex_v3_query_core,0,,strict,Advancements in Battery Materials,18991892,Advancements in Battery Materials,Advancements in Battery Materials,0,2025
https://openalex.org/W4284894978,2022,Cation-selective two-dimensional polyimine membranes for high-performance osmotic energy conversion,graphene_2d_materials,Electrical and Electronic Engineering,19060406,19060406,0,,W4284894978,10.1038/s41467-022-31523-w,142,59,openalex_v3_query_core,0,,strict,Fuel Cells and Related Materials,19060406,Fuel Cells and Related Materials,Fuel Cells and Related Materials,0,2025
https://openalex.org/W4296995253,2022,Strain-regulated Gibbs free energy enables reversible redox chemistry of chalcogenides for sodium ion batteries,graphene_2d_materials,Electrical and Electronic Engineering,19078737,19078737,0,,W4296995253,10.1038/s41467-022-33329-2,142,73,openalex_v3_query_core,0,,strict,Chalcogenide Semiconductor Thin Films,19078737,Chalcogenide Semiconductor Thin Films,Chalcogenide Semiconductor Thin Films,0,2025
https://openalex.org/W2321235668,2016,Intercalation-assisted longitudinal unzipping of carbon nanotubes for green and scalable synthesis of graphene nanoribbons,graphene_2d_materials,Materials Chemistry,18992804,18992804,0,,W2321235668,10.1038/srep22755,141,57,openalex_v3_query_core,0,,strict,Graphene research and applications,18992804,Graphene research and applications,Graphene research and applications,0,2025
https://openalex.org/W2898927359,2018,Enhanced Spontaneous Polarization in Ultrathin SnTe Films with Layered Antipolar Structure,graphene_2d_materials,Materials Chemistry,19026997,19026997,0,,W2898927359,10.1002/adma.201804428,141,49,openalex_v3_query_core,0,,strict,2D Materials and Applications,19026997,2D Materials and Applications,2D Materials and Applications,0,2025
https://openalex.org/W2982135561,2019,"A first-principles study of the effects of atom impurities, defects, strain, electric field and layer thickness on the electronic and magnetic properties of the C2N nanosheet",graphene_2d_materials,Materials Chemistry,18992804,18992804,0,,W2982135561,10.1016/j.carbon.2019.10.038,141,95,openalex_v3_query_core,0,,strict,Graphene research and applications,18992804,Graphene research and applications,Graphene research and applications,0,2025
https://openalex.org/W3125859300,2021,"Recent Progress on Vanadium Dioxide Nanostructures and Devices: Fabrication, Properties, Applications and Perspectives",graphene_2d_materials,Polymers and Plastics,21257275,21257275,0,,W3125859300,10.3390/nano11020338,141,202,openalex_v3_query_core,0,,strict,Transition Metal Oxide Nanomaterials,21257275,Transition Metal Oxide Nanomaterials,Transition Metal Oxide Nanomaterials,0,2025
https://openalex.org/W3126538784,2021,"Wearable technologies enable high-performance textile supercapacitors with flexible, breathable and wearable characteristics for future energy storage",graphene_2d_materials,"Electronic, Optical and Magnetic Materials",19009840,19009840,0,,W3126538784,10.1016/j.ensm.2021.02.002,141,237,openalex_v3_query_core,0,,strict,Supercapacitor Materials and Fabrication,19009840,Supercapacitor Materials and Fabrication,Supercapacitor Materials and Fabrication,0,2025
https://openalex.org/W3174436015,2021,Third-order nonlinear Hall effect induced by the Berry-connection polarizability tensor,graphene_2d_materials,"Atomic and Molecular Physics, and Optics",19095381,19095381,0,,W3174436015,10.1038/s41565-021-00917-0,141,30,openalex_v3_query_core,0,,strict,Topological Materials and Phenomena,19095381,Topological Materials and Phenomena,Topological Materials and Phenomena,0,2025
https://openalex.org/W4223898409,2022,Outstanding Charge Mobility by Band Transport in Two-Dimensional Semiconducting Covalent Organic Frameworks,graphene_2d_materials,Materials Chemistry,23488336,23488336,0,,W4223898409,10.1021/jacs.2c02408,141,53,openalex_v3_query_core,0,,strict,Covalent Organic Framework Applications,23488336,Covalent Organic Framework Applications,Covalent Organic Framework Applications,0,2025
https://openalex.org/W4288084550,2022,High-temperature flexible WSe2 photodetectors with ultrahigh photoresponsivity,graphene_2d_materials,Materials Chemistry,19026997,19026997,0,,W4288084550,10.1038/s41467-022-32062-0,141,51,openalex_v3_query_core,0,,strict,2D Materials and Applications,19026997,2D Materials and Applications,2D Materials and Applications,0,2025
https://openalex.org/W2342927554,2016,Exfoliated MoS2 in Water without Additives,graphene_2d_materials,Materials Chemistry,19026997,19026997,0,,W2342927554,10.1371/journal.pone.0154522,140,45,openalex_v3_query_core,0,,strict,2D Materials and Applications,19026997,2D Materials and Applications,2D Materials and Applications,0,2025
https://openalex.org/W2463165918,2016,Mapping polaronic states and lithiation gradients in individual V2O5 nanowires,graphene_2d_materials,Electrical and Electronic Engineering,18991892,18991892,0,,W2463165918,10.1038/ncomms12022,140,71,openalex_v3_query_core,0,,strict,Advancements in Battery Materials,18991892,Advancements in Battery Materials,Advancements in Battery Materials,0,2025
https://openalex.org/W2799353105,2018,Unravelling Light‐Induced Degradation of Layered Perovskite Crystals and Design of Efficient Encapsulation for Improved Photostability,graphene_2d_materials,Electrical and Electronic Engineering,19026606,19026606,0,,W2799353105,10.1002/adfm.201800305,140,57,openalex_v3_query_core,0,,strict,Perovskite Materials and Applications,19026606,Perovskite Materials and Applications,Perovskite Materials and Applications,0,2025
https://openalex.org/W3043156398,2020,Hybrid exciton-plasmon-polaritons in van der Waals semiconductor gratings,graphene_2d_materials,"Atomic and Molecular Physics, and Optics",23591034,23591034,0,,W3043156398,10.1038/s41467-020-17313-2,140,57,openalex_v3_query_core,0,,strict,Strong Light-Matter Interactions,23591034,Strong Light-Matter Interactions,Strong Light-Matter Interactions,0,2025
https://openalex.org/W3114281746,2021,Strain-Induced Quantum Phase Transitions in Magic-Angle Graphene,graphene_2d_materials,Materials Chemistry,18992804,18992804,0,,W3114281746,10.1103/physrevlett.127.027601,140,79,openalex_v3_query_core,0,,strict,Graphene research and applications,18992804,Graphene research and applications,Graphene research and applications,0,2025
https://openalex.org/W3155776961,2021,Green Synthesis and Applications of ZnO and TiO2 Nanostructures,graphene_2d_materials,Organic Chemistry,23522781,23522781,0,,W3155776961,10.3390/molecules26082236,140,279,openalex_v3_query_core,0,,strict,Nanomaterials for catalytic reactions,23522781,Nanomaterials for catalytic reactions,Nanomaterials for catalytic reactions,0,2025
https://openalex.org/W4207022867,2022,Robotic four-dimensional pixel assembly of van der Waals solids,graphene_2d_materials,Materials Chemistry,19026997,19026997,0,,W4207022867,10.1038/s41565-021-01061-5,140,60,openalex_v3_query_core,0,,strict,2D Materials and Applications,19026997,2D Materials and Applications,2D Materials and Applications,0,2025
https://openalex.org/W4304756644,2022,Three-dimensional hierarchically porous MoS2 foam as high-rate and stable lithium-ion battery anode,graphene_2d_materials,Electrical and Electronic Engineering,18991892,18991892,0,,W4304756644,10.1038/s41467-022-33790-z,140,50,openalex_v3_query_core,0,,strict,Advancements in Battery Materials,18991892,Advancements in Battery Materials,Advancements in Battery Materials,0,2025
https://openalex.org/W4316467852,2023,Graphene superlubricity: A review,graphene_2d_materials,Materials Chemistry,19061322,19061322,0,,W4316467852,10.1007/s40544-022-0681-y,140,131,openalex_v3_query_core,0,,strict,Diamond and Carbon-based Materials Research,19061322,Diamond and Carbon-based Materials Research,Diamond and Carbon-based Materials Research,0,2025
https://openalex.org/W4366993035,2023,Recent advances in electrode engineering strategies for aqueous Zn-based batteries,graphene_2d_materials,Electrical and Electronic Engineering,21343989,21343989,0,,W4366993035,10.1016/j.chempr.2023.03.033,140,165,openalex_v3_query_core,0,,strict,Advanced battery technologies research,21343989,Advanced battery technologies research,Advanced battery technologies research,0,2025
https://openalex.org/W2311140447,2016,Tunable Lattice Constant and Band Gap of Single- and Few-Layer ZnO,graphene_2d_materials,Materials Chemistry,18992932,18992932,0,,W2311140447,10.1021/acs.jpclett.6b00432,139,47,openalex_v3_query_core,0,,strict,ZnO doping and properties,18992932,ZnO doping and properties,ZnO doping and properties,0,2025
https://openalex.org/W2982363119,2020,Highly nonlinear trion-polaritons in a monolayer semiconductor,graphene_2d_materials,"Atomic and Molecular Physics, and Optics",23591034,23591034,0,,W2982363119,10.1038/s41467-020-17340-z,139,40,openalex_v3_query_core,0,,strict,Strong Light-Matter Interactions,23591034,Strong Light-Matter Interactions,Strong Light-Matter Interactions,0,2025
https://openalex.org/W3041435181,2020,Geometric approach to fragile topology beyond symmetry indicators,graphene_2d_materials,"Atomic and Molecular Physics, and Optics",19095381,19095381,0,,W3041435181,10.1103/physrevb.102.115135,139,120,openalex_v3_query_core,0,,strict,Topological Materials and Phenomena,19095381,Topological Materials and Phenomena,Topological Materials and Phenomena,0,2025
https://openalex.org/W4210674615,2022,Charge transfer of carbon nanomaterials for efficient metal‐free electrocatalysis,graphene_2d_materials,"Renewable Energy, Sustainability and the Environment",18992146,18992146,0,,W4210674615,10.1002/idm2.12010,139,128,openalex_v3_query_core,0,,strict,Electrocatalysts for Energy Conversion,18992146,Electrocatalysts for Energy Conversion,Electrocatalysts for Energy Conversion,0,2025
https://openalex.org/W4319994098,2023,Pursuing the tribovoltaic effect for direct-current triboelectric nanogenerators,graphene_2d_materials,Biomedical Engineering,19043637,19043637,0,,W4319994098,10.1039/d2ee04019k,139,127,openalex_v3_query_core,0,,strict,Advanced Sensor and Energy Harvesting Materials,19043637,Advanced Sensor and Energy Harvesting Materials,Advanced Sensor and Energy Harvesting Materials,0,2025
https://openalex.org/W4387871244,2023,Neuro-inspired optical sensor array for high-accuracy static image recognition and dynamic trace extraction,graphene_2d_materials,Electrical and Electronic Engineering,19077560,19077560,0,,W4387871244,10.1038/s41467-023-42488-9,139,84,openalex_v3_query_core,0,,strict,Advanced Memory and Neural Computing,19077560,Advanced Memory and Neural Computing,Advanced Memory and Neural Computing,0,2025
https://openalex.org/W4401655634,2024,Enhancing Defect-Induced Dipole Polarization Strategy of SiC@MoO3 Nanocomposite Towards Electromagnetic Wave Absorption,graphene_2d_materials,"Electronic, Optical and Magnetic Materials",21274432,21274432,0,,W4401655634,10.1007/s40820-024-01478-2,139,78,openalex_v3_query_core,0,,strict,Electromagnetic wave absorption materials,21274432,Electromagnetic wave absorption materials,Electromagnetic wave absorption materials,0,2025
https://openalex.org/W2912604658,2019,A dielectric-defined lateral heterojunction in a monolayer semiconductor,graphene_2d_materials,Materials Chemistry,19026997,19026997,0,,W2912604658,10.1038/s41928-019-0207-4,138,57,openalex_v3_query_core,0,,strict,2D Materials and Applications,19026997,2D Materials and Applications,2D Materials and Applications,0,2025
https://openalex.org/W3041672547,2020,Vacancies on 2D transition metal dichalcogenides elicit ferroptotic cell death,graphene_2d_materials,Pulmonary and Respiratory Medicine,21275352,21275352,0,,W3041672547,10.1038/s41467-020-17300-7,138,54,openalex_v3_query_core,0,,strict,Ferroptosis and cancer prognosis,21275352,Ferroptosis and cancer prognosis,Ferroptosis and cancer prognosis,0,2025
https://openalex.org/W3092389257,2020,Nanostructured boron nitride–based materials: synthesis and applications,graphene_2d_materials,Materials Chemistry,21275090,21275090,0,,W3092389257,10.1016/j.mtadv.2020.100107,138,171,openalex_v3_query_core,0,,strict,Thermal properties of materials,21275090,Thermal properties of materials,Thermal properties of materials,0,2025
https://openalex.org/W3142032386,2021,"Review on the Visible Light Photocatalysis for the Decomposition of Ciprofloxacin, Norfloxacin, Tetracyclines, and Sulfonamides Antibiotics in Wastewater",graphene_2d_materials,"Renewable Energy, Sustainability and the Environment",18992678,18992678,0,,W3142032386,10.3390/catal11040437,138,131,openalex_v3_query_core,0,,strict,Advanced Photocatalysis Techniques,18992678,Advanced Photocatalysis Techniques,Advanced Photocatalysis Techniques,0,2025
https://openalex.org/W4281571072,2022,Tandem utilization of CO2 photoreduction products for the carbonylation of aryl iodides,graphene_2d_materials,"Renewable Energy, Sustainability and the Environment",18992678,18992678,0,,W4281571072,10.1038/s41467-022-30676-y,138,54,openalex_v3_query_core,0,,strict,Advanced Photocatalysis Techniques,18992678,Advanced Photocatalysis Techniques,Advanced Photocatalysis Techniques,0,2025
https://openalex.org/W4288686001,2022,"Large-area transfer of two-dimensional materials free of cracks, contamination and wrinkles via controllable conformal contact",graphene_2d_materials,Materials Chemistry,18992804,18992804,0,,W4288686001,10.1038/s41467-022-31887-z,138,59,openalex_v3_query_core,0,,strict,Graphene research and applications,18992804,Graphene research and applications,Graphene research and applications,0,2025
https://openalex.org/W4321018906,2023,Recent progress in three-terminal artificial synapses based on 2D materials: from mechanisms to applications,graphene_2d_materials,Electrical and Electronic Engineering,19077560,19077560,0,,W4321018906,10.1038/s41378-023-00487-2,138,212,openalex_v3_query_core,0,,strict,Advanced Memory and Neural Computing,19077560,Advanced Memory and Neural Computing,Advanced Memory and Neural Computing,0,2025
https://openalex.org/W4392763697,2024,Electrical control of magnetism by electric field and current-induced torques,graphene_2d_materials,"Atomic and Molecular Physics, and Optics",18992286,18992286,0,,W4392763697,10.1103/revmodphys.96.015005,138,723,openalex_v3_query_core,0,,strict,Magnetic properties of thin films,18992286,Magnetic properties of thin films,Magnetic properties of thin films,0,2025
https://openalex.org/W2347100661,2016,Large-Area Two-Dimensional Layered Hexagonal Boron Nitride Grown on Sapphire by Metalorganic Vapor Phase Epitaxy,graphene_2d_materials,Materials Chemistry,18992804,18992804,0,,W2347100661,10.1021/acs.cgd.6b00398,137,65,openalex_v3_query_core,0,,strict,Graphene research and applications,18992804,Graphene research and applications,Graphene research and applications,0,2025
https://openalex.org/W2611490841,2017,Review Article: Progress in fabrication of transition metal dichalcogenides heterostructure systems,graphene_2d_materials,Materials Chemistry,19026997,19026997,0,,W2611490841,10.1116/1.4982736,137,98,openalex_v3_query_core,0,,strict,2D Materials and Applications,19026997,2D Materials and Applications,2D Materials and Applications,0,2025
https://openalex.org/W2725859623,2017,Optimal Charge-to-Spin Conversion in Graphene on Transition-Metal Dichalcogenides,graphene_2d_materials,Materials Chemistry,19026997,19026997,0,,W2725859623,10.1103/physrevlett.119.196801,137,44,openalex_v3_query_core,0,,strict,2D Materials and Applications,19026997,2D Materials and Applications,2D Materials and Applications,0,2025
https://openalex.org/W2897713472,2019,Alternative stacking sequences in hexagonal boron nitride,graphene_2d_materials,Materials Chemistry,18992804,18992804,0,,W2897713472,10.1088/2053-1583/ab0e24,137,58,openalex_v3_query_core,0,,strict,Graphene research and applications,18992804,Graphene research and applications,Graphene research and applications,0,2025
https://openalex.org/W3106162083,2020,Hybrid/Integrated Silicon Photonics Based on 2D Materials in Optical Communication Nanosystems,graphene_2d_materials,Electrical and Electronic Engineering,19027263,19027263,0,,W3106162083,10.1002/lpor.202000239,137,285,openalex_v3_query_core,0,,strict,Photonic and Optical Devices,19027263,Photonic and Optical Devices,Photonic and Optical Devices,0,2025
https://openalex.org/W3184792146,2021,One-pot synthesis of S-scheme MoS2/g-C3N4 heterojunction as effective visible light photocatalyst,graphene_2d_materials,"Renewable Energy, Sustainability and the Environment",18992678,18992678,0,,W3184792146,10.1038/s41598-021-94129-0,137,69,openalex_v3_query_core,0,,strict,Advanced Photocatalysis Techniques,18992678,Advanced Photocatalysis Techniques,Advanced Photocatalysis Techniques,0,2025
https://openalex.org/W4224210783,2022,Bioinspired sensor system for health care and human‐machine interaction,graphene_2d_materials,Biomedical Engineering,19043637,19043637,0,,W4224210783,10.1002/eom2.12209,137,247,openalex_v3_query_core,0,,strict,Advanced Sensor and Energy Harvesting Materials,19043637,Advanced Sensor and Energy Harvesting Materials,Advanced Sensor and Energy Harvesting Materials,0,2025
https://openalex.org/W4285612169,2022,Solution combustion synthesis: the relevant metrics for producing advanced and nanostructured photocatalysts,graphene_2d_materials,"Renewable Energy, Sustainability and the Environment",18992678,18992678,0,,W4285612169,10.1039/d2nr02714c,137,366,openalex_v3_query_core,0,,strict,Advanced Photocatalysis Techniques,18992678,Advanced Photocatalysis Techniques,Advanced Photocatalysis Techniques,0,2025
https://openalex.org/W4317932616,2023,Third-Order Optical Nonlinearities of 2D Materials at Telecommunications Wavelengths,graphene_2d_materials,"Atomic and Molecular Physics, and Optics",19147258,19147258,0,,W4317932616,10.3390/mi14020307,137,149,openalex_v3_query_core,0,,strict,Advanced Fiber Laser Technologies,19147258,Advanced Fiber Laser Technologies,Advanced Fiber Laser Technologies,0,2025
https://openalex.org/W4322707202,2023,Terahertz Imaging and Sensing for Healthcare: Current Status and Future Perspectives,graphene_2d_materials,Electrical and Electronic Engineering,19112537,19112537,0,,W4322707202,10.1109/access.2023.3247196,137,217,openalex_v3_query_core,0,,strict,Terahertz technology and applications,19112537,Terahertz technology and applications,Terahertz technology and applications,0,2025
https://openalex.org/W4390510450,2024,Photogating-assisted tunneling boosts the responsivity and speed of heterogeneous WSe2/Ta2NiSe5 photodetectors,graphene_2d_materials,Materials Chemistry,19026997,19026997,0,,W4390510450,10.1038/s41467-023-44482-7,137,70,openalex_v3_query_core,0,,strict,2D Materials and Applications,19026997,2D Materials and Applications,2D Materials and Applications,0,2025
https://openalex.org/W4391680583,2024,Ready-to-transfer two-dimensional materials using tunable adhesive force tapes,graphene_2d_materials,Materials Chemistry,18992804,18992804,0,,W4391680583,10.1038/s41928-024-01121-3,137,44,openalex_v3_query_core,0,,strict,Graphene research and applications,18992804,Graphene research and applications,Graphene research and applications,0,2025
https://openalex.org/W4391842111,2024,Layered double hydroxides‐based Z‐scheme heterojunction for photocatalysis,graphene_2d_materials,"Renewable Energy, Sustainability and the Environment",18992678,18992678,0,,W4391842111,10.1002/ece2.25,137,142,openalex_v3_query_core,0,,strict,Advanced Photocatalysis Techniques,18992678,Advanced Photocatalysis Techniques,Advanced Photocatalysis Techniques,0,2025
https://openalex.org/W2315308577,2016,Electronic and magnetic properties of Co doped MoS2 monolayer,graphene_2d_materials,Materials Chemistry,19026997,19026997,0,,W2315308577,10.1038/srep24153,136,62,openalex_v3_query_core,0,,strict,2D Materials and Applications,19026997,2D Materials and Applications,2D Materials and Applications,0,2025
https://openalex.org/W2938534290,2019,Theoretical and experimental investigation of visible light responsive AgBiS2-TiO2 heterojunctions for enhanced photocatalytic applications,graphene_2d_materials,"Renewable Energy, Sustainability and the Environment",18992678,18992678,0,,W2938534290,10.1016/j.apcatb.2019.04.033,136,90,openalex_v3_query_core,0,,strict,Advanced Photocatalysis Techniques,18992678,Advanced Photocatalysis Techniques,Advanced Photocatalysis Techniques,0,2025
https://openalex.org/W3093943197,2020,Prediction of Highly Selective Electrocatalytic Nitrogen Reduction at Low Overpotential on a Mo-Doped g-GaN Monolayer,graphene_2d_materials,Catalysis,23505229,23505229,0,,W3093943197,10.1021/acscatal.0c03140,136,124,openalex_v3_query_core,0,,strict,Ammonia Synthesis and Nitrogen Reduction,23505229,Ammonia Synthesis and Nitrogen Reduction,Ammonia Synthesis and Nitrogen Reduction,0,2025
https://openalex.org/W3151474055,2021,Topological phase transition in chiral graphene nanoribbons: from edge bands to end states,graphene_2d_materials,"Atomic and Molecular Physics, and Optics",19095381,19095381,0,,W3151474055,10.1038/s41467-021-25688-z,136,53,openalex_v3_query_core,0,,strict,Topological Materials and Phenomena,19095381,Topological Materials and Phenomena,Topological Materials and Phenomena,0,2025
https://openalex.org/W3176506627,2021,Photocatalytic overall water splitting by graphitic carbon nitride,graphene_2d_materials,"Renewable Energy, Sustainability and the Environment",18992678,18992678,0,,W3176506627,10.1002/inf2.12219,136,179,openalex_v3_query_core,0,,strict,Advanced Photocatalysis Techniques,18992678,Advanced Photocatalysis Techniques,Advanced Photocatalysis Techniques,0,2025
https://openalex.org/W4200213010,2021,Healing of donor defect states in monolayer molybdenum disulfide using oxygen-incorporated chemical vapour deposition,graphene_2d_materials,Materials Chemistry,19026997,19026997,0,,W4200213010,10.1038/s41928-021-00685-8,136,64,openalex_v3_query_core,0,,strict,2D Materials and Applications,19026997,2D Materials and Applications,2D Materials and Applications,0,2025
https://openalex.org/W4223631339,2022,Next-Generation Intelligent MXene-Based Electrochemical Aptasensors for Point-of-Care Cancer Diagnostics,graphene_2d_materials,Materials Chemistry,23488465,23488465,0,,W4223631339,10.1007/s40820-022-00845-1,136,222,openalex_v3_query_core,0,,strict,MXene and MAX Phase Materials,23488465,MXene and MAX Phase Materials,MXene and MAX Phase Materials,0,2025
https://openalex.org/W4224434616,2022,Quantum‐Engineered Devices Based on 2D Materials for Next‐Generation Information Processing and Storage,graphene_2d_materials,Materials Chemistry,19026997,19026997,0,,W4224434616,10.1002/adma.202109894,136,358,openalex_v3_query_core,0,,strict,2D Materials and Applications,19026997,2D Materials and Applications,2D Materials and Applications,0,2025
https://openalex.org/W2262205979,2015,Scalable fabrication of a hybrid field-effect and acousto-electric device by direct growth of monolayer MoS2/LiNbO3,graphene_2d_materials,Biomedical Engineering,21257791,21257791,0,,W2262205979,10.1038/ncomms9593,135,60,openalex_v3_query_core,0,,strict,Acoustic Wave Resonator Technologies,21257791,Acoustic Wave Resonator Technologies,Acoustic Wave Resonator Technologies,0,2025
https://openalex.org/W2805156068,2018,2D metal oxide nanoflakes for sensing applications: Review and perspective,graphene_2d_materials,Electrical and Electronic Engineering,19061184,19061184,0,,W2805156068,10.1016/j.snb.2018.05.157,135,269,openalex_v3_query_core,0,,strict,Gas Sensing Nanomaterials and Sensors,19061184,Gas Sensing Nanomaterials and Sensors,Gas Sensing Nanomaterials and Sensors,0,2025
https://openalex.org/W2885447582,2018,Isoreticular two-dimensional magnetic coordination polymers prepared through pre-synthetic ligand functionalization,graphene_2d_materials,Inorganic Chemistry,18992938,18992938,0,,W2885447582,10.1038/s41557-018-0113-9,135,39,openalex_v3_query_core,0,,strict,Metal-Organic Frameworks: Synthesis and Applications,18992938,Metal-Organic Frameworks: Synthesis and Applications,Metal-Organic Frameworks: Synthesis and Applications,0,2025
https://openalex.org/W2947722176,2019,Low‐dimensional nanomaterial/Si heterostructure‐based photodetectors,graphene_2d_materials,Biomedical Engineering,21275085,21275085,0,,W2947722176,10.1002/inf2.12014,135,136,openalex_v3_query_core,0,,strict,Nanowire Synthesis and Applications,21275085,Nanowire Synthesis and Applications,Nanowire Synthesis and Applications,0,2025
https://openalex.org/W4200275538,2021,Carbon-Coated Three-Dimensional MXene/Iron Selenide Ball with Core–Shell Structure for High-Performance Potassium-Ion Batteries,graphene_2d_materials,Materials Chemistry,23488465,23488465,0,,W4200275538,10.1007/s40820-021-00741-0,135,66,openalex_v3_query_core,0,,strict,MXene and MAX Phase Materials,23488465,MXene and MAX Phase Materials,MXene and MAX Phase Materials,0,2025
https://openalex.org/W4307033205,2022,Recent Advances in Semiconductor Heterojunctions and Z-Schemes for Photocatalytic Hydrogen Generation,graphene_2d_materials,"Renewable Energy, Sustainability and the Environment",18992678,18992678,0,,W4307033205,10.1007/s41061-022-00406-5,135,181,openalex_v3_query_core,0,,strict,Advanced Photocatalysis Techniques,18992678,Advanced Photocatalysis Techniques,Advanced Photocatalysis Techniques,0,2025
https://openalex.org/W4327813532,2023,Strong synergy between gold nanoparticles and cobalt porphyrin induces highly efficient photocatalytic hydrogen evolution,graphene_2d_materials,Materials Chemistry,23505629,23505629,0,,W4327813532,10.1038/s41467-023-37271-9,135,57,openalex_v3_query_core,0,,strict,Nanocluster Synthesis and Applications,23505629,Nanocluster Synthesis and Applications,Nanocluster Synthesis and Applications,0,2025
https://openalex.org/W2556525632,2016,Review of 2D superconductivity: the ultimate case of epitaxial monolayers,graphene_2d_materials,"Atomic and Molecular Physics, and Optics",25822225,25822225,0,,W2556525632,10.1088/0953-2048/30/1/013003,134,181,openalex_v3_query_core,0,,strict,Surface and Thin Film Phenomena,25822225,Surface and Thin Film Phenomena,Surface and Thin Film Phenomena,0,2025
https://openalex.org/W2581819890,2017,Model dielectric function for 2D semiconductors including substrate screening,graphene_2d_materials,Materials Chemistry,19026997,19026997,0,,W2581819890,10.1038/srep39844,134,32,openalex_v3_query_core,0,,strict,2D Materials and Applications,19026997,2D Materials and Applications,2D Materials and Applications,0,2025
https://openalex.org/W2893690013,2018,Twist angle-dependent conductivities across MoS2/graphene heterojunctions,graphene_2d_materials,Materials Chemistry,18992804,18992804,0,,W2893690013,10.1038/s41467-018-06555-w,134,29,openalex_v3_query_core,0,,strict,Graphene research and applications,18992804,Graphene research and applications,Graphene research and applications,0,2025
https://openalex.org/W2904927280,2018,Three-terminal memtransistors based on two-dimensional layered gallium selenide nanosheets for potential low-power electronics applications,graphene_2d_materials,Electrical and Electronic Engineering,19077560,19077560,0,,W2904927280,10.1016/j.nanoen.2018.12.057,134,49,openalex_v3_query_core,0,,strict,Advanced Memory and Neural Computing,19077560,Advanced Memory and Neural Computing,Advanced Memory and Neural Computing,0,2025
https://openalex.org/W3101022347,2018,Spin and Valley States in Gate-Defined Bilayer Graphene Quantum Dots,graphene_2d_materials,Materials Chemistry,18992804,18992804,0,,W3101022347,10.3929/ethz-b-000279978,134,43,openalex_v3_query_core,0,,strict,Graphene research and applications,18992804,Graphene research and applications,Graphene research and applications,0,2025
https://openalex.org/W2982952287,2019,Enhanced light-matter interaction in an atomically thin semiconductor coupled with dielectric nano-antennas,graphene_2d_materials,Materials Chemistry,19026997,19026997,0,,W2982952287,10.1038/s41467-019-12963-3,134,48,openalex_v3_query_core,0,,strict,2D Materials and Applications,19026997,2D Materials and Applications,2D Materials and Applications,0,2025
https://openalex.org/W3031967621,2020,Transition Metal Dichalcogenides for the Application of Pollution Reduction: A Review,graphene_2d_materials,Electrical and Electronic Engineering,19061184,19061184,0,,W3031967621,10.3390/nano10061012,134,299,openalex_v3_query_core,0,,strict,Gas Sensing Nanomaterials and Sensors,19061184,Gas Sensing Nanomaterials and Sensors,Gas Sensing Nanomaterials and Sensors,0,2025
https://openalex.org/W3156287055,2021,Tetradiketone macrocycle for divalent aluminium ion batteries,graphene_2d_materials,Electrical and Electronic Engineering,18991892,18991892,0,,W3156287055,10.1038/s41467-021-22633-y,134,43,openalex_v3_query_core,0,,strict,Advancements in Battery Materials,18991892,Advancements in Battery Materials,Advancements in Battery Materials,0,2025
https://openalex.org/W3199424856,2021,"Synthesis, Characterization, and Photocatalytic Activities of Graphene Oxide/metal Oxides Nanocomposites: A Review",graphene_2d_materials,"Renewable Energy, Sustainability and the Environment",18992678,18992678,0,,W3199424856,10.3389/fchem.2021.752276,134,169,openalex_v3_query_core,0,,strict,Advanced Photocatalysis Techniques,18992678,Advanced Photocatalysis Techniques,Advanced Photocatalysis Techniques,0,2025
https://openalex.org/W3212553220,2021,Integrated polarization-sensitive amplification system for digital information transmission,graphene_2d_materials,Electrical and Electronic Engineering,19026606,19026606,0,,W3212553220,10.1038/s41467-021-26919-z,134,47,openalex_v3_query_core,0,,strict,Perovskite Materials and Applications,19026606,Perovskite Materials and Applications,Perovskite Materials and Applications,0,2025
https://openalex.org/W4319597866,2023,Photocurrent as a multiphysics diagnostic of quantum materials,graphene_2d_materials,Electrical and Electronic Engineering,21343210,21343210,0,,W4319597866,10.1038/s42254-022-00551-2,134,141,openalex_v3_query_core,0,,strict,Advanced Semiconductor Detectors and Materials,21343210,Advanced Semiconductor Detectors and Materials,Advanced Semiconductor Detectors and Materials,0,2025
https://openalex.org/W4323543062,2023,Diode effect in Josephson junctions with a single magnetic atom,graphene_2d_materials,Condensed Matter Physics,18992153,18992153,0,,W4323543062,10.1038/s41586-023-05743-z,134,53,openalex_v3_query_core,0,,strict,Physics of Superconductivity and Magnetism,18992153,Physics of Superconductivity and Magnetism,Physics of Superconductivity and Magnetism,0,2025
https://openalex.org/W4391646396,2024,"Ti<sub>3</sub>C<sub>2</sub>T<sub><i>x</i></sub> MXene/carbon composites for advanced supercapacitors: Synthesis, progress, and perspectives",graphene_2d_materials,Materials Chemistry,23488465,23488465,0,,W4391646396,10.1002/cey2.501,134,143,openalex_v3_query_core,0,,strict,MXene and MAX Phase Materials,23488465,MXene and MAX Phase Materials,MXene and MAX Phase Materials,0,2025
https://openalex.org/W2619113679,2017,Flexible Multiferroic Bulk Heterojunction with Giant Magnetoelectric Coupling <i>via</i> van der Waals Epitaxy,graphene_2d_materials,"Electronic, Optical and Magnetic Materials",19130095,19130095,0,,W2619113679,10.1021/acsnano.7b02102,133,49,openalex_v3_query_core,0,,strict,Multiferroics and related materials,19130095,Multiferroics and related materials,Multiferroics and related materials,0,2025
https://openalex.org/W2885032895,2018,Understanding of MoS2/GaN Heterojunction Diode and its Photodetection Properties,graphene_2d_materials,Materials Chemistry,19026997,19026997,0,,W2885032895,10.1038/s41598-018-30237-8,133,53,openalex_v3_query_core,0,,strict,2D Materials and Applications,19026997,2D Materials and Applications,2D Materials and Applications,0,2025
https://openalex.org/W2913585223,2019,Templated Growth of Crystalline Mesoporous Materials: From Soft/Hard Templates to Colloidal Templates,graphene_2d_materials,Materials Chemistry,19112278,19112278,0,,W2913585223,10.3389/fchem.2019.00022,133,110,openalex_v3_query_core,0,,strict,Mesoporous Materials and Catalysis,19112278,Mesoporous Materials and Catalysis,Mesoporous Materials and Catalysis,0,2025
https://openalex.org/W2952093595,2019,Atomic-scale mapping of hydrophobic layers on graphene and few-layer MoS2 and WSe2 in water,graphene_2d_materials,Electrical and Electronic Engineering,19061184,19061184,0,,W2952093595,10.1038/s41467-019-10740-w,133,63,openalex_v3_query_core,0,,strict,Gas Sensing Nanomaterials and Sensors,19061184,Gas Sensing Nanomaterials and Sensors,Gas Sensing Nanomaterials and Sensors,0,2025
https://openalex.org/W2972859682,2019,"Gold nanomaterials as key suppliers in biological and chemical sensing, catalysis, and medicine",graphene_2d_materials,Materials Chemistry,23539420,23539420,0,,W2972859682,10.1016/j.bbagen.2019.129435,133,500,openalex_v3_query_core,0,,strict,Advanced Nanomaterials in Catalysis,23539420,Advanced Nanomaterials in Catalysis,Advanced Nanomaterials in Catalysis,0,2025
https://openalex.org/W3087620914,2020,Synthesis of epitaxial monolayer Janus SPtSe,graphene_2d_materials,Materials Chemistry,19026997,19026997,0,,W3087620914,10.1038/s41699-020-00175-z,133,31,openalex_v3_query_core,0,,strict,2D Materials and Applications,19026997,2D Materials and Applications,2D Materials and Applications,0,2025
https://openalex.org/W3093997394,2020,Naturally occurring van der Waals materials,graphene_2d_materials,Materials Chemistry,19026997,19026997,0,,W3093997394,10.1038/s41699-020-00172-2,133,155,openalex_v3_query_core,0,,strict,2D Materials and Applications,19026997,2D Materials and Applications,2D Materials and Applications,0,2025
https://openalex.org/W4225488511,2022,Wide field imaging of van der Waals ferromagnet Fe3GeTe2 by spin defects in hexagonal boron nitride,graphene_2d_materials,Materials Chemistry,18992804,18992804,0,,W4225488511,10.1038/s41467-022-33016-2,133,90,openalex_v3_query_core,0,,strict,Graphene research and applications,18992804,Graphene research and applications,Graphene research and applications,0,2025
https://openalex.org/W4285801781,2022,Experimental and DFT studies of flower-like Ni-doped Mo2C on carbon fiber paper: A highly efficient and robust HER electrocatalyst modulated by Ni(NO3)2 concentration,graphene_2d_materials,"Renewable Energy, Sustainability and the Environment",18992146,18992146,0,,W4285801781,10.1007/s40145-022-0610-6,133,67,openalex_v3_query_core,0,,strict,Electrocatalysts for Energy Conversion,18992146,Electrocatalysts for Energy Conversion,Electrocatalysts for Energy Conversion,0,2025
https://openalex.org/W4323341923,2023,2D material-based sensing devices: an update,graphene_2d_materials,Electrical and Electronic Engineering,19061184,19061184,0,,W4323341923,10.1039/d2ta07653e,133,406,openalex_v3_query_core,0,,strict,Gas Sensing Nanomaterials and Sensors,19061184,Gas Sensing Nanomaterials and Sensors,Gas Sensing Nanomaterials and Sensors,0,2025
https://openalex.org/W4393411088,2024,Janus electronic state of supported iridium nanoclusters for sustainable alkaline water electrolysis,graphene_2d_materials,"Renewable Energy, Sustainability and the Environment",18992146,18992146,0,,W4393411088,10.1038/s41467-024-47045-6,133,52,openalex_v3_query_core,0,,strict,Electrocatalysts for Energy Conversion,18992146,Electrocatalysts for Energy Conversion,Electrocatalysts for Energy Conversion,0,2025
https://openalex.org/W1900086672,2015,Spin and valley dynamics of excitons in transition metal dichalcogenide monolayers,graphene_2d_materials,Materials Chemistry,19026997,19026997,0,,W1900086672,10.1002/pssb.201552211,132,71,openalex_v3_query_core,0,,strict,2D Materials and Applications,19026997,2D Materials and Applications,2D Materials and Applications,0,2025
https://openalex.org/W2220159002,2015,Charge-Transfer Induced High Efficient Hydrogen Evolution of MoS2/graphene Cocatalyst,graphene_2d_materials,"Renewable Energy, Sustainability and the Environment",18992146,18992146,0,,W2220159002,10.1038/srep18730,132,44,openalex_v3_query_core,0,,strict,Electrocatalysts for Energy Conversion,18992146,Electrocatalysts for Energy Conversion,Electrocatalysts for Energy Conversion,0,2025
https://openalex.org/W2561559657,2016,Directional interlayer spin-valley transfer in two-dimensional heterostructures,graphene_2d_materials,Materials Chemistry,19026997,19026997,0,,W2561559657,10.1038/ncomms13747,132,45,openalex_v3_query_core,0,,strict,2D Materials and Applications,19026997,2D Materials and Applications,2D Materials and Applications,0,2025
https://openalex.org/W2795510410,2018,Computational screening of high-performance optoelectronic materials using OptB88vdW and TB-mBJ formalisms,graphene_2d_materials,Materials Chemistry,21394825,21394825,0,,W2795510410,10.1038/sdata.2018.82,132,57,openalex_v3_query_core,0,,strict,Machine Learning in Materials Science,21394825,Machine Learning in Materials Science,Machine Learning in Materials Science,0,2025
https://openalex.org/W2899064855,2018,Strong Light–Matter Interaction in Lithography-Free Planar Metamaterial Perfect Absorbers,graphene_2d_materials,"Electronic, Optical and Magnetic Materials",19026604,19026604,0,,W2899064855,10.1021/acsphotonics.8b00872,132,229,openalex_v3_query_core,0,,strict,Metamaterials and Metasurfaces Applications,19026604,Metamaterials and Metasurfaces Applications,Metamaterials and Metasurfaces Applications,0,2025
https://openalex.org/W2951629293,2019,Carbon Nanotube Based Fiber Supercapacitor as Wearable Energy Storage,graphene_2d_materials,"Electronic, Optical and Magnetic Materials",19009840,19009840,0,,W2951629293,10.3389/fmats.2019.00138,132,109,openalex_v3_query_core,0,,strict,Supercapacitor Materials and Fabrication,19009840,Supercapacitor Materials and Fabrication,Supercapacitor Materials and Fabrication,0,2025
https://openalex.org/W2972414385,2019,Gaussian synapses for probabilistic neural networks,graphene_2d_materials,Electrical and Electronic Engineering,19077560,19077560,0,,W2972414385,10.1038/s41467-019-12035-6,132,64,openalex_v3_query_core,0,,strict,Advanced Memory and Neural Computing,19077560,Advanced Memory and Neural Computing,Advanced Memory and Neural Computing,0,2025
https://openalex.org/W3216363326,2021,A Novel Artificial Neuron-Like Gas Sensor Constructed from CuS Quantum Dots/Bi2S3 Nanosheets,graphene_2d_materials,Electrical and Electronic Engineering,19061184,19061184,0,,W3216363326,10.1007/s40820-021-00740-1,132,49,openalex_v3_query_core,0,,strict,Gas Sensing Nanomaterials and Sensors,19061184,Gas Sensing Nanomaterials and Sensors,Gas Sensing Nanomaterials and Sensors,0,2025
https://openalex.org/W4304136186,2022,Bio-Inspired Synthesis of Carbon-Based Nanomaterials and Their Potential Environmental Applications: A State-of-the-Art Review,graphene_2d_materials,Materials Chemistry,21291853,21291853,0,,W4304136186,10.3390/inorganics10100169,132,226,openalex_v3_query_core,0,,strict,Carbon and Quantum Dots Applications,21291853,Carbon and Quantum Dots Applications,Carbon and Quantum Dots Applications,0,2025
https://openalex.org/W4366825856,2023,Wafer-scale high-κ dielectrics for two-dimensional circuits via van der Waals integration,graphene_2d_materials,Materials Chemistry,18992804,18992804,0,,W4366825856,10.1038/s41467-023-37887-x,132,39,openalex_v3_query_core,0,,strict,Graphene research and applications,18992804,Graphene research and applications,Graphene research and applications,0,2025
https://openalex.org/W4388632640,2023,"Graphene-like emerging 2D materials: recent progress, challenges and future outlook",graphene_2d_materials,Materials Chemistry,23488465,23488465,0,,W4388632640,10.1039/d3ra04456d,132,396,openalex_v3_query_core,0,,strict,MXene and MAX Phase Materials,23488465,MXene and MAX Phase Materials,MXene and MAX Phase Materials,0,2025
https://openalex.org/W4391563079,2024,Nanozyme-Engineered Hydrogels for Anti-Inflammation and Skin Regeneration,graphene_2d_materials,Materials Chemistry,23539420,23539420,0,,W4391563079,10.1007/s40820-024-01323-6,132,299,openalex_v3_query_core,0,,strict,Advanced Nanomaterials in Catalysis,23539420,Advanced Nanomaterials in Catalysis,Advanced Nanomaterials in Catalysis,0,2025
https://openalex.org/W4399513199,2024,Enhancing Low-Frequency Microwave Absorption Through Structural Polarization Modulation of MXenes,graphene_2d_materials,"Electronic, Optical and Magnetic Materials",21274432,21274432,0,,W4399513199,10.1007/s40820-024-01437-x,132,88,openalex_v3_query_core,0,,strict,Electromagnetic wave absorption materials,21274432,Electromagnetic wave absorption materials,Electromagnetic wave absorption materials,0,2025
https://openalex.org/W2325750378,2015,Controlled van der Waals Epitaxy of Monolayer MoS<sub>2</sub> Triangular Domains on Graphene,graphene_2d_materials,Materials Chemistry,19026997,19026997,0,,W2325750378,10.1021/am508569m,131,50,openalex_v3_query_core,0,,strict,2D Materials and Applications,19026997,2D Materials and Applications,2D Materials and Applications,0,2025
https://openalex.org/W2478765752,2016,"Carbon Nanotube-Based Polymer Composites: Synthesis, Properties and Applications",graphene_2d_materials,Materials Chemistry,18992674,18992674,0,,W2478765752,10.5772/62497,131,209,openalex_v3_query_core,0,,strict,Carbon Nanotubes in Composites,18992674,Carbon Nanotubes in Composites,Carbon Nanotubes in Composites,0,2025
https://openalex.org/W2798214266,2018,Interfacing Graphene-Based Materials With Neural Cells,graphene_2d_materials,Biomedical Engineering,23591170,23591170,0,,W2798214266,10.3389/fnsys.2018.00012,131,238,openalex_v3_query_core,0,,strict,Graphene and Nanomaterials Applications,23591170,Graphene and Nanomaterials Applications,Graphene and Nanomaterials Applications,0,2025
https://openalex.org/W2923840490,2019,Approaches to Enhancing Gas Sensing Properties: A Review,graphene_2d_materials,Electrical and Electronic Engineering,19061184,19061184,0,,W2923840490,10.3390/s19071495,131,164,openalex_v3_query_core,0,,strict,Gas Sensing Nanomaterials and Sensors,19061184,Gas Sensing Nanomaterials and Sensors,Gas Sensing Nanomaterials and Sensors,0,2025
https://openalex.org/W3148770276,2021,Mechanical properties of aerospace epoxy composites reinforced with 2D nano-fillers: current status and road to industrialization,graphene_2d_materials,Mechanics of Materials,19026215,19026215,0,,W3148770276,10.1039/d1na00050k,131,224,openalex_v3_query_core,0,,strict,Mechanical Behavior of Composites,19026215,Mechanical Behavior of Composites,Mechanical Behavior of Composites,0,2025
https://openalex.org/W4362523109,2023,Atomistic modeling of the mechanical properties: the rise of machine learning interatomic potentials,graphene_2d_materials,Materials Chemistry,21394825,21394825,0,,W4362523109,10.1039/d3mh00125c,131,90,openalex_v3_query_core,0,,strict,Machine Learning in Materials Science,21394825,Machine Learning in Materials Science,Machine Learning in Materials Science,0,2025
https://openalex.org/W2727496446,2017,Combining photocatalytic hydrogen generation and capsule storage in graphene based sandwich structures,graphene_2d_materials,"Renewable Energy, Sustainability and the Environment",18992678,18992678,0,,W2727496446,10.1038/ncomms16049,130,49,openalex_v3_query_core,0,,strict,Advanced Photocatalysis Techniques,18992678,Advanced Photocatalysis Techniques,Advanced Photocatalysis Techniques,0,2025
https://openalex.org/W2921107352,2019,Electrical Properties of Two-Dimensional Materials Used in Gas Sensors,graphene_2d_materials,Materials Chemistry,18992804,18992804,0,,W2921107352,10.3390/s19061295,130,123,openalex_v3_query_core,0,,strict,Graphene research and applications,18992804,Graphene research and applications,Graphene research and applications,0,2025
https://openalex.org/W2991867712,2019,Analytical approximations for the dispersion of electromagnetic modes in slabs of biaxial crystals,graphene_2d_materials,Biomedical Engineering,19027259,19027259,0,,W2991867712,10.1103/physrevb.100.235408,130,39,openalex_v3_query_core,0,,strict,Plasmonic and Surface Plasmon Research,19027259,Plasmonic and Surface Plasmon Research,Plasmonic and Surface Plasmon Research,0,2025
https://openalex.org/W3147182526,2021,Ultralow Threshold Polariton Condensate in a Monolayer Semiconductor Microcavity at Room Temperature,graphene_2d_materials,"Atomic and Molecular Physics, and Optics",23591034,23591034,0,,W3147182526,10.1021/acs.nanolett.1c01162,130,71,openalex_v3_query_core,0,,strict,Strong Light-Matter Interactions,23591034,Strong Light-Matter Interactions,Strong Light-Matter Interactions,0,2025
https://openalex.org/W3196487305,2021,MXene-GaN van der Waals metal-semiconductor junctions for high performance multiple quantum well photodetectors,graphene_2d_materials,Materials Chemistry,23488465,23488465,0,,W3196487305,10.1038/s41377-021-00619-1,130,45,openalex_v3_query_core,0,,strict,MXene and MAX Phase Materials,23488465,MXene and MAX Phase Materials,MXene and MAX Phase Materials,0,2025
https://openalex.org/W4221028422,2022,Nanoscale metal oxides–2D materials heterostructures for photoelectrochemical water splitting—a review,graphene_2d_materials,"Renewable Energy, Sustainability and the Environment",18992678,18992678,0,,W4221028422,10.1039/d1ta10203f,130,247,openalex_v3_query_core,0,,strict,Advanced Photocatalysis Techniques,18992678,Advanced Photocatalysis Techniques,Advanced Photocatalysis Techniques,0,2025
https://openalex.org/W4282946003,2022,"Freestanding Perovskite Oxide Films: Synthesis, Challenges, and Properties",graphene_2d_materials,Materials Chemistry,23574796,23574796,0,,W4282946003,10.1002/andp.202200084,130,151,openalex_v3_query_core,0,,strict,Electronic and Structural Properties of Oxides,23574796,Electronic and Structural Properties of Oxides,Electronic and Structural Properties of Oxides,0,2025
https://openalex.org/W4383500050,2023,Room-Temperature Photoluminescence Mediated by Sulfur Vacancies in 2D Molybdenum Disulfide,graphene_2d_materials,Materials Chemistry,19026997,19026997,0,,W4383500050,10.1021/acsnano.3c02103,130,51,openalex_v3_query_core,0,,strict,2D Materials and Applications,19026997,2D Materials and Applications,2D Materials and Applications,0,2025
https://openalex.org/W4396857590,2024,"Piezoelectric Energy Harvester Technologies: Synthesis, Mechanisms, and Multifunctional Applications",graphene_2d_materials,Mechanical Engineering,21274559,21274559,0,,W4396857590,10.1021/acsami.3c17037,130,279,openalex_v3_query_core,0,,strict,Innovative Energy Harvesting Technologies,21274559,Innovative Energy Harvesting Technologies,Innovative Energy Harvesting Technologies,0,2025
https://openalex.org/W2909004486,2019,Monolayer Epitaxial Heterostructures for Selective Visible‐Light‐Driven Photocatalytic NO Oxidation,graphene_2d_materials,"Renewable Energy, Sustainability and the Environment",18992678,18992678,0,,W2909004486,10.1002/adfm.201808084,129,40,openalex_v3_query_core,0,,strict,Advanced Photocatalysis Techniques,18992678,Advanced Photocatalysis Techniques,Advanced Photocatalysis Techniques,0,2025
https://openalex.org/W3122918740,2019,Dry release transfer of graphene and few-layer h-BN by utilizing thermoplasticity of polypropylene carbonate,graphene_2d_materials,Materials Chemistry,18992804,18992804,0,,W3122918740,10.1038/s41699-019-0104-8,129,60,openalex_v3_query_core,0,,strict,Graphene research and applications,18992804,Graphene research and applications,Graphene research and applications,0,2025
https://openalex.org/W3033722804,2020,Two-Dimensional Black Phosphorus: An Emerging Anode Material for Lithium-Ion Batteries,graphene_2d_materials,Materials Chemistry,19026997,19026997,0,,W3033722804,10.1007/s40820-020-00453-x,129,156,openalex_v3_query_core,0,,strict,2D Materials and Applications,19026997,2D Materials and Applications,2D Materials and Applications,0,2025
https://openalex.org/W3107514954,2020,Supramolecular adhesive materials from small‐molecule self‐assembly,graphene_2d_materials,Organic Chemistry,19060402,19060402,0,,W3107514954,10.1002/smm2.1012,129,102,openalex_v3_query_core,0,,strict,Advanced Polymer Synthesis and Characterization,19060402,Advanced Polymer Synthesis and Characterization,Advanced Polymer Synthesis and Characterization,0,2025
https://openalex.org/W3110650343,2020,"van der Waals Magnets: Material Family, Detection and Modulation of Magnetism, and Perspective in Spintronics",graphene_2d_materials,Materials Chemistry,19026997,19026997,0,,W3110650343,10.1002/advs.202002488,129,207,openalex_v3_query_core,0,,strict,2D Materials and Applications,19026997,2D Materials and Applications,2D Materials and Applications,0,2025
https://openalex.org/W3188541551,2021,Band‐tailored van der Waals heterostructure for multilevel memory and artificial synapse,graphene_2d_materials,Electrical and Electronic Engineering,19077560,19077560,0,,W3188541551,10.1002/inf2.12230,129,55,openalex_v3_query_core,0,,strict,Advanced Memory and Neural Computing,19077560,Advanced Memory and Neural Computing,Advanced Memory and Neural Computing,0,2025
https://openalex.org/W4281872535,2022,Improving stability in two-dimensional transistors with amorphous gate oxides by Fermi-level tuning,graphene_2d_materials,Materials Chemistry,18992804,18992804,0,,W4281872535,10.1038/s41928-022-00768-0,129,86,openalex_v3_query_core,0,,strict,Graphene research and applications,18992804,Graphene research and applications,Graphene research and applications,0,2025
https://openalex.org/W4311975594,2022,A Review of Perovskite-Based Photodetectors and Their Applications,graphene_2d_materials,Electrical and Electronic Engineering,19026606,19026606,0,,W4311975594,10.3390/nano12244390,129,126,openalex_v3_query_core,0,,strict,Perovskite Materials and Applications,19026606,Perovskite Materials and Applications,Perovskite Materials and Applications,0,2025
https://openalex.org/W2120306410,2014,van der Waals trilayers and superlattices: modification of electronic structures of MoS <sub>2</sub> by intercalation,graphene_2d_materials,Materials Chemistry,19026997,19026997,0,,W2120306410,10.1039/c4nr00783b,128,50,openalex_v3_query_core,0,,strict,2D Materials and Applications,19026997,2D Materials and Applications,2D Materials and Applications,0,2025
https://openalex.org/W2792326167,2018,Intralayer and interlayer electron–phonon interactions in twisted graphene heterostructures,graphene_2d_materials,Materials Chemistry,18992804,18992804,0,,W2792326167,10.1038/s41467-018-03479-3,128,27,openalex_v3_query_core,0,,strict,Graphene research and applications,18992804,Graphene research and applications,Graphene research and applications,0,2025
https://openalex.org/W2793340654,2018,Device physics of van der Waals heterojunction solar cells,graphene_2d_materials,Materials Chemistry,19026997,19026997,0,,W2793340654,10.1038/s41699-018-0049-3,128,68,openalex_v3_query_core,0,,strict,2D Materials and Applications,19026997,2D Materials and Applications,2D Materials and Applications,0,2025
https://openalex.org/W2943925338,2019,Gas Sensors Based on Mechanically Exfoliated MoS2 Nanosheets for Room-Temperature NO2 Detection,graphene_2d_materials,Electrical and Electronic Engineering,19061184,19061184,0,,W2943925338,10.3390/s19092123,128,69,openalex_v3_query_core,0,,strict,Gas Sensing Nanomaterials and Sensors,19061184,Gas Sensing Nanomaterials and Sensors,Gas Sensing Nanomaterials and Sensors,0,2025
https://openalex.org/W2999818143,2020,Launching a new dimension with 3D magnetic nanostructures,graphene_2d_materials,"Atomic and Molecular Physics, and Optics",18992286,18992286,0,,W2999818143,10.1063/1.5134474,128,226,openalex_v3_query_core,0,,strict,Magnetic properties of thin films,18992286,Magnetic properties of thin films,Magnetic properties of thin films,0,2025
https://openalex.org/W3036599875,2020,Controlling interlayer excitons in MoS2 layers grown by chemical vapor deposition,graphene_2d_materials,Materials Chemistry,19026997,19026997,0,,W3036599875,10.1038/s41467-020-16023-z,128,82,openalex_v3_query_core,0,,strict,2D Materials and Applications,19026997,2D Materials and Applications,2D Materials and Applications,0,2025
https://openalex.org/W3095896000,2020,Solid-phase hetero epitaxial growth of α-phase formamidinium perovskite,graphene_2d_materials,Electrical and Electronic Engineering,19026606,19026606,0,,W3095896000,10.1038/s41467-020-19237-3,128,57,openalex_v3_query_core,0,,strict,Perovskite Materials and Applications,19026606,Perovskite Materials and Applications,Perovskite Materials and Applications,0,2025
https://openalex.org/W3156395288,2021,Silica optical fiber integrated with two-dimensional materials: towards opto-electro-mechanical technology,graphene_2d_materials,Electrical and Electronic Engineering,19027263,19027263,0,,W3156395288,10.1038/s41377-021-00520-x,128,315,openalex_v3_query_core,0,,strict,Photonic and Optical Devices,19027263,Photonic and Optical Devices,Photonic and Optical Devices,0,2025
https://openalex.org/W4317388242,2023,General low-temperature growth of two-dimensional nanosheets from layered and nonlayered materials,graphene_2d_materials,Materials Chemistry,19026997,19026997,0,,W4317388242,10.1038/s41467-023-35983-6,128,46,openalex_v3_query_core,0,,strict,2D Materials and Applications,19026997,2D Materials and Applications,2D Materials and Applications,0,2025
https://openalex.org/W4362664172,2023,Perspectives on Usage of Functional Nanomaterials in Antimicrobial Therapy for Antibiotic-Resistant Bacterial Infections,graphene_2d_materials,Materials Chemistry,23539420,23539420,0,,W4362664172,10.1021/acsomega.3c00110,128,171,openalex_v3_query_core,0,,strict,Advanced Nanomaterials in Catalysis,23539420,Advanced Nanomaterials in Catalysis,Advanced Nanomaterials in Catalysis,0,2025
https://openalex.org/W4391947933,2024,Recent Advances in In-Memory Computing: Exploring Memristor and Memtransistor Arrays with 2D Materials,graphene_2d_materials,Electrical and Electronic Engineering,19077560,19077560,0,,W4391947933,10.1007/s40820-024-01335-2,128,137,openalex_v3_query_core,0,,strict,Advanced Memory and Neural Computing,19077560,Advanced Memory and Neural Computing,Advanced Memory and Neural Computing,0,2025
https://openalex.org/W4395044100,2024,"Wide Bandgap Semiconductors for Ultraviolet Photodetectors: Approaches, Applications, and Prospects",graphene_2d_materials,"Electronic, Optical and Magnetic Materials",23574011,23574011,0,,W4395044100,10.34133/research.0385,128,167,openalex_v3_query_core,0,,strict,Ga2O3 and related materials,23574011,Ga2O3 and related materials,Ga2O3 and related materials,0,2025
https://openalex.org/W2118258793,2014,Band Engineering for Novel Two‐Dimensional Atomic Layers,graphene_2d_materials,Materials Chemistry,19026997,19026997,0,,W2118258793,10.1002/smll.201402380,127,214,openalex_v3_query_core,0,,strict,2D Materials and Applications,19026997,2D Materials and Applications,2D Materials and Applications,0,2025
https://openalex.org/W2734796918,2017,Spin Hall Effect and Weak Antilocalization in Graphene/Transition Metal Dichalcogenide Heterostructures,graphene_2d_materials,Materials Chemistry,19026997,19026997,0,,W2734796918,10.1021/acs.nanolett.7b02364,127,73,openalex_v3_query_core,0,,strict,2D Materials and Applications,19026997,2D Materials and Applications,2D Materials and Applications,0,2025
https://openalex.org/W2965129576,2019,"Identification of spin, valley and moiré quasi-angular momentum of interlayer excitons",graphene_2d_materials,Materials Chemistry,19026997,19026997,0,,W2965129576,10.1038/s41567-019-0631-4,127,34,openalex_v3_query_core,0,,strict,2D Materials and Applications,19026997,2D Materials and Applications,2D Materials and Applications,0,2025
https://openalex.org/W2983545098,2020,Exciton diffusion in monolayer semiconductors with suppressed disorder,graphene_2d_materials,Materials Chemistry,19026997,19026997,0,,W2983545098,10.1103/physrevb.101.115430,127,86,openalex_v3_query_core,0,,strict,2D Materials and Applications,19026997,2D Materials and Applications,2D Materials and Applications,0,2025
https://openalex.org/W3006386798,2020,Transition metal dichalcogenide metamaterials with atomic precision,graphene_2d_materials,Materials Chemistry,19026997,19026997,0,,W3006386798,10.1038/s41467-020-18428-2,127,40,openalex_v3_query_core,0,,strict,2D Materials and Applications,19026997,2D Materials and Applications,2D Materials and Applications,0,2025
https://openalex.org/W3036500810,2021,Raman spectrum of Janus transition metal dichalcogenide monolayers WSSe and MoSSe,graphene_2d_materials,Materials Chemistry,19026997,19026997,0,,W3036500810,10.1103/physrevb.103.035414,127,101,openalex_v3_query_core,0,,strict,2D Materials and Applications,19026997,2D Materials and Applications,2D Materials and Applications,0,2025
https://openalex.org/W3116992812,2021,Quantum frequency doubling in the topological insulator Bi2Se3,graphene_2d_materials,"Atomic and Molecular Physics, and Optics",19095381,19095381,0,,W3116992812,10.1038/s41467-021-20983-1,127,62,openalex_v3_query_core,0,,strict,Topological Materials and Phenomena,19095381,Topological Materials and Phenomena,Topological Materials and Phenomena,0,2025
https://openalex.org/W3171261433,2021,Strong interaction between interlayer excitons and correlated electrons in WSe2/WS2 moiré superlattice,graphene_2d_materials,Materials Chemistry,19026997,19026997,0,,W3171261433,10.1038/s41467-021-23732-6,127,51,openalex_v3_query_core,0,,strict,2D Materials and Applications,19026997,2D Materials and Applications,2D Materials and Applications,0,2025
https://openalex.org/W4285093551,2022,Two‐dimensional In<sub>2</sub>Se<sub>3</sub>: A rising advanced material for ferroelectric data storage,graphene_2d_materials,Materials Chemistry,19026997,19026997,0,,W4285093551,10.1002/inf2.12341,127,137,openalex_v3_query_core,0,,strict,2D Materials and Applications,19026997,2D Materials and Applications,2D Materials and Applications,0,2025
https://openalex.org/W4360974205,2023,"Graphitic carbon nitride (g-C<sub>3</sub>N<sub>4</sub>) based heterogeneous single atom catalysts: synthesis, characterisation and catalytic applications",graphene_2d_materials,"Renewable Energy, Sustainability and the Environment",18992678,18992678,0,,W4360974205,10.1039/d2ta09776a,127,148,openalex_v3_query_core,0,,strict,Advanced Photocatalysis Techniques,18992678,Advanced Photocatalysis Techniques,Advanced Photocatalysis Techniques,0,2025
https://openalex.org/W4376133360,2023,A Review on Interface Engineering of MXenes for Perovskite Solar Cells,graphene_2d_materials,Electrical and Electronic Engineering,19026606,19026606,0,,W4376133360,10.1007/s40820-023-01083-9,127,196,openalex_v3_query_core,0,,strict,Perovskite Materials and Applications,19026606,Perovskite Materials and Applications,Perovskite Materials and Applications,0,2025
https://openalex.org/W4388806494,2023,"Atomically engineered, high-speed non-volatile flash memory device exhibiting multibit data storage operations",graphene_2d_materials,Electrical and Electronic Engineering,19077560,19077560,0,,W4388806494,10.1016/j.nanoen.2023.109106,127,59,openalex_v3_query_core,0,,strict,Advanced Memory and Neural Computing,19077560,Advanced Memory and Neural Computing,Advanced Memory and Neural Computing,0,2025
https://openalex.org/W4398214132,2024,Electrochemical protein biosensors for disease marker detection: progress and opportunities,graphene_2d_materials,Molecular Biology,19026082,19026082,0,,W4398214132,10.1038/s41378-024-00700-w,127,126,openalex_v3_query_core,0,,strict,Advanced biosensing and bioanalysis techniques,19026082,Advanced biosensing and bioanalysis techniques,Advanced biosensing and bioanalysis techniques,0,2025
https://openalex.org/W2543182493,2016,Strain-induced phonon shifts in tungsten disulfide nanoplatelets and nanotubes,graphene_2d_materials,Materials Chemistry,19026997,19026997,0,,W2543182493,10.1088/2053-1583/4/1/015007,126,82,openalex_v3_query_core,0,,strict,2D Materials and Applications,19026997,2D Materials and Applications,2D Materials and Applications,0,2025
https://openalex.org/W2605716540,2017,Bias induced up to 100% spin-injection and detection polarizations in ferromagnet/bilayer-hBN/graphene/hBN heterostructures,graphene_2d_materials,Materials Chemistry,18992804,18992804,0,,W2605716540,10.1038/s41467-017-00317-w,126,31,openalex_v3_query_core,0,,strict,Graphene research and applications,18992804,Graphene research and applications,Graphene research and applications,0,2025
https://openalex.org/W2739441046,2017,High performance graphene/semiconductor van der Waals heterostructure optoelectronic devices,graphene_2d_materials,Materials Chemistry,18992804,18992804,0,,W2739441046,10.1016/j.nanoen.2017.07.036,126,164,openalex_v3_query_core,0,,strict,Graphene research and applications,18992804,Graphene research and applications,Graphene research and applications,0,2025
https://openalex.org/W2765118925,2017,Strain-shear coupling in bilayer MoS2,graphene_2d_materials,Materials Chemistry,19026997,19026997,0,,W2765118925,10.1038/s41467-017-01487-3,126,41,openalex_v3_query_core,0,,strict,2D Materials and Applications,19026997,2D Materials and Applications,2D Materials and Applications,0,2025
https://openalex.org/W2810763654,2018,Plasmonic Photodetectors,graphene_2d_materials,Biomedical Engineering,19027259,19027259,0,,W2810763654,10.1109/jstqe.2018.2840339,126,90,openalex_v3_query_core,0,,strict,Plasmonic and Surface Plasmon Research,19027259,Plasmonic and Surface Plasmon Research,Plasmonic and Surface Plasmon Research,0,2025
https://openalex.org/W3009393241,2020,One-dimensional flat bands in twisted bilayer germanium selenide,graphene_2d_materials,Materials Chemistry,19026997,19026997,0,,W3009393241,10.1038/s41467-020-14947-0,126,53,openalex_v3_query_core,0,,strict,2D Materials and Applications,19026997,2D Materials and Applications,2D Materials and Applications,0,2025
https://openalex.org/W3017300942,2020,Variational and Diffusion Quantum Monte Carlo Calculations with the CASINO Code,graphene_2d_materials,Condensed Matter Physics,18992153,18992153,0,,W3017300942,,126,256,openalex_v3_query_core,0,,strict,Physics of Superconductivity and Magnetism,18992153,Physics of Superconductivity and Magnetism,Physics of Superconductivity and Magnetism,0,2025
https://openalex.org/W3024753356,2020,Two-Dimensional Transition Metal Oxide and Hydroxide-Based Hierarchical Architectures for Advanced Supercapacitor Materials,graphene_2d_materials,"Electronic, Optical and Magnetic Materials",19009840,19009840,0,,W3024753356,10.3389/fchem.2020.00390,126,105,openalex_v3_query_core,0,,strict,Supercapacitor Materials and Fabrication,19009840,Supercapacitor Materials and Fabrication,Supercapacitor Materials and Fabrication,0,2025
https://openalex.org/W3042171042,2020,"Recent progress of two‐dimensional lead halide perovskite single crystals: Crystal growth, physical properties, and device applications",graphene_2d_materials,Electrical and Electronic Engineering,19026606,19026606,0,,W3042171042,10.1002/eom2.12036,126,132,openalex_v3_query_core,0,,strict,Perovskite Materials and Applications,19026606,Perovskite Materials and Applications,Perovskite Materials and Applications,0,2025
https://openalex.org/W3083559294,2020,Efficient simulation of moiré materials using the density matrix renormalization group,graphene_2d_materials,"Atomic and Molecular Physics, and Optics",21377136,21377136,0,,W3083559294,10.1103/physrevb.102.205111,126,92,openalex_v3_query_core,0,,strict,Quantum many-body systems,21377136,Quantum many-body systems,Quantum many-body systems,0,2025
https://openalex.org/W3098869208,2020,A recent trend: application of graphene in catalysis,graphene_2d_materials,Materials Chemistry,18992804,18992804,0,,W3098869208,10.1007/s42823-020-00200-7,126,158,openalex_v3_query_core,0,,strict,Graphene research and applications,18992804,Graphene research and applications,Graphene research and applications,0,2025
https://openalex.org/W3174929291,2021,Antipathogenic properties and applications of low-dimensional materials,graphene_2d_materials,Biomedical Engineering,23591170,23591170,0,,W3174929291,10.1038/s41467-021-23278-7,126,263,openalex_v3_query_core,0,,strict,Graphene and Nanomaterials Applications,23591170,Graphene and Nanomaterials Applications,Graphene and Nanomaterials Applications,0,2025
https://openalex.org/W4319828612,2023,Defect‐engineered two‐dimensional transition metal dichalcogenides towards electrocatalytic hydrogen evolution reaction,graphene_2d_materials,"Renewable Energy, Sustainability and the Environment",18992146,18992146,0,,W4319828612,10.1002/cey2.296,126,146,openalex_v3_query_core,0,,strict,Electrocatalysts for Energy Conversion,18992146,Electrocatalysts for Energy Conversion,Electrocatalysts for Energy Conversion,0,2025
https://openalex.org/W4400790048,2024,Molten Salt Derived MXenes: Synthesis and Applications,graphene_2d_materials,Materials Chemistry,23488465,23488465,0,,W4400790048,10.1002/advs.202307106,126,126,openalex_v3_query_core,0,,strict,MXene and MAX Phase Materials,23488465,MXene and MAX Phase Materials,MXene and MAX Phase Materials,0,2025
https://openalex.org/W2027605551,2013,Solid-source growth and atomic-scale characterization of graphene on Ag(111),graphene_2d_materials,Materials Chemistry,18992804,18992804,0,,W2027605551,10.1038/ncomms3804,125,50,openalex_v3_query_core,0,,strict,Graphene research and applications,18992804,Graphene research and applications,Graphene research and applications,0,2025
https://openalex.org/W1994192720,2015,Strong enhancement of photoresponsivity with shrinking the electrodes spacing in few layer GaSe photodetectors,graphene_2d_materials,Materials Chemistry,19026997,19026997,0,,W1994192720,10.1038/srep08130,125,40,openalex_v3_query_core,0,,strict,2D Materials and Applications,19026997,2D Materials and Applications,2D Materials and Applications,0,2025
https://openalex.org/W2216327046,2015,"Synthesis, properties and applications of 2D non-graphene materials",graphene_2d_materials,Materials Chemistry,19026997,19026997,0,,W2216327046,10.1088/0957-4484/26/29/292001,125,210,openalex_v3_query_core,0,,strict,2D Materials and Applications,19026997,2D Materials and Applications,2D Materials and Applications,0,2025
https://openalex.org/W2566678347,2016,Integration of 2D materials on a silicon photonics platform for optoelectronics applications,graphene_2d_materials,Materials Chemistry,19026997,19026997,0,,W2566678347,10.1515/nanoph-2016-0155,125,120,openalex_v3_query_core,0,,strict,2D Materials and Applications,19026997,2D Materials and Applications,2D Materials and Applications,0,2025
https://openalex.org/W2509437514,2017,Ultrafast radiative heat transfer,graphene_2d_materials,Civil and Structural Engineering,23557105,23557105,0,,W2509437514,10.1038/s41467-016-0013-x,125,113,openalex_v3_query_core,0,,strict,Thermal Radiation and Cooling Technologies,23557105,Thermal Radiation and Cooling Technologies,Thermal Radiation and Cooling Technologies,0,2025
https://openalex.org/W2725446030,2017,Highly Scalable Synthesis of MoS<sub>2</sub> Thin Films with Precise Thickness Control via Polymer-Assisted Deposition,graphene_2d_materials,Materials Chemistry,19026997,19026997,0,,W2725446030,10.1021/acs.chemmater.7b01605,125,40,openalex_v3_query_core,0,,strict,2D Materials and Applications,19026997,2D Materials and Applications,2D Materials and Applications,0,2025
https://openalex.org/W3042269838,2021,High-responsivity graphene photodetectors integrated on silicon microring resonators,graphene_2d_materials,Electrical and Electronic Engineering,19027263,19027263,0,,W3042269838,10.1038/s41467-021-23436-x,125,105,openalex_v3_query_core,0,,strict,Photonic and Optical Devices,19027263,Photonic and Optical Devices,Photonic and Optical Devices,0,2025
https://openalex.org/W3136830666,2021,Covalent organic framework nanofluidic membrane as a platform for highly sensitive bionic thermosensation,graphene_2d_materials,Materials Chemistry,23488336,23488336,0,,W3136830666,10.1038/s41467-021-22141-z,125,56,openalex_v3_query_core,0,,strict,Covalent Organic Framework Applications,23488336,Covalent Organic Framework Applications,Covalent Organic Framework Applications,0,2025
https://openalex.org/W3153585488,2021,Microscale Schottky superlubric generator with high direct-current density and ultralong life,graphene_2d_materials,Materials Chemistry,19061322,19061322,0,,W3153585488,10.1038/s41467-021-22371-1,125,51,openalex_v3_query_core,0,,strict,Diamond and Carbon-based Materials Research,19061322,Diamond and Carbon-based Materials Research,Diamond and Carbon-based Materials Research,0,2025
https://openalex.org/W3155430887,2021,Prospects and challenges of quantum emitters in 2D materials,graphene_2d_materials,Materials Chemistry,19026997,19026997,0,,W3155430887,10.1063/5.0054116,125,109,openalex_v3_query_core,0,,strict,2D Materials and Applications,19026997,2D Materials and Applications,2D Materials and Applications,0,2025
https://openalex.org/W4224939597,2022,Recent Advances in Electrochemical Sensing of Hydrogen Peroxide (H2O2) Released from Cancer Cells,graphene_2d_materials,Electrical and Electronic Engineering,19026208,19026208,0,,W4224939597,10.3390/nano12091475,125,354,openalex_v3_query_core,0,,strict,Electrochemical sensors and biosensors,19026208,Electrochemical sensors and biosensors,Electrochemical sensors and biosensors,0,2025
https://openalex.org/W4317930301,2023,"Hybrid nanostructures based on gold nanoparticles and functional coordination polymers: Chemistry, physics and applications in biomedicine, catalysis and magnetism",graphene_2d_materials,Materials Chemistry,23505629,23505629,0,,W4317930301,10.1016/j.ccr.2023.215025,125,208,openalex_v3_query_core,0,,strict,Nanocluster Synthesis and Applications,23505629,Nanocluster Synthesis and Applications,Nanocluster Synthesis and Applications,0,2025
https://openalex.org/W4366771281,2023,Nanomaterials: a review of emerging contaminants with potential health or environmental impact,graphene_2d_materials,Materials Chemistry,18992679,18992679,0,,W4366771281,10.1186/s11671-023-03787-8,125,133,openalex_v3_query_core,0,,strict,Nanoparticles: synthesis and applications,18992679,Nanoparticles: synthesis and applications,Nanoparticles: synthesis and applications,0,2025
https://openalex.org/W4386306201,2023,Progress and Challenges Toward Effective Flexible Perovskite Solar Cells,graphene_2d_materials,Electrical and Electronic Engineering,19026606,19026606,0,,W4386306201,10.1007/s40820-023-01165-8,125,150,openalex_v3_query_core,0,,strict,Perovskite Materials and Applications,19026606,Perovskite Materials and Applications,Perovskite Materials and Applications,0,2025
https://openalex.org/W2342670435,2016,A Chelation Strategy for In-situ Constructing Surface Oxygen Vacancy on {001} Facets Exposed BiOBr Nanosheets,graphene_2d_materials,"Renewable Energy, Sustainability and the Environment",18992678,18992678,0,,W2342670435,10.1038/srep24918,124,55,openalex_v3_query_core,0,,strict,Advanced Photocatalysis Techniques,18992678,Advanced Photocatalysis Techniques,Advanced Photocatalysis Techniques,0,2025
https://openalex.org/W2587447063,2017,Exfoliation of natural van der Waals heterostructures to a single unit cell thickness,graphene_2d_materials,Materials Chemistry,19026997,19026997,0,,W2587447063,10.1038/ncomms14410,124,49,openalex_v3_query_core,0,,strict,2D Materials and Applications,19026997,2D Materials and Applications,2D Materials and Applications,0,2025
https://openalex.org/W2736512930,2017,Thin 2D: The New Dimensionality in Gas Sensing,graphene_2d_materials,Electrical and Electronic Engineering,19061184,19061184,0,,W2736512930,10.3390/chemosensors5030021,124,84,openalex_v3_query_core,0,,strict,Gas Sensing Nanomaterials and Sensors,19061184,Gas Sensing Nanomaterials and Sensors,Gas Sensing Nanomaterials and Sensors,0,2025
https://openalex.org/W2791723705,2018,Spin and Valley States in Gate-Defined Bilayer Graphene Quantum Dots,graphene_2d_materials,Materials Chemistry,18992804,18992804,0,,W2791723705,10.1103/physrevx.8.031023,124,39,openalex_v3_query_core,0,,strict,Graphene research and applications,18992804,Graphene research and applications,Graphene research and applications,0,2025
https://openalex.org/W2800659436,2018,Insulator-to-Metallic Spin-Filtering in 2D-Magnetic Tunnel Junctions Based on Hexagonal Boron Nitride,graphene_2d_materials,Materials Chemistry,18992804,18992804,0,,W2800659436,10.1021/acsnano.8b01354,124,57,openalex_v3_query_core,0,,strict,Graphene research and applications,18992804,Graphene research and applications,Graphene research and applications,0,2025
https://openalex.org/W2969772334,2019,Composite super-moiré lattices in double-aligned graphene heterostructures,graphene_2d_materials,Materials Chemistry,18992804,18992804,0,,W2969772334,10.1126/sciadv.aay8897,124,44,openalex_v3_query_core,0,,strict,Graphene research and applications,18992804,Graphene research and applications,Graphene research and applications,0,2025
https://openalex.org/W2984154933,2019,Van der Waals magnets: Wonder building blocks for two‐dimensional spintronics?,graphene_2d_materials,Materials Chemistry,19026997,19026997,0,,W2984154933,10.1002/inf2.12048,124,190,openalex_v3_query_core,0,,strict,2D Materials and Applications,19026997,2D Materials and Applications,2D Materials and Applications,0,2025
https://openalex.org/W3167292039,2021,An in-memory computing architecture based on two-dimensional semiconductors for multiply-accumulate operations,graphene_2d_materials,Electrical and Electronic Engineering,19077560,19077560,0,,W3167292039,10.1038/s41467-021-23719-3,124,53,openalex_v3_query_core,0,,strict,Advanced Memory and Neural Computing,19077560,Advanced Memory and Neural Computing,Advanced Memory and Neural Computing,0,2025
https://openalex.org/W4385857832,2023,Recent advances in flexible noninvasive electrodes for surface electromyography acquisition,graphene_2d_materials,Biomedical Engineering,19043637,19043637,0,,W4385857832,10.1038/s41528-023-00273-0,124,236,openalex_v3_query_core,0,,strict,Advanced Sensor and Energy Harvesting Materials,19043637,Advanced Sensor and Energy Harvesting Materials,Advanced Sensor and Energy Harvesting Materials,0,2025
https://openalex.org/W4392192567,2024,"MXene-Based Elastomer Mimetic Stretchable Sensors: Design, Properties, and Applications",graphene_2d_materials,Materials Chemistry,23488465,23488465,0,,W4392192567,10.1007/s40820-024-01349-w,124,249,openalex_v3_query_core,0,,strict,MXene and MAX Phase Materials,23488465,MXene and MAX Phase Materials,MXene and MAX Phase Materials,0,2025
https://openalex.org/W4396767739,2024,A locally solvent-tethered polymer electrolyte for long-life lithium metal batteries,graphene_2d_materials,Electrical and Electronic Engineering,19027124,19027124,0,,W4396767739,10.1038/s41467-024-48078-7,124,77,openalex_v3_query_core,0,,strict,Advanced Battery Materials and Technologies,19027124,Advanced Battery Materials and Technologies,Advanced Battery Materials and Technologies,0,2025
https://openalex.org/W2019005617,2014,Surfactant-assisted chemical vapour deposition of high-performance small-diameter GaSb nanowires,graphene_2d_materials,Biomedical Engineering,21275085,21275085,0,,W2019005617,10.1038/ncomms6249,123,56,openalex_v3_query_core,0,,strict,Nanowire Synthesis and Applications,21275085,Nanowire Synthesis and Applications,Nanowire Synthesis and Applications,0,2025
https://openalex.org/W2461277696,2017,Franckeite as a naturally occurring van der Waals heterostructure,graphene_2d_materials,Materials Chemistry,19026997,19026997,0,,W2461277696,10.1038/ncomms14409,123,65,openalex_v3_query_core,0,,strict,2D Materials and Applications,19026997,2D Materials and Applications,2D Materials and Applications,0,2025
https://openalex.org/W2584503920,2017,Electronic properties of germanane field-effect transistors,graphene_2d_materials,Materials Chemistry,19026997,19026997,0,,W2584503920,10.1088/2053-1583/aa57fd,123,19,openalex_v3_query_core,0,,strict,2D Materials and Applications,19026997,2D Materials and Applications,2D Materials and Applications,0,2025
https://openalex.org/W2592980166,2017,Thermal Conductance of the 2D MoS2/h-BN and graphene/h-BN Interfaces,graphene_2d_materials,Materials Chemistry,21275090,21275090,0,,W2592980166,10.1038/srep43886,123,72,openalex_v3_query_core,0,,strict,Thermal properties of materials,21275090,Thermal properties of materials,Thermal properties of materials,0,2025
https://openalex.org/W2889448298,2018,Tunable interlayer coupling and Schottky barrier in graphene and Janus MoSSe heterostructures by applying an external field,graphene_2d_materials,Materials Chemistry,19026997,19026997,0,,W2889448298,10.1039/c8cp04337j,123,47,openalex_v3_query_core,0,,strict,2D Materials and Applications,19026997,2D Materials and Applications,2D Materials and Applications,0,2025
https://openalex.org/W3006550142,2020,The ultrafast onset of exciton formation in 2D semiconductors,graphene_2d_materials,Materials Chemistry,19026997,19026997,0,,W3006550142,10.1038/s41467-020-18835-5,123,62,openalex_v3_query_core,0,,strict,2D Materials and Applications,19026997,2D Materials and Applications,2D Materials and Applications,0,2025
https://openalex.org/W3010136977,2020,Filtering the photoluminescence spectra of atomically thin semiconductors with graphene,graphene_2d_materials,Materials Chemistry,18992804,18992804,0,,W3010136977,10.1038/s41565-020-0644-2,123,75,openalex_v3_query_core,0,,strict,Graphene research and applications,18992804,Graphene research and applications,Graphene research and applications,0,2025
https://openalex.org/W3118673875,2021,Electrospun Functional Nanofiber Membrane for Antibiotic Removal in Water: Review,graphene_2d_materials,Biomaterials,19112151,19112151,0,,W3118673875,10.3390/polym13020226,123,201,openalex_v3_query_core,0,,strict,Electrospun Nanofibers in Biomedical Applications,19112151,Electrospun Nanofibers in Biomedical Applications,Electrospun Nanofibers in Biomedical Applications,0,2025
https://openalex.org/W4291020474,2022,Electrically tunable two-dimensional heterojunctions for miniaturized near-infrared spectrometers,graphene_2d_materials,Materials Chemistry,19026997,19026997,0,,W4291020474,10.1038/s41467-022-32306-z,123,62,openalex_v3_query_core,0,,strict,2D Materials and Applications,19026997,2D Materials and Applications,2D Materials and Applications,0,2025
https://openalex.org/W4296229168,2022,Three-dimensional porous high boron-nitrogen-doped carbon for the ultrasensitive electrochemical detection of trace heavy metals in food samples,graphene_2d_materials,Electrochemistry,21308885,21308885,0,,W4296229168,10.1016/j.jhazmat.2022.130020,123,63,openalex_v3_query_core,0,,strict,Electrochemical Analysis and Applications,21308885,Electrochemical Analysis and Applications,Electrochemical Analysis and Applications,0,2025
https://openalex.org/W4392751370,2024,Research progresses of nanomaterials as lubricant additives,graphene_2d_materials,Mechanical Engineering,21326311,21326311,0,,W4392751370,10.1007/s40544-023-0808-9,123,235,openalex_v3_query_core,0,,strict,Lubricants and Their Additives,21326311,Lubricants and Their Additives,Lubricants and Their Additives,0,2025
https://openalex.org/W2520586348,2016,PMMA-Etching-Free Transfer of Wafer-scale Chemical Vapor Deposition Two-dimensional Atomic Crystal by a Water Soluble Polyvinyl Alcohol Polymer Method,graphene_2d_materials,Materials Chemistry,18992804,18992804,0,,W2520586348,10.1038/srep33096,122,36,openalex_v3_query_core,0,,strict,Graphene research and applications,18992804,Graphene research and applications,Graphene research and applications,0,2025
https://openalex.org/W2766085254,2017,Interfacial Interactions in van der Waals Heterostructures of MoS<sub>2</sub> and Graphene,graphene_2d_materials,Materials Chemistry,18992804,18992804,0,,W2766085254,10.1021/acsnano.7b07015,122,67,openalex_v3_query_core,0,,strict,Graphene research and applications,18992804,Graphene research and applications,Graphene research and applications,0,2025
https://openalex.org/W2842055226,2018,MoS2 Nanosheet Arrays Rooted on Hollow rGO Spheres as Bifunctional Hydrogen Evolution Catalyst and Supercapacitor Electrode,graphene_2d_materials,"Renewable Energy, Sustainability and the Environment",18992146,18992146,0,,W2842055226,10.1007/s40820-018-0215-3,122,46,openalex_v3_query_core,0,,strict,Electrocatalysts for Energy Conversion,18992146,Electrocatalysts for Energy Conversion,Electrocatalysts for Energy Conversion,0,2025
https://openalex.org/W2935715515,2019,Vanadium disulfide flakes with nanolayered titanium disulfide coating as cathode materials in lithium-ion batteries,graphene_2d_materials,Electrical and Electronic Engineering,18991892,18991892,0,,W2935715515,10.1038/s41467-019-09400-w,122,51,openalex_v3_query_core,0,,strict,Advancements in Battery Materials,18991892,Advancements in Battery Materials,Advancements in Battery Materials,0,2025
https://openalex.org/W3005634471,2020,Spontaneous self-intercalation of copper atoms into transition metal dichalcogenides,graphene_2d_materials,Materials Chemistry,19026997,19026997,0,,W3005634471,10.1126/sciadv.aay4092,122,44,openalex_v3_query_core,0,,strict,2D Materials and Applications,19026997,2D Materials and Applications,2D Materials and Applications,0,2025
https://openalex.org/W3010329474,2020,Transforming energy using quantum dots,graphene_2d_materials,Materials Chemistry,19043499,19043499,0,,W3010329474,10.1039/c9ee03930a,122,231,openalex_v3_query_core,0,,strict,Quantum Dots Synthesis And Properties,19043499,Quantum Dots Synthesis And Properties,Quantum Dots Synthesis And Properties,0,2025
https://openalex.org/W3033224858,2020,Collective near-field coupling and nonlocal phenomena in infrared-phononic metasurfaces for nano-light canalization,graphene_2d_materials,Biomedical Engineering,19027259,19027259,0,,W3033224858,10.1038/s41467-020-17425-9,122,44,openalex_v3_query_core,0,,strict,Plasmonic and Surface Plasmon Research,19027259,Plasmonic and Surface Plasmon Research,Plasmonic and Surface Plasmon Research,0,2025
https://openalex.org/W3041321888,2020,Recent developments in carbon-based two-dimensional materials: synthesis and modification aspects for electrochemical sensors,graphene_2d_materials,Electrical and Electronic Engineering,19026208,19026208,0,,W3041321888,10.1007/s00604-020-04415-3,122,166,openalex_v3_query_core,0,,strict,Electrochemical sensors and biosensors,19026208,Electrochemical sensors and biosensors,Electrochemical sensors and biosensors,0,2025
https://openalex.org/W4226454990,2022,Layer-by-layer epitaxy of multi-layer MoS2 wafers,graphene_2d_materials,Materials Chemistry,19026997,19026997,0,,W4226454990,10.1093/nsr/nwac077,122,52,openalex_v3_query_core,0,,strict,2D Materials and Applications,19026997,2D Materials and Applications,2D Materials and Applications,0,2025
https://openalex.org/W4281728366,2022,Epitaxial growth of inch-scale single-crystal transition metal dichalcogenides through the patching of unidirectionally orientated ribbons,graphene_2d_materials,Materials Chemistry,19026997,19026997,0,,W4281728366,10.1038/s41467-022-30900-9,122,44,openalex_v3_query_core,0,,strict,2D Materials and Applications,19026997,2D Materials and Applications,2D Materials and Applications,0,2025
https://openalex.org/W1997681648,2010,Atomically smooth ultrathin films of topological insulator Sb2Te3,graphene_2d_materials,"Atomic and Molecular Physics, and Optics",19095381,19095381,0,,W1997681648,10.1007/s12274-010-0060-2,121,40,openalex_v3_query_core,0,,strict,Topological Materials and Phenomena,19095381,Topological Materials and Phenomena,Topological Materials and Phenomena,0,2025
https://openalex.org/W2032267044,2015,Ultimately short ballistic vertical graphene Josephson junctions,graphene_2d_materials,"Atomic and Molecular Physics, and Optics",19044286,19044286,0,,W2032267044,10.1038/ncomms7181,121,40,openalex_v3_query_core,0,,strict,Quantum and electron transport phenomena,19044286,Quantum and electron transport phenomena,Quantum and electron transport phenomena,0,2025
https://openalex.org/W2598543511,2017,Salinity-Dependent Contact Angle Alteration in Oil/Brine/Silicate Systems: the Critical Role of Divalent Cations,graphene_2d_materials,Ocean Engineering,19061577,19061577,0,,W2598543511,10.1021/acs.langmuir.6b04470,121,49,openalex_v3_query_core,0,,strict,Enhanced Oil Recovery Techniques,19061577,Enhanced Oil Recovery Techniques,Enhanced Oil Recovery Techniques,0,2025
https://openalex.org/W2793436374,2018,Oxide-mediated recovery of field-effect mobility in plasma-treated MoS <sub>2</sub>,graphene_2d_materials,Materials Chemistry,19026997,19026997,0,,W2793436374,10.1126/sciadv.aao5031,121,67,openalex_v3_query_core,0,,strict,2D Materials and Applications,19026997,2D Materials and Applications,2D Materials and Applications,0,2025
https://openalex.org/W3006664009,2020,Vapor–liquid–solid growth of large-area multilayer hexagonal boron nitride on dielectric substrates,graphene_2d_materials,Materials Chemistry,18992804,18992804,0,,W3006664009,10.1038/s41467-020-14596-3,121,52,openalex_v3_query_core,0,,strict,Graphene research and applications,18992804,Graphene research and applications,Graphene research and applications,0,2025
https://openalex.org/W3132932405,2021,Wafer-scale functional circuits based on two dimensional semiconductors with fabrication optimized by machine learning,graphene_2d_materials,Materials Chemistry,19026997,19026997,0,,W3132932405,10.1038/s41467-021-26230-x,121,60,openalex_v3_query_core,0,,strict,2D Materials and Applications,19026997,2D Materials and Applications,2D Materials and Applications,0,2025
https://openalex.org/W4309471667,2022,2D materials-based nanoscale tunneling field effect transistors: current developments and future prospects,graphene_2d_materials,Electrical and Electronic Engineering,19078221,19078221,0,,W4309471667,10.1038/s41699-022-00352-2,121,172,openalex_v3_query_core,0,,strict,Advancements in Semiconductor Devices and Circuit Design,19078221,Advancements in Semiconductor Devices and Circuit Design,Advancements in Semiconductor Devices and Circuit Design,0,2025
https://openalex.org/W4316095720,2023,Recycling of graphite anode from spent lithium‐ion batteries: Advances and perspectives,graphene_2d_materials,Mechanical Engineering,21241024,21241024,0,,W4316095720,10.1002/eom2.12321,121,163,openalex_v3_query_core,0,,strict,Extraction and Separation Processes,21241024,Extraction and Separation Processes,Extraction and Separation Processes,0,2025
https://openalex.org/W4386697883,2023,The micro-LED roadmap: status quo and prospects,graphene_2d_materials,Condensed Matter Physics,18992941,18992941,0,,W4386697883,10.1088/2515-7647/acf972,121,229,openalex_v3_query_core,0,,strict,GaN-based semiconductor devices and materials,18992941,GaN-based semiconductor devices and materials,GaN-based semiconductor devices and materials,0,2025
https://openalex.org/W4388458618,2023,Recent advances in the utilization of covalent organic frameworks (COFs) as electrode materials for supercapacitors,graphene_2d_materials,Materials Chemistry,23488336,23488336,0,,W4388458618,10.1039/d3sc04571d,121,154,openalex_v3_query_core,0,,strict,Covalent Organic Framework Applications,23488336,Covalent Organic Framework Applications,Covalent Organic Framework Applications,0,2025
https://openalex.org/W4391581772,2024,Metal nanoparticle hybrid hydrogels: the state-of-the-art of combining hard and soft materials to promote wound healing,graphene_2d_materials,Rehabilitation,19112798,19112798,0,,W4391581772,10.7150/thno.91829,121,203,openalex_v3_query_core,0,,strict,Wound Healing and Treatments,19112798,Wound Healing and Treatments,Wound Healing and Treatments,0,2025
https://openalex.org/W4400893738,2024,Engineering interfacial sulfur migration in transition-metal sulfide enables low overpotential for durable hydrogen evolution in seawater,graphene_2d_materials,"Renewable Energy, Sustainability and the Environment",18992146,18992146,0,,W4400893738,10.1038/s41467-024-50535-2,121,73,openalex_v3_query_core,0,,strict,Electrocatalysts for Energy Conversion,18992146,Electrocatalysts for Energy Conversion,Electrocatalysts for Energy Conversion,0,2025
https://openalex.org/W2024612487,2014,Simultaneous Ground- and Space-Based Observations of the Plasmaspheric Plume and Reconnection,graphene_2d_materials,Astronomy and Astrophysics,19009578,19009578,0,,W2024612487,10.1126/science.1247212,120,26,openalex_v3_query_core,0,,strict,Ionosphere and magnetosphere dynamics,19009578,Ionosphere and magnetosphere dynamics,Ionosphere and magnetosphere dynamics,0,2025
https://openalex.org/W632176289,2016,Chiral plasmons without magnetic field,graphene_2d_materials,"Electronic, Optical and Magnetic Materials",19026604,19026604,0,,W632176289,10.1073/pnas.1519086113,120,44,openalex_v3_query_core,0,,strict,Metamaterials and Metasurfaces Applications,19026604,Metamaterials and Metasurfaces Applications,Metamaterials and Metasurfaces Applications,0,2025
https://openalex.org/W2803266348,2019,A universal approach for the synthesis of two-dimensional binary compounds,graphene_2d_materials,Materials Chemistry,19026997,19026997,0,,W2803266348,10.1038/s41467-019-11075-2,120,49,openalex_v3_query_core,0,,strict,2D Materials and Applications,19026997,2D Materials and Applications,2D Materials and Applications,0,2025
https://openalex.org/W3089765647,2020,The tunable electric and magnetic properties of 2D MXenes and their potential applications,graphene_2d_materials,Materials Chemistry,23488465,23488465,0,,W3089765647,10.1039/d0ma00548g,120,194,openalex_v3_query_core,0,,strict,MXene and MAX Phase Materials,23488465,MXene and MAX Phase Materials,MXene and MAX Phase Materials,0,2025
https://openalex.org/W3092636574,2020,In situ manipulation of van der Waals heterostructures for twistronics,graphene_2d_materials,Mechanical Engineering,21360371,21360371,0,,W3092636574,10.1126/sciadv.abd3655,120,53,openalex_v3_query_core,0,,strict,Advanced Materials and Mechanics,21360371,Advanced Materials and Mechanics,Advanced Materials and Mechanics,0,2025
https://openalex.org/W4283809938,2022,High output mode-locked laser empowered by defect regulation in 2D Bi2O2Se saturable absorber,graphene_2d_materials,"Atomic and Molecular Physics, and Optics",19147258,19147258,0,,W4283809938,10.1038/s41467-022-31606-8,120,58,openalex_v3_query_core,0,,strict,Advanced Fiber Laser Technologies,19147258,Advanced Fiber Laser Technologies,Advanced Fiber Laser Technologies,0,2025
https://openalex.org/W4307139808,2022,Two-dimensional mineral hydrogel-derived single atoms-anchored heterostructures for ultrastable hydrogen evolution,graphene_2d_materials,"Renewable Energy, Sustainability and the Environment",18992146,18992146,0,,W4307139808,10.1038/s41467-022-33725-8,120,55,openalex_v3_query_core,0,,strict,Electrocatalysts for Energy Conversion,18992146,Electrocatalysts for Energy Conversion,Electrocatalysts for Energy Conversion,0,2025
https://openalex.org/W4388455102,2023,Field effect transistor based wearable biosensors for healthcare monitoring,graphene_2d_materials,Biomedical Engineering,19043637,19043637,0,,W4388455102,10.1186/s12951-023-02153-1,120,184,openalex_v3_query_core,0,,strict,Advanced Sensor and Energy Harvesting Materials,19043637,Advanced Sensor and Energy Harvesting Materials,Advanced Sensor and Energy Harvesting Materials,0,2025
https://openalex.org/W4396956618,2024,Ion pair sites for efficient electrochemical extraction of uranium in real nuclear wastewater,graphene_2d_materials,Inorganic Chemistry,19147122,19147122,0,,W4396956618,10.1038/s41467-024-48564-y,120,47,openalex_v3_query_core,0,,strict,Radioactive element chemistry and processing,19147122,Radioactive element chemistry and processing,Radioactive element chemistry and processing,0,2025
https://openalex.org/W4406246754,2025,"High-sensitivity, high-speed, broadband mid-infrared photodetector enabled by a van der Waals heterostructure with a vertical transport channel",graphene_2d_materials,Electrical and Electronic Engineering,21343210,21343210,0,,W4406246754,10.1038/s41467-025-55887-x,120,35,openalex_v3_query_core,0,,strict,Advanced Semiconductor Detectors and Materials,21343210,Advanced Semiconductor Detectors and Materials,Advanced Semiconductor Detectors and Materials,0,2025
https://openalex.org/W2248391232,2016,Near-field photocurrent nanoscopy on bare and encapsulated graphene,graphene_2d_materials,Materials Chemistry,18992804,18992804,0,,W2248391232,10.1038/ncomms10783,119,74,openalex_v3_query_core,0,,strict,Graphene research and applications,18992804,Graphene research and applications,Graphene research and applications,0,2025
https://openalex.org/W2591708071,2017,Quantum-Confined Stark Effect of Individual Defects in a van der Waals Heterostructure,graphene_2d_materials,Materials Chemistry,19026997,19026997,0,,W2591708071,10.1021/acs.nanolett.6b04889,119,38,openalex_v3_query_core,0,,strict,2D Materials and Applications,19026997,2D Materials and Applications,2D Materials and Applications,0,2025
https://openalex.org/W2610822367,2017,Low frequency Raman spectroscopy of few-atomic-layer thick hBN crystals,graphene_2d_materials,Materials Chemistry,18992804,18992804,0,,W2610822367,10.1088/2053-1583/aa77d4,119,27,openalex_v3_query_core,0,,strict,Graphene research and applications,18992804,Graphene research and applications,Graphene research and applications,0,2025
https://openalex.org/W2752789545,2017,"Biocompatible, large-format, inkjet printed heterostructure MoS2-graphene photodetectors on conformable substrates",graphene_2d_materials,Biomedical Engineering,19043637,19043637,0,,W2752789545,10.1038/s41699-017-0034-2,119,41,openalex_v3_query_core,0,,strict,Advanced Sensor and Energy Harvesting Materials,19043637,Advanced Sensor and Energy Harvesting Materials,Advanced Sensor and Energy Harvesting Materials,0,2025
https://openalex.org/W2754919420,2017,Interlayer excitons in a bulk van der Waals semiconductor,graphene_2d_materials,Materials Chemistry,19026997,19026997,0,,W2754919420,10.1038/s41467-017-00691-5,119,30,openalex_v3_query_core,0,,strict,2D Materials and Applications,19026997,2D Materials and Applications,2D Materials and Applications,0,2025
https://openalex.org/W3009107996,2020,Proximity Spin–Orbit Torque on a Two-Dimensional Magnet within van der Waals Heterostructure: Current-Driven Antiferromagnet-to-Ferromagnet Reversible Nonequilibrium Phase Transition in Bilayer CrI<sub>3</sub>,graphene_2d_materials,Materials Chemistry,19026997,19026997,0,,W3009107996,10.1021/acs.nanolett.9b04556,119,65,openalex_v3_query_core,0,,strict,2D Materials and Applications,19026997,2D Materials and Applications,2D Materials and Applications,0,2025
https://openalex.org/W3042987470,2020,Plasmonic antenna coupling to hyperbolic phonon-polaritons for sensitive and fast mid-infrared photodetection with graphene,graphene_2d_materials,Civil and Structural Engineering,23557105,23557105,0,,W3042987470,10.1038/s41467-020-18544-z,119,54,openalex_v3_query_core,0,,strict,Thermal Radiation and Cooling Technologies,23557105,Thermal Radiation and Cooling Technologies,Thermal Radiation and Cooling Technologies,0,2025
https://openalex.org/W3087429898,2020,Structural lubricity in soft and hard matter systems,graphene_2d_materials,Mechanics of Materials,21361159,21361159,0,,W3087429898,10.1038/s41467-020-18429-1,119,160,openalex_v3_query_core,0,,strict,"Adhesion, Friction, and Surface Interactions",21361159,"Adhesion, Friction, and Surface Interactions","Adhesion, Friction, and Surface Interactions",0,2025
https://openalex.org/W3111791174,2020,Self-driven WSe2 photodetectors enabled with asymmetrical van der Waals contact interfaces,graphene_2d_materials,Materials Chemistry,19026997,19026997,0,,W3111791174,10.1038/s41699-020-00179-9,119,56,openalex_v3_query_core,0,,strict,2D Materials and Applications,19026997,2D Materials and Applications,2D Materials and Applications,0,2025
https://openalex.org/W3171275720,2021,Advances in the designs and mechanisms of MoO<sub>3</sub> nanostructures for gas sensors: a holistic review,graphene_2d_materials,Electrical and Electronic Engineering,19061184,19061184,0,,W3171275720,10.1039/d1ma00374g,119,192,openalex_v3_query_core,0,,strict,Gas Sensing Nanomaterials and Sensors,19061184,Gas Sensing Nanomaterials and Sensors,Gas Sensing Nanomaterials and Sensors,0,2025
https://openalex.org/W3212477374,2021,Highly ordered arrays of hat‐shaped hierarchical nanostructures with different curvatures for sensitive SERS and plasmon‐driven catalysis,graphene_2d_materials,"Electronic, Optical and Magnetic Materials",19009308,19009308,0,,W3212477374,10.1515/nanoph-2021-0476,119,77,openalex_v3_query_core,0,,strict,Gold and Silver Nanoparticles Synthesis and Applications,19009308,Gold and Silver Nanoparticles Synthesis and Applications,Gold and Silver Nanoparticles Synthesis and Applications,0,2025
https://openalex.org/W4320731406,2023,Electrocatalysts based on MoS<sub>2</sub> and WS<sub>2</sub> for hydrogen evolution reaction: An overview,graphene_2d_materials,Materials Chemistry,23488465,23488465,0,,W4320731406,10.1002/bte2.20220057,119,165,openalex_v3_query_core,0,,strict,MXene and MAX Phase Materials,23488465,MXene and MAX Phase Materials,MXene and MAX Phase Materials,0,2025
https://openalex.org/W4387880798,2023,Bioinspired trimesic acid anchored electrocatalysts with unique static and dynamic compatibility for enhanced water oxidation,graphene_2d_materials,"Renewable Energy, Sustainability and the Environment",18992146,18992146,0,,W4387880798,10.1038/s41467-023-42292-5,119,40,openalex_v3_query_core,0,,strict,Electrocatalysts for Energy Conversion,18992146,Electrocatalysts for Energy Conversion,Electrocatalysts for Energy Conversion,0,2025
https://openalex.org/W4407920375,2025,"Biomass-derived carbon dots: synthesis, modification and application in batteries",graphene_2d_materials,Materials Chemistry,21291853,21291853,0,,W4407920375,10.1039/d4sc08659g,119,166,openalex_v3_query_core,0,,strict,Carbon and Quantum Dots Applications,21291853,Carbon and Quantum Dots Applications,Carbon and Quantum Dots Applications,0,2025
https://openalex.org/W2018538873,2014,Coherent Longitudinal Acoustic Phonon Approaching THz Frequency in Multilayer Molybdenum Disulphide,graphene_2d_materials,Mechanics of Materials,19095507,19095507,0,,W2018538873,10.1038/srep05722,118,66,openalex_v3_query_core,0,,strict,Ultrasonics and Acoustic Wave Propagation,19095507,Ultrasonics and Acoustic Wave Propagation,Ultrasonics and Acoustic Wave Propagation,0,2025
https://openalex.org/W2557538460,2016,Controllable Schottky barrier in GaSe/graphene heterostructure: the role of interface dipole,graphene_2d_materials,Materials Chemistry,19026997,19026997,0,,W2557538460,10.1088/2053-1583/4/1/015027,118,45,openalex_v3_query_core,0,,strict,2D Materials and Applications,19026997,2D Materials and Applications,2D Materials and Applications,0,2025
https://openalex.org/W2745498691,2017,Layered van der Waals crystals with hyperbolic light dispersion,graphene_2d_materials,Materials Chemistry,19026997,19026997,0,,W2745498691,10.1038/s41467-017-00412-y,118,53,openalex_v3_query_core,0,,strict,2D Materials and Applications,19026997,2D Materials and Applications,2D Materials and Applications,0,2025
https://openalex.org/W2801072535,2018,"Low-temperature plasma-enhanced atomic layer deposition of 2-D MoS<sub>2</sub>: large area, thickness control and tuneable morphology",graphene_2d_materials,Materials Chemistry,19026997,19026997,0,,W2801072535,10.1039/c8nr02339e,118,81,openalex_v3_query_core,0,,strict,2D Materials and Applications,19026997,2D Materials and Applications,2D Materials and Applications,0,2025
https://openalex.org/W2810578390,2018,Enhanced Performance of a Monolayer MoS2/WSe2 Heterojunction as a Photoelectrochemical Cathode,graphene_2d_materials,Materials Chemistry,19026997,19026997,0,,W2810578390,10.1007/s40820-018-0212-6,118,60,openalex_v3_query_core,0,,strict,2D Materials and Applications,19026997,2D Materials and Applications,2D Materials and Applications,0,2025
https://openalex.org/W2896642829,2018,Beyond Graphene Anode Materials for Emerging Metal Ion Batteries and Supercapacitors,graphene_2d_materials,Materials Chemistry,23488465,23488465,0,,W2896642829,10.1007/s40820-018-0224-2,118,187,openalex_v3_query_core,0,,strict,MXene and MAX Phase Materials,23488465,MXene and MAX Phase Materials,MXene and MAX Phase Materials,0,2025
https://openalex.org/W2906962965,2018,Emerging opportunities for black phosphorus in energy applications,graphene_2d_materials,Materials Chemistry,19026997,19026997,0,,W2906962965,10.1016/j.mtener.2018.12.004,118,238,openalex_v3_query_core,0,,strict,2D Materials and Applications,19026997,2D Materials and Applications,2D Materials and Applications,0,2025
https://openalex.org/W2998699011,2019,Electronic Polarizability as the Fundamental Variable in the Dielectric Properties of Two-Dimensional Materials,graphene_2d_materials,Materials Chemistry,19026997,19026997,0,,W2998699011,10.1021/acs.nanolett.9b02982,118,116,openalex_v3_query_core,0,,strict,2D Materials and Applications,19026997,2D Materials and Applications,2D Materials and Applications,0,2025
https://openalex.org/W3123726651,2021,Electron-beam-irradiated rhenium disulfide memristors with low variability for neuromorphic computing,graphene_2d_materials,Electrical and Electronic Engineering,19077560,19077560,0,,W3123726651,10.1038/s41699-020-00190-0,118,67,openalex_v3_query_core,0,,strict,Advanced Memory and Neural Computing,19077560,Advanced Memory and Neural Computing,Advanced Memory and Neural Computing,0,2025
https://openalex.org/W3177438977,2021,Mesoscopic electrodynamics at metal surfaces,graphene_2d_materials,Biomedical Engineering,19027259,19027259,0,,W3177438977,10.1515/nanoph-2021-0156,118,529,openalex_v3_query_core,0,,strict,Plasmonic and Surface Plasmon Research,19027259,Plasmonic and Surface Plasmon Research,Plasmonic and Surface Plasmon Research,0,2025
https://openalex.org/W3197185514,2021,Recent progress in the synthesis of novel two-dimensional van der Waals materials,graphene_2d_materials,Materials Chemistry,19026997,19026997,0,,W3197185514,10.1093/nsr/nwab164,118,142,openalex_v3_query_core,0,,strict,2D Materials and Applications,19026997,2D Materials and Applications,2D Materials and Applications,0,2025
https://openalex.org/W4200325797,2021,Next‐generation machine vision systems incorporating two‐dimensional materials: Progress and perspectives,graphene_2d_materials,Electrical and Electronic Engineering,19077560,19077560,0,,W4200325797,10.1002/inf2.12275,118,86,openalex_v3_query_core,0,,strict,Advanced Memory and Neural Computing,19077560,Advanced Memory and Neural Computing,Advanced Memory and Neural Computing,0,2025
https://openalex.org/W4205507417,2022,"High-Performance, Polarization-Sensitive, Long-Wave Infrared Photodetection <i>via</i> Photothermoelectric Effect with Asymmetric van der Waals Contacts",graphene_2d_materials,Materials Chemistry,19026997,19026997,0,,W4205507417,10.1021/acsnano.1c06286,118,73,openalex_v3_query_core,0,,strict,2D Materials and Applications,19026997,2D Materials and Applications,2D Materials and Applications,0,2025
https://openalex.org/W4293696349,2022,The 2022 magneto-optics roadmap,graphene_2d_materials,"Atomic and Molecular Physics, and Optics",18992286,18992286,0,,W4293696349,10.1088/1361-6463/ac8da0,118,294,openalex_v3_query_core,0,,strict,Magnetic properties of thin films,18992286,Magnetic properties of thin films,Magnetic properties of thin films,0,2025
https://openalex.org/W4384824917,2023,Ligand chemistry for surface functionalization in <scp>MXenes</scp>: A review,graphene_2d_materials,Materials Chemistry,23488465,23488465,0,,W4384824917,10.1002/eom2.12395,118,107,openalex_v3_query_core,0,,strict,MXene and MAX Phase Materials,23488465,MXene and MAX Phase Materials,MXene and MAX Phase Materials,0,2025
https://openalex.org/W4390546288,2024,Disordered materials for high-performance lithium-ion batteries: A review,graphene_2d_materials,Electrical and Electronic Engineering,18991892,18991892,0,,W4390546288,10.1016/j.nanoen.2023.109250,118,214,openalex_v3_query_core,0,,strict,Advancements in Battery Materials,18991892,Advancements in Battery Materials,Advancements in Battery Materials,0,2025
https://openalex.org/W4396966099,2024,Supercritical CH<sub>3</sub>OH-Triggered Isotype Heterojunction and Groups in g-C<sub>3</sub>N<sub>4</sub> for Enhanced Photocatalytic H<sub>2</sub> Evolution,graphene_2d_materials,"Renewable Energy, Sustainability and the Environment",18992678,18992678,0,,W4396966099,10.1021/acsnano.4c03922,118,57,openalex_v3_query_core,0,,strict,Advanced Photocatalysis Techniques,18992678,Advanced Photocatalysis Techniques,Advanced Photocatalysis Techniques,0,2025
https://openalex.org/W2396780102,2015,Plasmonic Gold Nanorods Coverage Influence on Enhancement of the Photoluminescence of Two-Dimensional MoS2 Monolayer,graphene_2d_materials,Materials Chemistry,19026997,19026997,0,,W2396780102,10.1038/srep16374,117,59,openalex_v3_query_core,0,,strict,2D Materials and Applications,19026997,2D Materials and Applications,2D Materials and Applications,0,2025
https://openalex.org/W2408853283,2015,State‐of‐the‐art photodetectors for optoelectronic integration at telecommunication wavelength,graphene_2d_materials,Electrical and Electronic Engineering,19027263,19027263,0,,W2408853283,10.1515/nanoph-2015-0012,117,267,openalex_v3_query_core,0,,strict,Photonic and Optical Devices,19027263,Photonic and Optical Devices,Photonic and Optical Devices,0,2025
https://openalex.org/W2409671862,2016,Ultrafast Band Structure Control of a Two-Dimensional Heterostructure,graphene_2d_materials,Materials Chemistry,19026997,19026997,0,,W2409671862,10.1021/acsnano.6b02622,117,40,openalex_v3_query_core,0,,strict,2D Materials and Applications,19026997,2D Materials and Applications,2D Materials and Applications,0,2025
https://openalex.org/W2737616040,2017,Electronic components embedded in a single graphene nanoribbon,graphene_2d_materials,Materials Chemistry,18992804,18992804,0,,W2737616040,10.1038/s41467-017-00195-2,117,43,openalex_v3_query_core,0,,strict,Graphene research and applications,18992804,Graphene research and applications,Graphene research and applications,0,2025
https://openalex.org/W2794543549,2019,Widely tunable GaAs bandgap via strain engineering in core/shell nanowires with large lattice mismatch,graphene_2d_materials,Biomedical Engineering,21275085,21275085,0,,W2794543549,10.1038/s41467-019-10654-7,117,60,openalex_v3_query_core,0,,strict,Nanowire Synthesis and Applications,21275085,Nanowire Synthesis and Applications,Nanowire Synthesis and Applications,0,2025
https://openalex.org/W2896394790,2019,Band Structure Engineering of Interfacial Semiconductors Based on Atomically Thin Lead Iodide Crystals,graphene_2d_materials,Materials Chemistry,19026997,19026997,0,,W2896394790,10.1002/adma.201806562,117,62,openalex_v3_query_core,0,,strict,2D Materials and Applications,19026997,2D Materials and Applications,2D Materials and Applications,0,2025
https://openalex.org/W2951772840,2019,Gate tunable giant anisotropic resistance in ultra-thin GaTe,graphene_2d_materials,Materials Chemistry,19026997,19026997,0,,W2951772840,10.1038/s41467-019-10256-3,117,42,openalex_v3_query_core,0,,strict,2D Materials and Applications,19026997,2D Materials and Applications,2D Materials and Applications,0,2025
https://openalex.org/W2955579812,2020,Ultraheavy and Ultrarelativistic Dirac Quasiparticles in Sandwiched Graphenes,graphene_2d_materials,Materials Chemistry,18992804,18992804,0,,W2955579812,10.1021/acs.nanolett.9b04979,117,71,openalex_v3_query_core,0,,strict,Graphene research and applications,18992804,Graphene research and applications,Graphene research and applications,0,2025
https://openalex.org/W3012048973,2020,"Valley Polarization and Inversion in Strained Graphene via Pseudo-Landau Levels, Valley Splitting of Real Landau Levels, and Confined States",graphene_2d_materials,Materials Chemistry,18992804,18992804,0,,W3012048973,10.1103/physrevlett.124.106802,117,71,openalex_v3_query_core,0,,strict,Graphene research and applications,18992804,Graphene research and applications,Graphene research and applications,0,2025
https://openalex.org/W3037465439,2020,Highly stable MXene (V <sub>2</sub> CT <sub>x</sub> )‐based harmonic pulse generation,graphene_2d_materials,"Atomic and Molecular Physics, and Optics",19147258,19147258,0,,W3037465439,10.1515/nanoph-2020-0134,117,57,openalex_v3_query_core,0,,strict,Advanced Fiber Laser Technologies,19147258,Advanced Fiber Laser Technologies,Advanced Fiber Laser Technologies,0,2025
https://openalex.org/W3088189848,2021,Magnetic domains and domain wall pinning in atomically thin CrBr3 revealed by nanoscale imaging,graphene_2d_materials,Materials Chemistry,19026997,19026997,0,,W3088189848,10.1038/s41467-021-22239-4,117,52,openalex_v3_query_core,0,,strict,2D Materials and Applications,19026997,2D Materials and Applications,2D Materials and Applications,0,2025
https://openalex.org/W3203630860,2021,A Critical Outlook for the Pursuit of Lower Contact Resistance in Organic Transistors,graphene_2d_materials,Electrical and Electronic Engineering,18992282,18992282,0,,W3203630860,10.1002/adma.202104075,117,209,openalex_v3_query_core,0,,strict,Organic Electronics and Photovoltaics,18992282,Organic Electronics and Photovoltaics,Organic Electronics and Photovoltaics,0,2025
https://openalex.org/W4206430780,2022,Electrode Engineering in Halide Perovskite Electronics: Plenty of Room at the Interfaces,graphene_2d_materials,Electrical and Electronic Engineering,19026606,19026606,0,,W4206430780,10.1002/adma.202108616,117,268,openalex_v3_query_core,0,,strict,Perovskite Materials and Applications,19026606,Perovskite Materials and Applications,Perovskite Materials and Applications,0,2025
https://openalex.org/W4285390013,2022,Angle-resolved photoemission spectroscopy,graphene_2d_materials,Materials Chemistry,23574796,23574796,0,,W4285390013,10.1038/s43586-022-00133-7,117,354,openalex_v3_query_core,0,,strict,Electronic and Structural Properties of Oxides,23574796,Electronic and Structural Properties of Oxides,Electronic and Structural Properties of Oxides,0,2025
https://openalex.org/W4290672371,2022,Correlated interlayer exciton insulator in heterostructures of monolayer WSe2 and moiré WS2/WSe2,graphene_2d_materials,Materials Chemistry,19026997,19026997,0,,W4290672371,10.1038/s41567-022-01702-z,117,48,openalex_v3_query_core,0,,strict,2D Materials and Applications,19026997,2D Materials and Applications,2D Materials and Applications,0,2025
https://openalex.org/W4319060013,2023,Emerging Trends in 2D TMDs Photodetectors and Piezo‐Phototronic Devices,graphene_2d_materials,Materials Chemistry,19026997,19026997,0,,W4319060013,10.1002/smll.202205778,117,178,openalex_v3_query_core,0,,strict,2D Materials and Applications,19026997,2D Materials and Applications,2D Materials and Applications,0,2025
https://openalex.org/W4376612721,2023,Emergence of ferroelectricity in a nonferroelectric monolayer,graphene_2d_materials,Materials Chemistry,19026997,19026997,0,,W4376612721,10.1038/s41467-023-38445-1,117,64,openalex_v3_query_core,0,,strict,2D Materials and Applications,19026997,2D Materials and Applications,2D Materials and Applications,0,2025
https://openalex.org/W4385416099,2023,Functional MOF-Based Materials for Environmental and Biomedical Applications: A Critical Review,graphene_2d_materials,Inorganic Chemistry,18992938,18992938,0,,W4385416099,10.3390/nano13152224,117,357,openalex_v3_query_core,0,,strict,Metal-Organic Frameworks: Synthesis and Applications,18992938,Metal-Organic Frameworks: Synthesis and Applications,Metal-Organic Frameworks: Synthesis and Applications,0,2025
https://openalex.org/W2004876702,2014,Two‐dimensional materials for nanophotonics application,graphene_2d_materials,Materials Chemistry,19026997,19026997,0,,W2004876702,10.1515/nanoph-2014-0022,116,128,openalex_v3_query_core,0,,strict,2D Materials and Applications,19026997,2D Materials and Applications,2D Materials and Applications,0,2025
https://openalex.org/W2761190925,2017,Two-dimensional silica opens new perspectives,graphene_2d_materials,Materials Chemistry,19112278,19112278,0,,W2761190925,10.1016/j.progsurf.2017.09.001,116,153,openalex_v3_query_core,0,,strict,Mesoporous Materials and Catalysis,19112278,Mesoporous Materials and Catalysis,Mesoporous Materials and Catalysis,0,2025
https://openalex.org/W2896988254,2018,Stable Silicene in Graphene/Silicene Van der Waals Heterostructures,graphene_2d_materials,Materials Chemistry,18992804,18992804,0,,W2896988254,10.1002/adma.201804650,116,38,openalex_v3_query_core,0,,strict,Graphene research and applications,18992804,Graphene research and applications,Graphene research and applications,0,2025
https://openalex.org/W2979162704,2018,Quantum defects by design,graphene_2d_materials,Materials Chemistry,23574796,23574796,0,,W2979162704,10.1515/nanoph-2019-0211,116,243,openalex_v3_query_core,0,,strict,Electronic and Structural Properties of Oxides,23574796,Electronic and Structural Properties of Oxides,Electronic and Structural Properties of Oxides,0,2025
https://openalex.org/W2920797783,2019,Conformal hexagonal-boron nitride dielectric interface for tungsten diselenide devices with improved mobility and thermal dissipation,graphene_2d_materials,Materials Chemistry,18992804,18992804,0,,W2920797783,10.1038/s41467-019-09016-0,116,57,openalex_v3_query_core,0,,strict,Graphene research and applications,18992804,Graphene research and applications,Graphene research and applications,0,2025
https://openalex.org/W2998735352,2020,Ultrafast growth of large single crystals of monolayer WS2 and WSe2,graphene_2d_materials,Materials Chemistry,19026997,19026997,0,,W2998735352,10.1093/nsr/nwz223,116,58,openalex_v3_query_core,0,,strict,2D Materials and Applications,19026997,2D Materials and Applications,2D Materials and Applications,0,2025
https://openalex.org/W3005319172,2020,Low‐dimensional metal halide perovskites and related optoelectronic applications,graphene_2d_materials,Electrical and Electronic Engineering,19026606,19026606,0,,W3005319172,10.1002/inf2.12086,116,251,openalex_v3_query_core,0,,strict,Perovskite Materials and Applications,19026606,Perovskite Materials and Applications,Perovskite Materials and Applications,0,2025
https://openalex.org/W3159658294,2021,Mechanochemically synthesized Pb-free halide perovskite-based Cs<sub>2</sub>AgBiBr<sub>6</sub>–Cu–RGO nanocomposite for photocatalytic CO<sub>2</sub> reduction,graphene_2d_materials,Electrical and Electronic Engineering,19026606,19026606,0,,W3159658294,10.1039/d1ta01281a,116,56,openalex_v3_query_core,0,,strict,Perovskite Materials and Applications,19026606,Perovskite Materials and Applications,Perovskite Materials and Applications,0,2025
https://openalex.org/W3161818183,2021,Graphene/Reduced Graphene Oxide-Carbon Nanotubes Composite Electrodes: From Capacitive to Battery-Type Behaviour,graphene_2d_materials,"Electronic, Optical and Magnetic Materials",19009840,19009840,0,,W3161818183,10.3390/nano11051240,116,63,openalex_v3_query_core,0,,strict,Supercapacitor Materials and Fabrication,19009840,Supercapacitor Materials and Fabrication,Supercapacitor Materials and Fabrication,0,2025
https://openalex.org/W3203502841,2021,Research progress of MXene-based catalysts for electrochemical water-splitting and metal-air batteries,graphene_2d_materials,Materials Chemistry,23488465,23488465,0,,W3203502841,10.1016/j.ensm.2021.09.034,116,227,openalex_v3_query_core,0,,strict,MXene and MAX Phase Materials,23488465,MXene and MAX Phase Materials,MXene and MAX Phase Materials,0,2025
https://openalex.org/W4308496860,2022,Graphene e-tattoos for unobstructive ambulatory electrodermal activity sensing on the palm enabled by heterogeneous serpentine ribbons,graphene_2d_materials,Biomedical Engineering,19043637,19043637,0,,W4308496860,10.1038/s41467-022-34406-2,116,66,openalex_v3_query_core,0,,strict,Advanced Sensor and Energy Harvesting Materials,19043637,Advanced Sensor and Energy Harvesting Materials,Advanced Sensor and Energy Harvesting Materials,0,2025
https://openalex.org/W4321598727,2023,Wafer-scale and universal van der Waals metal semiconductor contact,graphene_2d_materials,Materials Chemistry,18992804,18992804,0,,W4321598727,10.1038/s41467-023-36715-6,116,51,openalex_v3_query_core,0,,strict,Graphene research and applications,18992804,Graphene research and applications,Graphene research and applications,0,2025
https://openalex.org/W4385702834,2023,A Review on MXene as Promising Support Materials for Oxygen Evolution Reaction Catalysts,graphene_2d_materials,Materials Chemistry,23488465,23488465,0,,W4385702834,10.1002/adfm.202306100,116,256,openalex_v3_query_core,0,,strict,MXene and MAX Phase Materials,23488465,MXene and MAX Phase Materials,MXene and MAX Phase Materials,0,2025
https://openalex.org/W1992299924,2015,Composite fermions and broken symmetries in graphene,graphene_2d_materials,Materials Chemistry,18992804,18992804,0,,W1992299924,10.1038/ncomms6838,115,68,openalex_v3_query_core,0,,strict,Graphene research and applications,18992804,Graphene research and applications,Graphene research and applications,0,2025
https://openalex.org/W2740725503,2017,Electrostatically Induced Quantum Point Contacts in Bilayer Graphene,graphene_2d_materials,Materials Chemistry,18992804,18992804,0,,W2740725503,10.1021/acs.nanolett.7b04666,115,39,openalex_v3_query_core,0,,strict,Graphene research and applications,18992804,Graphene research and applications,Graphene research and applications,0,2025
https://openalex.org/W2765419031,2017,Two-dimensional negative capacitance transistor with polyvinylidene fluoride-based ferroelectric polymer gating,graphene_2d_materials,Electrical and Electronic Engineering,23625231,23625231,0,,W2765419031,10.1038/s41699-017-0040-4,115,50,openalex_v3_query_core,0,,strict,Ferroelectric and Negative Capacitance Devices,23625231,Ferroelectric and Negative Capacitance Devices,Ferroelectric and Negative Capacitance Devices,0,2025
https://openalex.org/W2769768702,2018,Spectroscopy of bulk and few-layer superconducting NbSe2 with van der Waals tunnel junctions,graphene_2d_materials,"Atomic and Molecular Physics, and Optics",19095381,19095381,0,,W2769768702,10.1038/s41467-018-03000-w,115,38,openalex_v3_query_core,0,,strict,Topological Materials and Phenomena,19095381,Topological Materials and Phenomena,Topological Materials and Phenomena,0,2025
https://openalex.org/W2802430305,2018,One-Step Synthesis of Metal/Semiconductor Heterostructure NbS<sub>2</sub>/MoS<sub>2</sub>,graphene_2d_materials,Materials Chemistry,19026997,19026997,0,,W2802430305,10.1021/acs.chemmater.7b05117,115,43,openalex_v3_query_core,0,,strict,2D Materials and Applications,19026997,2D Materials and Applications,2D Materials and Applications,0,2025
https://openalex.org/W2937008366,2019,Ultra-fast photodetectors based on high-mobility indium gallium antimonide nanowires,graphene_2d_materials,Biomedical Engineering,21275085,21275085,0,,W2937008366,10.1038/s41467-019-09606-y,115,54,openalex_v3_query_core,0,,strict,Nanowire Synthesis and Applications,21275085,Nanowire Synthesis and Applications,Nanowire Synthesis and Applications,0,2025
https://openalex.org/W3010685274,2020,Palladium selenide as a broadband saturable absorber for ultra‐fast photonics,graphene_2d_materials,"Atomic and Molecular Physics, and Optics",19147258,19147258,0,,W3010685274,10.1515/nanoph-2020-0116,115,103,openalex_v3_query_core,0,,strict,Advanced Fiber Laser Technologies,19147258,Advanced Fiber Laser Technologies,Advanced Fiber Laser Technologies,0,2025
https://openalex.org/W3016252479,2020,High-throughput discovery of high Curie point two-dimensional ferromagnetic materials,graphene_2d_materials,Materials Chemistry,21394825,21394825,0,,W3016252479,10.1038/s41524-020-0300-2,115,58,openalex_v3_query_core,0,,strict,Machine Learning in Materials Science,21394825,Machine Learning in Materials Science,Machine Learning in Materials Science,0,2025
https://openalex.org/W3033507395,2020,Crepe Cake Structured Layered Double Hydroxide/Sulfur/Graphene as a Positive Electrode Material for Li–S Batteries,graphene_2d_materials,Electrical and Electronic Engineering,19027124,19027124,0,,W3033507395,10.1021/acsnano.0c01694,115,56,openalex_v3_query_core,0,,strict,Advanced Battery Materials and Technologies,19027124,Advanced Battery Materials and Technologies,Advanced Battery Materials and Technologies,0,2025
https://openalex.org/W3037271558,2020,Band structure engineered tunneling heterostructures for high-performance visible and near-infrared photodetection,graphene_2d_materials,Materials Chemistry,19026997,19026997,0,,W3037271558,10.1007/s40843-020-1353-3,115,54,openalex_v3_query_core,0,,strict,2D Materials and Applications,19026997,2D Materials and Applications,2D Materials and Applications,0,2025
https://openalex.org/W3134323971,2021,Lattice reconstruction induced multiple ultra-flat bands in twisted bilayer WSe2,graphene_2d_materials,Materials Chemistry,19026997,19026997,0,,W3134323971,10.1038/s41467-021-25924-6,115,39,openalex_v3_query_core,0,,strict,2D Materials and Applications,19026997,2D Materials and Applications,2D Materials and Applications,0,2025
https://openalex.org/W3153950606,2021,Enhanced nonlinear interaction of polaritons via excitonic Rydberg states in monolayer WSe2,graphene_2d_materials,"Atomic and Molecular Physics, and Optics",23591034,23591034,0,,W3153950606,10.1038/s41467-021-22537-x,115,66,openalex_v3_query_core,0,,strict,Strong Light-Matter Interactions,23591034,Strong Light-Matter Interactions,Strong Light-Matter Interactions,0,2025
https://openalex.org/W3172946124,2021,Straintronics with van der Waals materials,graphene_2d_materials,Materials Chemistry,19026997,19026997,0,,W3172946124,10.1038/s41535-021-00360-3,115,77,openalex_v3_query_core,0,,strict,2D Materials and Applications,19026997,2D Materials and Applications,2D Materials and Applications,0,2025
https://openalex.org/W3200249749,2021,Realization of nearly dispersionless bands with strong orbital anisotropy from destructive interference in twisted bilayer MoS<sub>2</sub>.,graphene_2d_materials,Materials Chemistry,19026997,19026997,0,,W3200249749,10.1038/s41467-021-25922-8,115,86,openalex_v3_query_core,0,,strict,2D Materials and Applications,19026997,2D Materials and Applications,2D Materials and Applications,0,2025
https://openalex.org/W4392979878,2024,Emerging 2D materials beyond mxenes and TMDs: Transition metal carbo-chalcogenides,graphene_2d_materials,Materials Chemistry,23488465,23488465,0,,W4392979878,10.1016/j.pmatsci.2024.101287,115,241,openalex_v3_query_core,0,,strict,MXene and MAX Phase Materials,23488465,MXene and MAX Phase Materials,MXene and MAX Phase Materials,0,2025
https://openalex.org/W1998948390,2014,Giant enhancement in vertical conductivity of stacked CVD graphene sheets by self-assembled molecular layers,graphene_2d_materials,Materials Chemistry,18992804,18992804,0,,W1998948390,10.1038/ncomms6461,114,41,openalex_v3_query_core,0,,strict,Graphene research and applications,18992804,Graphene research and applications,Graphene research and applications,0,2025
https://openalex.org/W2137922190,2015,Strain induced piezoelectric effect in black phosphorus and MoS2 van der Waals heterostructure,graphene_2d_materials,Materials Chemistry,19026997,19026997,0,,W2137922190,10.1038/srep16448,114,44,openalex_v3_query_core,0,,strict,2D Materials and Applications,19026997,2D Materials and Applications,2D Materials and Applications,0,2025
https://openalex.org/W2198681555,2015,Second Harmonic Generation in WSe <sub>2</sub>,graphene_2d_materials,Materials Chemistry,19026997,19026997,0,,W2198681555,10.1088/2053-1583/2/4/045015,114,32,openalex_v3_query_core,0,,strict,2D Materials and Applications,19026997,2D Materials and Applications,2D Materials and Applications,0,2025
https://openalex.org/W2517744486,2016,"Theory of proximity-induced exchange coupling in graphene on hBN/(Co, Ni)",graphene_2d_materials,Materials Chemistry,18992804,18992804,0,,W2517744486,10.1103/physrevb.94.155441,114,78,openalex_v3_query_core,0,,strict,Graphene research and applications,18992804,Graphene research and applications,Graphene research and applications,0,2025
https://openalex.org/W2556429590,2017,Molecular assembly on two-dimensional materials,graphene_2d_materials,Biomedical Engineering,23523310,23523310,0,,W2556429590,10.1088/1361-6528/aa564f,114,210,openalex_v3_query_core,0,,strict,Surface Chemistry and Catalysis,23523310,Surface Chemistry and Catalysis,Surface Chemistry and Catalysis,0,2025
https://openalex.org/W2784122423,2018,Atlas for the properties of elemental two-dimensional metals,graphene_2d_materials,Materials Chemistry,18992804,18992804,0,,W2784122423,10.1103/physrevb.97.035411,114,56,openalex_v3_query_core,0,,strict,Graphene research and applications,18992804,Graphene research and applications,Graphene research and applications,0,2025
https://openalex.org/W2808911644,2018,Research Update: Bismuth based materials for photovoltaics,graphene_2d_materials,Electrical and Electronic Engineering,19026606,19026606,0,,W2808911644,10.1063/1.5026541,114,107,openalex_v3_query_core,0,,strict,Perovskite Materials and Applications,19026606,Perovskite Materials and Applications,Perovskite Materials and Applications,0,2025
https://openalex.org/W2912030400,2019,Out-of-plane orientation of luminescent excitons in two-dimensional indium selenide,graphene_2d_materials,Materials Chemistry,19026997,19026997,0,,W2912030400,10.1038/s41467-019-11920-4,114,66,openalex_v3_query_core,0,,strict,2D Materials and Applications,19026997,2D Materials and Applications,2D Materials and Applications,0,2025
https://openalex.org/W2982363339,2019,Hybrids of PtRu Nanoclusters and Black Phosphorus Nanosheets for Highly Efficient Alkaline Hydrogen Evolution Reaction,graphene_2d_materials,"Renewable Energy, Sustainability and the Environment",18992146,18992146,0,,W2982363339,10.1021/acscatal.9b03506,114,39,openalex_v3_query_core,0,,strict,Electrocatalysts for Energy Conversion,18992146,Electrocatalysts for Energy Conversion,Electrocatalysts for Energy Conversion,0,2025
https://openalex.org/W3094510099,2020,Sonochemical catalysis as a unique strategy for the fabrication of nano-/micro-structured inorganics,graphene_2d_materials,Materials Chemistry,21377658,21377658,0,,W3094510099,10.1039/d0na00753f,114,206,openalex_v3_query_core,0,,strict,Ultrasound and Cavitation Phenomena,21377658,Ultrasound and Cavitation Phenomena,Ultrasound and Cavitation Phenomena,0,2025
https://openalex.org/W3106227041,2020,Highly selective gas sensing enabled by filters,graphene_2d_materials,Electrical and Electronic Engineering,19061184,19061184,0,,W3106227041,10.1039/d0mh01453b,114,333,openalex_v3_query_core,0,,strict,Gas Sensing Nanomaterials and Sensors,19061184,Gas Sensing Nanomaterials and Sensors,Gas Sensing Nanomaterials and Sensors,0,2025
https://openalex.org/W3130081328,2021,Synthesis of Large-Scale Monolayer 1T′-MoTe<sub>2</sub> and Its Stabilization <i>via</i> Scalable hBN Encapsulation,graphene_2d_materials,Materials Chemistry,19026997,19026997,0,,W3130081328,10.1021/acsnano.0c05936,114,95,openalex_v3_query_core,0,,strict,2D Materials and Applications,19026997,2D Materials and Applications,2D Materials and Applications,0,2025
https://openalex.org/W3133569012,2021,"Nanomaterial‐Based Electrochemical Sensors: Mechanism, Preparation, and Application in Biomedicine",graphene_2d_materials,Electrical and Electronic Engineering,19026208,19026208,0,,W3133569012,10.1002/anbr.202000104,114,173,openalex_v3_query_core,0,,strict,Electrochemical sensors and biosensors,19026208,Electrochemical sensors and biosensors,Electrochemical sensors and biosensors,0,2025
https://openalex.org/W3135268080,2021,Tailoring Light with Layered and Moiré Metasurfaces,graphene_2d_materials,"Electronic, Optical and Magnetic Materials",19026604,19026604,0,,W3135268080,10.1016/j.trechm.2021.02.004,114,133,openalex_v3_query_core,0,,strict,Metamaterials and Metasurfaces Applications,19026604,Metamaterials and Metasurfaces Applications,Metamaterials and Metasurfaces Applications,0,2025
https://openalex.org/W3171139930,2021,Applications of 2D-Layered Palladium Diselenide and Its van der Waals Heterostructures in Electronics and Optoelectronics,graphene_2d_materials,Materials Chemistry,19026997,19026997,0,,W3171139930,10.1007/s40820-021-00660-0,114,207,openalex_v3_query_core,0,,strict,2D Materials and Applications,19026997,2D Materials and Applications,2D Materials and Applications,0,2025
https://openalex.org/W3177033246,2021,Tunable room-temperature ferromagnetism in Co-doped two-dimensional van der Waals ZnO,graphene_2d_materials,Materials Chemistry,19026997,19026997,0,,W3177033246,10.1038/s41467-021-24247-w,114,45,openalex_v3_query_core,0,,strict,2D Materials and Applications,19026997,2D Materials and Applications,2D Materials and Applications,0,2025
https://openalex.org/W3187725580,2021,PdSe2/MoSe2 vertical heterojunction for self-powered photodetector with high performance,graphene_2d_materials,Materials Chemistry,19026997,19026997,0,,W3187725580,10.1007/s12274-021-3745-9,114,44,openalex_v3_query_core,0,,strict,2D Materials and Applications,19026997,2D Materials and Applications,2D Materials and Applications,0,2025
https://openalex.org/W4205924515,2022,"Shining Light on Anion-Mixed Nanocatalysts for Efficient Water Electrolysis: Fundamentals, Progress, and Perspectives",graphene_2d_materials,"Renewable Energy, Sustainability and the Environment",18992146,18992146,0,,W4205924515,10.1007/s40820-021-00785-2,114,247,openalex_v3_query_core,0,,strict,Electrocatalysts for Energy Conversion,18992146,Electrocatalysts for Energy Conversion,Electrocatalysts for Energy Conversion,0,2025
https://openalex.org/W4290878972,2022,Dynamic Magnetic Crossover at the Origin of the Hidden-Order in van der Waals Antiferromagnet CrSBr,graphene_2d_materials,Materials Chemistry,19026997,19026997,0,,W4290878972,10.1038/s41467-022-32290-4,114,53,openalex_v3_query_core,0,,strict,2D Materials and Applications,19026997,2D Materials and Applications,2D Materials and Applications,0,2025
https://openalex.org/W4312192819,2022,Recent advances in MoS<sub>2</sub>-based nanomaterial sensors for room-temperature gas detection: a review,graphene_2d_materials,Electrical and Electronic Engineering,19061184,19061184,0,,W4312192819,10.1039/d2sd00208f,114,182,openalex_v3_query_core,0,,strict,Gas Sensing Nanomaterials and Sensors,19061184,Gas Sensing Nanomaterials and Sensors,Gas Sensing Nanomaterials and Sensors,0,2025
https://openalex.org/W4319865391,2023,Unified graph neural network force-field for the periodic table: solid state applications,graphene_2d_materials,Materials Chemistry,21394825,21394825,0,,W4319865391,10.1039/d2dd00096b,114,60,openalex_v3_query_core,0,,strict,Machine Learning in Materials Science,21394825,Machine Learning in Materials Science,Machine Learning in Materials Science,0,2025
https://openalex.org/W4367662461,2023,Recent advancements in zero- to three-dimensional carbon networks with a two-dimensional electrode material for high-performance supercapacitors,graphene_2d_materials,"Electronic, Optical and Magnetic Materials",19009840,19009840,0,,W4367662461,10.1039/d3na00094j,114,180,openalex_v3_query_core,0,,strict,Supercapacitor Materials and Fabrication,19009840,Supercapacitor Materials and Fabrication,Supercapacitor Materials and Fabrication,0,2025
https://openalex.org/W4385302590,2023,Step engineering for nucleation and domain orientation control in WSe2 epitaxy on c-plane sapphire,graphene_2d_materials,Materials Chemistry,19026997,19026997,0,,W4385302590,10.1038/s41565-023-01456-6,114,53,openalex_v3_query_core,0,,strict,2D Materials and Applications,19026997,2D Materials and Applications,2D Materials and Applications,0,2025
https://openalex.org/W4390745982,2024,Nanoparticles anchored strategy to develop 2D MoS2 and MoSe2 based room temperature chemiresistive gas sensors,graphene_2d_materials,Electrical and Electronic Engineering,19061184,19061184,0,,W4390745982,10.1016/j.ccr.2024.215657,114,201,openalex_v3_query_core,0,,strict,Gas Sensing Nanomaterials and Sensors,19061184,Gas Sensing Nanomaterials and Sensors,Gas Sensing Nanomaterials and Sensors,0,2025
https://openalex.org/W1511188887,2014,Robust 2D Topological Insulators in van der Waals Heterostructures,graphene_2d_materials,"Atomic and Molecular Physics, and Optics",19095381,19095381,0,,W1511188887,10.1021/nn503789v,113,47,openalex_v3_query_core,0,,strict,Topological Materials and Phenomena,19095381,Topological Materials and Phenomena,Topological Materials and Phenomena,0,2025
https://openalex.org/W2114033106,2015,Universal composition–structure–property maps for natural and biomimetic platelet–matrix composites and stacked heterostructures,graphene_2d_materials,Biomaterials,21275091,21275091,0,,W2114033106,10.1038/ncomms7523,113,57,openalex_v3_query_core,0,,strict,Calcium Carbonate Crystallization and Inhibition,21275091,Calcium Carbonate Crystallization and Inhibition,Calcium Carbonate Crystallization and Inhibition,0,2025
https://openalex.org/W2138795088,2015,Photoluminescence of two-dimensional GaTe and GaSe films,graphene_2d_materials,Materials Chemistry,19026997,19026997,0,,W2138795088,10.1088/2053-1583/2/3/035010,113,45,openalex_v3_query_core,0,,strict,2D Materials and Applications,19026997,2D Materials and Applications,2D Materials and Applications,0,2025
https://openalex.org/W2544956095,2016,Black Phosphorus: Critical Review and Potential for Water Splitting Photocatalyst,graphene_2d_materials,Materials Chemistry,19026997,19026997,0,,W2544956095,10.3390/nano6110194,113,84,openalex_v3_query_core,0,,strict,2D Materials and Applications,19026997,2D Materials and Applications,2D Materials and Applications,0,2025
https://openalex.org/W2586011037,2017,Tunable Doping in Hydrogenated Single Layered Molybdenum Disulfide,graphene_2d_materials,Materials Chemistry,19026997,19026997,0,,W2586011037,10.1021/acsnano.6b07661,113,63,openalex_v3_query_core,0,,strict,2D Materials and Applications,19026997,2D Materials and Applications,2D Materials and Applications,0,2025
https://openalex.org/W2789546120,2018,"Band Engineering of Carbon Nitride Monolayers by N-Type, P-Type, and Isoelectronic Doping for Photocatalytic Applications",graphene_2d_materials,Materials Chemistry,19026997,19026997,0,,W2789546120,10.1021/acsami.8b01729,113,76,openalex_v3_query_core,0,,strict,2D Materials and Applications,19026997,2D Materials and Applications,2D Materials and Applications,0,2025
https://openalex.org/W2895072385,2018,2D Material Science: Defect Engineering by Particle Irradiation,graphene_2d_materials,Materials Chemistry,18992804,18992804,0,,W2895072385,10.3390/ma11101885,113,158,openalex_v3_query_core,0,,strict,Graphene research and applications,18992804,Graphene research and applications,Graphene research and applications,0,2025
https://openalex.org/W2957735007,2019,Programmable graphene nanobubbles with three-fold symmetric pseudo-magnetic fields,graphene_2d_materials,Biomedical Engineering,23556584,23556584,0,,W2957735007,10.1038/s41467-019-11038-7,113,47,openalex_v3_query_core,0,,strict,Characterization and Applications of Magnetic Nanoparticles,23556584,Characterization and Applications of Magnetic Nanoparticles,Characterization and Applications of Magnetic Nanoparticles,0,2025
https://openalex.org/W3007294682,2020,Local Berry curvature signatures in dichroic angle-resolved photoelectron spectroscopy from two-dimensional materials,graphene_2d_materials,"Atomic and Molecular Physics, and Optics",19095381,19095381,0,,W3007294682,10.1126/sciadv.aay2730,113,62,openalex_v3_query_core,0,,strict,Topological Materials and Phenomena,19095381,Topological Materials and Phenomena,Topological Materials and Phenomena,0,2025
https://openalex.org/W3024010902,2020,Two-dimensional material membranes for critical separations,graphene_2d_materials,Mechanical Engineering,21292115,21292115,0,,W3024010902,10.1039/d0qi00307g,113,204,openalex_v3_query_core,0,,strict,Membrane Separation and Gas Transport,21292115,Membrane Separation and Gas Transport,Membrane Separation and Gas Transport,0,2025
https://openalex.org/W3099758957,2020,Nanocarbon-Enhanced 2D Photoelectrodes: A New Paradigm in Photoelectrochemical Water Splitting,graphene_2d_materials,"Renewable Energy, Sustainability and the Environment",18992678,18992678,0,,W3099758957,10.1007/s40820-020-00545-8,113,189,openalex_v3_query_core,0,,strict,Advanced Photocatalysis Techniques,18992678,Advanced Photocatalysis Techniques,Advanced Photocatalysis Techniques,0,2025
https://openalex.org/W4200481712,2021,Chemical hardness-driven interpretable machine learning approach for rapid search of photocatalysts,graphene_2d_materials,Materials Chemistry,21394825,21394825,0,,W4200481712,10.1038/s41524-021-00669-4,113,85,openalex_v3_query_core,0,,strict,Machine Learning in Materials Science,21394825,Machine Learning in Materials Science,Machine Learning in Materials Science,0,2025
https://openalex.org/W4296162976,2022,Construction of Ultrathin Layered MXene-TiN Heterostructure Enabling Favorable Catalytic Ability for High-Areal-Capacity Lithium–Sulfur Batteries,graphene_2d_materials,Materials Chemistry,23488465,23488465,0,,W4296162976,10.1007/s40820-022-00935-0,113,60,openalex_v3_query_core,0,,strict,MXene and MAX Phase Materials,23488465,MXene and MAX Phase Materials,MXene and MAX Phase Materials,0,2025
https://openalex.org/W4298145924,2022,A Brief Assessment on Recent Developments in Efficient Electrocatalytic Nitrogen Reduction with 2D Non-Metallic Nanomaterials,graphene_2d_materials,Catalysis,23505229,23505229,0,,W4298145924,10.3390/nano12193413,113,79,openalex_v3_query_core,0,,strict,Ammonia Synthesis and Nitrogen Reduction,23505229,Ammonia Synthesis and Nitrogen Reduction,Ammonia Synthesis and Nitrogen Reduction,0,2025
https://openalex.org/W4386376460,2023,How to select heterogeneous CO <sub>2</sub> reduction electrocatalyst,graphene_2d_materials,"Renewable Energy, Sustainability and the Environment",21361023,21361023,0,,W4386376460,10.26599/nre.2023.9120096,113,328,openalex_v3_query_core,0,,strict,CO2 Reduction Techniques and Catalysts,21361023,CO2 Reduction Techniques and Catalysts,CO2 Reduction Techniques and Catalysts,0,2025
https://openalex.org/W4388698713,2023,Size and charge effects of metal nanoclusters on antibacterial mechanisms,graphene_2d_materials,Materials Chemistry,23539420,23539420,0,,W4388698713,10.1186/s12951-023-02208-3,113,140,openalex_v3_query_core,0,,strict,Advanced Nanomaterials in Catalysis,23539420,Advanced Nanomaterials in Catalysis,Advanced Nanomaterials in Catalysis,0,2025
https://openalex.org/W2734614828,2017,Short-range surface plasmonics: Localized electron emission dynamics from a 60-nm spot on an atomically flat single-crystalline gold surface,graphene_2d_materials,Biomedical Engineering,19027259,19027259,0,,W2734614828,10.1126/sciadv.1700721,112,63,openalex_v3_query_core,0,,strict,Plasmonic and Surface Plasmon Research,19027259,Plasmonic and Surface Plasmon Research,Plasmonic and Surface Plasmon Research,0,2025
https://openalex.org/W2744480351,2017,In Situ Transmission Electron Microscopy Characterization and Manipulation of Two‐Dimensional Layered Materials beyond Graphene,graphene_2d_materials,Materials Chemistry,18992804,18992804,0,,W2744480351,10.1002/smll.201604259,112,159,openalex_v3_query_core,0,,strict,Graphene research and applications,18992804,Graphene research and applications,Graphene research and applications,0,2025
https://openalex.org/W2888764303,2018,Mapping the elastic properties of two-dimensional MoS2 via bimodal atomic force microscopy and finite element simulation,graphene_2d_materials,Materials Chemistry,19026997,19026997,0,,W2888764303,10.1038/s41524-018-0105-8,112,54,openalex_v3_query_core,0,,strict,2D Materials and Applications,19026997,2D Materials and Applications,2D Materials and Applications,0,2025
https://openalex.org/W2968914471,2018,Advances in quantum light emission from 2D materials,graphene_2d_materials,Materials Chemistry,19026997,19026997,0,,W2968914471,10.1515/nanoph-2019-0140,112,165,openalex_v3_query_core,0,,strict,2D Materials and Applications,19026997,2D Materials and Applications,2D Materials and Applications,0,2025
https://openalex.org/W2921544716,2019,Ultrafast Dynamic Microscopy of Carrier and Exciton Transport,graphene_2d_materials,Biophysics,19078082,19078082,0,,W2921544716,10.1146/annurev-physchem-042018-052605,112,134,openalex_v3_query_core,0,,strict,Advanced Fluorescence Microscopy Techniques,19078082,Advanced Fluorescence Microscopy Techniques,Advanced Fluorescence Microscopy Techniques,0,2025
https://openalex.org/W2945268736,2019,Tuning the structural and electronic properties and chemical activities of stanene monolayers by embedding 4d Pd: a DFT study,graphene_2d_materials,Materials Chemistry,18992804,18992804,0,,W2945268736,10.1039/c9ra01472a,112,65,openalex_v3_query_core,0,,strict,Graphene research and applications,18992804,Graphene research and applications,Graphene research and applications,0,2025
https://openalex.org/W2981795607,2019,Chemical Sensors Based on Two-Dimensional (2D) Materials for Selective Detection of Ions and Molecules in Liquid,graphene_2d_materials,Bioengineering,21309407,21309407,0,,W2981795607,10.3389/fchem.2019.00708,112,102,openalex_v3_query_core,0,,strict,Analytical Chemistry and Sensors,21309407,Analytical Chemistry and Sensors,Analytical Chemistry and Sensors,0,2025
https://openalex.org/W3036991839,2020,Photocatalytic membrane filtration and its advantages over conventional approaches in the treatment of oily wastewater: A review,graphene_2d_materials,Water Science and Technology,19010100,19010100,0,,W3036991839,10.1002/apj.2533,112,208,openalex_v3_query_core,0,,strict,Membrane Separation Technologies,19010100,Membrane Separation Technologies,Membrane Separation Technologies,0,2025
https://openalex.org/W3038874850,2020,Photoinduced charge transfer in transition metal dichalcogenide heterojunctions – towards next generation energy technologies,graphene_2d_materials,Materials Chemistry,19026997,19026997,0,,W3038874850,10.1039/d0ee01370f,112,400,openalex_v3_query_core,0,,strict,2D Materials and Applications,19026997,2D Materials and Applications,2D Materials and Applications,0,2025
https://openalex.org/W3046041261,2020,Degradation-by-design: how chemical functionalization enhances the biodegradability and safety of 2D materials,graphene_2d_materials,Biomedical Engineering,23591170,23591170,0,,W3046041261,10.1039/c9cs00822e,112,304,openalex_v3_query_core,0,,strict,Graphene and Nanomaterials Applications,23591170,Graphene and Nanomaterials Applications,Graphene and Nanomaterials Applications,0,2025
https://openalex.org/W3107843179,2020,Tunable Electronic and Optical Properties of 2D Monoelemental Materials Beyond Graphene for Promising Applications,graphene_2d_materials,Materials Chemistry,19026997,19026997,0,,W3107843179,10.1002/eem2.12154,112,348,openalex_v3_query_core,0,,strict,2D Materials and Applications,19026997,2D Materials and Applications,2D Materials and Applications,0,2025
https://openalex.org/W3109365753,2020,Atomic threshold-switching enabled MoS2 transistors towards ultralow-power electronics,graphene_2d_materials,Materials Chemistry,19026997,19026997,0,,W3109365753,10.1038/s41467-020-20051-0,112,53,openalex_v3_query_core,0,,strict,2D Materials and Applications,19026997,2D Materials and Applications,2D Materials and Applications,0,2025
https://openalex.org/W4206365337,2022,Unlocking surface octahedral tilt in two-dimensional Ruddlesden-Popper perovskites,graphene_2d_materials,Electrical and Electronic Engineering,19026606,19026606,0,,W4206365337,10.1038/s41467-021-27747-x,112,54,openalex_v3_query_core,0,,strict,Perovskite Materials and Applications,19026606,Perovskite Materials and Applications,Perovskite Materials and Applications,0,2025
https://openalex.org/W4285742344,2022,"2D Materials for Efficient Photodetection: Overview, Mechanisms, Performance and UV-IR Range Applications",graphene_2d_materials,Materials Chemistry,19026997,19026997,0,,W4285742344,10.3389/fchem.2022.905404,112,166,openalex_v3_query_core,0,,strict,2D Materials and Applications,19026997,2D Materials and Applications,2D Materials and Applications,0,2025
https://openalex.org/W4293014331,2022,Advancements in MXene-Polymer Nanocomposites in Energy Storage and Biomedical Applications,graphene_2d_materials,Materials Chemistry,23488465,23488465,0,,W4293014331,10.3390/polym14163433,112,250,openalex_v3_query_core,0,,strict,MXene and MAX Phase Materials,23488465,MXene and MAX Phase Materials,MXene and MAX Phase Materials,0,2025
https://openalex.org/W4308256620,2022,Emerging 2D Metal Oxides: From Synthesis to Device Integration,graphene_2d_materials,Materials Chemistry,18992932,18992932,0,,W4308256620,10.1002/adma.202207774,112,303,openalex_v3_query_core,0,,strict,ZnO doping and properties,18992932,ZnO doping and properties,ZnO doping and properties,0,2025
https://openalex.org/W4313528555,2023,Ion-Selective Separation Using MXene-Based Membranes: A Review,graphene_2d_materials,Materials Chemistry,23488465,23488465,0,,W4313528555,10.1021/acsmaterialslett.2c00914,112,160,openalex_v3_query_core,0,,strict,MXene and MAX Phase Materials,23488465,MXene and MAX Phase Materials,MXene and MAX Phase Materials,0,2025
https://openalex.org/W4385451124,2023,Thermocatalytic Decomposition of Methane: A Review on Carbon-Based Catalysts,graphene_2d_materials,Materials Chemistry,19010095,19010095,0,,W4385451124,10.1021/acsomega.3c01936,112,154,openalex_v3_query_core,0,,strict,Catalytic Processes in Materials Science,19010095,Catalytic Processes in Materials Science,Catalytic Processes in Materials Science,0,2025
https://openalex.org/W4396511206,2024,MOF/graphene oxide based composites in smart supercapacitors: a comprehensive review on the electrochemical evaluation and material development for advanced energy storage devices,graphene_2d_materials,"Electronic, Optical and Magnetic Materials",19009840,19009840,0,,W4396511206,10.1039/d4ra01027b,112,176,openalex_v3_query_core,0,,strict,Supercapacitor Materials and Fabrication,19009840,Supercapacitor Materials and Fabrication,Supercapacitor Materials and Fabrication,0,2025
https://openalex.org/W2147246839,2014,Anomalous low-temperature Coulomb drag in graphene-GaAs heterostructures,graphene_2d_materials,Materials Chemistry,18992804,18992804,0,,W2147246839,10.1038/ncomms6824,111,95,openalex_v3_query_core,0,,strict,Graphene research and applications,18992804,Graphene research and applications,Graphene research and applications,0,2025
https://openalex.org/W3014290212,2020,Prospects and Opportunities of 2D van der Waals Magnetic Systems,graphene_2d_materials,Materials Chemistry,19026997,19026997,0,,W3014290212,10.1002/andp.201900452,111,244,openalex_v3_query_core,0,,strict,2D Materials and Applications,19026997,2D Materials and Applications,2D Materials and Applications,0,2025
https://openalex.org/W3027874840,2020,High-performance position-sensitive detector based on the lateral photoelectrical effect of two-dimensional materials,graphene_2d_materials,Materials Chemistry,19026997,19026997,0,,W3027874840,10.1038/s41377-020-0307-y,111,45,openalex_v3_query_core,0,,strict,2D Materials and Applications,19026997,2D Materials and Applications,2D Materials and Applications,0,2025
https://openalex.org/W3113005488,2020,Thermodynamics and kinetics of 2D g-GeC monolayer as an anode materials for Li/Na-ion batteries,graphene_2d_materials,Electrical and Electronic Engineering,18991892,18991892,0,,W3113005488,10.1016/j.jpowsour.2020.229318,111,77,openalex_v3_query_core,0,,strict,Advancements in Battery Materials,18991892,Advancements in Battery Materials,Advancements in Battery Materials,0,2025
https://openalex.org/W4285795362,2022,Observation of polarity-switchable photoconductivity in III-nitride/MoSx core-shell nanowires,graphene_2d_materials,Materials Chemistry,19026997,19026997,0,,W4285795362,10.1038/s41377-022-00912-7,111,78,openalex_v3_query_core,0,,strict,2D Materials and Applications,19026997,2D Materials and Applications,2D Materials and Applications,0,2025
https://openalex.org/W4288437883,2022,Metaplastic and Energy-Efficient Biocompatible Graphene Artificial Synaptic Transistors for Enhanced Accuracy Neuromorphic Computing,graphene_2d_materials,Electrical and Electronic Engineering,19077560,19077560,0,,W4288437883,10.1038/s41467-022-32078-6,111,63,openalex_v3_query_core,0,,strict,Advanced Memory and Neural Computing,19077560,Advanced Memory and Neural Computing,Advanced Memory and Neural Computing,0,2025
https://openalex.org/W4311047826,2022,Recent progress in carbon-based electrochemical catalysts: From structure design to potential applications,graphene_2d_materials,"Renewable Energy, Sustainability and the Environment",18992146,18992146,0,,W4311047826,10.26599/nre.2023.9120047,111,204,openalex_v3_query_core,0,,strict,Electrocatalysts for Energy Conversion,18992146,Electrocatalysts for Energy Conversion,Electrocatalysts for Energy Conversion,0,2025
https://openalex.org/W4317733987,2023,Two-Dimensional Transition Metal Dichalcogenide Based Biosensors: From Fundamentals to Healthcare Applications,graphene_2d_materials,Molecular Biology,19026082,19026082,0,,W4317733987,10.3390/bios13020169,111,185,openalex_v3_query_core,0,,strict,Advanced biosensing and bioanalysis techniques,19026082,Advanced biosensing and bioanalysis techniques,Advanced biosensing and bioanalysis techniques,0,2025
https://openalex.org/W4319315050,2023,Phase-engineered cathode for super-stable potassium storage,graphene_2d_materials,Electrical and Electronic Engineering,18991892,18991892,0,,W4319315050,10.1038/s41467-023-36385-4,111,69,openalex_v3_query_core,0,,strict,Advancements in Battery Materials,18991892,Advancements in Battery Materials,Advancements in Battery Materials,0,2025
https://openalex.org/W4319445079,2023,Graphene/MoS2−xOx/graphene photomemristor with tunable non-volatile responsivities for neuromorphic vision processing,graphene_2d_materials,Electrical and Electronic Engineering,19077560,19077560,0,,W4319445079,10.1038/s41377-023-01079-5,111,50,openalex_v3_query_core,0,,strict,Advanced Memory and Neural Computing,19077560,Advanced Memory and Neural Computing,Advanced Memory and Neural Computing,0,2025
https://openalex.org/W4376166899,2023,Metal Oxides Nanomaterials and Nanocomposite-Based Electrochemical Sensors for Healthcare Applications,graphene_2d_materials,Electrical and Electronic Engineering,19026208,19026208,0,,W4376166899,10.3390/bios13050542,111,98,openalex_v3_query_core,0,,strict,Electrochemical sensors and biosensors,19026208,Electrochemical sensors and biosensors,Electrochemical sensors and biosensors,0,2025
https://openalex.org/W4378574832,2023,Recent Advances in Porous Carbon Materials as Electrodes for Supercapacitors,graphene_2d_materials,"Electronic, Optical and Magnetic Materials",19009840,19009840,0,,W4378574832,10.3390/nano13111744,111,193,openalex_v3_query_core,0,,strict,Supercapacitor Materials and Fabrication,19009840,Supercapacitor Materials and Fabrication,Supercapacitor Materials and Fabrication,0,2025
https://openalex.org/W4400736061,2024,Non-volatile 2D MoS2/black phosphorus heterojunction photodiodes in the near- to mid-infrared region,graphene_2d_materials,Materials Chemistry,19026997,19026997,0,,W4400736061,10.1038/s41467-024-50353-6,111,42,openalex_v3_query_core,0,,strict,2D Materials and Applications,19026997,2D Materials and Applications,2D Materials and Applications,0,2025
https://openalex.org/W2171573561,2014,A direct comparison of CVD-grown and exfoliated MoS<sub>2</sub>using optical spectroscopy,graphene_2d_materials,Materials Chemistry,19026997,19026997,0,,W2171573561,10.1088/0268-1242/29/6/064008,110,49,openalex_v3_query_core,0,,strict,2D Materials and Applications,19026997,2D Materials and Applications,2D Materials and Applications,0,2025
https://openalex.org/W2252960232,2015,MoS2 Heterojunctions by Thickness Modulation,graphene_2d_materials,Materials Chemistry,19026997,19026997,0,,W2252960232,10.1038/srep10990,110,46,openalex_v3_query_core,0,,strict,2D Materials and Applications,19026997,2D Materials and Applications,2D Materials and Applications,0,2025
https://openalex.org/W2306525529,2016,Point Defects and Grain Boundaries in Rotationally Commensurate MoS<sub>2</sub> on Epitaxial Graphene,graphene_2d_materials,Materials Chemistry,19026997,19026997,0,,W2306525529,10.1021/acs.jpcc.6b02073,110,82,openalex_v3_query_core,0,,strict,2D Materials and Applications,19026997,2D Materials and Applications,2D Materials and Applications,0,2025
https://openalex.org/W2589702776,2017,Intercalant-independent transition temperature in superconducting black phosphorus,graphene_2d_materials,Materials Chemistry,19026997,19026997,0,,W2589702776,10.1038/ncomms15036,110,44,openalex_v3_query_core,0,,strict,2D Materials and Applications,19026997,2D Materials and Applications,2D Materials and Applications,0,2025
https://openalex.org/W2767583643,2017,Probing optical anisotropy of nanometer-thin van der waals microcrystals by near-field imaging,graphene_2d_materials,Materials Chemistry,18992804,18992804,0,,W2767583643,10.1038/s41467-017-01580-7,110,46,openalex_v3_query_core,0,,strict,Graphene research and applications,18992804,Graphene research and applications,Graphene research and applications,0,2025
https://openalex.org/W2902672493,2018,Seamless lateral graphene p–n junctions formed by selective in situ doping for high-performance photodetectors,graphene_2d_materials,Materials Chemistry,18992804,18992804,0,,W2902672493,10.1038/s41467-018-07555-6,110,69,openalex_v3_query_core,0,,strict,Graphene research and applications,18992804,Graphene research and applications,Graphene research and applications,0,2025
https://openalex.org/W2888222941,2019,Limits to Strong Coupling of Excitons in Multilayer WS<sub>2</sub> with Collective Plasmonic Resonances,graphene_2d_materials,"Atomic and Molecular Physics, and Optics",23591034,23591034,0,,W2888222941,10.1021/acsphotonics.8b01459,110,67,openalex_v3_query_core,0,,strict,Strong Light-Matter Interactions,23591034,Strong Light-Matter Interactions,Strong Light-Matter Interactions,0,2025
https://openalex.org/W2971616282,2019,Quantum confinement-induced semimetal-to-semiconductor evolution in large-area ultra-thin PtSe2 films grown at 400 °C,graphene_2d_materials,Materials Chemistry,19026997,19026997,0,,W2971616282,10.1038/s41699-019-0116-4,110,50,openalex_v3_query_core,0,,strict,2D Materials and Applications,19026997,2D Materials and Applications,2D Materials and Applications,0,2025
https://openalex.org/W3098895549,2020,Microstructural Engineering of Cathode Materials for Advanced Zinc‐Ion Aqueous Batteries,graphene_2d_materials,Electrical and Electronic Engineering,21343989,21343989,0,,W3098895549,10.1002/advs.202002722,110,139,openalex_v3_query_core,0,,strict,Advanced battery technologies research,21343989,Advanced battery technologies research,Advanced battery technologies research,0,2025
https://openalex.org/W3111815029,2020,Giant enhancement of third-harmonic generation in graphene–metal heterostructures,graphene_2d_materials,Biomedical Engineering,19027259,19027259,0,,W3111815029,10.1038/s41565-020-00808-w,110,64,openalex_v3_query_core,0,,strict,Plasmonic and Surface Plasmon Research,19027259,Plasmonic and Surface Plasmon Research,Plasmonic and Surface Plasmon Research,0,2025
https://openalex.org/W3103625834,2021,Interface controlled thermal resistances of ultra-thin chalcogenide-based phase change memory devices,graphene_2d_materials,Materials Chemistry,21291463,21291463,0,,W3103625834,10.1038/s41467-020-20661-8,110,67,openalex_v3_query_core,0,,strict,Phase-change materials and chalcogenides,21291463,Phase-change materials and chalcogenides,Phase-change materials and chalcogenides,0,2025
https://openalex.org/W3121618882,2021,Roadmap on quantum nanotechnologies,graphene_2d_materials,"Atomic and Molecular Physics, and Optics",19044286,19044286,0,,W3121618882,10.1088/1361-6528/abb333,110,238,openalex_v3_query_core,0,,strict,Quantum and electron transport phenomena,19044286,Quantum and electron transport phenomena,Quantum and electron transport phenomena,0,2025
https://openalex.org/W3206013962,2021,Near-Infrared Self-Powered Linearly Polarized Photodetection and Digital Incoherent Holography Using WSe<sub>2</sub>/ReSe<sub>2</sub> van der Waals Heterostructure,graphene_2d_materials,Materials Chemistry,19026997,19026997,0,,W3206013962,10.1021/acsnano.1c06234,110,46,openalex_v3_query_core,0,,strict,2D Materials and Applications,19026997,2D Materials and Applications,2D Materials and Applications,0,2025
https://openalex.org/W4210820241,2022,Advanced polymeric/inorganic nanohybrids: An integrated platform for gas sensing applications,graphene_2d_materials,Electrical and Electronic Engineering,19061184,19061184,0,,W4210820241,10.1016/j.chemosphere.2022.133772,110,140,openalex_v3_query_core,0,,strict,Gas Sensing Nanomaterials and Sensors,19061184,Gas Sensing Nanomaterials and Sensors,Gas Sensing Nanomaterials and Sensors,0,2025
https://openalex.org/W4310875833,2022,A review on 2D-ZnO nanostructure based biosensors: from materials to devices,graphene_2d_materials,Molecular Biology,19026082,19026082,0,,W4310875833,10.1039/d2ma00878e,110,224,openalex_v3_query_core,0,,strict,Advanced biosensing and bioanalysis techniques,19026082,Advanced biosensing and bioanalysis techniques,Advanced biosensing and bioanalysis techniques,0,2025
https://openalex.org/W4317830150,2023,Research progress of large size SiC single crystal materials and devices,graphene_2d_materials,Electrical and Electronic Engineering,19044023,19044023,0,,W4317830150,10.1038/s41377-022-01037-7,110,35,openalex_v3_query_core,0,,strict,Silicon Carbide Semiconductor Technologies,19044023,Silicon Carbide Semiconductor Technologies,Silicon Carbide Semiconductor Technologies,0,2025
https://openalex.org/W2134791334,2013,In<sub><i>x</i></sub>Ga<sub>1–<i>x</i></sub>As Nanowire Growth on Graphene: van der Waals Epitaxy Induced Phase Segregation,graphene_2d_materials,Biomedical Engineering,21275085,21275085,0,,W2134791334,10.1021/nl304569d,109,39,openalex_v3_query_core,0,,strict,Nanowire Synthesis and Applications,21275085,Nanowire Synthesis and Applications,Nanowire Synthesis and Applications,0,2025
https://openalex.org/W2041728751,2014,Femtosecond electrons probing currents and atomic structure in nanomaterials,graphene_2d_materials,Structural Biology,19129703,19129703,0,,W2041728751,10.1038/ncomms6292,109,42,openalex_v3_query_core,0,,strict,Advanced Electron Microscopy Techniques and Applications,19129703,Advanced Electron Microscopy Techniques and Applications,Advanced Electron Microscopy Techniques and Applications,0,2025
https://openalex.org/W2952724861,2016,Dilute Magnetic Semiconductor and Half-Metal Behaviors in 3d Transition-Metal Doped Black and Blue Phosphorenes: A First-Principles Study,graphene_2d_materials,Materials Chemistry,19026997,19026997,0,,W2952724861,10.1186/s11671-016-1296-x,109,40,openalex_v3_query_core,0,,strict,2D Materials and Applications,19026997,2D Materials and Applications,2D Materials and Applications,0,2025
https://openalex.org/W2604831393,2017,Tunnelling spectroscopy of Andreev states in graphene,graphene_2d_materials,Materials Chemistry,18992804,18992804,0,,W2604831393,10.1038/nphys4110,109,46,openalex_v3_query_core,0,,strict,Graphene research and applications,18992804,Graphene research and applications,Graphene research and applications,0,2025
https://openalex.org/W2745522798,2018,Chiral Response of Twisted Bilayer Graphene,graphene_2d_materials,"Electronic, Optical and Magnetic Materials",19026604,19026604,0,,W2745522798,10.1103/physrevlett.120.046801,109,48,openalex_v3_query_core,0,,strict,Metamaterials and Metasurfaces Applications,19026604,Metamaterials and Metasurfaces Applications,Metamaterials and Metasurfaces Applications,0,2025
https://openalex.org/W2913424791,2019,Enhanced photoelectrical response of thermodynamically epitaxial organic crystals at the two-dimensional limit,graphene_2d_materials,Materials Chemistry,19026997,19026997,0,,W2913424791,10.1038/s41467-019-08573-8,109,64,openalex_v3_query_core,0,,strict,2D Materials and Applications,19026997,2D Materials and Applications,2D Materials and Applications,0,2025
https://openalex.org/W3034882154,2020,NiCo2O4 Nano-/Microstructures as High-Performance Biosensors: A Review,graphene_2d_materials,Electrical and Electronic Engineering,19026208,19026208,0,,W3034882154,10.1007/s40820-020-00462-w,109,319,openalex_v3_query_core,0,,strict,Electrochemical sensors and biosensors,19026208,Electrochemical sensors and biosensors,Electrochemical sensors and biosensors,0,2025
https://openalex.org/W3107156969,2020,Edge-oriented and steerable hyperbolic polaritons in anisotropic van der Waals nanocavities,graphene_2d_materials,Biomedical Engineering,19027259,19027259,0,,W3107156969,10.1038/s41467-020-19913-4,109,46,openalex_v3_query_core,0,,strict,Plasmonic and Surface Plasmon Research,19027259,Plasmonic and Surface Plasmon Research,Plasmonic and Surface Plasmon Research,0,2025
https://openalex.org/W3120704562,2021,Designing charge transfer route at the interface between WP nanoparticle and g-C3N4 for highly enhanced photocatalytic CO2 reduction reaction,graphene_2d_materials,"Renewable Energy, Sustainability and the Environment",18992678,18992678,0,,W3120704562,10.1016/j.apcatb.2021.119879,109,50,openalex_v3_query_core,0,,strict,Advanced Photocatalysis Techniques,18992678,Advanced Photocatalysis Techniques,Advanced Photocatalysis Techniques,0,2025
https://openalex.org/W3134737818,2021,"Structural Defects, Mechanical Behaviors, and Properties of Two-Dimensional Materials",graphene_2d_materials,Materials Chemistry,23488465,23488465,0,,W3134737818,10.3390/ma14051192,109,303,openalex_v3_query_core,0,,strict,MXene and MAX Phase Materials,23488465,MXene and MAX Phase Materials,MXene and MAX Phase Materials,0,2025
https://openalex.org/W3203626525,2021,Sign-reversible valley-dependent Berry phase effects in 2D valley-half-semiconductors,graphene_2d_materials,"Atomic and Molecular Physics, and Optics",19095381,19095381,0,,W3203626525,10.1038/s41524-021-00632-3,109,74,openalex_v3_query_core,0,,strict,Topological Materials and Phenomena,19095381,Topological Materials and Phenomena,Topological Materials and Phenomena,0,2025
https://openalex.org/W4210308113,2022,How the Physicochemical Properties of Manufactured Nanomaterials Affect Their Performance in Dispersion and Their Applications in Biomedicine: A Review,graphene_2d_materials,Materials Chemistry,18992679,18992679,0,,W4210308113,10.3390/nano12030552,109,299,openalex_v3_query_core,0,,strict,Nanoparticles: synthesis and applications,18992679,Nanoparticles: synthesis and applications,Nanoparticles: synthesis and applications,0,2025
https://openalex.org/W4313488910,2023,Electrical spectroscopy of defect states and their hybridization in monolayer MoS2,graphene_2d_materials,Materials Chemistry,19026997,19026997,0,,W4313488910,10.1038/s41467-022-35651-1,109,51,openalex_v3_query_core,0,,strict,2D Materials and Applications,19026997,2D Materials and Applications,2D Materials and Applications,0,2025
https://openalex.org/W4315652698,2023,Nanomaterials as catalysts for CO2 transformation into value-added products: A review,graphene_2d_materials,"Renewable Energy, Sustainability and the Environment",21361023,21361023,0,,W4315652698,10.1016/j.scitotenv.2023.161547,109,264,openalex_v3_query_core,0,,strict,CO2 Reduction Techniques and Catalysts,21361023,CO2 Reduction Techniques and Catalysts,CO2 Reduction Techniques and Catalysts,0,2025
https://openalex.org/W4382582047,2023,"Hybrid Semiconductor Photocatalyst Nanomaterials for Energy and Environmental Applications: Fundamentals, Designing, and Prospects",graphene_2d_materials,"Renewable Energy, Sustainability and the Environment",18992678,18992678,0,,W4382582047,10.1002/adsu.202300095,109,236,openalex_v3_query_core,0,,strict,Advanced Photocatalysis Techniques,18992678,Advanced Photocatalysis Techniques,Advanced Photocatalysis Techniques,0,2025
https://openalex.org/W4388698195,2023,Accelerating multielectron reduction at CuxO nanograins interfaces with controlled local electric field,graphene_2d_materials,"Renewable Energy, Sustainability and the Environment",21361023,21361023,0,,W4388698195,10.1038/s41467-023-43303-1,109,54,openalex_v3_query_core,0,,strict,CO2 Reduction Techniques and Catalysts,21361023,CO2 Reduction Techniques and Catalysts,CO2 Reduction Techniques and Catalysts,0,2025
https://openalex.org/W4393940174,2024,Low thermal contact resistance boron nitride nanosheets composites enabled by interfacial arc-like phonon bridge,graphene_2d_materials,Materials Chemistry,21275090,21275090,0,,W4393940174,10.1038/s41467-024-47147-1,109,79,openalex_v3_query_core,0,,strict,Thermal properties of materials,21275090,Thermal properties of materials,Thermal properties of materials,0,2025
https://openalex.org/W4400847123,2024,"Malleable, printable, bondable, and highly conductive MXene/liquid metal plasticine with improved wettability",graphene_2d_materials,Materials Chemistry,23488465,23488465,0,,W4400847123,10.1038/s41467-024-50541-4,109,53,openalex_v3_query_core,0,,strict,MXene and MAX Phase Materials,23488465,MXene and MAX Phase Materials,MXene and MAX Phase Materials,0,2025
https://openalex.org/W2266228346,2015,Extremely large magnetoresistance in few-layer graphene/boron–nitride heterostructures,graphene_2d_materials,Materials Chemistry,18992804,18992804,0,,W2266228346,10.1038/ncomms9337,108,37,openalex_v3_query_core,0,,strict,Graphene research and applications,18992804,Graphene research and applications,Graphene research and applications,0,2025
https://openalex.org/W2341174363,2015,The Mechanisms for Nanoparticle Surface Diffusion and Chain Self-Assembly Determined from Real-Time Nanoscale Kinetics in Liquid,graphene_2d_materials,Materials Chemistry,21394429,21394429,0,,W2341174363,10.1021/acs.jpcc.5b07164,108,74,openalex_v3_query_core,0,,strict,Pickering emulsions and particle stabilization,21394429,Pickering emulsions and particle stabilization,Pickering emulsions and particle stabilization,0,2025
https://openalex.org/W2336305738,2016,Supercurrent in van der Waals Josephson junction,graphene_2d_materials,Condensed Matter Physics,18992153,18992153,0,,W2336305738,10.1038/ncomms10616,108,28,openalex_v3_query_core,0,,strict,Physics of Superconductivity and Magnetism,18992153,Physics of Superconductivity and Magnetism,Physics of Superconductivity and Magnetism,0,2025
https://openalex.org/W2739243129,2017,NaCl-assisted one-step growth of MoS<sub>2</sub>–WS<sub>2</sub>in-plane heterostructures,graphene_2d_materials,Materials Chemistry,19026997,19026997,0,,W2739243129,10.1088/1361-6528/aa6f01,108,73,openalex_v3_query_core,0,,strict,2D Materials and Applications,19026997,2D Materials and Applications,2D Materials and Applications,0,2025
https://openalex.org/W2767288807,2017,Atomic-level molybdenum oxide nanorings with full-spectrum absorption and photoresponsive properties,graphene_2d_materials,Materials Chemistry,21359979,21359979,0,,W2767288807,10.1038/s41467-017-00850-8,108,50,openalex_v3_query_core,0,,strict,Photochromic and Fluorescence Chemistry,21359979,Photochromic and Fluorescence Chemistry,Photochromic and Fluorescence Chemistry,0,2025
https://openalex.org/W2924295318,2019,Unveiling high specific energy supercapacitor from layer-by-layer assembled polypyrrole/graphene oxide|polypyrrole/manganese oxide electrode material,graphene_2d_materials,"Electronic, Optical and Magnetic Materials",19009840,19009840,0,,W2924295318,10.1038/s41598-019-41203-3,108,45,openalex_v3_query_core,0,,strict,Supercapacitor Materials and Fabrication,19009840,Supercapacitor Materials and Fabrication,Supercapacitor Materials and Fabrication,0,2025
https://openalex.org/W2981570335,2020,Interacting Polaron-Polaritons,graphene_2d_materials,"Atomic and Molecular Physics, and Optics",23591034,23591034,0,,W2981570335,10.1103/physrevx.10.021011,108,48,openalex_v3_query_core,0,,strict,Strong Light-Matter Interactions,23591034,Strong Light-Matter Interactions,Strong Light-Matter Interactions,0,2025
https://openalex.org/W3006737397,2020,Magnetic two‐dimensional layered crystals meet with ferromagnetic semiconductors,graphene_2d_materials,Materials Chemistry,19026997,19026997,0,,W3006737397,10.1002/inf2.12096,108,144,openalex_v3_query_core,0,,strict,2D Materials and Applications,19026997,2D Materials and Applications,2D Materials and Applications,0,2025
https://openalex.org/W3029493545,2020,Magnetic and electronic phase transitions probed by nanomechanical resonators,graphene_2d_materials,Materials Chemistry,19026997,19026997,0,,W3029493545,10.1038/s41467-020-16430-2,108,57,openalex_v3_query_core,0,,strict,2D Materials and Applications,19026997,2D Materials and Applications,2D Materials and Applications,0,2025
https://openalex.org/W3164419570,2021,Optical waveguides based on one-dimensional organic crystals,graphene_2d_materials,Materials Chemistry,21274690,21274690,0,,W3164419570,10.1186/s43074-021-00024-2,108,113,openalex_v3_query_core,0,,strict,Luminescence and Fluorescent Materials,21274690,Luminescence and Fluorescent Materials,Luminescence and Fluorescent Materials,0,2025
https://openalex.org/W4220938389,2022,The resurrection of tellurium as an elemental two-dimensional semiconductor,graphene_2d_materials,Materials Chemistry,19026997,19026997,0,,W4220938389,10.1038/s41699-022-00293-w,108,132,openalex_v3_query_core,0,,strict,2D Materials and Applications,19026997,2D Materials and Applications,2D Materials and Applications,0,2025
https://openalex.org/W4226069914,2022,Topological phase singularities in atomically thin high-refractive-index materials,graphene_2d_materials,"Electronic, Optical and Magnetic Materials",19026604,19026604,0,,W4226069914,10.1038/s41467-022-29716-4,108,65,openalex_v3_query_core,0,,strict,Metamaterials and Metasurfaces Applications,19026604,Metamaterials and Metasurfaces Applications,Metamaterials and Metasurfaces Applications,0,2025
https://openalex.org/W4286492237,2022,Metal Oxide Semiconductor Nanostructure Gas Sensors with Different Morphologies,graphene_2d_materials,Electrical and Electronic Engineering,19061184,19061184,0,,W4286492237,10.3390/chemosensors10070289,108,138,openalex_v3_query_core,0,,strict,Gas Sensing Nanomaterials and Sensors,19061184,Gas Sensing Nanomaterials and Sensors,Gas Sensing Nanomaterials and Sensors,0,2025
https://openalex.org/W4386054579,2023,Physisorption Behaviors of Organochlorine Pesticides on the InP<sub>3</sub> Monolayer from Theoretical Insight,graphene_2d_materials,Materials Chemistry,19026997,19026997,0,,W4386054579,10.1021/acsomega.3c04665,108,64,openalex_v3_query_core,0,,strict,2D Materials and Applications,19026997,2D Materials and Applications,2D Materials and Applications,0,2025
https://openalex.org/W4388895744,2023,MA2Z4 family heterostructures: Promises and prospects,graphene_2d_materials,Materials Chemistry,23488465,23488465,0,,W4388895744,10.1063/5.0156988,108,240,openalex_v3_query_core,0,,strict,MXene and MAX Phase Materials,23488465,MXene and MAX Phase Materials,MXene and MAX Phase Materials,0,2025
https://openalex.org/W4390951314,2024,Reconfiguring nucleation for CVD growth of twisted bilayer MoS2 with a wide range of twist angles,graphene_2d_materials,Materials Chemistry,19026997,19026997,0,,W4390951314,10.1038/s41467-023-44598-w,108,80,openalex_v3_query_core,0,,strict,2D Materials and Applications,19026997,2D Materials and Applications,2D Materials and Applications,0,2025
https://openalex.org/W4394723733,2024,Emerging Two–Dimensional Intercalation Pseudocapacitive Electrodes for Supercapacitors,graphene_2d_materials,"Electronic, Optical and Magnetic Materials",19009840,19009840,0,,W4394723733,10.1002/celc.202300810,108,161,openalex_v3_query_core,0,,strict,Supercapacitor Materials and Fabrication,19009840,Supercapacitor Materials and Fabrication,Supercapacitor Materials and Fabrication,0,2025
https://openalex.org/W2063704594,2014,Organic semiconductors for device applications: current trends and future prospects,graphene_2d_materials,Electrical and Electronic Engineering,18992282,18992282,0,,W2063704594,10.1515/polyeng-2013-0267,107,359,openalex_v3_query_core,0,,strict,Organic Electronics and Photovoltaics,18992282,Organic Electronics and Photovoltaics,Organic Electronics and Photovoltaics,0,2025
https://openalex.org/W2005205442,2015,"Defects in Silicene: Vacancy Clusters, Extended Line Defects and Di-adatoms",graphene_2d_materials,Materials Chemistry,18992804,18992804,0,,W2005205442,10.1038/srep07881,107,57,openalex_v3_query_core,0,,strict,Graphene research and applications,18992804,Graphene research and applications,Graphene research and applications,0,2025
https://openalex.org/W2463593008,2016,Epitaxial 2D PbS Nanoplates Arrays with Highly Efficient Infrared Response,graphene_2d_materials,Materials Chemistry,19026997,19026997,0,,W2463593008,10.1002/adma.201602481,107,51,openalex_v3_query_core,0,,strict,2D Materials and Applications,19026997,2D Materials and Applications,2D Materials and Applications,0,2025
https://openalex.org/W2565107414,2016,Strain-engineered optoelectronic properties of 2D transition metal dichalcogenide lateral heterostructures,graphene_2d_materials,Materials Chemistry,19026997,19026997,0,,W2565107414,10.1088/2053-1583/aa5542,107,64,openalex_v3_query_core,0,,strict,2D Materials and Applications,19026997,2D Materials and Applications,2D Materials and Applications,0,2025
https://openalex.org/W2616623234,2018,Giant spin-splitting and gap renormalization driven by trions in single-layer WS2/h-BN heterostructures,graphene_2d_materials,Materials Chemistry,19026997,19026997,0,,W2616623234,10.1038/s41567-017-0033-4,107,30,openalex_v3_query_core,0,,strict,2D Materials and Applications,19026997,2D Materials and Applications,2D Materials and Applications,0,2025
https://openalex.org/W2803185170,2018,Distinct spin–lattice and spin–phonon interactions in monolayer magnetic CrI<sub>3</sub>,graphene_2d_materials,Materials Chemistry,19026997,19026997,0,,W2803185170,10.1039/c8cp03599g,107,38,openalex_v3_query_core,0,,strict,2D Materials and Applications,19026997,2D Materials and Applications,2D Materials and Applications,0,2025
https://openalex.org/W2889721530,2018,A Review of Current Development of Graphene Mechanics,graphene_2d_materials,Materials Chemistry,18992804,18992804,0,,W2889721530,10.3390/cryst8090357,107,163,openalex_v3_query_core,0,,strict,Graphene research and applications,18992804,Graphene research and applications,Graphene research and applications,0,2025
https://openalex.org/W2891588244,2018,Adsorption of Transition Metals on Black Phosphorene: a First-Principles Study,graphene_2d_materials,Materials Chemistry,19026997,19026997,0,,W2891588244,10.1186/s11671-018-2696-x,107,61,openalex_v3_query_core,0,,strict,2D Materials and Applications,19026997,2D Materials and Applications,2D Materials and Applications,0,2025
https://openalex.org/W2900463786,2018,Even denominator fractional quantum Hall states in higher Landau levels of graphene,graphene_2d_materials,"Atomic and Molecular Physics, and Optics",19044286,19044286,0,,W2900463786,10.1038/s41567-018-0355-x,107,39,openalex_v3_query_core,0,,strict,Quantum and electron transport phenomena,19044286,Quantum and electron transport phenomena,Quantum and electron transport phenomena,0,2025
https://openalex.org/W2900502692,2018,Hydrothermal synthesis of flower-like molybdenum disulfide microspheres and their application in electrochemical supercapacitors,graphene_2d_materials,"Electronic, Optical and Magnetic Materials",19009840,19009840,0,,W2900502692,10.1039/c8ra04350g,107,51,openalex_v3_query_core,0,,strict,Supercapacitor Materials and Fabrication,19009840,Supercapacitor Materials and Fabrication,Supercapacitor Materials and Fabrication,0,2025
https://openalex.org/W2963889881,2019,Supercritical Fluid‐Facilitated Exfoliation and Processing of 2D Materials,graphene_2d_materials,Materials Chemistry,18992804,18992804,0,,W2963889881,10.1002/advs.201901084,107,274,openalex_v3_query_core,0,,strict,Graphene research and applications,18992804,Graphene research and applications,Graphene research and applications,0,2025
https://openalex.org/W2969691926,2019,2D Materials Based Optoelectronic Memory: Convergence of Electronic Memory and Optical Sensor,graphene_2d_materials,Electrical and Electronic Engineering,19077560,19077560,0,,W2969691926,10.34133/2019/9490413,107,76,openalex_v3_query_core,0,,strict,Advanced Memory and Neural Computing,19077560,Advanced Memory and Neural Computing,Advanced Memory and Neural Computing,0,2025
https://openalex.org/W3002902787,2020,Reversible writing of high-mobility and high-carrier-density doping patterns in two-dimensional van der Waals heterostructures,graphene_2d_materials,Materials Chemistry,18992804,18992804,0,,W3002902787,10.1038/s41928-019-0351-x,107,36,openalex_v3_query_core,0,,strict,Graphene research and applications,18992804,Graphene research and applications,Graphene research and applications,0,2025
https://openalex.org/W3008714810,2020,Van der Waals interfacial reconstruction in monolayer transition-metal dichalcogenides and gold heterojunctions,graphene_2d_materials,Materials Chemistry,19026997,19026997,0,,W3008714810,10.1038/s41467-020-14753-8,107,64,openalex_v3_query_core,0,,strict,2D Materials and Applications,19026997,2D Materials and Applications,2D Materials and Applications,0,2025
https://openalex.org/W3008828918,2020,Facile Synthesis of FePS3 Nanosheets@MXene Composite as a High-Performance Anode Material for Sodium Storage,graphene_2d_materials,Materials Chemistry,23488465,23488465,0,,W3008828918,10.1007/s40820-020-0381-y,107,53,openalex_v3_query_core,0,,strict,MXene and MAX Phase Materials,23488465,MXene and MAX Phase Materials,MXene and MAX Phase Materials,0,2025
https://openalex.org/W3110121583,2020,In situ manipulation of van der Waals heterostructures for twistronics,graphene_2d_materials,Mechanical Engineering,21360371,21360371,0,,W3110121583,,107,72,openalex_v3_query_core,0,,strict,Advanced Materials and Mechanics,21360371,Advanced Materials and Mechanics,Advanced Materials and Mechanics,0,2025
https://openalex.org/W3038938241,2021,Pure spin photocurrent in non-centrosymmetric crystals: bulk spin photovoltaic effect,graphene_2d_materials,"Atomic and Molecular Physics, and Optics",19095381,19095381,0,,W3038938241,10.1038/s41467-021-24541-7,107,77,openalex_v3_query_core,0,,strict,Topological Materials and Phenomena,19095381,Topological Materials and Phenomena,Topological Materials and Phenomena,0,2025
https://openalex.org/W3138237659,2021,Giant c-axis nonlinear anomalous Hall effect in Td-MoTe2 and WTe2,graphene_2d_materials,"Atomic and Molecular Physics, and Optics",19095381,19095381,0,,W3138237659,10.1038/s41467-021-22343-5,107,42,openalex_v3_query_core,0,,strict,Topological Materials and Phenomena,19095381,Topological Materials and Phenomena,Topological Materials and Phenomena,0,2025
https://openalex.org/W3155363588,2021,Highly improved supercapacitance properties of MnFe2O4 nanoparticles by MoS2 nanosheets,graphene_2d_materials,"Electronic, Optical and Magnetic Materials",19009840,19009840,0,,W3155363588,10.1038/s41598-021-87823-6,107,57,openalex_v3_query_core,0,,strict,Supercapacitor Materials and Fabrication,19009840,Supercapacitor Materials and Fabrication,Supercapacitor Materials and Fabrication,0,2025
https://openalex.org/W3159502980,2021,The 2021 ultrafast spectroscopic probes of condensed matter roadmap,graphene_2d_materials,"Atomic and Molecular Physics, and Optics",21308623,21308623,0,,W3159502980,10.1088/1361-648x/abfe21,107,255,openalex_v3_query_core,0,,strict,Quantum optics and atomic interactions,21308623,Quantum optics and atomic interactions,Quantum optics and atomic interactions,0,2025
https://openalex.org/W3162654587,2021,Subcycle contact-free nanoscopy of ultrafast interlayer transport in atomically thin heterostructures,graphene_2d_materials,"Atomic and Molecular Physics, and Optics",18992017,18992017,0,,W3162654587,10.1038/s41566-021-00813-y,107,71,openalex_v3_query_core,0,,strict,Semiconductor Quantum Structures and Devices,18992017,Semiconductor Quantum Structures and Devices,Semiconductor Quantum Structures and Devices,0,2025
https://openalex.org/W3184475211,2021,Inhibited nonradiative decay at all exciton densities in monolayer semiconductors,graphene_2d_materials,Electrical and Electronic Engineering,19026606,19026606,0,,W3184475211,10.1126/science.abi9193,107,32,openalex_v3_query_core,0,,strict,Perovskite Materials and Applications,19026606,Perovskite Materials and Applications,Perovskite Materials and Applications,0,2025
https://openalex.org/W4206602938,2022,Growth of high-quality semiconducting tellurium films for high-performance p-channel field-effect transistors with wafer-scale uniformity,graphene_2d_materials,Materials Chemistry,19026997,19026997,0,,W4206602938,10.1038/s41699-021-00280-7,107,50,openalex_v3_query_core,0,,strict,2D Materials and Applications,19026997,2D Materials and Applications,2D Materials and Applications,0,2025
https://openalex.org/W4296194901,2022,A recent overview of per- and polyfluoroalkyl substances (PFAS) removal by functional framework materials,graphene_2d_materials,Environmental Chemistry,21377927,21377927,0,,W4296194901,10.1016/j.cej.2022.139202,107,135,openalex_v3_query_core,0,,strict,Per- and polyfluoroalkyl substances research,21377927,Per- and polyfluoroalkyl substances research,Per- and polyfluoroalkyl substances research,0,2025
https://openalex.org/W4308317268,2022,Metal nitrides as efficient electrode material for supercapacitors: A review,graphene_2d_materials,"Electronic, Optical and Magnetic Materials",19009840,19009840,0,,W4308317268,10.1016/j.est.2022.105912,107,180,openalex_v3_query_core,0,,strict,Supercapacitor Materials and Fabrication,19009840,Supercapacitor Materials and Fabrication,Supercapacitor Materials and Fabrication,0,2025
https://openalex.org/W4390608950,2024,MXene–carbon based hybrid materials for supercapacitor applications,graphene_2d_materials,Materials Chemistry,23488465,23488465,0,,W4390608950,10.1039/d3ya00502j,107,111,openalex_v3_query_core,0,,strict,MXene and MAX Phase Materials,23488465,MXene and MAX Phase Materials,MXene and MAX Phase Materials,0,2025
https://openalex.org/W4390630363,2024,Crystalline carbon nitrides for photocatalysis,graphene_2d_materials,"Renewable Energy, Sustainability and the Environment",18992678,18992678,0,,W4390630363,10.1039/d3ey00302g,107,265,openalex_v3_query_core,0,,strict,Advanced Photocatalysis Techniques,18992678,Advanced Photocatalysis Techniques,Advanced Photocatalysis Techniques,0,2025
https://openalex.org/W4391027256,2024,Unlocking osmotic energy harvesting potential in challenging real-world hypersaline environments through vermiculite-based hetero-nanochannels,graphene_2d_materials,Biomedical Engineering,21326699,21326699,0,,W4391027256,10.1038/s41467-023-44434-1,107,55,openalex_v3_query_core,0,,strict,Nanopore and Nanochannel Transport Studies,21326699,Nanopore and Nanochannel Transport Studies,Nanopore and Nanochannel Transport Studies,0,2025
https://openalex.org/W2008056634,2014,Low-density three-dimensional foam using self-reinforced hybrid two-dimensional atomic layers,graphene_2d_materials,Materials Chemistry,18992804,18992804,0,,W2008056634,10.1038/ncomms5541,106,45,openalex_v3_query_core,0,,strict,Graphene research and applications,18992804,Graphene research and applications,Graphene research and applications,0,2025
https://openalex.org/W4238596349,2015,SnO<sub>2</sub>‐Based Nanomaterials: Synthesis and Application in Lithium‐Ion Batteries and Supercapacitors,graphene_2d_materials,Electrical and Electronic Engineering,18991892,18991892,0,,W4238596349,10.1155/2015/850147,106,95,openalex_v3_query_core,0,,strict,Advancements in Battery Materials,18991892,Advancements in Battery Materials,Advancements in Battery Materials,0,2025
https://openalex.org/W2334390882,2016,Signature of coexistence of superconductivity and ferromagnetism in two-dimensional NbSe2 triggered by surface molecular adsorption,graphene_2d_materials,"Electronic, Optical and Magnetic Materials",21360763,21360763,0,,W2334390882,10.1038/ncomms11210,106,41,openalex_v3_query_core,0,,strict,Iron-based superconductors research,21360763,Iron-based superconductors research,Iron-based superconductors research,0,2025
https://openalex.org/W2591340409,2017,Self-assembly of electronically abrupt borophene/organic lateral heterostructures,graphene_2d_materials,Materials Chemistry,21291852,21291852,0,,W2591340409,10.1126/sciadv.1602356,106,52,openalex_v3_query_core,0,,strict,Boron and Carbon Nanomaterials Research,21291852,Boron and Carbon Nanomaterials Research,Boron and Carbon Nanomaterials Research,0,2025
https://openalex.org/W2621655809,2017,Progress on Electronic and Optoelectronic Devices of 2D Layered Semiconducting Materials,graphene_2d_materials,Materials Chemistry,19026997,19026997,0,,W2621655809,10.1002/smll.201604298,106,233,openalex_v3_query_core,0,,strict,2D Materials and Applications,19026997,2D Materials and Applications,2D Materials and Applications,0,2025
https://openalex.org/W2914484473,2019,Strain-enhanced properties of van der Waals heterostructure based on blue phosphorus and g-GaN as a visible-light-driven photocatalyst for water splitting,graphene_2d_materials,Materials Chemistry,19026997,19026997,0,,W2914484473,10.1039/c8ra09378d,106,102,openalex_v3_query_core,0,,strict,2D Materials and Applications,19026997,2D Materials and Applications,2D Materials and Applications,0,2025
https://openalex.org/W2980688591,2019,Ultrasensitive MoS2 photodetector by serial nano-bridge multi-heterojunction,graphene_2d_materials,Materials Chemistry,19026997,19026997,0,,W2980688591,10.1038/s41467-019-12592-w,106,60,openalex_v3_query_core,0,,strict,2D Materials and Applications,19026997,2D Materials and Applications,2D Materials and Applications,0,2025
https://openalex.org/W2983502236,2019,Room-temperature multiferroicity and diversified magnetoelectric couplings in 2D materials,graphene_2d_materials,Materials Chemistry,19026997,19026997,0,,W2983502236,10.1093/nsr/nwz169,106,47,openalex_v3_query_core,0,,strict,2D Materials and Applications,19026997,2D Materials and Applications,2D Materials and Applications,0,2025
https://openalex.org/W3001855348,2020,Carbon science perspective in 2020: Current research and future challenges,graphene_2d_materials,"Renewable Energy, Sustainability and the Environment",18992678,18992678,0,,W3001855348,10.1016/j.carbon.2020.01.055,106,201,openalex_v3_query_core,0,,strict,Advanced Photocatalysis Techniques,18992678,Advanced Photocatalysis Techniques,Advanced Photocatalysis Techniques,0,2025
https://openalex.org/W3011327022,2020,Recent progress of pulsed fiber lasers based on transition‐metal dichalcogenides and black phosphorus saturable absorbers,graphene_2d_materials,"Atomic and Molecular Physics, and Optics",19147258,19147258,0,,W3011327022,10.1515/nanoph-2019-0566,106,235,openalex_v3_query_core,0,,strict,Advanced Fiber Laser Technologies,19147258,Advanced Fiber Laser Technologies,Advanced Fiber Laser Technologies,0,2025
https://openalex.org/W3171207975,2021,Two-dimensional ferroelasticity in van der Waals β’-In2Se3,graphene_2d_materials,Materials Chemistry,19026997,19026997,0,,W3171207975,10.1038/s41467-021-23882-7,106,65,openalex_v3_query_core,0,,strict,2D Materials and Applications,19026997,2D Materials and Applications,2D Materials and Applications,0,2025
https://openalex.org/W3204981174,2021,Recent advances in low-dimensional Janus materials: theoretical and simulation perspectives,graphene_2d_materials,Materials Chemistry,19026997,19026997,0,,W3204981174,10.1039/d1ma00660f,106,120,openalex_v3_query_core,0,,strict,2D Materials and Applications,19026997,2D Materials and Applications,2D Materials and Applications,0,2025
https://openalex.org/W3198111860,2022,Inter-valley coherent order and isospin fluctuation mediated superconductivity in rhombohedral trilayer graphene,graphene_2d_materials,Materials Chemistry,18992804,18992804,0,,W3198111860,10.1038/s41467-022-33561-w,106,80,openalex_v3_query_core,0,,strict,Graphene research and applications,18992804,Graphene research and applications,Graphene research and applications,0,2025
https://openalex.org/W4283327367,2022,"All-in-one, bio-inspired, and low-power crypto engines for near-sensor security based on two-dimensional memtransistors",graphene_2d_materials,Electrical and Electronic Engineering,19077560,19077560,0,,W4283327367,10.1038/s41467-022-31148-z,106,62,openalex_v3_query_core,0,,strict,Advanced Memory and Neural Computing,19077560,Advanced Memory and Neural Computing,Advanced Memory and Neural Computing,0,2025
https://openalex.org/W2190382730,2016,Structural and electronic properties of epitaxial multilayer h-BN on Ni(111) for spintronics applications,graphene_2d_materials,Materials Chemistry,18992804,18992804,0,,W2190382730,10.1038/srep23547,105,67,openalex_v3_query_core,0,,strict,Graphene research and applications,18992804,Graphene research and applications,Graphene research and applications,0,2025
https://openalex.org/W2555462004,2016,Nanoribbons: From fundamentals to state-of-the-art applications,graphene_2d_materials,Materials Chemistry,19026997,19026997,0,,W2555462004,10.1063/1.4966963,105,156,openalex_v3_query_core,0,,strict,2D Materials and Applications,19026997,2D Materials and Applications,2D Materials and Applications,0,2025
https://openalex.org/W2792083281,2018,Ultrasensitive H2S gas sensors based on p-type WS2 hybrid materials,graphene_2d_materials,Electrical and Electronic Engineering,19061184,19061184,0,,W2792083281,10.1007/s12274-018-2009-9,105,39,openalex_v3_query_core,0,,strict,Gas Sensing Nanomaterials and Sensors,19061184,Gas Sensing Nanomaterials and Sensors,Gas Sensing Nanomaterials and Sensors,0,2025
https://openalex.org/W2888351913,2018,Recent Progress on Two-Dimensional Nanoflake Ensembles for Energy Storage Applications,graphene_2d_materials,"Electronic, Optical and Magnetic Materials",19009840,19009840,0,,W2888351913,10.1007/s40820-018-0219-z,105,168,openalex_v3_query_core,0,,strict,Supercapacitor Materials and Fabrication,19009840,Supercapacitor Materials and Fabrication,Supercapacitor Materials and Fabrication,0,2025
https://openalex.org/W2803173446,2019,Intrinsic valley Hall transport in atomically thin MoS2,graphene_2d_materials,Materials Chemistry,19026997,19026997,0,,W2803173446,10.1038/s41467-019-08629-9,105,40,openalex_v3_query_core,0,,strict,2D Materials and Applications,19026997,2D Materials and Applications,2D Materials and Applications,0,2025
https://openalex.org/W2943507321,2019,Metaloxide Nanomaterials and Nanocomposites of Ecological Purpose,graphene_2d_materials,Materials Chemistry,25736428,25736428,0,,W2943507321,10.1155/2019/5942194,105,289,openalex_v3_query_core,0,,strict,Magnesium Oxide Properties and Applications,25736428,Magnesium Oxide Properties and Applications,Magnesium Oxide Properties and Applications,0,2025
https://openalex.org/W2947947618,2019,Giant oscillations in a triangular network of one-dimensional states in marginally twisted graphene,graphene_2d_materials,Materials Chemistry,18992804,18992804,0,,W2947947618,10.1038/s41467-019-11971-7,105,40,openalex_v3_query_core,0,,strict,Graphene research and applications,18992804,Graphene research and applications,Graphene research and applications,0,2025
https://openalex.org/W2958090168,2019,Molecularly Imprinted Polymer-Based Hybrid Materials for the Development of Optical Sensors,graphene_2d_materials,Analytical Chemistry,19009962,19009962,0,,W2958090168,10.3390/polym11071173,105,210,openalex_v3_query_core,0,,strict,Analytical chemistry methods development,19009962,Analytical chemistry methods development,Analytical chemistry methods development,0,2025
https://openalex.org/W2984663224,2019,"Two-Dimensional Carbon: A Review of Synthesis Methods, and Electronic, Optical, and Vibrational Properties of Single-Layer Graphene",graphene_2d_materials,Materials Chemistry,18992804,18992804,0,,W2984663224,10.3390/c5040067,105,135,openalex_v3_query_core,0,,strict,Graphene research and applications,18992804,Graphene research and applications,Graphene research and applications,0,2025
https://openalex.org/W2997658425,2019,Exploitable Magnetic Anisotropy of the Two-Dimensional Magnet CrI<sub>3</sub>,graphene_2d_materials,Materials Chemistry,19026997,19026997,0,,W2997658425,10.1021/acs.nanolett.9b03815,105,39,openalex_v3_query_core,0,,strict,2D Materials and Applications,19026997,2D Materials and Applications,2D Materials and Applications,0,2025
https://openalex.org/W3005197464,2020,2D MXene-Based Materials for Electrocatalysis,graphene_2d_materials,Materials Chemistry,23488465,23488465,0,,W3005197464,10.1007/s12209-020-00235-x,105,142,openalex_v3_query_core,0,,strict,MXene and MAX Phase Materials,23488465,MXene and MAX Phase Materials,MXene and MAX Phase Materials,0,2025
https://openalex.org/W3010314065,2020,"Sensing of volatile organic compounds on two-dimensional nitrogenated holey graphene, graphdiyne, and their heterostructure",graphene_2d_materials,Materials Chemistry,18992804,18992804,0,,W3010314065,10.1016/j.carbon.2020.02.078,105,50,openalex_v3_query_core,0,,strict,Graphene research and applications,18992804,Graphene research and applications,Graphene research and applications,0,2025
https://openalex.org/W3042067764,2020,Gallium Nitride (GaN) Nanostructures and Their Gas Sensing Properties: A Review,graphene_2d_materials,Electrical and Electronic Engineering,19061184,19061184,0,,W3042067764,10.3390/s20143889,105,92,openalex_v3_query_core,0,,strict,Gas Sensing Nanomaterials and Sensors,19061184,Gas Sensing Nanomaterials and Sensors,Gas Sensing Nanomaterials and Sensors,0,2025
https://openalex.org/W3042898120,2020,Role of interface properties in organic solar cells: from substrate engineering to bulk-heterojunction interfacial morphology,graphene_2d_materials,Electrical and Electronic Engineering,18992282,18992282,0,,W3042898120,10.1039/d0qm00398k,105,170,openalex_v3_query_core,0,,strict,Organic Electronics and Photovoltaics,18992282,Organic Electronics and Photovoltaics,Organic Electronics and Photovoltaics,0,2025
https://openalex.org/W3114133151,2020,High responsivity in MoS2 phototransistors based on charge trapping HfO2 dielectrics,graphene_2d_materials,Materials Chemistry,19026997,19026997,0,,W3114133151,10.1038/s43246-020-00103-0,105,55,openalex_v3_query_core,0,,strict,2D Materials and Applications,19026997,2D Materials and Applications,2D Materials and Applications,0,2025
https://openalex.org/W3196917905,2021,Circularly Polarized Photodetectors Based on Chiral Materials: A Review,graphene_2d_materials,"Electronic, Optical and Magnetic Materials",19043242,19043242,0,,W3196917905,10.3389/fchem.2021.711488,105,106,openalex_v3_query_core,0,,strict,Liquid Crystal Research Advancements,19043242,Liquid Crystal Research Advancements,Liquid Crystal Research Advancements,0,2025
https://openalex.org/W3198368683,2021,Thermal transport in defective and disordered materials,graphene_2d_materials,Materials Chemistry,21275090,21275090,0,,W3198368683,10.1063/5.0055593,105,182,openalex_v3_query_core,0,,strict,Thermal properties of materials,21275090,Thermal properties of materials,Thermal properties of materials,0,2025
https://openalex.org/W4387880102,2023,Wearable Nano-Based Gas Sensors for Environmental Monitoring and Encountered Challenges in Optimization,graphene_2d_materials,Electrical and Electronic Engineering,19061184,19061184,0,,W4387880102,10.3390/s23208648,105,302,openalex_v3_query_core,0,,strict,Gas Sensing Nanomaterials and Sensors,19061184,Gas Sensing Nanomaterials and Sensors,Gas Sensing Nanomaterials and Sensors,0,2025
https://openalex.org/W4388485292,2023,Unleashing the Potential of MXene‐Based Flexible Materials for High‐Performance Energy Storage Devices,graphene_2d_materials,Materials Chemistry,23488465,23488465,0,,W4388485292,10.1002/advs.202304874,105,225,openalex_v3_query_core,0,,strict,MXene and MAX Phase Materials,23488465,MXene and MAX Phase Materials,MXene and MAX Phase Materials,0,2025
https://openalex.org/W2490316847,2016,MoS2 memristor with photoresistive switching,graphene_2d_materials,Electrical and Electronic Engineering,19077560,19077560,0,,W2490316847,10.1038/srep31224,104,50,openalex_v3_query_core,0,,strict,Advanced Memory and Neural Computing,19077560,Advanced Memory and Neural Computing,Advanced Memory and Neural Computing,0,2025
https://openalex.org/W2631916902,2017,Computational insights and the observation of SiC nanograin assembly: towards 2D silicon carbide,graphene_2d_materials,Materials Chemistry,18992804,18992804,0,,W2631916902,10.1038/s41598-017-04683-9,104,52,openalex_v3_query_core,0,,strict,Graphene research and applications,18992804,Graphene research and applications,Graphene research and applications,0,2025
https://openalex.org/W2763533410,2018,The role of momentum-dark excitons in the elementary optical response of bilayer WSe2,graphene_2d_materials,Materials Chemistry,19026997,19026997,0,,W2763533410,10.1038/s41467-018-04877-3,104,67,openalex_v3_query_core,0,,strict,2D Materials and Applications,19026997,2D Materials and Applications,2D Materials and Applications,0,2025
https://openalex.org/W2799359041,2018,Plasmonics with two-dimensional semiconductors: from basic research to technological applications,graphene_2d_materials,Biomedical Engineering,19027259,19027259,0,,W2799359041,10.1039/c8nr01395k,104,104,openalex_v3_query_core,0,,strict,Plasmonic and Surface Plasmon Research,19027259,Plasmonic and Surface Plasmon Research,Plasmonic and Surface Plasmon Research,0,2025
https://openalex.org/W2963386021,2019,Launching of hyperbolic phonon-polaritons in h-BN slabs by resonant metal plasmonic antennas,graphene_2d_materials,Biomedical Engineering,19027259,19027259,0,,W2963386021,10.1038/s41467-019-11143-7,104,36,openalex_v3_query_core,0,,strict,Plasmonic and Surface Plasmon Research,19027259,Plasmonic and Surface Plasmon Research,Plasmonic and Surface Plasmon Research,0,2025
https://openalex.org/W2975212790,2019,Surface-kinetics mediated mesoporous multipods for enhanced bacterial adhesion and inhibition,graphene_2d_materials,Biomaterials,18992542,18992542,0,,W2975212790,10.1038/s41467-019-12378-0,104,51,openalex_v3_query_core,0,,strict,Nanoparticle-Based Drug Delivery,18992542,Nanoparticle-Based Drug Delivery,Nanoparticle-Based Drug Delivery,0,2025
https://openalex.org/W3011973034,2020,Tin and Tin Compound Materials as Anodes in Lithium-Ion and Sodium-Ion Batteries: A Review,graphene_2d_materials,Electrical and Electronic Engineering,18991892,18991892,0,,W3011973034,10.3389/fchem.2020.00141,104,131,openalex_v3_query_core,0,,strict,Advancements in Battery Materials,18991892,Advancements in Battery Materials,Advancements in Battery Materials,0,2025
https://openalex.org/W3014607441,2020,2D/2D heterostructured photocatalyst: Rational design for energy and environmental applications,graphene_2d_materials,"Renewable Energy, Sustainability and the Environment",18992678,18992678,0,,W3014607441,10.1007/s40843-019-1256-0,104,251,openalex_v3_query_core,0,,strict,Advanced Photocatalysis Techniques,18992678,Advanced Photocatalysis Techniques,Advanced Photocatalysis Techniques,0,2025
https://openalex.org/W3022443930,2020,High-throughput computational screening for two-dimensional magnetic materials based on experimental databases of three-dimensional compounds,graphene_2d_materials,Materials Chemistry,21394825,21394825,0,,W3022443930,10.1038/s41524-020-00428-x,104,57,openalex_v3_query_core,0,,strict,Machine Learning in Materials Science,21394825,Machine Learning in Materials Science,Machine Learning in Materials Science,0,2025
https://openalex.org/W3049191225,2020,Recent Advances in Two-Dimensional Magnets: Physics and Devices towards Spintronic Applications,graphene_2d_materials,Materials Chemistry,19026997,19026997,0,,W3049191225,10.34133/2020/1768918,104,121,openalex_v3_query_core,0,,strict,2D Materials and Applications,19026997,2D Materials and Applications,2D Materials and Applications,0,2025
https://openalex.org/W3083853339,2020,A versatile photodetector assisted by photovoltaic and bolometric effects,graphene_2d_materials,Polymers and Plastics,21257275,21257275,0,,W3083853339,10.1038/s41377-020-00396-3,104,53,openalex_v3_query_core,0,,strict,Transition Metal Oxide Nanomaterials,21257275,Transition Metal Oxide Nanomaterials,Transition Metal Oxide Nanomaterials,0,2025
https://openalex.org/W3096738554,2020,Huge upconversion luminescence enhancement by a cascade optical field modulation strategy facilitating selective multispectral narrow-band near-infrared photodetection,graphene_2d_materials,Materials Chemistry,18992939,18992939,0,,W3096738554,10.1038/s41377-020-00418-0,104,60,openalex_v3_query_core,0,,strict,Luminescence Properties of Advanced Materials,18992939,Luminescence Properties of Advanced Materials,Luminescence Properties of Advanced Materials,0,2025
https://openalex.org/W3110170131,2020,Insights in the Application of Stoichiometric and Non-Stoichiometric Titanium Oxides for the Design of Sensors for the Determination of Gases and VOCs (TiO2−x and TinO2n−1 vs. TiO2),graphene_2d_materials,Electrical and Electronic Engineering,19061184,19061184,0,,W3110170131,10.3390/s20236833,104,120,openalex_v3_query_core,0,,strict,Gas Sensing Nanomaterials and Sensors,19061184,Gas Sensing Nanomaterials and Sensors,Gas Sensing Nanomaterials and Sensors,0,2025
https://openalex.org/W3186998441,2021,The effect of water on colloidal quantum dot solar cells,graphene_2d_materials,Materials Chemistry,19043499,19043499,0,,W3186998441,10.1038/s41467-021-24614-7,104,77,openalex_v3_query_core,0,,strict,Quantum Dots Synthesis And Properties,19043499,Quantum Dots Synthesis And Properties,Quantum Dots Synthesis And Properties,0,2025
https://openalex.org/W3217598432,2021,Interlayer exciton mediated second harmonic generation in bilayer MoS<sub>2</sub>.,graphene_2d_materials,"Atomic and Molecular Physics, and Optics",21257929,21257929,0,,W3217598432,10.1038/s41467-021-27213-8,104,78,openalex_v3_query_core,0,,strict,Spectroscopy and Quantum Chemical Studies,21257929,Spectroscopy and Quantum Chemical Studies,Spectroscopy and Quantum Chemical Studies,0,2025
https://openalex.org/W4211230330,2022,Polyindole and polypyrrole as a sustainable platform for environmental remediation and sensor applications,graphene_2d_materials,Polymers and Plastics,19095505,19095505,0,,W4211230330,10.1039/d2ma00022a,104,274,openalex_v3_query_core,0,,strict,Conducting polymers and applications,19095505,Conducting polymers and applications,Conducting polymers and applications,0,2025
https://openalex.org/W4317107751,2023,Construction of angstrom-scale ion channels with versatile pore configurations and sizes by metal-organic frameworks,graphene_2d_materials,Biomedical Engineering,21326699,21326699,0,,W4317107751,10.1038/s41467-023-35970-x,104,68,openalex_v3_query_core,0,,strict,Nanopore and Nanochannel Transport Studies,21326699,Nanopore and Nanochannel Transport Studies,Nanopore and Nanochannel Transport Studies,0,2025
https://openalex.org/W4379538075,2023,Emerging SiC Applications beyond Power Electronic Devices,graphene_2d_materials,Electrical and Electronic Engineering,19044023,19044023,0,,W4379538075,10.3390/mi14061200,104,204,openalex_v3_query_core,0,,strict,Silicon Carbide Semiconductor Technologies,19044023,Silicon Carbide Semiconductor Technologies,Silicon Carbide Semiconductor Technologies,0,2025
https://openalex.org/W4382050415,2023,"Van der Waals Ferroelectrics: Theories, Materials, and Device Applications",graphene_2d_materials,Materials Chemistry,19008921,19008921,0,,W4382050415,10.1002/adma.202301472,104,224,openalex_v3_query_core,0,,strict,Ferroelectric and Piezoelectric Materials,19008921,Ferroelectric and Piezoelectric Materials,Ferroelectric and Piezoelectric Materials,0,2025
https://openalex.org/W4386923995,2023,Unit-cell-thick zeolitic imidazolate framework films for membrane application,graphene_2d_materials,Inorganic Chemistry,18992938,18992938,0,,W4386923995,10.1038/s41563-023-01669-z,104,58,openalex_v3_query_core,0,,strict,Metal-Organic Frameworks: Synthesis and Applications,18992938,Metal-Organic Frameworks: Synthesis and Applications,Metal-Organic Frameworks: Synthesis and Applications,0,2025
https://openalex.org/W4390113415,2023,2D semiconductor nanosheets for solar photocatalysis,graphene_2d_materials,"Renewable Energy, Sustainability and the Environment",18992678,18992678,0,,W4390113415,10.1002/ece2.16,104,259,openalex_v3_query_core,0,,strict,Advanced Photocatalysis Techniques,18992678,Advanced Photocatalysis Techniques,Advanced Photocatalysis Techniques,0,2025
https://openalex.org/W4407848322,2025,"MXenes in healthcare: synthesis, fundamentals and applications",graphene_2d_materials,Materials Chemistry,23488465,23488465,0,,W4407848322,10.1039/d3cs01024d,104,243,openalex_v3_query_core,0,,strict,MXene and MAX Phase Materials,23488465,MXene and MAX Phase Materials,MXene and MAX Phase Materials,0,2025
https://openalex.org/W1969933157,2014,High-Tc superconductivity in ultrathin Bi2Sr2CaCu2O8+x down to half-unit-cell thickness by protection with graphene,graphene_2d_materials,Condensed Matter Physics,18992153,18992153,0,,W1969933157,10.1038/ncomms6708,103,45,openalex_v3_query_core,0,,strict,Physics of Superconductivity and Magnetism,18992153,Physics of Superconductivity and Magnetism,Physics of Superconductivity and Magnetism,0,2025
https://openalex.org/W1168726229,2015,The growth scale and kinetics of WS2 monolayers under varying H2 concentration,graphene_2d_materials,Materials Chemistry,19026997,19026997,0,,W1168726229,10.1038/srep13205,103,42,openalex_v3_query_core,0,,strict,2D Materials and Applications,19026997,2D Materials and Applications,2D Materials and Applications,0,2025
https://openalex.org/W2265670371,2015,Elastic Deformations in 2D van der waals Heterostructures and their Impact on Optoelectronic Properties: Predictions from a Multiscale Computational Approach,graphene_2d_materials,Materials Chemistry,19026997,19026997,0,,W2265670371,10.1038/srep10872,103,35,openalex_v3_query_core,0,,strict,2D Materials and Applications,19026997,2D Materials and Applications,2D Materials and Applications,0,2025
https://openalex.org/W2738914970,2017,High-Mobility and High-Optical Quality Atomically Thin WS 2,graphene_2d_materials,Materials Chemistry,19026997,19026997,0,,W2738914970,10.1038/s41598-017-14928-2,103,55,openalex_v3_query_core,0,,strict,2D Materials and Applications,19026997,2D Materials and Applications,2D Materials and Applications,0,2025
https://openalex.org/W2788569353,2018,Natural optical anisotropy of h-BN: Highest giant birefringence in a bulk crystal through the mid-infrared to ultraviolet range,graphene_2d_materials,Materials Chemistry,19026997,19026997,0,,W2788569353,10.1103/physrevmaterials.2.024001,103,39,openalex_v3_query_core,0,,strict,2D Materials and Applications,19026997,2D Materials and Applications,2D Materials and Applications,0,2025
https://openalex.org/W2805110002,2018,Liquid‐Phase Exfoliated Indium–Selenide Flakes and Their Application in Hydrogen Evolution Reaction,graphene_2d_materials,Electrical and Electronic Engineering,19078737,19078737,0,,W2805110002,10.1002/smll.201800749,103,119,openalex_v3_query_core,0,,strict,Chalcogenide Semiconductor Thin Films,19078737,Chalcogenide Semiconductor Thin Films,Chalcogenide Semiconductor Thin Films,0,2025
https://openalex.org/W2887906695,2018,TiO2 nanoparticles assembled on kaolinites with different morphologies for efficient photocatalytic performance,graphene_2d_materials,"Renewable Energy, Sustainability and the Environment",18992019,18992019,0,,W2887906695,10.1038/s41598-018-29563-8,103,41,openalex_v3_query_core,0,,strict,TiO2 Photocatalysis and Solar Cells,18992019,TiO2 Photocatalysis and Solar Cells,TiO2 Photocatalysis and Solar Cells,0,2025
https://openalex.org/W2946029096,2019,Beyond Seashells: Bioinspired 2D Photonic and Photoelectronic Devices,graphene_2d_materials,"Renewable Energy, Sustainability and the Environment",18992678,18992678,0,,W2946029096,10.1002/adfm.201901460,103,50,openalex_v3_query_core,0,,strict,Advanced Photocatalysis Techniques,18992678,Advanced Photocatalysis Techniques,Advanced Photocatalysis Techniques,0,2025
https://openalex.org/W2944462740,2020,"Large-area, periodic, and tunable intrinsic pseudo-magnetic fields in low-angle twisted bilayer graphene",graphene_2d_materials,Materials Chemistry,18992804,18992804,0,,W2944462740,10.1038/s41467-019-14207-w,103,55,openalex_v3_query_core,0,,strict,Graphene research and applications,18992804,Graphene research and applications,Graphene research and applications,0,2025
https://openalex.org/W2999320565,2020,Realization of 2D crystalline metal nitrides via selective atomic substitution,graphene_2d_materials,Materials Chemistry,23488465,23488465,0,,W2999320565,10.1126/sciadv.aax8784,103,50,openalex_v3_query_core,0,,strict,MXene and MAX Phase Materials,23488465,MXene and MAX Phase Materials,MXene and MAX Phase Materials,0,2025
https://openalex.org/W3112872542,2021,Properties and dynamics of meron topological spin textures in the two-dimensional magnet CrCl3,graphene_2d_materials,Materials Chemistry,19026997,19026997,0,,W3112872542,10.1038/s41467-020-20497-2,103,44,openalex_v3_query_core,0,,strict,2D Materials and Applications,19026997,2D Materials and Applications,2D Materials and Applications,0,2025
https://openalex.org/W3135593533,2021,Additive manufacturing and applications of nanomaterial-based sensors,graphene_2d_materials,Biomedical Engineering,19043637,19043637,0,,W3135593533,10.1016/j.mattod.2021.02.001,103,215,openalex_v3_query_core,0,,strict,Advanced Sensor and Energy Harvesting Materials,19043637,Advanced Sensor and Energy Harvesting Materials,Advanced Sensor and Energy Harvesting Materials,0,2025
https://openalex.org/W4214675341,2022,Robust growth of two-dimensional metal dichalcogenides and their alloys by active chalcogen monomer supply,graphene_2d_materials,Materials Chemistry,19026997,19026997,0,,W4214675341,10.1038/s41467-022-28628-7,103,44,openalex_v3_query_core,0,,strict,2D Materials and Applications,19026997,2D Materials and Applications,2D Materials and Applications,0,2025
https://openalex.org/W4220974156,2022,Engineering 2D Materials for Photocatalytic Water-Splitting from a Theoretical Perspective,graphene_2d_materials,"Renewable Energy, Sustainability and the Environment",18992678,18992678,0,,W4220974156,10.3390/ma15062221,103,291,openalex_v3_query_core,0,,strict,Advanced Photocatalysis Techniques,18992678,Advanced Photocatalysis Techniques,Advanced Photocatalysis Techniques,0,2025
https://openalex.org/W4286786919,2022,Theoretical Insights into Ultrafast Dynamics in Quantum Materials,graphene_2d_materials,"Atomic and Molecular Physics, and Optics",19078350,19078350,0,,W4286786919,10.34133/2022/9767251,103,85,openalex_v3_query_core,0,,strict,Laser-Matter Interactions and Applications,19078350,Laser-Matter Interactions and Applications,Laser-Matter Interactions and Applications,0,2025
https://openalex.org/W4309195691,2022,Recent progress in heteroatom doped carbon based electrocatalysts for oxygen reduction reaction in anion exchange membrane fuel cells,graphene_2d_materials,"Renewable Energy, Sustainability and the Environment",18992146,18992146,0,,W4309195691,10.1016/j.ijhydene.2022.10.177,103,216,openalex_v3_query_core,0,,strict,Electrocatalysts for Energy Conversion,18992146,Electrocatalysts for Energy Conversion,Electrocatalysts for Energy Conversion,0,2025
https://openalex.org/W4377861943,2023,Composite materials based on covalent organic frameworks for multiple advanced applications,graphene_2d_materials,Materials Chemistry,23488336,23488336,0,,W4377861943,10.1002/exp.20220144,103,274,openalex_v3_query_core,0,,strict,Covalent Organic Framework Applications,23488336,Covalent Organic Framework Applications,Covalent Organic Framework Applications,0,2025
https://openalex.org/W4392120420,2024,Altermagnetic superconducting diode effect,graphene_2d_materials,Aerospace Engineering,21292120,21292120,0,,W4392120420,10.1103/physrevb.110.024503,103,97,openalex_v3_query_core,0,,strict,Particle accelerators and beam dynamics,21292120,Particle accelerators and beam dynamics,Particle accelerators and beam dynamics,0,2025
https://openalex.org/W4395466884,2024,3D integration of 2D electronics,graphene_2d_materials,Materials Chemistry,19026997,19026997,0,,W4395466884,10.1038/s44287-024-00038-5,103,217,openalex_v3_query_core,0,,strict,2D Materials and Applications,19026997,2D Materials and Applications,2D Materials and Applications,0,2025
https://openalex.org/W4401926643,2024,A Perspective of Tailoring Dielectric Genes for 2D Materials Toward Advanced Electromagnetic Functions,graphene_2d_materials,"Electronic, Optical and Magnetic Materials",21274432,21274432,0,,W4401926643,10.1002/adfm.202410928,103,86,openalex_v3_query_core,0,,strict,Electromagnetic wave absorption materials,21274432,Electromagnetic wave absorption materials,Electromagnetic wave absorption materials,0,2025
https://openalex.org/W2197259680,2016,Effective gating and tunable magnetic proximity effects in two-dimensional heterostructures,graphene_2d_materials,Materials Chemistry,19026997,19026997,0,,W2197259680,10.1103/physrevb.93.241401,102,71,openalex_v3_query_core,0,,strict,2D Materials and Applications,19026997,2D Materials and Applications,2D Materials and Applications,0,2025
https://openalex.org/W2402230159,2016,Origin of Structural Transformation in Mono- and Bi-Layered Molybdenum Disulfide,graphene_2d_materials,Materials Chemistry,19026997,19026997,0,,W2402230159,10.1038/srep26666,102,77,openalex_v3_query_core,0,,strict,2D Materials and Applications,19026997,2D Materials and Applications,2D Materials and Applications,0,2025
https://openalex.org/W2549650184,2016,Topological Insulator Film Growth by Molecular Beam Epitaxy: A Review,graphene_2d_materials,"Atomic and Molecular Physics, and Optics",19095381,19095381,0,,W2549650184,10.3390/cryst6110154,102,161,openalex_v3_query_core,0,,strict,Topological Materials and Phenomena,19095381,Topological Materials and Phenomena,Topological Materials and Phenomena,0,2025
https://openalex.org/W2809543212,2018,Recent Advances in Tactile Sensing Technology,graphene_2d_materials,Biomedical Engineering,19043637,19043637,0,,W2809543212,10.3390/mi9070321,102,180,openalex_v3_query_core,0,,strict,Advanced Sensor and Energy Harvesting Materials,19043637,Advanced Sensor and Energy Harvesting Materials,Advanced Sensor and Energy Harvesting Materials,0,2025
https://openalex.org/W2889740355,2018,Charge carrier injection and transport engineering in two-dimensional transition metal dichalcogenides,graphene_2d_materials,Materials Chemistry,19026997,19026997,0,,W2889740355,10.1039/c8sc02609b,102,224,openalex_v3_query_core,0,,strict,2D Materials and Applications,19026997,2D Materials and Applications,2D Materials and Applications,0,2025
https://openalex.org/W2910932923,2019,Thermal radiation control from hot graphene electrons coupled to a photonic crystal nanocavity,graphene_2d_materials,Civil and Structural Engineering,23557105,23557105,0,,W2910932923,10.1038/s41467-018-08047-3,102,59,openalex_v3_query_core,0,,strict,Thermal Radiation and Cooling Technologies,23557105,Thermal Radiation and Cooling Technologies,Thermal Radiation and Cooling Technologies,0,2025
https://openalex.org/W2978214904,2019,Bottom-up growth of homogeneous Moiré superlattices in bismuth oxychloride spiral nanosheets,graphene_2d_materials,Materials Chemistry,19026997,19026997,0,,W2978214904,10.1038/s41467-019-12347-7,102,74,openalex_v3_query_core,0,,strict,2D Materials and Applications,19026997,2D Materials and Applications,2D Materials and Applications,0,2025
https://openalex.org/W2997508555,2019,Layered material platform for surface plasmon resonance biosensing,graphene_2d_materials,Molecular Biology,19026082,19026082,0,,W2997508555,10.1038/s41598-019-56105-7,102,57,openalex_v3_query_core,0,,strict,Advanced biosensing and bioanalysis techniques,19026082,Advanced biosensing and bioanalysis techniques,Advanced biosensing and bioanalysis techniques,0,2025
https://openalex.org/W3003604289,2020,Low-Temperature Growing Anatase TiO2/SnO2 Multi-dimensional Heterojunctions at MXene Conductive Network for High-Efficient Perovskite Solar Cells,graphene_2d_materials,Electrical and Electronic Engineering,19026606,19026606,0,,W3003604289,10.1007/s40820-020-0379-5,102,64,openalex_v3_query_core,0,,strict,Perovskite Materials and Applications,19026606,Perovskite Materials and Applications,Perovskite Materials and Applications,0,2025
https://openalex.org/W3013554282,2020,A review on graphene based transition metal oxide composites and its application towards supercapacitor electrodes,graphene_2d_materials,"Electronic, Optical and Magnetic Materials",19009840,19009840,0,,W3013554282,10.1007/s42452-020-2515-8,102,219,openalex_v3_query_core,0,,strict,Supercapacitor Materials and Fabrication,19009840,Supercapacitor Materials and Fabrication,Supercapacitor Materials and Fabrication,0,2025
https://openalex.org/W3036916436,2020,Interlayer friction and superlubricity in bilayer graphene and MoS2/MoSe2 van der Waals heterostructures,graphene_2d_materials,Materials Chemistry,18992804,18992804,0,,W3036916436,10.1016/j.triboint.2020.106483,102,52,openalex_v3_query_core,0,,strict,Graphene research and applications,18992804,Graphene research and applications,Graphene research and applications,0,2025
https://openalex.org/W4220694831,2022,Ultrafast photonics applications of emerging 2D‐Xenes beyond graphene,graphene_2d_materials,"Atomic and Molecular Physics, and Optics",19147258,19147258,0,,W4220694831,10.1515/nanoph-2022-0045,102,224,openalex_v3_query_core,0,,strict,Advanced Fiber Laser Technologies,19147258,Advanced Fiber Laser Technologies,Advanced Fiber Laser Technologies,0,2025
https://openalex.org/W4281394186,2022,MXene based saturation organic vertical photoelectric transistors with low subthreshold swing,graphene_2d_materials,Materials Chemistry,23488465,23488465,0,,W4281394186,10.1038/s41467-022-30527-w,102,47,openalex_v3_query_core,0,,strict,MXene and MAX Phase Materials,23488465,MXene and MAX Phase Materials,MXene and MAX Phase Materials,0,2025
https://openalex.org/W4281907065,2022,History-dependent domain and skyrmion formation in 2D van der Waals magnet Fe3GeTe2,graphene_2d_materials,Materials Chemistry,19026997,19026997,0,,W4281907065,10.1038/s41467-022-30740-7,102,71,openalex_v3_query_core,0,,strict,2D Materials and Applications,19026997,2D Materials and Applications,2D Materials and Applications,0,2025
https://openalex.org/W4311929611,2022,A one-dimensional conductive metal-organic framework with extended π-d conjugated nanoribbon layers,graphene_2d_materials,Inorganic Chemistry,18992938,18992938,0,,W4311929611,10.1038/s41467-022-35315-0,102,50,openalex_v3_query_core,0,,strict,Metal-Organic Frameworks: Synthesis and Applications,18992938,Metal-Organic Frameworks: Synthesis and Applications,Metal-Organic Frameworks: Synthesis and Applications,0,2025
https://openalex.org/W4319057657,2023,MXene: fundamentals to applications in electrochemical energy storage,graphene_2d_materials,Materials Chemistry,23488465,23488465,0,,W4319057657,10.1186/s11671-023-03786-9,102,190,openalex_v3_query_core,0,,strict,MXene and MAX Phase Materials,23488465,MXene and MAX Phase Materials,MXene and MAX Phase Materials,0,2025
https://openalex.org/W4380229352,2023,New developments in gas sensing using various two-dimensional architectural designs,graphene_2d_materials,Electrical and Electronic Engineering,19061184,19061184,0,,W4380229352,10.1016/j.cej.2023.144039,102,216,openalex_v3_query_core,0,,strict,Gas Sensing Nanomaterials and Sensors,19061184,Gas Sensing Nanomaterials and Sensors,Gas Sensing Nanomaterials and Sensors,0,2025
https://openalex.org/W4386202830,2023,Single Atom Environmental Catalysis: Influence of Supports and Coordination Environments,graphene_2d_materials,"Renewable Energy, Sustainability and the Environment",18992678,18992678,0,,W4386202830,10.1002/adfm.202304468,102,328,openalex_v3_query_core,0,,strict,Advanced Photocatalysis Techniques,18992678,Advanced Photocatalysis Techniques,Advanced Photocatalysis Techniques,0,2025
https://openalex.org/W2158100123,2015,A van der Waals pn heterojunction with organic/inorganic semiconductors,graphene_2d_materials,Materials Chemistry,18992804,18992804,0,,W2158100123,10.1063/1.4935028,101,35,openalex_v3_query_core,0,,strict,Graphene research and applications,18992804,Graphene research and applications,Graphene research and applications,0,2025
https://openalex.org/W2297210831,2016,Graphene and Two-Dimensional Materials for Optoelectronic Applications,graphene_2d_materials,Materials Chemistry,18992804,18992804,0,,W2297210831,10.3390/electronics5010013,101,111,openalex_v3_query_core,0,,strict,Graphene research and applications,18992804,Graphene research and applications,Graphene research and applications,0,2025
https://openalex.org/W2472606992,2016,Evolution of the Valley Position in Bulk Transition-Metal Chalcogenides and Their Monolayer Limit,graphene_2d_materials,Materials Chemistry,19026997,19026997,0,,W2472606992,10.1021/acs.nanolett.5b05107,101,43,openalex_v3_query_core,0,,strict,2D Materials and Applications,19026997,2D Materials and Applications,2D Materials and Applications,0,2025
https://openalex.org/W2724874848,2017,Electrochemical Interaction of Few-Layer Molybdenum Disulfide Composites vs Sodium: New Insights on the Reaction Mechanism,graphene_2d_materials,Electrical and Electronic Engineering,18991892,18991892,0,,W2724874848,10.1021/acs.chemmater.7b01245,101,62,openalex_v3_query_core,0,,strict,Advancements in Battery Materials,18991892,Advancements in Battery Materials,Advancements in Battery Materials,0,2025
https://openalex.org/W2911234410,2019,Indirect to Direct Gap Crossover in Two-Dimensional InSe Revealed by Angle-Resolved Photoemission Spectroscopy,graphene_2d_materials,Materials Chemistry,19026997,19026997,0,,W2911234410,10.1021/acsnano.8b08726,101,33,openalex_v3_query_core,0,,strict,2D Materials and Applications,19026997,2D Materials and Applications,2D Materials and Applications,0,2025
https://openalex.org/W2957467127,2019,Enhanced activity of highly conformal and layered tin sulfide (SnSx) prepared by atomic layer deposition (ALD) on 3D metal scaffold towards high performance supercapacitor electrode,graphene_2d_materials,"Electronic, Optical and Magnetic Materials",19009840,19009840,0,,W2957467127,10.1038/s41598-019-46679-7,101,68,openalex_v3_query_core,0,,strict,Supercapacitor Materials and Fabrication,19009840,Supercapacitor Materials and Fabrication,Supercapacitor Materials and Fabrication,0,2025
https://openalex.org/W3005196403,2020,Monolayer MoS <sub>2</sub> for nanoscale photonics,graphene_2d_materials,Materials Chemistry,19026997,19026997,0,,W3005196403,10.1515/nanoph-2019-0533,101,126,openalex_v3_query_core,0,,strict,2D Materials and Applications,19026997,2D Materials and Applications,2D Materials and Applications,0,2025
https://openalex.org/W3048156353,2020,Graphene impregnated electrospun nanofiber sensing materials: a comprehensive overview on bridging laboratory set-up to industry,graphene_2d_materials,Molecular Biology,19026082,19026082,0,,W3048156353,10.1186/s40580-020-00237-4,101,213,openalex_v3_query_core,0,,strict,Advanced biosensing and bioanalysis techniques,19026082,Advanced biosensing and bioanalysis techniques,Advanced biosensing and bioanalysis techniques,0,2025
https://openalex.org/W3080534298,2020,"Two-Dimensional Platinum Diselenide: Synthesis, Emerging Applications, and Future Challenges",graphene_2d_materials,Materials Chemistry,19026997,19026997,0,,W3080534298,10.1007/s40820-020-00515-0,101,241,openalex_v3_query_core,0,,strict,2D Materials and Applications,19026997,2D Materials and Applications,2D Materials and Applications,0,2025
https://openalex.org/W3092084189,2021,Tunnel field-effect transistors for sensitive terahertz detection,graphene_2d_materials,Materials Chemistry,18992804,18992804,0,,W3092084189,10.1038/s41467-020-20721-z,101,61,openalex_v3_query_core,0,,strict,Graphene research and applications,18992804,Graphene research and applications,Graphene research and applications,0,2025
https://openalex.org/W3180832956,2021,Atomic-scale regulation of anionic and cationic migration in alkali metal batteries,graphene_2d_materials,Electrical and Electronic Engineering,18991892,18991892,0,,W3180832956,10.1038/s41467-021-24399-9,101,93,openalex_v3_query_core,0,,strict,Advancements in Battery Materials,18991892,Advancements in Battery Materials,Advancements in Battery Materials,0,2025
https://openalex.org/W3180906654,2021,Planar refraction and lensing of highly confined polaritons in anisotropic media,graphene_2d_materials,"Atomic and Molecular Physics, and Optics",19095511,19095511,0,,W3180906654,10.1038/s41467-021-24599-3,101,52,openalex_v3_query_core,0,,strict,Photonic Crystals and Applications,19095511,Photonic Crystals and Applications,Photonic Crystals and Applications,0,2025
https://openalex.org/W3200147010,2021,Sustainable Development of Carbon Nanocomposites: Synthesis and Classification for Environmental Remediation,graphene_2d_materials,Materials Chemistry,18992674,18992674,0,,W3200147010,10.1155/2021/5840645,101,205,openalex_v3_query_core,0,,strict,Carbon Nanotubes in Composites,18992674,Carbon Nanotubes in Composites,Carbon Nanotubes in Composites,0,2025
https://openalex.org/W3205145856,2021,Advanced Strategies to Improve Performances of Molybdenum-Based Gas Sensors,graphene_2d_materials,Electrical and Electronic Engineering,19061184,19061184,0,,W3205145856,10.1007/s40820-021-00724-1,101,264,openalex_v3_query_core,0,,strict,Gas Sensing Nanomaterials and Sensors,19061184,Gas Sensing Nanomaterials and Sensors,Gas Sensing Nanomaterials and Sensors,0,2025
https://openalex.org/W4285195704,2022,"Synthesis, modification, and application of black phosphorus, few-layer black phosphorus (FLBP), and phosphorene: a detailed review",graphene_2d_materials,Materials Chemistry,19026997,19026997,0,,W4285195704,10.1039/d1ma01101d,101,179,openalex_v3_query_core,0,,strict,2D Materials and Applications,19026997,2D Materials and Applications,2D Materials and Applications,0,2025
https://openalex.org/W4385312283,2023,"Recent Advances in Materials, Structures, and Applications of Flexible Photodetectors",graphene_2d_materials,Biomedical Engineering,19043637,19043637,0,,W4385312283,10.1002/aelm.202300340,101,162,openalex_v3_query_core,0,,strict,Advanced Sensor and Energy Harvesting Materials,19043637,Advanced Sensor and Energy Harvesting Materials,Advanced Sensor and Energy Harvesting Materials,0,2025
https://openalex.org/W4386856311,2023,"Halide Perovskites and Their Derivatives for Efficient, High‐Resolution Direct Radiation Detection: Design Strategies and Applications",graphene_2d_materials,Electrical and Electronic Engineering,19026606,19026606,0,,W4386856311,10.1002/adma.202304523,101,349,openalex_v3_query_core,0,,strict,Perovskite Materials and Applications,19026606,Perovskite Materials and Applications,Perovskite Materials and Applications,0,2025
https://openalex.org/W4387798346,2023,A 2D Heterostructure‐Based Multifunctional Floating Gate Memory Device for Multimodal Reservoir Computing,graphene_2d_materials,Artificial Intelligence,23591033,23591033,0,,W4387798346,10.1002/adma.202308502,101,60,openalex_v3_query_core,0,,strict,Neural Networks and Reservoir Computing,23591033,Neural Networks and Reservoir Computing,Neural Networks and Reservoir Computing,0,2025
https://openalex.org/W4392558882,2024,Frequency-selective perovskite photodetector for anti-interference optical communications,graphene_2d_materials,Electrical and Electronic Engineering,19026606,19026606,0,,W4392558882,10.1038/s41467-024-46468-5,101,37,openalex_v3_query_core,0,,strict,Perovskite Materials and Applications,19026606,Perovskite Materials and Applications,Perovskite Materials and Applications,0,2025
https://openalex.org/W1764873518,2016,Topological Properties of Electrons in Honeycomb Lattice with Detuned Hopping Energy,graphene_2d_materials,"Atomic and Molecular Physics, and Optics",19095381,19095381,0,,W1764873518,10.1038/srep24347,100,43,openalex_v3_query_core,0,,strict,Topological Materials and Phenomena,19095381,Topological Materials and Phenomena,Topological Materials and Phenomena,0,2025
https://openalex.org/W2464753181,2016,Strain-engineered diffusive atomic switching in two-dimensional crystals,graphene_2d_materials,"Atomic and Molecular Physics, and Optics",19095381,19095381,0,,W2464753181,10.1038/ncomms11983,100,38,openalex_v3_query_core,0,,strict,Topological Materials and Phenomena,19095381,Topological Materials and Phenomena,Topological Materials and Phenomena,0,2025
https://openalex.org/W2549245759,2016,Formation of Silicene Nanosheets on Graphite,graphene_2d_materials,Materials Chemistry,18992804,18992804,0,,W2549245759,10.1021/acsnano.6b06198,100,49,openalex_v3_query_core,0,,strict,Graphene research and applications,18992804,Graphene research and applications,Graphene research and applications,0,2025
https://openalex.org/W2589029712,2017,Edge currents shunt the insulating bulk in gapped graphene,graphene_2d_materials,Materials Chemistry,18992804,18992804,0,,W2589029712,10.1038/ncomms14552,100,37,openalex_v3_query_core,0,,strict,Graphene research and applications,18992804,Graphene research and applications,Graphene research and applications,0,2025
https://openalex.org/W2617335196,2017,Hybrid graphene tunneling photoconductor with interface engineering towards fast photoresponse and high responsivity,graphene_2d_materials,Materials Chemistry,18992804,18992804,0,,W2617335196,10.1038/s41699-017-0016-4,100,57,openalex_v3_query_core,0,,strict,Graphene research and applications,18992804,Graphene research and applications,Graphene research and applications,0,2025
https://openalex.org/W2915869428,2019,Thickness Tunable Wedding-Cake-like MoS<sub>2</sub> Flakes for High-Performance Optoelectronics,graphene_2d_materials,Materials Chemistry,19026997,19026997,0,,W2915869428,10.1021/acsnano.9b00277,100,68,openalex_v3_query_core,0,,strict,2D Materials and Applications,19026997,2D Materials and Applications,2D Materials and Applications,0,2025
https://openalex.org/W2932571019,2019,Centimeter‐scale growth of two‐dimensional layered high‐mobility bismuth films by pulsed laser deposition,graphene_2d_materials,Materials Chemistry,19026997,19026997,0,,W2932571019,10.1002/inf2.12001,100,52,openalex_v3_query_core,0,,strict,2D Materials and Applications,19026997,2D Materials and Applications,2D Materials and Applications,0,2025
https://openalex.org/W2992736545,2019,Strong optical response and light emission from a monolayer molecular crystal,graphene_2d_materials,Materials Chemistry,21274690,21274690,0,,W2992736545,10.1038/s41467-019-13581-9,100,49,openalex_v3_query_core,0,,strict,Luminescence and Fluorescent Materials,21274690,Luminescence and Fluorescent Materials,Luminescence and Fluorescent Materials,0,2025
https://openalex.org/W2998937874,2020,Giant tunneling electroresistance in two-dimensional ferroelectric tunnel junctions with out-of-plane ferroelectric polarization,graphene_2d_materials,Materials Chemistry,19026997,19026997,0,,W2998937874,10.1103/physrevb.101.014105,100,57,openalex_v3_query_core,0,,strict,2D Materials and Applications,19026997,2D Materials and Applications,2D Materials and Applications,0,2025
https://openalex.org/W3007055721,2020,Tunable Layer Circular Photogalvanic Effect in Twisted Bilayers,graphene_2d_materials,"Atomic and Molecular Physics, and Optics",19095381,19095381,0,,W3007055721,10.1103/physrevlett.124.077401,100,29,openalex_v3_query_core,0,,strict,Topological Materials and Phenomena,19095381,Topological Materials and Phenomena,Topological Materials and Phenomena,0,2025
https://openalex.org/W3044023195,2020,Stacking Domain Wall Magnons in Twisted van der Waals Magnets,graphene_2d_materials,Materials Chemistry,19026997,19026997,0,,W3044023195,10.1103/physrevlett.125.247201,100,60,openalex_v3_query_core,0,,strict,2D Materials and Applications,19026997,2D Materials and Applications,2D Materials and Applications,0,2025
https://openalex.org/W3047732449,2020,"2D Materials Based on Main Group Element Compounds: Phases, Synthesis, Characterization, and Applications",graphene_2d_materials,Materials Chemistry,19026997,19026997,0,,W3047732449,10.1002/adfm.202001127,100,438,openalex_v3_query_core,0,,strict,2D Materials and Applications,19026997,2D Materials and Applications,2D Materials and Applications,0,2025
https://openalex.org/W4210271431,2020,Chiral Nanoceramics,graphene_2d_materials,Biomedical Engineering,23523310,23523310,0,,W4210271431,10.1002/adma.201906738,100,331,openalex_v3_query_core,0,,strict,Surface Chemistry and Catalysis,23523310,Surface Chemistry and Catalysis,Surface Chemistry and Catalysis,0,2025
https://openalex.org/W3150089249,2021,Advanced Two-Dimensional Heterojunction Photocatalysts of Stoichiometric and Non-Stoichiometric Bismuth Oxyhalides with Graphitic Carbon Nitride for Sustainable Energy and Environmental Applications,graphene_2d_materials,"Renewable Energy, Sustainability and the Environment",18992678,18992678,0,,W3150089249,10.3390/catal11040426,100,252,openalex_v3_query_core,0,,strict,Advanced Photocatalysis Techniques,18992678,Advanced Photocatalysis Techniques,Advanced Photocatalysis Techniques,0,2025
https://openalex.org/W3174347083,2021,Performance and future directions of transition metal sulfide‐based electrode materials towards supercapacitor/supercapattery,graphene_2d_materials,"Electronic, Optical and Magnetic Materials",19009840,19009840,0,,W3174347083,10.1002/wene.414,100,232,openalex_v3_query_core,0,,strict,Supercapacitor Materials and Fabrication,19009840,Supercapacitor Materials and Fabrication,Supercapacitor Materials and Fabrication,0,2025
https://openalex.org/W3186924562,2021,"MoS2-based nanocomposites: synthesis, structure, and applications in water remediation and energy storage: a review",graphene_2d_materials,Materials Chemistry,19026997,19026997,0,,W3186924562,10.1007/s10311-021-01268-x,100,334,openalex_v3_query_core,0,,strict,2D Materials and Applications,19026997,2D Materials and Applications,2D Materials and Applications,0,2025
https://openalex.org/W4213352348,2022,Filling the gap between topological insulator nanomaterials and triboelectric nanogenerators,graphene_2d_materials,Biomedical Engineering,19043637,19043637,0,,W4213352348,10.1038/s41467-022-28575-3,100,81,openalex_v3_query_core,0,,strict,Advanced Sensor and Energy Harvesting Materials,19043637,Advanced Sensor and Energy Harvesting Materials,Advanced Sensor and Energy Harvesting Materials,0,2025
https://openalex.org/W4221068866,2022,Recent Advances in MXene/Epoxy Composites: Trends and Prospects,graphene_2d_materials,Materials Chemistry,23488465,23488465,0,,W4221068866,10.3390/polym14061170,100,100,openalex_v3_query_core,0,,strict,MXene and MAX Phase Materials,23488465,MXene and MAX Phase Materials,MXene and MAX Phase Materials,0,2025
https://openalex.org/W4383217038,2023,Nanotechnology for High‐Performance Textiles: A Promising Frontier for Innovation,graphene_2d_materials,Biomedical Engineering,19043637,19043637,0,,W4383217038,10.1002/cnma.202300205,100,284,openalex_v3_query_core,0,,strict,Advanced Sensor and Energy Harvesting Materials,19043637,Advanced Sensor and Energy Harvesting Materials,Advanced Sensor and Energy Harvesting Materials,0,2025
https://openalex.org/W4400721657,2024,"Graphene dispersion, functionalization techniques and applications: A review",graphene_2d_materials,Materials Chemistry,18992804,18992804,0,,W4400721657,10.1016/j.synthmet.2024.117697,100,238,openalex_v3_query_core,0,,strict,Graphene research and applications,18992804,Graphene research and applications,Graphene research and applications,0,2025
https://openalex.org/W2062884997,2015,Well-Constructed Single-Layer Molybdenum Disulfide Nanorose Cross-Linked by Three Dimensional-Reduced Graphene Oxide Network for Superior Water Splitting and Lithium Storage Property,graphene_2d_materials,"Renewable Energy, Sustainability and the Environment",18992678,18992678,0,,W2062884997,10.1038/srep08722,99,59,openalex_v3_query_core,0,,strict,Advanced Photocatalysis Techniques,18992678,Advanced Photocatalysis Techniques,Advanced Photocatalysis Techniques,0,2025
https://openalex.org/W1908277819,2016,Even–odd layer-dependent magnetotransport of high-mobility Q-valley electrons in transition metal disulfides,graphene_2d_materials,Materials Chemistry,19026997,19026997,0,,W1908277819,10.1038/ncomms12955,99,46,openalex_v3_query_core,0,,strict,2D Materials and Applications,19026997,2D Materials and Applications,2D Materials and Applications,0,2025
https://openalex.org/W2972675242,2019,Novel two-dimensional MOF as a promising single-atom electrocatalyst for CO2 reduction: A theoretical study,graphene_2d_materials,"Renewable Energy, Sustainability and the Environment",21361023,21361023,0,,W2972675242,10.1016/j.apsusc.2019.143993,99,73,openalex_v3_query_core,0,,strict,CO2 Reduction Techniques and Catalysts,21361023,CO2 Reduction Techniques and Catalysts,CO2 Reduction Techniques and Catalysts,0,2025
https://openalex.org/W2974305940,2019,Valence Engineering <i>via</i> Dual-Cation and Boron Doping in Pyrite Selenide for Highly Efficient Oxygen Evolution,graphene_2d_materials,"Renewable Energy, Sustainability and the Environment",18992146,18992146,0,,W2974305940,10.1021/acsnano.9b04956,99,63,openalex_v3_query_core,0,,strict,Electrocatalysts for Energy Conversion,18992146,Electrocatalysts for Energy Conversion,Electrocatalysts for Energy Conversion,0,2025
https://openalex.org/W3048258920,2020,Advancing Applications of Black Phosphorus and BP‐Analog Materials in Photo/Electrocatalysis through Structure Engineering and Surface Modulation,graphene_2d_materials,"Renewable Energy, Sustainability and the Environment",18992678,18992678,0,,W3048258920,10.1002/advs.202001431,99,292,openalex_v3_query_core,0,,strict,Advanced Photocatalysis Techniques,18992678,Advanced Photocatalysis Techniques,Advanced Photocatalysis Techniques,0,2025
https://openalex.org/W4225390795,2022,Bioinspired MXene-Based User-Interactive Electronic Skin for Digital and Visual Dual-Channel Sensing,graphene_2d_materials,Biomedical Engineering,19043637,19043637,0,,W4225390795,10.1007/s40820-022-00838-0,99,60,openalex_v3_query_core,0,,strict,Advanced Sensor and Energy Harvesting Materials,19043637,Advanced Sensor and Energy Harvesting Materials,Advanced Sensor and Energy Harvesting Materials,0,2025
https://openalex.org/W4280488299,2022,Recent Advancements in MOF/Biomass and Bio-MOF Multifunctional Materials: A Review,graphene_2d_materials,Inorganic Chemistry,18992938,18992938,0,,W4280488299,10.3390/su14105768,99,119,openalex_v3_query_core,0,,strict,Metal-Organic Frameworks: Synthesis and Applications,18992938,Metal-Organic Frameworks: Synthesis and Applications,Metal-Organic Frameworks: Synthesis and Applications,0,2025
https://openalex.org/W4292707877,2022,Emerging reconfigurable electronic devices based on two‐dimensional materials: A review,graphene_2d_materials,Materials Chemistry,19026997,19026997,0,,W4292707877,10.1002/inf2.12355,99,189,openalex_v3_query_core,0,,strict,2D Materials and Applications,19026997,2D Materials and Applications,2D Materials and Applications,0,2025
https://openalex.org/W4295949344,2022,Integrated wafer-scale ultra-flat graphene by gradient surface energy modulation,graphene_2d_materials,Materials Chemistry,18992804,18992804,0,,W4295949344,10.1038/s41467-022-33135-w,99,60,openalex_v3_query_core,0,,strict,Graphene research and applications,18992804,Graphene research and applications,Graphene research and applications,0,2025
https://openalex.org/W4307111363,2022,Giant nonlinear Hall effect in twisted bilayer WSe2,graphene_2d_materials,"Atomic and Molecular Physics, and Optics",19044286,19044286,0,,W4307111363,10.1093/nsr/nwac232,99,58,openalex_v3_query_core,0,,strict,Quantum and electron transport phenomena,19044286,Quantum and electron transport phenomena,Quantum and electron transport phenomena,0,2025
https://openalex.org/W4320557373,2023,An inclusive review and perspective on Cu-based materials for electrochemical water splitting,graphene_2d_materials,"Renewable Energy, Sustainability and the Environment",18992146,18992146,0,,W4320557373,10.1039/d2ra07901a,99,191,openalex_v3_query_core,0,,strict,Electrocatalysts for Energy Conversion,18992146,Electrocatalysts for Energy Conversion,Electrocatalysts for Energy Conversion,0,2025
https://openalex.org/W4387844567,2023,Reconfigurable Multifunctional van der Waals Ferroelectric Devices and Logic Circuits,graphene_2d_materials,Materials Chemistry,19026997,19026997,0,,W4387844567,10.1021/acsnano.3c07952,99,79,openalex_v3_query_core,0,,strict,2D Materials and Applications,19026997,2D Materials and Applications,2D Materials and Applications,0,2025
https://openalex.org/W4388597415,2023,Direct observation of intrinsic room-temperature ferroelectricity in 2D layered CuCrP2S6,graphene_2d_materials,Materials Chemistry,19026997,19026997,0,,W4388597415,10.1038/s41467-023-43097-2,99,48,openalex_v3_query_core,0,,strict,2D Materials and Applications,19026997,2D Materials and Applications,2D Materials and Applications,0,2025
https://openalex.org/W4390346550,2023,Advances in flexible inorganic thermoelectrics,graphene_2d_materials,Materials Chemistry,19060921,19060921,0,,W4390346550,10.1002/ece2.17,99,303,openalex_v3_query_core,0,,strict,Advanced Thermoelectric Materials and Devices,19060921,Advanced Thermoelectric Materials and Devices,Advanced Thermoelectric Materials and Devices,0,2025
https://openalex.org/W4392588753,2024,Light-responsive and ultrapermeable two-dimensional metal-organic framework membrane for efficient ionic energy harvesting,graphene_2d_materials,Biomedical Engineering,21326699,21326699,0,,W4392588753,10.1038/s41467-024-46439-w,99,56,openalex_v3_query_core,0,,strict,Nanopore and Nanochannel Transport Studies,21326699,Nanopore and Nanochannel Transport Studies,Nanopore and Nanochannel Transport Studies,0,2025
https://openalex.org/W2270467501,2016,Self-Limiting Layer Synthesis of Transition Metal Dichalcogenides,graphene_2d_materials,Materials Chemistry,19026997,19026997,0,,W2270467501,10.1038/srep18754,98,48,openalex_v3_query_core,0,,strict,2D Materials and Applications,19026997,2D Materials and Applications,2D Materials and Applications,0,2025
https://openalex.org/W2531670575,2016,Near‐Field Energy Transfer Using Nanoemitters For Optoelectronics,graphene_2d_materials,Electrical and Electronic Engineering,19026606,19026606,0,,W2531670575,10.1002/adfm.201603311,98,182,openalex_v3_query_core,0,,strict,Perovskite Materials and Applications,19026606,Perovskite Materials and Applications,Perovskite Materials and Applications,0,2025
https://openalex.org/W2584111844,2017,Unraveling the 3D Atomic Structure of a Suspended Graphene/hBN van der Waals Heterostructure,graphene_2d_materials,Materials Chemistry,18992804,18992804,0,,W2584111844,10.1021/acs.nanolett.6b04360,98,37,openalex_v3_query_core,0,,strict,Graphene research and applications,18992804,Graphene research and applications,Graphene research and applications,0,2025
https://openalex.org/W2746661781,2017,Contamination-free graphene by chemical vapor deposition in quartz furnaces,graphene_2d_materials,Materials Chemistry,18992804,18992804,0,,W2746661781,10.1038/s41598-017-09811-z,98,56,openalex_v3_query_core,0,,strict,Graphene research and applications,18992804,Graphene research and applications,Graphene research and applications,0,2025
https://openalex.org/W3011576019,2020,Gate-Tunable Semiconductor Heterojunctions from 2D/3D van der Waals Interfaces,graphene_2d_materials,Materials Chemistry,19026997,19026997,0,,W3011576019,10.1021/acs.nanolett.0c00741,98,57,openalex_v3_query_core,0,,strict,2D Materials and Applications,19026997,2D Materials and Applications,2D Materials and Applications,0,2025
https://openalex.org/W3036067411,2020,Interplay between spin proximity effect and charge-dependent exciton dynamics in MoSe2/CrBr3 van der Waals heterostructures,graphene_2d_materials,Materials Chemistry,19026997,19026997,0,,W3036067411,10.1038/s41467-020-19816-4,98,67,openalex_v3_query_core,0,,strict,2D Materials and Applications,19026997,2D Materials and Applications,2D Materials and Applications,0,2025
https://openalex.org/W3085318509,2020,Low‐Power Complementary Inverter with Negative Capacitance 2D Semiconductor Transistors,graphene_2d_materials,Electrical and Electronic Engineering,23625231,23625231,0,,W3085318509,10.1002/adfm.202003859,98,32,openalex_v3_query_core,0,,strict,Ferroelectric and Negative Capacitance Devices,23625231,Ferroelectric and Negative Capacitance Devices,Ferroelectric and Negative Capacitance Devices,0,2025
https://openalex.org/W3116074372,2020,Linear scaling quantum transport methodologies,graphene_2d_materials,"Atomic and Molecular Physics, and Optics",19044286,19044286,0,,W3116074372,10.1016/j.physrep.2020.12.001,98,418,openalex_v3_query_core,0,,strict,Quantum and electron transport phenomena,19044286,Quantum and electron transport phenomena,Quantum and electron transport phenomena,0,2025
https://openalex.org/W3119769023,2021,https://openalex.org/W3119769023,graphene_2d_materials,Condensed Matter Physics,21343860,21343860,0,,W3119769023,,98,53,openalex_v3_query_core,0,,strict,Advanced Condensed Matter Physics,21343860,Advanced Condensed Matter Physics,Advanced Condensed Matter Physics,0,2025
https://openalex.org/W3169325543,2021,Theoretical studies of SiC van der Waals heterostructures as anodes of Li-ion batteries,graphene_2d_materials,Materials Chemistry,18992804,18992804,0,,W3169325543,10.1016/j.apsusc.2021.150269,98,59,openalex_v3_query_core,0,,strict,Graphene research and applications,18992804,Graphene research and applications,Graphene research and applications,0,2025
https://openalex.org/W4200592259,2021,Synthesis of new <scp>two‐dimensional</scp> titanium carbonitride <scp>Ti<sub>2</sub>C<sub>0</sub></scp><sub>.</sub><scp><sub>5</sub>N<sub>0</sub></scp><sub>.5</sub>T<sub><i>x</i></sub><scp>MXene</scp> and its performance as an electrode material for <scp>sodium‐ion</scp> battery,graphene_2d_materials,Materials Chemistry,23488465,23488465,0,,W4200592259,10.1002/inf2.12269,98,67,openalex_v3_query_core,0,,strict,MXene and MAX Phase Materials,23488465,MXene and MAX Phase Materials,MXene and MAX Phase Materials,0,2025
https://openalex.org/W4295024122,2022,"All inkjet-printed electronics based on electrochemically exfoliated two-dimensional metal, semiconductor, and dielectric",graphene_2d_materials,Materials Chemistry,19026997,19026997,0,,W4295024122,10.1038/s41699-022-00337-1,98,81,openalex_v3_query_core,0,,strict,2D Materials and Applications,19026997,2D Materials and Applications,2D Materials and Applications,0,2025
https://openalex.org/W4320924428,2023,Advances in harvesting water and energy from ubiquitous atmospheric moisture,graphene_2d_materials,"Renewable Energy, Sustainability and the Environment",23487943,23487943,0,,W4320924428,10.1039/d2ta09552a,98,268,openalex_v3_query_core,0,,strict,Solar-Powered Water Purification Methods,23487943,Solar-Powered Water Purification Methods,Solar-Powered Water Purification Methods,0,2025
https://openalex.org/W4362474911,2023,Shape-Controlled Synthesis of Platinum-Based Nanocrystals and Their Electrocatalytic Applications in Fuel Cells,graphene_2d_materials,"Renewable Energy, Sustainability and the Environment",18992146,18992146,0,,W4362474911,10.1007/s40820-023-01060-2,98,169,openalex_v3_query_core,0,,strict,Electrocatalysts for Energy Conversion,18992146,Electrocatalysts for Energy Conversion,Electrocatalysts for Energy Conversion,0,2025
https://openalex.org/W4381612645,2023,Multiple and spectrally robust photonic magic angles in reconfigurable α-MoO3 trilayers,graphene_2d_materials,Biomedical Engineering,19027259,19027259,0,,W4381612645,10.1038/s41563-023-01582-5,98,74,openalex_v3_query_core,0,,strict,Plasmonic and Surface Plasmon Research,19027259,Plasmonic and Surface Plasmon Research,Plasmonic and Surface Plasmon Research,0,2025
https://openalex.org/W4389338829,2023,Clean assembly of van der Waals heterostructures using silicon nitride membranes,graphene_2d_materials,Materials Chemistry,18992804,18992804,0,,W4389338829,10.1038/s41928-023-01075-y,98,59,openalex_v3_query_core,0,,strict,Graphene research and applications,18992804,Graphene research and applications,Graphene research and applications,0,2025
https://openalex.org/W4391685891,2024,Synergistic-potential engineering enables high-efficiency graphene photodetectors for near- to mid-infrared light,graphene_2d_materials,Biomedical Engineering,19027259,19027259,0,,W4391685891,10.1038/s41467-024-45498-3,98,69,openalex_v3_query_core,0,,strict,Plasmonic and Surface Plasmon Research,19027259,Plasmonic and Surface Plasmon Research,Plasmonic and Surface Plasmon Research,0,2025
https://openalex.org/W2413253837,2016,1s-intraexcitonic dynamics in monolayer MoS2 probed by ultrafast mid-infrared spectroscopy,graphene_2d_materials,Materials Chemistry,19026997,19026997,0,,W2413253837,10.1038/ncomms10768,97,63,openalex_v3_query_core,0,,strict,2D Materials and Applications,19026997,2D Materials and Applications,2D Materials and Applications,0,2025
https://openalex.org/W2420336433,2016,Large area molybdenum disulphide- epitaxial graphene vertical Van der Waals heterostructures,graphene_2d_materials,Materials Chemistry,18992804,18992804,0,,W2420336433,10.1038/srep26656,97,83,openalex_v3_query_core,0,,strict,Graphene research and applications,18992804,Graphene research and applications,Graphene research and applications,0,2025
https://openalex.org/W2529015006,2016,Interfacial thermal conductance between few to tens of layered-MoS2 and c-Si: Effect of MoS2 thickness,graphene_2d_materials,Materials Chemistry,19026997,19026997,0,,W2529015006,10.1016/j.actamat.2016.09.045,97,63,openalex_v3_query_core,0,,strict,2D Materials and Applications,19026997,2D Materials and Applications,2D Materials and Applications,0,2025
https://openalex.org/W2533366028,2016,Temperature dependence of Raman-active phonons and anharmonic interactions in layered hexagonal BN,graphene_2d_materials,Materials Chemistry,18992804,18992804,0,,W2533366028,10.1103/physrevb.94.155435,97,38,openalex_v3_query_core,0,,strict,Graphene research and applications,18992804,Graphene research and applications,Graphene research and applications,0,2025
https://openalex.org/W2586107431,2017,Nanoscale π–π stacked molecules are bound by collective charge fluctuations,graphene_2d_materials,Physical and Theoretical Chemistry,19113067,19113067,0,,W2586107431,10.1038/ncomms14052,97,61,openalex_v3_query_core,0,,strict,Crystallography and molecular interactions,19113067,Crystallography and molecular interactions,Crystallography and molecular interactions,0,2025
https://openalex.org/W2736413970,2017,First-Principles Prediction of Spin-Polarized Multiple Dirac Rings in Manganese Fluoride,graphene_2d_materials,Materials Chemistry,18992804,18992804,0,,W2736413970,10.1103/physrevlett.119.016403,97,44,openalex_v3_query_core,0,,strict,Graphene research and applications,18992804,Graphene research and applications,Graphene research and applications,0,2025
https://openalex.org/W2749788650,2017,"TiO2-Based Nanoheterostructures for Promoting Gas Sensitivity Performance: Designs, Developments, and Prospects",graphene_2d_materials,Electrical and Electronic Engineering,19061184,19061184,0,,W2749788650,10.3390/s17091971,97,180,openalex_v3_query_core,0,,strict,Gas Sensing Nanomaterials and Sensors,19061184,Gas Sensing Nanomaterials and Sensors,Gas Sensing Nanomaterials and Sensors,0,2025
https://openalex.org/W2807719556,2018,The thermal and thermoelectric properties of in-plane C-BN hybrid structures and graphene/h-BN van der Waals heterostructures,graphene_2d_materials,Materials Chemistry,21275090,21275090,0,,W2807719556,10.1016/j.mtphys.2018.05.006,97,172,openalex_v3_query_core,0,,strict,Thermal properties of materials,21275090,Thermal properties of materials,Thermal properties of materials,0,2025
https://openalex.org/W2901219721,2018,Optical Properties of Graphene/MoS2 Heterostructure: First Principles Calculations,graphene_2d_materials,Materials Chemistry,19026997,19026997,0,,W2901219721,10.3390/nano8110962,97,48,openalex_v3_query_core,0,,strict,2D Materials and Applications,19026997,2D Materials and Applications,2D Materials and Applications,0,2025
https://openalex.org/W2944773172,2019,Extended π-conjugative n-p type homostructural graphitic carbon nitride for photodegradation and charge-storage applications,graphene_2d_materials,"Renewable Energy, Sustainability and the Environment",18992678,18992678,0,,W2944773172,10.1038/s41598-019-43312-5,97,62,openalex_v3_query_core,0,,strict,Advanced Photocatalysis Techniques,18992678,Advanced Photocatalysis Techniques,Advanced Photocatalysis Techniques,0,2025
https://openalex.org/W2952084337,2019,Electrode Materials for High-Performance Sodium-Ion Batteries,graphene_2d_materials,Electrical and Electronic Engineering,18991892,18991892,0,,W2952084337,10.3390/ma12121952,97,328,openalex_v3_query_core,0,,strict,Advancements in Battery Materials,18991892,Advancements in Battery Materials,Advancements in Battery Materials,0,2025
https://openalex.org/W3094928526,2020,Design and Synthesis of Nanostructured Materials for Sensor Applications,graphene_2d_materials,Materials Chemistry,18992674,18992674,0,,W3094928526,10.1155/2020/8855321,97,205,openalex_v3_query_core,0,,strict,Carbon Nanotubes in Composites,18992674,Carbon Nanotubes in Composites,Carbon Nanotubes in Composites,0,2025
https://openalex.org/W3112991348,2020,Recent advances in 2D hexagonal boron nitride (2D-hBN) applied as the basis of electrochemical sensing platforms,graphene_2d_materials,Materials Chemistry,18992804,18992804,0,,W3112991348,10.1007/s00216-020-03068-8,97,93,openalex_v3_query_core,0,,strict,Graphene research and applications,18992804,Graphene research and applications,Graphene research and applications,0,2025
https://openalex.org/W3119321880,2021,Trends in Performance Limits of the HOT Infrared Photodetectors,graphene_2d_materials,Electrical and Electronic Engineering,21343210,21343210,0,,W3119321880,10.3390/app11020501,97,79,openalex_v3_query_core,0,,strict,Advanced Semiconductor Detectors and Materials,21343210,Advanced Semiconductor Detectors and Materials,Advanced Semiconductor Detectors and Materials,0,2025
https://openalex.org/W3144623076,2021,Bright single photon emitters with enhanced quantum efficiency in a two-dimensional semiconductor coupled with dielectric nano-antennas,graphene_2d_materials,Materials Chemistry,19026997,19026997,0,,W3144623076,10.1038/s41467-021-26262-3,97,45,openalex_v3_query_core,0,,strict,2D Materials and Applications,19026997,2D Materials and Applications,2D Materials and Applications,0,2025
https://openalex.org/W4224839102,2022,Gold Nanoparticles Based Optical Biosensors for Cancer Biomarker Proteins: A Review of the Current Practices,graphene_2d_materials,"Electronic, Optical and Magnetic Materials",19009308,19009308,0,,W4224839102,10.3389/fbioe.2022.877193,97,146,openalex_v3_query_core,0,,strict,Gold and Silver Nanoparticles Synthesis and Applications,19009308,Gold and Silver Nanoparticles Synthesis and Applications,Gold and Silver Nanoparticles Synthesis and Applications,0,2025
https://openalex.org/W4296389169,2022,Photoinduced loading of electron-rich Cu single atoms by moderate coordination for hydrogen evolution,graphene_2d_materials,"Renewable Energy, Sustainability and the Environment",18992678,18992678,0,,W4296389169,10.1038/s41467-022-33275-z,97,67,openalex_v3_query_core,0,,strict,Advanced Photocatalysis Techniques,18992678,Advanced Photocatalysis Techniques,Advanced Photocatalysis Techniques,0,2025
https://openalex.org/W4308888447,2022,Excitons and light-emission in semiconducting MoSi2X4 two-dimensional materials,graphene_2d_materials,Materials Chemistry,19026997,19026997,0,,W4308888447,10.1038/s41699-022-00355-z,97,70,openalex_v3_query_core,0,,strict,2D Materials and Applications,19026997,2D Materials and Applications,2D Materials and Applications,0,2025
https://openalex.org/W4320921519,2023,Carbon-Based Nanomaterials for Catalytic Wastewater Treatment: A Review,graphene_2d_materials,"Renewable Energy, Sustainability and the Environment",18992678,18992678,0,,W4320921519,10.3390/molecules28041805,97,124,openalex_v3_query_core,0,,strict,Advanced Photocatalysis Techniques,18992678,Advanced Photocatalysis Techniques,Advanced Photocatalysis Techniques,0,2025
https://openalex.org/W4386161414,2023,Advanced adsorbents for ibuprofen removal from aquatic environments: a review,graphene_2d_materials,Electrical and Electronic Engineering,19061184,19061184,0,,W4386161414,10.1007/s10311-023-01647-6,97,349,openalex_v3_query_core,0,,strict,Gas Sensing Nanomaterials and Sensors,19061184,Gas Sensing Nanomaterials and Sensors,Gas Sensing Nanomaterials and Sensors,0,2025
https://openalex.org/W4390702307,2024,Recent Advances in Nanostructured Materials for Application as Gas Sensors,graphene_2d_materials,Electrical and Electronic Engineering,19061184,19061184,0,,W4390702307,10.1021/acsomega.3c06533,97,192,openalex_v3_query_core,0,,strict,Gas Sensing Nanomaterials and Sensors,19061184,Gas Sensing Nanomaterials and Sensors,Gas Sensing Nanomaterials and Sensors,0,2025
https://openalex.org/W4391255197,2024,A Comprehensive Review of Electromagnetic Interference Shielding Composite Materials,graphene_2d_materials,"Electronic, Optical and Magnetic Materials",21274432,21274432,0,,W4391255197,10.3390/mi15020187,97,181,openalex_v3_query_core,0,,strict,Electromagnetic wave absorption materials,21274432,Electromagnetic wave absorption materials,Electromagnetic wave absorption materials,0,2025
https://openalex.org/W4391450776,2024,Optoelectronic Synapses Based on MXene/Violet Phosphorus van der Waals Heterojunctions for Visual-Olfactory Crossmodal Perception,graphene_2d_materials,Electrical and Electronic Engineering,19077560,19077560,0,,W4391450776,10.1007/s40820-024-01330-7,97,65,openalex_v3_query_core,0,,strict,Advanced Memory and Neural Computing,19077560,Advanced Memory and Neural Computing,Advanced Memory and Neural Computing,0,2025
https://openalex.org/W2146242392,2014,Magnetocaloric effects in a freestanding and flexible graphene-based superlattice synthesized with a spatially confined reaction,graphene_2d_materials,"Electronic, Optical and Magnetic Materials",19130095,19130095,0,,W2146242392,10.1038/ncomms4960,96,50,openalex_v3_query_core,0,,strict,Multiferroics and related materials,19130095,Multiferroics and related materials,Multiferroics and related materials,0,2025
https://openalex.org/W2995590358,2019,Janus PtSSe and graphene heterostructure with tunable Schottky barrier,graphene_2d_materials,Materials Chemistry,19026997,19026997,0,,W2995590358,10.1063/1.5130756,96,55,openalex_v3_query_core,0,,strict,2D Materials and Applications,19026997,2D Materials and Applications,2D Materials and Applications,0,2025
https://openalex.org/W2993999620,2020,Semiconductor to metal transition in two-dimensional gold and its van der Waals heterostack with graphene,graphene_2d_materials,Materials Chemistry,18992804,18992804,0,,W2993999620,10.1038/s41467-020-15683-1,96,47,openalex_v3_query_core,0,,strict,Graphene research and applications,18992804,Graphene research and applications,Graphene research and applications,0,2025
https://openalex.org/W3023395677,2020,Twist-tailoring Coulomb correlations in van der Waals homobilayers,graphene_2d_materials,Materials Chemistry,19026997,19026997,0,,W3023395677,10.1038/s41467-020-16069-z,96,49,openalex_v3_query_core,0,,strict,2D Materials and Applications,19026997,2D Materials and Applications,2D Materials and Applications,0,2025
https://openalex.org/W3026165552,2020,Proton and Li-Ion Permeation through Graphene with Eight-Atom-Ring Defects,graphene_2d_materials,Electrical and Electronic Engineering,18991892,18991892,0,,W3026165552,10.1021/acsnano.0c02496,96,47,openalex_v3_query_core,0,,strict,Advancements in Battery Materials,18991892,Advancements in Battery Materials,Advancements in Battery Materials,0,2025
https://openalex.org/W4205466140,2022,Multi-cycle reconfigurable THz extraordinary optical transmission using chalcogenide metamaterials,graphene_2d_materials,"Electronic, Optical and Magnetic Materials",19026604,19026604,0,,W4205466140,10.29026/oes.2022.210010,96,80,openalex_v3_query_core,0,,strict,Metamaterials and Metasurfaces Applications,19026604,Metamaterials and Metasurfaces Applications,Metamaterials and Metasurfaces Applications,0,2025
https://openalex.org/W4213023847,2022,Counter electrode materials based on carbon nanotubes for dye-sensitized solar cells,graphene_2d_materials,"Renewable Energy, Sustainability and the Environment",18992019,18992019,0,,W4213023847,10.1016/j.rser.2022.112196,96,260,openalex_v3_query_core,0,,strict,TiO2 Photocatalysis and Solar Cells,18992019,TiO2 Photocatalysis and Solar Cells,TiO2 Photocatalysis and Solar Cells,0,2025
https://openalex.org/W4353073426,2023,Nano-enabled solar driven-interfacial evaporation: Advanced design and opportunities,graphene_2d_materials,"Renewable Energy, Sustainability and the Environment",23487943,23487943,0,,W4353073426,10.1007/s12274-023-5488-2,96,221,openalex_v3_query_core,0,,strict,Solar-Powered Water Purification Methods,23487943,Solar-Powered Water Purification Methods,Solar-Powered Water Purification Methods,0,2025
https://openalex.org/W4377157522,2023,Two-Dimensional Metal Halides for X-Ray Detection Applications,graphene_2d_materials,Electrical and Electronic Engineering,19026606,19026606,0,,W4377157522,10.1007/s40820-023-01118-1,96,120,openalex_v3_query_core,0,,strict,Perovskite Materials and Applications,19026606,Perovskite Materials and Applications,Perovskite Materials and Applications,0,2025
https://openalex.org/W4385188334,2023,Temperature-dependent photoconductivity in two-dimensional MoS2 transistors,graphene_2d_materials,Materials Chemistry,19026997,19026997,0,,W4385188334,10.1016/j.mtnano.2023.100382,96,106,openalex_v3_query_core,0,,strict,2D Materials and Applications,19026997,2D Materials and Applications,2D Materials and Applications,0,2025
https://openalex.org/W4388763364,2023,Efficient Electromagnetic Wave Absorption and Thermal Infrared Stealth in PVTMS@MWCNT Nano-Aerogel via Abundant Nano-Sized Cavities and Attenuation Interfaces,graphene_2d_materials,"Electronic, Optical and Magnetic Materials",21274432,21274432,0,,W4388763364,10.1007/s40820-023-01218-y,96,63,openalex_v3_query_core,0,,strict,Electromagnetic wave absorption materials,21274432,Electromagnetic wave absorption materials,Electromagnetic wave absorption materials,0,2025
https://openalex.org/W4402171703,2024,"A review on synthesis of MOF-derived carbon composites: innovations in electrochemical, environmental and electrocatalytic technologies",graphene_2d_materials,Inorganic Chemistry,18992938,18992938,0,,W4402171703,10.1039/d4ra05183a,96,257,openalex_v3_query_core,0,,strict,Metal-Organic Frameworks: Synthesis and Applications,18992938,Metal-Organic Frameworks: Synthesis and Applications,Metal-Organic Frameworks: Synthesis and Applications,0,2025
https://openalex.org/W4403231829,2024,Bimetallic metal–organic frameworks (BMOFs) for dye removal: a review,graphene_2d_materials,Inorganic Chemistry,18992938,18992938,0,,W4403231829,10.1039/d4ra06626j,96,212,openalex_v3_query_core,0,,strict,Metal-Organic Frameworks: Synthesis and Applications,18992938,Metal-Organic Frameworks: Synthesis and Applications,Metal-Organic Frameworks: Synthesis and Applications,0,2025
https://openalex.org/W4406381247,2025,Wearable Biodevices Based on Two-Dimensional Materials: From Flexible Sensors to Smart Integrated Systems,graphene_2d_materials,Biomedical Engineering,19043637,19043637,0,,W4406381247,10.1007/s40820-024-01597-w,96,383,openalex_v3_query_core,0,,strict,Advanced Sensor and Energy Harvesting Materials,19043637,Advanced Sensor and Energy Harvesting Materials,Advanced Sensor and Energy Harvesting Materials,0,2025
https://openalex.org/W2072912287,2015,Polymer-Derived Ceramic Functionalized MoS2 Composite Paper as a Stable Lithium-Ion Battery Electrode,graphene_2d_materials,Electrical and Electronic Engineering,18991892,18991892,0,,W2072912287,10.1038/srep09792,95,62,openalex_v3_query_core,0,,strict,Advancements in Battery Materials,18991892,Advancements in Battery Materials,Advancements in Battery Materials,0,2025
https://openalex.org/W2626512285,2017,Proposal for dark exciton based chemical sensors,graphene_2d_materials,Materials Chemistry,19026997,19026997,0,,W2626512285,10.1038/ncomms14776,95,40,openalex_v3_query_core,0,,strict,2D Materials and Applications,19026997,2D Materials and Applications,2D Materials and Applications,0,2025
https://openalex.org/W2746066676,2017,High-Performance Schottky Diode Gas Sensor Based on the Heterojunction of Three-Dimensional Nanohybrids of Reduced Graphene Oxide–Vertical ZnO Nanorods on an AlGaN/GaN Layer,graphene_2d_materials,Electrical and Electronic Engineering,19061184,19061184,0,,W2746066676,10.1021/acsami.7b06461,95,71,openalex_v3_query_core,0,,strict,Gas Sensing Nanomaterials and Sensors,19061184,Gas Sensing Nanomaterials and Sensors,Gas Sensing Nanomaterials and Sensors,0,2025
https://openalex.org/W2899387025,2018,Ultrafine FeSe nanoparticles embedded into 3D carbon nanofiber aerogels with FeSe/Carbon interface for efficient and long-life sodium storage,graphene_2d_materials,Electrical and Electronic Engineering,18991892,18991892,0,,W2899387025,10.1016/j.carbon.2018.10.091,95,43,openalex_v3_query_core,0,,strict,Advancements in Battery Materials,18991892,Advancements in Battery Materials,Advancements in Battery Materials,0,2025
https://openalex.org/W2901468680,2018,A brief review on plasma for synthesis and processing of electrode materials,graphene_2d_materials,"Electronic, Optical and Magnetic Materials",19009840,19009840,0,,W2901468680,10.1016/j.mtnano.2018.11.002,95,228,openalex_v3_query_core,0,,strict,Supercapacitor Materials and Fabrication,19009840,Supercapacitor Materials and Fabrication,Supercapacitor Materials and Fabrication,0,2025
https://openalex.org/W2981994644,2019,Relative Abundance of Z2 Topological Order in Exfoliable Two-Dimensional Insulators,graphene_2d_materials,"Atomic and Molecular Physics, and Optics",19095381,19095381,0,,W2981994644,10.1021/acs.nanolett.9b02689,95,89,openalex_v3_query_core,0,,strict,Topological Materials and Phenomena,19095381,Topological Materials and Phenomena,Topological Materials and Phenomena,0,2025
https://openalex.org/W2998239932,2019,Giant Valley-Zeeman Splitting from Spin-Singlet and Spin-Triplet Interlayer Excitons in WSe<sub>2</sub>/MoSe<sub>2</sub> Heterostructure,graphene_2d_materials,Materials Chemistry,19026997,19026997,0,,W2998239932,10.1021/acs.nanolett.9b04528,95,98,openalex_v3_query_core,0,,strict,2D Materials and Applications,19026997,2D Materials and Applications,2D Materials and Applications,0,2025
https://openalex.org/W3117220039,2020,Recent Progress and Prospects of Layered Cathode Materials for Potassium‐ion Batteries,graphene_2d_materials,Electrical and Electronic Engineering,18991892,18991892,0,,W3117220039,10.1002/eem2.12166,95,152,openalex_v3_query_core,0,,strict,Advancements in Battery Materials,18991892,Advancements in Battery Materials,Advancements in Battery Materials,0,2025
https://openalex.org/W3009319776,2021,"Honeycomb layered oxides: structure, energy storage, transport, topology and relevant insights",graphene_2d_materials,Condensed Matter Physics,21343860,21343860,0,,W3009319776,10.1039/d0cs00320d,95,462,openalex_v3_query_core,0,,strict,Advanced Condensed Matter Physics,21343860,Advanced Condensed Matter Physics,Advanced Condensed Matter Physics,0,2025
https://openalex.org/W3119305643,2021,Intense Raman D Band without Disorder in Flattened Carbon Nanotubes,graphene_2d_materials,Materials Chemistry,18992674,18992674,0,,W3119305643,10.1021/acsnano.0c06048,95,58,openalex_v3_query_core,0,,strict,Carbon Nanotubes in Composites,18992674,Carbon Nanotubes in Composites,Carbon Nanotubes in Composites,0,2025
https://openalex.org/W3168409868,2021,Two‐dimensional magnetic transition metal chalcogenides,graphene_2d_materials,Materials Chemistry,19026997,19026997,0,,W3168409868,10.1002/smm2.1031,95,109,openalex_v3_query_core,0,,strict,2D Materials and Applications,19026997,2D Materials and Applications,2D Materials and Applications,0,2025
https://openalex.org/W3173951460,2021,Hybrid System Combining Two-Dimensional Materials and Ferroelectrics and Its Application in Photodetection,graphene_2d_materials,Materials Chemistry,19026997,19026997,0,,W3173951460,10.1021/acsnano.1c01735,95,334,openalex_v3_query_core,0,,strict,2D Materials and Applications,19026997,2D Materials and Applications,2D Materials and Applications,0,2025
https://openalex.org/W3197256694,2021,Metal–organic framework thin films as versatile chemical sensing materials,graphene_2d_materials,Inorganic Chemistry,18992938,18992938,0,,W3197256694,10.1039/d1ma00535a,95,255,openalex_v3_query_core,0,,strict,Metal-Organic Frameworks: Synthesis and Applications,18992938,Metal-Organic Frameworks: Synthesis and Applications,Metal-Organic Frameworks: Synthesis and Applications,0,2025
https://openalex.org/W4211173633,2022,Terahertz Reconfigurable Intelligent Surfaces (RISs) for 6G Communication Links,graphene_2d_materials,Electrical and Electronic Engineering,21309151,21309151,0,,W4211173633,10.3390/mi13020285,95,147,openalex_v3_query_core,0,,strict,Advanced Wireless Communication Technologies,21309151,Advanced Wireless Communication Technologies,Advanced Wireless Communication Technologies,0,2025
https://openalex.org/W4283687132,2022,Recent Developments and Future Perspective on Electrochemical Glucose Sensors Based on 2D Materials,graphene_2d_materials,Electrical and Electronic Engineering,19026208,19026208,0,,W4283687132,10.3390/bios12070467,95,211,openalex_v3_query_core,0,,strict,Electrochemical sensors and biosensors,19026208,Electrochemical sensors and biosensors,Electrochemical sensors and biosensors,0,2025
https://openalex.org/W4376225586,2023,Ultrafast charge transfer in mixed-dimensional WO3-x nanowire/WSe2 heterostructures for attomolar-level molecular sensing,graphene_2d_materials,Materials Chemistry,19026997,19026997,0,,W4376225586,10.1038/s41467-023-38198-x,95,49,openalex_v3_query_core,0,,strict,2D Materials and Applications,19026997,2D Materials and Applications,2D Materials and Applications,0,2025
https://openalex.org/W4385496633,2023,Retinomorphic hardware for in‐sensor computing,graphene_2d_materials,Electrical and Electronic Engineering,19077560,19077560,0,,W4385496633,10.1002/inf2.12473,95,100,openalex_v3_query_core,0,,strict,Advanced Memory and Neural Computing,19077560,Advanced Memory and Neural Computing,Advanced Memory and Neural Computing,0,2025
https://openalex.org/W4386278567,2023,Recent progress on two-dimensional van der Waals heterostructures for photocatalytic water splitting: a selective review,graphene_2d_materials,Materials Chemistry,19026997,19026997,0,,W4386278567,10.1088/1361-6463/acf506,95,221,openalex_v3_query_core,0,,strict,2D Materials and Applications,19026997,2D Materials and Applications,2D Materials and Applications,0,2025
https://openalex.org/W4389095845,2023,Ferromagnetic Elements in Two‐Dimensional Materials: 2D Magnets and Beyond,graphene_2d_materials,Materials Chemistry,19026997,19026997,0,,W4389095845,10.1002/adfm.202309046,95,295,openalex_v3_query_core,0,,strict,2D Materials and Applications,19026997,2D Materials and Applications,2D Materials and Applications,0,2025
https://openalex.org/W4391836232,2024,Recent advances in two-dimensional nanomaterials for sustainable wearable electronic devices,graphene_2d_materials,Biomedical Engineering,19043637,19043637,0,,W4391836232,10.1186/s12951-023-02274-7,95,112,openalex_v3_query_core,0,,strict,Advanced Sensor and Energy Harvesting Materials,19043637,Advanced Sensor and Energy Harvesting Materials,Advanced Sensor and Energy Harvesting Materials,0,2025
https://openalex.org/W4392886373,2024,Spatial engineering of single-atom Fe adjacent to Cu-assisted nanozymes for biomimetic O2 activation,graphene_2d_materials,Materials Chemistry,23539420,23539420,0,,W4392886373,10.1038/s41467-024-46528-w,95,70,openalex_v3_query_core,0,,strict,Advanced Nanomaterials in Catalysis,23539420,Advanced Nanomaterials in Catalysis,Advanced Nanomaterials in Catalysis,0,2025
https://openalex.org/W4398251901,2024,Two-Dimensional Materials for Highly Efficient and Stable Perovskite Solar Cells,graphene_2d_materials,Electrical and Electronic Engineering,19026606,19026606,0,,W4398251901,10.1007/s40820-024-01417-1,95,233,openalex_v3_query_core,0,,strict,Perovskite Materials and Applications,19026606,Perovskite Materials and Applications,Perovskite Materials and Applications,0,2025
https://openalex.org/W4399141347,2024,Transfer of 2D Films: From Imperfection to Perfection,graphene_2d_materials,Materials Chemistry,19026997,19026997,0,,W4399141347,10.1021/acsnano.4c00590,95,222,openalex_v3_query_core,0,,strict,2D Materials and Applications,19026997,2D Materials and Applications,2D Materials and Applications,0,2025
https://openalex.org/W4400429700,2024,Flexible tungsten disulfide superstructure engineering for efficient alkaline hydrogen evolution in anion exchange membrane water electrolysers,graphene_2d_materials,"Renewable Energy, Sustainability and the Environment",18992146,18992146,0,,W4400429700,10.1038/s41467-024-50117-2,95,87,openalex_v3_query_core,0,,strict,Electrocatalysts for Energy Conversion,18992146,Electrocatalysts for Energy Conversion,Electrocatalysts for Energy Conversion,0,2025
https://openalex.org/W4404998488,2024,Revolutionizing wearable technology: advanced fabrication techniques for body-conformable electronics,graphene_2d_materials,Biomedical Engineering,19043637,19043637,0,,W4404998488,10.1038/s41528-024-00370-8,95,188,openalex_v3_query_core,0,,strict,Advanced Sensor and Energy Harvesting Materials,19043637,Advanced Sensor and Energy Harvesting Materials,Advanced Sensor and Energy Harvesting Materials,0,2025
https://openalex.org/W4406382487,2025,"Flash Joule heating for synthesis, upcycling and remediation",graphene_2d_materials,Inorganic Chemistry,19043894,19043894,0,,W4406382487,10.1038/s44359-024-00002-4,95,174,openalex_v3_query_core,0,,strict,Zeolite Catalysis and Synthesis,19043894,Zeolite Catalysis and Synthesis,Zeolite Catalysis and Synthesis,0,2025
https://openalex.org/W2137169533,2014,"A critical review of nanohybrids: synthesis, applications and environmental implications",graphene_2d_materials,Materials Chemistry,18992679,18992679,0,,W2137169533,10.1071/en14127,94,201,openalex_v3_query_core,0,,strict,Nanoparticles: synthesis and applications,18992679,Nanoparticles: synthesis and applications,Nanoparticles: synthesis and applications,0,2025
https://openalex.org/W1469939955,2015,Robust Direct Bandgap Characteristics of One- and Two-Dimensional ReS2,graphene_2d_materials,Materials Chemistry,19026997,19026997,0,,W1469939955,10.1038/srep13783,94,39,openalex_v3_query_core,0,,strict,2D Materials and Applications,19026997,2D Materials and Applications,2D Materials and Applications,0,2025
https://openalex.org/W2575204430,2017,Spectroscopic evidence for bulk-band inversion and three-dimensional massive Dirac fermions in ZrTe <sub>5</sub>,graphene_2d_materials,"Atomic and Molecular Physics, and Optics",19095381,19095381,0,,W2575204430,10.1073/pnas.1613110114,94,61,openalex_v3_query_core,0,,strict,Topological Materials and Phenomena,19095381,Topological Materials and Phenomena,Topological Materials and Phenomena,0,2025
https://openalex.org/W2739227479,2017,2D material liquid crystals for optoelectronics and photonics,graphene_2d_materials,Mechanical Engineering,21360371,21360371,0,,W2739227479,10.1039/c7tc02549a,94,99,openalex_v3_query_core,0,,strict,Advanced Materials and Mechanics,21360371,Advanced Materials and Mechanics,Advanced Materials and Mechanics,0,2025
https://openalex.org/W2898895142,2018,Van der Waals junction field effect transistors with both n- and p-channel transition metal dichalcogenides,graphene_2d_materials,Materials Chemistry,19026997,19026997,0,,W2898895142,10.1038/s41699-018-0082-2,94,55,openalex_v3_query_core,0,,strict,2D Materials and Applications,19026997,2D Materials and Applications,2D Materials and Applications,0,2025
https://openalex.org/W2942869339,2019,Quantum computing with graphene plasmons,graphene_2d_materials,Artificial Intelligence,18992015,18992015,0,,W2942869339,10.1038/s41534-019-0150-2,94,46,openalex_v3_query_core,0,,strict,Quantum Information and Cryptography,18992015,Quantum Information and Cryptography,Quantum Information and Cryptography,0,2025
https://openalex.org/W2942890772,2019,Black phosphorus electronic and optoelectronic devices,graphene_2d_materials,Materials Chemistry,19026997,19026997,0,,W2942890772,10.1088/2053-1583/ab1ebd,94,118,openalex_v3_query_core,0,,strict,2D Materials and Applications,19026997,2D Materials and Applications,2D Materials and Applications,0,2025
https://openalex.org/W2971717624,2019,Recent Progress on Exciton Polaritons in Layered Transition‐Metal Dichalcogenides,graphene_2d_materials,"Atomic and Molecular Physics, and Optics",23591034,23591034,0,,W2971717624,10.1002/adom.201901003,94,146,openalex_v3_query_core,0,,strict,Strong Light-Matter Interactions,23591034,Strong Light-Matter Interactions,Strong Light-Matter Interactions,0,2025
https://openalex.org/W2971835773,2019,Bacterially synthesized tellurium nanostructures for broadband ultrafast nonlinear optical applications,graphene_2d_materials,"Atomic and Molecular Physics, and Optics",19147258,19147258,0,,W2971835773,10.1038/s41467-019-11898-z,94,42,openalex_v3_query_core,0,,strict,Advanced Fiber Laser Technologies,19147258,Advanced Fiber Laser Technologies,Advanced Fiber Laser Technologies,0,2025
https://openalex.org/W3108833203,2020,Hofstadter Topology: Noncrystalline Topological Materials at High Flux,graphene_2d_materials,"Atomic and Molecular Physics, and Optics",19095381,19095381,0,,W3108833203,10.1103/physrevlett.125.236804,94,69,openalex_v3_query_core,0,,strict,Topological Materials and Phenomena,19095381,Topological Materials and Phenomena,Topological Materials and Phenomena,0,2025
https://openalex.org/W3048841497,2021,Moiré metrology of energy landscapes in van der Waals heterostructures,graphene_2d_materials,Materials Chemistry,19026997,19026997,0,,W3048841497,10.1038/s41467-020-20428-1,94,61,openalex_v3_query_core,0,,strict,2D Materials and Applications,19026997,2D Materials and Applications,2D Materials and Applications,0,2025
https://openalex.org/W3197272998,2021,There is plenty of room at the top: generation of hot charge carriers and their applications in perovskite and other semiconductor-based optoelectronic devices,graphene_2d_materials,Electrical and Electronic Engineering,19026606,19026606,0,,W3197272998,10.1038/s41377-021-00609-3,94,158,openalex_v3_query_core,0,,strict,Perovskite Materials and Applications,19026606,Perovskite Materials and Applications,Perovskite Materials and Applications,0,2025
https://openalex.org/W4317722166,2023,Photosensitive ion channels in layered MXene membranes modified with plasmonic gold nanostars and cellulose nanofibers,graphene_2d_materials,Materials Chemistry,23488465,23488465,0,,W4317722166,10.1038/s41467-023-36039-5,94,52,openalex_v3_query_core,0,,strict,MXene and MAX Phase Materials,23488465,MXene and MAX Phase Materials,MXene and MAX Phase Materials,0,2025
https://openalex.org/W4319457688,2023,"2D Materials Boost Advanced Zn Anodes: Principles, Advances, and Challenges",graphene_2d_materials,Electrical and Electronic Engineering,21343989,21343989,0,,W4319457688,10.1007/s40820-023-01021-9,94,123,openalex_v3_query_core,0,,strict,Advanced battery technologies research,21343989,Advanced battery technologies research,Advanced battery technologies research,0,2025
https://openalex.org/W4362699365,2023,Biomass Photoreforming for Hydrogen and Value‐Added Chemicals Co‐Production on Hierarchically Porous Photocatalysts,graphene_2d_materials,"Renewable Energy, Sustainability and the Environment",18992678,18992678,0,,W4362699365,10.1002/aenm.202300257,94,262,openalex_v3_query_core,0,,strict,Advanced Photocatalysis Techniques,18992678,Advanced Photocatalysis Techniques,Advanced Photocatalysis Techniques,0,2025
https://openalex.org/W4366589804,2023,Electrical control of hybrid exciton transport in a van der Waals heterostructure,graphene_2d_materials,Materials Chemistry,19026997,19026997,0,,W4366589804,10.1038/s41566-023-01198-w,94,46,openalex_v3_query_core,0,,strict,2D Materials and Applications,19026997,2D Materials and Applications,2D Materials and Applications,0,2025
https://openalex.org/W4405664597,2024,Advancements in 2D layered material memristors: unleashing their potential beyond memory,graphene_2d_materials,Electrical and Electronic Engineering,19077560,19077560,0,,W4405664597,10.1038/s41699-024-00522-4,94,212,openalex_v3_query_core,0,,strict,Advanced Memory and Neural Computing,19077560,Advanced Memory and Neural Computing,Advanced Memory and Neural Computing,0,2025
https://openalex.org/W2070750670,2013,Carbon Nanotube FET Technology for Radio-Frequency Electronics: State-of-the-Art Overview,graphene_2d_materials,Materials Chemistry,18992804,18992804,0,,W2070750670,10.1109/jeds.2013.2244641,93,81,openalex_v3_query_core,0,,strict,Graphene research and applications,18992804,Graphene research and applications,Graphene research and applications,0,2025
https://openalex.org/W1972789552,2014,Transition Metal Dichalcogenide Growth via Close Proximity Precursor Supply,graphene_2d_materials,Materials Chemistry,19026997,19026997,0,,W1972789552,10.1038/srep07374,93,60,openalex_v3_query_core,0,,strict,2D Materials and Applications,19026997,2D Materials and Applications,2D Materials and Applications,0,2025
https://openalex.org/W2314186405,2016,Graphene/GaSe-Nanosheet Hybrid: Towards High Gain and Fast Photoresponse,graphene_2d_materials,Materials Chemistry,19026997,19026997,0,,W2314186405,10.1038/srep19161,93,39,openalex_v3_query_core,0,,strict,2D Materials and Applications,19026997,2D Materials and Applications,2D Materials and Applications,0,2025
https://openalex.org/W2621029128,2017,A kinetic Monte Carlo simulation method of van der Waals epitaxy for atomistic nucleation-growth processes of transition metal dichalcogenides,graphene_2d_materials,Materials Chemistry,19026997,19026997,0,,W2621029128,10.1038/s41598-017-02919-2,93,64,openalex_v3_query_core,0,,strict,2D Materials and Applications,19026997,2D Materials and Applications,2D Materials and Applications,0,2025
https://openalex.org/W2770420164,2017,Synthesis of uniform single layer WS2 for tunable photoluminescence,graphene_2d_materials,Materials Chemistry,19026997,19026997,0,,W2770420164,10.1038/s41598-017-16251-2,93,53,openalex_v3_query_core,0,,strict,2D Materials and Applications,19026997,2D Materials and Applications,2D Materials and Applications,0,2025
https://openalex.org/W2797088867,2018,MnSb<sub>2</sub>S<sub>4</sub> Monolayer as an Anode Material for Metal-Ion Batteries,graphene_2d_materials,Electrical and Electronic Engineering,18991892,18991892,0,,W2797088867,10.1021/acs.chemmater.7b05311,93,48,openalex_v3_query_core,0,,strict,Advancements in Battery Materials,18991892,Advancements in Battery Materials,Advancements in Battery Materials,0,2025
https://openalex.org/W2808296014,2018,<i>Ab initio</i> molecular dynamics of atomic-scale surface reactions: insights into metal organic chemical vapor deposition of AlN on graphene,graphene_2d_materials,Materials Chemistry,18992804,18992804,0,,W2808296014,10.1039/c8cp02786b,93,59,openalex_v3_query_core,0,,strict,Graphene research and applications,18992804,Graphene research and applications,Graphene research and applications,0,2025
https://openalex.org/W2943824423,2019,Quantifying Polymer Chain Orientation in Strong and Tough Nanofibers with Low Crystallinity: Toward Next Generation Nanostructured Superfibers,graphene_2d_materials,Biomaterials,19112151,19112151,0,,W2943824423,10.1021/acsnano.8b08725,93,233,openalex_v3_query_core,0,,strict,Electrospun Nanofibers in Biomedical Applications,19112151,Electrospun Nanofibers in Biomedical Applications,Electrospun Nanofibers in Biomedical Applications,0,2025
https://openalex.org/W2945344493,2019,Recent Progress on Metal Sulfide Composite Nanomaterials for Photocatalytic Hydrogen Production,graphene_2d_materials,"Renewable Energy, Sustainability and the Environment",18992678,18992678,0,,W2945344493,10.3390/catal9050457,93,128,openalex_v3_query_core,0,,strict,Advanced Photocatalysis Techniques,18992678,Advanced Photocatalysis Techniques,Advanced Photocatalysis Techniques,0,2025
https://openalex.org/W2975526747,2019,Soliton superlattices in twisted hexagonal boron nitride,graphene_2d_materials,Materials Chemistry,19026997,19026997,0,,W2975526747,10.1038/s41467-019-12327-x,93,55,openalex_v3_query_core,0,,strict,2D Materials and Applications,19026997,2D Materials and Applications,2D Materials and Applications,0,2025
https://openalex.org/W2996900025,2020,Ultrafast charge ordering by self-amplified exciton–phonon dynamics in TiSe2,graphene_2d_materials,Materials Chemistry,19026997,19026997,0,,W2996900025,10.1038/s41467-019-13672-7,93,123,openalex_v3_query_core,0,,strict,2D Materials and Applications,19026997,2D Materials and Applications,2D Materials and Applications,0,2025
https://openalex.org/W3008019330,2020,Graphene-based Materials in Gas Sensor Applications: A Review,graphene_2d_materials,Electrical and Electronic Engineering,19061184,19061184,0,,W3008019330,10.18494/sam.2020.2492,93,91,openalex_v3_query_core,0,,strict,Gas Sensing Nanomaterials and Sensors,19061184,Gas Sensing Nanomaterials and Sensors,Gas Sensing Nanomaterials and Sensors,0,2025
https://openalex.org/W3088443125,2020,Probing magnetism in atomically thin semiconducting PtSe2,graphene_2d_materials,Materials Chemistry,19026997,19026997,0,,W3088443125,10.1038/s41467-020-18521-6,93,56,openalex_v3_query_core,0,,strict,2D Materials and Applications,19026997,2D Materials and Applications,2D Materials and Applications,0,2025
https://openalex.org/W3089196870,2020,Orthogonal colloidal quantum dot inks enable efficient multilayer optoelectronic devices,graphene_2d_materials,Materials Chemistry,19043499,19043499,0,,W3089196870,10.1038/s41467-020-18655-7,93,43,openalex_v3_query_core,0,,strict,Quantum Dots Synthesis And Properties,19043499,Quantum Dots Synthesis And Properties,Quantum Dots Synthesis And Properties,0,2025
https://openalex.org/W3098387324,2020,Sensitive capacitive pressure sensors based on graphene membrane arrays,graphene_2d_materials,Materials Chemistry,18992804,18992804,0,,W3098387324,10.1038/s41378-020-00212-3,93,48,openalex_v3_query_core,0,,strict,Graphene research and applications,18992804,Graphene research and applications,Graphene research and applications,0,2025
https://openalex.org/W4223604478,2022,2D spontaneous valley polarization from inversion symmetric single-layer lattices,graphene_2d_materials,Materials Chemistry,19026997,19026997,0,,W4223604478,10.1038/s41524-022-00748-0,93,56,openalex_v3_query_core,0,,strict,2D Materials and Applications,19026997,2D Materials and Applications,2D Materials and Applications,0,2025
https://openalex.org/W4289717669,2022,Microcavity exciton polaritons at room temperature,graphene_2d_materials,"Atomic and Molecular Physics, and Optics",23591034,23591034,0,,W4289717669,10.3788/pi.2022.r04,93,470,openalex_v3_query_core,0,,strict,Strong Light-Matter Interactions,23591034,Strong Light-Matter Interactions,Strong Light-Matter Interactions,0,2025
https://openalex.org/W4221148295,2023,Excitons in mesoscopically reconstructed moiré heterostructures,graphene_2d_materials,Materials Chemistry,19026997,19026997,0,,W4221148295,10.1038/s41565-023-01356-9,93,79,openalex_v3_query_core,0,,strict,2D Materials and Applications,19026997,2D Materials and Applications,2D Materials and Applications,0,2025
https://openalex.org/W4324133111,2023,"Resistive random access memory: introduction to device mechanism, materials and application to neuromorphic computing",graphene_2d_materials,Electrical and Electronic Engineering,19077560,19077560,0,,W4324133111,10.1186/s11671-023-03775-y,93,353,openalex_v3_query_core,0,,strict,Advanced Memory and Neural Computing,19077560,Advanced Memory and Neural Computing,Advanced Memory and Neural Computing,0,2025
https://openalex.org/W4380422115,2023,Emerging Spintronic Materials and Functionalities,graphene_2d_materials,Electrical and Electronic Engineering,19026606,19026606,0,,W4380422115,10.1002/adma.202301854,93,365,openalex_v3_query_core,0,,strict,Perovskite Materials and Applications,19026606,Perovskite Materials and Applications,Perovskite Materials and Applications,0,2025
https://openalex.org/W4387609563,2023,Unraveling and leveraging in situ surface amorphization for enhanced hydrogen evolution reaction in alkaline media,graphene_2d_materials,"Renewable Energy, Sustainability and the Environment",18992146,18992146,0,,W4387609563,10.1038/s41467-023-42221-6,93,66,openalex_v3_query_core,0,,strict,Electrocatalysts for Energy Conversion,18992146,Electrocatalysts for Energy Conversion,Electrocatalysts for Energy Conversion,0,2025
https://openalex.org/W4389889369,2023,Rheology in Product Development: An Insight into 3D Printing of Hydrogels and Aerogels,graphene_2d_materials,Biomedical Engineering,21258184,21258184,0,,W4389889369,10.3390/gels9120986,93,215,openalex_v3_query_core,0,,strict,3D Printing in Biomedical Research,21258184,3D Printing in Biomedical Research,3D Printing in Biomedical Research,0,2025
https://openalex.org/W4406147492,2025,Key degradation mechanisms of perovskite solar cells and strategies for enhanced stability: issues and prospects,graphene_2d_materials,Electrical and Electronic Engineering,19026606,19026606,0,,W4406147492,10.1039/d4ra07942f,93,175,openalex_v3_query_core,0,,strict,Perovskite Materials and Applications,19026606,Perovskite Materials and Applications,Perovskite Materials and Applications,0,2025
https://openalex.org/W2243036669,2013,Advances in Graphene Science,graphene_2d_materials,Biomedical Engineering,23591170,23591170,0,,W2243036669,10.5772/51689,92,0,openalex_v3_query_core,0,,strict,Graphene and Nanomaterials Applications,23591170,Graphene and Nanomaterials Applications,Graphene and Nanomaterials Applications,0,2025
https://openalex.org/W1991894422,2014,Band gap tunning in BN-doped graphene systems with high carrier mobility,graphene_2d_materials,Materials Chemistry,18992804,18992804,0,,W1991894422,10.1063/1.4866383,92,47,openalex_v3_query_core,0,,strict,Graphene research and applications,18992804,Graphene research and applications,Graphene research and applications,0,2025
https://openalex.org/W2289612830,2016,Inversion of Spin Signal and Spin Filtering in Ferromagnet|Hexagonal Boron Nitride-Graphene van der Waals Heterostructures,graphene_2d_materials,Materials Chemistry,18992804,18992804,0,,W2289612830,10.1038/srep21168,92,66,openalex_v3_query_core,0,,strict,Graphene research and applications,18992804,Graphene research and applications,Graphene research and applications,0,2025
https://openalex.org/W2795140757,2018,Bias-switchable negative and positive photoconductivity in 2D FePS <sub>3</sub> ultraviolet photodetectors,graphene_2d_materials,Materials Chemistry,19026997,19026997,0,,W2795140757,10.1088/1361-6528/aab9d2,92,39,openalex_v3_query_core,0,,strict,2D Materials and Applications,19026997,2D Materials and Applications,2D Materials and Applications,0,2025
https://openalex.org/W2798661714,2018,High-order fractal states in graphene superlattices,graphene_2d_materials,Materials Chemistry,18992804,18992804,0,,W2798661714,10.1073/pnas.1804572115,92,44,openalex_v3_query_core,0,,strict,Graphene research and applications,18992804,Graphene research and applications,Graphene research and applications,0,2025
https://openalex.org/W2889367715,2018,Layered Trichalcogenidophosphate: A New Catalyst Family for Water Splitting,graphene_2d_materials,"Renewable Energy, Sustainability and the Environment",18992678,18992678,0,,W2889367715,10.1007/s40820-018-0220-6,92,86,openalex_v3_query_core,0,,strict,Advanced Photocatalysis Techniques,18992678,Advanced Photocatalysis Techniques,Advanced Photocatalysis Techniques,0,2025
https://openalex.org/W2965138129,2019,Isolating hydrogen in hexagonal boron nitride bubbles by a plasma treatment,graphene_2d_materials,Materials Chemistry,21291852,21291852,0,,W2965138129,10.1038/s41467-019-10660-9,92,39,openalex_v3_query_core,0,,strict,Boron and Carbon Nanomaterials Research,21291852,Boron and Carbon Nanomaterials Research,Boron and Carbon Nanomaterials Research,0,2025
https://openalex.org/W2995247455,2019,Experimental and DFT Studies of Au Deposition Over WO3/g-C3N4 Z-Scheme Heterojunction,graphene_2d_materials,"Renewable Energy, Sustainability and the Environment",18992678,18992678,0,,W2995247455,10.1007/s40820-019-0345-2,92,68,openalex_v3_query_core,0,,strict,Advanced Photocatalysis Techniques,18992678,Advanced Photocatalysis Techniques,Advanced Photocatalysis Techniques,0,2025
https://openalex.org/W2981166336,2020,Gate-tunable spin-galvanic effect in graphene-topological insulator van der Waals heterostructures at room temperature,graphene_2d_materials,"Atomic and Molecular Physics, and Optics",19095381,19095381,0,,W2981166336,10.1038/s41467-020-17481-1,92,43,openalex_v3_query_core,0,,strict,Topological Materials and Phenomena,19095381,Topological Materials and Phenomena,Topological Materials and Phenomena,0,2025
https://openalex.org/W3022214301,2020,Two-Dimensional Unipolar Memristors with Logic and Memory Functions,graphene_2d_materials,Electrical and Electronic Engineering,19077560,19077560,0,,W3022214301,10.1021/acs.nanolett.0c00002,92,41,openalex_v3_query_core,0,,strict,Advanced Memory and Neural Computing,19077560,Advanced Memory and Neural Computing,Advanced Memory and Neural Computing,0,2025
https://openalex.org/W3091268898,2020,"Anisotropic quasi-one-dimensional layered transition-metal trichalcogenides: synthesis, properties and applications",graphene_2d_materials,Materials Chemistry,19026997,19026997,0,,W3091268898,10.1039/d0ra07160a,92,172,openalex_v3_query_core,0,,strict,2D Materials and Applications,19026997,2D Materials and Applications,2D Materials and Applications,0,2025
https://openalex.org/W3106852064,2020,Directly visualizing the momentum-forbidden dark excitons and their dynamics in atomically thin semiconductors,graphene_2d_materials,Materials Chemistry,19026997,19026997,0,,W3106852064,,92,68,openalex_v3_query_core,0,,strict,2D Materials and Applications,19026997,2D Materials and Applications,2D Materials and Applications,0,2025
https://openalex.org/W3099779208,2021,Interaction-Stabilized Topological Magnon Insulator in Ferromagnets,graphene_2d_materials,"Atomic and Molecular Physics, and Optics",19095381,19095381,0,,W3099779208,10.1103/physrevx.11.021061,92,162,openalex_v3_query_core,0,,strict,Topological Materials and Phenomena,19095381,Topological Materials and Phenomena,Topological Materials and Phenomena,0,2025
https://openalex.org/W3186757480,2021,Experimental observation of topological Z2 exciton-polaritons in transition metal dichalcogenide monolayers,graphene_2d_materials,"Atomic and Molecular Physics, and Optics",23591034,23591034,0,,W3186757480,10.1038/s41467-021-24728-y,92,118,openalex_v3_query_core,0,,strict,Strong Light-Matter Interactions,23591034,Strong Light-Matter Interactions,Strong Light-Matter Interactions,0,2025
https://openalex.org/W4213438180,2022,Evaluating the effectiveness of<i>in situ</i>characterization techniques in overcoming mechanistic limitations in lithium–sulfur batteries,graphene_2d_materials,Electrical and Electronic Engineering,19027124,19027124,0,,W4213438180,10.1039/d1ee03396d,92,235,openalex_v3_query_core,0,,strict,Advanced Battery Materials and Technologies,19027124,Advanced Battery Materials and Technologies,Advanced Battery Materials and Technologies,0,2025
https://openalex.org/W4220667657,2022,Hybrid Dirac semimetal-based photodetector with efficient low-energy photon harvesting,graphene_2d_materials,"Atomic and Molecular Physics, and Optics",19095381,19095381,0,,W4220667657,10.1038/s41377-022-00741-8,92,66,openalex_v3_query_core,0,,strict,Topological Materials and Phenomena,19095381,Topological Materials and Phenomena,Topological Materials and Phenomena,0,2025
https://openalex.org/W4221145137,2022,Data-driven discovery of high performance layered van der Waals piezoelectric NbOI2,graphene_2d_materials,Materials Chemistry,19026997,19026997,0,,W4221145137,10.1038/s41467-022-29495-y,92,75,openalex_v3_query_core,0,,strict,2D Materials and Applications,19026997,2D Materials and Applications,2D Materials and Applications,0,2025
https://openalex.org/W4304128546,2022,2D Van der Waals Heterostructures for Chemical Sensing,graphene_2d_materials,Materials Chemistry,19026997,19026997,0,,W4304128546,10.1002/adfm.202207065,92,179,openalex_v3_query_core,0,,strict,2D Materials and Applications,19026997,2D Materials and Applications,2D Materials and Applications,0,2025
https://openalex.org/W4310136779,2022,Oxygen vacancy-mediated WO3 phase junction to steering photogenerated charge separation for enhanced water splitting,graphene_2d_materials,"Renewable Energy, Sustainability and the Environment",18992678,18992678,0,,W4310136779,10.1007/s40145-022-0653-8,92,56,openalex_v3_query_core,0,,strict,Advanced Photocatalysis Techniques,18992678,Advanced Photocatalysis Techniques,Advanced Photocatalysis Techniques,0,2025
https://openalex.org/W4386168825,2023,Gate-tunable Josephson diode in proximitized InAs supercurrent interferometers,graphene_2d_materials,Condensed Matter Physics,18992153,18992153,0,,W4386168825,10.1103/physrevresearch.5.033131,92,73,openalex_v3_query_core,0,,strict,Physics of Superconductivity and Magnetism,18992153,Physics of Superconductivity and Magnetism,Physics of Superconductivity and Magnetism,0,2025
https://openalex.org/W4388625851,2023,A large-scale integrated vector–matrix multiplication processor based on monolayer molybdenum disulfide memories,graphene_2d_materials,Electrical and Electronic Engineering,19077560,19077560,0,,W4388625851,10.1038/s41928-023-01064-1,92,44,openalex_v3_query_core,0,,strict,Advanced Memory and Neural Computing,19077560,Advanced Memory and Neural Computing,Advanced Memory and Neural Computing,0,2025
https://openalex.org/W4389152072,2023,Donor-acceptor-based conjugated polymers for photocatalytic energy conversion,graphene_2d_materials,"Renewable Energy, Sustainability and the Environment",18992678,18992678,0,,W4389152072,10.1016/j.enchem.2023.100116,92,291,openalex_v3_query_core,0,,strict,Advanced Photocatalysis Techniques,18992678,Advanced Photocatalysis Techniques,Advanced Photocatalysis Techniques,0,2025
https://openalex.org/W4402189208,2024,Optoelectronic synapses with chemical-electric behaviors in gallium nitride semiconductors for biorealistic neuromorphic functionality,graphene_2d_materials,Electrical and Electronic Engineering,19077560,19077560,0,,W4402189208,10.1038/s41467-024-51194-z,92,59,openalex_v3_query_core,0,,strict,Advanced Memory and Neural Computing,19077560,Advanced Memory and Neural Computing,Advanced Memory and Neural Computing,0,2025
https://openalex.org/W2117092799,2014,Controllable Schottky Barriers between MoS2 and Permalloy,graphene_2d_materials,Materials Chemistry,19026997,19026997,0,,W2117092799,10.1038/srep06928,91,51,openalex_v3_query_core,0,,strict,2D Materials and Applications,19026997,2D Materials and Applications,2D Materials and Applications,0,2025
https://openalex.org/W2730529375,2017,Understanding contact gating in Schottky barrier transistors from 2D channels,graphene_2d_materials,Materials Chemistry,19026997,19026997,0,,W2730529375,10.1038/s41598-017-12816-3,91,51,openalex_v3_query_core,0,,strict,2D Materials and Applications,19026997,2D Materials and Applications,2D Materials and Applications,0,2025
https://openalex.org/W2738243060,2017,Observing Imperfection in Atomic Interfaces for van der Waals Heterostructures,graphene_2d_materials,Materials Chemistry,19026997,19026997,0,,W2738243060,10.1021/acs.nanolett.7b01248,91,54,openalex_v3_query_core,0,,strict,2D Materials and Applications,19026997,2D Materials and Applications,2D Materials and Applications,0,2025
https://openalex.org/W2892518824,2018,Carrier density and disorder tuned superconductor-metal transition in a two-dimensional electron system,graphene_2d_materials,Materials Chemistry,23574796,23574796,0,,W2892518824,10.1038/s41467-018-06444-2,91,41,openalex_v3_query_core,0,,strict,Electronic and Structural Properties of Oxides,23574796,Electronic and Structural Properties of Oxides,Electronic and Structural Properties of Oxides,0,2025
https://openalex.org/W2968635039,2019,Functionalization of 2D materials for enhancing OER/ORR catalytic activity in Li–oxygen batteries,graphene_2d_materials,Materials Chemistry,23488465,23488465,0,,W2968635039,10.1038/s42004-019-0196-2,91,66,openalex_v3_query_core,0,,strict,MXene and MAX Phase Materials,23488465,MXene and MAX Phase Materials,MXene and MAX Phase Materials,0,2025
https://openalex.org/W3000608294,2020,Strong Light–Matter Interactions Enabled by Polaritons in Atomically Thin Materials,graphene_2d_materials,"Atomic and Molecular Physics, and Optics",23591034,23591034,0,,W3000608294,10.1002/adom.201901473,91,292,openalex_v3_query_core,0,,strict,Strong Light-Matter Interactions,23591034,Strong Light-Matter Interactions,Strong Light-Matter Interactions,0,2025
https://openalex.org/W3048781796,2020,Unique cellular network formation guided by heterostructures based on reduced graphene oxide - Ti3C2Tx MXene hydrogels,graphene_2d_materials,Materials Chemistry,23488465,23488465,0,,W3048781796,10.1016/j.actbio.2020.08.010,91,65,openalex_v3_query_core,0,,strict,MXene and MAX Phase Materials,23488465,MXene and MAX Phase Materials,MXene and MAX Phase Materials,0,2025
https://openalex.org/W3205165421,2021,Electronic and optical properties of bulk and surface of CsPbBr3 inorganic halide perovskite a first principles DFT 1/2 approach,graphene_2d_materials,Electrical and Electronic Engineering,19026606,19026606,0,,W3205165421,10.1038/s41598-021-99551-y,91,81,openalex_v3_query_core,0,,strict,Perovskite Materials and Applications,19026606,Perovskite Materials and Applications,Perovskite Materials and Applications,0,2025
https://openalex.org/W4210925396,2022,Ruddlesden–Popper 2D perovskites of type (C6H9C2H4NH3)2(CH3NH3)n−1PbnI3n+1 (n = 1–4) for optoelectronic applications,graphene_2d_materials,Electrical and Electronic Engineering,19026606,19026606,0,,W4210925396,10.1038/s41598-022-06108-8,91,75,openalex_v3_query_core,0,,strict,Perovskite Materials and Applications,19026606,Perovskite Materials and Applications,Perovskite Materials and Applications,0,2025
https://openalex.org/W4293224283,2022,The mechanisms and applications of friction energy dissipation,graphene_2d_materials,"Atomic and Molecular Physics, and Optics",19146467,19146467,0,,W4293224283,10.1007/s40544-022-0639-0,91,151,openalex_v3_query_core,0,,strict,Force Microscopy Techniques and Applications,19146467,Force Microscopy Techniques and Applications,Force Microscopy Techniques and Applications,0,2025
https://openalex.org/W4294733406,2022,Ultrathin ferrite nanosheets for room-temperature two-dimensional magnetic semiconductors,graphene_2d_materials,Materials Chemistry,19146466,19146466,0,,W4294733406,10.1038/s41467-022-33017-1,91,58,openalex_v3_query_core,0,,strict,Magnetic Properties and Synthesis of Ferrites,19146466,Magnetic Properties and Synthesis of Ferrites,Magnetic Properties and Synthesis of Ferrites,0,2025
https://openalex.org/W4306973572,2022,Giant ferroelectric polarization in a bilayer graphene heterostructure,graphene_2d_materials,Materials Chemistry,19008921,19008921,0,,W4306973572,10.1038/s41467-022-34104-z,91,49,openalex_v3_query_core,0,,strict,Ferroelectric and Piezoelectric Materials,19008921,Ferroelectric and Piezoelectric Materials,Ferroelectric and Piezoelectric Materials,0,2025
https://openalex.org/W4308963289,2022,Breaking through the Mermin-Wagner limit in 2D van der Waals magnets,graphene_2d_materials,Materials Chemistry,19026997,19026997,0,,W4308963289,10.1038/s41467-022-34389-0,91,66,openalex_v3_query_core,0,,strict,2D Materials and Applications,19026997,2D Materials and Applications,2D Materials and Applications,0,2025
https://openalex.org/W4324378576,2023,Progress and Insight of Van der Waals Heterostructures Containing Interlayer Transition for Near Infrared Photodetectors,graphene_2d_materials,Materials Chemistry,19026997,19026997,0,,W4324378576,10.1002/adfm.202300686,91,157,openalex_v3_query_core,0,,strict,2D Materials and Applications,19026997,2D Materials and Applications,2D Materials and Applications,0,2025
https://openalex.org/W4382136175,2023,Metasurface-Assisted Terahertz Sensing,graphene_2d_materials,Electrical and Electronic Engineering,19112537,19112537,0,,W4382136175,10.3390/s23135902,91,123,openalex_v3_query_core,0,,strict,Terahertz technology and applications,19112537,Terahertz technology and applications,Terahertz technology and applications,0,2025
https://openalex.org/W4385708563,2023,Two-Dimensional Electrically Conductive Metal–Organic Frameworks as Chemiresistive Sensors,graphene_2d_materials,Inorganic Chemistry,18992938,18992938,0,,W4385708563,10.1021/acsnanoscienceau.3c00024,91,135,openalex_v3_query_core,0,,strict,Metal-Organic Frameworks: Synthesis and Applications,18992938,Metal-Organic Frameworks: Synthesis and Applications,Metal-Organic Frameworks: Synthesis and Applications,0,2025
https://openalex.org/W4386225675,2023,Simultaneously tuning structural defects and crystal phase in accordion-like Ti <sub> <i>x</i> </sub>O <sub>2 <i>x</i>−1 </sub> derived from Ti <sub>3</sub>C <sub>2</sub>T <sub> <i>x</i> </sub> MXene for enhanced electromagnetic attenuation,graphene_2d_materials,Materials Chemistry,23488465,23488465,0,,W4386225675,10.26599/jac.2023.9220799,91,49,openalex_v3_query_core,0,,strict,MXene and MAX Phase Materials,23488465,MXene and MAX Phase Materials,MXene and MAX Phase Materials,0,2025
https://openalex.org/W4386608460,2023,Scalable Production of 2D Material Heterostructure Textiles for High-Performance Wearable Supercapacitors,graphene_2d_materials,"Electronic, Optical and Magnetic Materials",19009840,19009840,0,,W4386608460,10.1021/acsnano.3c06181,91,67,openalex_v3_query_core,0,,strict,Supercapacitor Materials and Fabrication,19009840,Supercapacitor Materials and Fabrication,Supercapacitor Materials and Fabrication,0,2025
https://openalex.org/W4391376951,2024,Molecular dynamics simulations of heat transport using machine-learned potentials: A mini-review and tutorial on GPUMD with neuroevolution potentials,graphene_2d_materials,Materials Chemistry,21394825,21394825,0,,W4391376951,10.1063/5.0200833,91,187,openalex_v3_query_core,0,,strict,Machine Learning in Materials Science,21394825,Machine Learning in Materials Science,Machine Learning in Materials Science,0,2025
https://openalex.org/W4399322259,2024,Charge redistribution of a spatially differentiated ferroelectric Bi4Ti3O12 single crystal for photocatalytic overall water splitting,graphene_2d_materials,"Renewable Energy, Sustainability and the Environment",18992678,18992678,0,,W4399322259,10.1038/s41467-024-49168-2,91,63,openalex_v3_query_core,0,,strict,Advanced Photocatalysis Techniques,18992678,Advanced Photocatalysis Techniques,Advanced Photocatalysis Techniques,0,2025
https://openalex.org/W2020944186,2014,Heterojunction Hybrid Devices from Vapor Phase Grown MoS2,graphene_2d_materials,Materials Chemistry,19026997,19026997,0,,W2020944186,10.1038/srep05458,90,52,openalex_v3_query_core,0,,strict,2D Materials and Applications,19026997,2D Materials and Applications,2D Materials and Applications,0,2025
https://openalex.org/W2514874855,2016,Madelung and Hubbard interactions in polaron band model of doped organic semiconductors,graphene_2d_materials,Electrical and Electronic Engineering,18992282,18992282,0,,W2514874855,10.1038/ncomms11948,90,47,openalex_v3_query_core,0,,strict,Organic Electronics and Photovoltaics,18992282,Organic Electronics and Photovoltaics,Organic Electronics and Photovoltaics,0,2025
https://openalex.org/W2557735516,2017,Three-electron spin qubits,graphene_2d_materials,"Atomic and Molecular Physics, and Optics",19044286,19044286,0,,W2557735516,10.1088/1361-648x/aa761f,90,318,openalex_v3_query_core,0,,strict,Quantum and electron transport phenomena,19044286,Quantum and electron transport phenomena,Quantum and electron transport phenomena,0,2025
https://openalex.org/W2608260087,2017,A two-dimensional Dirac fermion microscope,graphene_2d_materials,"Atomic and Molecular Physics, and Optics",19095381,19095381,0,,W2608260087,10.1038/ncomms15783,90,98,openalex_v3_query_core,0,,strict,Topological Materials and Phenomena,19095381,Topological Materials and Phenomena,Topological Materials and Phenomena,0,2025
https://openalex.org/W2902331442,2018,High-mobility diamond field effect transistor with a monocrystalline h-BN gate dielectric,graphene_2d_materials,Materials Chemistry,19061322,19061322,0,,W2902331442,10.1063/1.5055812,90,54,openalex_v3_query_core,0,,strict,Diamond and Carbon-based Materials Research,19061322,Diamond and Carbon-based Materials Research,Diamond and Carbon-based Materials Research,0,2025
https://openalex.org/W2903615123,2018,Controlled growth of atomically thin MoSe <sub>2</sub> films and nanoribbons by chemical vapor deposition,graphene_2d_materials,Materials Chemistry,19026997,19026997,0,,W2903615123,10.1088/2053-1583/aaf9cc,90,43,openalex_v3_query_core,0,,strict,2D Materials and Applications,19026997,2D Materials and Applications,2D Materials and Applications,0,2025
https://openalex.org/W2964729003,2019,Spin-Split Band Hybridization in Graphene Proximitized with α-RuCl<sub>3</sub> Nanosheets,graphene_2d_materials,Materials Chemistry,18992804,18992804,0,,W2964729003,10.1021/acs.nanolett.9b01691,90,52,openalex_v3_query_core,0,,strict,Graphene research and applications,18992804,Graphene research and applications,Graphene research and applications,0,2025
https://openalex.org/W2978841331,2020,Distinct magneto-Raman signatures of spin-flip phase transitions in CrI3,graphene_2d_materials,Materials Chemistry,19026997,19026997,0,,W2978841331,10.1038/s41467-020-17320-3,90,53,openalex_v3_query_core,0,,strict,2D Materials and Applications,19026997,2D Materials and Applications,2D Materials and Applications,0,2025
https://openalex.org/W2994645763,2020,Theory of exciton-electron scattering in atomically thin semiconductors,graphene_2d_materials,Materials Chemistry,19026997,19026997,0,,W2994645763,10.1103/physrevb.101.195417,90,112,openalex_v3_query_core,0,,strict,2D Materials and Applications,19026997,2D Materials and Applications,2D Materials and Applications,0,2025
https://openalex.org/W3002591313,2020,Structural‐Phase Catalytic Redox Reactions in Energy and Environmental Applications,graphene_2d_materials,"Renewable Energy, Sustainability and the Environment",18992146,18992146,0,,W3002591313,10.1002/adma.201905739,90,281,openalex_v3_query_core,0,,strict,Electrocatalysts for Energy Conversion,18992146,Electrocatalysts for Energy Conversion,Electrocatalysts for Energy Conversion,0,2025
https://openalex.org/W3005202613,2020,All‐optical modulation with 2D layered materials: status and prospects,graphene_2d_materials,"Atomic and Molecular Physics, and Optics",19147258,19147258,0,,W3005202613,10.1515/nanoph-2019-0493,90,182,openalex_v3_query_core,0,,strict,Advanced Fiber Laser Technologies,19147258,Advanced Fiber Laser Technologies,Advanced Fiber Laser Technologies,0,2025
https://openalex.org/W3043205595,2020,Image polaritons in boron nitride for extreme polariton confinement with low losses,graphene_2d_materials,Biomedical Engineering,19027259,19027259,0,,W3043205595,10.1038/s41467-020-17424-w,90,61,openalex_v3_query_core,0,,strict,Plasmonic and Surface Plasmon Research,19027259,Plasmonic and Surface Plasmon Research,Plasmonic and Surface Plasmon Research,0,2025
https://openalex.org/W3112309629,2020,Silicon–germanium receivers for short‐wave‐infrared optoelectronics and communications,graphene_2d_materials,Electrical and Electronic Engineering,19027263,19027263,0,,W3112309629,10.1515/nanoph-2020-0547,90,224,openalex_v3_query_core,0,,strict,Photonic and Optical Devices,19027263,Photonic and Optical Devices,Photonic and Optical Devices,0,2025
https://openalex.org/W3130526093,2021,Recent Developments in Nanocellulose-Reinforced Rubber Matrix Composites: A Review,graphene_2d_materials,Biomaterials,19094850,19094850,0,,W3130526093,10.3390/polym13040550,90,174,openalex_v3_query_core,0,,strict,Advanced Cellulose Research Studies,19094850,Advanced Cellulose Research Studies,Advanced Cellulose Research Studies,0,2025
https://openalex.org/W3161272936,2021,2D-3D integration of hexagonal boron nitride and a high-κ dielectric for ultrafast graphene-based electro-absorption modulators,graphene_2d_materials,Biomedical Engineering,19027259,19027259,0,,W3161272936,10.1038/s41467-021-20926-w,90,53,openalex_v3_query_core,0,,strict,Plasmonic and Surface Plasmon Research,19027259,Plasmonic and Surface Plasmon Research,Plasmonic and Surface Plasmon Research,0,2025
https://openalex.org/W4205701261,2021,2-Dimensional layered molybdenum disulfide nanosheets and CTAB-assisted molybdenum disulfide nanoflower for high performance supercapacitor application,graphene_2d_materials,"Electronic, Optical and Magnetic Materials",19009840,19009840,0,,W4205701261,10.1039/d1na00664a,90,56,openalex_v3_query_core,0,,strict,Supercapacitor Materials and Fabrication,19009840,Supercapacitor Materials and Fabrication,Supercapacitor Materials and Fabrication,0,2025
https://openalex.org/W4205665428,2022,"Ab-initio-driven prediction of puckered penta-like PdPSeX (X O, S, Te) Janus monolayers: Study on the electronic, optical, mechanical and photocatalytic properties",graphene_2d_materials,Materials Chemistry,19026997,19026997,0,,W4205665428,10.1016/j.apsusc.2021.152356,90,65,openalex_v3_query_core,0,,strict,2D Materials and Applications,19026997,2D Materials and Applications,2D Materials and Applications,0,2025
https://openalex.org/W4281771125,2022,Advanced wearable biosensors for the detection of body fluids and exhaled breath by graphene,graphene_2d_materials,Biomedical Engineering,19043637,19043637,0,,W4281771125,10.1007/s00604-022-05317-2,90,293,openalex_v3_query_core,0,,strict,Advanced Sensor and Energy Harvesting Materials,19043637,Advanced Sensor and Energy Harvesting Materials,Advanced Sensor and Energy Harvesting Materials,0,2025
https://openalex.org/W4382631810,2023,Stone–Wales Defect in Graphene,graphene_2d_materials,Materials Chemistry,18992804,18992804,0,,W4382631810,10.1002/smll.202303340,90,187,openalex_v3_query_core,0,,strict,Graphene research and applications,18992804,Graphene research and applications,Graphene research and applications,0,2025
https://openalex.org/W4386769250,2023,A bio-inspired visuotactile neuron for multisensory integration,graphene_2d_materials,Electrical and Electronic Engineering,19077560,19077560,0,,W4386769250,10.1038/s41467-023-40686-z,90,63,openalex_v3_query_core,0,,strict,Advanced Memory and Neural Computing,19077560,Advanced Memory and Neural Computing,Advanced Memory and Neural Computing,0,2025
https://openalex.org/W4389095787,2023,Advances in Optical Imaging and Optical Communications Based on High‐Quality Halide Perovskite Photodetectors,graphene_2d_materials,Electrical and Electronic Engineering,19026606,19026606,0,,W4389095787,10.1002/adfm.202311205,90,149,openalex_v3_query_core,0,,strict,Perovskite Materials and Applications,19026606,Perovskite Materials and Applications,Perovskite Materials and Applications,0,2025
https://openalex.org/W4391223564,2024,Hopping frustration-induced flat band and strange metallicity in a kagome metal,graphene_2d_materials,"Atomic and Molecular Physics, and Optics",19095381,19095381,0,,W4391223564,10.1038/s41567-023-02360-5,90,52,openalex_v3_query_core,0,,strict,Topological Materials and Phenomena,19095381,Topological Materials and Phenomena,Topological Materials and Phenomena,0,2025
https://openalex.org/W4391885716,2024,Bionic visual-audio photodetectors with in-sensor perception and preprocessing,graphene_2d_materials,Electrical and Electronic Engineering,19077560,19077560,0,,W4391885716,10.1126/sciadv.adk8199,90,66,openalex_v3_query_core,0,,strict,Advanced Memory and Neural Computing,19077560,Advanced Memory and Neural Computing,Advanced Memory and Neural Computing,0,2025
https://openalex.org/W4394931643,2024,Understanding the charge transfer effects of single atoms for boosting the performance of Na-S batteries,graphene_2d_materials,Electrical and Electronic Engineering,19027124,19027124,0,,W4394931643,10.1038/s41467-024-47628-3,90,68,openalex_v3_query_core,0,,strict,Advanced Battery Materials and Technologies,19027124,Advanced Battery Materials and Technologies,Advanced Battery Materials and Technologies,0,2025
https://openalex.org/W4396695322,2024,Atomic-level polarization reversal in sliding ferroelectric semiconductors,graphene_2d_materials,Materials Chemistry,19008921,19008921,0,,W4396695322,10.1038/s41467-024-48218-z,90,48,openalex_v3_query_core,0,,strict,Ferroelectric and Piezoelectric Materials,19008921,Ferroelectric and Piezoelectric Materials,Ferroelectric and Piezoelectric Materials,0,2025
https://openalex.org/W2083341560,2014,Superlattice structures in twisted bilayers of folded graphene,graphene_2d_materials,Materials Chemistry,18992804,18992804,0,,W2083341560,10.1038/ncomms6742,89,41,openalex_v3_query_core,0,,strict,Graphene research and applications,18992804,Graphene research and applications,Graphene research and applications,0,2025
https://openalex.org/W2151529211,2014,Structural and electronic properties of germanene/MoS2 monolayer and silicene/MoS2 monolayer superlattices,graphene_2d_materials,Materials Chemistry,18992804,18992804,0,,W2151529211,10.1186/1556-276x-9-110,89,49,openalex_v3_query_core,0,,strict,Graphene research and applications,18992804,Graphene research and applications,Graphene research and applications,0,2025
https://openalex.org/W1533405652,2015,Raman Spectroscopy of Two-Dimensional Bi2TexSe3 − x Platelets Produced by Solvothermal Method,graphene_2d_materials,"Atomic and Molecular Physics, and Optics",19095381,19095381,0,,W1533405652,10.3390/ma8085007,89,36,openalex_v3_query_core,0,,strict,Topological Materials and Phenomena,19095381,Topological Materials and Phenomena,Topological Materials and Phenomena,0,2025
https://openalex.org/W2097037640,2015,Conductance oscillations induced by ballistic snake states in a graphene heterojunction,graphene_2d_materials,Materials Chemistry,18992804,18992804,0,,W2097037640,10.1038/ncomms7093,89,41,openalex_v3_query_core,0,,strict,Graphene research and applications,18992804,Graphene research and applications,Graphene research and applications,0,2025
https://openalex.org/W2278966914,2016,Switchable friction enabled by nanoscale self-assembly on graphene,graphene_2d_materials,Materials Chemistry,18992804,18992804,0,,W2278966914,10.1038/ncomms10745,89,44,openalex_v3_query_core,0,,strict,Graphene research and applications,18992804,Graphene research and applications,Graphene research and applications,0,2025
https://openalex.org/W2736084134,2017,A review of selected topics in physics based modeling for tunnel field-effect transistors,graphene_2d_materials,Electrical and Electronic Engineering,19078221,19078221,0,,W2736084134,10.1088/1361-6641/aa6fca,89,193,openalex_v3_query_core,0,,strict,Advancements in Semiconductor Devices and Circuit Design,19078221,Advancements in Semiconductor Devices and Circuit Design,Advancements in Semiconductor Devices and Circuit Design,0,2025
https://openalex.org/W2775166368,2017,Robust broad spectral photodetection (UV-NIR) and ultra high responsivity investigated in nanosheets and nanowires of Bi2Te3 under harsh nano-milling conditions,graphene_2d_materials,Materials Chemistry,19026997,19026997,0,,W2775166368,10.1038/s41598-017-18166-4,89,55,openalex_v3_query_core,0,,strict,2D Materials and Applications,19026997,2D Materials and Applications,2D Materials and Applications,0,2025
https://openalex.org/W2790110238,2018,Spectroscopic Size and Thickness Metrics for Liquid-Exfoliated<i>h</i>-BN,graphene_2d_materials,Materials Chemistry,18992804,18992804,0,,W2790110238,10.1021/acs.chemmater.7b05188,89,75,openalex_v3_query_core,0,,strict,Graphene research and applications,18992804,Graphene research and applications,Graphene research and applications,0,2025
https://openalex.org/W2894519432,2018,Atomically precise graphene etch stops for three dimensional integrated systems from two dimensional material heterostructures,graphene_2d_materials,Materials Chemistry,18992804,18992804,0,,W2894519432,10.1038/s41467-018-06524-3,89,49,openalex_v3_query_core,0,,strict,Graphene research and applications,18992804,Graphene research and applications,Graphene research and applications,0,2025
https://openalex.org/W2897205690,2018,Adsorption and diffusion of lithium polysulfides over blue phosphorene for Li–S batteries,graphene_2d_materials,Electrical and Electronic Engineering,18991892,18991892,0,,W2897205690,10.1039/c8nr04868a,89,79,openalex_v3_query_core,0,,strict,Advancements in Battery Materials,18991892,Advancements in Battery Materials,Advancements in Battery Materials,0,2025
https://openalex.org/W2919284498,2019,Classifying optical microscope images of exfoliated graphene flakes by data-driven machine learning,graphene_2d_materials,Materials Chemistry,18992804,18992804,0,,W2919284498,10.1038/s41699-018-0084-0,89,33,openalex_v3_query_core,0,,strict,Graphene research and applications,18992804,Graphene research and applications,Graphene research and applications,0,2025
https://openalex.org/W3010025890,2020,"Classical antennas, quantum emitters, and densities of optical states",graphene_2d_materials,"Atomic and Molecular Physics, and Optics",23591034,23591034,0,,W3010025890,10.1088/2040-8986/ab7b01,89,107,openalex_v3_query_core,0,,strict,Strong Light-Matter Interactions,23591034,Strong Light-Matter Interactions,Strong Light-Matter Interactions,0,2025
https://openalex.org/W3047078789,2020,The processing and analysis of graphene and the strength enhancement effect of graphene-based filler materials: A review,graphene_2d_materials,Materials Chemistry,18992804,18992804,0,,W3047078789,10.1016/j.mtphys.2020.100257,89,265,openalex_v3_query_core,0,,strict,Graphene research and applications,18992804,Graphene research and applications,Graphene research and applications,0,2025
https://openalex.org/W3099380578,2020,Electrically controllable laser frequency combs in graphene-fibre microresonators,graphene_2d_materials,"Atomic and Molecular Physics, and Optics",19147258,19147258,0,,W3099380578,10.1038/s41377-020-00419-z,89,51,openalex_v3_query_core,0,,strict,Advanced Fiber Laser Technologies,19147258,Advanced Fiber Laser Technologies,Advanced Fiber Laser Technologies,0,2025
https://openalex.org/W3133619516,2021,"Effective Strategies, Mechanisms, and Photocatalytic Efficiency of Semiconductor Nanomaterials Incorporating rGO for Environmental Contaminant Degradation",graphene_2d_materials,"Renewable Energy, Sustainability and the Environment",18992678,18992678,0,,W3133619516,10.3390/catal11030302,89,155,openalex_v3_query_core,0,,strict,Advanced Photocatalysis Techniques,18992678,Advanced Photocatalysis Techniques,Advanced Photocatalysis Techniques,0,2025
https://openalex.org/W3207398571,2021,Exciton-polaron Rydberg states in monolayer MoSe2 and WSe2,graphene_2d_materials,Materials Chemistry,19026997,19026997,0,,W3207398571,10.1038/s41467-021-26304-w,89,57,openalex_v3_query_core,0,,strict,2D Materials and Applications,19026997,2D Materials and Applications,2D Materials and Applications,0,2025
https://openalex.org/W4220887042,2022,Shining light on <scp>ZnIn<sub>2</sub>S<sub>4</sub></scp> photocatalysts: Promotional effects of surface and heterostructure engineering toward artificial photosynthesis,graphene_2d_materials,"Renewable Energy, Sustainability and the Environment",18992678,18992678,0,,W4220887042,10.1002/eom2.12204,89,314,openalex_v3_query_core,0,,strict,Advanced Photocatalysis Techniques,18992678,Advanced Photocatalysis Techniques,Advanced Photocatalysis Techniques,0,2025
https://openalex.org/W4311204042,2022,"Interfacial Liquid Water on Graphite, Graphene, and 2D Materials",graphene_2d_materials,Biomedical Engineering,21326699,21326699,0,,W4311204042,10.1021/acsnano.2c10215,89,254,openalex_v3_query_core,0,,strict,Nanopore and Nanochannel Transport Studies,21326699,Nanopore and Nanochannel Transport Studies,Nanopore and Nanochannel Transport Studies,0,2025
https://openalex.org/W4379744826,2023,Outstanding Humidity Chemiresistors Based on Imine-Linked Covalent Organic Framework Films for Human Respiration Monitoring,graphene_2d_materials,Electrical and Electronic Engineering,19061184,19061184,0,,W4379744826,10.1007/s40820-023-01107-4,89,56,openalex_v3_query_core,0,,strict,Gas Sensing Nanomaterials and Sensors,19061184,Gas Sensing Nanomaterials and Sensors,Gas Sensing Nanomaterials and Sensors,0,2025
https://openalex.org/W4385647749,2023,Integrating <scp>2D</scp> layered materials with <scp>3D</scp> bulk materials as van der Waals heterostructures for photodetections: Current status and perspectives,graphene_2d_materials,Materials Chemistry,19026997,19026997,0,,W4385647749,10.1002/inf2.12470,89,225,openalex_v3_query_core,0,,strict,2D Materials and Applications,19026997,2D Materials and Applications,2D Materials and Applications,0,2025
https://openalex.org/W1539175047,2015,Coupling and Interlayer Exciton in Twist‐Stacked WS<sub>2</sub> Bilayers,graphene_2d_materials,Materials Chemistry,19026997,19026997,0,,W1539175047,10.1002/adom.201500301,88,29,openalex_v3_query_core,0,,strict,2D Materials and Applications,19026997,2D Materials and Applications,2D Materials and Applications,0,2025
https://openalex.org/W2337177236,2016,Layer-controlled growth of MoS2 on self-assembled flower-like Bi2S3 for enhanced photocatalysis under visible light irradiation,graphene_2d_materials,"Renewable Energy, Sustainability and the Environment",18992678,18992678,0,,W2337177236,10.1038/am.2016.46,88,47,openalex_v3_query_core,0,,strict,Advanced Photocatalysis Techniques,18992678,Advanced Photocatalysis Techniques,Advanced Photocatalysis Techniques,0,2025
https://openalex.org/W2345523761,2016,Electrically pumped single-defect light emitters in WSe <sub>2</sub>,graphene_2d_materials,Materials Chemistry,19026997,19026997,0,,W2345523761,10.1088/2053-1583/3/2/025038,88,31,openalex_v3_query_core,0,,strict,2D Materials and Applications,19026997,2D Materials and Applications,2D Materials and Applications,0,2025
https://openalex.org/W2510147922,2016,Isotope analysis in the transmission electron microscope,graphene_2d_materials,"Surfaces, Coatings and Films",23488337,23488337,0,,W2510147922,10.1038/ncomms13040,88,58,openalex_v3_query_core,0,,strict,Electron and X-Ray Spectroscopy Techniques,23488337,Electron and X-Ray Spectroscopy Techniques,Electron and X-Ray Spectroscopy Techniques,0,2025
https://openalex.org/W2591118892,2017,Direct Observation of 2D Electrostatics and Ohmic Contacts in Template-Grown Graphene/WS<sub>2</sub> Heterostructures,graphene_2d_materials,Materials Chemistry,18992804,18992804,0,,W2591118892,10.1021/acsnano.6b07832,88,57,openalex_v3_query_core,0,,strict,Graphene research and applications,18992804,Graphene research and applications,Graphene research and applications,0,2025
https://openalex.org/W2614873614,2017,Dependence of the shape of graphene nanobubbles on trapped substance,graphene_2d_materials,Water Science and Technology,21308489,21308489,0,,W2614873614,10.1038/ncomms15844,88,44,openalex_v3_query_core,0,,strict,Minerals Flotation and Separation Techniques,21308489,Minerals Flotation and Separation Techniques,Minerals Flotation and Separation Techniques,0,2025
https://openalex.org/W2693405874,2017,Magnetotransport in heterostructures of transition metal dichalcogenides and graphene,graphene_2d_materials,Materials Chemistry,18992804,18992804,0,,W2693405874,10.1103/physrevb.96.125405,88,31,openalex_v3_query_core,0,,strict,Graphene research and applications,18992804,Graphene research and applications,Graphene research and applications,0,2025
https://openalex.org/W2810848319,2018,Collective molecular switching in hybrid superlattices for light-modulated two-dimensional electronics,graphene_2d_materials,Materials Chemistry,19026997,19026997,0,,W2810848319,10.1038/s41467-018-04932-z,88,45,openalex_v3_query_core,0,,strict,2D Materials and Applications,19026997,2D Materials and Applications,2D Materials and Applications,0,2025
https://openalex.org/W3007496161,2020,Recent Progress in Synaptic Devices Based on 2D Materials,graphene_2d_materials,Electrical and Electronic Engineering,19077560,19077560,0,,W3007496161,10.1002/aisy.201900167,88,273,openalex_v3_query_core,0,,strict,Advanced Memory and Neural Computing,19077560,Advanced Memory and Neural Computing,Advanced Memory and Neural Computing,0,2025
https://openalex.org/W3037481316,2020,Large magnetoelectric coupling in multiferroic oxide heterostructures assembled via epitaxial lift-off,graphene_2d_materials,"Electronic, Optical and Magnetic Materials",19130095,19130095,0,,W3037481316,10.1038/s41467-020-16942-x,88,62,openalex_v3_query_core,0,,strict,Multiferroics and related materials,19130095,Multiferroics and related materials,Multiferroics and related materials,0,2025
https://openalex.org/W3126318935,2021,Origins of genuine Ohmic van der Waals contact between indium and MoS2,graphene_2d_materials,Materials Chemistry,19026997,19026997,0,,W3126318935,10.1038/s41699-020-00191-z,88,51,openalex_v3_query_core,0,,strict,2D Materials and Applications,19026997,2D Materials and Applications,2D Materials and Applications,0,2025
https://openalex.org/W3153423648,2021,Interfacial Electronic Properties and Tunable Contact Types in Graphene/Janus MoGeSiN<sub>4</sub> Heterostructures,graphene_2d_materials,Materials Chemistry,19026997,19026997,0,,W3153423648,10.1021/acs.jpclett.1c00682,88,48,openalex_v3_query_core,0,,strict,2D Materials and Applications,19026997,2D Materials and Applications,2D Materials and Applications,0,2025
https://openalex.org/W3167631106,2021,Multiple fields manipulation on nitride material structures in ultraviolet light-emitting diodes,graphene_2d_materials,Condensed Matter Physics,18992941,18992941,0,,W3167631106,10.1038/s41377-021-00563-0,88,197,openalex_v3_query_core,0,,strict,GaN-based semiconductor devices and materials,18992941,GaN-based semiconductor devices and materials,GaN-based semiconductor devices and materials,0,2025
https://openalex.org/W3200618419,2021,Mixed sp2–sp3 Nanocarbon Materials: A Status Quo Review,graphene_2d_materials,Electrical and Electronic Engineering,18991892,18991892,0,,W3200618419,10.3390/nano11102469,88,178,openalex_v3_query_core,0,,strict,Advancements in Battery Materials,18991892,Advancements in Battery Materials,Advancements in Battery Materials,0,2025
https://openalex.org/W4281749031,2022,2D materials: increscent quantum flatland with immense potential for applications,graphene_2d_materials,Materials Chemistry,19026997,19026997,0,,W4281749031,10.1186/s40580-022-00317-7,88,257,openalex_v3_query_core,0,,strict,2D Materials and Applications,19026997,2D Materials and Applications,2D Materials and Applications,0,2025
https://openalex.org/W4283662409,2022,Surface plasmons induce topological transition in graphene/α-MoO3 heterostructures,graphene_2d_materials,Biomedical Engineering,19027259,19027259,0,,W4283662409,10.1038/s41467-022-31477-z,88,44,openalex_v3_query_core,0,,strict,Plasmonic and Surface Plasmon Research,19027259,Plasmonic and Surface Plasmon Research,Plasmonic and Surface Plasmon Research,0,2025
https://openalex.org/W4285390268,2022,Hydrodynamic approach to two-dimensional electron systems,graphene_2d_materials,Materials Chemistry,18992804,18992804,0,,W4285390268,10.1007/s40766-022-00036-z,88,404,openalex_v3_query_core,0,,strict,Graphene research and applications,18992804,Graphene research and applications,Graphene research and applications,0,2025
https://openalex.org/W4295929829,2022,Control of structure and spin texture in the van der Waals layered magnet CrSBr,graphene_2d_materials,Materials Chemistry,19026997,19026997,0,,W4295929829,10.1038/s41467-022-32737-8,88,69,openalex_v3_query_core,0,,strict,2D Materials and Applications,19026997,2D Materials and Applications,2D Materials and Applications,0,2025
https://openalex.org/W4306964809,2022,Heterostructure Engineering of 2D Superlattice Materials for Electrocatalysis,graphene_2d_materials,Materials Chemistry,23488465,23488465,0,,W4306964809,10.1002/advs.202204297,88,240,openalex_v3_query_core,0,,strict,MXene and MAX Phase Materials,23488465,MXene and MAX Phase Materials,MXene and MAX Phase Materials,0,2025
https://openalex.org/W4318465100,2023,MXene-Based Nanomaterials for Multifunctional Applications,graphene_2d_materials,Materials Chemistry,23488465,23488465,0,,W4318465100,10.3390/ma16031138,88,103,openalex_v3_query_core,0,,strict,MXene and MAX Phase Materials,23488465,MXene and MAX Phase Materials,MXene and MAX Phase Materials,0,2025
https://openalex.org/W4377943200,2023,Metal–organic framework and carbon hybrid nanostructures: Fabrication strategies and electrocatalytic application for the water splitting and oxygen reduction reaction,graphene_2d_materials,"Renewable Energy, Sustainability and the Environment",18992146,18992146,0,,W4377943200,10.26599/nre.2023.9120078,88,166,openalex_v3_query_core,0,,strict,Electrocatalysts for Energy Conversion,18992146,Electrocatalysts for Energy Conversion,Electrocatalysts for Energy Conversion,0,2025
https://openalex.org/W4388204982,2023,Quantum Capacitance of Two-Dimensional-Material-Based Supercapacitor Electrodes,graphene_2d_materials,"Electronic, Optical and Magnetic Materials",19009840,19009840,0,,W4388204982,10.1021/acs.energyfuels.3c02714,88,124,openalex_v3_query_core,0,,strict,Supercapacitor Materials and Fabrication,19009840,Supercapacitor Materials and Fabrication,Supercapacitor Materials and Fabrication,0,2025
https://openalex.org/W4389176593,2023,Multistep magnetization switching in orthogonally twisted ferromagnetic monolayers,graphene_2d_materials,Materials Chemistry,19026997,19026997,0,,W4389176593,10.1038/s41563-023-01735-6,88,57,openalex_v3_query_core,0,,strict,2D Materials and Applications,19026997,2D Materials and Applications,2D Materials and Applications,0,2025
https://openalex.org/W4389607483,2023,Recent Advances on Pulsed Laser Deposition of Large‐Scale Thin Films,graphene_2d_materials,Materials Chemistry,19026997,19026997,0,,W4389607483,10.1002/smtd.202301282,88,139,openalex_v3_query_core,0,,strict,2D Materials and Applications,19026997,2D Materials and Applications,2D Materials and Applications,0,2025
https://openalex.org/W4391217775,2024,Dual-facet engineering of surface carboxyl functionalization and interlayer potassium ions regulation in carbon nitride for enhanced CO2 photoreduction,graphene_2d_materials,"Renewable Energy, Sustainability and the Environment",18992678,18992678,0,,W4391217775,10.1007/s40843-023-2703-0,88,72,openalex_v3_query_core,0,,strict,Advanced Photocatalysis Techniques,18992678,Advanced Photocatalysis Techniques,Advanced Photocatalysis Techniques,0,2025
https://openalex.org/W4394687653,2024,Direct observation of a magnetic-field-induced Wigner crystal,graphene_2d_materials,"Atomic and Molecular Physics, and Optics",19044286,19044286,0,,W4394687653,10.1038/s41586-024-07212-7,88,57,openalex_v3_query_core,0,,strict,Quantum and electron transport phenomena,19044286,Quantum and electron transport phenomena,Quantum and electron transport phenomena,0,2025
https://openalex.org/W4394822006,2024,Light-wave-controlled Haldane model in monolayer hexagonal boron nitride,graphene_2d_materials,Materials Chemistry,19026997,19026997,0,,W4394822006,10.1038/s41586-024-07244-z,88,62,openalex_v3_query_core,0,,strict,2D Materials and Applications,19026997,2D Materials and Applications,2D Materials and Applications,0,2025
https://openalex.org/W2157279937,2015,Graphene hybrids: synthesis strategies and applications in sensors and sensitized solar cells,graphene_2d_materials,Materials Chemistry,18992804,18992804,0,,W2157279937,10.3389/fchem.2015.00038,87,165,openalex_v3_query_core,0,,strict,Graphene research and applications,18992804,Graphene research and applications,Graphene research and applications,0,2025
https://openalex.org/W2729230207,2017,Molecular Beam Epitaxy of GaN Nanowires on Epitaxial Graphene,graphene_2d_materials,Condensed Matter Physics,18992941,18992941,0,,W2729230207,10.1021/acs.nanolett.7b01196,87,77,openalex_v3_query_core,0,,strict,GaN-based semiconductor devices and materials,18992941,GaN-based semiconductor devices and materials,GaN-based semiconductor devices and materials,0,2025
https://openalex.org/W2748294498,2017,Three-dimensional Graphene with MoS 2 Nanohybrid as Potential Energy Storage/Transfer Device,graphene_2d_materials,"Electronic, Optical and Magnetic Materials",19009840,19009840,0,,W2748294498,10.1038/s41598-017-09266-2,87,80,openalex_v3_query_core,0,,strict,Supercapacitor Materials and Fabrication,19009840,Supercapacitor Materials and Fabrication,Supercapacitor Materials and Fabrication,0,2025
https://openalex.org/W2807601662,2018,"An Overview of Metal Matrix Nanocomposites Reinforced with Graphene Nanoplatelets; Mechanical, Electrical and Thermophysical Properties",graphene_2d_materials,Mechanical Engineering,19112018,19112018,0,,W2807601662,10.3390/met8060423,87,155,openalex_v3_query_core,0,,strict,Aluminum Alloys Composites Properties,19112018,Aluminum Alloys Composites Properties,Aluminum Alloys Composites Properties,0,2025
https://openalex.org/W3034102698,2018,Tip‐enhanced photoluminescence nano‐spectroscopy and nano‐imaging,graphene_2d_materials,Biomedical Engineering,23557371,23557371,0,,W3034102698,10.1515/nanoph-2020-0079,87,161,openalex_v3_query_core,0,,strict,Near-Field Optical Microscopy,23557371,Near-Field Optical Microscopy,Near-Field Optical Microscopy,0,2025
https://openalex.org/W2913705409,2019,"Nanowires for High-Efficiency, Low-Cost Solar Photovoltaics",graphene_2d_materials,Biomedical Engineering,21275085,21275085,0,,W2913705409,10.3390/cryst9020087,87,219,openalex_v3_query_core,0,,strict,Nanowire Synthesis and Applications,21275085,Nanowire Synthesis and Applications,Nanowire Synthesis and Applications,0,2025
https://openalex.org/W2936344218,2019,The effect of different layered materials on the tribological properties of PTFE composites,graphene_2d_materials,Mechanics of Materials,23540206,23540206,0,,W2936344218,10.1007/s40544-019-0276-4,87,54,openalex_v3_query_core,0,,strict,Tribology and Wear Analysis,23540206,Tribology and Wear Analysis,Tribology and Wear Analysis,0,2025
https://openalex.org/W2948005947,2019,Cross-dimensional electron-phonon coupling in van der Waals heterostructures,graphene_2d_materials,Materials Chemistry,19026997,19026997,0,,W2948005947,10.1038/s41467-019-10400-z,87,56,openalex_v3_query_core,0,,strict,2D Materials and Applications,19026997,2D Materials and Applications,2D Materials and Applications,0,2025
https://openalex.org/W2995171896,2019,Coupled Charge Transfer Dynamics and Photoluminescence Quenching in Monolayer MoS2 Decorated with WS2 Quantum Dots,graphene_2d_materials,Materials Chemistry,19026997,19026997,0,,W2995171896,10.1038/s41598-019-55776-6,87,48,openalex_v3_query_core,0,,strict,2D Materials and Applications,19026997,2D Materials and Applications,2D Materials and Applications,0,2025
https://openalex.org/W3006805055,2020,Indirect Excitons and Trions in MoSe<sub>2</sub>/WSe<sub>2</sub> van der Waals Heterostructures,graphene_2d_materials,Materials Chemistry,19026997,19026997,0,,W3006805055,10.1021/acs.nanolett.9b05086,87,106,openalex_v3_query_core,0,,strict,2D Materials and Applications,19026997,2D Materials and Applications,2D Materials and Applications,0,2025
https://openalex.org/W3122827463,2021,Exciton-exciton interaction in transition metal dichalcogenide monolayers and van der Waals heterostructures,graphene_2d_materials,Materials Chemistry,19026997,19026997,0,,W3122827463,10.1103/physrevb.103.045426,87,78,openalex_v3_query_core,0,,strict,2D Materials and Applications,19026997,2D Materials and Applications,2D Materials and Applications,0,2025
https://openalex.org/W4200087220,2021,Dark exciton anti-funneling in atomically thin semiconductors,graphene_2d_materials,Materials Chemistry,19026997,19026997,0,,W4200087220,10.1038/s41467-021-27425-y,87,56,openalex_v3_query_core,0,,strict,2D Materials and Applications,19026997,2D Materials and Applications,2D Materials and Applications,0,2025
https://openalex.org/W4306770620,2022,Three-dimensional MXenes heterostructures and their applications,graphene_2d_materials,Materials Chemistry,23488465,23488465,0,,W4306770620,10.1007/s40843-022-2186-0,87,100,openalex_v3_query_core,0,,strict,MXene and MAX Phase Materials,23488465,MXene and MAX Phase Materials,MXene and MAX Phase Materials,0,2025
https://openalex.org/W4311518955,2022,Structurally Modified MXenes-Based Catalysts for Application in Hydrogen Evolution Reaction: A Review,graphene_2d_materials,Materials Chemistry,23488465,23488465,0,,W4311518955,10.3390/catal12121576,87,206,openalex_v3_query_core,0,,strict,MXene and MAX Phase Materials,23488465,MXene and MAX Phase Materials,MXene and MAX Phase Materials,0,2025
https://openalex.org/W4316663063,2023,Scalable high yield exfoliation for monolayer nanosheets,graphene_2d_materials,Materials Chemistry,18992804,18992804,0,,W4316663063,10.1038/s41467-022-35569-8,87,42,openalex_v3_query_core,0,,strict,Graphene research and applications,18992804,Graphene research and applications,Graphene research and applications,0,2025
https://openalex.org/W4386289470,2023,Multiscale mechanics and molecular dynamics simulations of the durability of fiber-reinforced polymer composites,graphene_2d_materials,Materials Chemistry,18992674,18992674,0,,W4386289470,10.1038/s43246-023-00391-2,87,164,openalex_v3_query_core,0,,strict,Carbon Nanotubes in Composites,18992674,Carbon Nanotubes in Composites,Carbon Nanotubes in Composites,0,2025
https://openalex.org/W4387672387,2023,Impact of moiré superlattice on atomic stress and thermal transport in van der Waals heterostructures,graphene_2d_materials,Materials Chemistry,21275090,21275090,0,,W4387672387,10.1063/5.0159598,87,115,openalex_v3_query_core,0,,strict,Thermal properties of materials,21275090,Thermal properties of materials,Thermal properties of materials,0,2025
https://openalex.org/W4390536320,2024,Recent progress in graphene and its derived hybrid materials for high-performance supercapacitor electrode applications,graphene_2d_materials,"Electronic, Optical and Magnetic Materials",19009840,19009840,0,,W4390536320,10.1039/d3ra06904d,87,91,openalex_v3_query_core,0,,strict,Supercapacitor Materials and Fabrication,19009840,Supercapacitor Materials and Fabrication,Supercapacitor Materials and Fabrication,0,2025
https://openalex.org/W4393983197,2024,"Advancements in transition metal dichalcogenides (TMDCs) for self-powered photodetectors: challenges, properties, and functionalization strategies",graphene_2d_materials,Materials Chemistry,19026997,19026997,0,,W4393983197,10.1039/d3ma01152f,87,188,openalex_v3_query_core,0,,strict,2D Materials and Applications,19026997,2D Materials and Applications,2D Materials and Applications,0,2025
https://openalex.org/W4402923007,2024,Main-group element-boosted oxygen electrocatalysis of Cu-N-C sites for zinc-air battery with cycling over 5000 h,graphene_2d_materials,"Renewable Energy, Sustainability and the Environment",18992146,18992146,0,,W4402923007,10.1038/s41467-024-52494-0,87,56,openalex_v3_query_core,0,,strict,Electrocatalysts for Energy Conversion,18992146,Electrocatalysts for Energy Conversion,Electrocatalysts for Energy Conversion,0,2025
https://openalex.org/W4406001184,2025,Interfacial coupling effects in two-dimensional ordered arrays for microwave attenuation,graphene_2d_materials,"Electronic, Optical and Magnetic Materials",21274432,21274432,0,,W4406001184,10.1038/s41467-024-55776-9,87,40,openalex_v3_query_core,0,,strict,Electromagnetic wave absorption materials,21274432,Electromagnetic wave absorption materials,Electromagnetic wave absorption materials,0,2025
https://openalex.org/W1998758722,2015,Unveiling Surface Redox Charge Storage of Interacting Two-Dimensional Heteronanosheets in Hierarchical Architectures,graphene_2d_materials,Materials Chemistry,19026997,19026997,0,,W1998758722,10.1021/nl504200y,86,43,openalex_v3_query_core,0,,strict,2D Materials and Applications,19026997,2D Materials and Applications,2D Materials and Applications,0,2025
https://openalex.org/W2416248747,2015,In-situ epitaxial growth of graphene/h-BN van der Waals heterostructures by molecular beam epitaxy,graphene_2d_materials,Materials Chemistry,18992804,18992804,0,,W2416248747,10.1038/srep14760,86,38,openalex_v3_query_core,0,,strict,Graphene research and applications,18992804,Graphene research and applications,Graphene research and applications,0,2025
https://openalex.org/W2399494655,2016,Synthesis and Characterization of Ag-Ag2O/TiO2@polypyrrole Heterojunction for Enhanced Photocatalytic Degradation of Methylene Blue,graphene_2d_materials,Polymers and Plastics,19095505,19095505,0,,W2399494655,10.3390/catal6060076,86,37,openalex_v3_query_core,0,,strict,Conducting polymers and applications,19095505,Conducting polymers and applications,Conducting polymers and applications,0,2025
https://openalex.org/W2525565037,2016,Tuning the interlayer of transition metal oxides for electrochemical energy storage,graphene_2d_materials,Electrical and Electronic Engineering,18991892,18991892,0,,W2525565037,10.1557/jmr.2016.337,86,116,openalex_v3_query_core,0,,strict,Advancements in Battery Materials,18991892,Advancements in Battery Materials,Advancements in Battery Materials,0,2025
https://openalex.org/W2582183452,2017,Splashing transients of 2D plasmons launched by swift electrons,graphene_2d_materials,"Atomic and Molecular Physics, and Optics",25822225,25822225,0,,W2582183452,10.1126/sciadv.1601192,86,52,openalex_v3_query_core,0,,strict,Surface and Thin Film Phenomena,25822225,Surface and Thin Film Phenomena,Surface and Thin Film Phenomena,0,2025
https://openalex.org/W2772477055,2017,Direct Growth of Graphene on Silicon by Metal-Free Chemical Vapor Deposition,graphene_2d_materials,Materials Chemistry,18992804,18992804,0,,W2772477055,10.1007/s40820-017-0173-1,86,51,openalex_v3_query_core,0,,strict,Graphene research and applications,18992804,Graphene research and applications,Graphene research and applications,0,2025
https://openalex.org/W2789821357,2018,Evaluation of van der Waals density functionals for layered materials,graphene_2d_materials,Materials Chemistry,21291852,21291852,0,,W2789821357,10.1103/physrevmaterials.2.034005,86,42,openalex_v3_query_core,0,,strict,Boron and Carbon Nanomaterials Research,21291852,Boron and Carbon Nanomaterials Research,Boron and Carbon Nanomaterials Research,0,2025
https://openalex.org/W2790322748,2018,2D WC/WO<sub>3</sub> Heterogeneous Hybrid for Photocatalytic Decomposition of Organic Compounds with Vis–NIR Light,graphene_2d_materials,"Renewable Energy, Sustainability and the Environment",18992678,18992678,0,,W2790322748,10.1002/adfm.201705357,86,52,openalex_v3_query_core,0,,strict,Advanced Photocatalysis Techniques,18992678,Advanced Photocatalysis Techniques,Advanced Photocatalysis Techniques,0,2025
https://openalex.org/W2806678079,2018,Field Effect Transistor Based on Layered NiPS 3,graphene_2d_materials,Materials Chemistry,19026997,19026997,0,,W2806678079,10.1038/s41598-018-26522-1,86,75,openalex_v3_query_core,0,,strict,2D Materials and Applications,19026997,2D Materials and Applications,2D Materials and Applications,0,2025
https://openalex.org/W2898844932,2018,Efficient Prediction of Structural and Electronic Properties of Hybrid 2D Materials Using Complementary DFT and Machine Learning Approaches,graphene_2d_materials,Materials Chemistry,19026997,19026997,0,,W2898844932,10.1002/adts.201800128,86,40,openalex_v3_query_core,0,,strict,2D Materials and Applications,19026997,2D Materials and Applications,2D Materials and Applications,0,2025
https://openalex.org/W2899505500,2018,Photocatalytic Reduction on Bismuth-Based <i>p</i>-Block Semiconductors,graphene_2d_materials,"Renewable Energy, Sustainability and the Environment",18992678,18992678,0,,W2899505500,10.1021/acssuschemeng.8b04977,86,119,openalex_v3_query_core,0,,strict,Advanced Photocatalysis Techniques,18992678,Advanced Photocatalysis Techniques,Advanced Photocatalysis Techniques,0,2025
https://openalex.org/W2884418823,2019,Excitons in hexagonal boron nitride single-layer: a new platform for polaritonics in the ultraviolet,graphene_2d_materials,"Atomic and Molecular Physics, and Optics",23591034,23591034,0,,W2884418823,10.1364/josab.36.000674,86,61,openalex_v3_query_core,0,,strict,Strong Light-Matter Interactions,23591034,Strong Light-Matter Interactions,Strong Light-Matter Interactions,0,2025
https://openalex.org/W2911620139,2019,Giant thermoelectric power factor in ultrathin FeSe superconductor,graphene_2d_materials,Materials Chemistry,19060921,19060921,0,,W2911620139,10.1038/s41467-019-08784-z,86,71,openalex_v3_query_core,0,,strict,Advanced Thermoelectric Materials and Devices,19060921,Advanced Thermoelectric Materials and Devices,Advanced Thermoelectric Materials and Devices,0,2025
https://openalex.org/W2914825041,2019,Interfacial and electronic properties of heterostructures of MXene and graphene,graphene_2d_materials,Materials Chemistry,23488465,23488465,0,,W2914825041,10.1103/physrevb.99.085429,86,47,openalex_v3_query_core,0,,strict,MXene and MAX Phase Materials,23488465,MXene and MAX Phase Materials,MXene and MAX Phase Materials,0,2025
https://openalex.org/W2944049328,2019,"Predicting Novel 2D MB<sub>2</sub> (M = Ti, Hf, V, Nb, Ta) Monolayers with Ultrafast Dirac Transport Channel and Electron-Orbital Controlled Negative Poisson’s Ratio",graphene_2d_materials,Materials Chemistry,23488465,23488465,0,,W2944049328,10.1021/acs.jpclett.9b00762,86,59,openalex_v3_query_core,0,,strict,MXene and MAX Phase Materials,23488465,MXene and MAX Phase Materials,MXene and MAX Phase Materials,0,2025
https://openalex.org/W2950066992,2019,Properties and applications of new superlattice: twisted bilayer graphene,graphene_2d_materials,Materials Chemistry,18992804,18992804,0,,W2950066992,10.1016/j.mtphys.2019.100099,86,143,openalex_v3_query_core,0,,strict,Graphene research and applications,18992804,Graphene research and applications,Graphene research and applications,0,2025
https://openalex.org/W2982008605,2019,Moderate strain induced indirect bandgap and conduction electrons in MoS2 single layers,graphene_2d_materials,Materials Chemistry,19026997,19026997,0,,W2982008605,10.1038/s41699-019-0123-5,86,44,openalex_v3_query_core,0,,strict,2D Materials and Applications,19026997,2D Materials and Applications,2D Materials and Applications,0,2025
https://openalex.org/W3030663826,2020,Chemical switching of low-loss phonon polaritons in α-MoO3 by hydrogen intercalation,graphene_2d_materials,Civil and Structural Engineering,23557105,23557105,0,,W3030663826,10.1038/s41467-020-16459-3,86,50,openalex_v3_query_core,0,,strict,Thermal Radiation and Cooling Technologies,23557105,Thermal Radiation and Cooling Technologies,Thermal Radiation and Cooling Technologies,0,2025
https://openalex.org/W3036128064,2020,Graphene Plasmonics in Sensor Applications: A Review,graphene_2d_materials,Biomedical Engineering,19027259,19027259,0,,W3036128064,10.3390/s20123563,86,202,openalex_v3_query_core,0,,strict,Plasmonic and Surface Plasmon Research,19027259,Plasmonic and Surface Plasmon Research,Plasmonic and Surface Plasmon Research,0,2025
https://openalex.org/W3111245620,2021,Direct measurement of ferroelectric polarization in a tunable semimetal,graphene_2d_materials,Materials Chemistry,19008921,19008921,0,,W3111245620,10.1038/s41467-021-25587-3,86,42,openalex_v3_query_core,0,,strict,Ferroelectric and Piezoelectric Materials,19008921,Ferroelectric and Piezoelectric Materials,Ferroelectric and Piezoelectric Materials,0,2025
https://openalex.org/W3153863076,2021,Rapid and long-lasting acceleration of zero-valent iron nanoparticles@Ti<sub>3</sub>C<sub>2</sub>-based MXene/peroxymonosulfate oxidation with bi-active centers toward ranitidine removal,graphene_2d_materials,Organic Chemistry,23522781,23522781,0,,W3153863076,10.1039/d1ta02046c,86,77,openalex_v3_query_core,0,,strict,Nanomaterials for catalytic reactions,23522781,Nanomaterials for catalytic reactions,Nanomaterials for catalytic reactions,0,2025
https://openalex.org/W3164186280,2021,2D transition metal carbides (MXenes) in metal and ceramic matrix composites,graphene_2d_materials,Materials Chemistry,23488465,23488465,0,,W3164186280,10.1186/s40580-021-00266-7,86,78,openalex_v3_query_core,0,,strict,MXene and MAX Phase Materials,23488465,MXene and MAX Phase Materials,MXene and MAX Phase Materials,0,2025
https://openalex.org/W4220965187,2022,Direct observation of ferroelectricity in two-dimensional MoS2,graphene_2d_materials,Materials Chemistry,19026997,19026997,0,,W4220965187,10.1038/s41699-022-00298-5,86,46,openalex_v3_query_core,0,,strict,2D Materials and Applications,19026997,2D Materials and Applications,2D Materials and Applications,0,2025
https://openalex.org/W4283779000,2022,Friction behaviors of two-dimensional materials at the nanoscale,graphene_2d_materials,"Atomic and Molecular Physics, and Optics",19146467,19146467,0,,W4283779000,10.1016/j.mtphys.2022.100771,86,158,openalex_v3_query_core,0,,strict,Force Microscopy Techniques and Applications,19146467,Force Microscopy Techniques and Applications,Force Microscopy Techniques and Applications,0,2025
https://openalex.org/W4292253927,2022,Vanadium Carbide (V4C3) MXene as an Efficient Anode for Li-Ion and Na-Ion Batteries,graphene_2d_materials,Materials Chemistry,23488465,23488465,0,,W4292253927,10.3390/nano12162825,86,69,openalex_v3_query_core,0,,strict,MXene and MAX Phase Materials,23488465,MXene and MAX Phase Materials,MXene and MAX Phase Materials,0,2025
https://openalex.org/W4319294039,2023,"Antimonene: a tuneable post-graphene material for advanced applications in optoelectronics, catalysis, energy and biomedicine",graphene_2d_materials,Materials Chemistry,19026997,19026997,0,,W4319294039,10.1039/d2cs00570k,86,223,openalex_v3_query_core,0,,strict,2D Materials and Applications,19026997,2D Materials and Applications,2D Materials and Applications,0,2025
https://openalex.org/W4381613065,2023,Hunting for Majoranas,graphene_2d_materials,"Atomic and Molecular Physics, and Optics",19095381,19095381,0,,W4381613065,10.1126/science.ade0850,86,207,openalex_v3_query_core,0,,strict,Topological Materials and Phenomena,19095381,Topological Materials and Phenomena,Topological Materials and Phenomena,0,2025
https://openalex.org/W4390500327,2024,Planar hyperbolic polaritons in 2D van der Waals materials,graphene_2d_materials,Biomedical Engineering,19027259,19027259,0,,W4390500327,10.1038/s41467-023-43992-8,86,143,openalex_v3_query_core,0,,strict,Plasmonic and Surface Plasmon Research,19027259,Plasmonic and Surface Plasmon Research,Plasmonic and Surface Plasmon Research,0,2025
https://openalex.org/W4390586531,2024,Second Harmonic Generation Control in 2D Layered Materials: Status and Outlook,graphene_2d_materials,"Atomic and Molecular Physics, and Optics",19147258,19147258,0,,W4390586531,10.1002/adfm.202310726,86,441,openalex_v3_query_core,0,,strict,Advanced Fiber Laser Technologies,19147258,Advanced Fiber Laser Technologies,Advanced Fiber Laser Technologies,0,2025
https://openalex.org/W2265897096,2016,Protecting the properties of monolayer MoS2 on silicon based substrates with an atomically thin buffer,graphene_2d_materials,Materials Chemistry,19026997,19026997,0,,W2265897096,10.1038/srep20890,85,58,openalex_v3_query_core,0,,strict,2D Materials and Applications,19026997,2D Materials and Applications,2D Materials and Applications,0,2025
https://openalex.org/W2601651073,2017,Periodic potentials in hybrid van der Waals heterostructures formed by supramolecular lattices on graphene,graphene_2d_materials,Materials Chemistry,18992804,18992804,0,,W2601651073,10.1038/ncomms14767,85,54,openalex_v3_query_core,0,,strict,Graphene research and applications,18992804,Graphene research and applications,Graphene research and applications,0,2025
https://openalex.org/W2626984392,2017,Experimental evidence of exciton capture by mid-gap defects in CVD grown monolayer MoSe2,graphene_2d_materials,Materials Chemistry,19026997,19026997,0,,W2626984392,10.1038/s41699-017-0019-1,85,56,openalex_v3_query_core,0,,strict,2D Materials and Applications,19026997,2D Materials and Applications,2D Materials and Applications,0,2025
https://openalex.org/W2743499663,2018,Charge Versus Energy Transfer in Atomically Thin Graphene-Transition Metal Dichalcogenide van der Waals Heterostructures,graphene_2d_materials,Materials Chemistry,19026997,19026997,0,,W2743499663,10.1103/physrevx.8.011007,85,93,openalex_v3_query_core,0,,strict,2D Materials and Applications,19026997,2D Materials and Applications,2D Materials and Applications,0,2025
https://openalex.org/W2783870279,2018,Layer number identification of CVD-grown multilayer graphene using Si peak analysis,graphene_2d_materials,Materials Chemistry,18992804,18992804,0,,W2783870279,10.1038/s41598-017-19084-1,85,34,openalex_v3_query_core,0,,strict,Graphene research and applications,18992804,Graphene research and applications,Graphene research and applications,0,2025
https://openalex.org/W2803150708,2018,Uniform doping of graphene close to the Dirac point by polymer-assisted assembly of molecular dopants,graphene_2d_materials,Materials Chemistry,18992804,18992804,0,,W2803150708,10.1038/s41467-018-06352-5,85,51,openalex_v3_query_core,0,,strict,Graphene research and applications,18992804,Graphene research and applications,Graphene research and applications,0,2025
https://openalex.org/W2936572025,2019,Large bandgap of pressurized trilayer graphene,graphene_2d_materials,Materials Chemistry,18992804,18992804,0,,W2936572025,10.1073/pnas.1820890116,85,60,openalex_v3_query_core,0,,strict,Graphene research and applications,18992804,Graphene research and applications,Graphene research and applications,0,2025
https://openalex.org/W2969935700,2019,Mass fabrication and superior microwave absorption property of multilayer graphene/hexagonal boron nitride nanoparticle hybrids,graphene_2d_materials,"Electronic, Optical and Magnetic Materials",21274432,21274432,0,,W2969935700,10.1038/s41699-019-0115-5,85,65,openalex_v3_query_core,0,,strict,Electromagnetic wave absorption materials,21274432,Electromagnetic wave absorption materials,Electromagnetic wave absorption materials,0,2025
https://openalex.org/W2965833440,2020,Disorder in twisted bilayer graphene,graphene_2d_materials,Materials Chemistry,18992804,18992804,0,,W2965833440,10.1103/physrevresearch.2.023325,85,35,openalex_v3_query_core,0,,strict,Graphene research and applications,18992804,Graphene research and applications,Graphene research and applications,0,2025
https://openalex.org/W3120817817,2021,Moiré metrology of energy landscapes in van der Waals heterostructures,graphene_2d_materials,Materials Chemistry,18992804,18992804,0,,W3120817817,,85,80,openalex_v3_query_core,0,,strict,Graphene research and applications,18992804,Graphene research and applications,Graphene research and applications,0,2025
https://openalex.org/W3126793993,2021,Axion quasiparticles for axion dark matter detection,graphene_2d_materials,Nuclear and High Energy Physics,21241023,21241023,0,,W3126793993,10.1088/1475-7516/2021/08/066,85,153,openalex_v3_query_core,0,,strict,Dark Matter and Cosmic Phenomena,21241023,Dark Matter and Cosmic Phenomena,Dark Matter and Cosmic Phenomena,0,2025
https://openalex.org/W3168875076,2021,Optical quantum technologies with hexagonal boron nitride single photon sources,graphene_2d_materials,Materials Chemistry,19061322,19061322,0,,W3168875076,10.1038/s41598-021-90804-4,85,196,openalex_v3_query_core,0,,strict,Diamond and Carbon-based Materials Research,19061322,Diamond and Carbon-based Materials Research,Diamond and Carbon-based Materials Research,0,2025
https://openalex.org/W3199607812,2021,Hybrid printing of wearable piezoelectric sensors,graphene_2d_materials,Biomedical Engineering,19043637,19043637,0,,W3199607812,10.1016/j.nanoen.2021.106522,85,71,openalex_v3_query_core,0,,strict,Advanced Sensor and Energy Harvesting Materials,19043637,Advanced Sensor and Energy Harvesting Materials,Advanced Sensor and Energy Harvesting Materials,0,2025
https://openalex.org/W4210753890,2022,Monolayer Graphitic Carbon Nitride as Metal-Free Catalyst with Enhanced Performance in Photo- and Electro-Catalysis,graphene_2d_materials,"Renewable Energy, Sustainability and the Environment",18992678,18992678,0,,W4210753890,10.1007/s40820-022-00794-9,85,41,openalex_v3_query_core,0,,strict,Advanced Photocatalysis Techniques,18992678,Advanced Photocatalysis Techniques,Advanced Photocatalysis Techniques,0,2025
https://openalex.org/W4214775022,2022,Growth of two-dimensional Janus MoSSe by a single in situ process without initial or follow-up treatments,graphene_2d_materials,Materials Chemistry,19026997,19026997,0,,W4214775022,10.1038/s41427-022-00363-x,85,38,openalex_v3_query_core,0,,strict,2D Materials and Applications,19026997,2D Materials and Applications,2D Materials and Applications,0,2025
https://openalex.org/W4214855553,2022,Framework materials for supercapacitors,graphene_2d_materials,"Electronic, Optical and Magnetic Materials",19009840,19009840,0,,W4214855553,10.1515/ntrev-2022-0042,85,259,openalex_v3_query_core,0,,strict,Supercapacitor Materials and Fabrication,19009840,Supercapacitor Materials and Fabrication,Supercapacitor Materials and Fabrication,0,2025
https://openalex.org/W4283586885,2022,Two-dimensional diamonds from sp2-to-sp3 phase transitions,graphene_2d_materials,Materials Chemistry,23488465,23488465,0,,W4283586885,10.1038/s41578-022-00451-y,85,253,openalex_v3_query_core,0,,strict,MXene and MAX Phase Materials,23488465,MXene and MAX Phase Materials,MXene and MAX Phase Materials,0,2025
https://openalex.org/W4308349070,2022,Surface modification of two-dimensional layered double hydroxide nanoparticles with biopolymers for biomedical applications,graphene_2d_materials,Materials Chemistry,21394817,21394817,0,,W4308349070,10.1016/j.addr.2022.114590,85,232,openalex_v3_query_core,0,,strict,Layered Double Hydroxides Synthesis and Applications,21394817,Layered Double Hydroxides Synthesis and Applications,Layered Double Hydroxides Synthesis and Applications,0,2025
https://openalex.org/W4312212868,2022,A Review on the Status and Challenges of Cathodes in Room‐Temperature Na‐S Batteries,graphene_2d_materials,Electrical and Electronic Engineering,19027124,19027124,0,,W4312212868,10.1002/adfm.202212600,85,169,openalex_v3_query_core,0,,strict,Advanced Battery Materials and Technologies,19027124,Advanced Battery Materials and Technologies,Advanced Battery Materials and Technologies,0,2025
https://openalex.org/W4322732951,2023,Graphene quantum dots: A comprehensive overview,graphene_2d_materials,Materials Chemistry,21291853,21291853,0,,W4322732951,10.1515/chem-2022-0285,85,75,openalex_v3_query_core,0,,strict,Carbon and Quantum Dots Applications,21291853,Carbon and Quantum Dots Applications,Carbon and Quantum Dots Applications,0,2025
https://openalex.org/W4366425780,2023,Nb2CTx-Based MXenes Most Recent Developments: From Principles to New Applications,graphene_2d_materials,Materials Chemistry,23488465,23488465,0,,W4366425780,10.3390/en16083520,85,134,openalex_v3_query_core,0,,strict,MXene and MAX Phase Materials,23488465,MXene and MAX Phase Materials,MXene and MAX Phase Materials,0,2025
https://openalex.org/W4387164413,2023,Parallel perception of visual motion using light-tunable memory matrix,graphene_2d_materials,Electrical and Electronic Engineering,19077560,19077560,0,,W4387164413,10.1126/sciadv.adi4083,85,51,openalex_v3_query_core,0,,strict,Advanced Memory and Neural Computing,19077560,Advanced Memory and Neural Computing,Advanced Memory and Neural Computing,0,2025
https://openalex.org/W4387670344,2023,Active Site Engineering in Reticular Covalent Organic Frameworks for Photocatalytic CO<sub>2</sub> Reduction,graphene_2d_materials,Materials Chemistry,23488336,23488336,0,,W4387670344,10.1002/adfm.202309060,85,176,openalex_v3_query_core,0,,strict,Covalent Organic Framework Applications,23488336,Covalent Organic Framework Applications,Covalent Organic Framework Applications,0,2025
https://openalex.org/W4391792449,2024,Utilization of biochar for remediation of heavy metals in aqueous environments: A review and bibliometric analysis,graphene_2d_materials,Water Science and Technology,18991890,18991890,0,,W4391792449,10.1016/j.heliyon.2024.e25785,85,210,openalex_v3_query_core,0,,strict,Adsorption and biosorption for pollutant removal,18991890,Adsorption and biosorption for pollutant removal,Adsorption and biosorption for pollutant removal,0,2025
https://openalex.org/W4392760826,2024,Vacuum-ultraviolet (λ &lt; 200 nm) photodetector array,graphene_2d_materials,"Electronic, Optical and Magnetic Materials",23574011,23574011,0,,W4392760826,10.1186/s43074-024-00120-z,85,49,openalex_v3_query_core,0,,strict,Ga2O3 and related materials,23574011,Ga2O3 and related materials,Ga2O3 and related materials,0,2025
https://openalex.org/W2253240598,2016,Synthesis and applications of two-dimensional hexagonal boron nitride in electronics manufacturing,graphene_2d_materials,Materials Chemistry,18992804,18992804,0,,W2253240598,10.1007/s13391-015-5308-2,84,112,openalex_v3_query_core,0,,strict,Graphene research and applications,18992804,Graphene research and applications,Graphene research and applications,0,2025
https://openalex.org/W2542274455,2017,Strong Modulation of Spin Currents in Bilayer Graphene by Static and Fluctuating Proximity Exchange Fields,graphene_2d_materials,Materials Chemistry,18992804,18992804,0,,W2542274455,10.1103/physrevlett.118.187201,84,51,openalex_v3_query_core,0,,strict,Graphene research and applications,18992804,Graphene research and applications,Graphene research and applications,0,2025
https://openalex.org/W2743761178,2018,Unifying Optical Selection Rules for Excitons in Two Dimensions: Band Topology and Winding Numbers,graphene_2d_materials,Materials Chemistry,19026997,19026997,0,,W2743761178,10.1103/physrevlett.120.087402,84,33,openalex_v3_query_core,0,,strict,2D Materials and Applications,19026997,2D Materials and Applications,2D Materials and Applications,0,2025
https://openalex.org/W2786315323,2018,Transport and Field Emission Properties of MoS2 Bilayers,graphene_2d_materials,Materials Chemistry,19026997,19026997,0,,W2786315323,10.3390/nano8030151,84,68,openalex_v3_query_core,0,,strict,2D Materials and Applications,19026997,2D Materials and Applications,2D Materials and Applications,0,2025
https://openalex.org/W2809155315,2018,Superlubricity of epitaxial monolayer WS2 on graphene,graphene_2d_materials,Materials Chemistry,19026997,19026997,0,,W2809155315,10.1007/s12274-018-2108-7,84,48,openalex_v3_query_core,0,,strict,2D Materials and Applications,19026997,2D Materials and Applications,2D Materials and Applications,0,2025
https://openalex.org/W2897782486,2018,Quantum interference mediated vertical molecular tunneling transistors,graphene_2d_materials,Electrical and Electronic Engineering,19146336,19146336,0,,W2897782486,10.1126/sciadv.aat8237,84,36,openalex_v3_query_core,0,,strict,Molecular Junctions and Nanostructures,19146336,Molecular Junctions and Nanostructures,Molecular Junctions and Nanostructures,0,2025
https://openalex.org/W2902690125,2018,Restoring the photovoltaic effect in graphene-based van der Waals heterojunctions towards self-powered high-detectivity photodetectors,graphene_2d_materials,Materials Chemistry,19026997,19026997,0,,W2902690125,10.1016/j.nanoen.2018.12.004,84,55,openalex_v3_query_core,0,,strict,2D Materials and Applications,19026997,2D Materials and Applications,2D Materials and Applications,0,2025
https://openalex.org/W2903468391,2018,Influence of hBN orientation on the near-field radiative heat transfer between graphene/hBN heterostructures,graphene_2d_materials,Civil and Structural Engineering,23557105,23557105,0,,W2903468391,10.1117/1.jpe.9.032702,84,47,openalex_v3_query_core,0,,strict,Thermal Radiation and Cooling Technologies,23557105,Thermal Radiation and Cooling Technologies,Thermal Radiation and Cooling Technologies,0,2025
https://openalex.org/W2903711513,2018,"A solid-state passively Q-switched Tm,Gd:CaF <sub>2</sub> laser with a Ti <sub>3</sub> C <sub>2</sub> T <sub> <i>x</i> </sub> MXene absorber near 2 <i>µ</i> m",graphene_2d_materials,Materials Chemistry,23488465,23488465,0,,W2903711513,10.1088/1612-202x/aaef99,84,36,openalex_v3_query_core,0,,strict,MXene and MAX Phase Materials,23488465,MXene and MAX Phase Materials,MXene and MAX Phase Materials,0,2025
https://openalex.org/W2962975895,2018,Multifrequency Superscattering from Subwavelength Hyperbolic Structures,graphene_2d_materials,Biomedical Engineering,19027259,19027259,0,,W2962975895,10.1021/acsphotonics.7b01534,84,47,openalex_v3_query_core,0,,strict,Plasmonic and Surface Plasmon Research,19027259,Plasmonic and Surface Plasmon Research,Plasmonic and Surface Plasmon Research,0,2025
https://openalex.org/W2944470234,2019,Atomic layer deposition of vanadium oxides: process and application review,graphene_2d_materials,Polymers and Plastics,21257275,21257275,0,,W2944470234,10.1016/j.mtchem.2019.03.004,84,220,openalex_v3_query_core,0,,strict,Transition Metal Oxide Nanomaterials,21257275,Transition Metal Oxide Nanomaterials,Transition Metal Oxide Nanomaterials,0,2025
https://openalex.org/W2999442122,2020,Advanced low‐dimensional carbon materials for flexible devices,graphene_2d_materials,"Electronic, Optical and Magnetic Materials",19009840,19009840,0,,W2999442122,10.1002/inf2.12073,84,91,openalex_v3_query_core,0,,strict,Supercapacitor Materials and Fabrication,19009840,Supercapacitor Materials and Fabrication,Supercapacitor Materials and Fabrication,0,2025
https://openalex.org/W3004949385,2020,Ultrasensitive Plasmon-Free Surface-Enhanced Raman Spectroscopy with Femtomolar Detection Limit from 2D van der Waals Heterostructure,graphene_2d_materials,"Electronic, Optical and Magnetic Materials",19009308,19009308,0,,W3004949385,10.1021/acs.nanolett.9b04645,84,49,openalex_v3_query_core,0,,strict,Gold and Silver Nanoparticles Synthesis and Applications,19009308,Gold and Silver Nanoparticles Synthesis and Applications,Gold and Silver Nanoparticles Synthesis and Applications,0,2025
https://openalex.org/W3005295489,2020,"Recent Advances on the Rational Design of Non-Precious Metal Oxide Catalysts Exemplified by CuOx/CeO2 Binary System: Implications of Size, Shape and Electronic Effects on Intrinsic Reactivity and Metal-Support Interactions",graphene_2d_materials,Materials Chemistry,19010095,19010095,0,,W3005295489,10.3390/catal10020160,84,309,openalex_v3_query_core,0,,strict,Catalytic Processes in Materials Science,19010095,Catalytic Processes in Materials Science,Catalytic Processes in Materials Science,0,2025
https://openalex.org/W3013460909,2020,Reconfigurable 2D/0D p–n Graphene/HgTe Nanocrystal Heterostructure for Infrared Detection,graphene_2d_materials,Materials Chemistry,18992804,18992804,0,,W3013460909,10.1021/acsnano.0c00103,84,64,openalex_v3_query_core,0,,strict,Graphene research and applications,18992804,Graphene research and applications,Graphene research and applications,0,2025
https://openalex.org/W3038634044,2020,Tunable strain soliton networks confine electrons in van der Waals materials,graphene_2d_materials,Materials Chemistry,19061322,19061322,0,,W3038634044,10.1038/s41567-020-0953-2,84,43,openalex_v3_query_core,0,,strict,Diamond and Carbon-based Materials Research,19061322,Diamond and Carbon-based Materials Research,Diamond and Carbon-based Materials Research,0,2025
https://openalex.org/W3043417535,2020,Odd- and even-denominator fractional quantum Hall states in monolayer WSe2,graphene_2d_materials,Materials Chemistry,19026997,19026997,0,,W3043417535,10.1038/s41565-020-0685-6,84,39,openalex_v3_query_core,0,,strict,2D Materials and Applications,19026997,2D Materials and Applications,2D Materials and Applications,0,2025
https://openalex.org/W3128691258,2021,Advanced development of metal oxide nanomaterials for H<sub>2</sub>gas sensing applications,graphene_2d_materials,Electrical and Electronic Engineering,19061184,19061184,0,,W3128691258,10.1039/d0ma00880j,84,314,openalex_v3_query_core,0,,strict,Gas Sensing Nanomaterials and Sensors,19061184,Gas Sensing Nanomaterials and Sensors,Gas Sensing Nanomaterials and Sensors,0,2025
https://openalex.org/W4200343235,2021,"Advances in Medical Wearable Biosensors: Design, Fabrication and Materials Strategies in Healthcare Monitoring",graphene_2d_materials,Biomedical Engineering,19043637,19043637,0,,W4200343235,10.3390/molecules27010165,84,178,openalex_v3_query_core,0,,strict,Advanced Sensor and Energy Harvesting Materials,19043637,Advanced Sensor and Energy Harvesting Materials,Advanced Sensor and Energy Harvesting Materials,0,2025
https://openalex.org/W4283017935,2022,High responsivity and flexible deep-UV phototransistor based on Ta-doped β-Ga2O3,graphene_2d_materials,"Electronic, Optical and Magnetic Materials",23574011,23574011,0,,W4283017935,10.1038/s41528-022-00179-3,84,61,openalex_v3_query_core,0,,strict,Ga2O3 and related materials,23574011,Ga2O3 and related materials,Ga2O3 and related materials,0,2025
https://openalex.org/W4288427411,2022,Stacking and Twisting of Freestanding Complex Oxide Thin Films,graphene_2d_materials,Materials Chemistry,18992932,18992932,0,,W4288427411,10.1002/adma.202203187,84,61,openalex_v3_query_core,0,,strict,ZnO doping and properties,18992932,ZnO doping and properties,ZnO doping and properties,0,2025
https://openalex.org/W4367044452,2023,High‐efficiency sodium storage of Co<sub>0.85</sub>Se/WSe<sub>2</sub> encapsulated in N‐doped carbon polyhedron via vacancy and heterojunction engineering,graphene_2d_materials,Electrical and Electronic Engineering,18991892,18991892,0,,W4367044452,10.1002/cey2.374,84,67,openalex_v3_query_core,0,,strict,Advancements in Battery Materials,18991892,Advancements in Battery Materials,Advancements in Battery Materials,0,2025
https://openalex.org/W4367678660,2023,Two-dimensional interface engineering of g-C3N4/g-C3N4 nanohybrid: Synergy between isotype and p-n heterojunctions for highly efficient photocatalytic CO2 reduction,graphene_2d_materials,"Renewable Energy, Sustainability and the Environment",18992678,18992678,0,,W4367678660,10.1016/j.cej.2023.143287,84,64,openalex_v3_query_core,0,,strict,Advanced Photocatalysis Techniques,18992678,Advanced Photocatalysis Techniques,Advanced Photocatalysis Techniques,0,2025
https://openalex.org/W4385614971,2023,Photocatalytic Self-Fenton System of g-C3N4-Based for Degradation of Emerging Contaminants: A Review of Advances and Prospects,graphene_2d_materials,"Renewable Energy, Sustainability and the Environment",18992678,18992678,0,,W4385614971,10.3390/molecules28155916,84,177,openalex_v3_query_core,0,,strict,Advanced Photocatalysis Techniques,18992678,Advanced Photocatalysis Techniques,Advanced Photocatalysis Techniques,0,2025
https://openalex.org/W4388694215,2023,Kinetic magnetism in triangular moiré materials,graphene_2d_materials,Condensed Matter Physics,21343860,21343860,0,,W4388694215,10.1038/s41586-023-06633-0,84,69,openalex_v3_query_core,0,,strict,Advanced Condensed Matter Physics,21343860,Advanced Condensed Matter Physics,Advanced Condensed Matter Physics,0,2025
https://openalex.org/W1976214109,2015,Reduced Graphene Oxide/Boron Nitride Composite Film as a Novel Binder-Free Anode for Lithium Ion Batteries with Enhanced Performances,graphene_2d_materials,Electrical and Electronic Engineering,18991892,18991892,0,,W1976214109,10.1016/j.electacta.2015.03.109,83,63,openalex_v3_query_core,0,,strict,Advancements in Battery Materials,18991892,Advancements in Battery Materials,Advancements in Battery Materials,0,2025
https://openalex.org/W2288998254,2015,Single Crystalline Film of Hexagonal Boron Nitride Atomic Monolayer by Controlling Nucleation Seeds and Domains,graphene_2d_materials,Materials Chemistry,18992804,18992804,0,,W2288998254,10.1038/srep16159,83,32,openalex_v3_query_core,0,,strict,Graphene research and applications,18992804,Graphene research and applications,Graphene research and applications,0,2025
https://openalex.org/W2754234914,2017,Schottky solar cell using few-layered transition metal dichalcogenides toward large-scale fabrication of semitransparent and flexible power generator,graphene_2d_materials,Materials Chemistry,19026997,19026997,0,,W2754234914,10.1038/s41598-017-12287-6,83,43,openalex_v3_query_core,0,,strict,2D Materials and Applications,19026997,2D Materials and Applications,2D Materials and Applications,0,2025
https://openalex.org/W2884544897,2018,Polarization‐Sensitive and Broadband Photodetection Based on a Mixed‐Dimensionality TiS<sub>3</sub>/Si p–n Junction,graphene_2d_materials,Materials Chemistry,19026997,19026997,0,,W2884544897,10.1002/adom.201800351,83,48,openalex_v3_query_core,0,,strict,2D Materials and Applications,19026997,2D Materials and Applications,2D Materials and Applications,0,2025
https://openalex.org/W3101825706,2018,Characterization of the second- and third-harmonic optical susceptibilities of atomically thin tungsten diselenide,graphene_2d_materials,Materials Chemistry,19026997,19026997,0,,W3101825706,,83,48,openalex_v3_query_core,0,,strict,2D Materials and Applications,19026997,2D Materials and Applications,2D Materials and Applications,0,2025
https://openalex.org/W2913813916,2019,Performance Analysis of Silicon and Blue Phosphorene/MoS2 Hetero-Structure Based SPR Sensor,graphene_2d_materials,Materials Chemistry,19026997,19026997,0,,W2913813916,10.1007/s13320-019-0533-1,83,19,openalex_v3_query_core,0,,strict,2D Materials and Applications,19026997,2D Materials and Applications,2D Materials and Applications,0,2025
https://openalex.org/W2943107775,2019,Phytotoxicity of Graphene Family Nanomaterials and Its Mechanisms: A Review,graphene_2d_materials,Biomedical Engineering,23591170,23591170,0,,W2943107775,10.3389/fchem.2019.00292,83,57,openalex_v3_query_core,0,,strict,Graphene and Nanomaterials Applications,23591170,Graphene and Nanomaterials Applications,Graphene and Nanomaterials Applications,0,2025
https://openalex.org/W2953902442,2019,Topological Floquet engineering of twisted bilayer graphene,graphene_2d_materials,"Atomic and Molecular Physics, and Optics",19095381,19095381,0,,W2953902442,10.1103/physrevresearch.1.023031,83,69,openalex_v3_query_core,0,,strict,Topological Materials and Phenomena,19095381,Topological Materials and Phenomena,Topological Materials and Phenomena,0,2025
https://openalex.org/W2969138054,2019,Strain induced valley degeneracy: a route to the enhancement of thermoelectric properties of monolayer WS<sub>2</sub>,graphene_2d_materials,Materials Chemistry,19026997,19026997,0,,W2969138054,10.1039/c9ra04470a,83,43,openalex_v3_query_core,0,,strict,2D Materials and Applications,19026997,2D Materials and Applications,2D Materials and Applications,0,2025
https://openalex.org/W2979887036,2019,Low-temperature monoclinic layer stacking in atomically thin CrI<sub>3</sub> crystals,graphene_2d_materials,Materials Chemistry,19026997,19026997,0,,W2979887036,10.1088/2053-1583/ab4c64,83,52,openalex_v3_query_core,0,,strict,2D Materials and Applications,19026997,2D Materials and Applications,2D Materials and Applications,0,2025
https://openalex.org/W3049073148,2020,Review—Towards the Two-Dimensional Hexagonal Boron Nitride (2D h-BN) Electrochemical Sensing Platforms,graphene_2d_materials,Materials Chemistry,18992804,18992804,0,,W3049073148,10.1149/1945-7111/abaf29,83,110,openalex_v3_query_core,0,,strict,Graphene research and applications,18992804,Graphene research and applications,Graphene research and applications,0,2025
https://openalex.org/W3099604208,2020,Theoretical calculation of a TiO <sub>2</sub> -based photocatalyst in the field of water splitting: A review,graphene_2d_materials,"Renewable Energy, Sustainability and the Environment",18992678,18992678,0,,W3099604208,10.1515/ntrev-2020-0085,83,182,openalex_v3_query_core,0,,strict,Advanced Photocatalysis Techniques,18992678,Advanced Photocatalysis Techniques,Advanced Photocatalysis Techniques,0,2025
https://openalex.org/W3165638327,2021,Engineered tunneling layer with enhanced impact ionization for detection improvement in graphene/silicon heterojunction photodetectors,graphene_2d_materials,Materials Chemistry,18992804,18992804,0,,W3165638327,10.1038/s41377-021-00553-2,83,47,openalex_v3_query_core,0,,strict,Graphene research and applications,18992804,Graphene research and applications,Graphene research and applications,0,2025
https://openalex.org/W3181368456,2021,Representative 2D-material-based nanocomposites and their emerging applications: a review,graphene_2d_materials,Materials Chemistry,18992804,18992804,0,,W3181368456,10.1039/d1ra03425a,83,168,openalex_v3_query_core,0,,strict,Graphene research and applications,18992804,Graphene research and applications,Graphene research and applications,0,2025
https://openalex.org/W3185756158,2021,"Two-dimensional heterostructures and their device applications: progress, challenges and opportunities—review",graphene_2d_materials,Materials Chemistry,19026997,19026997,0,,W3185756158,10.1088/1361-6463/ac16a4,83,222,openalex_v3_query_core,0,,strict,2D Materials and Applications,19026997,2D Materials and Applications,2D Materials and Applications,0,2025
https://openalex.org/W4210906847,2022,Complex Nanomaterials in Catalysis for Chemically Significant Applications: From Synthesis and Hydrocarbon Processing to Renewable Energy Applications,graphene_2d_materials,Organic Chemistry,23522781,23522781,0,,W4210906847,10.1155/2022/1552334,83,343,openalex_v3_query_core,0,,strict,Nanomaterials for catalytic reactions,23522781,Nanomaterials for catalytic reactions,Nanomaterials for catalytic reactions,0,2025
https://openalex.org/W4319078873,2023,Universal epitaxy of non-centrosymmetric two-dimensional single-crystal metal dichalcogenides,graphene_2d_materials,Materials Chemistry,19026997,19026997,0,,W4319078873,10.1038/s41467-023-36286-6,83,35,openalex_v3_query_core,0,,strict,2D Materials and Applications,19026997,2D Materials and Applications,2D Materials and Applications,0,2025
https://openalex.org/W4388983526,2023,Versatile MXenes as electrochemical sensors for heavy metal ions and phenolic moiety-containing industrial chemicals: recent development and prospects,graphene_2d_materials,Materials Chemistry,23488465,23488465,0,,W4388983526,10.1039/d3ma00362k,83,184,openalex_v3_query_core,0,,strict,MXene and MAX Phase Materials,23488465,MXene and MAX Phase Materials,MXene and MAX Phase Materials,0,2025
https://openalex.org/W4394872655,2024,Ultralow-power optoelectronic synaptic transistors based on polyzwitterion dielectrics for in-sensor reservoir computing,graphene_2d_materials,Electrical and Electronic Engineering,19077560,19077560,0,,W4394872655,10.1126/sciadv.adn4524,83,61,openalex_v3_query_core,0,,strict,Advanced Memory and Neural Computing,19077560,Advanced Memory and Neural Computing,Advanced Memory and Neural Computing,0,2025
https://openalex.org/W4404143912,2024,Understanding the active site in chameleon-like bifunctional catalyst for practical rechargeable zinc-air batteries,graphene_2d_materials,Electrical and Electronic Engineering,21343989,21343989,0,,W4404143912,10.1038/s41467-024-54019-1,83,54,openalex_v3_query_core,0,,strict,Advanced battery technologies research,21343989,Advanced battery technologies research,Advanced battery technologies research,0,2025
https://openalex.org/W4406086968,2025,Termination-acidity tailoring of molybdenum carbides for alkaline hydrogen evolution reaction,graphene_2d_materials,"Renewable Energy, Sustainability and the Environment",18992146,18992146,0,,W4406086968,10.1038/s41467-025-55854-6,83,64,openalex_v3_query_core,0,,strict,Electrocatalysts for Energy Conversion,18992146,Electrocatalysts for Energy Conversion,Electrocatalysts for Energy Conversion,0,2025
https://openalex.org/W2044929547,2014,Room Temperature Electroluminescence from Mechanically Formed van der Waals III–VI Homojunctions and Heterojunctions,graphene_2d_materials,Materials Chemistry,19026997,19026997,0,,W2044929547,10.1002/adom.201400202,82,25,openalex_v3_query_core,0,,strict,2D Materials and Applications,19026997,2D Materials and Applications,2D Materials and Applications,0,2025
https://openalex.org/W1581598396,2015,Moiré superlattice effects in graphene/boron‐nitride van der Waals heterostructures,graphene_2d_materials,Materials Chemistry,18992804,18992804,0,,W1581598396,10.1002/andp.201400204,82,167,openalex_v3_query_core,0,,strict,Graphene research and applications,18992804,Graphene research and applications,Graphene research and applications,0,2025
https://openalex.org/W2118419867,2015,High electron mobility and low carrier concentration of hydrothermally grown ZnO thin films on seeded a-plane sapphire at low temperature,graphene_2d_materials,Materials Chemistry,18992932,18992932,0,,W2118419867,10.1186/s11671-014-0715-0,82,45,openalex_v3_query_core,0,,strict,ZnO doping and properties,18992932,ZnO doping and properties,ZnO doping and properties,0,2025
https://openalex.org/W3099515461,2016,Electrically pumped single-defect light emitters in WSe$_2$,graphene_2d_materials,Materials Chemistry,19026997,19026997,0,,W3099515461,10.48550/arxiv.1605.01921,82,32,openalex_v3_query_core,0,,strict,2D Materials and Applications,19026997,2D Materials and Applications,2D Materials and Applications,0,2025
https://openalex.org/W2617425872,2017,Gate-controlled reversible rectifying behaviour in tunnel contacted atomically-thin MoS2 transistor,graphene_2d_materials,Materials Chemistry,19026997,19026997,0,,W2617425872,10.1038/s41467-017-01128-9,82,47,openalex_v3_query_core,0,,strict,2D Materials and Applications,19026997,2D Materials and Applications,2D Materials and Applications,0,2025
https://openalex.org/W2801659212,2018,Ultra-confined surface phonon polaritons in molecular layers of van der Waals dielectrics,graphene_2d_materials,Biomedical Engineering,19027259,19027259,0,,W2801659212,10.1038/s41467-018-04168-x,82,42,openalex_v3_query_core,0,,strict,Plasmonic and Surface Plasmon Research,19027259,Plasmonic and Surface Plasmon Research,Plasmonic and Surface Plasmon Research,0,2025
https://openalex.org/W2902233374,2018,Flat electronic bands in long sequences of rhombohedral-stacked graphene,graphene_2d_materials,Materials Chemistry,18992804,18992804,0,,W2902233374,10.1103/physrevb.97.245421,82,33,openalex_v3_query_core,0,,strict,Graphene research and applications,18992804,Graphene research and applications,Graphene research and applications,0,2025
https://openalex.org/W2959928186,2019,Light from van der Waals quantum tunneling devices,graphene_2d_materials,Materials Chemistry,19026997,19026997,0,,W2959928186,10.1038/s41467-018-08266-8,82,68,openalex_v3_query_core,0,,strict,2D Materials and Applications,19026997,2D Materials and Applications,2D Materials and Applications,0,2025
https://openalex.org/W2971658040,2019,Direct synthesis of two-dimensional MoS2 on p-type Si and application to solar hydrogen production,graphene_2d_materials,Materials Chemistry,19026997,19026997,0,,W2971658040,10.1038/s41427-019-0145-7,82,43,openalex_v3_query_core,0,,strict,2D Materials and Applications,19026997,2D Materials and Applications,2D Materials and Applications,0,2025
https://openalex.org/W3008951156,2020,Universal slow plasmons and giant field enhancement in atomically thin quasi-two-dimensional metals,graphene_2d_materials,Biomedical Engineering,19027259,19027259,0,,W3008951156,10.1038/s41467-020-14826-8,82,50,openalex_v3_query_core,0,,strict,Plasmonic and Surface Plasmon Research,19027259,Plasmonic and Surface Plasmon Research,Plasmonic and Surface Plasmon Research,0,2025
https://openalex.org/W3047590956,2020,A review of recent progress in thermoelectric materials through computational methods,graphene_2d_materials,Materials Chemistry,19060921,19060921,0,,W3047590956,10.1007/s40243-020-00175-5,82,217,openalex_v3_query_core,0,,strict,Advanced Thermoelectric Materials and Devices,19060921,Advanced Thermoelectric Materials and Devices,Advanced Thermoelectric Materials and Devices,0,2025
https://openalex.org/W3134983598,2021,2D Nanomaterials for Effective Energy Scavenging,graphene_2d_materials,Biomedical Engineering,19043637,19043637,0,,W3134983598,10.1007/s40820-021-00603-9,82,147,openalex_v3_query_core,0,,strict,Advanced Sensor and Energy Harvesting Materials,19043637,Advanced Sensor and Energy Harvesting Materials,Advanced Sensor and Energy Harvesting Materials,0,2025
https://openalex.org/W3177332736,2021,The Recent Progress of MEMS/NEMS Resonators,graphene_2d_materials,"Atomic and Molecular Physics, and Optics",21309021,21309021,0,,W3177332736,10.3390/mi12060724,82,146,openalex_v3_query_core,0,,strict,Mechanical and Optical Resonators,21309021,Mechanical and Optical Resonators,Mechanical and Optical Resonators,0,2025
https://openalex.org/W3194743368,2021,Advance Optical Properties and Emerging Applications of 2D Materials,graphene_2d_materials,Materials Chemistry,19026997,19026997,0,,W3194743368,10.3389/fmats.2021.721514,82,117,openalex_v3_query_core,0,,strict,2D Materials and Applications,19026997,2D Materials and Applications,2D Materials and Applications,0,2025
https://openalex.org/W3209166934,2021,Marcus inverted region of charge transfer from low-dimensional semiconductor materials,graphene_2d_materials,Materials Chemistry,19043499,19043499,0,,W3209166934,10.1038/s41467-021-26705-x,82,61,openalex_v3_query_core,0,,strict,Quantum Dots Synthesis And Properties,19043499,Quantum Dots Synthesis And Properties,Quantum Dots Synthesis And Properties,0,2025
https://openalex.org/W4210255644,2022,Oxygen vacancy-expedited ion diffusivity in transition-metal oxides for high-performance lithium-ion batteries,graphene_2d_materials,Electrical and Electronic Engineering,18991892,18991892,0,,W4210255644,10.1007/s40843-021-1909-5,82,63,openalex_v3_query_core,0,,strict,Advancements in Battery Materials,18991892,Advancements in Battery Materials,Advancements in Battery Materials,0,2025
https://openalex.org/W4210326980,2022,Silicon Nitride-BP-Based Surface Plasmon Resonance Highly Sensitive Biosensor for Virus SARS-CoV-2 Detection,graphene_2d_materials,Infectious Diseases,21360630,21360630,0,,W4210326980,10.1007/s11468-021-01589-1,82,46,openalex_v3_query_core,0,,strict,SARS-CoV-2 detection and testing,21360630,SARS-CoV-2 detection and testing,SARS-CoV-2 detection and testing,0,2025
https://openalex.org/W4210701718,2022,Magnetic Adsorbents for Wastewater Treatment: Advancements in Their Synthesis Methods,graphene_2d_materials,Water Science and Technology,18991890,18991890,0,,W4210701718,10.3390/ma15031053,82,253,openalex_v3_query_core,0,,strict,Adsorption and biosorption for pollutant removal,18991890,Adsorption and biosorption for pollutant removal,Adsorption and biosorption for pollutant removal,0,2025
https://openalex.org/W4212848754,2022,Unraveling the reaction mechanisms of electrode materials for sodium‐ion and potassium‐ion batteries by in situ transmission electron microscopy,graphene_2d_materials,Electrical and Electronic Engineering,18991892,18991892,0,,W4212848754,10.1002/idm2.12008,82,82,openalex_v3_query_core,0,,strict,Advancements in Battery Materials,18991892,Advancements in Battery Materials,Advancements in Battery Materials,0,2025
https://openalex.org/W4225008485,2022,Spin Waves and Magnetic Exchange Hamiltonian in CrSBr,graphene_2d_materials,Materials Chemistry,19026997,19026997,0,,W4225008485,10.1002/advs.202202467,82,56,openalex_v3_query_core,0,,strict,2D Materials and Applications,19026997,2D Materials and Applications,2D Materials and Applications,0,2025
https://openalex.org/W4226317137,2022,Material design and surface chemistry for advanced rechargeable zinc–air batteries,graphene_2d_materials,Electrical and Electronic Engineering,21343989,21343989,0,,W4226317137,10.1039/d1sc07212a,82,117,openalex_v3_query_core,0,,strict,Advanced battery technologies research,21343989,Advanced battery technologies research,Advanced battery technologies research,0,2025
https://openalex.org/W4282837834,2022,Plasmonic sensors based on graphene and graphene hybrid materials,graphene_2d_materials,Biomedical Engineering,19027259,19027259,0,,W4282837834,10.1186/s40580-022-00319-5,82,187,openalex_v3_query_core,0,,strict,Plasmonic and Surface Plasmon Research,19027259,Plasmonic and Surface Plasmon Research,Plasmonic and Surface Plasmon Research,0,2025
https://openalex.org/W4306406708,2022,Two-dimensional multiferroic material of metallic p-doped SnSe,graphene_2d_materials,Materials Chemistry,19026997,19026997,0,,W4306406708,10.1038/s41467-022-33917-2,82,61,openalex_v3_query_core,0,,strict,2D Materials and Applications,19026997,2D Materials and Applications,2D Materials and Applications,0,2025
https://openalex.org/W4312429776,2022,Recent progress in ZnCo<sub>2</sub>O<sub>4</sub>and its composites for energy storage and conversion: a review,graphene_2d_materials,Electrical and Electronic Engineering,18991892,18991892,0,,W4312429776,10.1039/d2ya00106c,82,291,openalex_v3_query_core,0,,strict,Advancements in Battery Materials,18991892,Advancements in Battery Materials,Advancements in Battery Materials,0,2025
https://openalex.org/W4385568577,2023,Screen‐Printing Technology for Scale Manufacturing of Perovskite Solar Cells,graphene_2d_materials,Electrical and Electronic Engineering,19026606,19026606,0,,W4385568577,10.1002/advs.202303992,82,218,openalex_v3_query_core,0,,strict,Perovskite Materials and Applications,19026606,Perovskite Materials and Applications,Perovskite Materials and Applications,0,2025
https://openalex.org/W4388200453,2023,"Recent Advances in Nanoscale Zero-Valent Iron (nZVI)-Based Advanced Oxidation Processes (AOPs): Applications, Mechanisms, and Future Prospects",graphene_2d_materials,Biomedical Engineering,23488860,23488860,0,,W4388200453,10.3390/nano13212830,82,159,openalex_v3_query_core,0,,strict,Environmental remediation with nanomaterials,23488860,Environmental remediation with nanomaterials,Environmental remediation with nanomaterials,0,2025
https://openalex.org/W4389175354,2023,High-performance van der Waals antiferroelectric CuCrP2S6-based memristors,graphene_2d_materials,Electrical and Electronic Engineering,19077560,19077560,0,,W4389175354,10.1038/s41467-023-43628-x,82,50,openalex_v3_query_core,0,,strict,Advanced Memory and Neural Computing,19077560,Advanced Memory and Neural Computing,Advanced Memory and Neural Computing,0,2025
https://openalex.org/W4390048692,2023,Terahertz Metamaterials for Biosensing Applications: A Review,graphene_2d_materials,Electrical and Electronic Engineering,19112537,19112537,0,,W4390048692,10.3390/bios14010003,82,149,openalex_v3_query_core,0,,strict,Terahertz technology and applications,19112537,Terahertz technology and applications,Terahertz technology and applications,0,2025
https://openalex.org/W2152829398,2014,Gate-dependent pseudospin mixing in graphene/boron nitride moiré superlattices,graphene_2d_materials,Materials Chemistry,18992804,18992804,0,,W2152829398,10.1038/nphys3075,81,37,openalex_v3_query_core,0,,strict,Graphene research and applications,18992804,Graphene research and applications,Graphene research and applications,0,2025
https://openalex.org/W2292541688,2016,"Synthesis and Characterization of Monometallic (Ag, Cu) and Bimetallic Ag-Cu Particles for Antibacterial and Antifungal Applications",graphene_2d_materials,Materials Chemistry,18992679,18992679,0,,W2292541688,10.1155/2016/2187940,81,61,openalex_v3_query_core,0,,strict,Nanoparticles: synthesis and applications,18992679,Nanoparticles: synthesis and applications,Nanoparticles: synthesis and applications,0,2025
https://openalex.org/W2511588787,2016,Bandgap renormalization and work function tuning in MoSe2/hBN/Ru(0001) heterostructures,graphene_2d_materials,Materials Chemistry,18992804,18992804,0,,W2511588787,10.1038/ncomms13843,81,48,openalex_v3_query_core,0,,strict,Graphene research and applications,18992804,Graphene research and applications,Graphene research and applications,0,2025
https://openalex.org/W2515650669,2016,"Review—Hexagonal Boron Nitride Epilayers: Growth, Optical Properties and Device Applications",graphene_2d_materials,Materials Chemistry,18992804,18992804,0,,W2515650669,10.1149/2.0031702jss,81,80,openalex_v3_query_core,0,,strict,Graphene research and applications,18992804,Graphene research and applications,Graphene research and applications,0,2025
https://openalex.org/W2595799683,2017,"Tuning Coupling Behavior of Stacked Heterostructures Based on MoS2, WS2, and WSe2",graphene_2d_materials,Materials Chemistry,19026997,19026997,0,,W2595799683,10.1038/srep44712,81,52,openalex_v3_query_core,0,,strict,2D Materials and Applications,19026997,2D Materials and Applications,2D Materials and Applications,0,2025
https://openalex.org/W2748340183,2017,Electrical control of the anomalous valley Hall effect in antiferrovalley bilayers,graphene_2d_materials,Materials Chemistry,19026997,19026997,0,,W2748340183,10.1038/s41535-017-0051-6,81,41,openalex_v3_query_core,0,,strict,2D Materials and Applications,19026997,2D Materials and Applications,2D Materials and Applications,0,2025
https://openalex.org/W2777099610,2017,Porous TiO2-Based Gas Sensors for Cyber Chemical Systems to Provide Security and Medical Diagnosis,graphene_2d_materials,Biomedical Engineering,21343603,21343603,0,,W2777099610,10.3390/s17122947,81,135,openalex_v3_query_core,0,,strict,Advanced Chemical Sensor Technologies,21343603,Advanced Chemical Sensor Technologies,Advanced Chemical Sensor Technologies,0,2025
https://openalex.org/W2787198481,2018,"Synthesis of 1T, 2H, and 6R Germanane Polytypes",graphene_2d_materials,Materials Chemistry,19026997,19026997,0,,W2787198481,10.1021/acs.chemmater.7b04990,81,48,openalex_v3_query_core,0,,strict,2D Materials and Applications,19026997,2D Materials and Applications,2D Materials and Applications,0,2025
https://openalex.org/W2806808063,2018,Hexagonal MoTe2 with Amorphous BN Passivation Layer for Improved Oxidation Resistance and Endurance of 2D Field Effect Transistors,graphene_2d_materials,Materials Chemistry,19026997,19026997,0,,W2806808063,10.1038/s41598-018-26751-4,81,45,openalex_v3_query_core,0,,strict,2D Materials and Applications,19026997,2D Materials and Applications,2D Materials and Applications,0,2025
https://openalex.org/W2883727210,2018,Aptamer-Based Biosensors to Detect Aquatic Phycotoxins and Cyanotoxins,graphene_2d_materials,Molecular Biology,19026082,19026082,0,,W2883727210,10.3390/s18072367,81,109,openalex_v3_query_core,0,,strict,Advanced biosensing and bioanalysis techniques,19026082,Advanced biosensing and bioanalysis techniques,Advanced biosensing and bioanalysis techniques,0,2025
https://openalex.org/W2904766141,2018,Ultimate limit in size and performance of WSe2 vertical diodes,graphene_2d_materials,Materials Chemistry,19026997,19026997,0,,W2904766141,10.1038/s41467-018-07820-8,81,48,openalex_v3_query_core,0,,strict,2D Materials and Applications,19026997,2D Materials and Applications,2D Materials and Applications,0,2025
https://openalex.org/W2907001001,2019,"Adsorption and anion exchange insight of indigo carmine onto CuAl-LDH/SWCNTs nanocomposite: kinetic, thermodynamic and isotherm analysis",graphene_2d_materials,Materials Chemistry,21394817,21394817,0,,W2907001001,10.1039/c8ra09562k,81,44,openalex_v3_query_core,0,,strict,Layered Double Hydroxides Synthesis and Applications,21394817,Layered Double Hydroxides Synthesis and Applications,Layered Double Hydroxides Synthesis and Applications,0,2025
https://openalex.org/W2922349798,2019,Electronic Coupling in Metallophthalocyanine–Transition Metal Dichalcogenide Mixed-Dimensional Heterojunctions,graphene_2d_materials,Materials Chemistry,19026997,19026997,0,,W2922349798,10.1021/acsnano.8b09166,81,56,openalex_v3_query_core,0,,strict,2D Materials and Applications,19026997,2D Materials and Applications,2D Materials and Applications,0,2025
https://openalex.org/W2990600336,2019,Length- and Thickness-Dependent Optical Response of Liquid-Exfoliated Transition Metal Dichalcogenides,graphene_2d_materials,Materials Chemistry,19026997,19026997,0,,W2990600336,10.1021/acs.chemmater.9b02905,81,86,openalex_v3_query_core,0,,strict,2D Materials and Applications,19026997,2D Materials and Applications,2D Materials and Applications,0,2025
https://openalex.org/W2999915048,2020,Liquid exfoliation of electronic grade ultrathin tin(II) sulfide (SnS) with intriguing optical response,graphene_2d_materials,Materials Chemistry,19026997,19026997,0,,W2999915048,10.1038/s41699-019-0135-1,81,64,openalex_v3_query_core,0,,strict,2D Materials and Applications,19026997,2D Materials and Applications,2D Materials and Applications,0,2025
https://openalex.org/W3009112473,2020,2D photonic memristor beyond graphene: progress and prospects,graphene_2d_materials,Electrical and Electronic Engineering,19077560,19077560,0,,W3009112473,10.1515/nanoph-2019-0543,81,126,openalex_v3_query_core,0,,strict,Advanced Memory and Neural Computing,19077560,Advanced Memory and Neural Computing,Advanced Memory and Neural Computing,0,2025
https://openalex.org/W3013215670,2020,Reviewing and understanding the stability mechanism of halide perovskite solar cells,graphene_2d_materials,Electrical and Electronic Engineering,19026606,19026606,0,,W3013215670,10.1002/inf2.12104,81,123,openalex_v3_query_core,0,,strict,Perovskite Materials and Applications,19026606,Perovskite Materials and Applications,Perovskite Materials and Applications,0,2025
https://openalex.org/W3028492685,2020,Substrate-Dependent Exciton Diffusion and Annihilation in Chemically Treated MoS<sub>2</sub> and WS<sub>2</sub>,graphene_2d_materials,Materials Chemistry,19026997,19026997,0,,W3028492685,10.1021/acs.jpcc.0c04000,81,68,openalex_v3_query_core,0,,strict,2D Materials and Applications,19026997,2D Materials and Applications,2D Materials and Applications,0,2025
https://openalex.org/W3080865650,2020,Laser‐Assisted Multilevel Non‐Volatile Memory Device Based on 2D van‐der‐Waals Few‐Layer‐ReS<sub>2</sub>/h‐BN/Graphene Heterostructures,graphene_2d_materials,Materials Chemistry,19026997,19026997,0,,W3080865650,10.1002/adfm.202001688,81,32,openalex_v3_query_core,0,,strict,2D Materials and Applications,19026997,2D Materials and Applications,2D Materials and Applications,0,2025
https://openalex.org/W3092876132,2020,Lithography-free IR polarization converters via orthogonal in-plane phonons in α-MoO3 flakes,graphene_2d_materials,Civil and Structural Engineering,23557105,23557105,0,,W3092876132,10.1038/s41467-020-19499-x,81,44,openalex_v3_query_core,0,,strict,Thermal Radiation and Cooling Technologies,23557105,Thermal Radiation and Cooling Technologies,Thermal Radiation and Cooling Technologies,0,2025
https://openalex.org/W3103043173,2020,Improving stability of organometallic-halide perovskite solar cells using exfoliation two-dimensional molybdenum chalcogenides,graphene_2d_materials,Electrical and Electronic Engineering,19026606,19026606,0,,W3103043173,10.1038/s41699-020-00173-1,81,52,openalex_v3_query_core,0,,strict,Perovskite Materials and Applications,19026606,Perovskite Materials and Applications,Perovskite Materials and Applications,0,2025
https://openalex.org/W3078296949,2021,"Synthesis, engineering, and theory of 2D van der Waals magnets",graphene_2d_materials,Materials Chemistry,19026997,19026997,0,,W3078296949,10.1063/5.0025658,81,119,openalex_v3_query_core,0,,strict,2D Materials and Applications,19026997,2D Materials and Applications,2D Materials and Applications,0,2025
https://openalex.org/W3080170657,2021,Direct imaging and electronic structure modulation of moiré superlattices at the 2D/3D interface,graphene_2d_materials,Materials Chemistry,19026997,19026997,0,,W3080170657,10.1038/s41467-021-21363-5,81,63,openalex_v3_query_core,0,,strict,2D Materials and Applications,19026997,2D Materials and Applications,2D Materials and Applications,0,2025
https://openalex.org/W3175251878,2021,Grain-boundary-rich polycrystalline monolayer WS2 film for attomolar-level Hg2+ sensors,graphene_2d_materials,Materials Chemistry,19026997,19026997,0,,W3175251878,10.1038/s41467-021-24254-x,81,55,openalex_v3_query_core,0,,strict,2D Materials and Applications,19026997,2D Materials and Applications,2D Materials and Applications,0,2025
https://openalex.org/W4205292458,2022,"Phosphorene, antimonene, silicene and siloxene based novel 2D electrode materials for supercapacitors-A brief review",graphene_2d_materials,"Electronic, Optical and Magnetic Materials",19009840,19009840,0,,W4205292458,10.1016/j.est.2022.104027,81,107,openalex_v3_query_core,0,,strict,Supercapacitor Materials and Fabrication,19009840,Supercapacitor Materials and Fabrication,Supercapacitor Materials and Fabrication,0,2025
https://openalex.org/W4285801703,2022,Optical Detection of Fat Concentration in Milk Using MXene-Based Surface Plasmon Resonance Structure,graphene_2d_materials,Molecular Biology,19026082,19026082,0,,W4285801703,10.3390/bios12070535,81,49,openalex_v3_query_core,0,,strict,Advanced biosensing and bioanalysis techniques,19026082,Advanced biosensing and bioanalysis techniques,Advanced biosensing and bioanalysis techniques,0,2025
https://openalex.org/W4309018740,2022,Reviewing the impact of halides on electrochemical CO<sub>2</sub>reduction,graphene_2d_materials,"Renewable Energy, Sustainability and the Environment",21361023,21361023,0,,W4309018740,10.26599/nre.2023.9120044,81,121,openalex_v3_query_core,0,,strict,CO2 Reduction Techniques and Catalysts,21361023,CO2 Reduction Techniques and Catalysts,CO2 Reduction Techniques and Catalysts,0,2025
https://openalex.org/W4365145614,2023,"Iron Oxide@Mesoporous Silica Core-Shell Nanoparticles as Multimodal Platforms for Magnetic Resonance Imaging, Magnetic Hyperthermia, Near-Infrared Light Photothermia, and Drug Delivery",graphene_2d_materials,Biomaterials,18992542,18992542,0,,W4365145614,10.3390/nano13081342,81,267,openalex_v3_query_core,0,,strict,Nanoparticle-Based Drug Delivery,18992542,Nanoparticle-Based Drug Delivery,Nanoparticle-Based Drug Delivery,0,2025
https://openalex.org/W4386117145,2023,MXene‐based Membranes for Drinking Water Production,graphene_2d_materials,Materials Chemistry,23488465,23488465,0,,W4386117145,10.1002/anie.202311138,81,163,openalex_v3_query_core,0,,strict,MXene and MAX Phase Materials,23488465,MXene and MAX Phase Materials,MXene and MAX Phase Materials,0,2025
https://openalex.org/W4386474278,2023,Magic-angle helical trilayer graphene,graphene_2d_materials,Materials Chemistry,18992804,18992804,0,,W4386474278,10.1126/sciadv.adi6063,81,113,openalex_v3_query_core,0,,strict,Graphene research and applications,18992804,Graphene research and applications,Graphene research and applications,0,2025
https://openalex.org/W4386848401,2023,A Review of the Current State of Magnetic Force Microscopy to Unravel the Magnetic Properties of Nanomaterials Applied in Biological Systems and Future Directions for Quantum Technologies,graphene_2d_materials,"Atomic and Molecular Physics, and Optics",19146467,19146467,0,,W4386848401,10.3390/nano13182585,81,381,openalex_v3_query_core,0,,strict,Force Microscopy Techniques and Applications,19146467,Force Microscopy Techniques and Applications,Force Microscopy Techniques and Applications,0,2025
https://openalex.org/W4387573682,2023,Thin‐Film Transistors for Integrated Circuits: Fundamentals and Recent Progress,graphene_2d_materials,Electrical and Electronic Engineering,19094984,19094984,0,,W4387573682,10.1002/adfm.202304409,81,315,openalex_v3_query_core,0,,strict,Thin-Film Transistor Technologies,19094984,Thin-Film Transistor Technologies,Thin-Film Transistor Technologies,0,2025
https://openalex.org/W4389056195,2023,Recent trends in synthesis of 2D MXene-based materials for sustainable environmental applications,graphene_2d_materials,Materials Chemistry,23488465,23488465,0,,W4389056195,10.1007/s42247-023-00591-z,81,221,openalex_v3_query_core,0,,strict,MXene and MAX Phase Materials,23488465,MXene and MAX Phase Materials,MXene and MAX Phase Materials,0,2025
https://openalex.org/W4390548042,2024,Roadmap on electromagnetic metamaterials and metasurfaces,graphene_2d_materials,"Electronic, Optical and Magnetic Materials",19026604,19026604,0,,W4390548042,10.1088/2515-7647/ad1a3b,81,525,openalex_v3_query_core,0,,strict,Metamaterials and Metasurfaces Applications,19026604,Metamaterials and Metasurfaces Applications,Metamaterials and Metasurfaces Applications,0,2025
https://openalex.org/W4397039820,2024,Polarization-driven band topology evolution in twisted MoTe2 and WSe2,graphene_2d_materials,Materials Chemistry,19026997,19026997,0,,W4397039820,10.1038/s41467-024-48511-x,81,76,openalex_v3_query_core,0,,strict,2D Materials and Applications,19026997,2D Materials and Applications,2D Materials and Applications,0,2025
https://openalex.org/W4400370508,2024,Photothermal CO2 conversion to ethanol through photothermal heterojunction-nanosheet arrays,graphene_2d_materials,"Renewable Energy, Sustainability and the Environment",18992678,18992678,0,,W4400370508,10.1038/s41467-024-49928-0,81,65,openalex_v3_query_core,0,,strict,Advanced Photocatalysis Techniques,18992678,Advanced Photocatalysis Techniques,Advanced Photocatalysis Techniques,0,2025
https://openalex.org/W4401072883,2024,Carbonyl Chemistry for Advanced Electrochemical Energy Storage Systems,graphene_2d_materials,Electrical and Electronic Engineering,21343989,21343989,0,,W4401072883,10.1021/acsnano.4c02307,81,320,openalex_v3_query_core,0,,strict,Advanced battery technologies research,21343989,Advanced battery technologies research,Advanced battery technologies research,0,2025
https://openalex.org/W1978459866,2012,Topological insulator nanostructures,graphene_2d_materials,"Atomic and Molecular Physics, and Optics",19095381,19095381,0,,W1978459866,10.1002/pssr.201206393,80,149,openalex_v3_query_core,0,,strict,Topological Materials and Phenomena,19095381,Topological Materials and Phenomena,Topological Materials and Phenomena,0,2025
https://openalex.org/W2289899172,2016,Na-ion Storage Performances of FeSex and Fe2O3 Hollow Nanoparticles-Decorated Reduced Graphene Oxide Balls prepared by Nanoscale Kirkendall Diffusion Process,graphene_2d_materials,Electrical and Electronic Engineering,18991892,18991892,0,,W2289899172,10.1038/srep22432,80,36,openalex_v3_query_core,0,,strict,Advancements in Battery Materials,18991892,Advancements in Battery Materials,Advancements in Battery Materials,0,2025
https://openalex.org/W2766475709,2017,Supramolecular networks stabilise and functionalise black phosphorus,graphene_2d_materials,Materials Chemistry,19026997,19026997,0,,W2766475709,10.1038/s41467-017-01797-6,80,75,openalex_v3_query_core,0,,strict,2D Materials and Applications,19026997,2D Materials and Applications,2D Materials and Applications,0,2025
https://openalex.org/W2785138541,2018,Large-grain MBE-grown GaSe on GaAs with a Mexican hat-like valence band dispersion,graphene_2d_materials,Materials Chemistry,19026997,19026997,0,,W2785138541,10.1038/s41699-017-0047-x,80,39,openalex_v3_query_core,0,,strict,2D Materials and Applications,19026997,2D Materials and Applications,2D Materials and Applications,0,2025
https://openalex.org/W2796478187,2018,Terahertz wave interaction with metallic nanostructures,graphene_2d_materials,Electrical and Electronic Engineering,19112537,19112537,0,,W2796478187,10.1515/nanoph-2017-0093,80,333,openalex_v3_query_core,0,,strict,Terahertz technology and applications,19112537,Terahertz technology and applications,Terahertz technology and applications,0,2025
https://openalex.org/W2947579675,2019,Large‐area high quality PtSe<sub>2</sub> thin film with versatile polarity,graphene_2d_materials,Materials Chemistry,19026997,19026997,0,,W2947579675,10.1002/inf2.12013,80,47,openalex_v3_query_core,0,,strict,2D Materials and Applications,19026997,2D Materials and Applications,2D Materials and Applications,0,2025
https://openalex.org/W2972014194,2019,Penta-Graphene as a Potential Gas Sensor for NOx Detection,graphene_2d_materials,Materials Chemistry,18992804,18992804,0,,W2972014194,10.1186/s11671-019-3142-4,80,50,openalex_v3_query_core,0,,strict,Graphene research and applications,18992804,Graphene research and applications,Graphene research and applications,0,2025
https://openalex.org/W2973479303,2019,Quantum Hall Effect Measurement of Spin–Orbit Coupling Strengths in Ultraclean Bilayer Graphene/WSe<sub>2</sub> Heterostructures,graphene_2d_materials,Materials Chemistry,18992804,18992804,0,,W2973479303,10.1021/acs.nanolett.9b02445,80,46,openalex_v3_query_core,0,,strict,Graphene research and applications,18992804,Graphene research and applications,Graphene research and applications,0,2025
https://openalex.org/W3007555669,2020,Exciton g-factors in monolayer and bilayer WSe2 from experiment and theory,graphene_2d_materials,Materials Chemistry,19026997,19026997,0,,W3007555669,10.1038/s41467-020-18019-1,80,57,openalex_v3_query_core,0,,strict,2D Materials and Applications,19026997,2D Materials and Applications,2D Materials and Applications,0,2025
https://openalex.org/W3043942841,2020,Ultrafast photoinduced band splitting and carrier dynamics in chiral tellurium nanosheets,graphene_2d_materials,Materials Chemistry,19026997,19026997,0,,W3043942841,10.1038/s41467-020-17766-5,80,84,openalex_v3_query_core,0,,strict,2D Materials and Applications,19026997,2D Materials and Applications,2D Materials and Applications,0,2025
https://openalex.org/W3045110190,2020,The highly-efficient light-emitting diodes based on transition metal dichalcogenides: from architecture to performance,graphene_2d_materials,Materials Chemistry,19026997,19026997,0,,W3045110190,10.1039/d0na00501k,80,133,openalex_v3_query_core,0,,strict,2D Materials and Applications,19026997,2D Materials and Applications,2D Materials and Applications,0,2025
https://openalex.org/W3105542688,2020,Single-photon emitters in hexagonal boron nitride: a review of progress,graphene_2d_materials,Materials Chemistry,19061322,19061322,0,,W3105542688,,80,199,openalex_v3_query_core,0,,strict,Diamond and Carbon-based Materials Research,19061322,Diamond and Carbon-based Materials Research,Diamond and Carbon-based Materials Research,0,2025
https://openalex.org/W3114090403,2020,"Synthesis, Characterization, and Photocatalytic Performance of ZnO–Graphene Nanocomposites: A Review",graphene_2d_materials,"Renewable Energy, Sustainability and the Environment",18992678,18992678,0,,W3114090403,10.3390/jcs5010004,80,168,openalex_v3_query_core,0,,strict,Advanced Photocatalysis Techniques,18992678,Advanced Photocatalysis Techniques,Advanced Photocatalysis Techniques,0,2025
https://openalex.org/W3123650899,2021,Shining light on transition metal sulfides: New choices as highly efficient antibacterial agents,graphene_2d_materials,"Renewable Energy, Sustainability and the Environment",18992678,18992678,0,,W3123650899,10.1007/s12274-021-3293-3,80,208,openalex_v3_query_core,0,,strict,Advanced Photocatalysis Techniques,18992678,Advanced Photocatalysis Techniques,Advanced Photocatalysis Techniques,0,2025
https://openalex.org/W3166270973,2021,Diverse electronic and magnetic properties of CrS2 enabling strain-controlled 2D lateral heterostructure spintronic devices,graphene_2d_materials,Materials Chemistry,19026997,19026997,0,,W3166270973,10.1038/s41524-021-00547-z,80,73,openalex_v3_query_core,0,,strict,2D Materials and Applications,19026997,2D Materials and Applications,2D Materials and Applications,0,2025
https://openalex.org/W3208969051,2021,Borophenes made easy,graphene_2d_materials,Materials Chemistry,21291852,21291852,0,,W3208969051,10.1126/sciadv.abk1490,80,67,openalex_v3_query_core,0,,strict,Boron and Carbon Nanomaterials Research,21291852,Boron and Carbon Nanomaterials Research,Boron and Carbon Nanomaterials Research,0,2025
https://openalex.org/W4229031765,2022,Review on Wearable Thermoelectric Generators: From Devices to Applications,graphene_2d_materials,Materials Chemistry,19060921,19060921,0,,W4229031765,10.3390/en15093375,80,116,openalex_v3_query_core,0,,strict,Advanced Thermoelectric Materials and Devices,19060921,Advanced Thermoelectric Materials and Devices,Advanced Thermoelectric Materials and Devices,0,2025
https://openalex.org/W4283808293,2022,Heterojunctions of rGO/Metal Oxide Nanocomposites as Promising Gas-Sensing Materials—A Review,graphene_2d_materials,Electrical and Electronic Engineering,19061184,19061184,0,,W4283808293,10.3390/nano12132278,80,213,openalex_v3_query_core,0,,strict,Gas Sensing Nanomaterials and Sensors,19061184,Gas Sensing Nanomaterials and Sensors,Gas Sensing Nanomaterials and Sensors,0,2025
https://openalex.org/W4289205975,2022,Functional Nanohybrids and Nanocomposites Development for the Removal of Environmental Pollutants and Bioremediation,graphene_2d_materials,"Renewable Energy, Sustainability and the Environment",18992678,18992678,0,,W4289205975,10.3390/molecules27154856,80,185,openalex_v3_query_core,0,,strict,Advanced Photocatalysis Techniques,18992678,Advanced Photocatalysis Techniques,Advanced Photocatalysis Techniques,0,2025
https://openalex.org/W4316928204,2023,3D Artificial Array Interface Engineering Enabling Dendrite-Free Stable Zn Metal Anode,graphene_2d_materials,Electrical and Electronic Engineering,21343989,21343989,0,,W4316928204,10.1007/s40820-022-01007-z,80,55,openalex_v3_query_core,0,,strict,Advanced battery technologies research,21343989,Advanced battery technologies research,Advanced battery technologies research,0,2025
https://openalex.org/W4360806723,2023,Polar meron-antimeron networks in strained and twisted bilayers,graphene_2d_materials,Materials Chemistry,19026997,19026997,0,,W4360806723,10.1038/s41467-023-37337-8,80,65,openalex_v3_query_core,0,,strict,2D Materials and Applications,19026997,2D Materials and Applications,2D Materials and Applications,0,2025
https://openalex.org/W4384485941,2023,In-sensor computing using a MoS2 photodetector with programmable spectral responsivity,graphene_2d_materials,Electrical and Electronic Engineering,19027263,19027263,0,,W4384485941,10.1038/s41467-023-40055-w,80,44,openalex_v3_query_core,0,,strict,Photonic and Optical Devices,19027263,Photonic and Optical Devices,Photonic and Optical Devices,0,2025
https://openalex.org/W4386417187,2023,Large and tunable magnetoresistance in van der Waals ferromagnet/semiconductor junctions,graphene_2d_materials,Materials Chemistry,19026997,19026997,0,,W4386417187,10.1038/s41467-023-41077-0,80,61,openalex_v3_query_core,0,,strict,2D Materials and Applications,19026997,2D Materials and Applications,2D Materials and Applications,0,2025
https://openalex.org/W4392088781,2024,Non-volatile rippled-assisted optoelectronic array for all-day motion detection and recognition,graphene_2d_materials,Electrical and Electronic Engineering,19077560,19077560,0,,W4392088781,10.1038/s41467-024-46050-z,80,40,openalex_v3_query_core,0,,strict,Advanced Memory and Neural Computing,19077560,Advanced Memory and Neural Computing,Advanced Memory and Neural Computing,0,2025
https://openalex.org/W4392102091,2024,Defects and Defect Engineering of Two-Dimensional Transition Metal Dichalcogenide (2D TMDC) Materials,graphene_2d_materials,Materials Chemistry,19026997,19026997,0,,W4392102091,10.3390/nano14050410,80,164,openalex_v3_query_core,0,,strict,2D Materials and Applications,19026997,2D Materials and Applications,2D Materials and Applications,0,2025
https://openalex.org/W4393391562,2024,Solid‐State Single‐Photon Sources: Recent Advances for Novel Quantum Materials,graphene_2d_materials,Artificial Intelligence,18992015,18992015,0,,W4393391562,10.1002/adfm.202315936,80,329,openalex_v3_query_core,0,,strict,Quantum Information and Cryptography,18992015,Quantum Information and Cryptography,Quantum Information and Cryptography,0,2025
https://openalex.org/W4298183868,2017,Excitonic Linewidth Approaching the Homogeneous Limit in MoS 2 -Based van der Waals Heterostructures,graphene_2d_materials,Materials Chemistry,19026997,19026997,0,,W4298183868,,79,0,openalex_v3_query_core,0,,strict,2D Materials and Applications,19026997,2D Materials and Applications,2D Materials and Applications,0,2025
https://openalex.org/W2794128995,2018,Characterization of the second- and third-harmonic optical susceptibilities of atomically thin tungsten diselenide,graphene_2d_materials,Materials Chemistry,19026997,19026997,0,,W2794128995,10.1038/s41598-018-28374-1,79,38,openalex_v3_query_core,0,,strict,2D Materials and Applications,19026997,2D Materials and Applications,2D Materials and Applications,0,2025
https://openalex.org/W3102257504,2018,All-optical control and super-resolution imaging of quantum emitters in layered materials,graphene_2d_materials,"Atomic and Molecular Physics, and Optics",19147258,19147258,0,,W3102257504,,79,38,openalex_v3_query_core,0,,strict,Advanced Fiber Laser Technologies,19147258,Advanced Fiber Laser Technologies,Advanced Fiber Laser Technologies,0,2025
https://openalex.org/W2939059549,2019,MoS2-Based Photodetectors Powered by Asymmetric Contact Structure with Large Work Function Difference,graphene_2d_materials,Materials Chemistry,19026997,19026997,0,,W2939059549,10.1007/s40820-019-0262-4,79,55,openalex_v3_query_core,0,,strict,2D Materials and Applications,19026997,2D Materials and Applications,2D Materials and Applications,0,2025
https://openalex.org/W2954860943,2019,Edge-Site Nanoengineering of WS<sub>2</sub> by Low-Temperature Plasma-Enhanced Atomic Layer Deposition for Electrocatalytic Hydrogen Evolution,graphene_2d_materials,Materials Chemistry,23488465,23488465,0,,W2954860943,10.1021/acs.chemmater.9b01008,79,74,openalex_v3_query_core,0,,strict,MXene and MAX Phase Materials,23488465,MXene and MAX Phase Materials,MXene and MAX Phase Materials,0,2025
https://openalex.org/W2999628341,2020,Temperature- and thickness-dependence of robust out-of-plane ferroelectricity in CVD grown ultrathin van der Waals α-In2Se3 layers,graphene_2d_materials,Materials Chemistry,19026997,19026997,0,,W2999628341,10.1007/s12274-020-2640-0,79,43,openalex_v3_query_core,0,,strict,2D Materials and Applications,19026997,2D Materials and Applications,2D Materials and Applications,0,2025
https://openalex.org/W3009860928,2020,Metal–organic chemical vapor deposition of 2D van der Waals materials—The challenges and the extensive future opportunities,graphene_2d_materials,Materials Chemistry,19026997,19026997,0,,W3009860928,10.1063/1.5142601,79,136,openalex_v3_query_core,0,,strict,2D Materials and Applications,19026997,2D Materials and Applications,2D Materials and Applications,0,2025
https://openalex.org/W3012086477,2020,Structure–Electronic Property Relationships of 2D Ruddlesden–Popper Tin- and Lead-based Iodide Perovskites,graphene_2d_materials,Electrical and Electronic Engineering,19026606,19026606,0,,W3012086477,10.1021/acsami.0c03061,79,93,openalex_v3_query_core,0,,strict,Perovskite Materials and Applications,19026606,Perovskite Materials and Applications,Perovskite Materials and Applications,0,2025
https://openalex.org/W3035631515,2020,Experimental and DFT Insights on Microflower g-C<sub>3</sub>N<sub>4</sub>/BiVO<sub>4</sub> Photocatalyst for Enhanced Photoelectrochemical Hydrogen Generation from Lake Water,graphene_2d_materials,"Renewable Energy, Sustainability and the Environment",18992678,18992678,0,,W3035631515,10.1021/acssuschemeng.0c02063,79,51,openalex_v3_query_core,0,,strict,Advanced Photocatalysis Techniques,18992678,Advanced Photocatalysis Techniques,Advanced Photocatalysis Techniques,0,2025
https://openalex.org/W3042366745,2021,Moiré excitons in MoSe2-WSe2 heterobilayers and heterotrilayers,graphene_2d_materials,Materials Chemistry,19026997,19026997,0,,W3042366745,10.1038/s41467-021-21822-z,79,56,openalex_v3_query_core,0,,strict,2D Materials and Applications,19026997,2D Materials and Applications,2D Materials and Applications,0,2025
https://openalex.org/W3134159868,2021,Current-induced switching of proximity-induced ferromagnetic surface states in a topological insulator,graphene_2d_materials,"Atomic and Molecular Physics, and Optics",19095381,19095381,0,,W3134159868,10.1038/s41467-021-21672-9,79,49,openalex_v3_query_core,0,,strict,Topological Materials and Phenomena,19095381,Topological Materials and Phenomena,Topological Materials and Phenomena,0,2025
https://openalex.org/W3135356037,2021,Symmetry Breaking and Nonlinear Electric Transport in van der Waals Nanostructures,graphene_2d_materials,Materials Chemistry,19026997,19026997,0,,W3135356037,10.1146/annurev-conmatphys-060220-100347,79,147,openalex_v3_query_core,0,,strict,2D Materials and Applications,19026997,2D Materials and Applications,2D Materials and Applications,0,2025
https://openalex.org/W3160378511,2021,Dynamics of 2D material membranes,graphene_2d_materials,Materials Chemistry,19026997,19026997,0,,W3160378511,10.1088/2053-1583/ac152c,79,182,openalex_v3_query_core,0,,strict,2D Materials and Applications,19026997,2D Materials and Applications,2D Materials and Applications,0,2025
https://openalex.org/W3183557950,2021,Magnetic-field-induced robust zero Hall plateau state in MnBi2Te4 Chern insulator,graphene_2d_materials,"Atomic and Molecular Physics, and Optics",19095381,19095381,0,,W3183557950,10.1038/s41467-021-25002-x,79,50,openalex_v3_query_core,0,,strict,Topological Materials and Phenomena,19095381,Topological Materials and Phenomena,Topological Materials and Phenomena,0,2025
https://openalex.org/W4296020461,2022,2D MXene Nanomaterials as Electrocatalysts for Hydrogen Evolution Reaction (HER): A Review,graphene_2d_materials,Materials Chemistry,23488465,23488465,0,,W4296020461,10.3390/mi13091499,79,172,openalex_v3_query_core,0,,strict,MXene and MAX Phase Materials,23488465,MXene and MAX Phase Materials,MXene and MAX Phase Materials,0,2025
https://openalex.org/W4391110694,2024,Novel nanocomposite-superlattices for low energy and high stability nanoscale phase-change memory,graphene_2d_materials,Materials Chemistry,21291463,21291463,0,,W4391110694,10.1038/s41467-023-42792-4,79,61,openalex_v3_query_core,0,,strict,Phase-change materials and chalcogenides,21291463,Phase-change materials and chalcogenides,Phase-change materials and chalcogenides,0,2025
https://openalex.org/W4409176918,2025,Heterojunction photocatalysts: where are they headed?,graphene_2d_materials,"Renewable Energy, Sustainability and the Environment",18992678,18992678,0,,W4409176918,10.1039/d5lf00037h,79,94,openalex_v3_query_core,0,,strict,Advanced Photocatalysis Techniques,18992678,Advanced Photocatalysis Techniques,Advanced Photocatalysis Techniques,0,2025
https://openalex.org/W2341733267,2016,Spin-orbital effects in metal-dichalcogenide semiconducting monolayers,graphene_2d_materials,Materials Chemistry,19026997,19026997,0,,W2341733267,10.1038/srep24093,78,95,openalex_v3_query_core,0,,strict,2D Materials and Applications,19026997,2D Materials and Applications,2D Materials and Applications,0,2025
https://openalex.org/W2522835015,2017,Casimir force phase transitions in the graphene family,graphene_2d_materials,"Atomic and Molecular Physics, and Optics",23522519,23522519,0,,W2522835015,10.1038/ncomms14699,78,52,openalex_v3_query_core,0,,strict,Quantum Electrodynamics and Casimir Effect,23522519,Quantum Electrodynamics and Casimir Effect,Quantum Electrodynamics and Casimir Effect,0,2025
https://openalex.org/W2586977575,2017,Probing the local nature of excitons and plasmons in few-layer MoS2,graphene_2d_materials,Materials Chemistry,19026997,19026997,0,,W2586977575,10.1038/s41699-017-0003-9,78,38,openalex_v3_query_core,0,,strict,2D Materials and Applications,19026997,2D Materials and Applications,2D Materials and Applications,0,2025
https://openalex.org/W2613266768,2017,Preparation of Nanowire like WSe2-Graphene Nanocomposite for Photocatalytic Reduction of CO2 into CH3OH with the Presence of Sacrificial Agents,graphene_2d_materials,"Renewable Energy, Sustainability and the Environment",18992678,18992678,0,,W2613266768,10.1038/s41598-017-02075-7,78,63,openalex_v3_query_core,0,,strict,Advanced Photocatalysis Techniques,18992678,Advanced Photocatalysis Techniques,Advanced Photocatalysis Techniques,0,2025
https://openalex.org/W2621055936,2017,Tunable electronic properties of arsenene/GaS van der Waals heterostructures,graphene_2d_materials,Materials Chemistry,19026997,19026997,0,,W2621055936,10.1039/c7ra03748a,78,46,openalex_v3_query_core,0,,strict,2D Materials and Applications,19026997,2D Materials and Applications,2D Materials and Applications,0,2025
https://openalex.org/W2791375536,2018,SERS Sensors: Recent Developments and a Generalized Classification Scheme Based on the Signal Origin,graphene_2d_materials,"Electronic, Optical and Magnetic Materials",19009308,19009308,0,,W2791375536,10.1146/annurev-anchem-061417-125724,78,156,openalex_v3_query_core,0,,strict,Gold and Silver Nanoparticles Synthesis and Applications,19009308,Gold and Silver Nanoparticles Synthesis and Applications,Gold and Silver Nanoparticles Synthesis and Applications,0,2025
https://openalex.org/W2794316459,2018,Large tunable valley splitting in edge-free graphene quantum dots on boron nitride,graphene_2d_materials,Materials Chemistry,18992804,18992804,0,,W2794316459,10.1038/s41565-018-0080-8,78,61,openalex_v3_query_core,0,,strict,Graphene research and applications,18992804,Graphene research and applications,Graphene research and applications,0,2025
https://openalex.org/W2831629073,2018,High-harmonic generation from few-layer hexagonal boron nitride: Evolution from monolayer to bulk response,graphene_2d_materials,Condensed Matter Physics,18992941,18992941,0,,W2831629073,10.1103/physrevb.98.165308,78,41,openalex_v3_query_core,0,,strict,GaN-based semiconductor devices and materials,18992941,GaN-based semiconductor devices and materials,GaN-based semiconductor devices and materials,0,2025
https://openalex.org/W2889580783,2018,Tailoring emergent spin phenomena in Dirac material heterostructures,graphene_2d_materials,"Atomic and Molecular Physics, and Optics",19095381,19095381,0,,W2889580783,10.1126/sciadv.aat9349,78,65,openalex_v3_query_core,0,,strict,Topological Materials and Phenomena,19095381,Topological Materials and Phenomena,Topological Materials and Phenomena,0,2025
https://openalex.org/W2909283212,2019,Effects of Defects on Band Structure and Excitons in WS<sub>2</sub> Revealed by Nanoscale Photoemission Spectroscopy,graphene_2d_materials,Materials Chemistry,19026997,19026997,0,,W2909283212,10.1021/acsnano.8b06574,78,46,openalex_v3_query_core,0,,strict,2D Materials and Applications,19026997,2D Materials and Applications,2D Materials and Applications,0,2025
https://openalex.org/W2920969210,2019,Aqueous proton-selective conduction across two-dimensional graphyne,graphene_2d_materials,Electrical and Electronic Engineering,19060406,19060406,0,,W2920969210,10.1038/s41467-019-09151-8,78,70,openalex_v3_query_core,0,,strict,Fuel Cells and Related Materials,19060406,Fuel Cells and Related Materials,Fuel Cells and Related Materials,0,2025
https://openalex.org/W2963574571,2019,The valley Zeeman effect in inter- and intra-valley trions in monolayer WSe2,graphene_2d_materials,Materials Chemistry,19026997,19026997,0,,W2963574571,10.1038/s41467-019-10228-7,78,42,openalex_v3_query_core,0,,strict,2D Materials and Applications,19026997,2D Materials and Applications,2D Materials and Applications,0,2025
https://openalex.org/W2974137514,2019,Novel approach to synthesize NiCo2S4 composite for high-performance supercapacitor application with different molar ratio of Ni and Co,graphene_2d_materials,"Electronic, Optical and Magnetic Materials",19009840,19009840,0,,W2974137514,10.1038/s41598-019-50165-5,78,55,openalex_v3_query_core,0,,strict,Supercapacitor Materials and Fabrication,19009840,Supercapacitor Materials and Fabrication,Supercapacitor Materials and Fabrication,0,2025
https://openalex.org/W2982364990,2019,Two-dimensional H-TiO2/MoS2(WS2) van der Waals heterostructures for visible-light photocatalysis and energy conversion,graphene_2d_materials,Materials Chemistry,19026997,19026997,0,,W2982364990,10.1016/j.apsusc.2019.144425,78,68,openalex_v3_query_core,0,,strict,2D Materials and Applications,19026997,2D Materials and Applications,2D Materials and Applications,0,2025
https://openalex.org/W2989728301,2019,Carrier multiplication in van der Waals layered transition metal dichalcogenides,graphene_2d_materials,Materials Chemistry,19026997,19026997,0,,W2989728301,10.1038/s41467-019-13325-9,78,52,openalex_v3_query_core,0,,strict,2D Materials and Applications,19026997,2D Materials and Applications,2D Materials and Applications,0,2025
https://openalex.org/W3004191183,2020,"Interlayer excitons in van der Waals heterostructures: Binding energy, Stark shift, and field-induced dissociation",graphene_2d_materials,Materials Chemistry,19026997,19026997,0,,W3004191183,10.1038/s41598-020-62431-y,78,87,openalex_v3_query_core,0,,strict,2D Materials and Applications,19026997,2D Materials and Applications,2D Materials and Applications,0,2025
https://openalex.org/W3043161406,2020,A Comprehensive Review on the Synthesis and Energy Applications of Nano-structured Metal Nitrides,graphene_2d_materials,Materials Chemistry,23488465,23488465,0,,W3043161406,10.3389/fmats.2020.00181,78,165,openalex_v3_query_core,0,,strict,MXene and MAX Phase Materials,23488465,MXene and MAX Phase Materials,MXene and MAX Phase Materials,0,2025
https://openalex.org/W3047141412,2020,High-mobility junction field-effect transistor via graphene/MoS2 heterointerface,graphene_2d_materials,Materials Chemistry,18992804,18992804,0,,W3047141412,10.1038/s41598-020-70038-6,78,60,openalex_v3_query_core,0,,strict,Graphene research and applications,18992804,Graphene research and applications,Graphene research and applications,0,2025
https://openalex.org/W3089167658,2020,Magnetic iron oxide/clay nanocomposites for adsorption and catalytic oxidation in water treatment applications,graphene_2d_materials,Water Science and Technology,18991890,18991890,0,,W3089167658,10.1515/chem-2020-0159,78,81,openalex_v3_query_core,0,,strict,Adsorption and biosorption for pollutant removal,18991890,Adsorption and biosorption for pollutant removal,Adsorption and biosorption for pollutant removal,0,2025
https://openalex.org/W3110395004,2020,Modulation of photocarrier relaxation dynamics in two-dimensional semiconductors,graphene_2d_materials,Materials Chemistry,19026997,19026997,0,,W3110395004,10.1038/s41377-020-00430-4,78,118,openalex_v3_query_core,0,,strict,2D Materials and Applications,19026997,2D Materials and Applications,2D Materials and Applications,0,2025
https://openalex.org/W3118245068,2021,"Recent Advanced on the MXene–Organic Hybrids: Design, Synthesis, and Their Applications",graphene_2d_materials,Materials Chemistry,23488465,23488465,0,,W3118245068,10.3390/nano11010166,78,118,openalex_v3_query_core,0,,strict,MXene and MAX Phase Materials,23488465,MXene and MAX Phase Materials,MXene and MAX Phase Materials,0,2025
https://openalex.org/W3211481358,2021,Phonon scattering and exciton localization: molding exciton flux in two dimensional disorder energy landscape,graphene_2d_materials,"Atomic and Molecular Physics, and Optics",18992017,18992017,0,,W3211481358,10.1186/s43593-021-00006-8,78,84,openalex_v3_query_core,0,,strict,Semiconductor Quantum Structures and Devices,18992017,Semiconductor Quantum Structures and Devices,Semiconductor Quantum Structures and Devices,0,2025
https://openalex.org/W3173161741,2022,Large-scale epitaxy of two-dimensional van der Waals room-temperature ferromagnet Fe5GeTe2,graphene_2d_materials,Materials Chemistry,19026997,19026997,0,,W3173161741,10.1038/s41699-022-00285-w,78,68,openalex_v3_query_core,0,,strict,2D Materials and Applications,19026997,2D Materials and Applications,2D Materials and Applications,0,2025
https://openalex.org/W4225006759,2022,"Vertically stacked, low-voltage organic ternary logic circuits including nonvolatile floating-gate memory transistors",graphene_2d_materials,Biomedical Engineering,19043637,19043637,0,,W4225006759,10.1038/s41467-022-29756-w,78,77,openalex_v3_query_core,0,,strict,Advanced Sensor and Energy Harvesting Materials,19043637,Advanced Sensor and Energy Harvesting Materials,Advanced Sensor and Energy Harvesting Materials,0,2025
https://openalex.org/W4294123214,2022,"Biodistribution, degradability and clearance of 2D materials for their biomedical applications",graphene_2d_materials,Biomedical Engineering,23591170,23591170,0,,W4294123214,10.1039/d1cs01070k,78,74,openalex_v3_query_core,0,,strict,Graphene and Nanomaterials Applications,23591170,Graphene and Nanomaterials Applications,Graphene and Nanomaterials Applications,0,2025
https://openalex.org/W4319232926,2023,Chiral excitonic order from twofold van Hove singularities in kagome metals,graphene_2d_materials,"Atomic and Molecular Physics, and Optics",19095381,19095381,0,,W4319232926,10.1038/s41467-023-35987-2,78,80,openalex_v3_query_core,0,,strict,Topological Materials and Phenomena,19095381,Topological Materials and Phenomena,Topological Materials and Phenomena,0,2025
https://openalex.org/W4366769767,2023,Advances in organic semiconductors for photocatalytic hydrogen evolution reaction,graphene_2d_materials,"Renewable Energy, Sustainability and the Environment",18992678,18992678,0,,W4366769767,10.1039/d3ey00047h,78,130,openalex_v3_query_core,0,,strict,Advanced Photocatalysis Techniques,18992678,Advanced Photocatalysis Techniques,Advanced Photocatalysis Techniques,0,2025
https://openalex.org/W4386979752,2023,Direct Ink Writing 3D Printing for High‐Performance Electrochemical Energy Storage Devices: A Minireview,graphene_2d_materials,"Electronic, Optical and Magnetic Materials",19009840,19009840,0,,W4386979752,10.1002/advs.202303716,78,146,openalex_v3_query_core,0,,strict,Supercapacitor Materials and Fabrication,19009840,Supercapacitor Materials and Fabrication,Supercapacitor Materials and Fabrication,0,2025
https://openalex.org/W4387405990,2023,Transferable equivariant graph neural networks for the Hamiltonians of molecules and solids,graphene_2d_materials,Materials Chemistry,21394825,21394825,0,,W4387405990,10.1038/s41524-023-01130-4,78,78,openalex_v3_query_core,0,,strict,Machine Learning in Materials Science,21394825,Machine Learning in Materials Science,Machine Learning in Materials Science,0,2025
https://openalex.org/W4388763350,2023,"Highly Thermoconductive, Strong Graphene-Based Composite Films by Eliminating Nanosheets Wrinkles",graphene_2d_materials,Materials Chemistry,21275090,21275090,0,,W4388763350,10.1007/s40820-023-01252-w,78,72,openalex_v3_query_core,0,,strict,Thermal properties of materials,21275090,Thermal properties of materials,Thermal properties of materials,0,2025
https://openalex.org/W4389510113,2023,One-dimensionally oriented self-assembly of ordered mesoporous nanofibers featuring tailorable mesophases via kinetic control,graphene_2d_materials,"Electronic, Optical and Magnetic Materials",19009840,19009840,0,,W4389510113,10.1038/s41467-023-43963-z,78,58,openalex_v3_query_core,0,,strict,Supercapacitor Materials and Fabrication,19009840,Supercapacitor Materials and Fabrication,Supercapacitor Materials and Fabrication,0,2025
https://openalex.org/W4392731365,2024,Wearable respiratory sensors for health monitoring,graphene_2d_materials,Biomedical Engineering,19043637,19043637,0,,W4392731365,10.1038/s41427-023-00513-9,78,281,openalex_v3_query_core,0,,strict,Advanced Sensor and Energy Harvesting Materials,19043637,Advanced Sensor and Energy Harvesting Materials,Advanced Sensor and Energy Harvesting Materials,0,2025
https://openalex.org/W4409406251,2025,Low-Power Memristor for Neuromorphic Computing: From Materials to Applications,graphene_2d_materials,Electrical and Electronic Engineering,19077560,19077560,0,,W4409406251,10.1007/s40820-025-01705-4,78,147,openalex_v3_query_core,0,,strict,Advanced Memory and Neural Computing,19077560,Advanced Memory and Neural Computing,Advanced Memory and Neural Computing,0,2025
https://openalex.org/W2218684458,2015,"Structural, electronic and vibrational properties of few-layer 2H- and 1T-TaSe2",graphene_2d_materials,Materials Chemistry,19026997,19026997,0,,W2218684458,10.1038/srep16646,77,62,openalex_v3_query_core,0,,strict,2D Materials and Applications,19026997,2D Materials and Applications,2D Materials and Applications,0,2025
https://openalex.org/W2270353087,2015,Revealing the planar chemistry of two-dimensional heterostructures at the atomic level,graphene_2d_materials,Materials Chemistry,18992804,18992804,0,,W2270353087,10.1038/ncomms8482,77,29,openalex_v3_query_core,0,,strict,Graphene research and applications,18992804,Graphene research and applications,Graphene research and applications,0,2025
https://openalex.org/W2527525421,2016,Hexagonal Boron Nitride Tunnel Barriers Grown on Graphite by High Temperature Molecular Beam Epitaxy,graphene_2d_materials,Materials Chemistry,18992804,18992804,0,,W2527525421,10.1038/srep34474,77,51,openalex_v3_query_core,0,,strict,Graphene research and applications,18992804,Graphene research and applications,Graphene research and applications,0,2025
https://openalex.org/W2528301912,2016,Novel near-infrared emission from crystal defects in MoS2 multilayer flakes,graphene_2d_materials,Materials Chemistry,19026997,19026997,0,,W2528301912,10.1038/ncomms13044,77,24,openalex_v3_query_core,0,,strict,2D Materials and Applications,19026997,2D Materials and Applications,2D Materials and Applications,0,2025
https://openalex.org/W2529539032,2016,Electronic Band Structure of Transition Metal Dichalcogenides from Ab Initio and Slater–Koster Tight-Binding Model,graphene_2d_materials,Materials Chemistry,19026997,19026997,0,,W2529539032,10.3390/app6100284,77,51,openalex_v3_query_core,0,,strict,2D Materials and Applications,19026997,2D Materials and Applications,2D Materials and Applications,0,2025
https://openalex.org/W3102828315,2017,Size-tunable Lateral Confinement in Monolayer Semiconductors,graphene_2d_materials,Materials Chemistry,19026997,19026997,0,,W3102828315,10.1038/s41598-017-03594-z,77,75,openalex_v3_query_core,0,,strict,2D Materials and Applications,19026997,2D Materials and Applications,2D Materials and Applications,0,2025
https://openalex.org/W2757156083,2018,All-optical control and super-resolution imaging of quantum emitters in layered materials,graphene_2d_materials,Materials Chemistry,18992804,18992804,0,,W2757156083,10.1038/s41467-018-03290-0,77,31,openalex_v3_query_core,0,,strict,Graphene research and applications,18992804,Graphene research and applications,Graphene research and applications,0,2025
https://openalex.org/W2886638834,2018,Excess resistivity in graphene superlattices caused by umklapp electron–electron scattering,graphene_2d_materials,Materials Chemistry,18992804,18992804,0,,W2886638834,10.1038/s41567-018-0278-6,77,56,openalex_v3_query_core,0,,strict,Graphene research and applications,18992804,Graphene research and applications,Graphene research and applications,0,2025
https://openalex.org/W2890137553,2018,Introduction to Photonics: Principles and the Most Recent Applications of Microstructures,graphene_2d_materials,Electrical and Electronic Engineering,19027263,19027263,0,,W2890137553,10.3390/mi9090452,77,119,openalex_v3_query_core,0,,strict,Photonic and Optical Devices,19027263,Photonic and Optical Devices,Photonic and Optical Devices,0,2025
https://openalex.org/W2912656433,2019,"The Thermal, Electrical and Thermoelectric Properties of Graphene Nanomaterials",graphene_2d_materials,Materials Chemistry,18992804,18992804,0,,W2912656433,10.3390/nano9020218,77,168,openalex_v3_query_core,0,,strict,Graphene research and applications,18992804,Graphene research and applications,Graphene research and applications,0,2025
https://openalex.org/W2972774105,2019,Robust trap effect in transition metal dichalcogenides for advanced multifunctional devices,graphene_2d_materials,Materials Chemistry,19026997,19026997,0,,W2972774105,10.1038/s41467-019-12200-x,77,41,openalex_v3_query_core,0,,strict,2D Materials and Applications,19026997,2D Materials and Applications,2D Materials and Applications,0,2025
https://openalex.org/W3023260991,2020,2D materials integrated with metallic nanostructures: fundamentals and optoelectronic applications,graphene_2d_materials,Materials Chemistry,19026997,19026997,0,,W3023260991,10.1515/nanoph-2020-0074,77,265,openalex_v3_query_core,0,,strict,2D Materials and Applications,19026997,2D Materials and Applications,2D Materials and Applications,0,2025
https://openalex.org/W3025805732,2020,Improved Current Density and Magnetization Reconstruction Through Vector Magnetic Field Measurements,graphene_2d_materials,Materials Chemistry,19061322,19061322,0,,W3025805732,10.1103/physrevapplied.14.024076,77,70,openalex_v3_query_core,0,,strict,Diamond and Carbon-based Materials Research,19061322,Diamond and Carbon-based Materials Research,Diamond and Carbon-based Materials Research,0,2025
https://openalex.org/W3032905197,2020,In-Situ Growth of Metal Oxide Nanoparticles on Cellulose Nanofibrils for Dye Removal and Antimicrobial Applications,graphene_2d_materials,Biomaterials,19094850,19094850,0,,W3032905197,10.1021/acsanm.0c01511,77,49,openalex_v3_query_core,0,,strict,Advanced Cellulose Research Studies,19094850,Advanced Cellulose Research Studies,Advanced Cellulose Research Studies,0,2025
https://openalex.org/W3033789055,2020,Synthesis of Novel 1T/2H-MoS2 from MoO3 Nanowires with Enhanced Photocatalytic Performance,graphene_2d_materials,"Renewable Energy, Sustainability and the Environment",18992678,18992678,0,,W3033789055,10.3390/nano10061124,77,39,openalex_v3_query_core,0,,strict,Advanced Photocatalysis Techniques,18992678,Advanced Photocatalysis Techniques,Advanced Photocatalysis Techniques,0,2025
https://openalex.org/W3043414530,2020,Manipulating Charge and Energy Transfer between 2D Atomic Layers via Heterostructure Engineering,graphene_2d_materials,Materials Chemistry,19026997,19026997,0,,W3043414530,10.1021/acs.nanolett.0c01722,77,51,openalex_v3_query_core,0,,strict,2D Materials and Applications,19026997,2D Materials and Applications,2D Materials and Applications,0,2025
https://openalex.org/W3136111900,2021,Nanodevices engineering and spin transport properties of MnBi2Te4 monolayer,graphene_2d_materials,Materials Chemistry,19026997,19026997,0,,W3136111900,10.1038/s41524-021-00513-9,77,75,openalex_v3_query_core,0,,strict,2D Materials and Applications,19026997,2D Materials and Applications,2D Materials and Applications,0,2025
https://openalex.org/W3198000063,2021,Preparation of hexagonal nanoporous Al2O3/TiO2/TiN as a novel photodetector with high efficiency,graphene_2d_materials,Materials Chemistry,23539942,23539942,0,,W3198000063,10.1038/s41598-021-96200-2,77,83,openalex_v3_query_core,0,,strict,Anodic Oxide Films and Nanostructures,23539942,Anodic Oxide Films and Nanostructures,Anodic Oxide Films and Nanostructures,0,2025
https://openalex.org/W4220732226,2022,"MXene wearables: properties, fabrication strategies, sensing mechanism and applications",graphene_2d_materials,Materials Chemistry,23488465,23488465,0,,W4220732226,10.1039/d1ma01170g,77,123,openalex_v3_query_core,0,,strict,MXene and MAX Phase Materials,23488465,MXene and MAX Phase Materials,MXene and MAX Phase Materials,0,2025
https://openalex.org/W4365479613,2023,Multifunctional Optoelectronic Synapses Based on Arrayed MoS<sub>2</sub> Monolayers Emulating Human Association Memory,graphene_2d_materials,Electrical and Electronic Engineering,19077560,19077560,0,,W4365479613,10.1002/advs.202300120,77,40,openalex_v3_query_core,0,,strict,Advanced Memory and Neural Computing,19077560,Advanced Memory and Neural Computing,Advanced Memory and Neural Computing,0,2025
https://openalex.org/W4379659920,2023,"Material design, development, and trend for surface-enhanced Raman scattering substrates",graphene_2d_materials,"Electronic, Optical and Magnetic Materials",19009308,19009308,0,,W4379659920,10.1039/d3nr01456h,77,248,openalex_v3_query_core,0,,strict,Gold and Silver Nanoparticles Synthesis and Applications,19009308,Gold and Silver Nanoparticles Synthesis and Applications,Gold and Silver Nanoparticles Synthesis and Applications,0,2025
https://openalex.org/W4388824111,2023,Exploring the Roles of Single Atom in Hydrogen Peroxide Photosynthesis,graphene_2d_materials,"Renewable Energy, Sustainability and the Environment",18992678,18992678,0,,W4388824111,10.1007/s40820-023-01231-1,77,174,openalex_v3_query_core,0,,strict,Advanced Photocatalysis Techniques,18992678,Advanced Photocatalysis Techniques,Advanced Photocatalysis Techniques,0,2025
https://openalex.org/W4396815286,2024,Tunable superconductivity in electron- and hole-doped Bernal bilayer graphene,graphene_2d_materials,Materials Chemistry,18992804,18992804,0,,W4396815286,10.1038/s41586-024-07584-w,77,87,openalex_v3_query_core,0,,strict,Graphene research and applications,18992804,Graphene research and applications,Graphene research and applications,0,2025
https://openalex.org/W4401766440,2024,Advances and challenges in MXene-based electrocatalysts: unlocking the potential for sustainable energy conversion,graphene_2d_materials,Materials Chemistry,23488465,23488465,0,,W4401766440,10.1039/d4mh00845f,77,125,openalex_v3_query_core,0,,strict,MXene and MAX Phase Materials,23488465,MXene and MAX Phase Materials,MXene and MAX Phase Materials,0,2025
https://openalex.org/W1971178997,2014,Quantum spin Hall states in graphene interacting with WS2 or WSe2,graphene_2d_materials,Materials Chemistry,18992804,18992804,0,,W1971178997,10.1063/1.4903895,76,28,openalex_v3_query_core,0,,strict,Graphene research and applications,18992804,Graphene research and applications,Graphene research and applications,0,2025
https://openalex.org/W2020661743,2015,Synthesis of Large and Few Atomic Layers of Hexagonal Boron Nitride on Melted Copper,graphene_2d_materials,Materials Chemistry,18992804,18992804,0,,W2020661743,10.1038/srep07743,76,54,openalex_v3_query_core,0,,strict,Graphene research and applications,18992804,Graphene research and applications,Graphene research and applications,0,2025
https://openalex.org/W2419487044,2015,Electrically Tunable and Negative Schottky Barriers in Multi-layered Graphene/MoS2 Heterostructured Transistors,graphene_2d_materials,Materials Chemistry,18992804,18992804,0,,W2419487044,10.1038/srep13743,76,42,openalex_v3_query_core,0,,strict,Graphene research and applications,18992804,Graphene research and applications,Graphene research and applications,0,2025
https://openalex.org/W2303572614,2016,Scalable shear-exfoliation of high-quality phosphorene nanoflakes with reliable electrochemical cycleability in nano batteries,graphene_2d_materials,Materials Chemistry,19026997,19026997,0,,W2303572614,10.1088/2053-1583/3/2/025005,76,85,openalex_v3_query_core,0,,strict,2D Materials and Applications,19026997,2D Materials and Applications,2D Materials and Applications,0,2025
https://openalex.org/W2505526442,2016,Strong dichroic emission in the pseudo one dimensional material ZrS<sub>3</sub>,graphene_2d_materials,Materials Chemistry,19026997,19026997,0,,W2505526442,10.1039/c6nr05238j,76,53,openalex_v3_query_core,0,,strict,2D Materials and Applications,19026997,2D Materials and Applications,2D Materials and Applications,0,2025
https://openalex.org/W2528183595,2016,A Review of the Synthesis and Photoluminescence Properties of Hybrid ZnO and Carbon Nanomaterials,graphene_2d_materials,Materials Chemistry,21291853,21291853,0,,W2528183595,10.1155/2016/5320625,76,116,openalex_v3_query_core,0,,strict,Carbon and Quantum Dots Applications,21291853,Carbon and Quantum Dots Applications,Carbon and Quantum Dots Applications,0,2025
https://openalex.org/W2556090080,2016,Design of graphene-like gallium nitride and WS2/WSe2 nanocomposites for photocatalyst applications,graphene_2d_materials,Materials Chemistry,19026997,19026997,0,,W2556090080,10.1007/s40843-016-5122-3,76,62,openalex_v3_query_core,0,,strict,2D Materials and Applications,19026997,2D Materials and Applications,2D Materials and Applications,0,2025
https://openalex.org/W2775572884,2017,"The transport and optical sensing properties of MoS <sub>2</sub> , MoSe <sub>2</sub> , WS <sub>2</sub> and WSe <sub>2</sub> semiconducting transition metal dichalcogenides",graphene_2d_materials,Materials Chemistry,19026997,19026997,0,,W2775572884,10.1088/1361-6641/aaa168,76,26,openalex_v3_query_core,0,,strict,2D Materials and Applications,19026997,2D Materials and Applications,2D Materials and Applications,0,2025
https://openalex.org/W2735392874,2018,Piezoelectricity and valley chern number in inhomogeneous hexagonal 2D crystals,graphene_2d_materials,Materials Chemistry,19026997,19026997,0,,W2735392874,10.1038/s41699-018-0061-7,76,60,openalex_v3_query_core,0,,strict,2D Materials and Applications,19026997,2D Materials and Applications,2D Materials and Applications,0,2025
https://openalex.org/W2963788237,2019,Electronic and Optical Properties of Two-Dimensional Tellurene: From First-Principles Calculations,graphene_2d_materials,Materials Chemistry,19026997,19026997,0,,W2963788237,10.3390/nano9081075,76,60,openalex_v3_query_core,0,,strict,2D Materials and Applications,19026997,2D Materials and Applications,2D Materials and Applications,0,2025
https://openalex.org/W2965685520,2019,Unprecedented Piezoresistance Coefficient in Strained Silicon Carbide,graphene_2d_materials,Biomedical Engineering,21275085,21275085,0,,W2965685520,10.1021/acs.nanolett.9b02821,76,45,openalex_v3_query_core,0,,strict,Nanowire Synthesis and Applications,21275085,Nanowire Synthesis and Applications,Nanowire Synthesis and Applications,0,2025
https://openalex.org/W2985171304,2019,Tunable electronic and magnetic properties of graphene/carbon-nitride van der Waals heterostructures,graphene_2d_materials,Materials Chemistry,18992804,18992804,0,,W2985171304,10.1016/j.apsusc.2019.144450,76,83,openalex_v3_query_core,0,,strict,Graphene research and applications,18992804,Graphene research and applications,Graphene research and applications,0,2025
https://openalex.org/W3015002022,2020,Tunable electronic structure of two‐dimensional transition metal chalcogenides for optoelectronic applications,graphene_2d_materials,Materials Chemistry,19026997,19026997,0,,W3015002022,10.1515/nanoph-2019-0574,76,184,openalex_v3_query_core,0,,strict,2D Materials and Applications,19026997,2D Materials and Applications,2D Materials and Applications,0,2025
https://openalex.org/W3087577079,2020,Recent advancement in biomedical applications on the surface of two-dimensional materials: from biosensing to tissue engineering,graphene_2d_materials,Biomedical Engineering,23591170,23591170,0,,W3087577079,10.1039/d0nr05287f,76,223,openalex_v3_query_core,0,,strict,Graphene and Nanomaterials Applications,23591170,Graphene and Nanomaterials Applications,Graphene and Nanomaterials Applications,0,2025
https://openalex.org/W3154456197,2021,Recent Advances in TiO2-Based Heterojunctions for Photocatalytic CO2 Reduction With Water Oxidation: A Review,graphene_2d_materials,"Renewable Energy, Sustainability and the Environment",18992678,18992678,0,,W3154456197,10.3389/fchem.2021.637501,76,143,openalex_v3_query_core,0,,strict,Advanced Photocatalysis Techniques,18992678,Advanced Photocatalysis Techniques,Advanced Photocatalysis Techniques,0,2025
https://openalex.org/W3185701843,2021,Synthesis and Properties of Monolayer MnSe with Unusual Atomic Structure and Antiferromagnetic Ordering,graphene_2d_materials,Materials Chemistry,19026997,19026997,0,,W3185701843,10.1021/acsnano.1c05532,76,56,openalex_v3_query_core,0,,strict,2D Materials and Applications,19026997,2D Materials and Applications,2D Materials and Applications,0,2025
https://openalex.org/W3205921234,2021,Advances in Nanomaterials-Based Electrochemical Biosensors for Foodborne Pathogen Detection,graphene_2d_materials,Molecular Biology,19026082,19026082,0,,W3205921234,10.3390/nano11102700,76,159,openalex_v3_query_core,0,,strict,Advanced biosensing and bioanalysis techniques,19026082,Advanced biosensing and bioanalysis techniques,Advanced biosensing and bioanalysis techniques,0,2025
https://openalex.org/W4220951409,2022,Real-space nanoimaging of THz polaritons in the topological insulator Bi<sub>2</sub>Se<sub>3</sub>.,graphene_2d_materials,Biomedical Engineering,19027259,19027259,0,,W4220951409,10.1038/s41467-022-28791-x,76,71,openalex_v3_query_core,0,,strict,Plasmonic and Surface Plasmon Research,19027259,Plasmonic and Surface Plasmon Research,Plasmonic and Surface Plasmon Research,0,2025
https://openalex.org/W4225775874,2022,SnSe/SnS: Multifunctions Beyond Thermoelectricity,graphene_2d_materials,Materials Chemistry,19060921,19060921,0,,W4225775874,10.54227/mlab.20220006,76,257,openalex_v3_query_core,0,,strict,Advanced Thermoelectric Materials and Devices,19060921,Advanced Thermoelectric Materials and Devices,Advanced Thermoelectric Materials and Devices,0,2025
https://openalex.org/W4281786157,2022,Towards n-type conductivity in hexagonal boron nitride,graphene_2d_materials,Materials Chemistry,18992804,18992804,0,,W4281786157,10.1038/s41467-022-30762-1,76,65,openalex_v3_query_core,0,,strict,Graphene research and applications,18992804,Graphene research and applications,Graphene research and applications,0,2025
https://openalex.org/W4285147679,2022,Atomic and structural modifications of two-dimensional transition metal dichalcogenides for various advanced applications,graphene_2d_materials,Materials Chemistry,19026997,19026997,0,,W4285147679,10.1039/d2sc01398c,76,291,openalex_v3_query_core,0,,strict,2D Materials and Applications,19026997,2D Materials and Applications,2D Materials and Applications,0,2025
https://openalex.org/W4289523536,2022,Quantum Dots Compete at the Acme of MXene Family for the Optimal Catalysis,graphene_2d_materials,Materials Chemistry,23488465,23488465,0,,W4289523536,10.1007/s40820-022-00908-3,76,242,openalex_v3_query_core,0,,strict,MXene and MAX Phase Materials,23488465,MXene and MAX Phase Materials,MXene and MAX Phase Materials,0,2025
https://openalex.org/W4321372308,2023,Bright and Efficient Light‐Emitting Devices Based on 2D Transition Metal Dichalcogenides,graphene_2d_materials,Materials Chemistry,19026997,19026997,0,,W4321372308,10.1002/adma.202208054,76,440,openalex_v3_query_core,0,,strict,2D Materials and Applications,19026997,2D Materials and Applications,2D Materials and Applications,0,2025
https://openalex.org/W4361305861,2023,Recent Advances in Field Effect Transistor Biosensors: Designing Strategies and Applications for Sensitive Assay,graphene_2d_materials,Molecular Biology,19026082,19026082,0,,W4361305861,10.3390/bios13040426,76,98,openalex_v3_query_core,0,,strict,Advanced biosensing and bioanalysis techniques,19026082,Advanced biosensing and bioanalysis techniques,Advanced biosensing and bioanalysis techniques,0,2025
https://openalex.org/W4365151349,2023,Giant magnetoresistance of Dirac plasma in high-mobility graphene,graphene_2d_materials,Materials Chemistry,18992804,18992804,0,,W4365151349,10.1038/s41586-023-05807-0,76,95,openalex_v3_query_core,0,,strict,Graphene research and applications,18992804,Graphene research and applications,Graphene research and applications,0,2025
https://openalex.org/W4378173530,2023,Advanced Phase Change Materials from Natural Perspectives: Structural Design and Functional Applications,graphene_2d_materials,Mechanical Engineering,19146603,19146603,0,,W4378173530,10.1002/advs.202207652,76,210,openalex_v3_query_core,0,,strict,Phase Change Materials Research,19146603,Phase Change Materials Research,Phase Change Materials Research,0,2025
https://openalex.org/W4385064090,2023,Vertically grown ultrathin Bi2SiO5 as high-κ single-crystalline gate dielectric,graphene_2d_materials,Materials Chemistry,23574796,23574796,0,,W4385064090,10.1038/s41467-023-40123-1,76,56,openalex_v3_query_core,0,,strict,Electronic and Structural Properties of Oxides,23574796,Electronic and Structural Properties of Oxides,Electronic and Structural Properties of Oxides,0,2025
https://openalex.org/W4386753321,2023,Formulation of functional materials for inkjet printing: A pathway towards fully 3D printed electronics,graphene_2d_materials,Electrical and Electronic Engineering,21325914,21325914,0,,W4386753321,10.1016/j.mtelec.2023.100058,76,210,openalex_v3_query_core,0,,strict,Nanomaterials and Printing Technologies,21325914,Nanomaterials and Printing Technologies,Nanomaterials and Printing Technologies,0,2025
https://openalex.org/W4387422673,2023,Recent Advances in Photodetectors Based on Two-Dimensional Material/Si Heterojunctions,graphene_2d_materials,Materials Chemistry,19026997,19026997,0,,W4387422673,10.3390/app131911037,76,146,openalex_v3_query_core,0,,strict,2D Materials and Applications,19026997,2D Materials and Applications,2D Materials and Applications,0,2025
https://openalex.org/W4388789443,2023,Lattice-mismatch-free construction of III-V/chalcogenide core-shell heterostructure nanowires,graphene_2d_materials,Biomedical Engineering,21275085,21275085,0,,W4388789443,10.1038/s41467-023-43323-x,76,59,openalex_v3_query_core,0,,strict,Nanowire Synthesis and Applications,21275085,Nanowire Synthesis and Applications,Nanowire Synthesis and Applications,0,2025
https://openalex.org/W4392953242,2024,Emerging Frontiers of 2D Transition Metal Dichalcogenides in Photovoltaics Solar Cell,graphene_2d_materials,Materials Chemistry,19026997,19026997,0,,W4392953242,10.1002/adfm.202316175,76,238,openalex_v3_query_core,0,,strict,2D Materials and Applications,19026997,2D Materials and Applications,2D Materials and Applications,0,2025
https://openalex.org/W2233640943,2015,Facile synthesis of SnO<sub>2</sub>–PbS nanocomposites with controlled structure for applications in photocatalysis,graphene_2d_materials,Materials Chemistry,19043499,19043499,0,,W2233640943,10.1039/c5nr07036h,75,81,openalex_v3_query_core,0,,strict,Quantum Dots Synthesis And Properties,19043499,Quantum Dots Synthesis And Properties,Quantum Dots Synthesis And Properties,0,2025
https://openalex.org/W2414824409,2015,Atomically Sharp Interface in an h-BN-epitaxial graphene van der Waals Heterostructure,graphene_2d_materials,Materials Chemistry,18992804,18992804,0,,W2414824409,10.1038/srep16465,75,55,openalex_v3_query_core,0,,strict,Graphene research and applications,18992804,Graphene research and applications,Graphene research and applications,0,2025
https://openalex.org/W2569678346,2017,Luminescent hyperbolic metasurfaces,graphene_2d_materials,"Electronic, Optical and Magnetic Materials",19026604,19026604,0,,W2569678346,10.1038/ncomms13793,75,62,openalex_v3_query_core,0,,strict,Metamaterials and Metasurfaces Applications,19026604,Metamaterials and Metasurfaces Applications,Metamaterials and Metasurfaces Applications,0,2025
https://openalex.org/W2609028980,2017,Molecular Arrangement and Charge Transfer in C<sub>60</sub>/Graphene Heterostructures,graphene_2d_materials,Materials Chemistry,18992804,18992804,0,,W2609028980,10.1021/acsnano.7b00551,75,31,openalex_v3_query_core,0,,strict,Graphene research and applications,18992804,Graphene research and applications,Graphene research and applications,0,2025
https://openalex.org/W2612617602,2017,Carbon nanotubes as excitonic insulators,graphene_2d_materials,"Atomic and Molecular Physics, and Optics",19095381,19095381,0,,W2612617602,10.1038/s41467-017-01660-8,75,75,openalex_v3_query_core,0,,strict,Topological Materials and Phenomena,19095381,Topological Materials and Phenomena,Topological Materials and Phenomena,0,2025
https://openalex.org/W2765715568,2017,"The Advent of Indium Selenide: Synthesis, Electronic Properties, Ambient Stability and Applications",graphene_2d_materials,Materials Chemistry,19026997,19026997,0,,W2765715568,10.3390/nano7110372,75,98,openalex_v3_query_core,0,,strict,2D Materials and Applications,19026997,2D Materials and Applications,2D Materials and Applications,0,2025
https://openalex.org/W2768393020,2017,Effective mechanical properties of multilayer nano-heterostructures,graphene_2d_materials,Materials Chemistry,19026997,19026997,0,,W2768393020,10.1038/s41598-017-15664-3,75,89,openalex_v3_query_core,0,,strict,2D Materials and Applications,19026997,2D Materials and Applications,2D Materials and Applications,0,2025
https://openalex.org/W2789112977,2018,Spin inversion in graphene spin valves by gate-tunable magnetic proximity effect at one-dimensional contacts,graphene_2d_materials,Materials Chemistry,18992804,18992804,0,,W2789112977,10.1038/s41467-018-05358-3,75,35,openalex_v3_query_core,0,,strict,Graphene research and applications,18992804,Graphene research and applications,Graphene research and applications,0,2025
https://openalex.org/W2797775894,2018,A Perspective on the Application of Spatially Resolved ARPES for 2D Materials,graphene_2d_materials,Materials Chemistry,19026997,19026997,0,,W2797775894,10.3390/nano8050284,75,150,openalex_v3_query_core,0,,strict,2D Materials and Applications,19026997,2D Materials and Applications,2D Materials and Applications,0,2025
https://openalex.org/W2889056004,2018,Optimization of non-linear conductance modulation based on metal oxide memristors,graphene_2d_materials,Electrical and Electronic Engineering,19077560,19077560,0,,W2889056004,10.1515/ntrev-2018-0045,75,164,openalex_v3_query_core,0,,strict,Advanced Memory and Neural Computing,19077560,Advanced Memory and Neural Computing,Advanced Memory and Neural Computing,0,2025
https://openalex.org/W2892171000,2018,Water confined in two-dimensions: Fundamentals and applications,graphene_2d_materials,Materials Chemistry,18992804,18992804,0,,W2892171000,10.1016/j.surfrep.2018.09.001,75,389,openalex_v3_query_core,0,,strict,Graphene research and applications,18992804,Graphene research and applications,Graphene research and applications,0,2025
https://openalex.org/W2898393214,2018,Pulsed laser deposition of single-layer MoS<sub>2</sub> on Au(111): from nanosized crystals to large-area films,graphene_2d_materials,Materials Chemistry,19026997,19026997,0,,W2898393214,10.1039/c8na00126j,75,58,openalex_v3_query_core,0,,strict,2D Materials and Applications,19026997,2D Materials and Applications,2D Materials and Applications,0,2025
https://openalex.org/W2963741046,2018,Atomic Structure of Intrinsic and Electron-Irradiation-Induced Defects in MoTe<sub>2</sub>,graphene_2d_materials,Materials Chemistry,19026997,19026997,0,,W2963741046,10.1021/acs.chemmater.7b03760,75,50,openalex_v3_query_core,0,,strict,2D Materials and Applications,19026997,2D Materials and Applications,2D Materials and Applications,0,2025
https://openalex.org/W2944688181,2019,Sensitivity enhancement of surface plasmon resonance sensors with 2D franckeite nanosheets,graphene_2d_materials,Materials Chemistry,19026997,19026997,0,,W2944688181,10.1016/j.rinp.2019.102320,75,43,openalex_v3_query_core,0,,strict,2D Materials and Applications,19026997,2D Materials and Applications,2D Materials and Applications,0,2025
https://openalex.org/W2995033881,2019,Deep-learning-based quality filtering of mechanically exfoliated 2D crystals,graphene_2d_materials,Materials Chemistry,19026997,19026997,0,,W2995033881,10.1038/s41524-019-0262-4,75,44,openalex_v3_query_core,0,,strict,2D Materials and Applications,19026997,2D Materials and Applications,2D Materials and Applications,0,2025
https://openalex.org/W3000832342,2020,Signatures of a degenerate many-body state of interlayer excitons in a van der Waals heterostack,graphene_2d_materials,Materials Chemistry,19026997,19026997,0,,W3000832342,10.1103/physrevresearch.2.042044,75,42,openalex_v3_query_core,0,,strict,2D Materials and Applications,19026997,2D Materials and Applications,2D Materials and Applications,0,2025
https://openalex.org/W3004982607,2020,Bubble-Free Transfer Technique for High-Quality Graphene/Hexagonal Boron Nitride van der Waals Heterostructures,graphene_2d_materials,Materials Chemistry,18992804,18992804,0,,W3004982607,10.1021/acsami.9b19191,75,34,openalex_v3_query_core,0,,strict,Graphene research and applications,18992804,Graphene research and applications,Graphene research and applications,0,2025
https://openalex.org/W3007410927,2020,Surface/Interface Engineering for Constructing Advanced Nanostructured Photodetectors with Improved Performance: A Brief Review,graphene_2d_materials,Biomedical Engineering,21275085,21275085,0,,W3007410927,10.3390/nano10020362,75,128,openalex_v3_query_core,0,,strict,Nanowire Synthesis and Applications,21275085,Nanowire Synthesis and Applications,Nanowire Synthesis and Applications,0,2025
https://openalex.org/W3037152352,2020,A Novel Strategy of In Situ Trimerization of Cyano Groups Between the Ti3C2Tx (MXene) Interlayers for High-Energy and High-Power Sodium-Ion Capacitors,graphene_2d_materials,Materials Chemistry,23488465,23488465,0,,W3037152352,10.1007/s40820-020-00473-7,75,65,openalex_v3_query_core,0,,strict,MXene and MAX Phase Materials,23488465,MXene and MAX Phase Materials,MXene and MAX Phase Materials,0,2025
https://openalex.org/W3043617259,2020,Simulating Twistronics without a Twist,graphene_2d_materials,"Atomic and Molecular Physics, and Optics",19060664,19060664,0,,W3043617259,10.1103/physrevlett.125.030504,75,65,openalex_v3_query_core,0,,strict,Cold Atom Physics and Bose-Einstein Condensates,19060664,Cold Atom Physics and Bose-Einstein Condensates,Cold Atom Physics and Bose-Einstein Condensates,0,2025
https://openalex.org/W3081017623,2020,In situ nanoscale imaging of moiré superlattices in twisted van der Waals heterostructures,graphene_2d_materials,Materials Chemistry,19026997,19026997,0,,W3081017623,10.1038/s41467-020-18109-0,75,33,openalex_v3_query_core,0,,strict,2D Materials and Applications,19026997,2D Materials and Applications,2D Materials and Applications,0,2025
https://openalex.org/W3084407850,2020,Tunable Second Harmonic Generation in Twisted Bilayer Graphene,graphene_2d_materials,"Atomic and Molecular Physics, and Optics",19147258,19147258,0,,W3084407850,10.1016/j.matt.2020.08.018,75,59,openalex_v3_query_core,0,,strict,Advanced Fiber Laser Technologies,19147258,Advanced Fiber Laser Technologies,Advanced Fiber Laser Technologies,0,2025
https://openalex.org/W3106093951,2020,Nonlinear Optical Characterization of 2D Materials,graphene_2d_materials,Materials Chemistry,19026997,19026997,0,,W3106093951,10.3390/nano10112263,75,132,openalex_v3_query_core,0,,strict,2D Materials and Applications,19026997,2D Materials and Applications,2D Materials and Applications,0,2025
https://openalex.org/W3152807015,2021,Photoconductive PbSe thin films for infrared imaging,graphene_2d_materials,Electrical and Electronic Engineering,19078737,19078737,0,,W3152807015,10.1039/d0ma00965b,75,178,openalex_v3_query_core,0,,strict,Chalcogenide Semiconductor Thin Films,19078737,Chalcogenide Semiconductor Thin Films,Chalcogenide Semiconductor Thin Films,0,2025
