community,label,x,y
0,crispr: 3D Printing in Biomedical Research,-0.0470435835151938,0.0003051234384475
1,crispr: ATP Synthase and ATPases Research,0.4802977719092731,0.8279759915541814
2,crispr: Academic Publishing and Open Access,0.9765872864423476,-0.0080470497147534
3,crispr: Academic and Historical Perspectives in Psychology,0.3198039578418992,0.7319357048279749
4,crispr: Accounting Education and Careers,0.3871693210858722,0.6633718541252465
5,crispr: Acne and Rosacea Treatments and Effects,-0.1315255393117805,0.0137448642618121
6,crispr: Acoustic Wave Resonator Technologies,-0.753524341587221,0.6201354800057214
7,crispr: Actinomycetales infections and treatment,-0.1094498789072677,0.1535909544099247
8,crispr: Acupuncture Treatment Research Studies,-0.6837220185786471,-0.3948781722418112
9,crispr: Acute Myeloid Leukemia Research,0.0436637953175168,-0.0746113288144277
10,crispr: Adipose Tissue and Metabolism,0.0694902236803516,-0.0818298688302924
11,crispr: Administrative Law and Governance,-0.324095713008021,0.9005025630501259
12,crispr: Advanced Breast Cancer Therapies,0.0394026135897977,0.0975974027274043
13,crispr: Advanced Chemical Physics Studies,0.2402679013364608,0.8470585041043218
14,crispr: Advanced Data Compression Techniques,-0.9046878781112532,0.4461303496629419
15,crispr: Advanced Data Storage Technologies,0.5259429230167993,-0.8203811455672875
16,crispr: Advanced Database Systems and Queries,0.7510106678801137,0.0917383374391711
17,crispr: Advanced Drug Delivery Systems,-0.0402749826362431,0.9410152481689216
18,crispr: Advanced Fluorescence Microscopy Techniques,-0.0479704358919116,-0.044066499970755
19,crispr: Advanced MRI Techniques and Applications,0.6025591170269899,-0.4075884840002318
20,crispr: Advanced Mathematical Theories and Applications,-0.0669118325113602,0.1167859421747621
21,crispr: Advanced Measurement and Detection Methods,0.7950449781281035,-0.439699817084806
22,crispr: Advanced Multi-Objective Optimization Algorithms,-0.1708521116716949,-0.7256045237533809
23,crispr: Advanced Nanomaterials in Catalysis,-0.1164504631664874,0.1489270183657516
24,crispr: Advanced Proteomics Techniques and Applications,-0.0474043398746015,-0.0810475676499893
25,crispr: Advanced Statistical Process Monitoring,0.7022296728686146,0.20078615196878
26,crispr: Advanced Surface Polishing Techniques,-0.6519981544326663,-0.7084602650560887
27,crispr: Advanced Text Analysis Techniques,-0.188823472492059,-0.0757778841202959
28,crispr: Advanced Theoretical and Applied Studies in Material Sciences and Geometry,0.8466441144381042,0.377279122639421
29,crispr: Advanced Topics in Algebra,-0.1922714900393574,0.0685935749794805
30,crispr: Advanced biosensing and bioanalysis techniques,-0.0364730826508622,0.0161312763234551
31,crispr: Advancements in Transdermal Drug Delivery,0.7634161733434792,-0.1291734784824206
32,crispr: Advances in Cucurbitaceae Research,-0.6799970448991499,-0.5495916909720864
33,crispr: Aerogels and thermal insulation,0.0088055434292775,0.7821687765600751
34,"crispr: Aging, Health, and Disability",0.8106068709663625,0.5568838516425392
35,crispr: Agricultural Science and Fertilization,-0.0120744725210181,-0.8870823314673784
36,crispr: Agricultural and Biological Research,0.8466891834050463,-0.1913769610897251
37,crispr: Agricultural and Environmental Management,-0.4907632307917472,0.7631428938963735
38,crispr: Agricultural and Food Production Studies,-0.7482404205954876,-0.4942353866287053
39,crispr: Agriculture and Rural Development Research,0.605581281299439,0.4251416882146128
40,crispr: Air Traffic Management and Optimization,0.8977432106502082,-0.039759050420538
41,crispr: Algal biology and biofuel production,-0.0221121903810942,0.0265552868282751
42,crispr: Algebraic Geometry and Number Theory,-0.5886523472658268,-0.6251165659783605
43,crispr: Algorithms and Data Compression,-0.2394235195405142,-0.7587500573427748
44,crispr: Aluminum Alloy Microstructure Properties,0.833822501390382,-0.5728780632361794
45,crispr: Alzheimer's disease research and treatments,0.0023127410462068,0.0659742676699665
46,crispr: American Political and Social Dynamics,-0.6687232015292108,-0.7389709055748219
47,"crispr: Amyloidosis: Diagnosis, Treatment, Outcomes",-0.0581973150472001,-0.0053365018065912
48,crispr: Amyotrophic Lateral Sclerosis Research,0.0003961322878456,0.048430845608154
49,crispr: Anaerobic Digestion and Biogas Production,-0.0813773351775056,-0.0040542055048409
50,crispr: Analytical chemistry methods development,0.2959047485176491,0.8564055338859288
51,crispr: Ancient Egypt and Archaeology,-0.4728049980770873,-0.5850418592265875
52,crispr: Ancient and Medieval Archaeology Studies,0.6907846127674001,-0.5319662724239218
53,crispr: Angiogenesis and VEGF in Cancer,-0.0422183642061826,0.1184970899819285
54,crispr: Animal Behavior and Reproduction,-0.4711652213645917,-0.8229223026392863
55,crispr: Animal Behavior and Welfare Studies,0.5289164530727049,-0.6665854983877286
56,crispr: Animal Disease Management and Epidemiology,-0.0798533345524113,0.0125852938883361
57,crispr: Animal Genetics and Reproduction,-0.027933561150773,0.0449763759723981
58,crispr: Animal Law and Welfare,-0.6061751280552738,0.5434568518095828
59,crispr: Animal Nutrition and Physiology,0.585289317214084,-0.5899769831163226
60,crispr: Animal Virus Infections Studies,-0.086591614384455,0.022680860909782
61,crispr: Antibiotic Resistance in Bacteria,-0.0368481005108619,-0.0423003859080306
62,crispr: Antifungal resistance and susceptibility,0.0160507879140041,0.0491001795008381
63,crispr: Antimicrobial Peptides and Activities,-0.1120441584680779,0.0820520914770577
64,crispr: Antimicrobial Resistance in Staphylococcus,-0.0474353541804339,0.0511185207659221
65,crispr: Antioxidant Activity and Oxidative Stress,-0.066092920725913,-0.037727676060561
66,crispr: Aquaculture Nutrition and Growth,-0.5982770137872382,-0.7389313166440127
67,crispr: Aquaculture disease management and microbiota,-0.0183194178327829,-0.0416994714822222
68,crispr: Aquatic life and conservation,0.835440300226801,0.4244193303872217
69,crispr: Archaeological and Geological Studies,-0.278350459865785,0.757318699919117
70,crispr: Archaeological and Historical Studies,0.0854448542178824,-0.087176864901693
71,crispr: Archaeology and Cultural Heritage,0.3814928927921072,-0.9177501783661016
72,crispr: Archaeology and Rock Art Studies,-0.2470313485226017,-0.7833298443465313
73,"crispr: Architecture, Art, Education",-0.4733902284641654,-0.6367677528668289
74,"crispr: Architecture, Design, and Social History",0.0129587980371456,-0.1671370672946449
75,crispr: Arctic and Russian Policy Studies,0.311597054714705,-0.910946086905236
76,"crispr: Art, Politics, and Modernism",0.1745790946515437,-0.8236569397049347
77,"crispr: Arts, Culture, and Music Studies",0.0263091698728036,-0.7335511298413632
78,crispr: Asphalt Pavement Performance Evaluation,-0.8192635883265352,0.0443638823895572
79,crispr: Astro and Planetary Science,-0.6647994454706467,-0.639494650545889
80,crispr: Astrophysics and Cosmic Phenomena,0.7823498769785984,-0.1676445139104571
81,crispr: Atherosclerosis and Cardiovascular Diseases,0.0241514226250326,0.1216571381470973
82,crispr: Atmospheric and Environmental Gas Dynamics,0.749194719686556,0.5442597397606084
83,crispr: Attention Deficit Hyperactivity Disorder,0.4248784227793046,-0.8352267398880896
84,crispr: Auction Theory and Applications,0.8476441557736942,0.1823016662681254
85,crispr: Augmented Reality Applications,0.8208600569213436,0.1448836383910476
86,crispr: Australian History and Society,-0.6925100947338338,0.7515384879839418
87,crispr: Authorship Attribution and Profiling,-0.815561408888322,0.4390152969403605
88,crispr: Autism Spectrum Disorder Research,-0.0149296026195131,-0.0923581468114117
89,crispr: Autoimmune and Inflammatory Disorders Research,-0.0917759177708703,-0.0368202411471184
90,crispr: Automotive and Human Injury Biomechanics,-0.6214781341934595,0.4348346115955595
91,crispr: Autophagy in Disease and Therapy,-0.087441232646493,0.0422697271792464
92,crispr: Aviation Industry Analysis and Trends,-0.86822686496038,-0.246352681923293
93,crispr: Axon Guidance and Neuronal Signaling,0.0109734661058102,-0.1181514569231462
94,crispr: BRCA gene mutations in cancer,-0.8452801867683715,-0.085970536967918
95,crispr: Bacillus and Francisella bacterial research,-0.0589356580216909,0.0027598204251194
96,crispr: Bacterial Genetics and Biotechnology,-0.0470634236076825,0.0091537963725505
97,crispr: Bacterial Identification and Susceptibility Testing,0.0685499538907806,-0.0443465581762846
98,crispr: Bacterial Infections and Vaccines,0.0325844161957003,-0.0434515220356832
99,crispr: Bacterial biofilms and quorum sensing,0.0091728646756246,0.0173576726003373
100,crispr: Bacteriophages and microbial interactions,-0.0381894868303475,0.0115559143903953
101,crispr: Banana Cultivation and Research,-0.0458887242491997,0.0421390149604919
102,crispr: Barrier Structure and Function Studies,0.0571605451825209,-0.0348996293295229
103,crispr: Basque language and culture studies,-0.1093445173004789,0.0420743787703553
104,crispr: Bayesian Methods and Mixture Models,-0.1472829593470458,0.1906507557711613
105,crispr: Behavioral Health and Interventions,-0.6219072232817534,0.6065435187364286
106,crispr: Bioactive Natural Diterpenoids Research,-0.4546052357276494,0.8660072917660832
107,crispr: Biochemical and Molecular Research,-0.0254856693494572,-0.0433011158413167
108,crispr: Biochemical and biochemical processes,0.0603134782994312,-0.0065246318539574
109,crispr: Biodiesel Production and Applications,-0.7033227453352212,-0.4922176150982099
110,crispr: Biofuel production and bioconversion,-0.0807490152566485,-0.0172545422543819
111,crispr: Bioinformatics and Genomic Networks,-0.0013412044782818,-0.0344114033712253
112,crispr: Biomedical Ethics and Regulation,-0.5453777684013419,0.6571589295942545
113,crispr: Biopolymer Synthesis and Applications,-0.5009109958706364,-0.5613425272632687
114,crispr: Biosensors and Analytical Detection,-0.0192888661960078,-0.0023527610969933
115,crispr: Biotechnology and Related Fields,-0.4168080172029486,-0.6975727485026352
116,"crispr: Birth, Development, and Health",-0.9134663558818592,0.034845479891713
117,crispr: Black Holes and Theoretical Physics,0.7165619207721196,-0.3007174543839598
118,crispr: Bone Metabolism and Diseases,0.0259600809822601,0.1161522554641425
119,crispr: Botanical Research and Chemistry,-0.4513136023372066,0.7027312439022814
120,crispr: Brazilian cultural history and politics,-0.0100594325443841,0.8634126608143107
121,crispr: Building Energy and Comfort Optimization,-0.0138775200044162,0.021036344323746
122,"crispr: Bullying, Victimization, and Aggression",-0.9487920118432892,0.2545841929861794
123,crispr: Burkholderia infections and melioidosis,-0.0746531128147373,-0.0862266075728184
124,crispr: Business Process Modeling and Analysis,-0.8335641193274977,-0.5405489454033781
125,"crispr: Business, Education, Mathematics Research",-0.7040740018194914,-0.4178559142955853
126,crispr: CAR-T cell therapy research,-0.0374333939049553,0.0026262464507198
127,crispr: CRISPR,-0.2340580883628924,0.8792670809782035
128,crispr: CRISPR and Genetic Engineering,-0.0340085432189021,0.0100357596094874
129,crispr: Caching and Content Delivery,-0.7108940222609638,-0.7276860629796059
130,crispr: Calcium Carbonate Crystallization and Inhibition,-0.1348212325183508,0.9290796573494314
131,crispr: Canadian Identity and History,-0.4593813901440801,0.8142248960309396
132,crispr: Cancer Cells and Metastasis,0.0361591151912535,0.0127411919851539
133,crispr: Cancer Genomics and Diagnostics,0.0050259157515505,-0.0049658023213873
134,crispr: Cancer Immunotherapy and Biomarkers,-0.0658427267527408,-0.0257353945735745
135,crispr: Cancer Mechanisms and Therapy,-0.064094925933617,0.0941272895681476
136,crispr: Cancer therapeutics and mechanisms,-0.1131845081711054,-0.2206038147459516
137,"crispr: Cancer, Hypoxia, and Metabolism",-0.2614181700664204,0.0622959789825032
138,"crispr: Cancer, Stress, Anesthesia, and Immune Response",-0.5174058180836899,0.6952370352543522
139,crispr: Cancer-related Molecular Pathways,0.0506254002057409,-0.0743018281864964
140,crispr: Cancer-related gene regulation,-0.0039596191042507,-0.0213835224272675
141,crispr: Cancer-related molecular mechanisms research,-0.0472033660951825,0.0061989416532001
142,crispr: Carbohydrate Chemistry and Synthesis,-0.7814776880986374,0.3145732311124408
143,crispr: Carbon and Quantum Dots Applications,-0.9274424014967464,-0.356151782910495
144,crispr: Carcinogens and Genotoxicity Assessment,0.0240958045260515,-0.8046142109103802
145,crispr: Cardiac Arrest and Resuscitation,-0.7778308805925473,-0.1939739685721579
146,crispr: Cardiac Health and Mental Health,-0.7958789575192278,-0.474300783904481
147,crispr: Cardiac Ischemia and Reperfusion,-0.8143390649092166,0.5307604562235289
148,crispr: Cardiac Structural Anomalies and Repair,0.0092557287841208,0.0309933695241619
149,crispr: Cardiac electrophysiology and arrhythmias,0.5701543365929782,-0.6993524677364318
150,"crispr: Cardiac, Anesthesia and Surgical Outcomes",0.8046341569457093,-0.0211657535979359
151,crispr: Cardiomyopathy and Myosin Studies,0.0477335289454926,0.0068156280275627
152,crispr: Cardiovascular and exercise physiology,-0.5947588644153646,-0.5035138274060716
153,"crispr: Caribbean history, culture, and politics",-0.6563646947436987,0.3930464092776666
154,crispr: Cassava research and cyanide,-0.0543161856314424,0.0508804078137015
155,crispr: Catholicism and Religious Studies,-0.5095725069598975,0.5796502395390241
156,crispr: Celiac Disease Research and Management,0.7004549904982132,0.4743160709182725
157,crispr: Cell Adhesion Molecules Research,0.9678847397911836,-0.1252392354677466
158,crispr: Cell Image Analysis Techniques,0.0525014142965171,0.0054437798627709
159,crispr: Cell death mechanisms and regulation,0.0178095833778463,-0.0487234335857277
160,crispr: Cellular transport and secretion,0.0018434960669261,-0.0175334015670882
161,crispr: Cerebral Palsy and Movement Disorders,-0.7524121809324565,-0.2441461712881939
162,crispr: Cervical Cancer and HPV Research,0.0803417809897346,-0.0069456826831973
163,crispr: Chalcogenide Semiconductor Thin Films,0.4813333862581954,-0.525675866272188
164,crispr: Chemical Reactions and Isotopes,-0.1868818516553443,-0.0654334940236116
165,crispr: Chemical Synthesis and Analysis,-0.2472980021775264,0.0880038208644516
166,crispr: Chemical Synthesis and Characterization,-0.8173042391349957,-0.5979703639275044
167,crispr: Child and Adolescent Health,-0.8841106395135626,-0.0400738304560138
168,crispr: Chromatin Remodeling and Cancer,0.049123308520291,-0.0125057748261036
169,crispr: Chromium effects and bioremediation,-0.7491350891983728,-0.2835044244218734
170,crispr: Chromosomal and Genetic Variations,-0.0259617515198887,-0.016248574189117
171,crispr: Cinema History and Criticism,0.7106428250968437,0.4243137372782908
172,crispr: Cinema and Media Studies,-0.7552064535083362,0.5147665313019869
173,crispr: Circadian rhythm and melatonin,-0.1305109224311877,-0.1392692554112707
174,crispr: Circular RNAs in diseases,-0.0567700411038961,0.031852453604622
175,crispr: Classical Antiquity Studies,-0.0165404061902307,0.0663108453640711
176,crispr: Classical Philosophy and Thought,0.4117147577594082,-0.8784444049743108
177,crispr: Classical Studies and Legal History,0.6838157118241346,-0.2856105992784448
178,crispr: Click Chemistry and Applications,-0.0668603129860781,-0.0319175384627436
179,crispr: Clostridium difficile and Clostridium perfringens research,-0.0385364055783651,0.0304674046813192
180,crispr: Cloud Computing and Resource Management,-0.9503188689956664,-0.1935990053779839
181,"crispr: Coagulation, Bradykinin, Polyphosphates, and Angioedema",-0.1711688767516538,-0.0176922022937078
182,crispr: Coastal and Marine Dynamics,-0.0523149828843743,0.8764673342180244
183,crispr: Color Science and Applications,-0.5893178028955659,-0.7965940312586495
184,crispr: Colorectal Cancer Treatments and Studies,0.1559310762110943,-0.0477377551446558
185,crispr: Combustion and flame dynamics,0.4960625627176955,-0.6010466673652592
186,crispr: Community Development and Social Impact,-0.7095223231262823,0.3428706787727493
187,crispr: Comparative International Legal Studies,0.1394426602532581,0.0469700458251656
188,crispr: Comparative Literary Analysis and Criticism,0.5260183289563696,-0.6020868214851377
189,crispr: Comparative constitutional jurisprudence studies,0.9446281283188892,0.2291234884410762
190,crispr: Complement system in diseases,0.7226967490323135,-0.6068870933492528
191,crispr: Complex Network Analysis Techniques,0.6426609532688875,0.507813436257382
192,crispr: Complex Systems and Decision Making,-0.5390549784372217,0.7889396940153464
193,crispr: Computational Drug Discovery Methods,0.9056646980674302,-0.4254344467165262
194,crispr: Concrete Corrosion and Durability,0.0148227018211575,0.0550969693105964
195,"crispr: Conflict, Peace, and Violence in Colombia",-0.0285837387958949,0.7866233630205834
196,crispr: Congenital gastrointestinal and neural anomalies,-0.0601092286536193,0.1250547536717096
197,crispr: Congenital heart defects research,-0.0178176574786041,-0.0341882111872374
198,crispr: Connective tissue disorders research,-0.0489289878721116,-0.0896700586033285
199,crispr: Construction Project Management and Performance,0.1156947101535684,0.7568385433989973
200,crispr: Consumer Behavior in Brand Consumption and Identification,0.2285886187561659,0.8020176382471828
201,crispr: Consumer Market Behavior and Pricing,0.8009089051838733,0.4975210012156748
202,crispr: Consumer Perception and Purchasing Behavior,0.8195162674742085,-0.2343297460150623
203,crispr: Contemporary Sociological Theory and Practice,-0.3163126687579783,0.8321478350313626
204,crispr: Control and Dynamics of Mobile Robots,0.8916703931987827,-0.1587378889097331
205,crispr: Copyright and Intellectual Property,-0.5843994301383572,-0.5438848940384726
206,crispr: Coral and Marine Ecosystems Studies,-0.0726746619293046,-0.0121381656980172
207,crispr: Corporate Governance and Management,0.7301861073176292,-0.0390045806658783
208,crispr: Corporate Insolvency and Governance,0.3624278698024495,0.7512162193449741
209,crispr: Craniofacial Disorders and Treatments,0.0882566818703338,0.1845989396155936
210,crispr: Creativity in Education and Neuroscience,0.6818976386961314,-0.4108865078269748
211,"crispr: Crime, Illicit Activities, and Governance",0.8728632000524494,0.4302080066481895
212,crispr: Criminal Justice and Corrections Analysis,-0.0654523546612267,-0.9602744084765724
213,crispr: Criminal Justice and Penology,0.1459096231302546,0.0157704190598799
214,crispr: Criminal Law and Policy,0.1143165465768332,0.9589154316726622
215,crispr: Critical Race Theory in Education,0.6824031315169568,0.2796665261300464
216,crispr: Critical Theory and Philosophy,-0.310511009608286,0.4672177986764372
217,crispr: Crop Yield and Soil Fertility,0.9656733794780132,0.1406445230714132
218,crispr: Cryptography and Data Security,0.6196853158676083,0.66634618604007
219,crispr: Cuban History and Society,0.9516134135603012,-0.2854117582189727
220,crispr: Culinary Culture and Tourism,-0.7578544897049482,-0.3823047306807788
221,crispr: Cultural and Mythological Studies,-0.8240742667062446,-0.4226127596081785
222,crispr: Cultural and Social Studies in Latin America,0.2823080393568881,0.7059485718874348
223,"crispr: Cultural, Linguistic, Economic Studies",0.3051780811955833,0.7684770286069474
224,crispr: Cutaneous lymphoproliferative disorders research,-0.1671723058225488,0.154340999360812
225,crispr: Cystic Fibrosis Research Advances,0.0044274616828108,0.0791626681145208
226,crispr: Cytokine Signaling Pathways and Interactions,-0.5286762078364047,0.7484258733307192
227,crispr: Cytomegalovirus and herpesvirus research,-0.038082279494812,0.0238697207723641
228,crispr: DNA Repair Mechanisms,-0.0279468864769953,0.0221712154962017
229,crispr: DNA and Nucleic Acid Chemistry,0.0359805154266606,0.0194456792362485
230,crispr: Data Management and Algorithms,-0.6451313195480883,0.4302435928535165
231,crispr: Data Mining Algorithms and Applications,0.8017588499586666,0.2057874101972639
232,crispr: Data Privacy and Cybersecurity,-0.9086321076729116,-0.4567732658218875
233,crispr: Data Visualization and Analytics,-0.3760319162064424,0.7758267233559142
234,crispr: Demographic Trends and Gender Preferences,-0.4402942538017947,0.8931464449761308
235,crispr: Design Education and Practice,0.0123707526976916,0.8116427519413045
236,crispr: Developmental and Educational Neuropsychology,-0.0869654151982232,0.965991742739498
237,crispr: Diabetes Treatment and Management,0.0322071268588575,-0.1422269912742483
238,"crispr: Diabetes, Cardiovascular Risks, and Lipoproteins",0.7472388260434665,0.4236680195315715
239,crispr: Dialysis and Renal Disease Management,0.4872938724188468,-0.5320652065980026
240,crispr: Diatoms and Algae Research,-0.1679287008048482,0.0159066171916627
241,crispr: Differential Equations and Numerical Methods,0.1403404234552398,-0.8634790858186494
242,crispr: Diffusion and Search Dynamics,0.0092725378106823,-0.0277948357837741
243,crispr: Digestive system and related health,0.0559037700332506,0.004963334247164
244,crispr: Digital Filter Design and Implementation,0.9617870769779576,-0.1808934482355945
245,crispr: Digital Radiography and Breast Imaging,-0.6289352462047647,0.6885630333917382
246,crispr: Digital Transformation in Industry,-0.8690404243626519,-0.1136937822210838
247,"crispr: Digitalization, Law, and Regulation",-0.0917270593804468,-0.7682487193240007
248,"crispr: Diphtheria, Corynebacterium, and Tetanus",0.7994835680375352,0.6057325164780495
249,crispr: Discourse Analysis and Cultural Communication,0.4794354530049232,0.5918379634051815
250,crispr: Distributed and Parallel Computing Systems,0.0749819255106089,-0.7301986607566249
251,crispr: Diverse Education Studies and Reforms,-0.6484345415178785,0.5654419331577852
252,crispr: Diverse Educational Innovations Studies,-0.9524677378288724,0.0606243566045383
253,crispr: Diverse Legal and Medical Studies,0.7358685830039321,0.5163246647806448
254,crispr: Diverse Music Education Insights,-0.8694682318373342,-0.4428844859236401
255,crispr: Diverse academic and cultural studies,-0.2979315410414576,-0.8965285696373575
256,crispr: Drilling and Well Engineering,0.116492435919999,-0.9327535237160408
257,crispr: Drug Transport and Resistance Mechanisms,-0.0082339361918254,0.0904399313215522
258,crispr: Dutch Social and Cultural Studies,0.7372415934514724,-0.470479655447846
259,crispr: ERP Systems Implementation and Impact,-0.5373264646486063,0.6071859414123065
260,crispr: EU Law and Policy Analysis,-0.7763476245258417,-0.5800018923922002
261,crispr: Early Modern Spanish Literature,0.9138963494559348,-0.2123672149074593
262,"crispr: Ecology, Conservation, and Geographical Studies",-0.596563087615444,-0.5783789489543556
263,crispr: Economic Development and Digital Transformation,0.8773803112121135,-0.0069129459811234
264,crispr: Economic Theory and Institutions,0.1080165267289696,-0.7992111025306876
265,crispr: Economic Theory and Policy,-0.7521259578496502,0.2875564413440782
266,crispr: Economic and Social Development,0.7494233172495834,0.1072402338868532
267,"crispr: Economic, Social, and Public Health Issues in Russia and Globally",-0.9882499466347404,0.0087600639141803
268,crispr: Education Methods and Technologies,0.0377112206662306,0.1718747183129634
269,crispr: Education Practices and Challenges,0.771044063718875,-0.0217053006978255
270,crispr: Education Systems and Policy,-0.2802574554379115,0.734871602288101
271,crispr: Education and Digital Technologies,0.9037165798105188,-0.2585609576195165
272,crispr: Education and Labor Relations,0.2652927669421356,0.7778759032291739
273,crispr: Education and Social Development in Ukraine,0.6262050972572774,-0.4520779366610227
274,crispr: Education and Technology Integration,0.0905975042895589,-0.7281282666177407
275,"crispr: Education, Innovation and Language Studies",0.6683225944539182,0.4101839412965803
276,"crispr: Education, Safety, and Science Studies",0.7156952824545871,0.631428840763859
277,crispr: Educational Games and Gamification,-0.7712816879074728,0.2300331997996268
278,crispr: Educational Innovations and Challenges,-0.6686802607000769,0.6478833757774057
279,crispr: Educational Innovations and Technology,-0.3338876131557912,0.7644819842073778
280,crispr: Educational Leadership and Practices,0.6924905713175817,-0.2043738599128295
281,crispr: Educational Practices and Policies,0.2400602202699745,0.9452841446009348
282,crispr: Educational and Social Studies,0.7337564382019263,-0.344997629482576
283,crispr: Educational methodologies and cognitive development,0.5117833406010879,0.6120943519007847
284,crispr: Educational theories and practices,0.889140180170935,-0.1210852989121367
285,crispr: Educator Training and Historical Pedagogy,0.2731913753782605,0.8560541731521503
286,crispr: Elasticity and Wave Propagation,0.2149435841045425,-0.7002319520667407
287,crispr: Electric Vehicles and Infrastructure,-0.9447636728712246,0.3119332575343404
288,crispr: Electrochemical sensors and biosensors,-0.0296690024617496,-0.0750334085349543
289,crispr: Electromagnetic Compatibility and Noise Suppression,0.4443308861160052,0.7473429295097744
290,crispr: Embedded Systems Design Techniques,-0.3447978898780646,-0.9232636579572372
291,"crispr: Employment, Labor, and Gender Studies",-0.8317102633534724,0.1100244541998018
292,crispr: Endoplasmic Reticulum Stress and Disease,-0.036318040678685,-0.0871992195321899
293,crispr: Energy Efficient Wireless Sensor Networks,0.7339418731834214,0.7007322690326455
294,crispr: Engineering Technology and Methodologies,-0.7528206066823843,-0.5207102102333127
295,crispr: Engineering and Information Technology,0.4002522052603665,-0.7802898167075819
296,crispr: Entomopathogenic Microorganisms in Pest Control,-0.0329640993637279,-0.0250508736489402
297,crispr: Environmental Education and Sustainability,-0.286617150725936,-0.7293108707083636
298,crispr: Environmental Toxicology and Ecotoxicology,0.0117082511454774,0.9107009445110384
299,crispr: Environmental and Agricultural Sciences,0.3826063474415938,-0.7252290954550069
300,crispr: Environmental and Ecological Studies,0.7726073161403642,-0.5327927602364282
301,crispr: Environmental and sustainability education,-0.8841697691118163,0.1833730430857148
302,crispr: Environmental law and policy,0.1988568230042147,-0.8839973376866443
303,crispr: Enzyme Production and Characterization,-0.0195322920742389,-0.0663281597214439
304,crispr: Enzyme Structure and Function,-0.8700705411991896,-0.075966580984172
305,crispr: Epigenetics and DNA Methylation,-0.0303272258738018,-0.0046081521243679
306,crispr: Epilepsy research and treatment,-0.1089103744566979,-0.0186773349362687
307,crispr: Erythrocyte Function and Pathophysiology,-0.0231449504813576,0.1481908204751499
308,crispr: Escherichia coli research studies,-0.0505139494947999,0.0117713453956935
309,crispr: Estrogen and related hormone effects,0.0056500667431795,-0.0902555013244787
310,crispr: Ethics and bioethics in healthcare,0.6289598802935596,0.5585136443908623
311,crispr: European Cultural and National Identity,0.1179179791080939,0.8179950031273955
312,crispr: European Politics and Security,-0.2290268683947886,-0.970588925415493
313,crispr: European and International Law Studies,-0.465914055064339,0.6585032501702505
314,crispr: European history and politics,-0.2817512427693776,0.864228480635797
315,crispr: Evolution and Genetic Dynamics,-0.0387251501948531,0.0009416680193268
316,crispr: Evolution and Science Education,-0.2174996615507111,-0.0271796344079817
317,crispr: Evolutionary Algorithms and Applications,-0.7411909500717105,0.4641916937990969
318,crispr: Extracellular vesicles in disease,-0.0311626576756511,0.0172364305170173
319,crispr: FOXO transcription factor regulation,-0.1364016218056404,-0.0072606409882113
320,crispr: Family Support in Illness,0.6981969595574926,-0.15742243388086
321,crispr: Family and Disability Support Research,-0.6739868165015326,0.4672901280913658
322,crispr: Family and Matrimonial Law,-0.5469488837153288,0.6275271462151115
323,crispr: Ferroelectric and Piezoelectric Materials,0.7847993254705906,0.3379965974424779
324,crispr: Ferroptosis and cancer prognosis,0.0282423079439873,0.0289985343738678
325,crispr: Fibroblast Growth Factor Research,-0.1288322504598639,-0.0769213436176364
326,"crispr: Finance, Taxation, and Governance",0.8976256881488104,0.3538011622166574
327,crispr: Financial Reporting and Valuation Research,-0.0892385490164823,-0.8270330031731827
328,crispr: Financial Risk and Volatility Modeling,-0.0130794435691625,-0.8383643911439328
329,crispr: Fiscal Policies and Political Economy,0.7336309126025236,-0.6571741122647892
330,"crispr: Fish biology, ecology, and behavior",-0.0608495868002907,-0.0579430227436696
331,crispr: Fluoride Effects and Removal,-0.3115189154750392,-0.7521691353457097
332,crispr: Food Allergy and Anaphylaxis Research,-0.4269088446054361,-0.7624621980454076
333,crispr: Food Quality and Safety Studies,0.6628595783997624,-0.635509752328424
334,crispr: Food composition and properties,-0.8079477370693626,0.3037865851237366
335,crispr: Foot and Ankle Surgery,-0.0503874706461544,0.1815794259995992
336,crispr: Forest Biomass Utilization and Management,0.0970863694958877,-0.8967267909215316
337,crispr: Forest Insect Ecology and Management,-0.6476575880049755,-0.5443368194250774
338,crispr: Fractal and DNA sequence analysis,-0.862469182760901,0.0113861304094206
339,crispr: French Language Learning Methods,-0.67829013259857,0.3584078892733322
340,crispr: French Literature and Criticism,0.527604092211329,-0.4836026520706347
341,crispr: French Urban and Social Studies,0.1159015539976163,0.8935753643253794
342,crispr: Fungal Biology and Applications,-0.0721251206097157,0.0348665327115391
343,crispr: Fungal Infections and Studies,-0.0421429312004057,0.0487526611652973
344,crispr: Fungal and yeast genetics research,0.0022327998622859,-0.0379407909234701
345,crispr: Fuzzy Logic and Control Systems,0.2539085648082538,-0.9273833774342688
346,crispr: GABA and Rice Research,-0.0455220023636166,-0.0070380166319179
347,crispr: GaN-based semiconductor devices and materials,-0.1054589438373716,-0.8393419706632795
348,crispr: Galectins and Cancer Biology,0.8837689542568782,0.1180149841279853
349,crispr: Galician and Iberian cultural studies,-0.4993928799504385,-0.6544340538569974
350,crispr: Gas Dynamics and Kinetic Theory,-0.638509996693865,-0.3876977130589531
351,crispr: Gene Regulatory Network Analysis,-0.0492321861245477,-0.0137197718866781
352,crispr: Gene expression and cancer classification,0.4933914558056806,0.6582419340863056
353,crispr: Genetic Associations and Epidemiology,-0.0374218746705836,-0.030748948458314
354,crispr: Genetic Mapping and Diversity in Plants and Animals,-0.0139167319617047,0.0088990193670138
355,crispr: Genetic Neurodegenerative Diseases,-0.0113289173429842,0.0019807378444912
356,crispr: Genetic Syndromes and Imprinting,-0.0173625052301531,-0.0116320394706153
357,crispr: Genetic and Clinical Aspects of Sex Determination and Chromosomal Abnormalities,-0.0032546319849904,-0.0054425304716807
358,crispr: Genetic and Kidney Cyst Diseases,-0.0900796514942417,0.0602054761130368
359,crispr: Genetic and phenotypic traits in livestock,-0.0095459485654242,0.0401310302831336
360,crispr: Genetic and rare skin diseases.,0.5822817943422626,-0.3593484801051684
361,crispr: Genetic diversity and population structure,-0.0971647552935179,0.0920763954377187
362,crispr: Genetic factors in colorectal cancer,-0.0799793802653028,-0.2056972974224115
363,crispr: Genetically Modified Organisms Research,-0.0758598655171989,-0.1047253416147797
364,crispr: Genetics and Neurodevelopmental Disorders,0.0021723764674111,0.0196699142282499
365,crispr: Genetics and Physical Performance,-0.0307614984030688,-0.9180285533304728
366,"crispr: Genetics, Aging, and Longevity in Model Organisms",-0.055028752501299,-0.0215210281289183
367,"crispr: Genetics, Bioinformatics, and Biomedical Research",-0.195220465213886,-0.0504574380383852
368,crispr: Genome Rearrangement Algorithms,-0.107491897272298,0.0123917030721814
369,crispr: Genomics and Chromatin Dynamics,-0.0221182969429995,-0.00168545102074
370,crispr: Genomics and Phylogenetic Studies,-0.0458407704827536,0.0104849229259341
371,crispr: Genomics and Rare Diseases,-0.0991510698519959,0.0297661632617358
372,"crispr: Genomics, phytochemicals, and oxidative stress",0.0512081767569244,0.0201573869334222
373,crispr: Geographic Information Systems Studies,0.7705695794861974,-0.0786541797496621
374,crispr: Geological Studies and Exploration,0.5937025872857083,-0.7736865847331826
375,crispr: Geological and Geophysical Studies,0.6883676679039108,0.4155884789062048
376,crispr: Geological and Tectonic Studies in Latin America,-0.5989081149478147,0.6011323069092277
377,crispr: Geological formations and processes,-0.5829495683238354,-0.4651580514379609
378,crispr: Geology and Paleoclimatology Research,-0.5811602747618023,0.7053669683218019
379,crispr: Geophysical and Geoelectrical Methods,0.4706368576570092,-0.7373023968833257
380,crispr: Geophysics and Gravity Measurements,0.1038837554521925,-0.0025984471697645
381,crispr: German Literature and Culture Studies,-0.1453183896934763,-0.7944528891555668
382,crispr: Glaucoma and retinal disorders,0.6096197691926536,0.3629142485254345
383,crispr: Glioma Diagnosis and Treatment,-0.0645385003023279,0.0365432414988795
384,crispr: Global Maritime and Colonial Histories,-0.6911972758620283,0.3104152382551745
385,crispr: Global Peace and Security Dynamics,0.1754257812281642,0.8855535538957084
386,"crispr: Global trade, sustainability, and social impact",0.7426258001978427,-0.1985378105760234
387,crispr: Glutathione Transferases and Polymorphisms,-0.9412847282993808,0.1084044195443202
388,crispr: Glycosylation and Glycoproteins Research,0.0149682329550599,0.0342950633511997
389,crispr: Graphene and Nanomaterials Applications,-0.1082145212869354,0.0875079234579992
390,crispr: Greenhouse Technology and Climate Control,-0.2112748494468525,0.8425448331490765
391,crispr: Gut microbiota and health,-0.1457135283974805,9.49060151995095e-05
392,crispr: HER2/EGFR in Cancer Research,0.0490597393507756,0.1288105496972328
393,crispr: HIV Research and Treatment,-0.0281878804606771,-0.0042797722359915
394,"crispr: HIV, Drug Use, Sexual Risk",0.0244446821545946,0.955665945347116
395,crispr: HIV/AIDS Impact and Responses,0.6879587287724612,0.5285179051499677
396,crispr: Handwritten Text Recognition Techniques,0.4677622455739501,-0.8682383386805026
397,"crispr: Health Systems, Economic Evaluations, Quality of Life",-0.0432712616264655,-0.7345396484232488
398,crispr: Health and Lifestyle Studies,0.7902111243007526,0.4289419408014804
399,crispr: Health and Medical Education,0.3298342423508364,0.6951183247766447
400,crispr: Health and Wellbeing Research,-0.1726659617112375,0.8043883905523828
401,"crispr: Health, Medicine and Society",0.7393507527952263,0.2696321835971593
402,crispr: Healthcare Systems and Technology,-0.7742180133861405,-0.423733341205415
403,crispr: Healthcare and Venom Research,-0.5123774688909454,-0.6020099134819604
404,crispr: Hearing Loss and Rehabilitation,-0.572246891246178,0.7749315663698175
405,"crispr: Hearing, Cochlea, Tinnitus, Genetics",-0.0092240140939129,0.0740287838999674
406,crispr: Heat shock proteins research,0.8367816580600649,0.034486649135487
407,crispr: Helicobacter pylori-related gastroenterology studies,-0.0052520952860544,-0.1163458857999953
408,crispr: Hematopoietic Stem Cell Transplantation,-0.1318130372962316,-0.065914314055029
409,crispr: Hemodynamic Monitoring and Therapy,0.8148067960647888,0.054123518434131
410,crispr: Hemoglobinopathies and Related Disorders,-0.0547461101336013,0.0210372511318766
411,crispr: Hepatitis B Virus Studies,-0.0055005787825282,-0.0784147255814409
412,crispr: Hepatitis C virus research,0.050776306320146,0.0163193094546676
413,crispr: Hepatocellular Carcinoma Treatment and Prognosis,-0.0258498968750203,0.092545152843422
414,crispr: Hereditary Neurological Disorders,-0.120717975957157,0.0759917763725573
415,crispr: Herpesvirus Infections and Treatments,0.0146660008846486,0.0034430884672304
416,crispr: High-pressure geophysics and materials,-0.1288805487600084,-0.890799868847771
417,crispr: Higher Education Research Studies,-0.1844717708891168,0.78314184815128
418,crispr: Higher Education Teaching and Evaluation,-0.3419025123795874,0.7349503787004528
419,crispr: Hippo pathway signaling and YAP/TAZ,0.0021950150340263,0.1364764383729232
420,crispr: Histone Deacetylase Inhibitors Research,0.0517904980399273,0.0844032644975008
421,crispr: Historical Art and Architecture Studies,0.6639668147410082,-0.6861836255967386
422,crispr: Historical Astronomy and Related Studies,0.6119281005144056,0.4070415821490818
423,crispr: Historical Gender and Feminism Studies,-0.7709390819893603,-0.6506322648564735
424,crispr: Historical Geography and Cartography,0.3733994339778749,-0.6876908473350545
425,crispr: Historical Influence and Diplomacy,-0.1772407988899335,0.890864908765675
426,crispr: Historical Studies in Latin America,-0.1744811798666387,0.95434267854273
427,crispr: Historical Studies of Medieval Iberia,-0.832033355341554,0.2351050232682113
428,crispr: Historical Studies on Spain,-0.7988712861738326,-0.2362633978627153
429,crispr: Historical and Environmental Studies,0.3172474822166831,-0.5924696440680928
430,crispr: Historical and Literary Analyses,0.2609116233621818,-0.8555026396955884
431,crispr: Historical and Religious Studies of Rome,0.3734367780395829,0.6503421675642751
432,crispr: Historical and socio-economic studies of Spain and related regions,-0.3361512960021045,-0.825364237375457
433,"crispr: Historical, Religious, and Philosophical Studies",0.0242365678712878,-0.9662914930706252
434,crispr: History of Education in Spain,-0.4406176066382012,-0.8900918052932777
435,crispr: History of Medical Practice,0.4552550949736192,0.5536844485983397
436,crispr: History of Science and Medicine,-0.7270556416998943,-0.2522807790249415
437,crispr: Homelessness and Social Issues,0.8519432026502032,0.4833316580745727
438,crispr: Horticultural and Viticultural Research,-0.6357954613495461,0.4187867086301264
439,crispr: Housing Market and Economics,-0.7318896690539706,0.2853559761992307
440,crispr: Human Resources and Workforce,0.3672138565549205,0.8126310150617099
441,crispr: Human Rights and Immigration,-0.8290377806290008,-0.2734657700628336
442,crispr: Human-Animal Interaction Studies,0.4736562090060681,0.6941564438709757
443,crispr: Human-Automation Interaction and Safety,0.7408996538781367,0.1500216045623776
444,crispr: Hydrocarbon exploration and reservoir analysis,-0.8796587932858458,-0.2815843692272018
445,crispr: Hydrology and Sediment Transport Processes,0.5648329760098113,0.6051900521885749
446,crispr: ICT Impact and Policies,-0.2007940264972854,-0.9278141158019284
447,crispr: Ichthyology and Marine Biology,0.5250450464794236,-0.7807385573350879
448,crispr: Identification and Quantification in Food,0.0106737077829178,0.0454040323508643
449,"crispr: Identity, Memory, and Therapy",-0.9102493973646768,-0.2085473991998997
450,crispr: Image Retrieval and Classification Techniques,0.4331717050233195,0.8542203960378787
451,crispr: Immigration and Intercultural Education,0.3149259215821333,-0.94729932773514
452,crispr: Immune Cell Function and Interaction,-0.0794458186093638,0.0409719083592803
453,crispr: Immune Response and Inflammation,0.0698508009266475,-0.0829291324042527
454,crispr: Immune cells in cancer,-0.1978986745303841,-0.1210305532789937
455,crispr: Immune responses and vaccinations,-0.1230513755225711,-0.0517733902381479
456,crispr: Immunodeficiency and Autoimmune Disorders,-0.1235914776682013,0.0720310666811417
457,crispr: Immunotherapy and Immune Responses,-0.1069422023673137,0.0224856588222293
458,crispr: Industrial Vision Systems and Defect Detection,-0.4287297659023563,-0.7193279412255972
459,crispr: Infant Health and Development,-0.889264933891818,0.1287658707855218
460,crispr: Infections and bacterial resistance,0.6769653180156354,-0.2588494651964527
461,crispr: Infectious Encephalopathies and Encephalitis,-0.6653247872235696,0.5423816670467299
462,crispr: Inflammasome and immune disorders,-0.0504623286855074,-0.0003599949712994
463,crispr: Influenza Virus Research Studies,0.0645495307590795,0.0835587785584707
464,crispr: Information Technology Governance and Strategy,-0.6037181784558037,0.6532771671218333
465,crispr: Infrastructure Maintenance and Monitoring,0.5680282718849891,0.7680762823585817
466,crispr: Innovation Policy and R&D,-0.5376110218443013,-0.8535660671769494
467,crispr: Innovations in Aquaponics and Hydroponics Systems,0.7865637445384185,-0.5888177541538586
468,crispr: Innovative Teaching and Learning Methods,-0.0351403117459104,0.0553752904096696
469,crispr: Insect Resistance and Genetics,-0.0369969260697339,-0.0212408718071999
470,crispr: Insect and Arachnid Ecology and Behavior,-0.0558787274630995,0.1115565384642883
471,crispr: Insect and Pesticide Research,-0.0264982154485512,-0.0377155348381488
472,crispr: Insect behavior and control techniques,-0.0219541805333456,0.0406092116736746
473,crispr: Insect symbiosis and bacterial influences,-0.0313384319243941,-0.0210779078537134
474,crispr: Insect-Plant Interactions and Control,-0.017211043733354,0.0091252654551362
475,crispr: Insurance and Financial Risk Management,0.8693758135988303,-0.5664961912499601
476,"crispr: Intelligence, Security, War Strategy",-0.1343922978175372,0.8650274737483897
477,crispr: International Arbitration and Investment Law,0.1581697980720117,-0.7084809801929957
478,crispr: International Development and Aid,0.2921865501306932,0.6903423888454159
479,crispr: International Law and Aviation,0.5201019685761225,0.7297295096394694
480,crispr: International Relations and Autism,0.6722421792988156,0.2420375474863433
481,crispr: International Relations in Latin America,-0.6606404931448518,-0.4506919182142474
482,crispr: Intraocular Surgery and Lenses,0.7512666087693807,-0.4775407212838155
483,crispr: Invertebrate Immune Response Mechanisms,-0.100788700140929,0.0891233194789074
484,crispr: Ion channel regulation and function,0.1050403490426731,-0.0206785446652264
485,crispr: Iron Metabolism and Disorders,-0.0986132394359296,0.1090023854720215
486,crispr: Iron and Steelmaking Processes,0.5749747724996855,0.6124664817120794
487,crispr: Irrigation Practices and Water Management,-0.9501904830621628,-0.0899104567766665
488,crispr: Italian Literature and Culture,-0.930299319504268,-0.1408608449287907
489,crispr: Italian Social Issues and Migration,-0.2703608238938564,-0.7052645221990498
490,crispr: Jewish Identity and Society,-0.1074348811826531,0.804640467263407
491,crispr: Job Satisfaction and Organizational Behavior,-0.8308703893910991,0.5446779359362288
492,crispr: Journalism and Media Studies,0.0723406922868306,-0.8441780715144352
493,crispr: Kierkegaardian Philosophy and Influence,0.0620927011439218,0.7918691409803255
494,crispr: Knowledge Management and Sharing,0.2328056914036654,0.7325042073130971
495,crispr: Labor Law and Work Dynamics,0.1785287640001799,-0.6944742505539749
496,crispr: Landslides and related hazards,0.200884924774411,0.7279209377192415
497,crispr: Language and cultural evolution,0.2426478110520485,-0.758675585186836
498,"crispr: Language, Discourse, Communication Strategies",-0.536523662115899,-0.7885061502279005
499,crispr: Laser and Thermal Forming Techniques,-0.441994810570253,0.632475344414365
500,crispr: Latin American Legal and Economic Studies,-0.1395739569494863,-0.1454587148663733
501,crispr: Latin American Literature Studies,0.0270568989471885,0.0801857481146006
502,crispr: Latin American Urban Studies,-0.9301756515355364,0.3861670019410027
503,"crispr: Law, Economics, and Judicial Systems",0.535676754039865,-0.5635375608242843
504,"crispr: Law, logistics, and international trade",0.0759323894842465,0.9387645801275496
505,crispr: Legal Cases and Commentary,-0.7616500053733151,-0.6853895474879298
506,crispr: Legal Issues in South Africa,0.345460069011743,0.8796693890613787
507,crispr: Legal and Labor Studies,0.7817557345345596,-0.2300340550484008
508,crispr: Legal and Regulatory Analysis,0.7265853546209559,-0.0749827659003392
509,crispr: Legal processes and jurisprudence,0.7336399833152154,-0.0894250076579304
510,crispr: Legionella and Acanthamoeba research,-0.0452709045292072,0.0070258392591917
511,crispr: Legume Nitrogen Fixing Symbiosis,-0.0399157651095037,0.0240641346045463
512,crispr: Lepidoptera: Biology and Taxonomy,-0.0518437161047212,-0.0450169701037181
513,"crispr: Libraries, Manuscripts, and Books",0.830667328267147,0.2982586150903024
514,crispr: Library Science and Administration,-0.8551692778177676,0.4320113934454427
515,crispr: Library Science and Information Literacy,0.6984418981727074,-0.5605024340835759
516,crispr: Light effects on plants,-0.0668213818392472,-0.0189126149681308
517,crispr: Linguistic Studies and Language Acquisition,0.5522457584789823,-0.8344278886836995
518,crispr: Linguistic research and analysis,0.1271387039535931,-0.7002413541044092
519,"crispr: Linguistic, Cultural, and Literary Studies",0.7244018629637943,-0.7136109862434967
520,crispr: Linguistics and Discourse Analysis,-0.7458967100588403,-0.0139733502130166
521,crispr: Linguistics and Language Studies,-0.8750186709393041,-0.1682811257635217
522,crispr: Linguistics and language evolution,-0.7260063424386358,0.500409436715826
523,"crispr: Linguistics, Language Diversity, and Identity",0.6838338800601863,-0.7247641607612962
524,crispr: Lipid metabolism and biosynthesis,-0.0516106021966585,0.0283260071490813
525,crispr: Lipoproteins and Cardiovascular Health,0.006435509782946,0.0911856419518
526,crispr: Listeria monocytogenes in Food Safety,-0.0985707275494255,0.0480216380531799
527,"crispr: Literacy, Media, and Education",-0.4418560169617613,0.6717589962865183
528,crispr: Literary and Cultural Studies,0.0216759248380217,-0.0610786696039273
529,crispr: Literary and Philosophical Studies,-0.6350321830588286,-0.5202435088097488
530,crispr: Literature Analysis and Criticism,-0.7603440052104539,0.1147633639993484
531,"crispr: Literature, Culture, and Aesthetics",0.564648133874274,-0.4880095710382039
532,"crispr: Literature, Culture, and Criticism",-0.2125061252548747,0.8160461334311087
533,crispr: Liver Disease Diagnosis and Treatment,0.5949029057910205,0.5872847544803048
534,crispr: Liver physiology and pathology,0.0204481371974054,-0.0316920102726008
535,crispr: Livestock Management and Performance Improvement,-0.6400672950514433,-0.3662992029249969
536,crispr: Luminescence and Fluorescent Materials,0.7637404167940329,0.5807083579667784
537,crispr: Lung Cancer Diagnosis and Treatment,0.2263237152929285,0.7449816506356571
538,crispr: Lymphatic System and Diseases,-0.5925312851398404,0.7779334101276909
539,crispr: Lysosomal Storage Disorders Research,0.0760035856539378,0.0755334050837543
540,crispr: MXene and MAX Phase Materials,0.0123695081575242,-0.0480047356888555
541,crispr: Machine Learning in Bioinformatics,-0.124966889107057,-0.0244222391708711
542,crispr: Macrophage Migration Inhibitory Factor,-0.371211638535105,0.8196322647294033
543,crispr: Magnetism in coordination complexes,0.4770999007559353,-0.4919128997870497
544,crispr: Malaria Research and Control,-0.0043491755880409,0.0682407231889588
545,crispr: Manufacturing Process and Optimization,-0.8157982548927598,0.6275768910189259
546,crispr: Marine Biology and Ecology Research,0.6352477631279085,0.7103397100561971
547,crispr: Marine Ecology and Invasive Species,-0.03390437510168,0.0923277405947568
548,crispr: Marine Invertebrate Physiology and Ecology,-0.064301400615192,0.0412717145846419
549,crispr: Marine and coastal plant biology,-0.0243731576625593,0.0696633356034647
550,crispr: Maritime Transport Emissions and Efficiency,0.933214146129548,0.2933807422696863
551,crispr: Marketing and Advertising Strategies,-0.7009393199212336,0.6789796105406796
552,crispr: Mass Spectrometry Techniques and Applications,0.0167472072492845,0.0345815266575322
553,crispr: Material Properties and Applications,-0.2391477982642849,-0.8479278039120144
554,crispr: Material Properties and Processing,0.9175872027505496,0.1432063908565734
555,crispr: Material Science and Thermodynamics,0.3195356073130105,-0.7190885870234468
556,crispr: Mathematical Dynamics and Fractals,-0.8621086612655515,-0.5057932515292894
557,crispr: Mathematics Education and Programs,-0.535112256603952,-0.5094179689520156
558,crispr: Media and Digital Communication,-0.7123076965563067,0.1643634941998596
559,crispr: Medical History and Research,-0.8329705396547272,0.4739409307133773
560,crispr: Medical and Biological Sciences,-0.7579315738268122,-0.0584106836447627
561,crispr: Medicinal Plants and Neuroprotection,0.0120724971140644,-0.0137301352543276
562,crispr: Medieval Architecture and Archaeology,-0.6913064517399453,0.5247910155613922
563,crispr: Medieval European Literature and History,-0.2877779872553536,-0.9376969060916542
564,crispr: Medieval Literature and History,0.6214995814387994,-0.3468608117523385
565,crispr: Medieval and Early Modern Iberia,-0.6802834724553202,-0.57805674135696
566,crispr: Mediterranean and Iberian flora and fauna,0.7584097616198772,0.2172039008333124
567,crispr: Melanoma and MAPK Pathways,0.5159524289939585,-0.4358589233313304
568,"crispr: Memory, violence, and history",0.7680950726386162,0.6457264646844605
569,crispr: Menopause: Health Impacts and Treatments,0.7485588023185659,-0.5209025074646936
570,crispr: Menstrual Health and Disorders,-0.8419929560386629,0.1869723568014588
571,crispr: Mental Health and Patient Involvement,0.779789152709611,0.0363124023476778
572,crispr: Metabolism and Genetic Disorders,-0.7519678164577115,0.3749580962688507
573,crispr: Metabolomics and Mass Spectrometry Studies,0.085712953258318,-0.2148519755227577
574,crispr: Metal Extraction and Bioleaching,-0.076317901667512,-0.0587608472311606
575,crispr: Metal complexes synthesis and properties,-0.735591640737374,-0.4433074452711326
576,crispr: Metalloenzymes and iron-sulfur proteins,0.0048974596209487,-0.0532365994269934
577,crispr: Metallurgical Processes and Thermodynamics,-0.7963900757583791,0.1457627326582404
578,crispr: Methane Hydrates and Related Phenomena,-0.0368736184787345,0.1484060016075094
579,crispr: Mexican Socioeconomic and Environmental Dynamics,0.8116593544170772,0.2540023022625223
580,crispr: Micro and Nano Robotics,-0.0532729906240711,0.0490727128713215
581,crispr: MicroRNA in disease regulation,-0.0055573835466364,0.0080585150055865
582,crispr: Microbial Community Ecology and Physiology,-0.0586880758280621,-0.0035784545112841
583,crispr: Microbial Fuel Cells and Bioremediation,-0.0606851421672071,0.0253395051397162
584,crispr: Microbial Metabolic Engineering and Bioproduction,-0.0237655144217828,-0.0038388381896248
585,crispr: Microbial Metabolism and Applications,-0.0455233829026675,0.0850757840247803
586,crispr: Microbial Natural Products and Biosynthesis,-0.033266001073103,0.0354635781336129
587,crispr: Microbial infections and disease research,-0.067614383936649,0.0328405999088733
588,crispr: Microbial metabolism and enzyme function,-0.0807967287015068,-0.0110761908835841
589,crispr: Microtubule and mitosis dynamics,-0.0240331904805573,0.1322980709626955
590,crispr: Migration and Labor Dynamics,-0.5490978522650546,-0.7042075995076653
591,"crispr: Migration, Aging, and Tourism Studies",-0.545637107315714,-0.6184514105562492
592,crispr: Military Defense Systems Analysis,0.1688299730114994,-0.7801890724459856
593,crispr: Mining and Resource Management,-0.6431759410449644,0.7379297140486246
594,crispr: Mitochondrial Function and Pathology,0.0089021532308469,-0.0223377270601902
595,crispr: Mobile Ad Hoc Networks,-0.4675026021024563,0.7307747701389598
596,crispr: Mobile Learning in Education,0.0451543769288297,-0.9269502383631204
597,crispr: Modeling and Simulation Systems,0.708388774128299,-0.1216591845767265
598,crispr: Molecular Biology Techniques and Applications,0.0590919040368573,0.0303186956294646
599,crispr: Monoclonal and Polyclonal Antibodies Research,0.4426123454195717,0.5747554024563882
600,"crispr: Mormonism, Religion, and History",-0.6939845048482989,0.4318247814658474
601,crispr: Mosquito-borne diseases and control,-0.0430630925186184,-0.0171155191689448
602,crispr: Multi-Agent Systems and Negotiation,-0.1716623218793659,-0.8747624798068696
603,crispr: Multilingual Education and Policy,-0.2394247497690773,0.7705120275880072
604,crispr: Multimedia Communication and Technology,-0.583382170294811,0.4979446433169801
605,crispr: Multiple Myeloma Research and Treatments,0.0334676236353608,-0.0572483256679903
606,crispr: Muscle Physiology and Disorders,-0.0326170473082064,-0.015696519363153
607,crispr: Musculoskeletal pain and rehabilitation,-0.7481004832824435,-0.5714169853410993
608,crispr: Mycobacterium research and diagnosis,-0.0660672005140906,0.0158850149081727
609,crispr: Myeloproliferative Neoplasms: Diagnosis and Treatment,-0.7124298639813412,-0.6282829304946553
610,crispr: Nanocomposite Films for Food Packaging,-0.6663660305292155,-0.4400277688465073
611,crispr: Nanoparticle-Based Drug Delivery,-0.0005375000150321,0.055196859511625
612,crispr: Nanoparticles: synthesis and applications,0.0321311640249031,0.0646635889911082
613,crispr: Nanoplatforms for cancer theranostics,-0.1391937712148926,0.0446243992198289
614,crispr: Nanoporous metals and alloys,-0.8099959786952052,-0.4000627495833433
615,crispr: Natural Language Processing Techniques,0.5086842686140751,0.8529297946539339
616,crispr: Natural Products and Applications,0.1385376442737189,0.7736749733215135
617,crispr: Navier-Stokes equation solutions,-0.5877460084276518,0.5332885195511453
618,crispr: Nematode management and characterization studies,-0.09614912548338,-0.0114680304379737
619,crispr: Neonatal Health and Biochemistry,0.0083940358469279,0.0662299016589426
620,crispr: Neonatal Respiratory Health Research,-0.107612616028529,-0.06002907312438
621,crispr: Neonatal and Maternal Infections,-0.1169781978151036,-0.0003145198959864
622,crispr: Nerve injury and regeneration,-0.0805369715565699,0.7900920656715742
623,crispr: Network Security and Intrusion Detection,0.8610584739378115,-0.4395211715064583
624,crispr: Neural Networks and Applications,0.7028917649923828,0.0977445194442925
625,crispr: Neural dynamics and brain function,-0.1414422964471722,0.1190192926409507
626,crispr: Neurobiology and Insect Physiology Research,0.086916144880707,0.7661309368715503
627,crispr: Neuroblastoma Research and Treatments,-0.0812692740013294,0.0497421566435795
628,crispr: Neuroendocrine regulation and behavior,0.6147701557985996,-0.4975892477351109
629,"crispr: Neuroethics, Human Enhancement, Biomedical Innovations",0.0350484095304518,0.0323106805133944
630,crispr: Neurogenesis and neuroplasticity mechanisms,-0.0803760353627865,0.0090844282033264
631,crispr: Neurogenetic and Muscular Disorders Research,0.0013273800855468,0.0379922377346625
632,crispr: Neuroinflammation and Neurodegeneration Mechanisms,-0.0372218109995067,0.122377134830237
633,crispr: Neurological Disorders and Treatments,0.1066693641295912,-0.1430416338164783
634,crispr: Neuroscience and Neural Engineering,-0.0660600185871143,0.052569047119665
635,crispr: Neuroscience and Neuropharmacology Research,0.099858083267452,-0.1267573167750437
636,crispr: Neutropenia and Cancer Infections,0.838850065607506,-0.2695451479776819
637,crispr: Nicotinic Acetylcholine Receptors Study,-0.129827354895453,-0.735107853174364
638,crispr: Nitric Oxide and Endothelin Effects,-0.1312631544976688,-0.0978360354223862
639,crispr: Nitrogen and Sulfur Effects on Brassica,-0.4333819697065637,0.787666247007839
640,crispr: Nuclear Structure and Function,-0.0066061525661227,0.036749512521505
641,crispr: Nursing care and research,-0.8230186052635687,-0.1751132369540349
642,crispr: Occupational Health and Safety Research,0.0487472734448476,-0.8640683826791676
643,crispr: Occupational Health and Safety in Workplaces,-0.7840199138708329,-0.056823154042096
644,crispr: Ocular and Laser Science Research,0.658308169851551,0.7539033708170186
645,crispr: Odor and Emission Control Technologies,0.5665369560326667,0.4599506586490486
646,crispr: Oil Palm Production and Sustainability,0.9706107828870258,0.0585337597429827
647,crispr: Online and Blended Learning,-0.8680802184756129,0.2649850222128702
648,crispr: Optical Imaging and Spectroscopy Techniques,1.0,-0.0651519444316842
649,crispr: Optical Network Technologies,-0.8047649491643087,-0.0794934177781843
650,crispr: Optical Wireless Communication Technologies,-0.3062931371462595,-0.7035089418727155
651,crispr: Optimization and Packing Problems,0.6072643106474264,0.6758837096834296
652,crispr: Oral microbiology and periodontitis research,-0.040228438335515,0.0283335858711509
653,crispr: Organ Donation and Transplantation,-0.0756938446094128,-0.0188254374723792
654,crispr: Organic and Inorganic Chemical Reactions,-0.8793136556678429,0.355004932111199
655,crispr: Organizational Learning and Leadership,-0.2713269114101199,-0.8175911161874735
656,crispr: Organizational Management and Innovation,0.2301150719656352,-0.7462780057167285
657,crispr: Organizational Strategy and Culture,0.5504900465553425,0.6951727585504072
658,crispr: Origins and Evolution of Life,0.8443405182591249,-0.0615683871347618
659,crispr: Orthopedic Surgery and Rehabilitation,0.4926666928921558,-0.6558205399756171
660,crispr: Osteoarthritis Treatment and Mechanisms,-0.0275108650200377,-0.0495712028401635
661,crispr: Ovarian function and disorders,-0.9014432511953008,0.3225213544268409
662,crispr: PARP inhibition in cancer therapy,-0.0611326476417026,-0.0041189396624576
663,crispr: PI3K/AKT/mTOR signaling in cancer,-0.041149382361593,-0.0573302582592108
664,crispr: Pain Management and Opioid Use,-0.4169506948435201,-0.8563185641514133
665,crispr: Paleontology and Stratigraphy of Fossils,-0.1359249020414033,-0.0581568839407128
666,crispr: Palliative Care and End-of-Life Issues,0.5696879320318534,-0.7612068160205447
667,crispr: Pancreatic and Hepatic Oncology Research,-0.7441289937999583,0.4406264438078173
668,crispr: Pancreatic function and diabetes,-0.0498930529241506,0.0355414172531949
669,crispr: Parallel Computing and Optimization Techniques,-0.7720439671708555,0.139389004077534
670,crispr: Paranormal Experiences and Beliefs,0.6410998451633532,-0.2847451222622785
671,crispr: Parasite Biology and Host Interactions,0.7005347772073722,0.7654350023299058
672,crispr: Parasites and Host Interactions,0.02138884336055,-0.0198519297976036
673,crispr: Parasitic Diseases Research and Treatment,-0.1364320505898242,0.8003961689467982
674,crispr: Parasitic Infections and Diagnostics,0.0128824017260739,-0.0396062797843408
675,crispr: Parathyroid Disorders and Treatments,0.0343184600073962,-0.0911142191166571
676,crispr: Parkinson's Disease Mechanisms and Treatments,-0.0932419033277337,0.0932537774424135
677,crispr: Particle physics theoretical and experimental studies,-0.4560231603794205,-0.7008914349160997
678,crispr: Patient Safety and Medication Errors,0.4359209722179712,-0.7249497404619829
679,crispr: Peace and Human Rights Education,0.7649298554345887,0.3829153392019648
680,crispr: Peanut Plant Research Studies,-0.0720298781537897,0.0690893125434783
681,crispr: Peer-to-Peer Network Technologies,-0.9125919461056046,0.2272451857469191
682,crispr: Phagocytosis and Immune Regulation,-0.032698499997254,0.1800715444377024
683,crispr: Pharmaceutical Economics and Policy,0.0278872165306561,0.0189559506870798
684,crispr: Pharmacogenetics and Drug Metabolism,0.0723513645797938,0.0502516491679574
685,crispr: Philippine History and Culture,-0.8513374632897565,0.3661170727707303
686,crispr: Philosophical and Cultural Analysis,-0.5057458092772071,-0.6793346411282386
687,crispr: Philosophy and Historical Thought,0.4118609550029674,-0.5561525114776757
688,crispr: Phosphodiesterase function and regulation,-0.0762284076230415,-0.0739132578158883
689,crispr: Photochemistry and Electron Transfer Studies,-0.7216927235530822,0.608519590392983
690,crispr: Photographic and Visual Arts,0.8299877309579674,-0.0979948174982964
691,crispr: Photoreceptor and optogenetics research,0.0082712240475002,0.1568910579047612
692,crispr: Photosynthetic Processes and Mechanisms,-0.0100697166773717,0.0001966840032807
693,crispr: Photovoltaic System Optimization Techniques,0.7657844570271921,-0.6582660601236674
694,crispr: Physical Activity and Health,-0.6956301890699202,0.7054056139908823
695,crispr: Physical Education and Sports Studies,0.9093861941091326,0.2061677096533597
696,crispr: Physics and Engineering Research Articles,0.3146966688396692,-0.8739824818316848
697,crispr: Phytase and its Applications,-0.0477815481383966,-0.0505117536771749
698,crispr: Phytochemistry and biological activity of medicinal plants,-0.7103008295892987,0.2980347352778584
699,crispr: Pituitary Gland Disorders and Treatments,0.8610562075190427,0.2194529589213328
700,crispr: Planetary Science and Exploration,-0.7240714532996849,-0.6929453275179386
701,crispr: Plant Disease Resistance and Genetics,-0.0438847909286403,-0.2002181887103968
702,crispr: Plant Gene Expression Analysis,0.0030535166056225,-0.0085978557639291
703,crispr: Plant Genetic and Mutation Studies,0.0171144400617834,0.0049395778030536
704,crispr: Plant Growth and Agriculture Techniques,-0.5174937874570854,0.5532039805795752
705,crispr: Plant Molecular Biology Research,-0.022172352963086,0.02166935584232
706,crispr: Plant Parasitism and Resistance,-0.058119231797693,0.0539164687530512
707,crispr: Plant Pathogenic Bacteria Studies,-0.0558565401050739,0.0100963376416935
708,crispr: Plant Pathogens and Resistance,-0.0650170745190616,-0.0123246535533976
709,crispr: Plant Physiology and Cultivation Studies,0.9150162750177376,0.03679797498794
710,crispr: Plant Reproductive Biology,0.0410347261747612,0.071940051499068
711,crispr: Plant Stress Responses and Tolerance,-0.0227481680454923,0.0016276744252221
712,crispr: Plant Surface Properties and Treatments,-0.1922238476621097,-0.7912097807221308
713,crispr: Plant Toxicity and Pharmacological Properties,-0.0700472440959676,0.0886012281420935
714,crispr: Plant Virus Research Studies,-0.0369414685090337,0.003055343847977
715,crispr: Plant and Biological Electrophysiology Studies,-0.029870988426733,-0.7781764562474057
716,crispr: Plant and animal studies,0.8885700794727561,-0.4795558869537
717,crispr: Plant and fungal interactions,-0.0328200887092124,0.0542606078985652
718,crispr: Plant and soil sciences,0.7762036282231107,0.2941899091503104
719,crispr: Plant biochemistry and biosynthesis,-0.1308525066427545,0.0703092691778704
720,crispr: Plant nutrient uptake and metabolism,-0.081940555864804,-0.0276365357946941
721,crispr: Plant pathogens and resistance mechanisms,0.136522310294526,0.1439789276394888
722,crispr: Plant tissue culture and regeneration,-0.045102501146004,-0.0061391790783713
723,crispr: Plant-Microbe Interactions and Immunity,-0.062842271945755,-0.0118160170818104
724,crispr: Plant-based Medicinal Research,0.1666711973548662,0.9281557654423144
725,crispr: Platelet Disorders and Treatments,0.8263192916925801,-0.5147932174243642
726,crispr: Pluripotent Stem Cells Research,-0.0361661166513965,-0.0082241969384848
727,crispr: Poetry Analysis and Criticism,-0.7707140812148705,0.1878478983265686
728,crispr: Polish Law and Legal System,0.1849767122827469,-0.9426874790041871
729,crispr: Political Philosophy and Ethics,0.1554354920029184,-0.9631864583107448
730,crispr: Political Theory and Democracy,-0.7454178030571676,0.67339644407024
731,crispr: Political and Economic history of UK and US,0.6756808535828811,-0.2454558642964654
732,crispr: Political and Social Issues,0.8962875907915129,0.0883557649749782
733,crispr: Polyamine Metabolism and Applications,-0.4200982235356773,0.734905230322653
734,crispr: Polymer Foaming and Composites,-0.7384632065502619,-0.3369931566301553
735,crispr: Polynomial and algebraic computation,0.7345958293245829,0.2830936342586787
736,crispr: Polyomavirus and related diseases,-0.0795892610265927,0.0587199859400318
737,crispr: Porphyrin Metabolism and Disorders,0.5090543558992381,0.5654323557904889
738,crispr: Postharvest Quality and Shelf Life Management,-0.1051947750812721,0.0072091447322209
739,crispr: Potato Plant Research,-0.0465129003522788,-0.1141654463041891
740,crispr: Poxvirus research and outbreaks,-0.613919745071167,-0.6316386722741874
741,crispr: Pregnancy and preeclampsia studies,0.1148890294649257,-0.7706716423438765
742,crispr: Pregnancy-related medical research,0.5753793902106686,0.4997663071398484
743,crispr: Prenatal Screening and Diagnostics,0.0654868322945165,0.0087176005005644
744,crispr: Primary Care and Health Outcomes,0.1388388367952728,0.8536024167514628
745,crispr: Prion Diseases and Protein Misfolding,-0.0235761415989995,-0.0264212315283325
746,crispr: Private Equity and Venture Capital,-0.491621940014514,-0.8567635837620988
747,crispr: Probiotics and Fermented Foods,-0.0501359306448491,0.0230868418896641
748,crispr: Prostate Cancer Treatment and Research,0.196679935748121,0.804909162934936
749,crispr: Protein Degradation and Inhibitors,-0.029658339588641,0.0339517134945874
750,crispr: Protein Structure and Dynamics,-0.046624940018034,0.0486910257542261
751,crispr: Protist diversity and phylogeny,-0.038990334827854,-0.0180034936180919
752,crispr: Psoriasis: Treatment and Pathogenesis,0.354562305506171,-0.84768677281211
753,crispr: Psychoanalysis and Psychopathology Research,0.616677164578839,-0.6329214225616275
754,crispr: Psychoanalysis and Social Critique,0.4198219922324328,0.5877475064489908
755,crispr: Psychological Treatments and Disorders,0.6093192950486006,0.6177421854604747
756,crispr: Psychosocial Factors Impacting Youth,0.5727859364741077,-0.4086354174475667
757,"crispr: Public Administration, ICT, and Policy Development",0.709668930162988,0.1860609662917745
758,crispr: Qualitative Research Methods and Applications,0.6328761028683229,0.7914930378641497
759,crispr: Qualitative Research Methods and Ethics,0.3966637483766443,0.758658419962569
760,crispr: Quality and Supply Management,-0.8669308462286521,0.084206110709692
761,crispr: Quantum Information and Cryptography,0.4717822499656059,0.6141001117256942
762,crispr: Quantum Mechanics and Applications,0.7020523435685166,-0.4642968537352714
763,crispr: Quantum and electron transport phenomena,-0.6869393904338484,0.5690722104181417
764,crispr: Qur’anic Interpretation Studies,-0.6982431344105983,-0.343382992268735
765,crispr: RNA Interference and Gene Delivery,-0.029839293912903,0.0116933229096245
766,crispr: RNA Research and Splicing,-0.0187634615199255,0.0003047341385837
767,crispr: RNA and protein synthesis mechanisms,-0.0234163429432896,0.005029405424089
768,crispr: RNA modifications and cancer,-0.0168242272780368,-0.0014752578190964
769,crispr: RNA regulation and disease,-0.022565607937865,-0.0060936984364142
770,"crispr: Rabbits: Nutrition, Reproduction, Health",-0.8708631504302943,-0.3350751716742981
771,crispr: Rabies epidemiology and control,-0.0916873593086513,-0.0714578560660164
772,"crispr: Race, Genetics, and Society",-0.615622084225672,-0.8045354811297146
773,crispr: Racial and Ethnic Identity Research,0.2553541678759062,0.6986200648762354
774,crispr: Radiation Dose and Imaging,0.7598793614024706,-0.3079361520729178
775,crispr: Radiomics and Machine Learning in Medical Imaging,-0.620738422603775,-0.4641118481636151
776,crispr: Railway Engineering and Dynamics,0.8779178360594176,-0.3335661019492943
777,crispr: Reading and Literacy Development,0.698280806127471,0.5881232286870494
778,crispr: Real-Time Systems Scheduling,-0.7942872010592991,-0.3382382297822346
779,crispr: Receptor Mechanisms and Signaling,0.162044857518119,0.7656276762436947
780,crispr: Recommender Systems and Techniques,-0.1485507129179216,-0.8457093131139292
781,crispr: Recycling and utilization of industrial and municipal waste in materials production,0.0575104508896135,0.8829793425292902
782,crispr: Reformation and Early Modern Christianity,0.7585611799229052,-0.1572080560816308
783,crispr: Regional Development and Innovation,-0.3321181294969493,0.7071230166923604
784,crispr: Regional Development and Management Studies,-0.5704358990752627,-0.6956236777654214
785,crispr: Regional Development and Policy,0.4449307102666924,0.6685268642949787
786,crispr: Regional Economics and Spatial Analysis,0.6580563404141146,-0.7707599705737656
787,crispr: Regulation of Appetite and Obesity,0.0459559531794466,-0.0334507443934442
788,"crispr: Religion, Ecology, and Ethics",0.6438605691443825,-0.5113967076339994
789,crispr: Religious Studies and Spiritual Practices,0.1145333489618951,0.7736119493593069
790,crispr: Religious and Theological Studies,0.7099614992864615,-0.0132152778102554
791,crispr: Remote Sensing in Agriculture,-0.940319198127492,0.1573636841705209
792,crispr: Renaissance and Early Modern Studies,-0.3757083438413773,-0.826883732755618
793,crispr: Renal Transplantation Outcomes and Treatments,0.6234237181462355,0.4661019918391892
794,crispr: Renal and related cancers,-0.002048091976633,0.0069742481001163
795,crispr: Renal cell carcinoma treatment,-0.1364068088408175,-0.0390798366431308
796,crispr: Renewable Energy and Sustainability,0.3675272749144073,-0.621765851933103
797,crispr: Reproductive Biology and Fertility,0.2391851159280458,-0.8102861022878979
798,crispr: Reproductive Health and Technologies,-0.7879053962832544,0.4748364408609763
799,crispr: Reproductive Physiology in Livestock,-0.925994625421744,-0.2752880677056054
800,crispr: Reproductive System and Pregnancy,-0.1308070265756565,0.0249001601466691
801,crispr: Reproductive tract infections research,-0.0647152461171053,0.0331364951499402
802,crispr: Research Data Management Practices,0.2008239292034536,0.7588039306877508
803,crispr: Research in Cotton Cultivation,-0.0393036206971554,0.055159660050823
804,crispr: Research in Social Sciences,0.9252165383039536,-0.3683408044390764
805,crispr: Research on Leishmaniasis Studies,0.0077196143557822,-0.0735515365902665
806,crispr: Retinal Development and Disorders,-0.0083265536582509,0.023050452503292
807,crispr: Retinoids in leukemia and cellular processes,0.0760769346152369,0.1566080285993492
808,crispr: Risk and Safety Analysis,0.5262098689632052,-0.7239150680960292
809,crispr: Robotics and Automated Systems,-0.1264718373927533,-0.9591635359511516
810,crispr: Rural development and sustainability,-0.4492671035689937,-0.6174535078332819
811,crispr: S100 Proteins and Annexins,0.0234698227432786,-0.0175315733772114
812,crispr: SARS-CoV-2 and COVID-19 Research,-0.0077048867599965,-0.0356706455428033
813,crispr: SARS-CoV-2 detection and testing,-0.0093293908774844,0.0284771937377823
814,crispr: Salmonella and Campylobacter epidemiology,-0.0248109202863813,0.0223567529930985
815,crispr: Scheduling and Optimization Algorithms,-0.0841939478801822,-0.7508015306961958
816,crispr: Scheduling and Timetabling Solutions,-0.8022516113933761,0.0208302952564332
817,crispr: Science Education and Pedagogy,0.2867832329644775,-0.6697920809119834
818,"crispr: Science, Research, and Medicine",0.534872890985127,0.4726390202656251
819,crispr: Scientific Research and Discoveries,0.8295095210211817,-0.3201188441753697
820,crispr: Second Language Acquisition and Learning,-0.927943244885961,-0.0329466527644609
821,crispr: Second Language Learning and Teaching,0.7386393026472309,-0.3894160961069666
822,crispr: Seed Germination and Physiology,-0.3895063385983724,-0.6761909118733077
823,crispr: Semantic Web and Ontologies,0.5320316855422723,0.7703496266257707
824,crispr: Service-Oriented Architecture and Web Services,-0.961291667719668,-0.0061240453742059
825,crispr: Signaling Pathways in Disease,-0.1831513617719672,-0.8151841949030801
826,crispr: Silk-based biomaterials and applications,-0.0863047058203318,0.008901862153318
827,crispr: Silkworms and Sericulture Research,-0.8709560944577247,-0.3612964106346296
828,crispr: Simulation and Modeling Applications,0.2138171896790127,-0.8421270953408908
829,crispr: Single-cell and spatial transcriptomics,-0.0395350666324161,-0.0059346073843639
830,crispr: Sirtuins and Resveratrol in Medicine,0.4156605958039837,0.8157505580123406
831,crispr: Skin Protection and Aging,-0.1113893928031842,-0.1139265932565685
832,crispr: Skin and Cellular Biology Research,-0.0389519802027635,-0.0640496595530282
833,crispr: Slime Mold and Myxomycetes Research,0.1012587166470559,0.0641249050674591
834,crispr: Smart Materials for Construction,-0.8071333270737278,0.350561586945309
835,crispr: Social Media and Politics,-0.3507114678764074,-0.7732174380461599
836,crispr: Social Sciences and Policies,-0.0438762467274199,-0.0128089343857217
837,crispr: Social and Cultural Dynamics,0.625134650524529,-0.7664629241874243
838,crispr: Social and Economic Solidarity,-0.7406339704018765,0.5664492505856639
839,crispr: Social and Educational Sciences,-0.0780952023833723,-0.9051305286899888
840,crispr: Social and Intergroup Psychology,0.406973833553247,-0.6163564752470309
841,crispr: Social and Political Issues,-0.826606059452197,-0.3276986870452084
842,crispr: Software Engineering Techniques and Practices,-0.3019776144811148,0.783116488635514
843,crispr: Software System Performance and Reliability,0.4381055876852491,-0.5422360680548859
844,crispr: Soil Management and Crop Yield,0.7988138496658221,-0.6632321256226106
845,crispr: Soil Mechanics and Vehicle Dynamics,-0.032602929527126,-0.0596109326382685
846,crispr: Soybean genetics and cultivation,-0.0763255429364588,0.0151861196831345
847,crispr: Space Exploration and Technology,-0.7758307468293737,0.3919100180463961
848,crispr: Space Science and Extraterrestrial Life,0.7234655905532846,0.1165825110648675
849,crispr: Spanish Culture and Identity,0.6243078958848954,0.4290907677430221
850,crispr: Spanish History and Politics,0.4792805858691966,0.7713028356320768
851,crispr: Spanish Linguistics and Language Studies,-0.2425019363161485,-0.8927488923408583
852,crispr: Spanish Literature and Culture Studies,-0.0302885309529568,0.7757109896015515
853,crispr: Spanish Philosophy and Literature,-0.0106452299725483,0.0905686366110926
854,crispr: Spatial Neglect and Hemispheric Dysfunction,-0.0777473651538675,0.9007778885953702
855,crispr: Sperm and Testicular Function,-0.1113389771084979,-0.0331637254893222
856,crispr: Sphingolipid Metabolism and Signaling,0.0670243763035688,0.0463692998898031
857,crispr: Sport and Mega-Event Impacts,0.3142479573996771,-0.775810620296478
858,crispr: Sports Analytics and Performance,-0.9603536182347884,0.1954938856641087
859,crispr: Sports and Physical Education Research,-0.8818684881194697,0.0389737827263922
860,crispr: Sports and Physical Education Studies,0.5816141990405426,0.8278449041586616
861,crispr: State Capitalism and Financial Governance,0.7509349823587128,0.308193988928982
862,crispr: Statistical Methods and Inference,-0.119491755007315,-0.0834759641367982
863,crispr: Streptococcal Infections and Treatments,-0.0568498464328777,0.0087611449070747
864,crispr: Stroke Rehabilitation and Recovery,0.7385842741071782,0.1641795401181007
865,crispr: Structural mechanics and materials,-0.366111467144797,0.8923059133515415
866,crispr: Studies on Chitinases and Chitosanases,0.6556683482854413,0.6092123848565353
867,crispr: Sugarcane Cultivation and Processing,0.8073073094193316,0.1214191910168409
868,crispr: Surgical Sutures and Adhesives,0.8933935328549992,0.2785558526228385
869,crispr: Sustainable Industrial Ecology,0.6274045551447159,-0.6917357992792706
870,crispr: Synthesis and properties of polymers,0.6514354271430496,-0.3244526875059775
871,crispr: Synthetic Aperture Radar (SAR) Applications and Techniques,-0.1596983613070718,-0.0648212008930645
872,crispr: Systemic Sclerosis and Related Diseases,-0.8799555750385554,0.2990470216594642
873,crispr: Systems Engineering Methodologies and Applications,-0.63189060774069,0.7887218756524007
874,crispr: T-cell and B-cell Immunology,0.0035722131535595,-0.0602357256640306
875,crispr: TGF-β signaling in diseases,0.686591545370094,0.6827542845359328
876,crispr: Taxation and Legal Issues,-0.7703402878971087,0.0697923100854406
877,crispr: Technology Adoption and User Behaviour,0.856031671107015,-0.3871193087366316
878,crispr: Telecommunications and Broadcasting Technologies,-0.9804771484123652,-0.0641304636094414
879,"crispr: Telomeres, Telomerase, and Senescence",0.0038015364105921,0.02147838179914
880,"crispr: Terrorism, Counterterrorism, and Political Violence",0.1514535505646217,-0.0417805741858433
881,crispr: Textile materials and evaluations,0.5242733398199011,0.662240057801988
882,crispr: Themes in Literature Analysis,0.6024635610713805,-0.5994006215890091
883,crispr: Theology and Canon Law Studies,0.5003493651077552,0.5251743563904265
884,crispr: Theology and Philosophy of Evil,0.763320628497345,0.0371433215189929
885,crispr: Therapeutic Uses of Natural Elements,0.2673357768587707,-0.6541752844458801
886,crispr: TiO2 Photocatalysis and Solar Cells,-0.2369699444302482,0.92801599173211
887,crispr: Tissue Engineering and Regenerative Medicine,-0.0948070457714447,0.015450356342784
888,crispr: Toxoplasma gondii Research Studies,-0.0637768839938685,0.0292912924297271
889,crispr: Trace Elements in Health,0.0618899799771571,-0.1160753922638575
890,crispr: Traditional Chinese Medicine Studies,-0.5137415026713646,-0.735498582598533
891,crispr: Traffic and Road Safety,0.7743628625241241,-0.3518945093788981
892,crispr: Transboundary Water Resource Management,-0.0670958188797877,0.8333959933589944
893,crispr: Transgenic Plants and Applications,-0.0680821188440403,0.0092912847522116
894,crispr: Transport and Economic Policies,0.4279049445010639,-0.6556718830765594
895,crispr: Transportation Safety and Impact Analysis,0.6628485480055227,-0.5903168349915985
896,crispr: Transportation and Mobility Innovations,0.3112010861392094,0.9323892399788016
897,crispr: Tribology and Lubrication Engineering,-0.7968311491257145,0.5934084584017475
898,crispr: Trigeminal Neuralgia and Treatments,0.6726821462099776,0.3267142938595294
899,crispr: Tropical and Extratropical Cyclones Research,0.6316979518033292,-0.3863022794157278
900,crispr: Trypanosoma species research and implications,-0.0255721085793711,-0.0185103210428838
901,crispr: Tuberculosis Research and Epidemiology,-0.0550539556456448,0.0363267146214679
902,crispr: Tuberous Sclerosis Complex Research,0.0523063210001707,-0.0584013518184292
903,crispr: Tunneling and Rock Mechanics,0.548330035906686,-0.45401924237442
904,crispr: Ubiquitin and proteasome pathways,-0.0768602646712559,0.017476131972243
905,crispr: Underwater Acoustics Research,0.0622334877530059,0.8336334839014512
906,crispr: Urban Development and Societal Issues,0.6489737878121545,-0.3383097092331217
907,crispr: Urban Planning and Landscape Design,-0.0901102825485423,0.053376174555421
908,crispr: Urban Planning and Valuation,0.334383659890864,-0.657257255673016
909,crispr: Urban Stormwater Management Solutions,0.909534655030128,-0.3174769181520604
910,crispr: Urban Transport and Accessibility,-0.8162724755328357,-0.0474902298509771
911,"crispr: Urban, Neighborhood, and Segregation Studies",-0.3562130903519066,-0.7208681211729864
912,"crispr: Urbanism, Landscape, and Tourism Studies",0.548888070891617,0.5745481579427597
913,crispr: Urological Disorders and Treatments,-0.0999328239762042,0.1753070331568185
914,crispr: Usability and User Interface Design,0.1624498107848437,-0.1182851273683063
915,crispr: Vehicle Routing Optimization Methods,-0.2426639483255935,0.7171149723069683
916,crispr: Vehicle emissions and performance,0.5893687574321422,0.5292126457555963
917,crispr: Venomous Animal Envenomation and Studies,-0.185919355017139,0.0400586941147651
918,crispr: Veterinary Practice and Education Studies,0.2203506216579879,0.9043078734594334
919,crispr: Vibrio bacteria research studies,-0.0248400710426519,0.0451629620293512
920,crispr: Video Analysis and Summarization,0.797204250639787,-0.3868449558271776
921,crispr: Video Coding and Compression Technologies,0.4767079279783435,-0.8115846144913719
922,crispr: Viral Infections and Immunology Research,0.0096112174588169,0.0166159357673485
923,crispr: Viral Infections and Vectors,0.0288399924532831,-0.00934581344992
924,crispr: Viral Infectious Diseases and Gene Expression in Insects,-0.0169818519443464,-0.0121384330603964
925,crispr: Viral gastroenteritis research and epidemiology,-0.0725168807943471,0.0087899033042808
926,crispr: Viral-associated cancers and disorders,0.1089733145981439,0.1324095524884741
927,crispr: Virology and Viral Diseases,0.3264921275208181,-0.8072528329095154
928,crispr: Virus-based gene therapy research,-0.044038714362555,0.003950054372914
929,crispr: Vitamin D Research Studies,-0.0996594512307717,0.0748505656977858
930,crispr: Water Quality Monitoring and Analysis,0.2844538915627101,-0.7408143928890374
931,crispr: Water Resource Management and Quality,-0.4840431383579972,-0.7847723833563797
932,crispr: Water Treatment and Disinfection,0.0460009938248554,0.1210168360023868
933,crispr: Water resources management and optimization,-0.403396498740401,0.8282847813243569
934,crispr: Water-Energy-Food Nexus Studies,0.3849545057667675,0.888568675313598
935,crispr: Wave and Wind Energy Systems,-0.0562154158483885,0.0666837433825423
936,crispr: Web Applications and Data Management,-0.7445616862279107,-0.1955481415513547
937,crispr: Welding Techniques and Residual Stresses,0.31693761389432,0.817122802006075
938,crispr: Wheat and Barley Genetics and Pathology,-0.0499404766695891,-0.02059284968293
939,crispr: Williams Syndrome Research,0.1043433179305189,-0.0567268298035987
940,crispr: Wine Industry and Tourism,-0.7506122510679734,-0.1607927597237569
941,crispr: Wireless Networks and Protocols,0.9389276408671626,-0.0774193564390052
942,crispr: Wireless Signal Modulation Classification,-0.963073913336784,-0.1330712716880471
943,crispr: Wnt/β-catenin signaling in development and cancer,-0.0808083805377242,-0.1071980689329865
944,crispr: Wound Healing and Treatments,-0.092773959208959,-0.0535548481661289
945,crispr: Xenotransplantation and immune response,-0.0532638622187448,-0.0115845425335513
946,"crispr: Yersinia bacterium, plague, ectoparasites research",-0.0555228501300948,0.0118391639928411
947,crispr: Zebrafish Biomedical Research Applications,-0.0171688700548891,0.0578845153468488
948,crispr: biodegradable polymer synthesis and properties,-0.0283723079903388,0.0532978865615471
949,crispr: bioluminescence and chemiluminescence research,-0.040879593829593,0.1117163764477761
950,crispr: interferon and immune responses,-0.0126973759788981,-0.0238671212987614
951,crispr: linguistics and terminology studies,0.713548994868097,-0.1882881546574228
100000,graphene_2d_materials: 2D Materials and Applications,0.0169371913034898,-0.0095673461351441
100001,graphene_2d_materials: 3D Modeling in Geospatial Applications,0.4508655682720969,0.8465061271912453
100002,graphene_2d_materials: 3D Shape Modeling and Analysis,0.9449945976848132,-0.0806111230453219
100003,graphene_2d_materials: 3D Surveying and Cultural Heritage,0.2383564572050582,0.6526524796957436
100004,graphene_2d_materials: AI-based Problem Solving and Planning,0.3229098025420346,0.5809015786800347
100005,graphene_2d_materials: Academic Freedom and Politics,-0.926003957971738,-0.2606858335544911
100006,graphene_2d_materials: Accounting and Financial Management,-0.7645459646430232,0.5949454848864405
100007,graphene_2d_materials: Acne and Rosacea Treatments and Effects,-0.2580585053715772,0.629818382934241
100008,graphene_2d_materials: Acoustic Wave Phenomena Research,-0.5767445502545224,-0.3387617380868063
100009,graphene_2d_materials: Acoustic Wave Resonator Technologies,-0.95044374114253,-0.1818193819234653
100010,graphene_2d_materials: Acute Lymphoblastic Leukemia research,0.8483164046403575,-0.3984323638806117
100011,graphene_2d_materials: Adaptive optics and wavefront sensing,-0.2819066277821037,0.8862921591884864
100012,graphene_2d_materials: Additive Manufacturing Materials and Processes,-0.7041508806906264,-0.6967047770047721
100013,graphene_2d_materials: Additive Manufacturing and 3D Printing Technologies,0.2340928092209593,0.7901468554565622
100014,"graphene_2d_materials: Adhesion, Friction, and Surface Interactions",0.0125119545876948,0.0663394964822982
100015,graphene_2d_materials: Administrative Law and Governance,0.5295305008916928,-0.7789901152862743
100016,graphene_2d_materials: Adsorption and biosorption for pollutant removal,-8.484340750053562e-05,-0.0654886697097037
100017,"graphene_2d_materials: Adsorption, diffusion, and thermodynamic properties of materials",-0.0539887980577172,-0.1357225327467688
100018,graphene_2d_materials: Advanced Algorithms and Applications,-0.9348636304535766,-0.317373767759118
100019,graphene_2d_materials: Advanced Battery Materials and Technologies,0.0175338052174053,0.0024291508764541
100020,graphene_2d_materials: Advanced Battery Technologies Research,-0.4647848714349914,0.535953743778349
100021,graphene_2d_materials: Advanced Chemical Physics Studies,0.0314392422199915,0.0221866068082852
100022,graphene_2d_materials: Advanced Chemical Sensor Technologies,-0.1633502069920778,-0.6480962808088827
100023,graphene_2d_materials: Advanced Combinatorial Mathematics,-0.347966143434284,0.4878755084925303
100024,graphene_2d_materials: Advanced Combustion Engine Technologies,0.4750125050248312,-0.7880150035920627
100025,graphene_2d_materials: Advanced Data Processing Techniques,0.6566765686511145,0.1585835022313567
100026,graphene_2d_materials: Advanced Database Systems and Queries,-0.5976198708935917,-0.7055838986404123
100027,graphene_2d_materials: Advanced Electron Microscopy Techniques and Applications,-0.0125239418959942,-0.0408860131856765
100028,graphene_2d_materials: Advanced Fiber Laser Technologies,0.0011977046832059,-0.0091338186781553
100029,graphene_2d_materials: Advanced Fiber Optic Sensors,-0.695549267591382,0.1860915746129846
100030,graphene_2d_materials: Advanced Glycation End Products research,0.1200028279080211,-0.8887193644134463
100031,graphene_2d_materials: Advanced Machining and Optimization Techniques,0.777721719559191,-0.1656446771507312
100032,graphene_2d_materials: Advanced Materials Characterization Techniques,0.0511225587965932,-0.0684623913436335
100033,graphene_2d_materials: Advanced Materials and Mechanics,-0.0221448684753696,-0.0419454320804252
100034,graphene_2d_materials: Advanced Mathematical Modeling in Engineering,0.8208745184988032,0.5716518318990546
100035,graphene_2d_materials: Advanced Mathematical Theories and Applications,0.0069756452352169,-0.8550260656728111
100036,graphene_2d_materials: Advanced Measurement and Metrology Techniques,0.8322256476940312,-0.1943908096224146
100037,graphene_2d_materials: Advanced Memory and Neural Computing,0.0087248574151294,-0.0665901510634095
100038,graphene_2d_materials: Advanced NMR Techniques and Applications,0.011322392175654,-0.0384787338437177
100039,graphene_2d_materials: Advanced Nanomaterials in Catalysis,-0.031656937199211,-0.0021405207836296
100040,graphene_2d_materials: Advanced Numerical Analysis Techniques,0.9001647765479095,-0.1178737061256755
100041,graphene_2d_materials: Advanced Optical Imaging Technologies,-0.3811419907995729,-0.2761783371279242
100042,graphene_2d_materials: Advanced Optical Sensing Technologies,-0.5555078038108521,-0.6090457814376089
100043,graphene_2d_materials: Advanced Photocatalysis Techniques,0.0156365081585505,-0.0184109366890477
100044,graphene_2d_materials: Advanced Physical and Chemical Molecular Interactions,0.8260814692425821,-0.5201451079246749
100045,graphene_2d_materials: Advanced Semiconductor Detectors and Materials,0.7340556582850714,0.2665698764685078
100046,graphene_2d_materials: Advanced Sensor Technologies Research,0.0624580759710262,0.2043590206686844
100047,graphene_2d_materials: Advanced Sensor and Energy Harvesting Materials,-0.0034349520700587,-0.0170991538952168
100048,graphene_2d_materials: Advanced Surface Polishing Techniques,-0.7839293642973896,-0.3455678432190904
100049,graphene_2d_materials: Advanced Theoretical and Applied Studies in Material Sciences and Geometry,0.5789300176480727,0.1647106151934444
100050,graphene_2d_materials: Advanced Thermodynamic Systems and Engines,0.2377732955554944,0.9085310532644836
100051,graphene_2d_materials: Advanced Thermodynamics and Statistical Mechanics,0.0727105429793243,-0.0110780650533072
100052,graphene_2d_materials: Advanced Thermoelectric Materials and Devices,0.1223704474421128,-0.0054164987592875
100053,graphene_2d_materials: Advanced Vision and Imaging,-0.3656970005822897,-0.3004610930150305
100054,graphene_2d_materials: Advanced Wireless Network Optimization,-0.4554483978304379,-0.7505864779168564
100055,graphene_2d_materials: Advanced X-ray and CT Imaging,0.4993031275248558,-0.6745639078174398
100056,graphene_2d_materials: Advanced biosensing and bioanalysis techniques,0.0072931027369801,-0.0268539678327422
100057,graphene_2d_materials: Advanced ceramic materials synthesis,0.0866560305335606,0.1132672426090716
100058,graphene_2d_materials: Advanced machining processes and optimization,0.0641217382808327,0.1523284251385355
100059,graphene_2d_materials: Advanced materials and composites,-0.0086777272542199,0.089463427700835
100060,graphene_2d_materials: Advanced oxidation water treatment,0.0157681354807248,-0.1344100304219475
100061,graphene_2d_materials: Advancements in Battery Materials,0.0173746692562766,-0.0146289538717391
100062,graphene_2d_materials: Advancements in Materials Engineering,-0.8662091838885367,0.5003755927402272
100063,graphene_2d_materials: Advancements in Semiconductor Devices and Circuit Design,0.0035700325894215,-0.0764506343230287
100064,graphene_2d_materials: Aerogels and thermal insulation,0.07206036847126,0.0288828260480371
100065,graphene_2d_materials: Aerospace Engineering and Control Systems,0.1184858280001374,-0.5816137976559175
100066,graphene_2d_materials: African history and culture analysis,-0.5347955246216216,-0.7166902592959348
100067,graphene_2d_materials: African studies and sociopolitical issues,0.1429174990911262,0.6861702289529109
100068,"graphene_2d_materials: Aging, Health, and Disability",0.8515214391066362,0.427644323179558
100069,graphene_2d_materials: Agricultural Research and Practices,-0.2513613334269542,0.6688630074348271
100070,graphene_2d_materials: Agricultural and Food Sciences,-0.9265655940944936,0.2572814953040562
100071,graphene_2d_materials: Agricultural and Rural Development Research,0.3743924800914127,-0.881551991067883
100072,graphene_2d_materials: Agriculture and Farm Safety,-0.1843148301316678,-0.7615696567069227
100073,graphene_2d_materials: Agriculture and Rural Development Research,-0.4345700966165445,-0.571139547083517
100074,graphene_2d_materials: Agroforestry and silvopastoral systems,-0.3064664097551422,-0.7847347992708673
100075,graphene_2d_materials: Agronomic Practices and Intercropping Systems,0.3264077676017113,-0.871170518592758
100076,graphene_2d_materials: Air Quality Monitoring and Forecasting,0.1927317550749334,-0.765490438179961
100077,graphene_2d_materials: Algal biology and biofuel production,0.0664782305027867,-0.6409239401507576
100078,graphene_2d_materials: Aluminum Alloys Composites Properties,-0.0282277738192795,-0.0632204517438927
100079,graphene_2d_materials: American Constitutional Law and Politics,-0.6216557094691829,-0.630576492359275
100080,graphene_2d_materials: Ammonia Synthesis and Nitrogen Reduction,0.0157044384726785,-0.0396304104308928
100081,graphene_2d_materials: Amphibian and Reptile Biology,-0.5457762208179214,0.6306241164672012
100082,graphene_2d_materials: Analytical Chemistry and Chromatography,-0.0745869143204119,0.1988257610507371
100083,graphene_2d_materials: Analytical Chemistry and Sensors,0.0693524333610846,0.0238923273772267
100084,graphene_2d_materials: Analytical chemistry methods development,0.8485001463636622,0.1432994582907324
100085,graphene_2d_materials: Ancient Mediterranean Archaeology and History,0.8134502204901156,0.1066940702448657
100086,graphene_2d_materials: Ancient and Medieval Archaeology Studies,-0.6821607283304449,0.7632501240711252
100087,graphene_2d_materials: Anesthesia and Neurotoxicity Research,-0.8159010520546415,0.4150621728281729
100088,graphene_2d_materials: Anesthesia and Pain Management,-0.3207071944226554,-0.7534759784490724
100089,graphene_2d_materials: Animal Behavior and Welfare Studies,-0.7898929891186646,0.3401923129410326
100090,graphene_2d_materials: Animal Genetics and Reproduction,-0.4790136773720737,0.4047355697386576
100091,graphene_2d_materials: Anodic Oxide Films and Nanostructures,0.020073578523615,0.0282141477349189
100092,graphene_2d_materials: Anomaly Detection Techniques and Applications,-0.8340056935299118,-0.2108785074057626
100093,graphene_2d_materials: Antibiotic Resistance in Bacteria,0.2632590648453113,0.8617442635869598
100094,graphene_2d_materials: Aquaculture Nutrition and Growth,-0.7743523460836463,-0.0623079601830891
100095,graphene_2d_materials: Aquatic Ecosystems and Phytoplankton Dynamics,-0.407266310477388,-0.643514170767508
100096,graphene_2d_materials: Archaeological and Geological Studies,-0.332248650600165,0.6953950885702046
100097,graphene_2d_materials: Archaeological and Historical Studies,-0.6858985254192413,0.6512585279916063
100098,graphene_2d_materials: Archaeology and Historical Studies,0.6869652822757751,0.2994174028519697
100099,graphene_2d_materials: Archaeology and Natural History,-0.3506375879501587,-0.7143394415119373
100100,"graphene_2d_materials: Architecture, Art, Education",0.6127167577254753,-0.7229492980695061
100101,"graphene_2d_materials: Architecture, Design, and Social History",-0.1334549137119173,-0.601987653513068
100102,graphene_2d_materials: Arsenic contamination and mitigation,-0.4733526386558969,0.8441150881839533
100103,graphene_2d_materials: Art Education and Development,-0.5431318718902006,0.5337515119805988
100104,graphene_2d_materials: Asthma and respiratory diseases,0.7788284499598824,0.2773227076407852
100105,graphene_2d_materials: Astro and Planetary Science,-0.1748743549246202,0.1135750141186556
100106,graphene_2d_materials: Astronomy and Astrophysical Research,-0.4378901049768611,0.2906244642681634
100107,graphene_2d_materials: Astrophysical Phenomena and Observations,-0.3541122837496525,0.2242992011602656
100108,graphene_2d_materials: Astrophysics and Cosmic Phenomena,-0.4138530249650975,0.2701896560804409
100109,graphene_2d_materials: Astrophysics and Star Formation Studies,-0.3006259428212474,0.1897703890303978
100110,graphene_2d_materials: Atherosclerosis and Cardiovascular Diseases,0.3409431997445861,0.9153560088625644
100111,graphene_2d_materials: Augmented Reality Applications,0.7860195490973713,0.4373700976093592
100112,graphene_2d_materials: Augustinian Studies and Theology,-0.4996588258774732,0.6255709102196897
100113,graphene_2d_materials: Autophagy in Disease and Therapy,-0.4346272089167206,-0.4981404691430741
100114,graphene_2d_materials: Avian ecology and behavior,0.5829116492468324,0.4239584943042396
100115,graphene_2d_materials: BRCA gene mutations in cancer,-0.4086890160971893,-0.705582640342498
100116,graphene_2d_materials: Basque language and culture studies,-0.8847944425603285,0.0251396425748716
100117,graphene_2d_materials: Bayesian Modeling and Causal Inference,0.6995453699075488,-0.3065648667447282
100118,graphene_2d_materials: Behavioral Health and Interventions,0.2511568512432136,-0.7189489546487133
100119,graphene_2d_materials: Biodiesel Production and Applications,-0.3715165730531271,0.5786019903583023
100120,graphene_2d_materials: Bioeconomy and Sustainability Development,-0.0104356446994753,0.80873363956976
100121,graphene_2d_materials: Biofuel production and bioconversion,0.6657536019745771,-0.3596135341403541
100122,graphene_2d_materials: Biological Control of Invasive Species,-0.9581753418958118,0.2264261418969176
100123,graphene_2d_materials: Biosensors and Analytical Detection,0.655516981955,0.5941865884468511
100124,graphene_2d_materials: Biotechnology and Related Fields,-0.8434251206362796,-0.5221431916659163
100125,graphene_2d_materials: Biotin and Related Studies,-0.6474992198995081,-0.393629186741512
100126,"graphene_2d_materials: Birth, Development, and Health",-0.2942214001580374,-0.8359216571845391
100127,graphene_2d_materials: Black Holes and Theoretical Physics,-0.0067318523554125,-0.0985988930016903
100128,graphene_2d_materials: Block Copolymer Self-Assembly,-0.689149365151905,0.5297947862392094
100129,graphene_2d_materials: Bone Tissue Engineering Materials,-0.050770496032854,-0.0035397922242281
100130,graphene_2d_materials: Bone and Dental Protein Studies,-0.118290344330732,0.9395266808743165
100131,graphene_2d_materials: Boron and Carbon Nanomaterials Research,-0.007854730813044,0.0124781288364785
100132,graphene_2d_materials: Botanical Research and Applications,-0.7533283713909874,0.6346521123514581
100133,graphene_2d_materials: Botanical Research and Chemistry,0.0535587412438364,0.7694525437637921
100134,graphene_2d_materials: Brake Systems and Friction Analysis,0.0269497460371309,-0.7025774652779764
100135,graphene_2d_materials: Building materials and conservation,0.7363205384740137,-0.2543299967970565
100136,graphene_2d_materials: Business Law and Ethics,0.359470157606015,0.8457110976871757
100137,graphene_2d_materials: Business Process Modeling and Analysis,0.8428372804396295,0.0393268368055978
100138,"graphene_2d_materials: Business, Education, Mathematics Research",-0.4831568852185761,0.6816552426923953
100139,graphene_2d_materials: Byzantine Studies and History,-0.7205804936979987,0.7006451472352524
100140,graphene_2d_materials: CO2 Reduction Techniques and Catalysts,0.1160157806292417,-0.9670797201660228
100141,graphene_2d_materials: Calcium Carbonate Crystallization and Inhibition,0.1639428649236931,0.0366127976544245
100142,graphene_2d_materials: Calibration and Measurement Techniques,-0.7032267475596123,0.3042734683403919
100143,graphene_2d_materials: Carbon Dioxide Capture Technologies,0.0873505019197425,0.0208787399293711
100144,graphene_2d_materials: Carbon Nanotubes in Composites,0.0037424378540885,-0.0146326792962497
100145,graphene_2d_materials: Carbon and Quantum Dots Applications,0.0210765592588927,-0.0283326225202005
100146,graphene_2d_materials: Cardiac Ischemia and Reperfusion,-0.7947804087301072,-0.4460921914537706
100147,graphene_2d_materials: Cardiac Valve Diseases and Treatments,-0.8251220157766126,0.5179362896099838
100148,graphene_2d_materials: Cardiovascular Issues in Pregnancy,0.0757815253839977,-0.6924365954117842
100149,graphene_2d_materials: Cassava research and cyanide,0.5499800511619268,-0.670033548396737
100150,graphene_2d_materials: Catalysis and Hydrodesulfurization Studies,0.0222381490932425,0.0178214374383247
100151,graphene_2d_materials: Catalysis and Oxidation Reactions,0.0349795171647948,0.0495701637256798
100152,graphene_2d_materials: Catalysts for Methane Reforming,0.0518141471872305,0.0440416366075611
100153,graphene_2d_materials: Catalytic Cross-Coupling Reactions,0.0178297864611396,-0.053081691137283
100154,graphene_2d_materials: Catalytic Processes in Materials Science,0.0388728268334558,0.0152406092112325
100155,graphene_2d_materials: Cellular and Composite Structures,-0.0428410541881438,-0.030514379361126
100156,graphene_2d_materials: Central European Literary Studies,0.6757229850201206,0.4714169526191212
100157,graphene_2d_materials: Chalcogenide Semiconductor Thin Films,0.0161681562370954,0.0140290332569537
100158,graphene_2d_materials: Chemical Synthesis and Characterization,0.0209399881220218,0.0111721273332682
100159,graphene_2d_materials: Chemical Thermodynamics and Molecular Structure,0.4756780563058834,0.7251193348126885
100160,graphene_2d_materials: Chemical and Physical Properties in Aqueous Solutions,-0.7065871381327058,-0.090162087527607
100161,graphene_2d_materials: Chemical and Physical Properties of Materials,-0.1246601135943389,-0.0698523508392055
100162,graphene_2d_materials: Chemokine receptors and signaling,0.5216127943020825,0.5098866795562813
100163,graphene_2d_materials: Child Development and Digital Technology,0.4564875881002695,-0.4938391552623146
100164,graphene_2d_materials: Child Nutrition and Water Access,-0.6503172214901719,-0.1369588573107703
100165,graphene_2d_materials: Child and Adolescent Health,0.5145195476369601,-0.5969430305842951
100166,graphene_2d_materials: Chromosomal and Genetic Variations,-0.8012319254790519,-0.5995864332210441
100167,graphene_2d_materials: Chronic Lymphocytic Leukemia Research,-0.8440841061238679,-0.036616225422199
100168,graphene_2d_materials: Cinema History and Criticism,-0.2063415898298375,0.8811750634852129
100169,graphene_2d_materials: Citation,-0.6469625084973075,-0.2203558229158272
100170,graphene_2d_materials: Civil and Structural Engineering Research,-0.7497413447065153,-0.6964535680461535
100171,graphene_2d_materials: Classical Antiquity Studies,0.6847830905421883,0.4346962165374944
100172,graphene_2d_materials: Clay minerals and soil interactions,-0.7823006238733928,0.4970419322791006
100173,graphene_2d_materials: Clinical Laboratory Practices and Quality Control,-0.1688407532756891,-0.8166483538609668
100174,graphene_2d_materials: Clinical practice guidelines implementation,0.8380410316210418,-0.5722721487804142
100175,graphene_2d_materials: Coal Combustion and Slurry Processing,-0.1560255239895812,-0.041124976153942
100176,graphene_2d_materials: Coal Properties and Utilization,0.0325678165578411,0.0989939803400829
100177,graphene_2d_materials: Coal and Coke Industries Research,0.5849425972011523,-0.245268808959133
100178,graphene_2d_materials: Coal and Its By-products,-0.001873151294169,-0.1490986394688014
100179,graphene_2d_materials: Coastal and Marine Dynamics,0.6476341731651003,0.0041384515832565
100180,graphene_2d_materials: Coconut Research and Applications,-0.5592109169219446,0.26581970145714
100181,graphene_2d_materials: Cold Atom Physics and Bose-Einstein Condensates,-0.597846105002981,0.1833638827730074
100182,graphene_2d_materials: Collaborative Teaching and Inclusion,-0.041107561958509,0.835557543853467
100183,graphene_2d_materials: Combustion and Detonation Processes,-0.549434764105017,-0.779749290101229
100184,graphene_2d_materials: Comparative International Legal Studies,-0.0197979642732251,-0.8189407365378294
100185,graphene_2d_materials: Comparative Literary Analysis and Criticism,0.4681405860757505,-0.5613126594304676
100186,graphene_2d_materials: Comparative constitutional jurisprudence studies,-0.6481770502164149,0.315492685219485
100187,graphene_2d_materials: Competency Development and Evaluation,0.6203593704586025,0.3705058486082339
100188,graphene_2d_materials: Competitive and Knowledge Intelligence,0.4273318653829009,-0.5194872934911052
100189,graphene_2d_materials: Composite Material Mechanics,0.9654469796485466,0.1776972261842972
100190,graphene_2d_materials: Composite Structure Analysis and Optimization,0.691495406734882,-0.5581805582854908
100191,"graphene_2d_materials: Computability, Logic, AI Algorithms",0.6379648275204584,0.4609952185623391
100192,graphene_2d_materials: Computational Fluid Dynamics and Aerodynamics,-0.4967852688109656,0.790693328245527
100193,graphene_2d_materials: Computational Physics and Python Applications,-0.1020968114880095,0.0396816256451456
100194,graphene_2d_materials: Concrete and Cement Materials Research,-0.4732008250146968,-0.7972015884141267
100195,graphene_2d_materials: Conducting polymers and applications,0.0078617799093378,-0.0085974884880127
100196,graphene_2d_materials: Conferences and Exhibitions Management,0.3248007329754004,-0.7563476767734743
100197,"graphene_2d_materials: Conservation, Biodiversity, and Resource Management",0.9226088942292856,-0.2452869422364943
100198,graphene_2d_materials: Constraint Satisfaction and Optimization,-0.0737640648378588,-0.5856214031352843
100199,graphene_2d_materials: Constructed Wetlands for Wastewater Treatment,0.0503909151957366,0.6027157380159173
100200,graphene_2d_materials: Consumer Attitudes and Food Labeling,0.2063746165802157,0.75668678197996
100201,graphene_2d_materials: Consumer Perception and Purchasing Behavior,0.8069925278050689,0.4970361839940941
100202,graphene_2d_materials: Copper-based nanomaterials and applications,0.0407860283659007,-0.0521240862006671
100203,graphene_2d_materials: Copyright and Intellectual Property,-0.2903997529316151,0.802889326212283
100204,graphene_2d_materials: Coral and Marine Ecosystems Studies,0.8062239683417736,-0.0980476622245037
100205,graphene_2d_materials: Corneal Surgery and Treatments,-0.5569908736578172,-0.4647436198131023
100206,graphene_2d_materials: Corrosion Behavior and Inhibition,0.0268172159505719,0.0201555885553947
100207,graphene_2d_materials: Counseling Practices and Supervision,0.6932867978876619,-0.0504855520458335
100208,graphene_2d_materials: Covalent Organic Framework Applications,0.0052420025007795,-0.0507615996763424
100209,graphene_2d_materials: Crime Patterns and Interventions,-0.4549358681109754,-0.8998577929712981
100210,graphene_2d_materials: Cruise Tourism Development and Management,0.6702786224127637,-0.4109078209180835
100211,graphene_2d_materials: Cryospheric studies and observations,0.9073059386905368,0.4133398996638497
100212,graphene_2d_materials: Crystal Structures and Properties,0.0386017129351134,0.0941101606689402
100213,graphene_2d_materials: Crystallization and Solubility Studies,0.0790111561118574,-0.1949875998126737
100214,graphene_2d_materials: Crystallography and Radiation Phenomena,0.0966425774053639,0.9565566027881188
100215,graphene_2d_materials: Crystallography and molecular interactions,0.0757551850156926,0.0606547688349897
100216,graphene_2d_materials: Cuban History and Society,-0.4348355642189192,0.4462715107466634
100217,graphene_2d_materials: Cultural Differences and Values,0.9589708015905556,0.0979260330054613
100218,graphene_2d_materials: Cultural Heritage Materials Analysis,0.5920305148712635,0.64037681852263
100219,graphene_2d_materials: Cultural Industries and Urban Development,0.9193101660069376,-0.3084635983003067
100220,graphene_2d_materials: Dark Matter and Cosmic Phenomena,-0.426794151235713,0.2704236021680991
100221,graphene_2d_materials: Data Mining Algorithms and Applications,-0.8425856720586524,-0.3788611758849686
100222,graphene_2d_materials: Date Palm Research Studies,-0.5164763462388338,0.2677237846773257
100223,"graphene_2d_materials: Defense, Military, and Policy Studies",0.3016627688651648,0.743316114164964
100224,graphene_2d_materials: Dendrimers and Hyperbranched Polymers,0.1240082056589504,-0.1439670327446501
100225,graphene_2d_materials: Dental Implant Techniques and Outcomes,-0.8484472771149302,-0.5619515984541616
100226,graphene_2d_materials: Dental materials and restorations,-0.4799900240108298,0.7553957962959243
100227,graphene_2d_materials: Developmental and Educational Neuropsychology,-0.3640376969191041,-0.5978744795296101
100228,graphene_2d_materials: Diamond and Carbon-based Materials Research,0.0085983678066335,0.0187269871992496
100229,graphene_2d_materials: Diatoms and Algae Research,-0.803189715705908,0.3031884267050647
100230,graphene_2d_materials: Diet and metabolism studies,-0.5159929263403649,0.4181143094214249
100231,"graphene_2d_materials: Diet, Metabolism, and Disease",0.7556829263368106,0.16415337786284
100232,graphene_2d_materials: Digital Communication and Language,-0.9279564077006148,-0.4186879503351692
100233,graphene_2d_materials: Digital Platforms and Economics,-0.3208851657049277,0.7518986262986663
100234,graphene_2d_materials: Digital Storytelling and Education,-0.4220314823583453,0.8752549150012925
100235,graphene_2d_materials: Disability Education and Employment,0.0024465752074774,0.7478776652627295
100236,graphene_2d_materials: Disaster Management and Resilience,-0.0648916609735924,0.9609910644798494
100237,graphene_2d_materials: Discourse Analysis in Language Studies,0.2791886044974495,-0.5998317663783447
100238,graphene_2d_materials: Distributed and Parallel Computing Systems,0.7382406671471502,0.4032042517038756
100239,graphene_2d_materials: Diverse Cultural and Historical Studies,0.4820996885968201,-0.4922090044822214
100240,graphene_2d_materials: Diverse Education Studies and Reforms,-0.611757771313259,-0.3623896163725921
100241,graphene_2d_materials: Diverse Educational Innovations Studies,0.1795049398304325,-0.805847365176097
100242,graphene_2d_materials: Diverse Music Education Insights,0.7000092650368324,-0.1575204032283732
100243,graphene_2d_materials: Diverticular Disease and Complications,0.574708459345645,0.3638443136627446
100244,graphene_2d_materials: Drilling and Well Engineering,0.9452792387645113,-0.1876080756343771
100245,graphene_2d_materials: Drug Solubulity and Delivery Systems,-0.6084196118662386,0.6837183086578572
100246,graphene_2d_materials: Drug Transport and Resistance Mechanisms,-0.8233180139603974,-0.1083644398785698
100247,graphene_2d_materials: Drug-Induced Adverse Reactions,-0.0485793221405448,-0.7054197897398118
100248,graphene_2d_materials: Dust and Plasma Wave Phenomena,0.0350190752011948,-0.0659385452063488
100249,graphene_2d_materials: Dutch Social and Cultural Studies,0.0072155568872239,-0.0904427715818089
100250,graphene_2d_materials: Dye analysis and toxicity,0.1415778473094209,-0.6643046876255007
100251,graphene_2d_materials: E-Learning and COVID-19,-0.549678228828508,0.4781264444037431
100252,graphene_2d_materials: E-Learning and Knowledge Management,-0.9384029728208868,0.0539618688902297
100253,graphene_2d_materials: EEG and Brain-Computer Interfaces,0.7325207006501935,0.5345041317319199
100254,graphene_2d_materials: EFL/ESL Teaching and Learning,-0.8877286127048789,-0.4018626612233376
100255,graphene_2d_materials: Early Modern Spanish Literature,-0.2522349134047353,-0.9214623206050208
100256,graphene_2d_materials: Earth Systems and Cosmic Evolution,0.177622596442339,-0.900046669036108
100257,graphene_2d_materials: Economic and Environmental Valuation,-0.7999752723123305,-0.6928130274892496
100258,graphene_2d_materials: Economic and Social Development,0.3360127799780313,-0.6273224839793815
100259,graphene_2d_materials: Education Practices and Evaluation,-0.4282811641961589,0.5181172796301088
100260,graphene_2d_materials: Education Systems and Policy,-0.7532741149704881,-0.5739899121224401
100261,graphene_2d_materials: Education and Islamic Studies,0.8877259601254764,-0.2028950001389594
100262,graphene_2d_materials: Education and Teacher Training,-0.5400780794024855,-0.5720865323301577
100263,graphene_2d_materials: Education and Vocational Training,0.862232496473156,-0.0960891813169217
100264,graphene_2d_materials: Education for Peace and Conflict Resolution,0.1351899356887921,-0.7339683984107888
100265,"graphene_2d_materials: Education, Healthcare and Sociology Research",-0.6879088840225837,0.2534556399938577
100266,"graphene_2d_materials: Education, Leadership, and Health Research",0.6867756444638169,0.0649127360696617
100267,"graphene_2d_materials: Education, Safety, and Science Studies",-1.0,-0.0344387239993479
100268,"graphene_2d_materials: Education, sociology, and vocational training",-0.1495286297751341,0.656457515660897
100269,graphene_2d_materials: Educational Environments and Student Outcomes,0.7498367212361083,-0.0589216236052289
100270,graphene_2d_materials: Educational Practices and Policies,-0.1932928074840093,0.6166638974795656
100271,graphene_2d_materials: Educational Research and Science Teaching,0.8752641766408743,-0.2917321934168401
100272,graphene_2d_materials: Educational and Psychological Assessments,0.2264387200635532,0.7093302428182123
100273,graphene_2d_materials: Educational and Social Studies,0.596957988713649,-0.4387681020189459
100274,graphene_2d_materials: Elasticity and Material Modeling,0.0961720105205632,-0.6195861593552594
100275,graphene_2d_materials: Electrical Contact Performance and Analysis,-0.0373205169322681,0.0709580097605016
100276,graphene_2d_materials: Electrocatalysts for Energy Conversion,0.0114467241634398,-0.0135487634285434
100277,graphene_2d_materials: Electrochemical Analysis and Applications,0.0010948290653478,-0.0343166506281502
100278,graphene_2d_materials: Electrochemical sensors and biosensors,0.0115594349724932,-0.0281612432763695
100279,graphene_2d_materials: Electrodeposition and Electroless Coatings,-0.0465664299339182,0.0697634769113969
100280,graphene_2d_materials: Electrohydrodynamics and Fluid Dynamics,0.0925058028082333,0.0674845173442374
100281,graphene_2d_materials: Electromagnetic Launch and Propulsion Technology,0.2036933730383364,0.9467898616777868
100282,graphene_2d_materials: Electromagnetic Scattering and Analysis,0.6017318173075304,-0.3139467139501298
100283,graphene_2d_materials: Electromagnetic Simulation and Numerical Methods,0.5177448059551129,0.569218486411069
100284,graphene_2d_materials: Electromagnetic wave absorption materials,0.0286372140791946,-0.0365389954040464
100285,graphene_2d_materials: Electron and X-Ray Spectroscopy Techniques,0.0373543285102839,0.0079626904064701
100286,graphene_2d_materials: Electronic Packaging and Soldering Technologies,0.2711563140577085,-0.6573302884889721
100287,graphene_2d_materials: Electronic and Structural Properties of Oxides,0.0521447554092335,-0.021635838830475
100288,graphene_2d_materials: Electrophoretic Deposition in Materials Science,0.2180656269366864,0.087662108235315
100289,graphene_2d_materials: Embedded Systems Design Techniques,0.4435152089844992,0.7479406886053265
100290,graphene_2d_materials: Emotions and Moral Behavior,-0.2901714735614193,-0.9356145269698092
100291,"graphene_2d_materials: Employment, Labor, and Gender Studies",-0.7323911873692394,0.1202555735198386
100292,graphene_2d_materials: Energetic Materials and Combustion,0.0462512473371171,-0.0925765636174582
100293,graphene_2d_materials: Energy and Environment Impacts,0.7092175386620094,0.6991398284919724
100294,graphene_2d_materials: Engineering Applied Research,-0.6751559974047809,-0.5295259819322014
100295,graphene_2d_materials: Engineering Structural Analysis Methods,0.4030330873586763,-0.7366717030753565
100296,graphene_2d_materials: Engineering Technology and Methodologies,0.5427984066624189,0.869575709473731
100297,graphene_2d_materials: Engineering and Information Technology,-0.2394242811212955,-0.6655713452112965
100298,graphene_2d_materials: Engineering and Material Science Research,-0.0012364509274729,0.8955112819064346
100299,graphene_2d_materials: Environmental and Ecological Studies,0.4036046601365934,-0.6860778259177548
100300,graphene_2d_materials: Environmental remediation with nanomaterials,0.7384472133676335,-0.4874954284795602
100301,graphene_2d_materials: Enzyme Structure and Function,-0.8109130859552626,0.1854348030259408
100302,graphene_2d_materials: Epoxy Resin Curing Processes,-0.0577434053059356,0.0725430983137692
100303,graphene_2d_materials: Ergonomics and Musculoskeletal Disorders,-0.7152481456660058,-0.4700068225080533
100304,graphene_2d_materials: Ethics and bioethics in healthcare,-0.6673638141808442,-0.1082838193088508
100305,graphene_2d_materials: Ethics in Business and Education,0.3970490925374085,0.6887254430737731
100306,graphene_2d_materials: Ethics in Clinical Research,-0.6030538203689242,-0.1253998718752049
100307,graphene_2d_materials: European Union Policy and Governance,-0.0294037674126251,-0.9614238328020984
100308,graphene_2d_materials: European and International Contract Law,-0.3254393486820553,-0.8688232829763082
100309,graphene_2d_materials: Evolution and Genetic Dynamics,0.2826835196972486,-0.5437792717074701
100310,graphene_2d_materials: Experimental Learning in Engineering,0.6006172127388183,0.5450108465447584
100311,graphene_2d_materials: Extraction and Separation Processes,0.0088460397568089,-0.0625071669759001
100312,graphene_2d_materials: Face and Expression Recognition,-0.2002684402889028,-0.9655902981620744
100313,graphene_2d_materials: Fatigue and fracture mechanics,-0.3453240182876048,0.5488275101542373
100314,graphene_2d_materials: Fermentation and Sensory Analysis,-0.2465894157036674,0.8375096462838828
100315,graphene_2d_materials: Ferroelectric and Piezoelectric Materials,0.0470886686085831,-0.0391505065621156
100316,graphene_2d_materials: Fiber-reinforced polymer composites,0.0365048477897656,-0.0093445131076597
100317,"graphene_2d_materials: Finance, Taxation, and Governance",-0.7592273369609575,0.4138556852904781
100318,"graphene_2d_materials: Financial Literacy, Pension, Retirement Analysis",0.4712989385551904,0.6187709872616204
100319,graphene_2d_materials: Fish Biology and Ecology Studies,0.9910389226241642,-0.0115062586783582
100320,graphene_2d_materials: Flame retardant materials and properties,0.6481138471606426,-0.1814997390195153
100321,graphene_2d_materials: Flexible and Reconfigurable Manufacturing Systems,-0.5804148057318192,0.4480269436741873
100322,graphene_2d_materials: Fluid Dynamics and Thin Films,0.0501857328654502,0.0277675253255283
100323,"graphene_2d_materials: Folklore, Mythology, and Literature Studies",0.8352901595106571,0.2923706156764726
100324,graphene_2d_materials: Food Allergy and Anaphylaxis Research,-0.7292437885631203,-0.3662283046756375
100325,graphene_2d_materials: Food Science and Nutritional Studies,0.7706778986274075,0.3847565417175022
100326,graphene_2d_materials: Food and Agricultural Sciences,0.9016031664121844,0.3040163738796728
100327,"graphene_2d_materials: Food, Nutrition, and Cultural Practices",-0.0325455278672782,-0.7866145138553094
100328,graphene_2d_materials: Force Microscopy Techniques and Applications,0.0166093330833118,-0.0121195538506344
100329,graphene_2d_materials: Forensic Fingerprint Detection Methods,0.7054780010858608,-0.6110480988895048
100330,graphene_2d_materials: Formal Methods in Verification,-0.3597041313724757,-0.5235393985591131
100331,graphene_2d_materials: French Historical and Cultural Studies,-0.2801877445758039,-0.6773795924673724
100332,graphene_2d_materials: French Language Learning Methods,-0.4134310782814089,-0.7675879192829204
100333,graphene_2d_materials: French Literature and Criticism,0.6280284376768644,-0.5827722123181353
100334,graphene_2d_materials: Fuel Cells and Related Materials,0.0091461676513949,0.0091851568417245
100335,graphene_2d_materials: Fullerene Chemistry and Applications,-0.0031936677129248,0.0094429070490188
100336,graphene_2d_materials: Functional Brain Connectivity Studies,0.091809429450011,-0.8407291980020828
100337,graphene_2d_materials: Fusion materials and technologies,-0.6092646214474318,-0.5393992921551697
100338,graphene_2d_materials: GABA and Rice Research,-0.7630430960937963,0.0090468892980459
100339,graphene_2d_materials: Ga2O3 and related materials,-0.0569126737761513,-0.063645011761369
100340,graphene_2d_materials: GaN-based semiconductor devices and materials,-0.0433113084481107,-0.0452173327148043
100341,"graphene_2d_materials: Galaxies: Formation, Evolution, Phenomena",-0.3835894113327525,0.2453076513194846
100342,graphene_2d_materials: Galician and Iberian cultural studies,-0.6690629800615213,-0.7651738222430247
100343,graphene_2d_materials: Gamma-ray bursts and supernovae,-0.2151135471390126,-0.627163677054314
100344,graphene_2d_materials: Gas Dynamics and Kinetic Theory,-0.5027692527091803,-0.5316127399322201
100345,graphene_2d_materials: Gas Sensing Nanomaterials and Sensors,0.0158016785294468,-0.0065188223602133
100346,graphene_2d_materials: Gear and Bearing Dynamics Analysis,-0.0202934590312971,-0.1163397837668876
100347,graphene_2d_materials: Gender Roles and Identity Studies,-0.0781219287306135,-0.8221454223221818
100348,graphene_2d_materials: Gender and Technology in Education,0.8958373647356598,0.0811312571538337
100349,graphene_2d_materials: Genetic Neurodegenerative Diseases,-0.4724917476294265,-0.6138835565120048
100350,graphene_2d_materials: Genetic and phenotypic traits in livestock,-0.5265520099934219,-0.3175602524602249
100351,"graphene_2d_materials: Genetics, Bioinformatics, and Biomedical Research",-0.9050914565818388,0.204960262062378
100352,graphene_2d_materials: Geochemistry and Geologic Mapping,0.0171060999221751,0.1225716233302015
100353,graphene_2d_materials: Geography and Environmental Studies,0.4038935465638041,-0.8147695738589873
100354,graphene_2d_materials: Geological Studies and Exploration,0.0789732799397592,-0.9430672909496338
100355,graphene_2d_materials: Geological and Geochemical Analysis,0.181918112297049,0.2256814486279661
100356,graphene_2d_materials: Geological and Tectonic Studies in Latin America,0.616315075080805,-0.3603280897470969
100357,graphene_2d_materials: Geological formations and processes,0.264619624700928,0.8082365486956186
100358,graphene_2d_materials: Geology and Paleoclimatology Research,-0.3771865776074937,-0.4928150533659839
100359,graphene_2d_materials: Geophysics and Gravity Measurements,0.1720080102945516,-0.9627535144193532
100360,graphene_2d_materials: Geophysics and Sensor Technology,0.5194609882186951,-0.3436143341728633
100361,graphene_2d_materials: Geotechnical Engineering and Soil Stabilization,0.7619670221150272,-0.6599909419105844
100362,graphene_2d_materials: Geotechnical Engineering and Underground Structures,-0.9210007817025092,0.2961896929989038
100363,graphene_2d_materials: Geotechnical and Geomechanical Engineering,-0.672665187865121,0.4407331588807424
100364,graphene_2d_materials: Geothermal Energy Systems and Applications,-0.157663833811406,-0.6973600915662517
100365,graphene_2d_materials: Glass properties and applications,0.0464964537398805,0.0809006942994666
100366,graphene_2d_materials: Global Education and Multiculturalism,-0.6718364808828032,0.0570220287239003
100367,graphene_2d_materials: Global Energy Security and Policy,0.5158223681160572,-0.4384735207264978
100368,graphene_2d_materials: Global Financial Crisis and Policies,-0.0376481333640249,0.7360776049978929
100369,graphene_2d_materials: Global trade and economics,0.9098385407640212,0.2283461372811886
100370,graphene_2d_materials: Gold and Silver Nanoparticles Synthesis and Applications,0.0090944241716276,-0.041590203990113
100371,graphene_2d_materials: Granular flow and fluidized beds,-0.2481256859267472,0.5676715171488865
100372,graphene_2d_materials: Graphene and Nanomaterials Applications,0.0096375910478372,-0.0293766319959482
100373,graphene_2d_materials: Graphene research and applications,0.0112661236290154,-0.0230233840682639
100374,"graphene_2d_materials: Graphite, nuclear technology, radiation studies",-0.0227688701255162,-0.012216750892069
100375,graphene_2d_materials: Groundwater flow and contamination studies,0.6472857004685483,0.4007565397183756
100376,"graphene_2d_materials: Grouting, Rheology, and Soil Mechanics",-0.548670018489149,0.5772990494657626
100377,graphene_2d_materials: Growth Hormone and Insulin-like Growth Factors,-0.4634687531879817,-0.3777877683053517
100378,graphene_2d_materials: Head and Neck Surgical Oncology,-0.5644006523481931,0.7183635176663776
100379,graphene_2d_materials: Health Services Management and Policy,0.4591400287857898,-0.7331941046824314
100380,graphene_2d_materials: Health and Conflict Studies,0.6321162194808772,-0.0949664223806102
100381,graphene_2d_materials: Health and Lifestyle Studies,-0.0772271500835832,-0.7518617567396307
100382,"graphene_2d_materials: Health, Environment, Cognitive Aging",0.5161377885817626,0.3082901877614395
100383,graphene_2d_materials: Healthcare Policy and Management,0.2388220894639389,-0.8085010661594778
100384,graphene_2d_materials: Heat Transfer and Optimization,-0.5098018217342715,0.2902945314544934
100385,graphene_2d_materials: Heat and Mass Transfer in Porous Media,0.1142421714009348,0.8922315256836185
100386,graphene_2d_materials: Heat shock proteins research,0.759801927115921,-0.2097775420583222
100387,graphene_2d_materials: Heavy metals in environment,-0.9168618843013396,0.1043700687123567
100388,graphene_2d_materials: Hedgehog Signaling Pathway Studies,-0.1950150836218672,0.6942086027512856
100389,graphene_2d_materials: Hermeneutics and Narrative Identity,-0.269220068253697,0.5929989940319071
100390,graphene_2d_materials: High-Energy Particle Collisions Research,0.0030849830549892,-0.083612762508206
100391,graphene_2d_materials: High-Temperature Coating Behaviors,-0.0677739900955656,-0.0012161175157806
100392,graphene_2d_materials: High-Velocity Impact and Material Behavior,-0.3642775559463161,0.6528307243599151
100393,graphene_2d_materials: High-pressure geophysics and materials,0.0002750691185334,0.106052565507683
100394,graphene_2d_materials: Higher Education Governance and Development,0.0081947471064642,0.943422189597607
100395,graphene_2d_materials: Higher Education Teaching and Evaluation,0.6623126753813057,0.5281346119934087
100396,graphene_2d_materials: Hispanic-African Historical Relations,0.4540607876101436,-0.8437713611037566
100397,graphene_2d_materials: Historical Art and Architecture Studies,-0.0252740175247178,-0.6513334844159336
100398,graphene_2d_materials: Historical Linguistics and Language Studies,0.8449096724847048,0.3687649618490357
100399,graphene_2d_materials: Historical Studies in Science,0.2498724753470884,0.5405947452516137
100400,graphene_2d_materials: Historical Studies of Medieval Iberia,-0.1384725525442702,0.7245595362542542
100401,graphene_2d_materials: Historical Studies on Spain,0.5788691690647421,0.2680174486949418
100402,graphene_2d_materials: Historical and Environmental Studies,-0.7037538836886744,-0.4239563770477821
100403,graphene_2d_materials: Historical and Linguistic Studies,-0.3957026712821226,-0.4642874786294625
100404,graphene_2d_materials: Historical and Modern Theater Studies,-0.5809215322016634,0.8091453793392213
100405,graphene_2d_materials: Historical and socio-economic studies of Spain and related regions,-0.2907650428227722,0.5196243261738341
100406,"graphene_2d_materials: Historical, Literary, and Cultural Studies",0.8330160534925417,-0.0453683184456518
100407,graphene_2d_materials: History of Medicine Studies,-0.2694561982320168,0.929300395289932
100408,graphene_2d_materials: History of Science and Medicine,0.7504242181266798,0.4761937263485079
100409,graphene_2d_materials: Homelessness and Social Issues,0.8042234587229555,-0.016398348314024
100410,graphene_2d_materials: Housing Market and Economics,0.6024613907431929,0.7089245620143901
100411,graphene_2d_materials: Human Resource Development and Performance Evaluation,-0.145573442260551,-0.7695950363303188
100412,graphene_2d_materials: Human Rights and Immigration,-0.6010918919135936,-0.0107987190597249
100413,graphene_2d_materials: Human auditory perception and evaluation,0.8385573142840522,-0.4337728951123454
100414,graphene_2d_materials: Hydraulic Fracturing and Reservoir Analysis,0.7037899300784615,-0.6866999626719125
100415,graphene_2d_materials: Hydrocarbon exploration and reservoir analysis,-0.0405788726975259,0.1614462432207619
100416,"graphene_2d_materials: Hydrogels: synthesis, properties, applications",-0.1074093171061557,-0.9000529420053753
100417,graphene_2d_materials: Hydrogen Storage and Materials,-0.0022673212967865,-0.0204309665168931
100418,graphene_2d_materials: Hydrogen embrittlement and corrosion behaviors in metals,0.0086517496277134,0.0597839968199482
100419,graphene_2d_materials: Hydrology and Sediment Transport Processes,-0.1024128092990801,0.6856151587072373
100420,"graphene_2d_materials: IPv6, Mobility, Handover, Networks, Security",0.5470439776652186,0.3548753110844649
100421,graphene_2d_materials: Image Retrieval and Classification Techniques,0.6205275626676636,-0.6517252971116749
100422,graphene_2d_materials: Image and Signal Denoising Methods,0.5040699022728775,0.357181883592589
100423,graphene_2d_materials: Immigration and Intercultural Education,-0.7495433914910101,-0.63685485532231
100424,graphene_2d_materials: Immunotherapy and Immune Responses,0.3822161723436147,-0.6389504251214337
100425,graphene_2d_materials: Impact of Technology on Adolescents,-0.1666245633906302,0.8591161157144347
100426,graphene_2d_materials: Indian Economic and Social Development,-0.1719209390632722,0.9511854346988996
100427,graphene_2d_materials: Indigenous Studies and Ecology,-0.756811707383404,0.226964169160804
100428,graphene_2d_materials: Industrial Engineering and Technologies,-0.7190121959666139,-0.2147015433915933
100429,graphene_2d_materials: Industrial Gas Emission Control,0.0628490520485427,0.1032434726906739
100430,graphene_2d_materials: Inertial Sensor and Navigation,0.3037268297054956,-0.8103980244244676
100431,graphene_2d_materials: Infrared Target Detection Methodologies,0.276750676178113,0.5918236407501524
100432,graphene_2d_materials: Injection Molding Process and Properties,-0.2429516971758813,-0.8220813112995818
100433,graphene_2d_materials: Innovation Policy and R&D,0.0176892884283377,-0.9450328277578296
100434,graphene_2d_materials: Innovation and Socioeconomic Development,-0.3822828713063202,-0.9162069456316976
100435,"graphene_2d_materials: Innovation, Technology, and Society",0.3993522112653938,0.4421114229743731
100436,graphene_2d_materials: Innovations in Concrete and Construction Materials,-0.6075109562031523,-0.1879537884422591
100437,graphene_2d_materials: Innovative Microfluidic and Catalytic Techniques Innovation,0.8734543055705959,0.4663233340113121
100438,graphene_2d_materials: Innovative Teaching and Learning Methods,-0.4966143114962151,0.3726459157504053
100439,graphene_2d_materials: Innovative concrete reinforcement materials,-0.5370216182978528,0.2226609695539012
100440,graphene_2d_materials: Inorganic Chemistry and Materials,0.0117463729982626,0.0455958714473167
100441,graphene_2d_materials: Inorganic Fluorides and Related Compounds,0.0692502303114603,0.0057083125194883
100442,graphene_2d_materials: Inorganic and Organometallic Chemistry,-0.1097980213680267,0.0058830214723271
100443,graphene_2d_materials: Insect Pest Control Strategies,0.6524634709768654,0.0935531200634081
100444,graphene_2d_materials: Insect Resistance and Genetics,-0.8747086450593633,-0.2515896748368344
100445,graphene_2d_materials: Insect-Plant Interactions and Control,0.49919330486029,0.5209756012070502
100446,graphene_2d_materials: Insurance and Financial Risk Management,-0.151872091198968,-0.9096414290968008
100447,graphene_2d_materials: Integrated Circuits and Semiconductor Failure Analysis,0.4982382228197403,-0.7302552130542734
100448,graphene_2d_materials: Integrated Water Resources Management,-0.4224742186879934,0.6653332452139341
100449,graphene_2d_materials: Interconnection Networks and Systems,-0.9172559966285336,-0.1579267100637904
100450,graphene_2d_materials: Intermetallics and Advanced Alloy Properties,-0.1047421462996563,-0.072154065661241
100451,graphene_2d_materials: International Business and FDI,0.3189233472396483,-0.9270572326353468
100452,graphene_2d_materials: International Relations and Autism,-0.528393537904646,0.6875146955213732
100453,graphene_2d_materials: Intraperitoneal and Appendiceal Malignancies,-0.324022637891076,0.8573641996326221
100454,graphene_2d_materials: Ion channel regulation and function,-0.1121478820793829,-0.0735493724147735
100455,graphene_2d_materials: Ion-surface interactions and analysis,-0.0105294728752647,0.0373593807920938
100456,graphene_2d_materials: Iron and Steelmaking Processes,-0.0562532599095502,0.1802224167021116
100457,graphene_2d_materials: Iron oxide chemistry and applications,0.6883768257141987,-0.7238343457287171
100458,graphene_2d_materials: Iron-based superconductors research,0.1025276919697949,0.0722481259881799
100459,graphene_2d_materials: Isotope Analysis in Ecology,-0.8188382802192671,0.1264051675634283
100460,graphene_2d_materials: Italian Social Issues and Migration,0.6497917572814209,-0.2687458579952121
100461,graphene_2d_materials: Journalism and Media Studies,-0.6415347572722534,0.4924811180556487
100462,graphene_2d_materials: Labor Law and Work Dynamics,-0.962022833654926,0.0057656188364988
100463,graphene_2d_materials: Labor Movements and Unions,-0.6744900506163548,-0.6924048506311794
100464,graphene_2d_materials: Landslides and related hazards,-0.6003321714294763,0.6396147870419103
100465,graphene_2d_materials: Language and Culture,0.5976194352797475,0.7798764244702339
100466,"graphene_2d_materials: Language, Linguistics, Cultural Analysis",-0.5242130892936808,-0.8618032049175306
100467,"graphene_2d_materials: Language, Metaphor, and Cognition",0.7643757026101915,-0.5468599050277759
100468,graphene_2d_materials: Laser Design and Applications,0.1568094586137178,-0.8426437000272099
100469,graphene_2d_materials: Laser Material Processing Techniques,0.3404220480643451,-0.5860851751993215
100470,graphene_2d_materials: Laser-Matter Interactions and Applications,-0.7555979258116855,-0.5069181514192478
100471,graphene_2d_materials: Laser-Plasma Interactions and Diagnostics,0.4122890791262825,0.5829788292469242
100472,graphene_2d_materials: Latin American Cultural Politics,0.0346800665431726,0.0332962422706524
100473,graphene_2d_materials: Latin American Urban Studies,0.1683673523924913,0.8655716078103541
100474,graphene_2d_materials: Latin American history and culture,0.3575952102826603,0.8050793900594089
100475,graphene_2d_materials: Latin American socio-political dynamics,0.8790197467922293,-0.4999225871759398
100476,"graphene_2d_materials: Law, logistics, and international trade",-0.1146328036470289,0.8320678615954791
100477,graphene_2d_materials: Layered Double Hydroxides Synthesis and Applications,0.0456939291107961,-0.0229479865117358
100478,graphene_2d_materials: Legal Systems and Judicial Processes,0.220651530997758,0.5709345265608206
100479,graphene_2d_materials: Legal and Labor Studies,0.5305777181564101,0.7136332114097533
100480,graphene_2d_materials: Legal processes and jurisprudence,0.610734454739383,0.2094675019264602
100481,graphene_2d_materials: Legume Nitrogen Fixing Symbiosis,-0.5834058916040326,-0.4164011796012274
100482,graphene_2d_materials: Libraries and Information Services,0.7487921898935228,-0.4426456419092807
100483,"graphene_2d_materials: Libraries, Manuscripts, and Books",0.3360122403236757,0.5353446833000607
100484,graphene_2d_materials: Light effects on plants,0.6983059273708693,0.0120336965820278
100485,graphene_2d_materials: Lignin and Wood Chemistry,0.1471440024670335,0.0263160396974627
100486,graphene_2d_materials: Linguistic Variation and Morphology,0.5413039150794039,0.6055140778763317
100487,graphene_2d_materials: Lipid Membrane Structure and Behavior,0.0828978901460026,-0.0223728518692309
100488,graphene_2d_materials: Liquid Crystal Research Advancements,0.0469919405629904,-0.0097042568730381
100489,graphene_2d_materials: Literacy and Educational Practices,-0.2551695913165768,-0.5805653004227016
100490,graphene_2d_materials: Literary and Cultural Studies,-0.0820305923695205,0.7291799193648986
100491,"graphene_2d_materials: Literature, Culture, and Aesthetics",-0.8299361747932065,0.565917437229685
100492,graphene_2d_materials: Liver Disease Diagnosis and Treatment,0.0960045734349603,-0.782765965012438
100493,"graphene_2d_materials: Logic, Reasoning, and Knowledge",0.1684698258899663,0.6711803137297038
100494,"graphene_2d_materials: Logic, programming, and type systems",0.1411033957095379,0.5850611373091784
100495,graphene_2d_materials: Lubricants and Their Additives,0.0032429303610695,0.0117336578061086
100496,graphene_2d_materials: Luminescence Properties of Advanced Materials,0.1660378006603224,0.6042212063732745
100497,graphene_2d_materials: Luminescence and Fluorescent Materials,0.0261144666968402,-0.0370498713740524
100498,graphene_2d_materials: Lymphatic Disorders and Treatments,-0.0377815468477117,-0.0075368487755888
100499,graphene_2d_materials: MXene and MAX Phase Materials,0.0164865605827474,-0.0011488712496964
100500,graphene_2d_materials: Machine Learning in Materials Science,0.0788575766884231,0.009082812366624
100501,graphene_2d_materials: Magnesium Alloys: Properties and Applications,-0.1186796252931515,0.7865732520969695
100502,graphene_2d_materials: Magnetic Field Sensors Techniques,-0.9249541433257352,0.397269373809281
100503,graphene_2d_materials: Magnetic Properties and Synthesis of Ferrites,0.0749994937873597,-0.0472055804503098
100504,graphene_2d_materials: Magnetic Properties of Alloys,0.0586021948606474,0.9263631022742412
100505,graphene_2d_materials: Magnetic and transport properties of perovskites and related materials,0.1379354185849043,0.0098370533734509
100506,graphene_2d_materials: Magnetic confinement fusion research,0.2894613629791512,0.9444782639253853
100507,graphene_2d_materials: Magnetic properties of thin films,-0.0990669488919707,-0.008936925586571
100508,graphene_2d_materials: Magnetism in coordination complexes,0.6182781385518913,-0.0466557927241766
100509,graphene_2d_materials: Management and Optimization Techniques,0.7285772734324077,-0.1154070245771718
100510,graphene_2d_materials: Manufacturing Process and Optimization,0.3027316163499283,0.7117494579426913
100511,graphene_2d_materials: Marine and coastal ecosystems,0.8274885612434152,-0.1195404855263036
100512,graphene_2d_materials: Marine and environmental studies,-0.8599072980158222,0.1601396910404026
100513,graphene_2d_materials: Mass Spectrometry Techniques and Applications,0.0312510737001068,-0.0790098471879768
100514,graphene_2d_materials: Material Dynamics and Properties,-0.392303045970675,-0.2849643141111916
100515,graphene_2d_materials: Material Properties and Applications,-0.1014596143475553,0.1113634027295349
100516,graphene_2d_materials: Material Properties and Failure Mechanisms,0.4234817096083543,-0.5475330982537631
100517,graphene_2d_materials: Material Properties and Processing,0.5344572127118725,-0.818771101607529
100518,graphene_2d_materials: Material Science and Thermodynamics,0.1697198864284067,-0.6282649438273759
100519,graphene_2d_materials: Material Selection and Properties,0.7368549527566406,-0.736271576793688
100520,graphene_2d_materials: Materials Engineering and Processing,-0.6322460003419453,-0.0255793932231726
100521,graphene_2d_materials: Mathematical Dynamics and Fractals,-0.8736535111309274,-0.133818704974983
100522,graphene_2d_materials: Matrix Theory and Algorithms,-0.7333953583883532,0.4526904681333639
100523,graphene_2d_materials: Mechanical Behavior of Composites,0.6527510574462863,-0.680454901840281
100524,graphene_2d_materials: Mechanical and Optical Resonators,0.0229342144033127,-0.0255354524896118
100525,graphene_2d_materials: Mechanical stress and fatigue analysis,-0.0088485064460599,0.0703658899560124
100526,graphene_2d_materials: Mechanics and Biomechanics Studies,0.722436763998609,0.6231844719785764
100527,graphene_2d_materials: Media Studies and Communication,-0.2883418955828403,0.5820662448121362
100528,graphene_2d_materials: Media and Digital Communication,-0.2289507198808085,-0.7423898689918662
100529,"graphene_2d_materials: Media, Journalism, and Communication History",-0.4846500307863008,-0.4208909453032969
100530,graphene_2d_materials: Medical Malpractice and Liability Issues,-0.6158316833365473,0.0845642807866721
100531,graphene_2d_materials: Medical Research and Treatments,0.5243508791131515,-0.508040258580522
100532,graphene_2d_materials: Medical research and treatments,-0.1744148288427116,0.7651574677154125
100533,graphene_2d_materials: Medieval Architecture and Archaeology,0.5526593927163211,0.5507056901476987
100534,graphene_2d_materials: Medieval Iberian Studies,0.0556406807132775,-0.1297442403145478
100535,graphene_2d_materials: Medieval and Classical Philosophy,-0.5333303727084845,-0.2804284945310148
100536,graphene_2d_materials: Medieval and Early Modern Iberia,0.7700353369340364,0.5648218499873026
100537,graphene_2d_materials: Mediterranean and Iberian flora and fauna,0.1802292700442719,0.6349392476014868
100538,graphene_2d_materials: Membrane Separation Technologies,0.0198860152026148,-0.0438796637326848
100539,graphene_2d_materials: Membrane Separation and Gas Transport,-0.0191871321157532,-0.052652324114332
100540,graphene_2d_materials: Membrane-based Ion Separation Techniques,-0.0179373831184612,-0.0666547614860924
100541,graphene_2d_materials: Memory and Neural Mechanisms,-0.8160456703926637,0.0214133826660486
100542,"graphene_2d_materials: Memory, violence, and history",-0.3534286505772293,0.7954213324570721
100543,graphene_2d_materials: Mesoporous Materials and Catalysis,0.0181786190000799,-0.0886915215848065
100544,graphene_2d_materials: Metal Alloys Wear and Properties,-0.0468198859723822,0.108906347021966
100545,graphene_2d_materials: Metal Extraction and Bioleaching,-0.0032386824811046,0.0792180079730519
100546,graphene_2d_materials: Metal Forming Simulation Techniques,0.6500939774126747,0.6843687230276319
100547,graphene_2d_materials: Metal and Thin Film Mechanics,0.0013916737025179,0.0262636161514537
100548,graphene_2d_materials: Metal-Organic Frameworks: Synthesis and Applications,-0.0129302189704985,-0.0313485906455563
100549,graphene_2d_materials: Metalloenzymes and iron-sulfur proteins,-0.6583318007796076,-0.4888328519794014
100550,graphene_2d_materials: Metallurgical Processes and Thermodynamics,0.9544040052992232,0.2606437123423721
100551,graphene_2d_materials: Metallurgical and Alloy Processes,-0.056343857266597,-0.0330692417194328
100552,graphene_2d_materials: Metallurgy and Material Forming,-0.4754408747283681,-0.4830784322441045
100553,graphene_2d_materials: Metallurgy and Material Science,-0.1977360660583749,-0.8524414872425113
100554,graphene_2d_materials: Metamaterials and Metasurfaces Applications,-0.0096186214917307,-0.0283783892154353
100555,graphene_2d_materials: Methane Hydrates and Related Phenomena,0.3267357957951772,-0.6481160997092897
100556,graphene_2d_materials: Microbial Metabolism and Applications,-0.8923044871161014,-0.478396858489634
100557,graphene_2d_materials: Microstructure and Mechanical Properties of Steels,-0.4825185045443607,-0.4462508706788661
100558,graphene_2d_materials: Microstructure and mechanical properties,-0.1418653292172346,0.0696212084225161
100559,graphene_2d_materials: Migration and Labor Dynamics,-0.8429426557007477,0.4544252832039118
100560,"graphene_2d_materials: Migration, Aging, and Tourism Studies",-0.5911432828486188,-0.082086382378972
100561,"graphene_2d_materials: Migration, Identity, and Health",0.5755706740252599,-0.5501361608163376
100562,graphene_2d_materials: Millimeter-Wave Propagation and Modeling,-0.0372486724886997,-0.0231170649641697
100563,graphene_2d_materials: Mineral Processing and Grinding,-0.0341655655322961,0.1105928044734914
100564,graphene_2d_materials: Mineralogy and Gemology Studies,0.5622164218143245,-0.351755643634473
100565,graphene_2d_materials: Minerals Flotation and Separation Techniques,0.0618867996855923,0.0697619373712291
100566,graphene_2d_materials: Mining Techniques and Economics,0.6838796582351482,0.1733985027913094
100567,graphene_2d_materials: Mining and Gasification Technologies,0.4710567762365297,-0.3914646131440141
100568,graphene_2d_materials: Mobile Ad Hoc Networks,0.7540349837393568,0.6323163531296799
100569,graphene_2d_materials: Model-Driven Software Engineering Techniques,0.6995961418743435,-0.4832587932302196
100570,graphene_2d_materials: Modeling and Simulation Systems,-0.746004851386119,0.1858801897903165
100571,graphene_2d_materials: Molecular Communication and Nanonetworks,0.0491631132525311,0.0122264489074964
100572,graphene_2d_materials: Molecular Junctions and Nanostructures,0.0259929020318761,0.0018659588331484
100573,graphene_2d_materials: Molten salt chemistry and electrochemical processes,0.1226438650835929,-0.082359283611074
100574,graphene_2d_materials: Multi-Agent Systems and Negotiation,-0.79493612764779,-0.2594851207950591
100575,graphene_2d_materials: Multilevel Inverters and Converters,-0.6598048556292059,-0.4388964450773144
100576,graphene_2d_materials: Multimedia Communication and Technology,-0.1457089970436868,-0.7338610159446173
100577,graphene_2d_materials: Muon and positron interactions and applications,0.0382361713939467,0.0693443198796621
100578,graphene_2d_materials: Muscle activation and electromyography studies,-0.4124990063071175,0.5984199559261651
100579,graphene_2d_materials: Mycotoxins in Agriculture and Food,0.8162304165715052,0.1970284919474683
100580,graphene_2d_materials: NMR spectroscopy and applications,0.5867927605095643,0.2943475302960116
100581,graphene_2d_materials: Nanocluster Synthesis and Applications,-0.0848661827877533,-0.0310775683395529
100582,graphene_2d_materials: Nanofabrication and Lithography Techniques,-0.0196753137222287,-0.03312467499386
100583,graphene_2d_materials: Nanofluid Flow and Heat Transfer,0.0598724620276146,-0.0502619404077194
100584,graphene_2d_materials: Nanomaterials and Printing Technologies,0.0184943628763807,-0.0390501916266454
100585,graphene_2d_materials: Nanomaterials for catalytic reactions,0.0108526793992657,-0.0499157991961764
100586,graphene_2d_materials: Nanoplatforms for cancer theranostics,0.0338553717803282,-0.0256336955427766
100587,graphene_2d_materials: Nanopore and Nanochannel Transport Studies,0.020171685474067,-0.0337683854052096
100588,graphene_2d_materials: Nanotechnology research and applications,-0.7195064999793779,-0.5592221420246357
100589,graphene_2d_materials: Nanowire Synthesis and Applications,-0.0844371470454331,0.0038244379518003
100590,graphene_2d_materials: Natural Language Processing Techniques,-0.4960714652336668,-0.7175466747471939
100591,graphene_2d_materials: Near-Field Optical Microscopy,0.1684586945384255,-0.1004837913233811
100592,graphene_2d_materials: Nematode management and characterization studies,0.206987333501916,-0.7083432503017698
100593,graphene_2d_materials: Neonatal Respiratory Health Research,-0.6427332263112313,0.7219210516894433
100594,graphene_2d_materials: Neonatal and fetal brain pathology,-0.4675299543566301,0.593524440336962
100595,graphene_2d_materials: Network Security and Intrusion Detection,-0.4385128195909153,0.7308944719910123
100596,graphene_2d_materials: Neural dynamics and brain function,0.0389448880052184,-0.8946353472145554
100597,graphene_2d_materials: Neurobiology of Language and Bilingualism,0.6577962817307327,-0.1119474362098469
100598,graphene_2d_materials: Neuroendocrine Tumor Research Advances,-0.5437180692746365,0.7749797617059263
100599,graphene_2d_materials: Neuroscience and Neural Engineering,-0.0033984825403275,-0.0458660645720958
100600,graphene_2d_materials: Noise Effects and Management,-0.5504358279761107,0.4362721089296586
100601,graphene_2d_materials: Non-Destructive Testing Techniques,-0.9751326476346848,0.1150465702367854
100602,graphene_2d_materials: Nonlinear Optical Materials Research,-0.0146648968566498,0.1034822365415866
100603,graphene_2d_materials: Nonlinear Optical Materials Studies,-0.0057095316873779,-0.0250726294065768
100604,graphene_2d_materials: Nonlocal and gradient elasticity in micro/nano structures,-0.0196256546111808,-0.0183870141079431
100605,graphene_2d_materials: Nuclear Materials and Properties,-0.482165736214259,-0.6850202507073515
100606,graphene_2d_materials: Nuclear Physics and Applications,0.3750261918455077,0.5417743394093135
100607,graphene_2d_materials: Nuclear Receptors and Signaling,-0.6638728064668721,-0.5853381687683277
100608,graphene_2d_materials: Nuclear and radioactivity studies,0.8883193787351641,0.1843632663586094
100609,graphene_2d_materials: Numerical Methods and Algorithms,-0.6705244955130184,-0.6380209881079579
100610,graphene_2d_materials: Numerical methods in inverse problems,-0.5364914630615657,-0.3570759977248723
100611,"graphene_2d_materials: Nursing Education, Practice, and Leadership",0.6148706465616229,0.3383005596724963
100612,graphene_2d_materials: Nutritional Studies and Diet,-0.2409641411573859,0.758761218567499
100613,graphene_2d_materials: Occupational Health and Safety in Workplaces,-0.5631680089878202,0.2146843454303554
100614,graphene_2d_materials: Ocular Surface and Contact Lens,-0.7728050578555451,-0.4083260671991282
100615,graphene_2d_materials: Online and Blended Learning,0.4780864121744973,0.8727137969848057
100616,graphene_2d_materials: Open Education and E-Learning,0.0353479420761472,0.7026751905427812
100617,graphene_2d_materials: Optical Polarization and Ellipsometry,0.0666004048118656,-0.0481960240082583
100618,graphene_2d_materials: Optical and Acousto-Optic Technologies,-0.8882575472328168,-0.209126529065257
100619,graphene_2d_materials: Optical measurement and interference techniques,0.2286245377455686,0.8533969082281776
100620,graphene_2d_materials: Optimization and Packing Problems,0.6151618166761154,0.6660823774838145
100621,graphene_2d_materials: Organ Donation and Transplantation,-0.5813372430182628,0.0440011673662914
100622,graphene_2d_materials: Organ Transplantation Techniques and Outcomes,-0.0514122664841998,0.6667645394553107
100623,graphene_2d_materials: Organic Chemistry Cycloaddition Reactions,0.8121074859622455,-0.3724431661964637
100624,graphene_2d_materials: Organic Electronics and Photovoltaics,0.0131959986500506,-0.0154617122297819
100625,graphene_2d_materials: Organic Food and Agriculture,0.4290045047108435,-0.890104400775634
100626,graphene_2d_materials: Organic Light-Emitting Diodes Research,0.0269166429877023,-0.0088466577105415
100627,graphene_2d_materials: Organic and Molecular Conductors Research,0.0186057676079715,0.0436808773823924
100628,graphene_2d_materials: Organizational Management and Innovation,0.5804085493664511,-0.5022258658046019
100629,graphene_2d_materials: Organometallic Complex Synthesis and Catalysis,0.149456097509837,0.0026981968052607
100630,graphene_2d_materials: Organometallic Compounds Synthesis and Characterization,-0.0190005246955235,0.0337501969468617
100631,graphene_2d_materials: Organophosphorus compounds synthesis,-0.4819033197980463,-0.6511828464321476
100632,graphene_2d_materials: Origins and Evolution of Life,0.1139782927536736,-0.0527372051161485
100633,graphene_2d_materials: Orthopaedic implants and arthroplasty,-0.6150436644313575,0.7548540216894013
100634,graphene_2d_materials: Osteoarthritis Treatment and Mechanisms,-0.035683272677691,-0.0848111830003273
100635,graphene_2d_materials: Outdoor and Experiential Education,-0.5658376381295882,0.8372115791351389
100636,graphene_2d_materials: Outsourcing and Supply Chain Management,0.8174338481421356,-0.309512395241919
100637,graphene_2d_materials: Paleontology and Stratigraphy of Fossils,-0.0871040426114278,-0.6587876099528567
100638,graphene_2d_materials: Pancreatitis Pathology and Treatment,-0.5962464548027299,0.5276037336144676
100639,graphene_2d_materials: Parallel Computing and Optimization Techniques,-0.4345199964256102,0.7881882398961731
100640,graphene_2d_materials: Paranormal Experiences and Beliefs,0.6480787759780992,0.2814801747005019
100641,graphene_2d_materials: Parental Involvement in Education,-0.7658103170014116,-0.1431275273960237
100642,graphene_2d_materials: Particle Accelerators and Free-Electron Lasers,0.0522368853359641,-0.8049464851440182
100643,graphene_2d_materials: Particle accelerators and beam dynamics,-0.6710899749571464,-0.0599673730861968
100644,graphene_2d_materials: Pediatric health and respiratory diseases,0.6665529238469298,0.7430380286537231
100645,graphene_2d_materials: Perovskite Materials and Applications,0.0389160560968728,-0.0464080176130094
100646,graphene_2d_materials: Pesticide Residue Analysis and Safety,0.947945186169822,0.0255360000036778
100647,graphene_2d_materials: Petroleum Processing and Analysis,0.0916048966815317,0.0712696285296772
100648,graphene_2d_materials: Pharmacological Effects and Assays,0.9775355072870976,-0.121549742674491
100649,graphene_2d_materials: Phase Change Materials Research,-0.7379052658651781,-0.0864918356708934
100650,graphene_2d_materials: Phase Equilibria and Thermodynamics,-0.2935007131153538,-0.6025300039120699
100651,graphene_2d_materials: Phase-change materials and chalcogenides,0.0193583349532193,0.0491043185830769
100652,graphene_2d_materials: Philosophical Thought and Analysis,-0.596704445360172,-0.4994564745835857
100653,graphene_2d_materials: Philosophy and Historical Thought,-0.0253968113769232,-0.6150712021341048
100654,"graphene_2d_materials: Philosophy, Science, and History",-0.9085726725642084,0.3570298548041596
100655,graphene_2d_materials: Photochemistry and Electron Transfer Studies,0.0431787357805492,-0.0750304689428422
100656,graphene_2d_materials: Photonic Crystals and Applications,-0.0493607851645202,-0.0214347969555568
100657,graphene_2d_materials: Photonic and Optical Devices,0.014714064963541,-0.0215644784444444
100658,graphene_2d_materials: Photoreceptor and optogenetics research,-0.1049920577468595,-0.1080942737694399
100659,graphene_2d_materials: Photosynthetic Processes and Mechanisms,0.4519710385401364,-0.6233663847706076
100660,graphene_2d_materials: Photovoltaic Systems and Sustainability,-0.85418652932244,0.4023478503007486
100661,graphene_2d_materials: Physics of Superconductivity and Magnetism,0.0559998088981981,-0.0130197633525859
100662,graphene_2d_materials: Phytochemistry Medicinal Plant Applications,-0.8697750915134416,0.0810909274867381
100663,graphene_2d_materials: Phytoplasmas and Hemiptera pathogens,0.9044800269021978,0.3493468054204791
100664,graphene_2d_materials: Pickering emulsions and particle stabilization,0.0058007078716618,-0.0466808231411028
100665,graphene_2d_materials: Pigment Synthesis and Properties,0.3960448955570405,0.9083169131382086
100666,graphene_2d_materials: Plant Diversity and Evolution,0.555085721771457,-0.7239937424072072
100667,graphene_2d_materials: Plant Micronutrient Interactions and Effects,-0.6623621852412575,0.3704153347760942
100668,graphene_2d_materials: Plant Pathogens and Fungal Diseases,0.8537669422169801,0.5171309187548849
100669,graphene_2d_materials: Plant Taxonomy and Phylogenetics,-0.5924284618737982,0.119221236908338
100670,graphene_2d_materials: Plant and animal studies,0.5403978406144526,-0.2467623630436048
100671,graphene_2d_materials: Plant and soil sciences,0.7022802996368462,0.7612416811374662
100672,graphene_2d_materials: Plant-Microbe Interactions and Immunity,-0.1231330003543637,0.8975763319396011
100673,graphene_2d_materials: Plasmonic and Surface Plasmon Research,0.0129692454980365,-0.0250265370892296
100674,graphene_2d_materials: Policing Practices and Perceptions,-0.88179477393154,0.3256987273682639
100675,graphene_2d_materials: Policy Transfer and Learning,-0.7122475310296515,-0.1682325339557397
100676,graphene_2d_materials: Political and Social Issues,-0.820711077385775,0.263324237577905
100677,graphene_2d_materials: Polymer Foaming and Composites,-0.4013998943210932,-0.5457793362824362
100678,graphene_2d_materials: Polymer Nanocomposites and Properties,-0.0033308742790771,0.0495163152692691
100679,graphene_2d_materials: Polymer Science and Applications,0.7920128590668849,0.330387432202497
100680,graphene_2d_materials: Polymer Science and PVC,-0.872120670115923,-0.3522700470086979
100681,graphene_2d_materials: Polymer Surface Interaction Studies,-0.8496806768848345,0.249761099449886
100682,graphene_2d_materials: Polymer composites and self-healing,-0.0365661030540812,0.0447538474523732
100683,graphene_2d_materials: Polymer crystallization and properties,0.0847352361407798,0.0397241278562002
100684,graphene_2d_materials: Polynomial and algebraic computation,-0.401112341051798,-0.8311755164397563
100685,graphene_2d_materials: Polyoxometalates: Synthesis and Applications,0.0436794577956148,0.0256679473036685
100686,graphene_2d_materials: Porphyrin and Phthalocyanine Chemistry,0.0060418522683299,-0.0049251497143738
100687,graphene_2d_materials: Postharvest Quality and Shelf Life Management,0.3829832578357085,-0.5129162737482571
100688,graphene_2d_materials: Potato Plant Research,0.5369835540867616,0.8130547508688803
100689,"graphene_2d_materials: Poverty, Education, and Child Welfare",-0.695570407760026,0.6148649442071683
100690,graphene_2d_materials: Powder Metallurgy Techniques and Materials,-0.0289761409522055,-0.0564621912057261
100691,graphene_2d_materials: Power Line Inspection Robots,0.3270826028981207,0.6588897435507333
100692,graphene_2d_materials: Prenatal Substance Exposure Effects,0.7951921029687563,0.6679322716661196
100693,graphene_2d_materials: Protein Interaction Studies and Fluorescence Analysis,0.7502357140906254,-0.6136961364022779
100694,graphene_2d_materials: Psychoanalysis and Psychopathology Research,-0.6880388844807879,0.7141489061724355
100695,graphene_2d_materials: Psychological Treatments and Disorders,0.9079669597335486,0.1232229491979716
100696,graphene_2d_materials: Public Policy and Administration Research,0.3626021410600518,-0.809275725139688
100697,graphene_2d_materials: Publishing and Scholarly Communication,-0.2755601176267144,-0.5582399301178345
100698,graphene_2d_materials: Pulsars and Gravitational Waves Research,-0.5762462066535933,0.3003115691959069
100699,graphene_2d_materials: Quantum Dots Synthesis And Properties,0.0282972462207997,-0.0177366047979599
100700,graphene_2d_materials: Quantum Electrodynamics and Casimir Effect,0.0205766560016573,-0.0627012106275608
100701,graphene_2d_materials: Quantum Information and Cryptography,-0.9088345629946816,-0.0866686516732902
100702,graphene_2d_materials: Quantum Mechanics and Applications,0.1247578241256916,-0.0378497977397144
100703,graphene_2d_materials: Quantum and electron transport phenomena,0.0141903311617782,-0.0330551057038113
100704,graphene_2d_materials: Quantum chaos and dynamical systems,-0.4047826789008345,0.4724279220732819
100705,graphene_2d_materials: Quantum optics and atomic interactions,-0.015356522904938,-0.0510883189450939
100706,"graphene_2d_materials: Quantum, superfluid, helium dynamics",-0.0317434428767892,-0.049819729718154
100707,graphene_2d_materials: Quantum-Dot Cellular Automata,0.6345455552966129,0.2396086723687519
100708,graphene_2d_materials: Quasicrystal Structures and Properties,0.5815912743949037,-0.3997479369017283
100709,graphene_2d_materials: RNA Research and Splicing,0.9065855916854796,-0.0323423999856756
100710,"graphene_2d_materials: Rabbits: Nutrition, Reproduction, Health",-0.6161900123476233,-0.7988420048997428
100711,graphene_2d_materials: Radiation Effects in Electronics,-0.858370929886367,-0.3105700552353496
100712,graphene_2d_materials: Radiative Heat Transfer Studies,-0.0104025298546482,-0.076413446467711
100713,graphene_2d_materials: Radioactive element chemistry and processing,0.107807500101287,0.1439994382661354
100714,graphene_2d_materials: Radioactivity and Radon Measurements,0.2900429431704419,0.6215426719146471
100715,graphene_2d_materials: Rangeland and Wildlife Management,0.0375695279034722,-0.7615929425057635
100716,graphene_2d_materials: Rare-earth and actinide compounds,0.8988547238142511,-0.4148377210218176
100717,graphene_2d_materials: Real-Time Systems Scheduling,-0.38054321559011,0.8610214162852662
100718,graphene_2d_materials: Reconstructive Surgery and Microvascular Techniques,0.7633548639238322,0.213284103100116
100719,graphene_2d_materials: Recycling and Waste Management Techniques,0.6276129140364579,-0.623350277760114
100720,graphene_2d_materials: Recycling and utilization of industrial and municipal waste in materials production,-0.794628564628303,-0.1881824335236553
100721,graphene_2d_materials: Reformation and Early Modern Christianity,-0.6505736304262072,0.5446156342933245
100722,graphene_2d_materials: Regional Development and Innovation,0.8054068460830225,-0.24397102362218
100723,graphene_2d_materials: Regional Socio-Economic Development Trends,0.2311526469595891,-0.624442237243098
100724,graphene_2d_materials: Religious Studies and Spiritual Practices,0.1495554011123945,0.9291415594393188
100725,graphene_2d_materials: Religious Tourism and Spaces,0.7979327171585283,-0.4769815951652972
100726,graphene_2d_materials: Remote Sensing in Agriculture,0.3165847492454652,0.7760431899672828
100727,graphene_2d_materials: Renaissance and Early Modern Studies,-0.648953008779344,0.1957213856259309
100728,graphene_2d_materials: Renal and related cancers,0.2432806778755924,-0.8887196488177616
100729,graphene_2d_materials: Reproductive Biology and Fertility,0.2254493720815804,-0.9323705522450124
100730,"graphene_2d_materials: Research, Science, and Academia",-0.8016378694789761,0.6507308877743068
100731,graphene_2d_materials: Reservoir Engineering and Simulation Methods,0.6154090851041703,-0.2808259687644273
100732,graphene_2d_materials: Retinal and Macular Surgery,0.898218552313123,0.0320296980864225
100733,graphene_2d_materials: Rice Cultivation and Yield Improvement,-0.3850316244670528,0.7312016323780004
100734,"graphene_2d_materials: Rings, Modules, and Algebras",-0.6644921843659594,-0.3235948043873431
100735,graphene_2d_materials: Robot Manipulation and Learning,0.6999846694639302,0.2266713052094573
100736,graphene_2d_materials: Robotic Mechanisms and Dynamics,-0.5997910664083916,0.3329837279632708
100737,graphene_2d_materials: Rock Mechanics and Modeling,0.4731169900644234,0.4443870971129209
100738,graphene_2d_materials: Rocket and propulsion systems research,-0.6677078323002068,0.1133044267058745
100739,graphene_2d_materials: Salmonella and Campylobacter epidemiology,-0.2632262226320911,-0.630770215389813
100740,graphene_2d_materials: Satellite Communication Systems,-0.5595667945927062,-0.6418522729424956
100741,graphene_2d_materials: Scheduling and Optimization Algorithms,0.1782734758502785,-0.6876528956793708
100742,graphene_2d_materials: Schizophrenia research and treatment,0.447245057113998,0.4279255105688574
100743,graphene_2d_materials: School Health and Nursing Education,0.5348758273580225,0.45354602293818
100744,"graphene_2d_materials: Science, Research, and Medicine",0.0733923763235521,0.8203235302774649
100745,graphene_2d_materials: Scientific Computing and Data Management,0.6090046566786114,-0.2112079066639184
100746,graphene_2d_materials: Scientific Measurement and Uncertainty Evaluation,-0.4817789715286935,-0.8525847483526723
100747,graphene_2d_materials: Seismic Imaging and Inversion Techniques,-0.2613924769010165,0.5518572394393115
100748,graphene_2d_materials: Seismology and Earthquake Studies,0.1046365184409088,0.7018611162605232
100749,graphene_2d_materials: Semantic Web and Ontologies,0.6568393945147412,-0.2271008041546819
100750,graphene_2d_materials: Semiconductor Quantum Structures and Devices,-0.1187729137974773,-0.8402356124592577
100751,graphene_2d_materials: Semiconductor materials and devices,0.7598262504341915,0.0258987882083287
100752,graphene_2d_materials: Semiconductor materials and interfaces,0.0168135750721857,0.0341294061894894
100753,graphene_2d_materials: Sensor Technology and Measurement Systems,0.5597447516811778,-0.6010521082650906
100754,graphene_2d_materials: Seventeenth-Century Political and Philosophical Thought,0.3841038020161318,0.4836743459124
100755,graphene_2d_materials: Shape Memory Alloy Transformations,0.5886936736166106,0.5987748275742442
100756,graphene_2d_materials: Silicon Nanostructures and Photoluminescence,0.5182007634950384,-0.4067211562111559
100757,graphene_2d_materials: Silicon and Solar Cell Technologies,0.0222526264986684,-0.0744434090931898
100758,graphene_2d_materials: Silicone and Siloxane Chemistry,-0.0455966007064952,0.0686049750427643
100759,graphene_2d_materials: Smart Materials for Construction,0.3681244830255207,0.7423066852346213
100760,graphene_2d_materials: Social Policies and Family,-0.7727179261000909,0.0868458676131556
100761,graphene_2d_materials: Social Representations and Identity,0.4437132142875533,0.5175890452806762
100762,graphene_2d_materials: Social Sciences and Policies,0.691859461411553,-0.4483423720110429
100763,graphene_2d_materials: Social and Educational Sciences,-0.6230315887274482,0.597892176596387
100764,graphene_2d_materials: Socioeconomic Development in Asia,-0.5877323150044353,-0.2738755900170122
100765,graphene_2d_materials: Soil Carbon and Nitrogen Dynamics,0.5912017385296282,-0.3524480510670552
100766,graphene_2d_materials: Soil and Unsaturated Flow,0.120606492119714,0.829936921344593
100767,"graphene_2d_materials: Soil, Finite Element Methods",0.1568359463276542,0.7942171748268927
100768,graphene_2d_materials: Solar and Space Plasma Dynamics,-0.3566875276635108,-0.8503173796372671
100769,graphene_2d_materials: Solar-Powered Water Purification Methods,-0.0319944344083046,-0.025198214451135
100770,graphene_2d_materials: Solid-state spectroscopy and crystallography,0.0592300106071553,0.0313150507131774
100771,graphene_2d_materials: Space Satellite Systems and Control,-0.6282050266639632,0.4449788267423309
100772,graphene_2d_materials: Spacecraft Design and Technology,-0.5665246246984244,-0.8275694575090233
100773,graphene_2d_materials: Spacecraft and Cryogenic Technologies,0.1322961736214955,0.111160691633109
100774,graphene_2d_materials: Spaceflight effects on biology,0.7636655071945637,-0.3182301232279472
100775,graphene_2d_materials: Spanish Culture and Identity,-0.5043581460816289,-0.3906834459847279
100776,graphene_2d_materials: Spanish Linguistics and Language Studies,0.8431847530594673,-0.3445042567748311
100777,graphene_2d_materials: Spanish Literature and Culture Studies,0.7125246370772549,0.5854068847867162
100778,graphene_2d_materials: Spanish Philosophy and Literature,-0.7118841476678865,-0.3347713124347574
100779,graphene_2d_materials: Spectral Theory in Mathematical Physics,0.0814059426188417,0.6643024650528366
100780,graphene_2d_materials: Spectroscopy and Quantum Chemical Studies,0.1318714092262234,-0.1073116248003785
100781,graphene_2d_materials: State Capitalism and Financial Governance,0.0345782729568751,0.8451045549418904
100782,graphene_2d_materials: Statistics Education and Methodologies,0.6551801500059322,-0.1451755532413769
100783,"graphene_2d_materials: Stellar, planetary, and galactic studies",-0.2514940637059326,0.598443116282855
100784,graphene_2d_materials: Strong Light-Matter Interactions,-0.0269161440131589,-0.046197097898549
100785,graphene_2d_materials: Structural Behavior of Reinforced Concrete,0.4212810080799254,0.6309593171536311
100786,graphene_2d_materials: Structural Engineering and Vibration Analysis,0.6279895713188369,-0.7806586824856364
100787,graphene_2d_materials: Supercapacitor Materials and Fabrication,0.0113982028464568,-0.0209598610269183
100788,graphene_2d_materials: Superconducting Materials and Applications,0.6304317478199496,-0.4897420317370935
100789,graphene_2d_materials: Superconducting and THz Device Technology,0.0330148773964409,0.6699076167682428
100790,graphene_2d_materials: Superconductivity in MgB2 and Alloys,0.6620678325083073,-0.0207450503350266
100791,graphene_2d_materials: Supramolecular Self-Assembly in Materials,-0.9356870236526642,0.1522519937374434
100792,graphene_2d_materials: Surface Chemistry and Catalysis,0.0518987143051384,-0.0279373856530793
100793,graphene_2d_materials: Surface Modification and Superhydrophobicity,0.047489829957466,-0.0500581519963846
100794,graphene_2d_materials: Surface Roughness and Optical Measurements,0.3990771748004306,0.5067120155328273
100795,graphene_2d_materials: Surface Treatment and Coatings,-0.0822098685430668,-0.014047436811222
100796,graphene_2d_materials: Surface and Thin Film Phenomena,-0.0093944351533609,-0.0019821358273674
100797,graphene_2d_materials: Synthesis and Characterization of Heterocyclic Compounds,0.2800218302438854,-0.7406304229287569
100798,graphene_2d_materials: Synthesis and Properties of Aromatic Compounds,0.0583642951493338,-0.1437481781967796
100799,graphene_2d_materials: Synthesis and properties of polymers,0.0842331902368687,0.1695193225217695
100800,graphene_2d_materials: Synthetic Organic Chemistry Methods,0.0436700709047793,0.0946502781748737
100801,graphene_2d_materials: Taxation and Legal Issues,0.488254378523738,0.6683979893853855
100802,graphene_2d_materials: Tea Polyphenols and Effects,0.120824281415301,0.650566443317091
100803,graphene_2d_materials: Teacher Education and Leadership Studies,0.4426077523000153,0.6650290662349083
100804,graphene_2d_materials: Terahertz technology and applications,-0.0261396070234119,-0.0331386365798242
100805,"graphene_2d_materials: Terrorism, Counterterrorism, and Political Violence",-0.8162494332180044,-0.4856134192879893
100806,graphene_2d_materials: Textile materials and evaluations,-0.6224850519711798,-0.7375942223409486
100807,graphene_2d_materials: Theology and Philosophy of Evil,0.7957827467278916,0.0535948340687289
100808,graphene_2d_materials: Theoretical and Computational Physics,-0.3580806966673428,-0.31489619828739
100809,graphene_2d_materials: Thermal Analysis in Power Transmission,-0.0890210624045761,-0.9530993958916988
100810,graphene_2d_materials: Thermal Radiation and Cooling Technologies,0.0022068434161493,-0.0398279804692243
100811,graphene_2d_materials: Thermal and Kinetic Analysis,0.0282466865159403,0.0610704832609763
100812,graphene_2d_materials: Thermal properties of materials,0.0051673288186363,-0.0315016774136335
100813,graphene_2d_materials: Thermochemical Biomass Conversion Processes,-0.0268349564667055,0.0093662944319087
100814,graphene_2d_materials: Thermoelastic and Magnetoelastic Phenomena,-0.3230327112191414,0.633568373709785
100815,graphene_2d_materials: Thermography and Photoacoustic Techniques,-0.1265488612988407,-0.6444385541275668
100816,graphene_2d_materials: Thyroid Disorders and Treatments,-0.710915257178713,0.0151309653830573
100817,graphene_2d_materials: TiO2 Photocatalysis and Solar Cells,-0.0091707079295359,-0.0069129623438633
100818,graphene_2d_materials: Tissue Engineering and Regenerative Medicine,0.4735846180336668,0.3958705786896737
100819,graphene_2d_materials: Topological Materials and Phenomena,0.0266914347078228,-0.0242230299344502
100820,graphene_2d_materials: Topology Optimization in Engineering,-0.9194935318963898,-0.0449859017105492
100821,graphene_2d_materials: Toxic Organic Pollutants Impact,0.7544015207350137,-0.3835568973369199
100822,graphene_2d_materials: Traditional Chinese Medicine Studies,-0.3372240784205627,-0.6534349859121414
100823,graphene_2d_materials: Transboundary Water Resource Management,0.5542313488475078,0.7538462097401809
100824,graphene_2d_materials: Transgenic Plants and Applications,-0.9452664328284368,-0.0268100211540719
100825,graphene_2d_materials: Transition Metal Oxide Nanomaterials,0.0039695057923876,0.0259172345233327
100826,graphene_2d_materials: Transport and Economic Policies,0.1577861946552302,0.7375951407770421
100827,graphene_2d_materials: Tribology and Lubrication Engineering,0.0093885719383532,0.1014460831822755
100828,graphene_2d_materials: Tribology and Wear Analysis,0.0173758214291569,0.0226192743333549
100829,graphene_2d_materials: Tropical and Extratropical Cyclones Research,0.6527977346630155,-0.535166834759351
100830,graphene_2d_materials: Ultrasonics and Acoustic Wave Propagation,0.4203297093169074,0.8244192807010597
100831,graphene_2d_materials: Ultrasound and Cavitation Phenomena,-0.8072311171911016,0.0662491189009916
100832,graphene_2d_materials: Urban and Rural Development Challenges,0.2855968811440786,-0.8610430957106197
100833,"graphene_2d_materials: Urban, Neighborhood, and Segregation Studies",-0.7420998159147807,0.5048869621434449
100834,"graphene_2d_materials: Urbanism, Landscape, and Tourism Studies",-0.7315682982296016,0.2913096319504331
100835,graphene_2d_materials: VLSI and FPGA Design Techniques,-0.3646248294518277,-0.7723359827747084
100836,graphene_2d_materials: Vacuum and Plasma Arcs,0.2006702354458757,-0.5681330309135527
100837,graphene_2d_materials: Various Chemistry Research Topics,0.5818815896578061,-0.7732651055191743
100838,graphene_2d_materials: Vehicle License Plate Recognition,-0.7398483487837466,0.5681732133179014
100839,graphene_2d_materials: Vibration Control and Rheological Fluids,-0.0468541259767008,-0.8965608321161977
100840,graphene_2d_materials: Vibration and Dynamic Analysis,0.3951838038309833,-0.5850941939526291
100841,graphene_2d_materials: Viral-associated cancers and disorders,-0.8045658126682144,-0.2957586208060059
100842,graphene_2d_materials: Virtual Reality Applications and Impacts,-0.2627799417013846,0.714971630799674
100843,graphene_2d_materials: Virus-based gene therapy research,0.4181063715264075,-0.4538053987629121
100844,graphene_2d_materials: Vitamin D Research Studies,0.8033979514846049,-0.6254560536575593
100845,graphene_2d_materials: Vocational Education and Training,-0.7508139890156053,-0.2859940307326772
100846,graphene_2d_materials: Wastewater Treatment and Nitrogen Removal,0.7261129595572136,-0.1813876882816377
100847,graphene_2d_materials: Water Quality Monitoring Technologies,-0.7158935642967769,0.3584647494242738
100848,graphene_2d_materials: Water Quality Monitoring and Analysis,0.59874350235333,0.0828504975013433
100849,graphene_2d_materials: Water Quality and Pollution Assessment,0.5322411425080416,0.3805672357841255
100850,graphene_2d_materials: Wave and Wind Energy Systems,0.4761588962844495,0.7872909485433017
100851,graphene_2d_materials: Web and Library Services,-0.2025966441345874,-0.9012595479894608
100852,graphene_2d_materials: Welding Techniques and Residual Stresses,-0.0661601714890291,0.6410279227648057
100853,graphene_2d_materials: Wildlife Ecology and Conservation,0.7051412863677887,0.3649343914059557
100854,graphene_2d_materials: Wildlife-Road Interactions and Conservation,-0.0552556084892214,0.8776728510389921
100855,graphene_2d_materials: Wireless Communication Networks Research,0.632744574204794,0.8018395336163846
100856,graphene_2d_materials: Wireless Power Transfer Systems,-0.2074279949981666,0.8103558696724487
100857,graphene_2d_materials: Wittgensteinian philosophy and applications,0.330454143165701,-0.7062282892732474
100858,graphene_2d_materials: Wound Healing and Treatments,0.0288497271336979,-0.0863158361965422
100859,graphene_2d_materials: X-ray Diffraction in Crystallography,0.0485612107944263,0.0018980181874279
100860,graphene_2d_materials: X-ray Spectroscopy and Fluorescence Analysis,0.0801737810333685,0.0455639435003364
100861,graphene_2d_materials: Zeolite Catalysis and Synthesis,0.0635774016129975,-0.0546661721302607
100862,graphene_2d_materials: ZnO doping and properties,-0.0197491884538634,-0.0004127669841796
100863,graphene_2d_materials: activated carbon and charcoal,-0.6585408971395097,-0.265800369624228
100864,graphene_2d_materials: biodegradable polymer synthesis and properties,0.6698858033619909,0.12064934987403
100865,graphene_2d_materials: earthquake and tectonic studies,-0.3681295125333847,0.8936097513854286
100866,graphene_2d_materials: nanoparticles nucleation surface interactions,0.0246769091269739,-0.0056069874132281
100867,graphene_2d_materials: solar cell performance optimization,0.7527733727869276,0.0906350425759715
100868,graphene_2d_materials: thermodynamics and calorimetric analyses,0.8594102460258166,0.2461447624124726
200000,ipsc_reprogramming: 14-3-3 protein interactions,0.1511649136360125,-0.0292061086670007
200001,ipsc_reprogramming: 3D Printing in Biomedical Research,0.0056880174834855,0.012337362657546
200002,ipsc_reprogramming: ATP Synthase and ATPases Research,0.1622688976889155,0.0575689356674551
200003,ipsc_reprogramming: Acute Ischemic Stroke Management,0.1370572044878548,-0.0083995289880366
200004,ipsc_reprogramming: Acute Lymphoblastic Leukemia research,0.4649695313409574,0.7467987613479373
200005,ipsc_reprogramming: Acute Myeloid Leukemia Research,-0.0361249096308724,-0.0037433228555574
200006,ipsc_reprogramming: Adenosine and Purinergic Signaling,0.0748219409673667,-0.0285936298554676
200007,ipsc_reprogramming: Adipose Tissue and Metabolism,0.0122046175497292,0.0313949703651282
200008,ipsc_reprogramming: Advanced Data Storage Technologies,-0.7133750823552405,-0.4164123417472324
200009,ipsc_reprogramming: Advanced Fluorescence Microscopy Techniques,-0.0914951252419318,0.0806264413073171
200010,ipsc_reprogramming: Advanced Glycation End Products research,0.0731960817804643,-0.0395678306895963
200011,ipsc_reprogramming: Advanced MRI Techniques and Applications,-0.016193471057391,0.0635138575371607
200012,ipsc_reprogramming: Advanced NMR Techniques and Applications,-0.6335898455739533,-0.5841900058806767
200013,ipsc_reprogramming: Advanced Numerical Methods in Computational Mathematics,0.2664125651130116,0.7965697468572009
200014,ipsc_reprogramming: Advanced Proteomics Techniques and Applications,0.0070123188466603,-0.0441531343365522
200015,ipsc_reprogramming: Advanced Sensor and Energy Harvesting Materials,-0.0336779472736855,-0.1318030659979596
200016,ipsc_reprogramming: Advanced Thermodynamics and Statistical Mechanics,0.1214404894962738,-0.0047035456721694
200017,ipsc_reprogramming: Advanced biosensing and bioanalysis techniques,-0.0062195772168437,0.0754369284254929
200018,ipsc_reprogramming: Advancements in Transdermal Drug Delivery,-0.086934761277167,0.0472284402704821
200019,"ipsc_reprogramming: Aging, Health, and Disability",0.6240288851675098,-0.4881816373066925
200020,ipsc_reprogramming: Agriculture Sustainability and Environmental Impact,-0.1236714093414609,0.1052171876053473
200021,ipsc_reprogramming: Algorithms and Data Compression,0.751185713284768,-0.3861412130256457
200022,ipsc_reprogramming: Alkaline Phosphatase Research Studies,-0.017470253021932,-0.0636285588251401
200023,ipsc_reprogramming: Alkaloids: synthesis and pharmacology,-0.0460805279885985,0.1016581477491117
200024,ipsc_reprogramming: Alzheimer's disease research and treatments,0.004511817369121,0.0130735211736871
200025,ipsc_reprogramming: Amino Acid Enzymes and Metabolism,0.064499784786335,-0.061161061111471
200026,ipsc_reprogramming: Amphibian and Reptile Biology,-0.4914386395401404,-0.6208879484944838
200027,"ipsc_reprogramming: Amyloidosis: Diagnosis, Treatment, Outcomes",-0.0248896747553752,-0.0668262192991097
200028,ipsc_reprogramming: Amyotrophic Lateral Sclerosis Research,0.0115886869747269,0.0052561859043954
200029,ipsc_reprogramming: Anesthesia and Neurotoxicity Research,-0.0226516457452477,-0.0416206480884255
200030,ipsc_reprogramming: Angiogenesis and VEGF in Cancer,-0.0006363647253557,-0.0049128304458281
200031,ipsc_reprogramming: Animal Behavior and Welfare Studies,0.7984604589205514,-0.1312893780483673
200032,ipsc_reprogramming: Animal Genetics and Reproduction,-0.0177847085205208,0.0127953546613411
200033,ipsc_reprogramming: Animal testing and alternatives,-0.0391872947761094,0.0554770115179837
200034,ipsc_reprogramming: Aortic Disease and Treatment Approaches,0.0657798582249421,-0.0390593036933847
200035,ipsc_reprogramming: Apelin-related biomedical research,-0.0072996313881419,-0.0337313421176976
200036,ipsc_reprogramming: Archaeological and Geological Studies,0.809703211591112,-0.1828407755204396
200037,ipsc_reprogramming: Assisted Reproductive Technology and Twin Pregnancy,-0.0410741718860369,0.0753481648596764
200038,ipsc_reprogramming: Autism Spectrum Disorder Research,-0.0177568815374887,-0.0172962259995374
200039,ipsc_reprogramming: Autoimmune and Inflammatory Disorders Research,0.7533594778372777,0.5631861013848533
200040,ipsc_reprogramming: Autophagy in Disease and Therapy,0.0053381666312894,-0.0204589556336302
200041,ipsc_reprogramming: Avian ecology and behavior,-0.6969546078057377,0.4644221210339956
200042,ipsc_reprogramming: Axon Guidance and Neuronal Signaling,-0.059252018832803,0.0105564657573073
200043,ipsc_reprogramming: BRCA gene mutations in cancer,-0.0836967614185975,-0.1935224902693041
200044,ipsc_reprogramming: Bacterial Infections and Vaccines,0.1256188133287643,-0.0566767658444526
200045,ipsc_reprogramming: Barrier Structure and Function Studies,0.0354287727467404,0.0050090847902764
200046,ipsc_reprogramming: Bioactive Compounds and Antitumor Agents,-0.5363564242208232,-0.6161003140488668
200047,ipsc_reprogramming: Biochemical and Molecular Research,0.0268594616779994,0.0227923501863942
200048,ipsc_reprogramming: Bioenergy crop production and management,-0.1899466975897928,-0.0713892779966438
200049,ipsc_reprogramming: Bioinformatics and Genomic Networks,0.076285250181151,0.0303769407707044
200050,ipsc_reprogramming: Biomedical Ethics and Regulation,0.0256252281289181,0.0158716587303441
200051,ipsc_reprogramming: Biomedical Research and Pathophysiology,-0.0535326169981147,-0.0234948107658693
200052,ipsc_reprogramming: Biomedical and Engineering Education,-0.0075906462969996,-0.0217691051980484
200053,ipsc_reprogramming: Biotin and Related Studies,0.0323518874535735,-0.0694121548232334
200054,ipsc_reprogramming: Bipolar Disorder and Treatment,0.0180314692751928,-0.0376910955983467
200055,"ipsc_reprogramming: Birth, Development, and Health",0.0593361587576716,0.006969704926892
200056,ipsc_reprogramming: Blood Coagulation and Thrombosis Mechanisms,-0.084390861202637,-0.0706700439648446
200057,ipsc_reprogramming: Blood disorders and treatments,0.0406795746516858,0.040852982258587
200058,ipsc_reprogramming: Blood transfusion and management,-0.1064780068766224,0.0639055377729306
200059,ipsc_reprogramming: Bone Metabolism and Diseases,0.0022518817582296,0.0423228393286695
200060,ipsc_reprogramming: Bone Tissue Engineering Materials,-0.0133615784149933,0.0436858116071702
200061,ipsc_reprogramming: Bone and Dental Protein Studies,0.1430655160951429,-0.0641210382544265
200062,ipsc_reprogramming: Bone and Joint Diseases,-0.0926942387099271,-0.0507287853210595
200063,ipsc_reprogramming: Botanical Studies and Applications,0.0655315923073276,-0.0493746247353586
200064,ipsc_reprogramming: Botulinum Toxin and Related Neurological Disorders,-0.0455455646138031,0.1436250497002797
200065,"ipsc_reprogramming: Bullying, Victimization, and Aggression",0.3794253478194497,-0.7908669626055723
200066,ipsc_reprogramming: CAR-T cell therapy research,-0.0129327943562555,0.0325180946118046
200067,ipsc_reprogramming: COVID-19 Clinical Research Studies,-0.0171269732602018,0.1878047286547866
200068,ipsc_reprogramming: CRISPR and Genetic Engineering,0.0007647674521376,0.0076842732757309
200069,ipsc_reprogramming: Calcium signaling and nucleotide metabolism,-0.0450516916659826,0.082348451883426
200070,ipsc_reprogramming: Calpain Protease Function and Regulation,-0.1554238122493941,0.0057465677917069
200071,ipsc_reprogramming: Cancer Cells and Metastasis,0.0007968858512525,-0.0106263245974325
200072,ipsc_reprogramming: Cancer Genomics and Diagnostics,-0.0126613672670922,-0.0396837753996186
200073,ipsc_reprogramming: Cancer Mechanisms and Therapy,0.0019026961498076,-0.0805202659332921
200074,ipsc_reprogramming: Cancer Research and Treatments,-0.0534831453999601,-0.0961137522384955
200075,ipsc_reprogramming: Cancer Risks and Factors,0.0749958834415388,-0.1938549629607405
200076,ipsc_reprogramming: Cancer Treatment and Pharmacology,-0.0720058595807505,-0.0053723899338061
200077,ipsc_reprogramming: Cancer and Skin Lesions,0.0424945562620439,-0.8688403012032457
200078,ipsc_reprogramming: Cancer therapeutics and mechanisms,-0.1286983479418376,0.0107692327833292
200079,"ipsc_reprogramming: Cancer, Hypoxia, and Metabolism",0.0329651475985078,0.0168431959153681
200080,"ipsc_reprogramming: Cancer, Lipids, and Metabolism",0.1141251220920506,0.0369406414872901
200081,"ipsc_reprogramming: Cancer, Stress, Anesthesia, and Immune Response",-0.0769908396690991,0.025845739803468
200082,ipsc_reprogramming: Cancer-related Molecular Pathways,-0.0144066020392816,0.0167399632137509
200083,ipsc_reprogramming: Cancer-related gene regulation,-0.003320218854165,0.0453620986706785
200084,ipsc_reprogramming: Cancer-related molecular mechanisms research,-0.014259171158222,-0.0080601108523291
200085,ipsc_reprogramming: Cannabis and Cannabinoid Research,0.0224250256648452,-0.1020027063094396
200086,ipsc_reprogramming: Carcinogens and Genotoxicity Assessment,-0.5901701574881613,0.6355824491322907
200087,ipsc_reprogramming: Cardiac Fibrosis and Remodeling,-0.0549328677953458,0.0417561070135506
200088,ipsc_reprogramming: Cardiac Ischemia and Reperfusion,0.027969023530834,-0.0549269486001703
200089,ipsc_reprogramming: Cardiac Structural Anomalies and Repair,-0.0879065458234027,0.0683506315091504
200090,ipsc_reprogramming: Cardiac Valve Diseases and Treatments,-0.114286644740925,0.0088378917895917
200091,ipsc_reprogramming: Cardiac electrophysiology and arrhythmias,0.0045028774489092,0.0027927603289105
200092,ipsc_reprogramming: Cardiac tumors and thrombi,-0.2177056988836369,-0.0480703936071276
200093,ipsc_reprogramming: Cardiomyopathy and Myosin Studies,0.0092210607338927,-0.0061399297249577
200094,ipsc_reprogramming: Cardiovascular Effects of Exercise,0.0171774738476358,0.0019247083035274
200095,ipsc_reprogramming: Cardiovascular Health and Disease Prevention,-0.1295107534486557,-0.1333623817636243
200096,ipsc_reprogramming: Cardiovascular Issues in Pregnancy,-0.3858964594049192,0.7461912488709993
200097,ipsc_reprogramming: Caveolin-1 and cellular processes,-0.1439458857632833,0.1783792372958135
200098,ipsc_reprogramming: Cell Adhesion Molecules Research,-0.0084064496537926,0.0341836940645771
200099,ipsc_reprogramming: Cell Image Analysis Techniques,0.0054419452129672,-0.0361558432742683
200100,ipsc_reprogramming: Cell death mechanisms and regulation,0.0353331394531144,-0.0151701219438651
200101,ipsc_reprogramming: Cellular Mechanics and Interactions,-0.0129065801567155,0.0345842308576513
200102,ipsc_reprogramming: Cellular transport and secretion,0.0482433030898549,0.0283496073167359
200103,ipsc_reprogramming: Cephalopods and Marine Biology,-0.6547847069695315,0.5453444487460843
200104,ipsc_reprogramming: Cerebrospinal fluid and hydrocephalus,0.2067706927309512,0.0724374025428326
200105,ipsc_reprogramming: Cerebrovascular and genetic disorders,-0.1006393384355467,0.0570610440473051
200106,ipsc_reprogramming: Chemical Synthesis and Analysis,-0.3974571399225917,0.7739564129522024
200107,ipsc_reprogramming: Chemokine receptors and signaling,-0.1336675684319736,0.0235868281533015
200108,ipsc_reprogramming: Chemotherapy-induced cardiotoxicity and mitigation,-0.0273926446102312,0.0216719504145446
200109,ipsc_reprogramming: Childhood Cancer Survivors' Quality of Life,-0.1081889250696351,-0.055851915366239
200110,ipsc_reprogramming: Cholesterol and Lipid Metabolism,-0.0179586561673548,0.11410470314605
200111,ipsc_reprogramming: Cholinesterase and Neurodegenerative Diseases,-0.0336710958058627,0.0724098739298998
200112,ipsc_reprogramming: Chromatin Remodeling and Cancer,-0.0134513152840752,-0.0164346366575072
200113,ipsc_reprogramming: Chromosomal and Genetic Variations,0.0082789796904105,0.0260582784794294
200114,ipsc_reprogramming: Chronic Kidney Disease and Diabetes,0.1533453710252787,0.1014495371538356
200115,ipsc_reprogramming: Chronic Lymphocytic Leukemia Research,0.0328503520880644,-0.1296988093885904
200116,ipsc_reprogramming: Chronic Myeloid Leukemia Treatments,-0.0433062875729064,0.059509315965796
200117,ipsc_reprogramming: Circadian rhythm and melatonin,0.0363453895596712,-0.0264705158974549
200118,ipsc_reprogramming: Circular RNAs in diseases,-0.0185494086090982,-0.0463344289121503
200119,ipsc_reprogramming: Classical Antiquity Studies,-0.513374264326617,0.674775646650229
200120,ipsc_reprogramming: Climate Change Communication and Perception,0.0492699070883836,0.848739029027803
200121,ipsc_reprogramming: Cloud Data Security Solutions,0.6970162483353936,-0.393543226026863
200122,"ipsc_reprogramming: Coagulation, Bradykinin, Polyphosphates, and Angioedema",-0.2262561839416931,0.0498321867290972
200123,ipsc_reprogramming: Coenzyme Q10 studies and effects,0.0631093643758501,0.0506067780025792
200124,ipsc_reprogramming: Complement system in diseases,0.0938056982659582,0.0405047366259763
200125,ipsc_reprogramming: Composite Material Mechanics,-0.6709389168833555,-0.4432081410388002
200126,ipsc_reprogramming: Computational Drug Discovery Methods,-0.0945391637255619,-0.1941360491440354
200127,ipsc_reprogramming: Computational Fluid Dynamics and Aerodynamics,-0.2862820577823119,0.7289491834391824
200128,ipsc_reprogramming: Conducting polymers and applications,-0.0829210284991536,0.1439151041340642
200129,ipsc_reprogramming: Congenital Anomalies and Fetal Surgery,0.0213457126704512,-0.0268500781956349
200130,ipsc_reprogramming: Congenital Diaphragmatic Hernia Studies,-0.00897892093183,0.1213762075461244
200131,ipsc_reprogramming: Congenital Ear and Nasal Anomalies,-0.4062257277545502,0.7192401005076606
200132,ipsc_reprogramming: Congenital gastrointestinal and neural anomalies,0.0439780711527653,0.0040200607633671
200133,ipsc_reprogramming: Congenital heart defects research,-0.0008276123492421,0.0056465162930651
200134,ipsc_reprogramming: Connective Tissue Growth Factor Research,-0.0405786336191093,-0.1441982518270923
200135,ipsc_reprogramming: Connective tissue disorders research,0.0206593099222544,-0.0102093897284009
200136,ipsc_reprogramming: Connexins and lens biology,-0.0006598561911232,-0.0276247865297011
200137,ipsc_reprogramming: Corneal Surgery and Treatments,0.0106784034108736,-0.0221338731020357
200138,ipsc_reprogramming: Corneal surgery and disorders,0.0118004676597949,0.1276152156444215
200139,ipsc_reprogramming: Corporate Governance and Management,-0.6420644895431717,0.582740617060382
200140,ipsc_reprogramming: Craniofacial Disorders and Treatments,-0.0427794386746062,-0.1987564434246065
200141,ipsc_reprogramming: Crustacean biology and ecology,1.0,0.1664769599407467
200142,ipsc_reprogramming: Cystic Fibrosis Research Advances,-0.0691237661317319,0.0607744801016755
200143,ipsc_reprogramming: Cytokine Signaling Pathways and Interactions,0.0027804547520872,-0.0015588773949755
200144,ipsc_reprogramming: Cytomegalovirus and herpesvirus research,0.0861640534076038,-0.0201644957881035
200145,ipsc_reprogramming: DNA Repair Mechanisms,0.0253168802873818,-0.0015453434372022
200146,ipsc_reprogramming: DNA and Nucleic Acid Chemistry,-0.1230257876126555,-0.0450964916626834
200147,ipsc_reprogramming: Dermatology and Skin Diseases,-0.150780439645936,0.0586283961967988
200148,ipsc_reprogramming: Developmental Biology and Gene Regulation,-0.0010532485374636,-0.0112532583268389
200149,ipsc_reprogramming: Diabetes Treatment and Management,0.1616472361897657,-0.1979094755090878
200150,ipsc_reprogramming: Diabetes and associated disorders,0.8283832109265259,-0.0206588618799381
200151,"ipsc_reprogramming: Diabetes, Cardiovascular Risks, and Lipoproteins",0.022600629599184,-0.1225288867647635
200152,ipsc_reprogramming: Diet and metabolism studies,-0.5990142281625668,-0.5536577307477107
200153,ipsc_reprogramming: Diffusion and Search Dynamics,-0.0426671165787252,0.0888749188658126
200154,ipsc_reprogramming: Digestive system and related health,-0.0634127984268045,0.0490393246302357
200155,ipsc_reprogramming: Digital Filter Design and Implementation,-0.6187436921172996,0.567135611606319
200156,ipsc_reprogramming: Digital Image Processing Techniques,0.6751584280506111,0.4914606762565916
200157,ipsc_reprogramming: Distributed and Parallel Computing Systems,0.8358253944168081,-0.0701354126119274
200158,ipsc_reprogramming: Down syndrome and intellectual disability research,0.0002424689839615,0.0474370642933592
200159,ipsc_reprogramming: Drug Transport and Resistance Mechanisms,0.0318067346374756,0.0647005723256773
200160,ipsc_reprogramming: EEG and Brain-Computer Interfaces,-0.1383190368745215,-0.0675553457003096
200161,ipsc_reprogramming: Ear Surgery and Otitis Media,-0.2049294431638183,-0.0719465456538423
200162,ipsc_reprogramming: Echinoderm biology and ecology,0.1384108969108994,0.191792762154748
200163,ipsc_reprogramming: Ecology and Conservation Studies,0.5739095490182402,-0.6369168261694068
200164,ipsc_reprogramming: Effects and risks of endocrine disrupting chemicals,-0.1253118772206327,-0.0098615802694619
200165,ipsc_reprogramming: Effects of Radiation Exposure,-0.0529364290663893,-0.067404873234334
200166,ipsc_reprogramming: Electrohydrodynamics and Fluid Dynamics,-0.0839989498221462,-0.0254267280567103
200167,ipsc_reprogramming: Electromagnetic Fields and Biological Effects,-0.0221393416076838,-0.0740342859634125
200168,ipsc_reprogramming: Electrospun Nanofibers in Biomedical Applications,-0.0036877066391743,0.0217463398775437
200169,ipsc_reprogramming: Embryonic stem cell,-0.1322597454545867,-0.164084189213642
200170,ipsc_reprogramming: Endodontics and Root Canal Treatments,-0.0958071726473384,-0.0695733135139739
200171,ipsc_reprogramming: Endometriosis Research and Treatment,0.0631559939713726,0.031784520506381
200172,ipsc_reprogramming: Endoplasmic Reticulum Stress and Disease,-0.0397190411349328,-0.0743536393821057
200173,ipsc_reprogramming: Energy Harvesting in Wireless Networks,-0.0949599826132576,0.0283879153430449
200174,ipsc_reprogramming: Environmental Science and Water Management,0.7009050213998573,-0.5148862122930521
200175,ipsc_reprogramming: Enzyme Structure and Function,-0.0762745676237572,0.3362331747007712
200176,ipsc_reprogramming: Eosinophilic Disorders and Syndromes,0.381466750171829,-0.7405361544681995
200177,ipsc_reprogramming: Epigenetics and DNA Methylation,-0.0026638157088017,0.0119352049485178
200178,ipsc_reprogramming: Epilepsy research and treatment,-0.0051627964048615,-0.0506728242863903
200179,ipsc_reprogramming: Erythrocyte Function and Pathophysiology,-0.0183858701249228,0.0180445836603669
200180,ipsc_reprogramming: Erythropoietin and Anemia Treatment,-0.814811732275255,-0.1782335134139494
200181,ipsc_reprogramming: Escherichia coli research studies,-0.8458490015004624,0.1405425329578153
200182,ipsc_reprogramming: Esophageal Cancer Research and Treatment,-0.0978370253071706,0.0288609740186331
200183,ipsc_reprogramming: Esophageal and GI Pathology,-0.0473120853166962,-0.0524172856671778
200184,ipsc_reprogramming: Estrogen and related hormone effects,-0.0603975516526113,0.0014765942326377
200185,ipsc_reprogramming: Ethics and Legal Issues in Pediatric Healthcare,0.4879289744570051,-0.6563163564210166
200186,ipsc_reprogramming: Ethics in medical practice,0.0247291364882612,0.2206005887425866
200187,ipsc_reprogramming: Extracellular vesicles in disease,-0.0362268826093471,-0.0136412625316301
200188,ipsc_reprogramming: FOXO transcription factor regulation,0.0502867532944848,0.024961786310458
200189,ipsc_reprogramming: Family and Disability Support Research,0.8188482671893162,0.2057865270520092
200190,ipsc_reprogramming: Fatty Acid Research and Health,0.6365698718986921,-0.5294938042527804
200191,ipsc_reprogramming: Ferroptosis and cancer prognosis,0.1945522204890946,0.1263631589472472
200192,ipsc_reprogramming: Fibroblast Growth Factor Research,-0.0374374578452217,0.0503263278052729
200193,ipsc_reprogramming: Field-Flow Fractionation Techniques,0.2270331394996639,-0.1122210288413359
200194,ipsc_reprogramming: Fluid Dynamics Simulations and Interactions,-0.732658158678648,-0.2776819336128088
200195,ipsc_reprogramming: Folate and B Vitamins Research,0.0007229489362817,0.1816526496971904
200196,ipsc_reprogramming: Forest Biomass Utilization and Management,0.3023304621851686,-0.7523957606838328
200197,ipsc_reprogramming: Gastrointestinal Tumor Research and Treatment,0.8189688046691046,-0.2449193397455956
200198,ipsc_reprogramming: Gene Regulatory Network Analysis,0.0204188238920576,0.0028493786282102
200199,ipsc_reprogramming: Gene expression and cancer classification,0.0016182132169548,0.1214441244453628
200200,ipsc_reprogramming: Genetic Associations and Epidemiology,0.057060714080445,0.0294497969325724
200201,ipsc_reprogramming: Genetic Mapping and Diversity in Plants and Animals,0.0841427574921693,0.1431833352444267
200202,ipsc_reprogramming: Genetic Neurodegenerative Diseases,-0.0005067538550962,-0.0010985606067364
200203,ipsc_reprogramming: Genetic Syndromes and Imprinting,-0.0128657603072116,0.0205239317592465
200204,ipsc_reprogramming: Genetic and Clinical Aspects of Sex Determination and Chromosomal Abnormalities,-0.0078641479697592,0.0091603374597289
200205,ipsc_reprogramming: Genetic and Kidney Cyst Diseases,-0.0714193705477569,0.0513211055744931
200206,ipsc_reprogramming: Genetic factors in colorectal cancer,0.0578346466977512,0.0530522941666628
200207,ipsc_reprogramming: Genetically Modified Organisms Research,0.1174003104557291,0.0172918510586267
200208,ipsc_reprogramming: Genetics and Neurodevelopmental Disorders,0.0075896815967068,0.00832314879359
200209,"ipsc_reprogramming: Genetics, Aging, and Longevity in Model Organisms",-0.0332393658323439,-0.0138363915298224
200210,"ipsc_reprogramming: Genetics, Bioinformatics, and Biomedical Research",0.6910564547007823,-0.4394667232802426
200211,ipsc_reprogramming: Genomic variations and chromosomal abnormalities,-0.0102101389867951,-0.0045766486577217
200212,ipsc_reprogramming: Genomics and Chromatin Dynamics,-0.0124463723731599,0.0114459193717154
200213,ipsc_reprogramming: Genomics and Phylogenetic Studies,0.7219745722013415,-0.3101366574741098
200214,"ipsc_reprogramming: Genomics, phytochemicals, and oxidative stress",0.0542311771073637,0.1576155919955572
200215,ipsc_reprogramming: Gestational Trophoblastic Disease Studies,0.0989212237125095,0.0058519948322879
200216,ipsc_reprogramming: Ginkgo biloba and Cashew Applications,-0.1730351610916167,-0.1410702023050962
200217,ipsc_reprogramming: Glaucoma and retinal disorders,-0.0232792729182063,-0.0376958815340625
200218,ipsc_reprogramming: Glioma Diagnosis and Treatment,-0.0477016472685184,-0.0496350142124092
200219,ipsc_reprogramming: Glycogen Storage Diseases and Myoclonus,0.2254423314392926,-0.0072877074125197
200220,ipsc_reprogramming: Glycosylation and Glycoproteins Research,-0.0363123628830682,0.0385969810174964
200221,ipsc_reprogramming: Graphene and Nanomaterials Applications,0.0317242144996438,-0.016071946844286
200222,ipsc_reprogramming: Growth Hormone and Insulin-like Growth Factors,0.1153403770213203,0.1547783131321527
200223,ipsc_reprogramming: HIV Research and Treatment,0.0738679430798098,0.0746974656951284
200224,ipsc_reprogramming: Hair Growth and Disorders,-0.0319261963419245,-0.0166937673501799
200225,ipsc_reprogramming: Head and Neck Surgical Oncology,-0.6986062113274334,-0.4964142393555567
200226,ipsc_reprogramming: Healthcare and Venom Research,0.0216315855207376,0.0912416527767234
200227,"ipsc_reprogramming: Hearing, Cochlea, Tinnitus, Genetics",0.0129738749964162,-0.0281142831157813
200228,ipsc_reprogramming: Heart Failure Treatment and Management,-0.2222179080351864,-0.0129836844055563
200229,ipsc_reprogramming: Heart Rate Variability and Autonomic Control,-0.1020288108005747,-0.010723368247173
200230,ipsc_reprogramming: Heat shock proteins research,-0.0460182140402984,0.065782505691262
200231,ipsc_reprogramming: Hedgehog Signaling Pathway Studies,-0.039870594879008,0.0127394571478593
200232,ipsc_reprogramming: Hematopoietic Stem Cell Transplantation,-0.0364274291866389,0.0006569124893669
200233,ipsc_reprogramming: Hemoglobin structure and function,-0.3618651393428604,0.7771973111319295
200234,ipsc_reprogramming: Hemoglobinopathies and Related Disorders,-0.0319007224005763,0.0509130592740622
200235,ipsc_reprogramming: Hemophilia Treatment and Research,0.0377992305456849,0.0835253976467631
200236,ipsc_reprogramming: Hepatitis B Virus Studies,0.0941768808713288,-0.0040657996411727
200237,ipsc_reprogramming: Hepatitis C virus research,0.056784192229266,0.0207906059457218
200238,ipsc_reprogramming: Hereditary Neurological Disorders,0.0139887473329249,0.0157900948006176
200239,ipsc_reprogramming: Herpesvirus Infections and Treatments,0.0437073921291268,0.0766579154266778
200240,ipsc_reprogramming: Heterotopic Ossification and Related Conditions,0.0379252764248682,0.0131250665849462
200241,ipsc_reprogramming: Hippo pathway signaling and YAP/TAZ,-0.0204814079194742,-0.0115431584207885
200242,ipsc_reprogramming: Histiocytic Disorders and Treatments,0.1086652770458029,-0.0293123976729658
200243,ipsc_reprogramming: Histone Deacetylase Inhibitors Research,0.0156706040359379,0.0701173817202722
200244,ipsc_reprogramming: Historical and Modern Theater Studies,0.8387507762471587,-0.1550572619194636
200245,ipsc_reprogramming: Hormonal Regulation and Hypertension,-0.5964604642351352,0.6098965736473043
200246,ipsc_reprogramming: Hormonal and reproductive studies,-0.2378155967100822,-0.0076868842292693
200247,ipsc_reprogramming: Human Rights and Immigration,-0.0192342298064682,-0.0918695478168781
200248,"ipsc_reprogramming: Hydrogels: synthesis, properties, applications",0.1105933587667856,0.1940852139115847
200249,"ipsc_reprogramming: IL-33, ST2, and ILC Pathways",-0.0344852623432695,0.1053165765949363
200250,ipsc_reprogramming: Identification and Quantification in Food,-0.1445702236189867,0.0093738804437057
200251,ipsc_reprogramming: Image Processing and 3D Reconstruction,-0.6971029886523414,0.4532381285279558
200252,ipsc_reprogramming: Imbalanced Data Classification Techniques,-0.8407025209141855,0.0125911228082408
200253,ipsc_reprogramming: Immune Cell Function and Interaction,-0.0138375197513175,0.0272863861135107
200254,ipsc_reprogramming: Immune Response and Inflammation,-0.4141360376917702,-0.0725374172401492
200255,ipsc_reprogramming: Immune cells in cancer,0.014347035499146,0.0384674479263813
200256,ipsc_reprogramming: Immunodeficiency and Autoimmune Disorders,0.0097895385581302,0.0741923112889489
200257,ipsc_reprogramming: Immunotherapy and Immune Responses,-0.0243215198427629,0.030970864115347
200258,ipsc_reprogramming: Immunotoxicology and immune responses,0.1003402677234837,-0.9869059852034228
200259,ipsc_reprogramming: Infant Nutrition and Health,-0.6456550204785602,0.5499841662559266
200260,ipsc_reprogramming: Infectious Diseases and Tuberculosis,-0.6445113953582933,-0.5102324058483426
200261,ipsc_reprogramming: Inflammasome and immune disorders,0.0829906911342562,0.0340172200258062
200262,ipsc_reprogramming: Inflammatory mediators and NSAID effects,-0.2272808151033442,0.1332279601844956
200263,ipsc_reprogramming: Influenza Virus Research Studies,-0.0638071356339019,0.1072270848501756
200264,ipsc_reprogramming: Innovation and Knowledge Management,0.1630963861439237,-0.8328961541977175
200265,ipsc_reprogramming: Insect behavior and control techniques,-0.7918591651372818,0.2797249114031834
200266,ipsc_reprogramming: Interconnection Networks and Systems,0.8333406640302724,0.1230023102907019
200267,ipsc_reprogramming: Interstitial Lung Diseases and Idiopathic Pulmonary Fibrosis,-0.0856175180752587,-0.0182652293460426
200268,ipsc_reprogramming: Intracerebral and Subarachnoid Hemorrhage Research,-0.021838023761738,0.0849558385818819
200269,ipsc_reprogramming: Invertebrate Immune Response Mechanisms,0.2464083435325773,-0.0407267622442941
200270,ipsc_reprogramming: Ion Transport and Channel Regulation,-0.1240908099727257,-0.0141837434303611
200271,ipsc_reprogramming: Ion channel regulation and function,0.0258022256615268,-0.0271481586430619
200272,ipsc_reprogramming: Iron Metabolism and Disorders,0.000501172790947,0.202474171035985
200273,ipsc_reprogramming: Kidney Stones and Urolithiasis Treatments,0.2999342377867917,-0.2081032457874844
200274,ipsc_reprogramming: Kruppel-like factors research,-0.0061998337731567,0.0194879021546463
200275,ipsc_reprogramming: Leech Biology and Applications,0.7145286863442302,0.4567580768820713
200276,ipsc_reprogramming: Legal Systems and Judicial Processes,-0.0696650263374023,0.1684196896060433
200277,ipsc_reprogramming: Library Science and Information Literacy,-0.8197084499984235,0.1831893229523896
200278,ipsc_reprogramming: Lipid Membrane Structure and Behavior,-0.6598818308624782,0.5266138672863762
200279,ipsc_reprogramming: Lipid metabolism and biosynthesis,0.0555473049652259,0.1146067388338799
200280,ipsc_reprogramming: Lipid metabolism and disorders,0.2031247207837749,0.021792399544384
200281,ipsc_reprogramming: Lipoproteins and Cardiovascular Health,0.0275656428330974,-0.0388726221546448
200282,ipsc_reprogramming: Liquid Crystal Research Advancements,0.8418301087148709,-0.4562746336706624
200283,ipsc_reprogramming: Liver Disease Diagnosis and Treatment,0.073770867078017,0.0405064287726976
200284,ipsc_reprogramming: Liver physiology and pathology,0.0144623967120694,0.0097648870226655
200285,ipsc_reprogramming: Long-Term Effects of COVID-19,0.0493537624873494,0.0505279909410794
200286,ipsc_reprogramming: Lung Cancer Research Studies,-0.0175424178591155,-0.0954197200197745
200287,ipsc_reprogramming: Lymphatic System and Diseases,-0.1637593081168855,0.055729275686595
200288,ipsc_reprogramming: Lymphoma Diagnosis and Treatment,0.7923971692185027,0.2312292141715649
200289,ipsc_reprogramming: Lysosomal Storage Disorders Research,0.0135201426672905,0.0255369080569041
200290,ipsc_reprogramming: Macrophage Migration Inhibitory Factor,-0.1115935326615503,-0.0125738930884999
200291,ipsc_reprogramming: Marine Biology and Environmental Chemistry,-0.1015234874417791,-0.0402569845542532
200292,ipsc_reprogramming: Marine Invertebrate Physiology and Ecology,-0.0623215933015478,-0.8633694423608838
200293,ipsc_reprogramming: Marine Toxins and Detection Methods,0.04581559176769,-0.1449908873625977
200294,ipsc_reprogramming: Mass Spectrometry Techniques and Applications,0.0569440613447835,-0.0257314470610498
200295,ipsc_reprogramming: Mast cells and histamine,0.0028195662762982,-0.0694398526434751
200296,ipsc_reprogramming: Maternal Mental Health During Pregnancy and Postpartum,0.096908840899999,0.0444457365654325
200297,ipsc_reprogramming: Mathematical Biology Tumor Growth,0.0629590456706598,-0.070753997313482
200298,ipsc_reprogramming: Mathematical and Theoretical Epidemiology and Ecology Models,0.0016017034660299,0.2405768281526187
200299,ipsc_reprogramming: Matrix Theory and Algorithms,0.4241535412758378,-0.7057631951781154
200300,ipsc_reprogramming: Mechanisms of cancer metastasis,0.1522180451302529,-0.0470834906028358
200301,ipsc_reprogramming: Medical Imaging Techniques and Applications,-0.8252237243539602,0.1694805742811114
200302,ipsc_reprogramming: Medical and Biological Sciences,0.2244850952754706,-0.8021069515236798
200303,ipsc_reprogramming: Medical and Health Sciences Research,-0.6842859092382934,-0.4807215642369325
200304,ipsc_reprogramming: Medieval Literature and History,-0.9395035081238008,-0.1407606143921331
200305,ipsc_reprogramming: Melanoma and MAPK Pathways,0.0112587103671759,0.0645832055555449
200306,ipsc_reprogramming: Memory and Neural Mechanisms,0.0608907042667044,0.2449646494499673
200307,ipsc_reprogramming: Mercury impact and mitigation studies,0.0917722116480449,-0.0668524259377497
200308,ipsc_reprogramming: Mesenchymal stem cell research,-0.022055829493687,0.0092096904400897
200309,ipsc_reprogramming: Metabolism and Genetic Disorders,0.011649755007555,-0.0581104961430108
200310,"ipsc_reprogramming: Metabolism, Diabetes, and Cancer",-0.0300777830644739,0.1193296072111126
200311,ipsc_reprogramming: Metabolomics and Mass Spectrometry Studies,0.0862422113784347,0.0944807329540819
200312,ipsc_reprogramming: Metastasis and carcinoma case studies,-0.2497578542147378,-0.7872907942997254
200313,ipsc_reprogramming: Meteorological Phenomena and Simulations,-0.3219846549298334,0.8384921786635571
200314,ipsc_reprogramming: MicroRNA in disease regulation,0.0012747248837157,0.0086516010187965
200315,ipsc_reprogramming: Microbial Inactivation Methods,-0.0332414033414454,0.1333697727577212
200316,ipsc_reprogramming: Microfluidic and Bio-sensing Technologies,-0.0588570094860015,-0.0537901962624073
200317,ipsc_reprogramming: Microplastics and Plastic Pollution,-0.2104539226880145,0.0877425896908865
200318,ipsc_reprogramming: Microscopic Colitis,0.5233713429249247,0.6363823079156453
200319,ipsc_reprogramming: Microtubule and mitosis dynamics,0.0465445412210861,-0.0704673161315851
200320,ipsc_reprogramming: Mitochondrial Function and Pathology,0.0033511613007696,0.0053751437252267
200321,ipsc_reprogramming: Modular Robots and Swarm Intelligence,-0.2001914718017389,0.1182848511314724
200322,ipsc_reprogramming: Molecular Biology Techniques and Applications,-0.0476520710776678,-0.0028346256638573
200323,ipsc_reprogramming: Molecular Junctions and Nanostructures,0.1574845047977666,0.0188974094437944
200324,ipsc_reprogramming: Monoclonal and Polyclonal Antibodies Research,0.0353286524145425,-0.0992833223923367
200325,ipsc_reprogramming: Mosquito-borne diseases and control,0.0332643225508037,0.0494547886417945
200326,ipsc_reprogramming: Motor Control and Adaptation,0.186860695349842,0.0673110321665479
200327,ipsc_reprogramming: Moyamoya disease diagnosis and treatment,-0.1030413851356011,-0.1004694444119175
200328,ipsc_reprogramming: Multiple Myeloma Research and Treatments,-0.022588690361993,-0.178672495380617
200329,ipsc_reprogramming: Multisensory perception and integration,0.6475226232493138,-0.5699903778544417
200330,ipsc_reprogramming: Muscle Physiology and Disorders,-0.0200231854448051,0.005110593252931
200331,ipsc_reprogramming: Muscle metabolism and nutrition,-0.0832584540097848,-0.1320317663841086
200332,ipsc_reprogramming: Mycotoxins in Agriculture and Food,-0.3684423583605365,-0.2344870380041148
200333,ipsc_reprogramming: Myeloproliferative Neoplasms: Diagnosis and Treatment,-0.0204080377611603,-0.0094952130048735
200334,ipsc_reprogramming: NF-κB Signaling Pathways,-0.8097629452683683,0.286480408475271
200335,ipsc_reprogramming: Nanoparticles: synthesis and applications,-0.0268100991655812,0.1860211483537674
200336,ipsc_reprogramming: Nanoplatforms for cancer theranostics,-9.6991741628568e-05,-0.0638088634378776
200337,ipsc_reprogramming: Neonatal Health and Biochemistry,-0.0758729636780369,-0.0570257342971736
200338,ipsc_reprogramming: Neonatal Respiratory Health Research,-0.0317141632619284,0.0196696200447278
200339,ipsc_reprogramming: Neonatal and Maternal Infections,-0.7748163825056543,0.3434306861448767
200340,ipsc_reprogramming: Neonatal and fetal brain pathology,-0.1156939222817999,-0.0661414386001286
200341,ipsc_reprogramming: Nerve injury and regeneration,0.0171091765464329,-0.0148618374289091
200342,ipsc_reprogramming: Network Time Synchronization Technologies,-0.5557936995623672,-0.6492044979244633
200343,ipsc_reprogramming: Neural dynamics and brain function,0.0870591645338182,-0.1095216035175021
200344,ipsc_reprogramming: Neurobiology and Insect Physiology Research,0.0642143703102354,-0.3036346463833372
200345,ipsc_reprogramming: Neuroblastoma Research and Treatments,-0.04199938897054,-0.024885429339373
200346,ipsc_reprogramming: Neuroendocrine Tumor Research Advances,0.0714434348394166,0.8430950946689667
200347,ipsc_reprogramming: Neuroendocrine regulation and behavior,0.0292451264573793,-0.0691320368255044
200348,"ipsc_reprogramming: Neuroethics, Human Enhancement, Biomedical Innovations",0.1227741667806399,0.043164180659159
200349,ipsc_reprogramming: Neurofibromatosis and Schwannoma Cases,-0.0277796891269775,-0.0978481212171863
200350,ipsc_reprogramming: Neurogenesis and neuroplasticity mechanisms,0.0059325551394455,-0.0022883254741844
200351,ipsc_reprogramming: Neurogenetic and Muscular Disorders Research,0.0201202290759202,0.0093158144303692
200352,ipsc_reprogramming: Neuroinflammation and Neurodegeneration Mechanisms,0.0171267161841211,0.0019380482771758
200353,ipsc_reprogramming: Neurological Disorders and Treatments,0.0787504478397167,0.0890337190216782
200354,ipsc_reprogramming: Neurological diseases and metabolism,0.0298666850515448,-0.2141258559733708
200355,ipsc_reprogramming: Neurological disorders and treatments,0.042510431781436,-0.0427616847905432
200356,ipsc_reprogramming: Neuropeptides and Animal Physiology,0.0580536586949619,-0.0211935567156814
200357,ipsc_reprogramming: Neuroscience and Neural Engineering,0.0021002967559494,0.0091374649099113
200358,ipsc_reprogramming: Neuroscience and Neuropharmacology Research,0.051510436608048,-0.0624487832622294
200359,ipsc_reprogramming: Neuroscience of respiration and sleep,0.093113982309275,-0.1286360211797391
200360,ipsc_reprogramming: Neurotransmitter Receptor Influence on Behavior,0.0706363591784107,-0.092207747555787
200361,ipsc_reprogramming: Neutropenia and Cancer Infections,0.6293961876553624,-0.5998444235452652
200362,"ipsc_reprogramming: Neutrophil, Myeloperoxidase and Oxidative Mechanisms",0.0156335384053553,0.0481368224819815
200363,ipsc_reprogramming: Nicotinic Acetylcholine Receptors Study,0.1131968103896053,0.0321383919342453
200364,ipsc_reprogramming: Nigella sativa pharmacological applications,-0.0397817714947426,-0.1245072721524265
200365,ipsc_reprogramming: Nonmelanoma Skin Cancer Studies,-0.0478349511714806,-0.8367991880862311
200366,ipsc_reprogramming: Nuclear Receptors and Signaling,-0.0039869718865013,0.0285897888146705
200367,ipsc_reprogramming: Nuclear Structure and Function,-0.0146953189122376,-0.0067621566247665
200368,ipsc_reprogramming: Numerical Methods and Algorithms,-0.0336719142037367,0.8496825009035275
200369,ipsc_reprogramming: Numerical methods for differential equations,0.7859253316469399,0.2746386474734849
200370,ipsc_reprogramming: Ocular Disorders and Treatments,0.2129552884139124,0.060753748800181
200371,ipsc_reprogramming: Ocular Oncology and Treatments,-0.0302647653487667,0.1016002517543195
200372,ipsc_reprogramming: Olfactory and Sensory Function Studies,-0.0500051964868923,0.2381478294651382
200373,ipsc_reprogramming: Optical Coherence Tomography Applications,0.1030324455999202,0.0631215482666286
200374,ipsc_reprogramming: Optimization and Packing Problems,0.5041985877703358,-0.6640782665012286
200375,ipsc_reprogramming: Organ Transplantation Techniques and Outcomes,-0.0305736842425019,-0.077692196079072
200376,ipsc_reprogramming: Organ and Tissue Transplantation Research,-0.1446904290331744,0.2047853755233764
200377,ipsc_reprogramming: Organizational Learning and Leadership,-0.6567245136271544,-0.5580882493338861
200378,ipsc_reprogramming: Organometallic Complex Synthesis and Catalysis,-0.5406420684925429,0.6344559522883777
200379,ipsc_reprogramming: Osteoarthritis Treatment and Mechanisms,0.0002696857877823,0.0285467267453324
200380,ipsc_reprogramming: Ovarian function and disorders,0.0742941070490771,-0.0199056150499859
200381,ipsc_reprogramming: PARP inhibition in cancer therapy,-0.0527207555665028,-0.2071743188097932
200382,ipsc_reprogramming: PI3K/AKT/mTOR signaling in cancer,-0.0134740681175615,0.0712090203280728
200383,ipsc_reprogramming: Pain Mechanisms and Treatments,0.0332448349876738,-0.0520105692314783
200384,ipsc_reprogramming: Pancreatic and Hepatic Oncology Research,-0.0817081919070741,-0.0076827844344398
200385,ipsc_reprogramming: Pancreatic function and diabetes,-0.0097175210052632,0.0071505373567943
200386,ipsc_reprogramming: Pancreatitis Pathology and Treatment,0.7636831344058377,-0.2164471735025604
200387,ipsc_reprogramming: Parallel Computing and Optimization Techniques,-0.7051895308057816,-0.4340284183594767
200388,ipsc_reprogramming: Parkinson's Disease Mechanisms and Treatments,0.00470489497441,0.0014975302939073
200389,ipsc_reprogramming: Pediatric Hepatobiliary Diseases and Treatments,-0.02570250564873,-0.0500360679021853
200390,ipsc_reprogramming: Peptidase Inhibition and Analysis,-0.0238714660964536,0.2492738537249681
200391,ipsc_reprogramming: Per- and polyfluoroalkyl substances research,0.1455629751985595,0.1429402031860942
200392,ipsc_reprogramming: Periodontal Regeneration and Treatments,0.0233875948542553,0.0603887507934399
200393,ipsc_reprogramming: Peripheral Artery Disease Management,-0.0989948335763549,-0.0541881351224648
200394,ipsc_reprogramming: Peripheral Neuropathies and Disorders,0.0989322128943372,0.0534154192670666
200395,ipsc_reprogramming: Peroxisome Proliferator-Activated Receptors,0.0425348668951291,-0.0312375355205959
200396,ipsc_reprogramming: Phagocytosis and Immune Regulation,-0.0097544746097516,0.0602739995904537
200397,ipsc_reprogramming: Pharmacogenetics and Drug Metabolism,-0.0521549772556745,-0.0050405720896093
200398,ipsc_reprogramming: Pharmacological Effects and Toxicity Studies,0.1004115639546515,0.0431970114787838
200399,ipsc_reprogramming: Phosphodiesterase function and regulation,0.0313934943931577,0.0053533568256479
200400,ipsc_reprogramming: Photochromic and Fluorescence Chemistry,0.0227703281657718,0.1225263019610164
200401,ipsc_reprogramming: Photodynamic Therapy Research Studies,0.038533165794602,0.1583443892192601
200402,ipsc_reprogramming: Photoreceptor and optogenetics research,0.0664372333674948,-0.0190579190036763
200403,ipsc_reprogramming: Phytochemicals and Antioxidant Activities,-0.1393086630272378,-0.1661901340443853
200404,ipsc_reprogramming: Pickering emulsions and particle stabilization,-0.0601393535754842,0.125638873915636
200405,ipsc_reprogramming: Pituitary Gland Disorders and Treatments,-0.4829456094835255,0.7567025578240693
200406,ipsc_reprogramming: Planarian Biology and Electrostimulation,0.0786824732076991,-0.0142117617036734
200407,ipsc_reprogramming: Plant Genetic and Mutation Studies,-0.0085164755105191,0.166067990310139
200408,ipsc_reprogramming: Plant Molecular Biology Research,-0.0157157983795377,-0.0360310915670467
200409,ipsc_reprogramming: Plant Surface Properties and Treatments,0.2439112485811288,-0.0315540994538081
200410,ipsc_reprogramming: Plant tissue culture and regeneration,-0.0171690464024352,0.0942368915861145
200411,ipsc_reprogramming: Plant-Microbe Interactions and Immunity,-0.2126141864449479,-0.8098424732956152
200412,ipsc_reprogramming: Plant-based Medicinal Research,-0.0879476333040858,0.0070602308020023
200413,ipsc_reprogramming: Platelet Disorders and Treatments,-0.0333574248513789,0.0237611532651819
200414,ipsc_reprogramming: Pluripotent Stem Cells Research,-0.0017163140381458,0.0079083740095956
200415,ipsc_reprogramming: Point mutation,0.726920339731027,-0.448513766212808
200416,ipsc_reprogramming: Polyamine Metabolism and Applications,-0.1770437649718504,-0.80822194592805
200417,ipsc_reprogramming: Polymer Surface Interaction Studies,-0.0175343359185427,0.108234152483713
200418,ipsc_reprogramming: Polyomavirus and related diseases,-0.1063900676415176,0.1024104428636298
200419,ipsc_reprogramming: Porphyrin Metabolism and Disorders,0.1034702036831813,-0.0488615242932864
200420,ipsc_reprogramming: Power System Optimization and Stability,0.8575303851280608,0.4784420947554178
200421,ipsc_reprogramming: Pregnancy and preeclampsia studies,0.573414252920406,-0.6036936198280367
200422,ipsc_reprogramming: Prenatal Screening and Diagnostics,-0.034251412392661,0.027588421982061
200423,ipsc_reprogramming: Prenatal Substance Exposure Effects,0.0159748170493395,-0.0762837800589012
200424,ipsc_reprogramming: Prion Diseases and Protein Misfolding,0.1118957863824542,-0.0081391212085416
200425,ipsc_reprogramming: Private Equity and Venture Capital,-0.1052946023504451,0.0026012737351282
200426,ipsc_reprogramming: Prostate Cancer Treatment and Research,-0.0381750756551502,-0.0083554868862641
200427,ipsc_reprogramming: Protease and Inhibitor Mechanisms,0.0487544369917409,-0.035432734274576
200428,ipsc_reprogramming: Protein Degradation and Inhibitors,-0.0417211509449388,0.013953556727626
200429,ipsc_reprogramming: Protein Kinase Regulation and GTPase Signaling,-0.0277843175295044,0.1116496063378735
200430,ipsc_reprogramming: Protein Tyrosine Phosphatases,0.0081116304105381,0.0219989431753419
200431,ipsc_reprogramming: Proteoglycans and glycosaminoglycans research,0.0240607050585708,0.0480424883082351
200432,ipsc_reprogramming: Pulmonary Hypertension Research and Treatments,0.0471446567477362,0.0023689324785476
200433,ipsc_reprogramming: Quantum Dots Synthesis And Properties,-0.0095037886826085,-0.103659356105547
200434,ipsc_reprogramming: RNA Interference and Gene Delivery,-0.0018480345535057,0.0078879313977445
200435,ipsc_reprogramming: RNA Research and Splicing,-0.0106268190414842,-0.0068405959197714
200436,ipsc_reprogramming: RNA and protein synthesis mechanisms,-0.0422203782166002,0.0280061769635876
200437,ipsc_reprogramming: RNA modifications and cancer,0.0069597760390511,0.0249547325714814
200438,ipsc_reprogramming: RNA regulation and disease,-0.0019935738490854,-0.0141025715130765
200439,"ipsc_reprogramming: Rabbits: Nutrition, Reproduction, Health",-0.1538160861596307,0.0263450796385806
200440,ipsc_reprogramming: Radar Systems and Signal Processing,0.3812121870625216,0.7462317845055019
200441,ipsc_reprogramming: Radiopharmaceutical Chemistry and Applications,-0.786549809698473,-0.2754605649140159
200442,ipsc_reprogramming: Reading and Literacy Development,0.523338599374372,0.6543592616421824
200443,ipsc_reprogramming: Receptor Mechanisms and Signaling,0.0560333475294718,-0.0124985790372013
200444,ipsc_reprogramming: Reconstructive Facial Surgery Techniques,-0.1102627202043783,-0.0237802560630902
200445,ipsc_reprogramming: Religious Education and Schools,0.7494105548345641,0.6768099750933286
200446,ipsc_reprogramming: Renal Diseases and Glomerulopathies,-0.0612654742498235,-0.0761112296882389
200447,ipsc_reprogramming: Renal and related cancers,-0.0037550360590043,-0.0018277790441541
200448,ipsc_reprogramming: Renin-Angiotensin System Studies,-0.3382125444091639,0.0460191893428055
200449,ipsc_reprogramming: Reproductive Biology and Fertility,-0.0179245033982478,0.0095637533303395
200450,ipsc_reprogramming: Reproductive Health and Technologies,0.1138174999636868,0.11877963342149
200451,ipsc_reprogramming: Reproductive Physiology in Livestock,0.3010271306420985,-0.7858892621941297
200452,ipsc_reprogramming: Reproductive System and Pregnancy,-0.0443754790400379,0.0084031961743029
200453,ipsc_reprogramming: Reproductive tract infections research,-0.05880703814506,0.0882264683787918
200454,ipsc_reprogramming: Research on Leishmaniasis Studies,0.1291175642447538,0.0706798980456003
200455,ipsc_reprogramming: Respiratory viral infections research,0.0778229205524846,0.0814722961858133
200456,ipsc_reprogramming: Retinal Development and Disorders,0.0056264842569463,0.0124428972455907
200457,ipsc_reprogramming: Retinal Diseases and Treatments,-0.0341631882891928,0.0611756548827891
200458,ipsc_reprogramming: Retinoids in leukemia and cellular processes,-0.0234849838418278,0.0432705982107465
200459,ipsc_reprogramming: Rheumatoid Arthritis Research and Therapies,-0.5693099578442558,-0.1665960555266911
200460,ipsc_reprogramming: Rural development and sustainability,0.7393838046754985,-0.3322171644898284
200461,ipsc_reprogramming: S100 Proteins and Annexins,-0.1861098574763915,0.1314422550780518
200462,ipsc_reprogramming: SARS-CoV-2 and COVID-19 Research,-0.0039649665855952,0.0526011909105017
200463,ipsc_reprogramming: Sarcoma Diagnosis and Treatment,-0.5857771420685972,-0.5782855776952283
200464,ipsc_reprogramming: Science Education and Pedagogy,-0.5890082625056285,0.566212082902261
200465,"ipsc_reprogramming: Science, Research, and Medicine",-0.0589747118445998,0.0195221319567775
200466,ipsc_reprogramming: Selenium in Biological Systems,-0.4361022048785796,-0.6982563176759161
200467,ipsc_reprogramming: Sepsis Diagnosis and Treatment,0.1779998981439141,-0.1138832211040237
200468,ipsc_reprogramming: Sexual Differentiation and Disorders,0.0612458829582229,-0.2697777082091679
200469,ipsc_reprogramming: Sexual function and dysfunction studies,0.1055109099052422,-0.1900465183835095
200470,ipsc_reprogramming: Signaling Pathways in Disease,0.0056346968854899,-0.026668213900741
200471,ipsc_reprogramming: Silk-based biomaterials and applications,-0.0034365966574491,0.0949541161410353
200472,ipsc_reprogramming: Simulation Techniques and Applications,-0.0935687815438067,-0.8392849898299495
200473,ipsc_reprogramming: Single-cell and spatial transcriptomics,-0.0009581071676727,-0.0068393456065418
200474,ipsc_reprogramming: Sirtuins and Resveratrol in Medicine,0.0329925017980067,0.0254689584387079
200475,ipsc_reprogramming: Skin Protection and Aging,0.0642364212597773,-0.0697231029191161
200476,ipsc_reprogramming: Skin and Cellular Biology Research,0.0016806718967715,0.0375870231645037
200477,ipsc_reprogramming: Sleep and Wakefulness Research,0.1257515220288952,-0.1547040262663732
200478,ipsc_reprogramming: Smoking Behavior and Cessation,0.064625455100999,0.1534203282659743
200479,ipsc_reprogramming: Social Sciences and Policies,0.5214099608393264,0.6668818108854475
200480,ipsc_reprogramming: Space Science and Extraterrestrial Life,0.8525937302062047,0.2851230363380196
200481,ipsc_reprogramming: Spaceflight effects on biology,-0.0770340517978559,0.0193843560143512
200482,ipsc_reprogramming: Spanish Linguistics and Language Studies,0.6773104348756326,-0.4696441266134202
200483,ipsc_reprogramming: Spanish Literature and Culture Studies,0.454440914714727,0.7795638228942606
200484,ipsc_reprogramming: Spectroscopy Techniques in Biomedical and Chemical Research,-0.0304589928713595,0.0259684151070416
200485,ipsc_reprogramming: Sperm and Testicular Function,0.0218347609667331,0.0285000162878752
200486,ipsc_reprogramming: Sphingolipid Metabolism and Signaling,0.0397820217334601,0.1001978019608569
200487,ipsc_reprogramming: Spinal Cord Injury Research,0.0423965961268205,-0.0076609498492371
200488,ipsc_reprogramming: Spinal Dysraphism and Malformations,0.0180279778110873,-0.0474031062152858
200489,ipsc_reprogramming: Spine and Intervertebral Disc Pathology,0.0204516449952289,-0.0151932180465587
200490,ipsc_reprogramming: Statistical Methods in Clinical Trials,0.0240306799652723,0.0972771388288261
200491,ipsc_reprogramming: Stochastic Gradient Optimization Techniques,-0.7073413740080305,0.4845431894335844
200492,ipsc_reprogramming: Stress Responses and Cortisol,0.1328952164368607,-0.2081668910174275
200493,ipsc_reprogramming: Stroke Rehabilitation and Recovery,0.0440454399577089,0.1306325434278952
200494,ipsc_reprogramming: Stroma,0.3204986887407847,0.8940505506855709
200495,ipsc_reprogramming: Sugarcane Cultivation and Processing,0.2116180894614007,-0.8471517480987505
200496,ipsc_reprogramming: Sulfur Compounds in Biology,0.2510378158643424,0.906743533473184
200497,ipsc_reprogramming: Supramolecular Self-Assembly in Materials,0.0433190189804209,0.0031446600679338
200498,ipsc_reprogramming: T-cell and B-cell Immunology,0.0431116224170607,0.0253229647052886
200499,ipsc_reprogramming: T-cell and Retrovirus Studies,-0.0235395420642203,0.0676219611440342
200500,ipsc_reprogramming: TGF-β signaling in diseases,-0.0336828661849999,0.0207371163359746
200501,ipsc_reprogramming: Takotsubo Cardiomyopathy and Associated Phenomena,0.0428195896974661,0.0596895072258854
200502,ipsc_reprogramming: Teacher Education and Leadership Studies,-0.7759533936804701,0.3358096989712434
200503,ipsc_reprogramming: Technology Assessment and Management,0.1477058743361292,-0.0993697178518796
200504,"ipsc_reprogramming: Telomeres, Telomerase, and Senescence",-0.0062394459579499,0.024468464525301
200505,ipsc_reprogramming: Tendon Structure and Treatment,-0.0471635039286381,0.0272665278830468
200506,ipsc_reprogramming: Terahertz technology and applications,0.0974802899592592,0.2126230242456074
200507,ipsc_reprogramming: Teratomas and Epidermoid Cysts,0.7953875698007908,-0.2743932801908325
200508,ipsc_reprogramming: Testicular diseases and treatments,0.0187055959092201,-0.0146035412379088
200509,ipsc_reprogramming: Thyroid Disorders and Treatments,0.058236274308146,0.0446909281010491
200510,ipsc_reprogramming: Tissue Engineering and Regenerative Medicine,-0.0083731161702749,0.008239713121459
200511,ipsc_reprogramming: Toxic Organic Pollutants Impact,0.0817855721657535,0.048398938865744
200512,ipsc_reprogramming: Toxin Mechanisms and Immunotoxins,-0.8451110929980442,0.1845028476363891
200513,ipsc_reprogramming: Trace Elements in Health,0.0145001840831825,0.0416747348262997
200514,ipsc_reprogramming: Tracheal and airway disorders,-0.0592094597936356,0.0312454866763905
200515,ipsc_reprogramming: Transportation Safety and Impact Analysis,0.6184366008605866,-0.5138767489946452
200516,ipsc_reprogramming: Traumatic Brain Injury Research,0.0875504164444049,-0.119322224362131
200517,ipsc_reprogramming: Traumatic Brain Injury and Neurovascular Disturbances,-0.0542148907450437,-0.0539847327689566
200518,ipsc_reprogramming: Trypanosoma species research and implications,-0.0931596155250956,-0.0001456176665703
200519,ipsc_reprogramming: Tryptophan and brain disorders,0.1168678871009992,-0.1192300481114065
200520,ipsc_reprogramming: Tuberculosis Research and Epidemiology,0.0025079492372398,0.1443084210422312
200521,ipsc_reprogramming: Tuberous Sclerosis Complex Research,-0.0878398098549828,-0.0428056633554972
200522,ipsc_reprogramming: Tumors and Oncological Cases,-0.1127451790723122,0.0801597231506365
200523,ipsc_reprogramming: Ubiquitin and proteasome pathways,-0.0431474694470362,-0.0281145195345944
200524,ipsc_reprogramming: Ultrasound and Hyperthermia Applications,0.1157786003339634,0.0248075619673765
200525,ipsc_reprogramming: Urologic and reproductive health conditions,-0.426467795117432,0.7293512515968142
200526,ipsc_reprogramming: VLSI and FPGA Design Techniques,0.622178738020941,0.5658771198357891
200527,ipsc_reprogramming: Vascular Malformations Diagnosis and Treatment,-0.1378469711271093,0.178775371312527
200528,ipsc_reprogramming: Vestibular and auditory disorders,0.1409807994541801,-0.1256572632103595
200529,ipsc_reprogramming: Video Coding and Compression Technologies,-0.6597110190566661,-0.6320558148058673
200530,ipsc_reprogramming: Viral Infections and Immunology Research,-0.0679734279901706,0.0184137446680177
200531,ipsc_reprogramming: Viral Infections and Outbreaks Research,0.0988031547715658,-0.0617022958665891
200532,ipsc_reprogramming: Viral Infectious Diseases and Gene Expression in Insects,-0.0278619378372896,-0.0020705970409702
200533,ipsc_reprogramming: Virology and Viral Diseases,0.1562724627312619,0.1706699243922985
200534,ipsc_reprogramming: Virus-based gene therapy research,0.0071306371385207,0.0269810633184821
200535,ipsc_reprogramming: Vitamin C and Antioxidants Research,-0.0770736794653549,-0.0086931477836317
200536,ipsc_reprogramming: Vitamin D Research Studies,0.2000868524694821,0.1100600749463097
200537,ipsc_reprogramming: Williams Syndrome Research,0.0300838284842706,-0.004487471433299
200538,ipsc_reprogramming: Wireless Body Area Networks,-0.0759706377226695,0.1999266909102044
200539,ipsc_reprogramming: Wnt/β-catenin signaling in development and cancer,-0.0077441349799724,0.0341068224079101
200540,ipsc_reprogramming: Wound Healing and Treatments,-0.0249325459702166,-0.0004315127231032
200541,ipsc_reprogramming: Xenotransplantation and immune response,-0.0571689892668592,0.0402213619176839
200542,ipsc_reprogramming: Zebrafish Biomedical Research Applications,-0.0095706151999838,0.0207023341790477
200543,ipsc_reprogramming: biodegradable polymer synthesis and properties,-0.0796994488567631,-0.056538845164897
200544,ipsc_reprogramming: bioluminescence and chemiluminescence research,-0.1206388341017442,0.029716642482251
200545,ipsc_reprogramming: dental development and anomalies,-0.0270723183315672,-0.0322122935019677
200546,ipsc_reprogramming: interferon and immune responses,-0.0252929847760825,0.1364234633927502
200547,ipsc_reprogramming: melanin and skin pigmentation,-0.0048807250094557,-0.0250093558656181
200548,ipsc_reprogramming: scientometrics and bibliometrics research,-0.136673903910513,0.1491406104487229
200549,ipsc_reprogramming: semigroups and automata theory,-0.6482810292962295,-0.4720959549338276
200550,ipsc_reprogramming: stochastic dynamics and bifurcation,0.2141209640716823,-0.2519466359147425
300000,transformer_foundation_models: 14-3-3 protein interactions,0.6921102869434602,-0.5524612067176791
300001,transformer_foundation_models: 3D Shape Modeling and Analysis,0.0455371415597546,-0.0056534052778705
300002,transformer_foundation_models: 3D Surveying and Cultural Heritage,0.0114041653788735,0.0502798211045735
300003,transformer_foundation_models: AI and HR Technologies,0.0350162283306938,0.095120464325203
300004,transformer_foundation_models: AI in Service Interactions,-0.0189539205879606,-0.0871462965298236
300005,transformer_foundation_models: AI in cancer detection,-0.0095071594319353,-0.0282954684794831
300006,transformer_foundation_models: AI-based Problem Solving and Planning,-0.0657109652371607,-0.0572497940247093
300007,transformer_foundation_models: Academic integrity and plagiarism,-0.0274224111513718,-0.0371986795287157
300008,transformer_foundation_models: Access Control and Trust,-0.7186617326772907,-0.4198015711394373
300009,transformer_foundation_models: Acoustic Wave Phenomena Research,-0.957191709922494,-0.2284555852292974
300010,transformer_foundation_models: Actinomycetales infections and treatment,0.8509173208466476,-0.4252353369991355
300011,transformer_foundation_models: Action Observation and Synchronization,-0.1451317720444628,-0.025346721689491
300012,transformer_foundation_models: Adaptive Control of Nonlinear Systems,-0.7445228914554425,-0.6662484044064334
300013,transformer_foundation_models: Adaptive Dynamic Programming Control,-0.0118530394477838,0.1911286283014854
300014,transformer_foundation_models: Adipose Tissue and Metabolism,-0.9214833199419884,0.4414865875940093
300015,transformer_foundation_models: Advanced Clustering Algorithms Research,-0.1232910517051664,0.0386550753876327
300016,transformer_foundation_models: Advanced Combinatorial Mathematics,0.8440836393120087,0.1224472619391522
300017,transformer_foundation_models: Advanced Computational Techniques and Applications,0.1303343825930448,0.2277993265754677
300018,transformer_foundation_models: Advanced DC-DC Converters,-0.9196385139680672,-0.3475314029682415
300019,transformer_foundation_models: Advanced Data Compression Techniques,0.0691842422522821,-0.01077080723413
300020,transformer_foundation_models: Advanced Data Processing Techniques,-0.0546145087743881,-0.0547311180584998
300021,transformer_foundation_models: Advanced Database Systems and Queries,0.0900626206681883,-0.0143209966499542
300022,transformer_foundation_models: Advanced Graph Neural Networks,0.0197916489968283,-0.0298101680218121
300023,transformer_foundation_models: Advanced Image Fusion Techniques,-0.0964199750241909,0.1101418810113893
300024,transformer_foundation_models: Advanced Image Processing Techniques,0.0090693555032147,-0.0052048121028133
300025,transformer_foundation_models: Advanced Image and Video Retrieval Techniques,0.0272207248480425,-0.0307611942833948
300026,transformer_foundation_models: Advanced MEMS and NEMS Technologies,-0.5939544026926005,-0.7215703495610274
300027,transformer_foundation_models: Advanced MIMO Systems Optimization,0.1463622988290867,-0.1017405239661601
300028,transformer_foundation_models: Advanced MRI Techniques and Applications,-0.0943770663129029,-0.0871663587319494
300029,transformer_foundation_models: Advanced Malware Detection Techniques,0.0291064643306342,0.0129540450045036
300030,transformer_foundation_models: Advanced Memory and Neural Computing,0.0255910715530393,-0.016527360642544
300031,transformer_foundation_models: Advanced NMR Techniques and Applications,0.873174349888886,-0.2017511825763614
300032,transformer_foundation_models: Advanced Neural Network Applications,0.0109683050584248,-0.0195047054962264
300033,transformer_foundation_models: Advanced Neuroimaging Techniques and Applications,-0.0206091969473229,0.835338429031807
300034,transformer_foundation_models: Advanced Proteomics Techniques and Applications,-0.0701036326445705,-0.1297502931351814
300035,transformer_foundation_models: Advanced Software Engineering Methodologies,-0.0037228584010775,-0.9644232862045226
300036,transformer_foundation_models: Advanced Steganography and Watermarking Techniques,0.0487427854298442,-0.0152179869269146
300037,transformer_foundation_models: Advanced Surface Polishing Techniques,-0.4958724182225436,0.7868092394341233
300038,transformer_foundation_models: Advanced Text Analysis Techniques,0.0365207005454316,-0.0632794862465831
300039,transformer_foundation_models: Advanced Vision and Imaging,0.0195198453813996,-0.0271711891226244
300040,transformer_foundation_models: Advanced Wireless Communication Techniques,0.9823161350876034,-0.0688460939539987
300041,transformer_foundation_models: Advanced biosensing and bioanalysis techniques,-0.7909054891331827,0.5131551547390362
300042,transformer_foundation_models: Advancements in PLL and VCO Technologies,-0.5915134443638245,-0.6767330496849169
300043,transformer_foundation_models: Adversarial Robustness in Machine Learning,0.0192900626517506,-0.0551675601556102
300044,transformer_foundation_models: Agronomic Practices and Intercropping Systems,0.1109772563583169,-0.706880640307952
300045,transformer_foundation_models: Air Quality Monitoring and Forecasting,0.1016917387099455,-0.0325981168478293
300046,transformer_foundation_models: Air Quality and Health Impacts,-0.6223624186349828,-0.7457749227799391
300047,transformer_foundation_models: Algorithms and Data Compression,0.0319403530702932,-0.0609705598534145
300048,transformer_foundation_models: Alzheimer's disease research and treatments,-0.173391990251014,0.1402803351898101
300049,transformer_foundation_models: American Constitutional Law and Politics,0.8100239389669053,0.2648058175575343
300050,transformer_foundation_models: Amino Acid Enzymes and Metabolism,0.3008303571790798,0.9046370710829132
300051,transformer_foundation_models: Anaerobic Digestion and Biogas Production,-0.2008164004495432,0.086884219327661
300052,transformer_foundation_models: Analytical chemistry methods development,0.7496961898145256,-0.5357943655482253
300053,transformer_foundation_models: Animal Disease Management and Epidemiology,0.383766944272162,-0.8213263767357787
300054,transformer_foundation_models: Animal Genetics and Reproduction,-0.4963558978150289,-0.8321705801415012
300055,transformer_foundation_models: Animal Virus Infections Studies,0.5505351392695909,-0.749859379876438
300056,transformer_foundation_models: Animal Vocal Communication and Behavior,-0.798508610012314,-0.5122381493533258
300057,transformer_foundation_models: Anomaly Detection Techniques and Applications,0.0041803602407692,-0.0011242868945794
300058,transformer_foundation_models: Antenna Design and Optimization,-0.6372211730605404,0.4962908676059014
300059,transformer_foundation_models: Anthropological Studies and Insights,0.627677835344891,-0.6382441017035906
300060,transformer_foundation_models: Antibiotic Resistance in Bacteria,-0.1517567092073682,0.0258898282229417
300061,transformer_foundation_models: Antimicrobial Peptides and Activities,0.0936906323195392,-0.139173767353556
300062,transformer_foundation_models: Antimicrobial Resistance in Staphylococcus,-0.6435578721559233,-0.4709999993406343
300063,"transformer_foundation_models: Anxiety, Depression, Psychometrics, Treatment, Cognitive Processes",-0.2675699005690325,-0.5990776078351117
300064,transformer_foundation_models: Approximation Theory and Sequence Spaces,-0.5915024126751954,0.6836426534857034
300065,transformer_foundation_models: Aquaculture disease management and microbiota,0.4772833251167914,-0.7623889998212556
300066,transformer_foundation_models: Aquatic Ecosystems and Biodiversity,-0.5453215614294826,-0.7556249643329678
300067,transformer_foundation_models: Aquatic Invertebrate Ecology and Behavior,0.2106627967481318,0.8257379020802869
300068,transformer_foundation_models: Architecture and Computational Design,0.851227588484058,0.4761067495325625
300069,transformer_foundation_models: Art Education and Development,-0.0273586369658188,0.0563159457373916
300070,transformer_foundation_models: Artificial Intelligence in Games,-0.008295412324537,-0.0595346273990619
300071,transformer_foundation_models: Artificial Intelligence in Healthcare and Education,-0.0023478262223157,-0.0494810705259543
300072,transformer_foundation_models: Artificial Intelligence in Law,-0.0204422772135714,-0.0586760383413798
300073,transformer_foundation_models: Asphalt Pavement Performance Evaluation,-0.5350025410958069,-0.6777809390831048
300074,transformer_foundation_models: Assistive Technology in Communication and Mobility,-0.3966756417049911,-0.8669166579562587
300075,transformer_foundation_models: Astrophysics and Star Formation Studies,0.3436984076521326,-0.912764372157984
300076,transformer_foundation_models: Attachment and Relationship Dynamics,-0.1969855566474509,-0.6553519522819625
300077,transformer_foundation_models: Attention Deficit Hyperactivity Disorder,-0.1922175323034438,-0.4804947659351432
300078,"transformer_foundation_models: Auditing, Earnings Management, Governance",-0.152582478852345,-0.0046893670614847
300079,transformer_foundation_models: Authorship Attribution and Profiling,0.041993687954395,-0.000233253977118
300080,transformer_foundation_models: Autism Spectrum Disorder Research,0.0049488825621228,-0.370737309996283
300081,transformer_foundation_models: Autonomous Vehicle Technology and Safety,0.040437584256699,0.0164176139462474
300082,transformer_foundation_models: BIM and Construction Integration,0.0926651514396221,0.0237574074301628
300083,transformer_foundation_models: Bacterial Genetics and Biotechnology,0.4596896368718369,-0.8608328329940299
300084,transformer_foundation_models: Bacterial Identification and Susceptibility Testing,0.9213612973537608,0.1698703728378622
300085,transformer_foundation_models: Bacterial Infections and Vaccines,0.8889529010433385,0.1265833540089948
300086,transformer_foundation_models: Bacteriophages and microbial interactions,0.0059623473529862,0.0772768212040889
300087,"transformer_foundation_models: Balance, Gait, and Falls Prevention",-0.8259607297669976,0.4011485369432522
300088,transformer_foundation_models: Banana Cultivation and Research,-0.3641559232560857,-0.8643585909330332
300089,transformer_foundation_models: Bayesian Methods and Mixture Models,0.054612147799861,-0.043985986088529
300090,transformer_foundation_models: Bayesian Modeling and Causal Inference,0.0108870478849635,-0.1343307155458894
300091,transformer_foundation_models: Behavioral and Psychological Studies,0.799705249633264,-0.4714777853385867
300092,transformer_foundation_models: Biblical Studies and Interpretation,-0.898641079924288,-0.2061510547243977
300093,transformer_foundation_models: Big Data Technologies and Applications,0.0567194487656787,0.0502072444020399
300094,transformer_foundation_models: Biochemical Analysis and Sensing Techniques,0.1317775973130014,-0.5251043905101881
300095,transformer_foundation_models: Biochemical and Molecular Research,-0.489876194875715,-0.7611341493482363
300096,transformer_foundation_models: Biochemical and Structural Characterization,-0.6314514954063417,-0.2187063318344111
300097,transformer_foundation_models: Bioenergy crop production and management,0.4581429067779561,0.4629389382675434
300098,transformer_foundation_models: Biofuel production and bioconversion,0.7873661701017822,0.3801581419366637
300099,transformer_foundation_models: Bioinformatics and Genomic Networks,-0.0489930867863828,-0.0002260361915085
300100,transformer_foundation_models: Biomedical Text Mining and Ontologies,0.0113934990527637,-0.0305738076301046
300101,transformer_foundation_models: Biomedical and Engineering Education,-0.0291746970281422,-0.0116751901808552
300102,transformer_foundation_models: Bipolar Disorder and Treatment,-0.0782023568255968,-0.1421245259866446
300103,transformer_foundation_models: Black Holes and Theoretical Physics,-0.0558509700614424,0.1221354450517588
300104,transformer_foundation_models: Bladder and Urothelial Cancer Treatments,0.8324859620872735,0.3365803968331747
300105,transformer_foundation_models: Blind Source Separation Techniques,0.1487253342784913,-0.0624135981046738
300106,transformer_foundation_models: Blood groups and transfusion,-0.4396305052576763,0.8863731661803022
300107,transformer_foundation_models: Bone health and treatments,-0.9055707979242664,0.2565025252014972
300108,transformer_foundation_models: Brain Tumor Detection and Classification,0.0324198087043201,-0.0093889236157732
300109,transformer_foundation_models: Bryophyte Studies and Records,-0.7523796979706195,-0.4732787348493801
300110,transformer_foundation_models: Building Energy and Comfort Optimization,-0.0786485506517514,-0.0913224173706213
300111,transformer_foundation_models: Business Process Modeling and Analysis,-0.022549573491645,-0.0285100974228737
300112,transformer_foundation_models: CCD and CMOS Imaging Sensors,-0.031714074783973,-0.0737124206660703
300113,transformer_foundation_models: COVID-19 diagnosis using AI,-0.0323729121245387,-0.042083701808172
300114,transformer_foundation_models: CRISPR and Genetic Engineering,0.7185725780382456,0.5257201499063276
300115,transformer_foundation_models: Caching and Content Delivery,0.0713048475424095,-0.0315248168089298
300116,transformer_foundation_models: Calcium Carbonate Crystallization and Inhibition,-0.0722587729915168,0.0236092812087974
300117,transformer_foundation_models: Cancer and biochemical research,0.7775599521370281,-0.3694290479067447
300118,transformer_foundation_models: Cancer therapeutics and mechanisms,0.2712140629149328,-0.859662454334834
300119,transformer_foundation_models: Cancer-related Molecular Pathways,-0.4352755285508499,0.658335972166501
300120,transformer_foundation_models: Cancer-related molecular mechanisms research,0.0067720517797594,0.0314633979288015
300121,transformer_foundation_models: Carbohydrate Chemistry and Synthesis,0.7401770099309587,-0.4168363545710702
300122,transformer_foundation_models: Carbon dioxide utilization in catalysis,-0.3931222655399868,0.7254353114080179
300123,transformer_foundation_models: Cardiac pacing and defibrillation studies,0.6759814744420014,0.628245496527062
300124,transformer_foundation_models: Cardiomyopathy and Myosin Studies,-0.8391342939650737,-0.5185934131513031
300125,"transformer_foundation_models: Categorization, perception, and language",-0.0421781975435237,-0.1990132299893159
300126,transformer_foundation_models: Cell Image Analysis Techniques,-0.006706600201338,0.0413254846043724
300127,transformer_foundation_models: Cellular and Composite Structures,0.2296216877292049,0.4797194400957217
300128,transformer_foundation_models: Cerebral Palsy and Movement Disorders,-0.7889856565164428,0.564193836225983
300129,transformer_foundation_models: Cerebrospinal fluid and hydrocephalus,-0.6906177451678542,-0.7258458905474406
300130,transformer_foundation_models: Chaos control and synchronization,-0.0737582364922158,0.9530098898083332
300131,transformer_foundation_models: Chaos-based Image/Signal Encryption,-0.4429527574649859,0.840325694830847
300132,transformer_foundation_models: Chemical Analysis and Environmental Impact,-0.7678762757010575,0.6252744008541533
300133,transformer_foundation_models: Chemical Synthesis and Analysis,-0.2582064765001573,0.2391678118243612
300134,transformer_foundation_models: Chemokine receptors and signaling,0.0284688153061912,-0.8994479987522684
300135,transformer_foundation_models: Child Development and Digital Technology,0.1068204768620822,-0.0807327911565808
300136,transformer_foundation_models: Child and Adolescent Psychosocial and Emotional Development,0.4038627443113388,0.8664083868697044
300137,transformer_foundation_models: Child and Animal Learning Development,0.0222714816476772,-0.143588887886082
300138,transformer_foundation_models: Cholinesterase and Neurodegenerative Diseases,-0.5512317428818037,0.6938764591415213
300139,transformer_foundation_models: Chromosomal and Genetic Variations,-0.0637915472767716,0.1034198610904623
300140,transformer_foundation_models: Chronic Disease Management Strategies,-0.0957259791669645,0.0555983436094545
300141,transformer_foundation_models: Cinema and Media Studies,0.7302321905727542,0.4786055455383757
300142,transformer_foundation_models: Civil and Geotechnical Engineering Research,-0.7440141573818374,0.3164882650496121
300143,transformer_foundation_models: Climate Change Policy and Economics,-0.9000738823785865,-0.415314864154563
300144,transformer_foundation_models: Clinical Reasoning and Diagnostic Skills,0.0037657937812448,-0.1113069031332365
300145,transformer_foundation_models: Clinical practice guidelines implementation,-0.0806802715594338,-0.0546961371606454
300146,transformer_foundation_models: Cloud Computing and Resource Management,-0.0357552883349039,-0.0990033650110237
300147,transformer_foundation_models: Cloud Data Security Solutions,-0.086870714499776,-0.0283720464235036
300148,transformer_foundation_models: Coding theory and cryptography,0.0951748024771956,-0.8984032262841595
300149,transformer_foundation_models: Cognitive Functions and Memory,0.5986575540113755,-0.734749925154727
300150,transformer_foundation_models: Cognitive Science and Education Research,0.1728855481604128,-0.2236610288231299
300151,transformer_foundation_models: Cognitive and developmental aspects of mathematical skills,-0.1638564018385173,-0.4634998882355329
300152,transformer_foundation_models: Color perception and design,-0.6617121870756084,-0.5314659948597099
300153,transformer_foundation_models: Complex Network Analysis Techniques,-0.0234483771653771,0.0096810746664109
300154,transformer_foundation_models: Complex Systems and Time Series Analysis,-0.9529801718295896,-0.1723734830729105
300155,transformer_foundation_models: Composite Material Mechanics,0.3960357461760377,0.3700205541294528
300156,transformer_foundation_models: Composite Structure Analysis and Optimization,0.1474663078475196,0.5206294226834856
300157,"transformer_foundation_models: Computability, Logic, AI Algorithms",0.0145645104792821,0.0072003028164208
300158,transformer_foundation_models: Computational Drug Discovery Methods,-0.0025324442080851,-0.0394628565827855
300159,transformer_foundation_models: Computational Physics and Python Applications,0.0225022071250488,-0.0877603059186863
300160,transformer_foundation_models: Computational and Text Analysis Methods,0.0146335638068314,-0.0814508179867661
300161,transformer_foundation_models: Congenital Diaphragmatic Hernia Studies,-0.8110514112812767,-0.1535015434286182
300162,transformer_foundation_models: Consumer Behavior in Brand Consumption and Identification,0.548760602226288,0.6516988095081683
300163,transformer_foundation_models: Context-Aware Activity Recognition Systems,0.1107673618556039,-0.0552919662509999
300164,transformer_foundation_models: Coral and Marine Ecosystems Studies,-0.8522219262839551,-0.0717816289722651
300165,transformer_foundation_models: Coronary Interventions and Diagnostics,0.5472149577926693,-0.6827390968461766
300166,"transformer_foundation_models: Counseling, Therapy, and Family Dynamics",-0.8275927247606267,-0.3356373419505645
300167,transformer_foundation_models: Creativity in Education and Neuroscience,-0.0655066781148478,0.0815850851844473
300168,transformer_foundation_models: Crime Patterns and Interventions,-0.1997610686872573,0.9220052322810708
300169,transformer_foundation_models: Crustacean biology and ecology,-0.8192294070636249,-0.2679382684701736
300170,transformer_foundation_models: Cryptographic Implementations and Security,-0.7906828372223775,-0.6809314554521276
300171,transformer_foundation_models: Cryptography and Data Security,0.7584932607728465,0.4925694516289745
300172,transformer_foundation_models: Cultural Differences and Values,0.0145221623549287,-0.0966170150119296
300173,transformer_foundation_models: Cutaneous Melanoma Detection and Management,-0.0078520070979233,-0.1197566657634872
300174,transformer_foundation_models: Cystic Fibrosis Research Advances,0.812467327109047,-0.6276196696298203
300175,transformer_foundation_models: Cytokine Signaling Pathways and Interactions,0.0744850191737953,0.0855571625608681
300176,transformer_foundation_models: DNA Repair Mechanisms,0.4462333368886687,-0.9006429036534969
300177,transformer_foundation_models: DNA and Nucleic Acid Chemistry,0.830050910479429,-0.3449651851188079
300178,transformer_foundation_models: Dam Engineering and Safety,0.855771835786215,0.2269479212855884
300179,transformer_foundation_models: Data Management and Algorithms,0.0815261859297267,-0.0267615996717261
300180,transformer_foundation_models: Data Mining Algorithms and Applications,0.0532732933260181,-0.0911054523224007
300181,transformer_foundation_models: Data Quality and Management,-0.0038409284841657,-0.0159662273044691
300182,transformer_foundation_models: Data Visualization and Analytics,0.0703582050450317,-0.0437890741984223
300183,transformer_foundation_models: Data-Driven Disease Surveillance,0.0588344129574991,-0.116670361125853
300184,transformer_foundation_models: Death Anxiety and Social Exclusion,-0.2131122775391077,-0.6819680324878695
300185,transformer_foundation_models: Deception detection and forensic psychology,0.1225162943265973,-0.0828302502786634
300186,transformer_foundation_models: Decision-Making and Behavioral Economics,0.020610651497326,-0.1796797915022713
300187,transformer_foundation_models: Dementia and Cognitive Impairment Research,0.063673785075218,0.0258150671344353
300188,transformer_foundation_models: Demographic Trends and Gender Preferences,0.7962048168469177,-0.5363030615245841
300189,transformer_foundation_models: Design Education and Practice,0.0593583840395163,-0.0597817540560012
300190,transformer_foundation_models: Developmental Biology and Gene Regulation,-0.1127378235923134,0.1341040669679573
300191,transformer_foundation_models: Diamond and Carbon-based Materials Research,0.6921392113266084,0.5948192505472445
300192,transformer_foundation_models: Diatoms and Algae Research,-0.5469833452582641,0.8150800530912125
300193,"transformer_foundation_models: Diet, Metabolism, and Disease",0.9027745875172356,-0.4227599242005339
300194,transformer_foundation_models: Digital Accessibility for Disabilities,0.0929908543200298,-0.1089602443985868
300195,transformer_foundation_models: Digital Communication and Language,0.0608084964841188,0.0585127282905416
300196,transformer_foundation_models: Digital Games and Media,0.057187800819591,-0.1079191317007797
300197,transformer_foundation_models: Digital Marketing and Social Media,0.0158638081306616,-0.1357635561329382
300198,transformer_foundation_models: Digital Media Forensic Detection,-0.0229272258669876,-0.0004012698083305
300199,transformer_foundation_models: Digital Mental Health Interventions,-0.0314398090279543,-0.0991119428170209
300200,transformer_foundation_models: Digital Rights Management and Security,-0.0252926293745894,-0.0506565719180952
300201,transformer_foundation_models: Digital Storytelling and Education,0.0787823966268002,-0.1348180280010384
300202,transformer_foundation_models: Digital Transformation in Industry,0.1982322079833651,-0.1078716821720959
300203,transformer_foundation_models: Digital and Cyber Forensics,-0.0119744510334516,0.0331818329336536
300204,transformer_foundation_models: Digital literacy in education,-0.0632299808352968,-0.1615755394671227
300205,transformer_foundation_models: Discourse Analysis in Language Studies,-0.6476785588082177,-0.6152479719821469
300206,transformer_foundation_models: Distributed Sensor Networks and Detection Algorithms,0.1395283330411694,0.0337740162187348
300207,transformer_foundation_models: Distributed and Parallel Computing Systems,0.1062605321640354,-0.0284128737336114
300208,transformer_foundation_models: Diverse Scientific and Economic Studies,0.3622231158469379,0.7858170429313284
300209,transformer_foundation_models: Domain Adaptation and Few-Shot Learning,0.0087811955724852,-0.0434325668898308
300210,transformer_foundation_models: Drilling and Well Engineering,0.7703378622320567,-0.458650662377224
300211,transformer_foundation_models: Dynamics and Control of Mechanical Systems,0.3410110616997698,0.0560632332833227
300212,transformer_foundation_models: ECG Monitoring and Analysis,0.1038415073223892,-0.0643057932981795
300213,transformer_foundation_models: EEG and Brain-Computer Interfaces,0.0495305420207371,-0.1038633313639199
300214,transformer_foundation_models: EFL/ESL Teaching and Learning,-0.1201165031449808,0.0360582208011308
300215,transformer_foundation_models: Eating Disorders and Behaviors,0.7839782868209306,0.339588757845941
300216,transformer_foundation_models: Echinoderm biology and ecology,-0.5664090775169147,0.4564719994447331
300217,transformer_foundation_models: Economic Growth and Productivity,-0.1390558535930403,-0.124334274282307
300218,transformer_foundation_models: Economic Theory and Policy,0.618574142297785,0.666697319130774
300219,transformer_foundation_models: Education and Technology Integration,0.9124583257369826,-0.3506996943140284
300220,transformer_foundation_models: Educational Games and Gamification,-0.052448008737293,-0.0715677724750557
300221,transformer_foundation_models: Educational Innovations and Challenges,-0.0693033151447718,-0.0387759046057971
300222,transformer_foundation_models: Educational Technology and Assessment,0.33195666681425,0.7756790444031474
300223,transformer_foundation_models: Elasticity and Material Modeling,0.359484473420927,0.3512005306171382
300224,transformer_foundation_models: Electoral Systems and Political Participation,0.0175166341123871,-0.1065913486515462
300225,transformer_foundation_models: Electric Power Systems and Control,-0.8280000924730626,-0.5808067324312102
300226,transformer_foundation_models: Electromagnetic Simulation and Numerical Methods,-0.5382893144244695,0.7619588705614059
300227,transformer_foundation_models: Electronic Health Records Systems,-0.4543547171078524,-0.7319519925774699
300228,transformer_foundation_models: Electronic Packaging and Soldering Technologies,-0.920573315314807,0.0119659048915961
300229,transformer_foundation_models: Embedded Systems Design Techniques,-0.8650323973884931,0.3087245772615082
300230,transformer_foundation_models: Emergency and Acute Care Studies,-0.4612341534722463,0.6364990305136718
300231,transformer_foundation_models: Emotion and Mood Recognition,0.0356083778472601,-0.061581723483412
300232,transformer_foundation_models: Emotions and Moral Behavior,-0.4115882770796316,-0.7212818273721909
300233,transformer_foundation_models: Empathy and Medical Education,-0.3903255871293247,-0.6896961807936386
300234,transformer_foundation_models: Endometriosis Research and Treatment,-0.4230594343617586,0.9180150953171622
300235,transformer_foundation_models: Energy Efficient Wireless Sensor Networks,0.1251680700600038,0.0014850502124504
300236,transformer_foundation_models: Energy Load and Power Forecasting,0.0657473905311889,-0.0304323732390589
300237,transformer_foundation_models: Environmental Chemistry and Analysis,0.3407081596106204,-0.7815067871801372
300238,transformer_foundation_models: Environmental Engineering and Cultural Studies,0.8023847312442133,0.4672458385689254
300239,transformer_foundation_models: Environmental Sustainability in Business,0.4978134170921365,-0.6244313769715316
300240,transformer_foundation_models: Enzyme Catalysis and Immobilization,-0.7484318614055561,-0.3746433025101993
300241,transformer_foundation_models: Enzyme Production and Characterization,0.1799166002374272,-0.9288067943806332
300242,transformer_foundation_models: Enzyme Structure and Function,0.8244500578812293,-0.1606526196377408
300243,transformer_foundation_models: Epigenetics and DNA Methylation,0.6715684338016452,0.4481325886095637
300244,transformer_foundation_models: Erythropoietin and Anemia Treatment,0.971777331758625,-0.1783602624892772
300245,transformer_foundation_models: Escherichia coli research studies,-0.6626351110346522,0.6713804286099574
300246,transformer_foundation_models: Estrogen and related hormone effects,-0.8935781366253288,-0.0499181233457222
300247,transformer_foundation_models: Ethics and Social Impacts of AI,0.0217787525475173,-0.069822408483166
300248,transformer_foundation_models: European and International Law Studies,0.7774533945644494,0.6338379091849232
300249,transformer_foundation_models: Evacuation and Crowd Dynamics,0.1099989394746561,-0.0007074758083225
300250,transformer_foundation_models: Evaluation and Performance Assessment,0.2286411976674075,-0.8527112111473159
300251,transformer_foundation_models: Evolution and Genetic Dynamics,-0.6570525840616382,0.5220935078698221
300252,transformer_foundation_models: Evolution and Paleontology Studies,-0.949402466425696,0.0650826287741788
300253,transformer_foundation_models: Evolutionary Algorithms and Applications,-0.1156174540439722,-0.1493230677028812
300254,transformer_foundation_models: Evolutionary Game Theory and Cooperation,-0.024249542243399,-0.1463012328111657
300255,transformer_foundation_models: Expert finding and Q&A systems,0.0394776312337518,-0.0686511540054204
300256,transformer_foundation_models: Explainable Artificial Intelligence (XAI),-0.0015723563069688,-0.0645188349009373
300257,transformer_foundation_models: Face Recognition and Perception,-0.1178704431801139,-0.2566888060645224
300258,transformer_foundation_models: Face and Expression Recognition,0.137934193494216,-0.0325812331130512
300259,transformer_foundation_models: Face recognition and analysis,0.0061688514183552,0.021708382934748
300260,transformer_foundation_models: Family and Disability Support Research,-0.7761641359326543,-0.5887120877914712
300261,transformer_foundation_models: Fatigue and fracture mechanics,0.9245295931374844,-0.2185915446162012
300262,transformer_foundation_models: Fault Detection and Control Systems,0.0362920283230665,-0.0915383984948841
300263,transformer_foundation_models: Ferroelectric and Negative Capacitance Devices,0.0077099770406882,-0.0650704035934778
300264,"transformer_foundation_models: FinTech, Crowdfunding, Digital Finance",-0.0096786871799093,-0.0828225151743917
300265,transformer_foundation_models: Financial Markets and Investment Strategies,-0.0859052112732224,-0.0496346254199667
300266,transformer_foundation_models: Financial Reporting and Valuation Research,0.8508687112317587,0.1539055320547572
300267,transformer_foundation_models: Fiscal Policy and Economic Growth,-1.0,-0.0209011191068409
300268,transformer_foundation_models: Fish Ecology and Management Studies,-0.1766901507431068,0.7986829853520275
300269,transformer_foundation_models: Flood Risk Assessment and Management,0.1581884994203459,-0.0028789596089158
300270,transformer_foundation_models: Fluid Dynamics and Vibration Analysis,0.0973520119763672,0.5136101384802322
300271,transformer_foundation_models: Food composition and properties,0.9261162482644508,-0.2999757279738575
300272,transformer_foundation_models: Force Microscopy Techniques and Applications,0.3127959797044136,0.827336897789262
300273,transformer_foundation_models: Forecasting Techniques and Applications,0.0829828130635267,-0.134864416016205
300274,transformer_foundation_models: Forensic and Genetic Research,0.1860888382753954,-0.8887032493491966
300275,transformer_foundation_models: Forest Insect Ecology and Management,0.7401701779644659,0.4093728105473492
300276,transformer_foundation_models: Forest Management and Policy,0.1125451973105404,-0.0191888340304597
300277,transformer_foundation_models: Forest ecology and management,-0.7637217804125761,0.2493083510659764
300278,transformer_foundation_models: Formal Methods in Verification,-0.7433892361120092,0.6018164911306723
300279,transformer_foundation_models: Fractal and DNA sequence analysis,-0.1036460052591266,0.1847451957456466
300280,transformer_foundation_models: French Urban and Social Studies,0.804127732104228,-0.2579278851799503
300281,transformer_foundation_models: Freshwater macroinvertebrate diversity and ecology,0.2364125843314926,0.9492486184035268
300282,transformer_foundation_models: Fuel Cells and Related Materials,0.2119617871799518,-0.0041869671173146
300283,transformer_foundation_models: Fullerene Chemistry and Applications,0.5661721201471576,0.6929334768016414
300284,transformer_foundation_models: Functional Brain Connectivity Studies,0.939118802144194,-0.154542463732583
300285,transformer_foundation_models: Fungal Biology and Applications,0.2684443182206364,0.8872221273294951
300286,transformer_foundation_models: Fungal and yeast genetics research,0.299135835614374,-0.8353366928106022
300287,transformer_foundation_models: Fuzzy Logic and Control Systems,0.1481541525398164,-0.0693950765226739
300288,transformer_foundation_models: Gait Recognition and Analysis,0.1113092665926184,-0.1180713519839388
300289,"transformer_foundation_models: Galaxies: Formation, Evolution, Phenomena",0.4742922476735223,0.742770835400725
300290,transformer_foundation_models: Gamma-ray bursts and supernovae,-0.3001368141464394,-0.945029917442321
300291,transformer_foundation_models: Gaze Tracking and Assistive Technology,-0.0302243539516042,-0.1684951792934101
300292,transformer_foundation_models: Gender Roles and Identity Studies,0.0386742000430393,-0.2405669451570072
300293,transformer_foundation_models: Gender Studies in Language,0.1338497312529611,-0.0410510821169886
300294,"transformer_foundation_models: Gender, Feminism, and Media",-0.0516608553149944,0.0335789204481309
300295,"transformer_foundation_models: Gender, Labor, and Family Dynamics",0.4553414822086244,-0.8278258928543892
300296,transformer_foundation_models: Gene Regulatory Network Analysis,0.5521620663272856,0.8210421676881172
300297,transformer_foundation_models: Gene expression and cancer classification,-0.2197164855220428,-0.0301446302567958
300298,transformer_foundation_models: Generative Adversarial Networks and Image Synthesis,0.0230704601758939,-0.0154953917520818
300299,transformer_foundation_models: Genetic Associations and Epidemiology,0.4406163003755895,-0.7602765895716936
300300,transformer_foundation_models: Genetic Mapping and Diversity in Plants and Animals,0.4280317089933738,0.4922914677538034
300301,transformer_foundation_models: Genetic and Environmental Crop Studies,-0.9165655977443448,0.191357375435839
300302,transformer_foundation_models: Genetic and Kidney Cyst Diseases,0.2282640361529198,-0.9126545470668624
300303,transformer_foundation_models: Genetic and phenotypic traits in livestock,-0.0752141063490148,-0.0783578571426466
300304,transformer_foundation_models: Genetic diversity and population structure,0.1868624207449026,0.0675858688745475
300305,transformer_foundation_models: Genetic factors in colorectal cancer,-0.1341303195907593,0.1295898521119223
300306,"transformer_foundation_models: Genetics, Bioinformatics, and Biomedical Research",-0.8162467727816931,-0.0607496317585743
300307,transformer_foundation_models: Genome Rearrangement Algorithms,-0.2114106585351557,0.0242868708487495
300308,transformer_foundation_models: Genomic variations and chromosomal abnormalities,-0.3654096982898764,-0.9015107190922572
300309,transformer_foundation_models: Genomics and Chromatin Dynamics,-0.0370453405374155,-0.0592228504398445
300310,transformer_foundation_models: Genomics and Phylogenetic Studies,-0.049391678602023,0.0132135108155935
300311,transformer_foundation_models: Genomics and Rare Diseases,-0.0565406910325437,0.0204677102689869
300312,transformer_foundation_models: Geographic Information Systems Studies,0.0581830302142976,-0.0409790103153917
300313,transformer_foundation_models: Geological and Geophysical Studies Worldwide,-0.4203918778709168,0.6317971468498794
300314,transformer_foundation_models: Geological formations and processes,-0.2157308841229457,0.8407769514289175
300315,transformer_foundation_models: Geology and Paleoclimatology Research,-0.2272672302093048,0.8720972475380457
300316,transformer_foundation_models: Geophysical and Geoelectrical Methods,-0.6871614241736214,-0.563649921260754
300317,transformer_foundation_models: Geotechnical Engineering and Analysis,-0.7696188002699731,0.3913955405700668
300318,transformer_foundation_models: Geotechnical Engineering and Soil Mechanics,0.2341950293192862,0.4457193229645109
300319,transformer_foundation_models: Geotechnical Engineering and Soil Stabilization,0.4767235188413048,0.5896747698392026
300320,transformer_foundation_models: Geotechnical Engineering and Underground Structures,0.3299623308652356,0.3844511042578655
300321,transformer_foundation_models: Glaucoma and retinal disorders,-0.6931231210843252,0.4431285644270923
300322,transformer_foundation_models: Global Educational Policies and Reforms,-0.5711508468674508,0.5853836629581425
300323,transformer_foundation_models: Globalization and Cultural Identity,0.8998359534886952,0.3411533973471204
300324,transformer_foundation_models: Glycosylation and Glycoproteins Research,-0.1007949148492134,-0.1819402273960758
300325,transformer_foundation_models: Graph Theory and Algorithms,0.0063138067071954,0.011708444110508
300326,transformer_foundation_models: Green IT and Sustainability,-0.0377357725124131,-0.0219926457565457
300327,transformer_foundation_models: Growth and nutrition in plants,-0.0743605445942901,-0.9306437096126552
300328,transformer_foundation_models: Gut microbiota and health,-0.635849178022855,-0.2140812904728183
300329,transformer_foundation_models: HIV Research and Treatment,0.7391547191609542,-0.6424946139888856
300330,transformer_foundation_models: Hand Gesture Recognition Systems,0.0520440401552326,-0.0759608284576413
300331,transformer_foundation_models: Handwritten Text Recognition Techniques,0.0524117405874651,-0.0289977688410635
300332,transformer_foundation_models: Hate Speech and Cyberbullying Detection,0.0037527052308199,-0.0604906467304364
300333,transformer_foundation_models: Health Literacy and Information Accessibility,-0.0430130683616431,-0.1639525040150251
300334,transformer_foundation_models: Health disparities and outcomes,-0.8169357659226125,0.3003580322543755
300335,transformer_foundation_models: Healthcare Decision-Making and Restraints,-0.4563483917399634,0.5962799940487521
300336,"transformer_foundation_models: Healthcare cost, quality, practices",-0.0351082931916797,-0.010200632271669
300337,transformer_foundation_models: Hearing Impairment and Communication,-0.1305774908059158,-0.3807336665038422
300338,transformer_foundation_models: Hearing Loss and Rehabilitation,-0.8798525744886767,0.0136291719822235
300339,transformer_foundation_models: Heat shock proteins research,-0.6736805659440538,0.3421055752634187
300340,transformer_foundation_models: Helicobacter pylori-related gastroenterology studies,0.5497549314496125,-0.5444389811921495
300341,transformer_foundation_models: Hepatitis B Virus Studies,0.0985613485294255,0.9108745729541646
300342,transformer_foundation_models: Hepatitis C virus research,-0.669894670673733,-0.7727691125794337
300343,transformer_foundation_models: Hepatitis Viruses Studies and Epidemiology,-0.2423883404032436,-0.8677855082669907
300344,transformer_foundation_models: Hermeneutics and Narrative Identity,0.0806366814810774,-0.0595264117186508
300345,transformer_foundation_models: High Altitude and Hypoxia,0.2582458343780358,-0.9550774013692892
300346,transformer_foundation_models: History and advancements in chemistry,0.026658282492456,0.942395289187324
300347,transformer_foundation_models: Horticultural and Viticultural Research,-0.1123275400017509,-0.956835759100045
300348,transformer_foundation_models: Housing Market and Economics,0.0854041308108989,0.0128326251926281
300349,transformer_foundation_models: Human Mobility and Location-Based Analysis,-0.0046088336403186,-0.0959110569040276
300350,transformer_foundation_models: Human Motion and Animation,-0.0566162752340019,0.0134260318234878
300351,transformer_foundation_models: Human Pose and Action Recognition,-0.001197699520877,-0.0359706453084503
300352,transformer_foundation_models: Human-Automation Interaction and Safety,0.5454058530365339,0.7225994580519643
300353,transformer_foundation_models: Hydrological Forecasting Using AI,0.1267063243826776,-0.0703552779696024
300354,transformer_foundation_models: Identification and Quantification in Food,0.0371765343737302,-0.0148557080518543
300355,transformer_foundation_models: Image Processing and 3D Reconstruction,0.1875280491708837,-0.1367674475117538
300356,transformer_foundation_models: Image Retrieval and Classification Techniques,-0.020258615336846,-0.0318149522902734
300357,transformer_foundation_models: Image and Video Quality Assessment,0.3357727243409972,0.8495372891152414
300358,transformer_foundation_models: Imbalanced Data Classification Techniques,-0.1050453093726355,-0.1662204487483321
300359,transformer_foundation_models: Indoor and Outdoor Localization Technologies,0.151470929523922,-0.967230389081878
300360,transformer_foundation_models: Industrial Vision Systems and Defect Detection,0.0948446665328883,-0.0465032547136381
300361,transformer_foundation_models: Infectious Diseases and Mycology,0.7403330875175972,-0.6909220348635495
300362,transformer_foundation_models: Influenza Virus Research Studies,-0.9452891682995423,0.2418372803869506
300363,transformer_foundation_models: Information Retrieval and Search Behavior,0.0323832265883663,-0.0454208059808847
300364,transformer_foundation_models: Information Technology Governance and Strategy,-0.0116603864537012,-0.892186261518621
300365,transformer_foundation_models: Information and Cyber Security,0.0880616418844986,-0.0857975952703569
300366,transformer_foundation_models: Infrared Target Detection Methodologies,-0.173794729257327,-0.0830972173323633
300367,transformer_foundation_models: Innovation and Knowledge Management,0.6158411758641502,-0.502237250999501
300368,transformer_foundation_models: Innovative Human-Technology Interaction,-0.0791719356007719,-0.0047474151056252
300369,transformer_foundation_models: Innovative Teaching and Learning Methods,-0.167717122262027,-0.0999224118927086
300370,transformer_foundation_models: Insect Pheromone Research and Control,0.8595879997035796,0.1987719862923978
300371,transformer_foundation_models: Insect Resistance and Genetics,-0.1446566514282892,0.8011986252223723
300372,transformer_foundation_models: Insect and Arachnid Ecology and Behavior,-0.5861011364463031,0.7444651802231735
300373,transformer_foundation_models: Insect and Pesticide Research,0.8554877669389352,-0.1277741733477475
300374,transformer_foundation_models: Insect behavior and control techniques,0.6031923032730729,-0.7958464793031604
300375,transformer_foundation_models: Insect symbiosis and bacterial influences,0.744872913143917,0.4493114662873135
300376,transformer_foundation_models: Intellectual Property and Patents,0.0434010905571478,0.0253543186645774
300377,transformer_foundation_models: Intelligent Tutoring Systems and Adaptive Learning,-0.0680407132676845,-0.083729515462725
300378,transformer_foundation_models: Interactive and Immersive Displays,0.0556364428848046,-0.110921233600498
300379,transformer_foundation_models: International Arbitration and Investment Law,0.5212100288627165,-0.8062665979277347
300380,transformer_foundation_models: International Law and Human Rights,0.8602254107685854,-0.1024052805456634
300381,transformer_foundation_models: International Relations and Foreign Policy,-0.0866424054529527,-0.2570928954610885
300382,transformer_foundation_models: International Student and Expatriate Challenges,0.6970122216328531,0.4207158797105882
300383,transformer_foundation_models: Internet Traffic Analysis and Secure E-voting,0.0898245882098826,-0.0714840238066774
300384,transformer_foundation_models: Interpreting and Communication in Healthcare,-0.0685151695986681,-0.0656054633778444
300385,transformer_foundation_models: Invertebrate Immune Response Mechanisms,0.163824945171699,0.9318003123579618
300386,transformer_foundation_models: IoT and Edge/Fog Computing,0.0944648133283937,-0.125426584006936
300387,transformer_foundation_models: IoT and GPS-based Vehicle Safety Systems,0.0266701079148796,0.0442781048098296
300388,transformer_foundation_models: Ion Transport and Channel Regulation,-0.2625430031254762,0.7940487140182089
300389,transformer_foundation_models: Ion channel regulation and function,-0.6164840370197086,0.5261677926207067
300390,transformer_foundation_models: Iterative Learning Control Systems,-0.164102098407975,0.8765457192621127
300391,transformer_foundation_models: Labor Movements and Unions,0.5069633275529299,0.7949137857404255
300392,transformer_foundation_models: Labor market dynamics and wage inequality,-0.4106040841576395,0.7450903259197774
300393,transformer_foundation_models: Land Use and Ecosystem Services,0.1375386997690193,-0.2078900339661668
300394,transformer_foundation_models: Language Development and Disorders,0.0603895235265244,-0.073605823804038
300395,transformer_foundation_models: Language and Culture,0.1421670883136869,-0.0444883637780679
300396,transformer_foundation_models: Language and cultural evolution,0.0113288528954785,-0.0842973300726756
300397,"transformer_foundation_models: Language, Communication, and Linguistic Studies",-0.0906904977583144,-0.8860569894101813
300398,"transformer_foundation_models: Language, Discourse, Communication Strategies",0.1228521364359337,0.0323778665402544
300399,"transformer_foundation_models: Language, Linguistics, Cultural Analysis",0.2446526510151002,0.7846470531942022
300400,"transformer_foundation_models: Language, Metaphor, and Cognition",-0.0714458741941511,-0.011259775299374
300401,"transformer_foundation_models: Law, AI, and Intellectual Property",0.0169165321871866,-0.1016501138811169
300402,transformer_foundation_models: Leaf Properties and Growth Measurement,0.0633502042087948,-0.8099891639585015
300403,transformer_foundation_models: Legal and Constitutional Studies,-0.593787379478899,-0.6096453969118065
300404,transformer_foundation_models: Legume Nitrogen Fixing Symbiosis,-0.6035143401155089,0.7781018807331173
300405,transformer_foundation_models: Lepidoptera: Biology and Taxonomy,-0.3356061215844746,0.7359545915193313
300406,transformer_foundation_models: Limits and Structures in Graph Theory,0.9251414505011608,-0.0180560149268126
300407,transformer_foundation_models: Linguistic Variation and Morphology,-0.2603666508895897,0.944176308243171
300408,transformer_foundation_models: Linguistics and language evolution,0.7429628537994687,0.5813860627891873
300409,transformer_foundation_models: Lipid Membrane Structure and Behavior,0.9169494319044272,0.020602301749572
300410,transformer_foundation_models: Lipid metabolism and biosynthesis,0.6248233488150896,0.7395645409516629
300411,transformer_foundation_models: Listeria monocytogenes in Food Safety,-0.1760818369213629,-0.9247127333179068
300412,"transformer_foundation_models: Logic, Reasoning, and Knowledge",-0.8035666117202681,0.0519376593361077
300413,"transformer_foundation_models: Logic, programming, and type systems",0.8540339467072343,-0.4932511323650352
300414,transformer_foundation_models: Machine Fault Diagnosis Techniques,0.0349046839219991,-0.0022843501573248
300415,transformer_foundation_models: Machine Learning and Algorithms,0.0549727409930704,-0.0703464625640419
300416,transformer_foundation_models: Machine Learning and Data Classification,0.0108430076256923,-0.0224716380405659
300417,transformer_foundation_models: Machine Learning and ELM,0.07014872549937,-0.0190131082408814
300418,transformer_foundation_models: Machine Learning in Bioinformatics,-0.0145920308931596,-0.0023352545632202
300419,transformer_foundation_models: Machine Learning in Healthcare,0.0004992400725872,-0.043110107517435
300420,transformer_foundation_models: Machine Learning in Materials Science,-0.0004040292517622,-0.0338318570505608
300421,transformer_foundation_models: Malaria Research and Control,0.6715499526237162,-0.686340552728092
300422,transformer_foundation_models: Management and Organizational Studies,0.6480860379711798,0.4636939424889151
300423,transformer_foundation_models: Manufacturing Process and Optimization,-0.0153175907499161,-0.0228831388322619
300424,transformer_foundation_models: Marine Bivalve and Aquaculture Studies,0.4111723748934716,-0.7187359099419165
300425,transformer_foundation_models: Marine Invertebrate Physiology and Ecology,-0.1227506869116195,0.910974005063308
300426,transformer_foundation_models: Marine and fisheries research,-0.1374562218994686,0.9621477107365746
300427,transformer_foundation_models: Mass Spectrometry Techniques and Applications,-0.8644446002029097,0.2319676643149775
300428,transformer_foundation_models: Material Properties and Processing,-0.8616509008822708,-0.2428577938350752
300429,transformer_foundation_models: Maternal and fetal healthcare,0.054294060690795,-0.1527547171698421
300430,transformer_foundation_models: Mathematical Analysis and Transform Methods,0.3078418103434807,-0.877019683459991
300431,transformer_foundation_models: Mathematical Dynamics and Fractals,0.3992302828006867,0.745104518846075
300432,transformer_foundation_models: Mathematical functions and polynomials,-0.2761597756332178,-0.91593929146249
300433,"transformer_foundation_models: Mathematics, Computing, and Information Processing",-0.0199745774243357,-0.0320036604603841
300434,transformer_foundation_models: Mechanical Behavior of Composites,0.3014069309850068,0.4358149510390392
300435,transformer_foundation_models: Mechanical stress and fatigue analysis,0.1341200094813578,0.09527238105834
300436,transformer_foundation_models: Mechanics and Biomechanics Studies,-0.7846191285581333,-0.2031091027995764
300437,transformer_foundation_models: Media Influence and Health,0.8479187858700364,0.518222343426806
300438,transformer_foundation_models: Media Influence and Politics,0.0125167656282026,-0.1756250395322019
300439,transformer_foundation_models: Medical Image Segmentation Techniques,-0.0064690030783573,0.0834918621148656
300440,transformer_foundation_models: Medical Imaging Techniques and Applications,-0.0712232511953535,0.0475250080266713
300441,transformer_foundation_models: Medical Imaging and Analysis,-0.0428583923605865,0.0779975031609108
300442,transformer_foundation_models: Medical and Biological Sciences,-0.0927722009547329,0.130200440993657
300443,transformer_foundation_models: Memory Processes and Influences,0.0185634167777505,-0.3640982316628011
300444,transformer_foundation_models: Memory and Neural Mechanisms,-0.0486818173917272,-0.2974511333734175
300445,transformer_foundation_models: Mental Health Research Topics,0.0886320724194402,0.0365667003620847
300446,transformer_foundation_models: Mental Health Treatment and Access,-0.0425262098971646,-0.0848274110441974
300447,transformer_foundation_models: Mental Health via Writing,0.0018118551368686,-0.0754070820445657
300448,transformer_foundation_models: Mesoporous Materials and Catalysis,-0.4854110581460156,0.7204537260205464
300449,transformer_foundation_models: Meta-analysis and systematic reviews,-0.0912517758234263,-0.0681027593917043
300450,transformer_foundation_models: Metal Extraction and Bioleaching,0.492827605335716,0.8419699776606762
300451,transformer_foundation_models: Metalloenzymes and iron-sulfur proteins,0.3441755776816479,-0.9463574625432122
300452,transformer_foundation_models: Meteorological Phenomena and Simulations,0.1962452180876269,-0.0710927395872381
300453,transformer_foundation_models: Methane Hydrates and Related Phenomena,-0.2880240289888154,0.891082071977328
300454,transformer_foundation_models: MicroRNA in disease regulation,-0.1118573724229617,0.0095921963424722
300455,transformer_foundation_models: Microbial Community Ecology and Physiology,-0.0040175817453462,0.2104414739342745
300456,transformer_foundation_models: Microbial Fuel Cells and Bioremediation,0.9591958841610768,-0.2850537826647246
300457,transformer_foundation_models: Microbial Metabolic Engineering and Bioproduction,-0.0098040952836668,0.0814232245481003
300458,transformer_foundation_models: Microbial Metabolites in Food Biotechnology,0.2136297675347425,-0.6340464141238198
300459,transformer_foundation_models: Microbial Natural Products and Biosynthesis,-0.9101838112578312,0.1234967421403503
300460,transformer_foundation_models: Microbial bioremediation and biosurfactants,0.7316959866604622,-0.3352299677191446
300461,transformer_foundation_models: Microbial infections and disease research,-0.7033556795668737,0.5052570728204553
300462,transformer_foundation_models: Microbial metabolism and enzyme function,-0.9572658769827802,0.0130415389354456
300463,transformer_foundation_models: Middle East and Rwanda Conflicts,-0.6956870028246848,-0.6887905726067256
300464,transformer_foundation_models: Mine drainage and remediation techniques,-0.6434381312860723,0.6432111682152953
300465,transformer_foundation_models: Minimally Invasive Surgical Techniques,0.6127709704789646,0.77222675994464
300466,transformer_foundation_models: Misinformation and Its Impacts,0.0169128852765091,-0.0716598666477128
300467,transformer_foundation_models: Mitochondrial Function and Pathology,0.782328528166735,-0.6009686962972375
300468,transformer_foundation_models: Mobile Agent-Based Network Management,0.0792061073521645,-0.2172138701564656
300469,transformer_foundation_models: Mobile Crowdsensing and Crowdsourcing,-0.0042207985079314,-0.0898603746617645
300470,transformer_foundation_models: Model Reduction and Neural Networks,0.0610958394288646,-0.069105268812651
300471,transformer_foundation_models: Model-Driven Software Engineering Techniques,-0.0130623449197955,0.0282430709983857
300472,transformer_foundation_models: Modeling and Simulation Systems,-0.0513850640200434,-0.9701386952478374
300473,transformer_foundation_models: Molecular Biology Techniques and Applications,0.2073290369390207,0.8859534458777176
300474,transformer_foundation_models: Monoclonal and Polyclonal Antibodies Research,-0.0303744716913508,0.0304836770386038
300475,transformer_foundation_models: Morphological variations and asymmetry,0.8548600455035648,-0.549606795272302
300476,transformer_foundation_models: Motor Control and Adaptation,-0.0566950570446698,0.906916048255602
300477,transformer_foundation_models: Multi-Agent Systems and Negotiation,0.0181676661859789,-0.1053782326164413
300478,transformer_foundation_models: Multilingual Education and Policy,0.2162519672965984,0.7991995347543149
300479,transformer_foundation_models: Multimedia Communication and Technology,0.5483175256936602,0.7600692446574076
300480,transformer_foundation_models: Multimodal Machine Learning Applications,0.0165902127638195,-0.0366209041735563
300481,transformer_foundation_models: Multiple Sclerosis Research Studies,-0.7189120338315996,-0.4796276440876262
300482,transformer_foundation_models: Multisensory perception and integration,0.0130334877743536,-0.1925413946923612
300483,transformer_foundation_models: Muscle activation and electromyography studies,0.0540251868374003,0.0998500503606241
300484,transformer_foundation_models: Music History and Culture,0.8424454388658557,0.0432027982116543
300485,transformer_foundation_models: Music Technology and Sound Studies,0.0954133848871809,0.1121173548447449
300486,transformer_foundation_models: Music and Audio Processing,0.0315760508917297,-0.0244942221759092
300487,transformer_foundation_models: Mycorrhizal Fungi and Plant Interactions,-0.957483909563568,-0.0611987866572003
300488,transformer_foundation_models: Mycotoxins in Agriculture and Food,-0.9535592866132344,-0.1177206335656785
300489,transformer_foundation_models: Nail Diseases and Treatments,-0.3507255813689126,-0.8067462869564448
300490,transformer_foundation_models: Nanopore and Nanochannel Transport Studies,-0.082838653958364,0.860387512541291
300491,transformer_foundation_models: Natural Language Processing Techniques,0.0303447410973415,-0.0413903044381096
300492,transformer_foundation_models: Natural Resources and Economic Development,0.1404020217015981,-0.898952427971806
300493,transformer_foundation_models: Neonatal and fetal brain pathology,-0.0516282539422064,0.841162349070171
300494,transformer_foundation_models: Nerve injury and regeneration,0.0664581804340394,0.8222364577567406
300495,transformer_foundation_models: Network Security and Intrusion Detection,0.085286922328551,-0.0681023708466143
300496,transformer_foundation_models: Neural Networks and Applications,0.0221424703034335,-0.0411011403410894
300497,transformer_foundation_models: Neural Networks and Reservoir Computing,0.063871551592339,-0.0246085809478778
300498,transformer_foundation_models: Neural and Behavioral Psychology Studies,-0.02394113264833,-0.2293857960359819
300499,transformer_foundation_models: Neural dynamics and brain function,-0.0087738604970005,-0.1464474581788422
300500,transformer_foundation_models: Neurobiology and Insect Physiology Research,0.8395430195383056,0.4380069213111098
300501,transformer_foundation_models: Neurobiology of Language and Bilingualism,0.0228022326562867,-0.0744493730792485
300502,transformer_foundation_models: Neuroendocrine regulation and behavior,-0.9364739276156164,0.3556084214591749
300503,transformer_foundation_models: Neurofibromatosis and Schwannoma Cases,0.5589584891704039,-0.6233375131472801
300504,transformer_foundation_models: Neurological disorders and treatments,0.0808210651327806,0.9674563435854232
300505,transformer_foundation_models: Neuroscience and Music Perception,0.0106833808668784,-0.2115154110480064
300506,transformer_foundation_models: Neuroscience and Neural Engineering,0.3476535347000252,0.935922272766336
300507,"transformer_foundation_models: Neuroscience, Education and Cognitive Function",0.8493830052588556,-0.2615341619124963
300508,transformer_foundation_models: Nitric Oxide and Endothelin Effects,0.8719784218933321,-0.0387354880379786
300509,transformer_foundation_models: Nonlocal and gradient elasticity in micro/nano structures,0.3807690532292218,0.3279323753510504
300510,transformer_foundation_models: Nuclear reactor physics and engineering,0.0312162730193338,0.0239878274989275
300511,transformer_foundation_models: Numerical methods in engineering,0.8843695328245537,0.0214180030025971
300512,transformer_foundation_models: Nursing Diagnosis and Documentation,-0.0885845672281213,0.116790888029472
300513,"transformer_foundation_models: Nutrition, Genetics, and Disease",0.9337850158910256,0.2927534028781449
300514,transformer_foundation_models: Obsessive-Compulsive Spectrum Disorders,-0.8777472029083686,0.4389363155616772
300515,transformer_foundation_models: Occupational Health and Safety Research,0.1023806379088914,0.0151147151448661
300516,transformer_foundation_models: Oil and Gas Production Techniques,0.0963384530705703,-0.0382069985297388
300517,transformer_foundation_models: Olfactory and Sensory Function Studies,-0.0106562015478112,-0.1896257648376902
300518,transformer_foundation_models: Online Learning and Analytics,0.0729321290799547,-0.066611951044776
300519,transformer_foundation_models: Open Source Software Innovations,-0.0932242136522233,0.0457765894061424
300520,transformer_foundation_models: Optical Network Technologies,-0.8384451875008506,0.0145494493982073
300521,transformer_foundation_models: Optimization and Mathematical Programming,-0.9072243390419068,-0.1405791203764445
300522,transformer_foundation_models: Oral microbiology and periodontitis research,-0.7765911510130143,0.455893030544033
300523,transformer_foundation_models: Origins and Evolution of Life,0.6890913691950421,-0.7243949371834453
300524,transformer_foundation_models: PI3K/AKT/mTOR signaling in cancer,0.7764888406203583,0.5312644377246333
300525,transformer_foundation_models: Pacific and Southeast Asian Studies,-0.3689107129188185,0.7036855303934043
300526,transformer_foundation_models: Pain Management and Placebo Effect,-0.047676922076182,-0.1694464487351607
300527,transformer_foundation_models: Pain Mechanisms and Treatments,-0.4301569092481774,0.7089463169564476
300528,transformer_foundation_models: Paleontology and Evolutionary Biology,-0.2727269483903001,-0.8905167562498739
300529,transformer_foundation_models: Paleontology and Stratigraphy of Fossils,-0.8173055132553675,-0.4484202052242486
300530,transformer_foundation_models: Paleopathology and ancient diseases,-0.7688803673158046,0.1739739404457405
300531,transformer_foundation_models: Parallel Computing and Optimization Techniques,0.0857294601959016,-0.0502891008389347
300532,transformer_foundation_models: Parasite Biology and Host Interactions,-0.0755650523113828,0.1889516076451752
300533,transformer_foundation_models: Parasites and Host Interactions,0.6304834875592686,0.6428612727846837
300534,transformer_foundation_models: Parasitic Infections and Diagnostics,-0.361921518141245,0.8512105427989912
300535,transformer_foundation_models: Parasitic infections in humans and animals,-0.6912490300552105,-0.4091502109537158
300536,transformer_foundation_models: Parental Involvement in Education,0.7443073583206967,0.6173904722202099
300537,transformer_foundation_models: Particle Dynamics in Fluid Flows,0.2669974579921079,0.8190502707439576
300538,transformer_foundation_models: Pasture and Agricultural Systems,-0.6502176317767715,0.7749372586488881
300539,transformer_foundation_models: Peer-to-Peer Network Technologies,0.1113573292987462,0.0517228211868222
300540,transformer_foundation_models: Persona Design and Applications,0.1450361295902822,0.0935212816735232
300541,transformer_foundation_models: Personal Information Management and User Behavior,-0.0727860012942838,-0.2850059254577998
300542,transformer_foundation_models: Personality Disorders and Psychopathology,-0.3263353474111371,0.8226018227788038
300543,transformer_foundation_models: Personality Traits and Psychology,0.0319434458455011,-0.0992175689543852
300544,transformer_foundation_models: Petri Nets in System Modeling,0.0801754507287877,0.8560382804237235
300545,transformer_foundation_models: Pharmaceutical Practices and Patient Outcomes,0.0675841218467792,-0.0560630646281476
300546,transformer_foundation_models: Pharmacovigilance and Adverse Drug Reactions,0.0654670266585418,0.0390108870845592
300547,transformer_foundation_models: Phase-change materials and chalcogenides,0.0137781108559354,0.1397137313877041
300548,transformer_foundation_models: Phonetics and Phonology Research,0.0853895072559542,-0.0041957811825424
300549,transformer_foundation_models: Photonic and Optical Devices,-0.7327262029629897,-0.5167456123321151
300550,transformer_foundation_models: Photosynthetic Processes and Mechanisms,0.2140758698175799,-0.5332797936317294
300551,transformer_foundation_models: Phytase and its Applications,-0.734969481859713,0.6564193288045838
300552,transformer_foundation_models: Phytochemical Studies and Bioactivities,-0.569211483690999,-0.6261838367691279
300553,transformer_foundation_models: Phytochemicals and Antioxidant Activities,0.1692447343099193,-0.6448935517787285
300554,transformer_foundation_models: Phytochemistry and Biological Activities,0.9704145259305644,0.121912832923476
300555,transformer_foundation_models: Phytoplasmas and Hemiptera pathogens,0.3657473419106204,-0.7816121348467634
300556,transformer_foundation_models: Piezoelectric Actuators and Control,-0.8605371856883688,-0.4695989005904409
300557,transformer_foundation_models: Planetary Science and Exploration,-0.6002997678751094,-0.5672887422073222
300558,transformer_foundation_models: Plant Diversity and Evolution,-0.7274294780978162,0.238607270614975
300559,transformer_foundation_models: Plant Ecology and Soil Science,-0.8383492588755157,0.5097944082275618
300560,transformer_foundation_models: Plant Gene Expression Analysis,-0.8199772402128964,-0.0197391605786364
300561,transformer_foundation_models: Plant Molecular Biology Research,0.0533371076124035,-0.2763851329675475
300562,transformer_foundation_models: Plant Parasitism and Resistance,-0.1434930767332601,0.1558854248569802
300563,transformer_foundation_models: Plant Pathogenic Bacteria Studies,-0.2245125380176759,-0.9410303813545946
300564,transformer_foundation_models: Plant Pathogens and Fungal Diseases,0.7219499465486774,-0.4335440688057305
300565,transformer_foundation_models: Plant Pathogens and Resistance,-0.6240624691206548,-0.6378018201656277
300566,transformer_foundation_models: Plant Reproductive Biology,0.154693985517069,-0.6380626341048864
300567,transformer_foundation_models: Plant Stress Responses and Tolerance,0.6384110659219404,-0.5927668707951587
300568,transformer_foundation_models: Plant Surface Properties and Treatments,0.7159220999865306,0.6877442041954975
300569,transformer_foundation_models: Plant Virus Research Studies,0.7350983843809892,-0.5657705761030292
300570,transformer_foundation_models: Plant and Fungal Species Descriptions,-0.837392346838701,0.1766343275379585
300571,transformer_foundation_models: Plant and animal studies,0.2772753231859387,0.0782195971737777
300572,transformer_foundation_models: Plant and fungal interactions,-0.8412621012308182,0.3571340217752015
300573,transformer_foundation_models: Plant nutrient uptake and metabolism,-0.4120225435322374,0.6246766218598008
300574,transformer_foundation_models: Plant tissue culture and regeneration,0.1291834892236937,-0.4304468396037845
300575,transformer_foundation_models: Plant-Microbe Interactions and Immunity,-0.1568892057942535,0.1483057020409484
300576,transformer_foundation_models: Plant-based Medicinal Research,0.0719340036541808,-0.0951520270434315
300577,transformer_foundation_models: Pneumonia and Respiratory Infections,-0.8413985194324439,0.1305701108176197
300578,transformer_foundation_models: Polar Research and Ecology,-0.5008050723938889,0.6495305208308149
300579,transformer_foundation_models: Political Economy and Marxism,0.907540056473848,0.2555395873588255
300580,transformer_foundation_models: Political Philosophy and Ethics,0.7197026775430564,0.3702848062853774
300581,transformer_foundation_models: Political and Social Issues,-0.9018888233987276,-0.2311032308022532
300582,transformer_foundation_models: Polyamine Metabolism and Applications,-0.3101746330061603,-0.7960763310864428
300583,transformer_foundation_models: Pomegranate: compositions and health benefits,-0.814506166168654,0.2404974041211253
300584,transformer_foundation_models: Posttraumatic Stress Disorder Research,-0.3495219463327649,-0.8348985714857606
300585,transformer_foundation_models: Powdery Mildew Fungal Diseases,0.8512971530170693,-0.1977977757589979
300586,transformer_foundation_models: Power Quality and Harmonics,0.0926205416013899,0.0873424058478712
300587,transformer_foundation_models: Power Transformer Diagnostics and Insulation,0.0543791635757842,0.0078899422468511
300588,transformer_foundation_models: Poxvirus research and outbreaks,-0.7566709077475381,-0.5490855508564634
300589,transformer_foundation_models: Primate Behavior and Ecology,-0.0019724391999129,0.0851216939635682
300590,transformer_foundation_models: Prion Diseases and Protein Misfolding,-0.5148095216115972,-0.7638105533944763
300591,"transformer_foundation_models: Privacy, Security, and Data Protection",-0.0329135226194182,-0.074450703751947
300592,transformer_foundation_models: Privacy-Preserving Technologies in Data,0.0321985392899878,-0.0523223618057839
300593,transformer_foundation_models: Probiotics and Fermented Foods,-0.6725863867301775,0.7262580728520636
300594,transformer_foundation_models: Protease and Inhibitor Mechanisms,-0.5740589992315596,0.6242293676644547
300595,transformer_foundation_models: Protein Hydrolysis and Bioactive Peptides,-0.4569237931972335,0.7693473546632732
300596,transformer_foundation_models: Protein Kinase Regulation and GTPase Signaling,0.0452310838261085,-0.9859872313132194
300597,transformer_foundation_models: Protein Structure and Dynamics,-0.0280804065717375,0.0016022433586899
300598,transformer_foundation_models: Protein Tyrosine Phosphatases,-0.4579992069160534,0.6936326586828625
300599,transformer_foundation_models: Protist diversity and phylogeny,-0.0222183685410636,0.1896391984732357
300600,transformer_foundation_models: Psidium guajava Extracts and Applications,-0.6753769125301923,0.3758494289339729
300601,"transformer_foundation_models: Psychiatry, Mental Health, Neuroscience",0.1299639847346856,-0.1680507010502784
300602,transformer_foundation_models: Psychology of Moral and Emotional Judgment,-0.0146374447324888,-0.1401748781453112
300603,transformer_foundation_models: Psychometric Methodologies and Testing,0.3437366917375808,0.6845704248636734
300604,transformer_foundation_models: Psychotherapy Techniques and Applications,-0.7688756497448708,-0.2996598978844824
300605,transformer_foundation_models: Public Relations and Crisis Communication,0.1352760389871007,0.019745544718136
300606,transformer_foundation_models: Pulsars and Gravitational Waves Research,0.0813190700022241,0.0515390446995205
300607,transformer_foundation_models: Qualitative Research Methods and Ethics,-0.7133987652478312,-0.5997055554622861
300608,transformer_foundation_models: Quantum Computing Algorithms and Architecture,0.0245593879527096,0.0013574070148499
300609,transformer_foundation_models: Quantum Information and Cryptography,-0.680543016081841,-0.648145381106725
300610,transformer_foundation_models: Quantum many-body systems,-0.1241159447175655,-0.0216748079228497
300611,transformer_foundation_models: Quasicrystal Structures and Properties,0.6922752559376973,0.557543241698497
300612,transformer_foundation_models: RNA Interference and Gene Delivery,-0.2564026179215831,0.8366369150979823
300613,transformer_foundation_models: RNA Research and Splicing,-0.0433743564782466,0.1318826795174601
300614,transformer_foundation_models: RNA and protein synthesis mechanisms,-0.0176713199581741,0.0112404472230037
300615,transformer_foundation_models: RNA modifications and cancer,-0.0544894372876601,0.063663091933038
300616,"transformer_foundation_models: Rabbits: Nutrition, Reproduction, Health",0.1044873721162195,0.8675297410458923
300617,"transformer_foundation_models: Race, History, and American Society",-0.5686471044565135,0.5155792532975103
300618,transformer_foundation_models: Radiation Dose and Imaging,-0.918946382806758,-0.2628177149042786
300619,transformer_foundation_models: Radio Frequency Integrated Circuit Design,0.2624669675954654,0.8505158413380963
300620,transformer_foundation_models: Radioactive element chemistry and processing,0.6402070965395567,0.7002616667488677
300621,transformer_foundation_models: Radiology practices and education,-0.0422742503202989,-0.1126913593687474
300622,transformer_foundation_models: Radiomics and Machine Learning in Medical Imaging,-0.0190374694097665,-0.0099583147517238
300623,transformer_foundation_models: Railway Engineering and Dynamics,0.3976090569731512,0.3228665939982957
300624,transformer_foundation_models: Reading and Literacy Development,-0.1034925103844948,-0.3004945135746729
300625,transformer_foundation_models: Receptor Mechanisms and Signaling,-0.067967451101681,-0.3204541190689373
300626,transformer_foundation_models: Recommender Systems and Techniques,0.0168511472922128,-0.0409464921027443
300627,transformer_foundation_models: Redox biology and oxidative stress,-0.72226284426659,0.3883563550854541
300628,transformer_foundation_models: Regional Economics and Spatial Analysis,0.6415412978828402,-0.5496569478769271
300629,transformer_foundation_models: Reinforcement Learning in Robotics,-0.0045937447168041,-0.0594567572357398
300630,transformer_foundation_models: Reliability and Maintenance Optimization,-0.3915889038905906,-0.8034884256835355
300631,transformer_foundation_models: Remote Sensing and Land Use,-0.5325547411856346,-0.72102632391098
300632,transformer_foundation_models: Remote Sensing in Agriculture,0.0800913203843749,-0.0130083767980732
300633,transformer_foundation_models: Remote-Sensing Image Classification,0.0331458185738002,-0.0079288307538623
300634,transformer_foundation_models: Renal and related cancers,0.1129613989616326,0.5310555733364689
300635,transformer_foundation_models: Reproductive Biology and Fertility,-0.5785846247332931,0.8318844708357873
300636,transformer_foundation_models: Reproductive biology and impacts on aquatic species,0.8498848136793083,-0.3338765089983475
300637,transformer_foundation_models: Reproductive tract infections research,-0.1237957987689874,-0.8636861148730647
300638,transformer_foundation_models: Research Data Management Practices,-0.6521936287159222,0.5540275518640638
300639,transformer_foundation_models: Research in Cotton Cultivation,-0.4260026657482887,0.8121358501372259
300640,transformer_foundation_models: Reservoir Engineering and Simulation Methods,0.3410416521238738,0.7076886835247064
300641,transformer_foundation_models: Respiratory Support and Mechanisms,-0.8647261193644357,-0.1157157683555416
300642,transformer_foundation_models: Respiratory viral infections research,0.0778447981954513,-0.9488020059663684
300643,transformer_foundation_models: Retinal Development and Disorders,0.1501683289701905,0.5365444880958679
300644,transformer_foundation_models: Retinal Imaging and Analysis,-0.0281463883742864,0.0031796898643136
300645,"transformer_foundation_models: Retirement, Disability, and Employment",0.5922663054919318,0.5508775322093915
300646,transformer_foundation_models: Rheumatoid Arthritis Research and Therapies,0.9932060171776956,0.0237982261500557
300647,transformer_foundation_models: Risk Perception and Management,-0.0394173635678101,-0.0691762949440309
300648,transformer_foundation_models: Risk and Safety Analysis,0.0764498157168879,-0.1138566051976116
300649,transformer_foundation_models: Robot Manipulation and Learning,-0.0002373913727008,0.020616696487067
300650,transformer_foundation_models: Robotic Path Planning Algorithms,0.0364075624871489,-0.1323051118199613
300651,transformer_foundation_models: Robotics and Automated Systems,0.0022163279256137,-0.0825546753718916
300652,transformer_foundation_models: Robotics and Sensor-Based Localization,-0.0919349426878405,-0.043148453278226
300653,transformer_foundation_models: Rough Sets and Fuzzy Logic,0.0182014371472226,-0.1246639341648501
300654,transformer_foundation_models: Ruminant Nutrition and Digestive Physiology,-0.8212744833242053,0.3525550976652913
300655,transformer_foundation_models: Salmonella and Campylobacter epidemiology,-0.6309396894221337,-0.5163175290887227
300656,transformer_foundation_models: Satellite Communication Systems,0.0445172785328081,-0.1293333596286031
300657,transformer_foundation_models: Scheduling and Optimization Algorithms,0.0405778371249072,0.0205020049437632
300658,transformer_foundation_models: Schizophrenia research and treatment,0.930030171450014,-0.0760486794429427
300659,transformer_foundation_models: School Choice and Performance,0.4890080946780851,-0.6841124571325768
300660,"transformer_foundation_models: Science, Research, and Medicine",-0.8368739573049483,0.4324650553295535
300661,transformer_foundation_models: Scientific Computing and Data Management,0.0474517035749013,-0.0603477761194207
300662,transformer_foundation_models: Second Language Acquisition and Learning,-0.1166248735466407,0.0452072184299958
300663,transformer_foundation_models: Second Language Learning and Teaching,0.9074661985089816,0.3920508199555815
300664,transformer_foundation_models: Security and Verification in Computing,0.0348077780264386,-0.102788425452191
300665,transformer_foundation_models: Seed Germination and Physiology,0.4395058314696627,0.8908625960830212
300666,transformer_foundation_models: Seismic Imaging and Inversion Techniques,0.5723778363689485,-0.787998257834734
300667,transformer_foundation_models: Seismic Performance and Analysis,0.427744113809807,0.5529193080261723
300668,transformer_foundation_models: Selenium in Biological Systems,0.8205147148607826,0.5652880295637872
300669,transformer_foundation_models: Semantic Web and Ontologies,0.0321667687150714,-0.0341627481661855
300670,transformer_foundation_models: Sensory Analysis and Statistical Methods,0.7906368159338917,-0.3145083853139937
300671,transformer_foundation_models: Sentiment Analysis and Opinion Mining,0.031726278155981,-0.0495618606374226
300672,transformer_foundation_models: Service-Oriented Architecture and Web Services,-0.0232119138928715,-0.0692319456099567
300673,transformer_foundation_models: Sexual function and dysfunction studies,-0.2618439854489239,-0.6800947575434572
300674,transformer_foundation_models: Short Stories in Global Literature,-0.9251275446462024,0.3052441491279654
300675,transformer_foundation_models: Silicon Carbide Semiconductor Technologies,-0.8442616134959765,-0.1562280065307766
300676,transformer_foundation_models: Simulation Techniques and Applications,-0.034424836023909,-0.0901470017319784
300677,transformer_foundation_models: Simulation and Modeling Applications,-0.6890310517227531,-0.6127282289037842
300678,transformer_foundation_models: Single-cell and spatial transcriptomics,-0.0601571114149004,-0.0087487267049127
300679,transformer_foundation_models: Sirtuins and Resveratrol in Medicine,0.8475068974954587,0.3881940153503551
300680,transformer_foundation_models: Sleep and related disorders,-0.8499972524188263,-0.4176446448652269
300681,transformer_foundation_models: Smart Agriculture and AI,0.0159033538114552,0.0213221779851474
300682,transformer_foundation_models: Smart Grid Energy Management,0.0388998956790156,0.063962598190736
300683,transformer_foundation_models: Smart Grid Security and Resilience,-0.0850920377266378,-0.1062847096102542
300684,transformer_foundation_models: Social Media and Politics,-0.448013207295259,-0.8858366119155527
300685,transformer_foundation_models: Social Robot Interaction and HRI,-0.0424218707388171,-0.0453976922121898
300686,transformer_foundation_models: Social and Cultural Dynamics,-0.0195104259654376,-0.1231485780913193
300687,transformer_foundation_models: Social and Intergroup Psychology,-0.3450844125616145,-0.6945611492827943
300688,transformer_foundation_models: Software Engineering Research,0.009361415732446,-0.0412236644347793
300689,transformer_foundation_models: Software Engineering Techniques and Practices,0.0066230013834064,0.0576482475422446
300690,transformer_foundation_models: Software Engineering and Design Patterns,0.8996398482086793,-0.1224283041977126
300691,transformer_foundation_models: Software System Performance and Reliability,0.0476860081686826,-0.0751329710960682
300692,transformer_foundation_models: Software Testing and Debugging Techniques,0.0029455905884757,-0.0403017004383625
300693,transformer_foundation_models: Solar Radiation and Photovoltaics,0.0972219804300836,-0.0072421211256991
300694,transformer_foundation_models: Solar and Space Plasma Dynamics,-0.7145494047269835,0.7190932256423304
300695,transformer_foundation_models: South African History and Culture,0.9530951712785852,0.2115267817355509
300696,transformer_foundation_models: Spam and Phishing Detection,0.0722251027816207,-0.0462801543325519
300697,transformer_foundation_models: Spatial Cognition and Navigation,-0.0979969337143014,-0.4273190423168558
300698,transformer_foundation_models: Spatial Neglect and Hemispheric Dysfunction,-0.0707033757028421,-0.3210254378550849
300699,transformer_foundation_models: Speech Recognition and Synthesis,0.0346137453157519,-0.0443561531610727
300700,transformer_foundation_models: Speech and Audio Processing,0.0396362664391742,-0.0759236113388891
300701,transformer_foundation_models: Speech and dialogue systems,0.0301459350963063,-0.0574052469286883
300702,transformer_foundation_models: Sphingolipid Metabolism and Signaling,0.7648114273392169,0.3639107761835097
300703,transformer_foundation_models: Spondyloarthritis Studies and Treatments,-0.4397254265614952,-0.8110335437479499
300704,transformer_foundation_models: Sport Psychology and Performance,-0.5712798251726509,0.554919271381789
300705,transformer_foundation_models: Sports Analytics and Performance,-0.2126799739405345,0.7508648566331233
300706,transformer_foundation_models: Sports injuries and prevention,-0.0055955701213016,0.865958374644377
300707,"transformer_foundation_models: Sports, Gender, and Society",0.787897751221903,0.2987066685028097
300708,transformer_foundation_models: Spreadsheets and End-User Computing,-0.0632759706529624,-0.0928945520358107
300709,transformer_foundation_models: Statistical Mechanics and Entropy,0.0781121404815387,-0.1423304161134378
300710,transformer_foundation_models: Statistical Methods in Clinical Trials,-0.6064892250593864,-0.8040707808264885
300711,"transformer_foundation_models: Stellar, planetary, and galactic studies",-0.8218620747580788,-0.3729106540799046
300712,transformer_foundation_models: Stochastic Gradient Optimization Techniques,-0.0495219058507937,-0.0106438241458339
300713,transformer_foundation_models: Stock Market Forecasting Methods,0.0362478299296449,-0.0566112658930071
300714,transformer_foundation_models: Stress Responses and Cortisol,-0.0656525354562304,-0.2955703737614871
300715,transformer_foundation_models: Structural Behavior of Reinforced Concrete,0.3821110878538653,0.4071526922170728
300716,transformer_foundation_models: Structural Health Monitoring Techniques,0.2371842997673445,0.0015775544368277
300717,transformer_foundation_models: Structural Load-Bearing Analysis,-0.3546924168126329,0.9111977510939704
300718,transformer_foundation_models: Studies on Chitinases and Chitosanases,0.8259119229468035,0.2812062249098648
300719,transformer_foundation_models: Stuttering Research and Treatment,0.6863341911866838,-0.656445046560293
300720,transformer_foundation_models: Subtitles and Audiovisual Media,-0.0395302643070755,0.015696945389719
300721,transformer_foundation_models: Sulfur Compounds in Biology,-0.696703651654941,0.5697878938880313
300722,transformer_foundation_models: Surgical Simulation and Training,0.0345874109079656,0.0441237783701287
300723,transformer_foundation_models: Synthesis and Catalytic Reactions,0.3272367269478581,-0.8311963172670379
300724,transformer_foundation_models: Synthesis and Characterization of Pyrroles,-0.3277965288431717,0.7562280692418131
300725,transformer_foundation_models: Synthetic Organic Chemistry Methods,0.7946756821213248,-0.5537708326646954
300726,transformer_foundation_models: Systemic Lupus Erythematosus Research,0.3923208225336063,0.8224972532943235
300727,transformer_foundation_models: Systems Engineering Methodologies and Applications,-0.0861270123007018,0.0267732385530947
300728,transformer_foundation_models: T-cell and B-cell Immunology,0.1710130563116485,-0.1141434593933111
300729,transformer_foundation_models: Tactile and Sensory Interactions,0.0397045519569869,-0.124088545621437
300730,"transformer_foundation_models: Tannin, Tannase and Anticancer Activities",-0.803887408944859,0.6418888374174916
300731,transformer_foundation_models: Teaching and Learning Programming,-0.03329831897083,-0.0514752814575102
300732,transformer_foundation_models: Team Dynamics and Performance,0.9564247762743404,0.0381640024137777
300733,"transformer_foundation_models: Telomeres, Telomerase, and Senescence",-0.3667725511268521,0.7878544667776803
300734,transformer_foundation_models: Tendon Structure and Treatment,-0.8381094681023208,-0.3469150555693119
300735,transformer_foundation_models: Tensor decomposition and applications,0.0857910336056544,-0.0331692708584874
300736,transformer_foundation_models: Text Readability and Simplification,0.0012929067843445,-0.0302019773242636
300737,transformer_foundation_models: Text and Document Classification Technologies,0.0456516644225865,-0.0369081496992638
300738,"transformer_foundation_models: Theater, Performance, and Music History",-0.8006452040163758,0.1476268516653715
300739,transformer_foundation_models: Themes in Literature Analysis,-0.2852438900693414,-0.8629266046914295
300740,transformer_foundation_models: Time Series Analysis and Forecasting,0.0399801868686088,-0.0300777825043184
300741,transformer_foundation_models: Topic Modeling,0.0203066388329413,-0.0453302469130919
300742,transformer_foundation_models: Total Knee Arthroplasty Outcomes,0.5429885664173972,0.5894835813585363
300743,transformer_foundation_models: Trace Elements in Health,0.5847052724428956,0.6003159153959526
300744,transformer_foundation_models: Tracheal and airway disorders,0.0001206720000013,-0.1075512385022798
300745,transformer_foundation_models: Traditional Chinese Medicine Studies,0.0399033688277974,-0.0968992935113706
300746,transformer_foundation_models: Traffic Prediction and Management Techniques,0.0422081822975509,-0.0366297801305688
300747,transformer_foundation_models: Transcranial Magnetic Stimulation Studies,-0.3430398305852746,0.7078876110196528
300748,transformer_foundation_models: Transportation Planning and Optimization,0.1726684706893092,0.8858896547892822
300749,transformer_foundation_models: Traumatic Brain Injury Research,0.7864205385559825,-0.2373318452632365
300750,transformer_foundation_models: Tribology and Lubrication Engineering,-0.1574454279187173,-0.9596958193782316
300751,transformer_foundation_models: Trypanosoma species research and implications,0.8765333564336272,0.07862176631174
300752,transformer_foundation_models: Tumors and Oncological Cases,0.3735868558868473,-0.8705028428984762
300753,transformer_foundation_models: Ubiquitin and proteasome pathways,0.6222503791417122,-0.6677994998241537
300754,transformer_foundation_models: Underwater Acoustics Research,0.0751385571983852,0.0379493207470861
300755,transformer_foundation_models: Usability and User Interface Design,0.0694006346317946,0.0136754480268258
300756,transformer_foundation_models: User Authentication and Security Systems,0.6779689969526174,-0.5107463943717797
300757,transformer_foundation_models: VLSI and Analog Circuit Testing,0.8112439323543227,0.2117243222714252
300758,transformer_foundation_models: VLSI and FPGA Design Techniques,0.6631671484230941,0.7560475147930418
300759,transformer_foundation_models: Vector-Borne Animal Diseases,0.4287420423150507,0.7786439935552192
300760,transformer_foundation_models: Vector-borne infectious diseases,-0.8858542063153757,0.0784832006046496
300761,transformer_foundation_models: Vehicle License Plate Recognition,0.4844964849509343,0.6639939427225482
300762,transformer_foundation_models: Vehicle Routing Optimization Methods,0.194636127389644,-0.1206881181130861
300763,transformer_foundation_models: Vehicle emissions and performance,-0.6925504943965202,0.6126010792992006
300764,transformer_foundation_models: Vestibular and auditory disorders,-0.7506659952087644,-0.3093157702005966
300765,transformer_foundation_models: Veterinary medicine and infectious diseases,-0.6039122360557186,-0.4627727641478528
300766,transformer_foundation_models: Vibration and Dynamic Analysis,0.3867248535381689,0.3142033653957555
300767,transformer_foundation_models: Video Analysis and Summarization,0.0570129396200507,-0.047361935803614
300768,transformer_foundation_models: Video Surveillance and Tracking Methods,0.0402511559007722,-0.0098016610208989
300769,transformer_foundation_models: Viral Infectious Diseases and Gene Expression in Insects,0.8888414754941539,-0.2910313166060808
300770,transformer_foundation_models: Viral gastroenteritis research and epidemiology,-0.8911477085493814,-0.320190376851016
300771,transformer_foundation_models: Viral-associated cancers and disorders,-0.722566555642639,0.4627034084387555
300772,transformer_foundation_models: Virology and Viral Diseases,-0.5480460430178284,-0.8298664829515078
300773,transformer_foundation_models: Virtual Reality Applications and Impacts,0.107935409515107,0.9673866110329972
300774,transformer_foundation_models: Virus-based gene therapy research,0.8332285162269133,-0.3894688685908575
300775,transformer_foundation_models: Visual Attention and Saliency Detection,-0.0100114671386717,-0.0666736719945738
300776,transformer_foundation_models: Visual perception and processing mechanisms,-0.0447668206641723,-0.2068206436972682
300777,transformer_foundation_models: Wastewater Treatment and Nitrogen Removal,0.0452513541460977,0.3482969512676255
300778,transformer_foundation_models: Water Quality Monitoring and Analysis,-0.0567542946798449,-0.0381821667459828
300779,transformer_foundation_models: Wave and Wind Energy Systems,0.1098407123981463,0.7985479211674211
300780,transformer_foundation_models: Web Data Mining and Analysis,0.0266844178781661,-0.0536651175392699
300781,transformer_foundation_models: Wheat and Barley Genetics and Pathology,0.0369374109005618,0.8948289149155996
300782,transformer_foundation_models: Wikis in Education and Collaboration,0.1912237966115821,-0.0528084872496339
300783,transformer_foundation_models: Williams Syndrome Research,-0.2329176675253125,-0.3047807403541088
300784,transformer_foundation_models: Wind Energy Research and Development,0.168199271861682,0.501372701067506
300785,transformer_foundation_models: Wind and Air Flow Studies,-0.0382415683396736,0.5668033262705473
300786,transformer_foundation_models: Wireless Communication Networks Research,0.6474551727039369,-0.7602687718617619
300787,transformer_foundation_models: Wireless Signal Modulation Classification,0.0708025760007953,-0.1243975658062888
300788,transformer_foundation_models: Wound Healing and Treatments,0.7130058016312442,-0.5078502913040444
300789,transformer_foundation_models: Yeasts and Rust Fungi Studies,0.1135492885971821,0.8295805680843054
300790,transformer_foundation_models: biodegradable polymer synthesis and properties,0.8363340649862029,-0.0055763601267093
300791,transformer_foundation_models: bioluminescence and chemiluminescence research,-0.9512839420798964,0.1539302697533288
300792,transformer_foundation_models: demographic modeling and climate adaptation,0.0078192564462626,-0.1692564614761692
300793,transformer_foundation_models: earthquake and tectonic studies,0.6426299724639957,0.5519613015641694
300794,transformer_foundation_models: graph theory and CDMA systems,0.1175562769092768,0.0200051663448681
300795,transformer_foundation_models: semigroups and automata theory,0.894281443859474,0.4554040511856992
300796,transformer_foundation_models: vaccines and immunoinformatics approaches,-0.0228933256009508,0.0143769607868247
