id,short_id,doi,title,year,cited_by_count,primary_topic,community,community_label,display_community,display_label,anchor_label,anchor_citer,reference_stub
https://openalex.org/W2058122340,W2058122340,10.1126/science.1102896,Electric Field Effect in Atomically Thin Carbon Films,2004,66114,Graphene research and applications,31,Tellurium / Semiconductor,0.0,Tellurium / Semiconductor,Novoselov 2004,0,0
https://openalex.org/W2125284466,W2125284466,10.1038/nature04233,Two-dimensional gas of massless Dirac fermions in graphene,2005,21440,Graphene research and applications,0,Graphene / Applications,1.0,Graphene / Applications,,0,0
https://openalex.org/W2118492507,W2118492507,10.1038/nature04235,Experimental observation of the quantum Hall effect and Berry's phase in graphene,2005,13433,Graphene research and applications,0,Graphene / Applications,1.0,Graphene / Applications,,0,0
https://openalex.org/W2134233006,W2134233006,10.1073/pnas.0502848102,Two-dimensional atomic crystals,2005,11569,Graphene research and applications,17,Materials / Two-Dimensional,,,,0,0
https://openalex.org/W2030164271,W2030164271,10.1103/physrevlett.95.226801,Quantum Spin Hall Effect in Graphene,2005,8130,Graphene research and applications,2,Materials / Applications,2.0,Materials / Applications,,0,0
https://openalex.org/W2136334331,W2136334331,10.1103/physrevlett.97.187401,Raman Spectrum of Graphene and Graphene Layers,2006,14915,Graphene research and applications,0,Graphene / Applications,1.0,Graphene / Applications,,0,0
https://openalex.org/W2101977779,W2101977779,10.1038/nature04969,Graphene-based composite materials,2006,12806,Graphene research and applications,0,Graphene / Applications,1.0,Graphene / Applications,,0,0
https://openalex.org/W2102415385,W2102415385,10.1126/science.1125925,Electronic Confinement and Coherence in Patterned Epitaxial Graphene,2006,5515,Graphene research and applications,0,Graphene / Applications,1.0,Graphene / Applications,,0,0
https://openalex.org/W2068824512,W2068824512,10.1038/nphys384,Chiral tunnelling and the Klein paradox in graphene,2006,3893,Graphene research and applications,0,Graphene / Applications,1.0,Graphene / Applications,,0,0
https://openalex.org/W2138159532,W2138159532,10.1126/science.1130681,Controlling the Electronic Structure of Bilayer Graphene,2006,3330,Graphene research and applications,0,Graphene / Applications,1.0,Graphene / Applications,,0,0
https://openalex.org/W2028260084,W2028260084,10.1103/physrevlett.96.086805,Landau-Level Degeneracy and Quantum Hall Effect in a Graphite Bilayer,2006,2067,Graphene research and applications,0,Graphene / Applications,1.0,Graphene / Applications,,0,0
https://openalex.org/W2169767991,W2169767991,10.1016/s1369-7021(06)71788-6,Graphene: carbon in two dimensions,2006,2011,Graphene research and applications,0,Graphene / Applications,1.0,Graphene / Applications,,0,0
https://openalex.org/W1986583880,W1986583880,10.1038/nphys245,Unconventional quantum Hall effect and Berry’s phase of 2π in bilayer graphene,2006,1978,Graphene research and applications,0,Graphene / Applications,1.0,Graphene / Applications,,0,0
https://openalex.org/W2014935324,W2014935324,10.1038/nmat1849,The rise of graphene,2007,39452,Graphene research and applications,0,Graphene / Applications,1.0,Graphene / Applications,,0,0
https://openalex.org/W2060009331,W2060009331,10.1016/j.ssc.2007.03.052,"Raman spectroscopy of graphene and graphite: Disorder, electron–phonon coupling, doping and nonadiabatic effects",2007,7527,Graphene research and applications,0,Graphene / Applications,1.0,Graphene / Applications,,0,0
https://openalex.org/W2119882629,W2119882629,10.1103/physrevlett.98.206805,Energy Band-Gap Engineering of Graphene Nanoribbons,2007,5203,Graphene research and applications,0,Graphene / Applications,1.0,Graphene / Applications,,0,0
https://openalex.org/W2072923279,W2072923279,10.1038/nature05545,The structure of suspended graphene sheets,2007,5011,Graphene research and applications,0,Graphene / Applications,1.0,Graphene / Applications,,0,0
https://openalex.org/W2074684620,W2074684620,10.1021/nl072838r,"Transparent, Conductive Graphene Electrodes for Dye-Sensitized Solar Cells",2007,4443,Graphene research and applications,0,Graphene / Applications,1.0,Graphene / Applications,,0,0
https://openalex.org/W2065062234,W2065062234,10.1021/cm0630800,Single Sheet Functionalized Graphene by Oxidation and Thermal Expansion of Graphite,2007,3545,Graphene research and applications,0,Graphene / Applications,1.0,Graphene / Applications,,0,0
https://openalex.org/W2058957873,W2058957873,10.1021/cr068010r,Graphenes as Potential Material for Electronics,2007,2694,Graphene research and applications,0,Graphene / Applications,1.0,Graphene / Applications,,0,0
https://openalex.org/W2125631448,W2125631448,10.1021/nl061702a,Spatially Resolved Raman Spectroscopy of Single- and Few-Layer Graphene,2007,2518,Graphene research and applications,0,Graphene / Applications,1.0,Graphene / Applications,,0,0
https://openalex.org/W1986980084,W1986980084,10.1038/nnano.2007.300,Carbon-based electronics,2007,2497,Carbon Nanotubes in Composites,0,Graphene / Applications,1.0,Graphene / Applications,,0,0
https://openalex.org/W2113674800,W2113674800,10.1038/nmat2003,Substrate-induced bandgap opening in epitaxial graphene,2007,2383,Graphene research and applications,0,Graphene / Applications,1.0,Graphene / Applications,,0,0
https://openalex.org/W2112304948,W2112304948,10.1021/nl072090c,Electronic Transport Properties of Individual Chemically Reduced Graphene Oxide Sheets,2007,2379,Graphene research and applications,0,Graphene / Applications,1.0,Graphene / Applications,,0,0
https://openalex.org/W2059115869,W2059115869,10.1103/physrevlett.99.236809,Valley-Contrasting Physics in Graphene: Magnetic Moment and Topological Transport,2007,2259,Graphene research and applications,2,Materials / Applications,2.0,Materials / Applications,,0,0
https://openalex.org/W2113467957,W2113467957,10.1103/physrevlett.99.216802,Biased Bilayer Graphene: Semiconductor with a Gap Tunable by the Electric Field Effect,2007,2019,Graphene research and applications,0,Graphene / Applications,1.0,Graphene / Applications,,0,0
https://openalex.org/W2125027354,W2125027354,10.1021/nl0717715,A Chemical Route to Graphene for Device Applications,2007,1958,Graphene research and applications,0,Graphene / Applications,1.0,Graphene / Applications,,0,0
https://openalex.org/W2134985338,W2134985338,10.1063/1.2768624,Making graphene visible,2007,1765,Graphene research and applications,0,Graphene / Applications,1.0,Graphene / Applications,,0,0
https://openalex.org/W1987112649,W1987112649,10.1103/revmodphys.79.677,Electronic and transport properties of nanotubes,2007,1384,Carbon Nanotubes in Composites,0,Graphene / Applications,1.0,Graphene / Applications,,0,0
https://openalex.org/W2146564548,W2146564548,10.1021/nl0731872,Superior Thermal Conductivity of Single-Layer Graphene,2008,13649,Graphene research and applications,0,Graphene / Applications,1.0,Graphene / Applications,,0,0
https://openalex.org/W2149070465,W2149070465,10.1038/nnano.2007.451,Processable aqueous dispersions of graphene nanosheets,2008,9065,Graphene research and applications,0,Graphene / Applications,1.0,Graphene / Applications,,0,0
https://openalex.org/W2125612486,W2125612486,10.1038/nnano.2008.215,High-yield production of graphene by liquid-phase exfoliation of graphite,2008,6186,Graphene research and applications,0,Graphene / Applications,1.0,Graphene / Applications,,0,0
https://openalex.org/W2072836371,W2072836371,10.1021/nl801827v,"Large Area, Few-Layer Graphene Films on Arbitrary Substrates by Chemical Vapor Deposition",2008,5860,Graphene research and applications,0,Graphene / Applications,1.0,Graphene / Applications,,0,0
https://openalex.org/W2087638855,W2087638855,10.1126/science.1150878,"Chemically Derived, Ultrasmooth Graphene Nanoribbon Semiconductors",2008,4792,Graphene research and applications,0,Graphene / Applications,1.0,Graphene / Applications,,0,0
https://openalex.org/W2110835769,W2110835769,10.1038/nnano.2008.67,Monitoring dopants by Raman scattering in an electrochemically top-gated graphene transistor,2008,3577,Graphene research and applications,0,Graphene / Applications,1.0,Graphene / Applications,,0,0
https://openalex.org/W2080880982,W2080880982,10.1103/physrevlett.100.016602,Giant Intrinsic Carrier Mobilities in Graphene and Its Bilayer,2008,3431,Graphene research and applications,0,Graphene / Applications,1.0,Graphene / Applications,,0,0
https://openalex.org/W2056815766,W2056815766,10.1021/ja800745y,Flexible Graphene Films via the Filtration of Water-Soluble Noncovalent Functionalized Graphene Sheets,2008,3237,Graphene research and applications,0,Graphene / Applications,1.0,Graphene / Applications,,0,0
https://openalex.org/W2126934395,W2126934395,10.1038/nnano.2008.58,Intrinsic and extrinsic performance limits of graphene devices on SiO2,2008,3155,Graphene research and applications,0,Graphene / Applications,1.0,Graphene / Applications,,0,0
https://openalex.org/W2113228695,W2113228695,10.1021/nn700375n,Evaluation of Solution-Processed Reduced Graphene Oxide Films as Transparent Conductors,2008,3113,Graphene research and applications,0,Graphene / Applications,1.0,Graphene / Applications,,0,0
https://openalex.org/W1976133755,W1976133755,10.1063/1.2891452,Dyadic Green’s functions and guided surface waves for a surface conductivity model of graphene,2008,2905,Graphene research and applications,0,Graphene / Applications,1.0,Graphene / Applications,,0,0
https://openalex.org/W2028157562,W2028157562,10.1021/nl800957b,Large Reversible Li Storage of Graphene Nanosheet Families for Use in Rechargeable Lithium Ion Batteries,2008,2897,Graphene research and applications,0,Graphene / Applications,1.0,Graphene / Applications,,0,0
https://openalex.org/W2056355037,W2056355037,10.1021/la801744a,Graphene Oxide Dispersions in Organic Solvents,2008,2770,Graphene research and applications,0,Graphene / Applications,1.0,Graphene / Applications,,0,0
https://openalex.org/W2124030055,W2124030055,10.1021/nl080604h,Synthesis of Water Soluble Graphene,2008,2704,Graphene research and applications,0,Graphene / Applications,1.0,Graphene / Applications,,0,0
https://openalex.org/W2106298613,W2106298613,10.1103/physrevlett.101.026803,Doping Graphene with Metal Contacts,2008,2596,Graphene research and applications,2,Materials / Applications,2.0,Materials / Applications,,0,0
https://openalex.org/W2148144129,W2148144129,10.1038/nmat2166,Epitaxial graphene on ruthenium,2008,2333,Graphene research and applications,0,Graphene / Applications,1.0,Graphene / Applications,,0,0
https://openalex.org/W1990589060,W1990589060,10.1021/jp710931h,Facile Synthesis and Characterization of Graphene Nanosheets,2008,2080,Graphene research and applications,0,Graphene / Applications,1.0,Graphene / Applications,,0,0
https://openalex.org/W2078817444,W2078817444,10.1063/1.2907977,Extremely high thermal conductivity of graphene: Prospects for thermal management applications in nanoelectronic circuits,2008,2080,Graphene research and applications,0,Graphene / Applications,1.0,Graphene / Applications,,0,0
https://openalex.org/W2020694967,W2020694967,10.1002/adma.200800757,"Mechanically Strong, Electrically Conductive, and Biocompatible Graphene Paper",2008,2027,Graphene research and applications,0,Graphene / Applications,1.0,Graphene / Applications,,0,0
https://openalex.org/W1967432304,W1967432304,10.1021/nn700349a,Graphene Oxide Papers Modified by Divalent Ions—Enhancing Mechanical Properties <i>via</i> Chemical Cross-Linking,2008,1766,Graphene research and applications,0,Graphene / Applications,1.0,Graphene / Applications,,0,0
https://openalex.org/W2152685429,W2152685429,10.1002/adma.200801306,Deoxygenation of Exfoliated Graphite Oxide under Alkaline Conditions: A Green Route to Graphene Preparation,2008,1753,Graphene research and applications,0,Graphene / Applications,1.0,Graphene / Applications,,0,0
https://openalex.org/W2105685140,W2105685140,10.1103/revmodphys.81.109,The electronic properties of graphene,2009,24584,Graphene research and applications,4,Graphene / Applications,,,,0,0
https://openalex.org/W2135479172,W2135479172,10.1039/b917103g,The chemistry of graphene oxide,2009,11379,Graphene research and applications,0,Graphene / Applications,1.0,Graphene / Applications,,0,0
https://openalex.org/W2099779584,W2099779584,10.1038/nature07719,Large-scale pattern growth of graphene films for stretchable transparent electrodes,2009,10428,Graphene research and applications,0,Graphene / Applications,1.0,Graphene / Applications,,0,0
https://openalex.org/W2057330747,W2057330747,10.1021/cr900070d,Honeycomb Carbon: A Review of Graphene,2009,6960,Advancements in Battery Materials,0,Graphene / Applications,1.0,Graphene / Applications,,0,0
https://openalex.org/W2030677057,W2030677057,10.1038/nnano.2009.58,Chemical methods for the production of graphenes,2009,6617,Graphene research and applications,0,Graphene / Applications,1.0,Graphene / Applications,,0,0
https://openalex.org/W2038754799,W2038754799,10.1016/j.physrep.2009.02.003,Raman spectroscopy in graphene,2009,5975,Graphene research and applications,0,Graphene / Applications,1.0,Graphene / Applications,,0,0
https://openalex.org/W2126421651,W2126421651,10.1126/science.1167130,Control of Graphene's Properties by Reversible Hydrogenation: Evidence for Graphane,2009,4152,Graphene research and applications,0,Graphene / Applications,1.0,Graphene / Applications,,0,0
https://openalex.org/W2072214543,W2072214543,10.1002/anie.200901678,Graphene: The New Two‐Dimensional Nanomaterial,2009,3933,Graphene research and applications,0,Graphene / Applications,1.0,Graphene / Applications,,0,0
https://openalex.org/W1988310931,W1988310931,10.1038/nature07872,Longitudinal unzipping of carbon nanotubes to form graphene nanoribbons,2009,3515,Graphene research and applications,0,Graphene / Applications,1.0,Graphene / Applications,,0,0
https://openalex.org/W1984473516,W1984473516,10.1021/nn901221k,P25-Graphene Composite as a High Performance Photocatalyst,2009,3168,Advanced Photocatalysis Techniques,0,Graphene / Applications,1.0,Graphene / Applications,,0,0
https://openalex.org/W2015673981,W2015673981,10.1021/nl803279t,Synthesis of N-Doped Graphene by Chemical Vapor Deposition and Its Electrical Properties,2009,3071,Graphene research and applications,0,Graphene / Applications,1.0,Graphene / Applications,,0,0
https://openalex.org/W2077263179,W2077263179,10.1021/nl902623y,Transfer of Large-Area Graphene Films for High-Performance Transparent Conductive Electrodes,2009,3071,Graphene research and applications,0,Graphene / Applications,1.0,Graphene / Applications,,0,0
https://openalex.org/W2051105944,W2051105944,10.1038/nnano.2009.292,Ultrafast graphene photodetector,2009,3066,Graphene research and applications,8,Materials / Applications,6.0,Materials / Applications,,0,0
https://openalex.org/W2017611256,W2017611256,10.1002/adma.200902825,Hydrothermal Route for Cutting Graphene Sheets into Blue‐Luminescent Graphene Quantum Dots,2009,2836,Carbon and Quantum Dots Applications,0,Graphene / Applications,1.0,Graphene / Applications,,0,0
https://openalex.org/W2000105557,W2000105557,10.1021/nn9010472,Enhanced Mechanical Properties of Nanocomposites at Low Graphene Content,2009,2835,Carbon Nanotubes in Composites,0,Graphene / Applications,1.0,Graphene / Applications,,0,0
https://openalex.org/W2022506474,W2022506474,10.1021/jp902214f,Supercapacitor Devices Based on Graphene Materials,2009,2538,Supercapacitor Materials and Fabrication,0,Graphene / Applications,1.0,Graphene / Applications,,0,0
https://openalex.org/W4229601930,W4229601930,10.1038/nature07919,Narrow graphene nanoribbons from carbon nanotubes,2009,2422,Graphene research and applications,0,Graphene / Applications,1.0,Graphene / Applications,,0,0
https://openalex.org/W2084350317,W2084350317,10.1021/nn900227d,A Green Approach to the Synthesis of Graphene Nanosheets,2009,2321,Graphene research and applications,0,Graphene / Applications,1.0,Graphene / Applications,,0,0
https://openalex.org/W1968365176,W1968365176,10.1039/b917705a,Reduction of graphene oxide via<scp>l</scp>-ascorbic acid,2009,2315,Graphene research and applications,0,Graphene / Applications,1.0,Graphene / Applications,,0,0
https://openalex.org/W2020306845,W2020306845,10.1021/ja807449u,Liquid Phase Production of Graphene by Exfoliation of Graphite in Surfactant/Water Solutions,2009,2250,Graphene research and applications,0,Graphene / Applications,1.0,Graphene / Applications,,0,0
https://openalex.org/W2166057940,W2166057940,10.1103/physrevb.80.155453,Monolayer honeycomb structures of group-IV elements and III-V binary compounds: First-principles calculations,2009,2194,Graphene research and applications,19,Materials / Applications,,,,0,0
https://openalex.org/W2036077422,W2036077422,10.1103/physrevb.80.245435,Plasmonics in graphene at infrared frequencies,2009,2151,Graphene research and applications,4,Graphene / Applications,,,,0,0
https://openalex.org/W1969637192,W1969637192,10.1126/science.1170335,N-Doping of Graphene Through Electrothermal Reactions with Ammonia,2009,2150,Graphene research and applications,0,Graphene / Applications,1.0,Graphene / Applications,,0,0
https://openalex.org/W2115568341,W2115568341,10.1002/anie.200901479,A Graphene Platform for Sensing Biomolecules,2009,2044,Advanced biosensing and bioanalysis techniques,0,Graphene / Applications,1.0,Graphene / Applications,,0,0
https://openalex.org/W2134564451,W2134564451,10.1002/adma.200901996,Blue Photoluminescence from Chemically Derived Graphene Oxide,2009,1977,Graphene research and applications,0,Graphene / Applications,1.0,Graphene / Applications,,0,0
https://openalex.org/W2147199374,W2147199374,10.1103/physrevb.79.205433,"Uniaxial strain in graphene by Raman spectroscopy:<mml:math xmlns:mml=""http://www.w3.org/1998/Math/MathML"" display=""inline""><mml:mi>G</mml:mi></mml:math>peak splitting, Grüneisen parameters, and sample orientation",2009,1962,Graphene research and applications,15,Applications / Materials,,,,0,0
https://openalex.org/W1981061654,W1981061654,10.1002/adma.200901285,"Synthesis, Structure, and Properties of Boron‐ and Nitrogen‐Doped Graphene",2009,1797,Graphene research and applications,0,Graphene / Applications,1.0,Graphene / Applications,,0,0
https://openalex.org/W2140746165,W2140746165,10.1021/nn1006368,Improved Synthesis of Graphene Oxide,2010,11830,Graphene research and applications,0,Graphene / Applications,1.0,Graphene / Applications,,0,0
https://openalex.org/W1976156302,W1976156302,10.1002/adma.201001068,"Graphene and Graphene Oxide: Synthesis, Properties, and Applications",2010,10433,Graphene research and applications,0,Graphene / Applications,1.0,Graphene / Applications,,0,0
https://openalex.org/W4211172053,W4211172053,10.1038/nnano.2010.89,Graphene transistors,2010,5199,Graphene research and applications,0,Graphene / Applications,1.0,Graphene / Applications,,0,0
https://openalex.org/W2140372631,W2140372631,10.1038/nature09211,Atomically precise bottom-up fabrication of graphene nanoribbons,2010,3653,Graphene research and applications,0,Graphene / Applications,1.0,Graphene / Applications,,0,0
https://openalex.org/W2014442686,W2014442686,10.1016/j.progpolymsci.2010.07.005,Recent advances in graphene based polymer composites,2010,3375,Graphene research and applications,0,Graphene / Applications,1.0,Graphene / Applications,,0,0
https://openalex.org/W2109807803,W2109807803,10.1021/ma100572e,Graphene/Polymer Nanocomposites,2010,3327,Graphene research and applications,0,Graphene / Applications,1.0,Graphene / Applications,,0,0
https://openalex.org/W2007328737,W2007328737,10.1021/nn102598m,Structural Defects in Graphene,2010,3303,Graphene research and applications,0,Graphene / Applications,1.0,Graphene / Applications,,0,0
https://openalex.org/W2029066016,W2029066016,10.1021/nn101187z,Self-Assembled Graphene Hydrogel <i>via</i> a One-Step Hydrothermal Process,2010,3227,Supercapacitor Materials and Fabrication,0,Graphene / Applications,1.0,Graphene / Applications,,0,0
https://openalex.org/W2003408860,W2003408860,10.1021/nl102661q,Graphene-Based Supercapacitor with an Ultrahigh Energy Density,2010,3176,Supercapacitor Materials and Fabrication,0,Graphene / Applications,1.0,Graphene / Applications,,0,0
https://openalex.org/W2121621337,W2121621337,10.1002/elan.200900571,Graphene Based Electrochemical Sensors and Biosensors: A Review,2010,3112,Electrochemical sensors and biosensors,0,Graphene / Applications,1.0,Graphene / Applications,,0,0
https://openalex.org/W2156575365,W2156575365,10.1016/j.polymer.2010.11.042,Graphene-based polymer nanocomposites,2010,3094,Graphene research and applications,0,Graphene / Applications,1.0,Graphene / Applications,,0,0
https://openalex.org/W2129479958,W2129479958,10.1002/smll.200901934,"Graphene Oxide, Highly Reduced Graphene Oxide, and Graphene: Versatile Building Blocks for Carbon‐Based Materials",2010,2803,Graphene research and applications,0,Graphene / Applications,1.0,Graphene / Applications,,0,0
https://openalex.org/W1967883617,W1967883617,10.1039/b922733d,Architecture of graphdiyne nanoscale films,2010,2789,Graphene research and applications,0,Graphene / Applications,1.0,Graphene / Applications,,0,0
https://openalex.org/W1979345035,W1979345035,10.1038/nphoton.2010.40,Graphene photodetectors for high-speed optical communications,2010,2458,Photonic and Optical Devices,8,Materials / Applications,6.0,Materials / Applications,,0,0
https://openalex.org/W2889615184,W2889615184,10.1021/nn100740x,Graphene Anchored with Co<sub>3</sub>O<sub>4</sub> Nanoparticles as Anode of Lithium Ion Batteries with Enhanced Reversible Capacity and Cyclic Performance,2010,2439,Advancements in Battery Materials,0,Graphene / Applications,1.0,Graphene / Applications,,0,0
https://openalex.org/W2091587267,W2091587267,10.1021/nn1006495,Boron Nitride Nanotubes and Nanosheets,2010,2315,Graphene research and applications,13,Graphene / Applications,,,,0,0
https://openalex.org/W2052024521,W2052024521,10.1002/adma.200903689,Chemically Derived Graphene Oxide: Towards Large‐Area Thin‐Film Electronics and Optoelectronics,2010,2255,Graphene research and applications,0,Graphene / Applications,1.0,Graphene / Applications,,0,0
https://openalex.org/W2118225223,W2118225223,10.1038/nmat2711,Atomic layers of hybridized boron nitride and graphene domains,2010,2227,Graphene research and applications,13,Graphene / Applications,,,,0,0
https://openalex.org/W2042087808,W2042087808,10.1021/nn1000035,Supercapacitors Based on Flexible Graphene/Polyaniline Nanofiber Composite Films,2010,2225,Supercapacitor Materials and Fabrication,0,Graphene / Applications,1.0,Graphene / Applications,,0,0
https://openalex.org/W1999379777,W1999379777,10.1021/nn1008897,Water-Dispersible Magnetite-Reduced Graphene Oxide Composites for Arsenic Removal,2010,1991,Graphene research and applications,0,Graphene / Applications,1.0,Graphene / Applications,,0,0
https://openalex.org/W2029332976,W2029332976,10.1021/nn101097v,Graphene-Based Antibacterial Paper,2010,1987,Graphene and Nanomaterials Applications,0,Graphene / Applications,1.0,Graphene / Applications,,0,0
https://openalex.org/W2078881104,W2078881104,10.1126/science.1184014,Two-Dimensional Phonon Transport in Supported Graphene,2010,1905,Graphene research and applications,0,Graphene / Applications,1.0,Graphene / Applications,,0,0
https://openalex.org/W2160842288,W2160842288,10.1126/science.1184167,Frictional Characteristics of Atomically Thin Sheets,2010,1802,Force Microscopy Techniques and Applications,1,Graphene / Materials,,,,0,0
https://openalex.org/W2050268910,W2050268910,10.1016/j.carbon.2010.01.058,"Production, properties and potential of graphene",2010,1784,Graphene research and applications,0,Graphene / Applications,1.0,Graphene / Applications,,0,0
https://openalex.org/W2016810565,W2016810565,10.1103/revmodphys.82.1843,The physical and chemical properties of heteronanotubes,2010,257,Graphene research and applications,13,Graphene / Applications,,,,0,0
https://openalex.org/W2114699941,W2114699941,10.1007/s10853-010-4673-3,Probing mechanical properties of graphene with Raman spectroscopy,2010,251,Graphene research and applications,0,Graphene / Applications,1.0,Graphene / Applications,,0,0
https://openalex.org/W2021994802,W2021994802,10.1038/nnano.2010.279,Single-layer MoS2 transistors,2011,14791,Graphene research and applications,29,Materials / Applications,,,,0,0
https://openalex.org/W2057626905,W2057626905,10.1038/nmat3064,Thermal properties of graphene and nanostructured carbon materials,2011,6121,Graphene research and applications,0,Graphene / Applications,1.0,Graphene / Applications,,0,0
https://openalex.org/W2123830103,W2123830103,10.1016/j.carbon.2011.11.010,The reduction of graphene oxide,2011,5050,Graphene research and applications,0,Graphene / Applications,1.0,Graphene / Applications,,0,0
https://openalex.org/W2141101385,W2141101385,10.1038/nmat3001,Three-dimensional flexible and conductive interconnected graphene networks grown by chemical vapour deposition,2011,3827,Graphene research and applications,0,Graphene / Applications,1.0,Graphene / Applications,,0,0
https://openalex.org/W2118609172,W2118609172,10.1039/c1cs15078b,Graphene-based composites,2011,3823,Graphene research and applications,0,Graphene / Applications,1.0,Graphene / Applications,,0,0
https://openalex.org/W1974899246,W1974899246,10.1016/j.pmatsci.2011.03.003,"Graphene based materials: Past, present and future",2011,3544,Graphene research and applications,0,Graphene / Applications,1.0,Graphene / Applications,,0,0
https://openalex.org/W2057936436,W2057936436,10.1103/revmodphys.83.407,Electronic transport in two-dimensional graphene,2011,3411,Graphene research and applications,4,Graphene / Applications,,,,0,0
https://openalex.org/W2028783209,W2028783209,10.1038/nature10067,A graphene-based broadband optical modulator,2011,3385,Photonic and Optical Devices,4,Graphene / Applications,,,,0,0
https://openalex.org/W2081870623,W2081870623,10.1002/adma.201100984,Carbon Materials for Chemical Capacitive Energy Storage,2011,2931,Supercapacitor Materials and Fabrication,0,Graphene / Applications,1.0,Graphene / Applications,,0,0
https://openalex.org/W2109966590,W2109966590,10.1021/nn202451x,"Antibacterial Activity of Graphite, Graphite Oxide, Graphene Oxide, and Reduced Graphene Oxide: Membrane and Oxidative Stress",2011,2903,Graphene and Nanomaterials Applications,0,Graphene / Applications,1.0,Graphene / Applications,,0,0
https://openalex.org/W2025282879,W2025282879,10.1039/c1cs15172j,Graphene-based semiconductor photocatalysts,2011,2715,Advanced Photocatalysis Techniques,0,Graphene / Applications,1.0,Graphene / Applications,,0,0
https://openalex.org/W2003070696,W2003070696,10.1021/nl201771h,Graphene Plasmonics: A Platform for Strong Light–Matter Interactions,2011,2687,Plasmonic and Surface Plasmon Research,4,Graphene / Applications,,,,0,0
https://openalex.org/W2104029981,W2104029981,10.1021/nn203879f,Stretching and Breaking of Ultrathin MoS<sub>2</sub>,2011,2636,Graphene research and applications,1,Graphene / Materials,,,,0,0
https://openalex.org/W2139393388,W2139393388,10.1002/smll.201002009,"Graphene‐Based Materials: Synthesis, Characterization, Properties, and Applications",2011,2551,Graphene research and applications,0,Graphene / Applications,1.0,Graphene / Applications,,0,0
https://openalex.org/W2024276736,W2024276736,10.1021/ja2025454,Highly Efficient Visible-Light-Driven Photocatalytic Hydrogen Production of CdS-Cluster-Decorated Graphene Nanosheets,2011,2439,Advanced Photocatalysis Techniques,0,Graphene / Applications,1.0,Graphene / Applications,,0,0
https://openalex.org/W2013739204,W2013739204,10.1002/adma.201003188,"Emerging Transparent Electrodes Based on Thin Films of Carbon Nanotubes, Graphene, and Metallic Nanostructures",2011,2195,Advanced Sensor and Energy Harvesting Materials,0,Graphene / Applications,1.0,Graphene / Applications,,0,0
https://openalex.org/W2126671291,W2126671291,10.1021/nn2006249,Doped Graphene Sheets As Anode Materials with Superhigh Rate and Large Capacity for Lithium Ion Batteries,2011,2068,Advancements in Battery Materials,0,Graphene / Applications,1.0,Graphene / Applications,,0,0
https://openalex.org/W2143467751,W2143467751,10.1039/c0ee00683a,Graphene based new energy materials,2011,1918,Supercapacitor Materials and Fabrication,0,Graphene / Applications,1.0,Graphene / Applications,,0,0
https://openalex.org/W2147624032,W2147624032,10.1016/j.nanoen.2011.11.001,Graphene/metal oxide composite electrode materials for energy storage,2011,1821,Advancements in Battery Materials,0,Graphene / Applications,1.0,Graphene / Applications,,0,0
https://openalex.org/W2138183388,W2138183388,10.1039/c1cs15270j,Biological and chemical sensors based on graphene materials,2011,1743,Advanced biosensing and bioanalysis techniques,0,Graphene / Applications,1.0,Graphene / Applications,,0,0
https://openalex.org/W2037961889,W2037961889,10.1103/revmodphys.83.851,Nobel Lecture: Random walk to graphene,2011,435,Graphene research and applications,0,Graphene / Applications,1.0,Graphene / Applications,,0,0
https://openalex.org/W2163980958,W2163980958,10.1038/nature11458,A roadmap for graphene,2012,9147,Graphene research and applications,0,Graphene / Applications,1.0,Graphene / Applications,,0,0
https://openalex.org/W2048610167,W2048610167,10.1002/adfm.201102111,From Bulk to Monolayer MoS<sub>2</sub>: Evolution of Raman Scattering,2012,4182,2D Materials and Applications,3,Sub / Applications,,,,0,0
https://openalex.org/W2166691312,W2166691312,10.1021/cr3000412,"Functionalization of Graphene: Covalent and Non-Covalent Approaches, Derivatives and Applications",2012,4034,Graphene research and applications,0,Graphene / Applications,1.0,Graphene / Applications,,0,0
https://openalex.org/W2038726293,W2038726293,10.1021/cs200652y,"Review on Recent Progress in Nitrogen-Doped Graphene: Synthesis, Characterization, and Its Potential Applications",2012,3571,Graphene research and applications,0,Graphene / Applications,1.0,Graphene / Applications,,0,0
https://openalex.org/W2075356879,W2075356879,10.1021/cr300115g,"Graphene Oxide: Preparation, Functionalization, and Electrochemical Applications",2012,3484,Graphene research and applications,0,Graphene / Applications,1.0,Graphene / Applications,,0,0
https://openalex.org/W3037464148,W3037464148,10.1038/nphoton.2012.262,Graphene plasmonics,2012,3155,Plasmonic and Surface Plasmon Research,4,Graphene / Applications,,,,0,0
https://openalex.org/W1985530487,W1985530487,10.1039/c2jm34066f,KOH activation of carbon-based materials for energy storage,2012,2670,Supercapacitor Materials and Fabrication,7,Materials / Supercapacitor,5.0,Materials / Supercapacitor,,0,0
https://openalex.org/W2130660680,W2130660680,10.1021/nl2038979,Graphene Quantum Dots Derived from Carbon Fibers,2012,2343,Carbon and Quantum Dots Applications,0,Graphene / Applications,1.0,Graphene / Applications,,0,0
https://openalex.org/W2030460019,W2030460019,10.1021/ja308463r,"Are MXenes Promising Anode Materials for Li Ion Batteries? Computational Studies on Electronic Properties and Li Storage Capability of Ti<sub>3</sub>C<sub>2</sub> and Ti<sub>3</sub>C<sub>2</sub>X<sub>2</sub> (X = F, OH) Monolayer",2012,2214,MXene and MAX Phase Materials,7,Materials / Supercapacitor,5.0,Materials / Supercapacitor,,0,0
https://openalex.org/W2135926269,W2135926269,10.1038/nature11254,Optical nano-imaging of gate-tunable graphene plasmons,2012,2094,Plasmonic and Surface Plasmon Research,4,Graphene / Applications,,,,0,0
https://openalex.org/W1999594918,W1999594918,10.1021/nn300989g,"Graphene Photonics, Plasmonics, and Broadband Optoelectronic Devices",2012,1983,Plasmonic and Surface Plasmon Research,4,Graphene / Applications,,,,0,0
https://openalex.org/W2070024241,W2070024241,10.1016/j.pmatsci.2012.03.002,Chemical functionalization of graphene and its applications,2012,1891,Graphene research and applications,0,Graphene / Applications,1.0,Graphene / Applications,,0,0
https://openalex.org/W2078118572,W2078118572,10.1038/nnano.2012.224,Vertical field-effect transistor based on graphene–WS2 heterostructures for flexible and transparent electronics,2012,1743,Graphene research and applications,26,Graphene / Materials,,,,0,0
https://openalex.org/W2011899447,W2011899447,10.1038/nchem.1589,The chemistry of two-dimensional layered transition metal dichalcogenide nanosheets,2013,9794,2D Materials and Applications,3,Sub / Applications,,,,0,0
https://openalex.org/W2074880343,W2074880343,10.1038/nnano.2013.46,Raman spectroscopy as a versatile tool for studying the properties of graphene,2013,7183,Graphene research and applications,15,Applications / Materials,,,,0,0
https://openalex.org/W2155175869,W2155175869,10.1002/adma.201304138,25th Anniversary Article: MXenes: A New Family of Two‐Dimensional Materials,2013,6258,MXene and MAX Phase Materials,7,Materials / Supercapacitor,5.0,Materials / Supercapacitor,,0,0
https://openalex.org/W1969314684,W1969314684,10.1038/nnano.2013.100,Ultrasensitive photodetectors based on monolayer MoS2,2013,4985,2D Materials and Applications,8,Materials / Applications,6.0,Materials / Applications,,0,0
https://openalex.org/W2024966938,W2024966938,10.1021/nn400280c,"Progress, Challenges, and Opportunities in Two-Dimensional Materials Beyond Graphene",2013,4839,Graphene research and applications,23,Graphene / Van Der,,,,0,0
https://openalex.org/W2012587360,W2012587360,10.1021/cr300263a,Graphene-Like Two-Dimensional Materials,2013,4490,Graphene research and applications,19,Materials / Applications,,,,0,0
https://openalex.org/W2085537249,W2085537249,10.1126/science.1226419,Liquid Exfoliation of Layered Materials,2013,3755,2D Materials and Applications,7,Materials / Supercapacitor,5.0,Materials / Supercapacitor,,0,0
https://openalex.org/W2098269095,W2098269095,10.1126/science.1235547,Strong Light-Matter Interactions in Heterostructures of Atomically Thin Films,2013,2564,2D Materials and Applications,20,Applications / Materials,,,,0,0
https://openalex.org/W2079851049,W2079851049,10.1021/nl400258t,Synthesis of MoS<sub>2</sub> and MoSe<sub>2</sub> Films with Vertically Aligned Layers,2013,2234,2D Materials and Applications,3,Sub / Applications,,,,0,0
https://openalex.org/W2017751495,W2017751495,10.1002/aenm.201300816,Recent Advances in Design and Fabrication of Electrochemical Supercapacitors with High Energy Densities,2013,2203,Supercapacitor Materials and Fabrication,7,Materials / Supercapacitor,5.0,Materials / Supercapacitor,,0,0
https://openalex.org/W2139492972,W2139492972,10.1021/nl401544y,Extraordinary Sunlight Absorption and One Nanometer Thick Photovoltaics Using Two-Dimensional Monolayer Materials,2013,2035,2D Materials and Applications,6,Sub / Materials,,,,0,0
https://openalex.org/W2169419554,W2169419554,10.1039/c2cs35387c,"Metal dichalcogenide nanosheets: preparation, properties and applications",2013,2018,2D Materials and Applications,3,Sub / Applications,,,,0,0
https://openalex.org/W2121761828,W2121761828,10.1186/1556-276x-8-1,Transport properties of two finite armchair graphene nanoribbons,2013,1957,Graphene research and applications,0,Graphene / Applications,1.0,Graphene / Applications,,0,0
https://openalex.org/W2150782946,W2150782946,10.1038/nmat3673,Vapour phase growth and grain boundary structure of molybdenum disulphide atomic layers,2013,1822,2D Materials and Applications,3,Sub / Applications,,,,0,0
https://openalex.org/W2113867563,W2113867563,10.1039/c3cs60303b,Chemical reduction of graphene oxide: a synthetic chemistry viewpoint,2013,1771,Graphene research and applications,0,Graphene / Applications,1.0,Graphene / Applications,,0,0
https://openalex.org/W1983190782,W1983190782,10.1038/ncomms2498,Electrical control of neutral and charged excitons in a monolayer semiconductor,2013,1574,2D Materials and Applications,30,Materials / Applications,4.0,Materials / Applications,,0,0
https://openalex.org/W2157905510,W2157905510,10.1038/srep01866,"Controlled Scalable Synthesis of Uniform, High-Quality Monolayer and Few-layer MoS2 Films",2013,875,2D Materials and Applications,3,Sub / Applications,,,,0,0
https://openalex.org/W2144088175,W2144088175,10.1038/ncomms2652,Controlled charge trapping by molybdenum disulphide and graphene in ultrathin heterostructured memory devices,2013,760,Graphene research and applications,22,Materials / Applications,,,,0,0
https://openalex.org/W1996658603,W1996658603,10.1038/ncomms3096,Chemical vapour deposition growth of large single crystals of monolayer and bilayer graphene,2013,585,Graphene research and applications,26,Graphene / Materials,,,,0,0
https://openalex.org/W2031378143,W2031378143,10.1038/srep01549,Novel hetero-layered materials with tunable direct band gaps by sandwiching different metal disulfides and diselenides,2013,519,2D Materials and Applications,6,Sub / Materials,,,,0,0
https://openalex.org/W2103437569,W2103437569,10.1038/srep01839,Selective Decoration of Au Nanoparticles on Monolayer MoS2 Single Crystals,2013,433,2D Materials and Applications,3,Sub / Applications,,,,0,0
https://openalex.org/W2078536002,W2078536002,10.1073/pnas.1317226110,Gate-tunable carbon nanotube–MoS <sub>2</sub> heterojunction p-n diode,2013,424,Graphene research and applications,29,Materials / Applications,,,,0,0
https://openalex.org/W1977180237,W1977180237,10.1038/ncomms3213,A rational design of cosolvent exfoliation of layered materials by directly probing liquid–solid interaction,2013,279,Graphene research and applications,0,Graphene / Applications,1.0,Graphene / Applications,,0,0
https://openalex.org/W2061686668,W2061686668,10.1103/physrevx.3.031002,Two-Dimensional Materials from Data Filtering and<i>Ab Initio</i>Calculations,2013,268,Graphene research and applications,19,Materials / Applications,,,,0,0
https://openalex.org/W2014977999,W2014977999,10.1038/srep03282,Superior Field Emission Properties of Layered WS2-RGO Nanocomposites,2013,264,2D Materials and Applications,10,Sub / Gas,,,,0,0
https://openalex.org/W2098001558,W2098001558,10.1038/srep02666,Precisely aligned graphene grown on hexagonal boron nitride by catalyst free chemical vapor deposition,2013,223,Graphene research and applications,13,Graphene / Applications,,,,0,0
https://openalex.org/W2001787394,W2001787394,10.1063/1.4804936,"A generic tight-binding model for monolayer, bilayer and bulk MoS2",2013,217,2D Materials and Applications,29,Materials / Applications,,,,0,0
https://openalex.org/W2080174132,W2080174132,10.1038/srep02345,High Performance Molybdenum Disulfide Amorphous Silicon Heterojunction Photodetector,2013,150,2D Materials and Applications,29,Materials / Applications,,,,0,0
https://openalex.org/W2027605551,W2027605551,10.1038/ncomms3804,Solid-source growth and atomic-scale characterization of graphene on Ag(111),2013,125,Graphene research and applications,13,Graphene / Applications,,,,0,0
https://openalex.org/W2134791334,W2134791334,10.1021/nl304569d,In<sub><i>x</i></sub>Ga<sub>1–<i>x</i></sub>As Nanowire Growth on Graphene: van der Waals Epitaxy Induced Phase Segregation,2013,109,Nanowire Synthesis and Applications,3,Sub / Applications,,,,0,0
https://openalex.org/W2070750670,W2070750670,10.1109/jeds.2013.2244641,Carbon Nanotube FET Technology for Radio-Frequency Electronics: State-of-the-Art Overview,2013,93,Graphene research and applications,0,Graphene / Applications,1.0,Graphene / Applications,,0,0
https://openalex.org/W2243036669,W2243036669,10.5772/51689,Advances in Graphene Science,2013,92,Graphene and Nanomaterials Applications,27,Graphene / Advances Graphene,,,,0,0
https://openalex.org/W2041311241,W2041311241,10.1038/nnano.2014.35,Black phosphorus field-effect transistors,2014,8349,2D Materials and Applications,9,Applications / Materials,7.0,Applications / Materials,,0,0
https://openalex.org/W2029281675,W2029281675,10.1038/ncomms5475,High-mobility transport anisotropy and linear dichroism in few-layer black phosphorus,2014,4404,2D Materials and Applications,9,Applications / Materials,7.0,Applications / Materials,,0,0
https://openalex.org/W1596779608,W1596779608,10.1038/ncomms5458,Rediscovering black phosphorus as an anisotropic layered material for optoelectronics and electronics,2014,3480,2D Materials and Applications,9,Applications / Materials,7.0,Applications / Materials,,0,0
https://openalex.org/W2086880071,W2086880071,10.1038/nnano.2014.207,Electronics based on two-dimensional materials,2014,3151,2D Materials and Applications,29,Materials / Applications,,,,0,0
https://openalex.org/W2024227324,W2024227324,10.1039/c4nr01600a,"Science and technology roadmap for graphene, related two-dimensional crystals, and hybrid systems",2014,3019,Graphene research and applications,24,Graphene / Two-Dimensional Crysta…,,,,0,0
https://openalex.org/W2006105172,W2006105172,10.1038/nphoton.2014.271,Two-dimensional material nanophotonics,2014,3013,2D Materials and Applications,4,Graphene / Applications,,,,0,0
https://openalex.org/W2040077883,W2040077883,10.1021/nn500064s,Emerging Device Applications for Semiconducting Two-Dimensional Transition Metal Dichalcogenides,2014,2752,2D Materials and Applications,29,Materials / Applications,,,,0,0
https://openalex.org/W2049965679,W2049965679,10.1038/nmat4170,The role of graphene for electrochemical energy storage,2014,2653,Advancements in Battery Materials,0,Graphene / Applications,1.0,Graphene / Applications,,0,0
https://openalex.org/W2152754138,W2152754138,10.1039/c4ee03229b,Supercapacitor electrode materials: nanostructures from 0 to 3 dimensions,2014,2542,Supercapacitor Materials and Fabrication,7,Materials / Supercapacitor,5.0,Materials / Supercapacitor,,0,0
https://openalex.org/W1779039046,W1779039046,10.1103/physrevb.89.235319,Layer-controlled band gap and anisotropic excitons in few-layer black phosphorus,2014,2337,2D Materials and Applications,9,Applications / Materials,7.0,Applications / Materials,,0,0
https://openalex.org/W2237953221,W2237953221,10.1126/science.1245085,"Discovery of a Three-Dimensional Topological Dirac Semimetal, Na <sub>3</sub> Bi",2014,2318,Topological Materials and Phenomena,2,Materials / Applications,2.0,Materials / Applications,,0,0
https://openalex.org/W2107432007,W2107432007,10.1038/nnano.2014.167,Ultrafast charge transfer in atomically thin MoS2/WS2 heterostructures,2014,2272,2D Materials and Applications,6,Sub / Materials,,,,0,0
https://openalex.org/W2089608912,W2089608912,10.1126/science.1256815,Quantum spin Hall effect in two-dimensional transition metal dichalcogenides,2014,2044,Topological Materials and Phenomena,2,Materials / Applications,2.0,Materials / Applications,,0,0
https://openalex.org/W2147873145,W2147873145,10.1088/2053-1583/1/1/011002,Deterministic transfer of two-dimensional materials by all-dry viscoelastic stamping,2014,1967,Advanced Sensor and Energy Harvesting Materials,26,Graphene / Materials,,,,0,0
https://openalex.org/W2088034301,W2088034301,10.1038/ncomms6678,Two-dimensional flexible nanoelectronics,2014,1892,Graphene research and applications,1,Graphene / Materials,,,,0,0
https://openalex.org/W2329389299,W2329389299,10.1021/ar5002846,"Transition Metal Dichalcogenides and Beyond: Synthesis, Properties, and Applications of Single- and Few-Layer Nanosheets",2014,1358,2D Materials and Applications,3,Sub / Applications,,,,0,0
https://openalex.org/W1976148968,W1976148968,10.1021/nl501962c,Photovoltaic Effect in an Electrically Tunable van der Waals Heterojunction,2014,1066,2D Materials and Applications,6,Sub / Materials,,,,0,0
https://openalex.org/W2148934103,W2148934103,10.1038/nmat4169,Highly confined low-loss plasmons in graphene–boron nitride heterostructures,2014,1049,Plasmonic and Surface Plasmon Research,4,Graphene / Applications,,,,0,0
https://openalex.org/W2018958741,W2018958741,10.1038/nature13734,Probing excitonic dark states in single-layer tungsten disulphide,2014,1023,2D Materials and Applications,30,Materials / Applications,4.0,Materials / Applications,,0,0
https://openalex.org/W2051155172,W2051155172,10.1038/srep06677,Layer-dependent Band Alignment and Work Function of Few-Layer Phosphorene,2014,884,2D Materials and Applications,9,Applications / Materials,7.0,Applications / Materials,,0,0
https://openalex.org/W2022151845,W2022151845,10.1038/ncomms3995,High yield exfoliation of two-dimensional chalcogenides using sodium naphthalenide,2014,777,2D Materials and Applications,3,Sub / Applications,,,,0,0
https://openalex.org/W1983311062,W1983311062,10.1038/ncomms5651,Photovoltaic effect in few-layer black phosphorus PN junctions defined by local electrostatic gating,2014,752,2D Materials and Applications,9,Applications / Materials,7.0,Applications / Materials,,0,0
https://openalex.org/W2052940807,W2052940807,10.1021/nl5025535,Tunable Transport Gap in Phosphorene,2014,747,2D Materials and Applications,9,Applications / Materials,7.0,Applications / Materials,,0,0
https://openalex.org/W1553988388,W1553988388,10.1038/ncomms5966,Evolution of interlayer coupling in twisted molybdenum disulfide bilayers,2014,731,2D Materials and Applications,16,Graphene / Applications,3.0,Graphene / Applications,,0,0
https://openalex.org/W3103794823,W3103794823,,Photovoltaic effect in an electrically tunable van der Waals heterojunction,2014,731,2D Materials and Applications,6,Sub / Materials,,,,0,0
https://openalex.org/W1963724586,W1963724586,10.1021/ar500346b,Synthesis of Two-Dimensional Materials by Selective Extraction,2014,726,MXene and MAX Phase Materials,7,Materials / Supercapacitor,5.0,Materials / Supercapacitor,,0,0
https://openalex.org/W2064440479,W2064440479,10.1021/nl501793a,"Elastic Properties of Chemical-Vapor-Deposited Monolayer MoS<sub>2</sub>, WS<sub>2</sub>, and Their Bilayer Heterostructures",2014,670,2D Materials and Applications,1,Graphene / Materials,,,,0,0
https://openalex.org/W2082301335,W2082301335,10.1038/ncomms5555,High-temperature superfluidity with indirect excitons in van der Waals heterostructures,2014,570,2D Materials and Applications,30,Materials / Applications,4.0,Materials / Applications,,0,0
https://openalex.org/W2010289698,W2010289698,10.1038/nnano.2014.187,Twist-controlled resonant tunnelling in graphene/boron nitride/graphene heterostructures,2014,517,Graphene research and applications,13,Graphene / Applications,,,,0,0
https://openalex.org/W1980119814,W1980119814,10.1038/ncomms5543,Photocarrier relaxation pathway in two-dimensional semiconducting transition metal dichalcogenides,2014,475,2D Materials and Applications,30,Materials / Applications,4.0,Materials / Applications,,0,0
https://openalex.org/W1992164304,W1992164304,10.1038/srep06346,Ytterbium-doped fiber laser passively mode locked by few-layer Molybdenum Disulfide (MoS2) saturable absorber functioned with evanescent field interaction,2014,460,Advanced Fiber Laser Technologies,14,Materials / Optical,,,,0,0
https://openalex.org/W2021067037,W2021067037,10.1016/j.snb.2014.10.124,Graphene–MoS2 hybrid nanostructures enhanced surface plasmon resonance biosensors,2014,457,Plasmonic and Surface Plasmon Research,10,Sub / Gas,,,,0,0
https://openalex.org/W2000573041,W2000573041,10.1038/srep06608,Probing excitonic states in suspended two-dimensional semiconductors by photocurrent spectroscopy,2014,441,2D Materials and Applications,30,Materials / Applications,4.0,Materials / Applications,,0,0
https://openalex.org/W2095509694,W2095509694,10.1038/ncomms5836,Principle of direct van der Waals epitaxy of single-crystalline films on epitaxial graphene,2014,425,Ga2O3 and related materials,23,Graphene / Van Der,,,,0,0
https://openalex.org/W1496528267,W1496528267,10.1021/nl5038177,Equally Efficient Interlayer Exciton Relaxation and Improved Absorption in Epitaxial and Nonepitaxial MoS<sub>2</sub>/WS<sub>2</sub> Heterostructures,2014,380,2D Materials and Applications,6,Sub / Materials,,,,0,0
https://openalex.org/W2085460056,W2085460056,10.1038/ncomms6162,Two-dimensional quasi-freestanding molecular crystals for high-performance organic field-effect transistors,2014,377,2D Materials and Applications,29,Materials / Applications,,,,0,0
https://openalex.org/W2056166808,W2056166808,10.1038/nphys2848,Spin–layer locking effects in optical orientation of exciton spin in bilayer WSe2,2014,370,2D Materials and Applications,30,Materials / Applications,4.0,Materials / Applications,,0,0
https://openalex.org/W1967663885,W1967663885,10.2147/nsa.s40324,"New materials graphyne, graphdiyne, graphone, and graphane: review of properties, synthesis, and application in nanotechnology",2014,361,Graphene research and applications,0,Graphene / Applications,1.0,Graphene / Applications,,0,0
https://openalex.org/W2136694890,W2136694890,10.1038/nnano.2014.60,Photoinduced doping in heterostructures of graphene and boron nitride,2014,349,Graphene research and applications,13,Graphene / Applications,,,,0,0
https://openalex.org/W2051581246,W2051581246,10.1038/srep05575,Photoluminescence quenching in gold - MoS2 hybrid nanoflakes,2014,276,2D Materials and Applications,3,Sub / Applications,,,,0,0
https://openalex.org/W2148819278,W2148819278,10.1039/c4nr06609j,Three-dimensional graphene-based composites for energy applications,2014,270,Supercapacitor Materials and Fabrication,0,Graphene / Applications,1.0,Graphene / Applications,,0,0
https://openalex.org/W2023648794,W2023648794,10.1038/ncomms6622,Electron transfer and coupling in graphene–tungsten disulfide van der Waals heterostructures,2014,253,Graphene research and applications,6,Sub / Materials,,,,0,0
https://openalex.org/W2139641211,W2139641211,10.1038/ncomms6309,Resonant Raman spectroscopy of twisted multilayer graphene,2014,248,Graphene research and applications,15,Applications / Materials,,,,0,0
https://openalex.org/W2320971741,W2320971741,10.1021/nn405685j,Large-Area Single-Layer MoSe<sub>2</sub> and Its van der Waals Heterostructures,2014,233,2D Materials and Applications,6,Sub / Materials,,,,0,0
https://openalex.org/W2085105810,W2085105810,10.1021/nn5034746,Ultrafast Transient Terahertz Conductivity of Monolayer MoS<sub>2</sub> and WSe<sub>2</sub> Grown by Chemical Vapor Deposition,2014,219,2D Materials and Applications,3,Sub / Applications,,,,0,0
https://openalex.org/W2075847326,W2075847326,10.1103/physrevx.4.041019,Random Strain Fluctuations as Dominant Disorder Source for High-Quality On-Substrate Graphene Devices,2014,193,Graphene research and applications,13,Graphene / Applications,,,,0,0
https://openalex.org/W2156047346,W2156047346,10.1038/ncomms5461,Observation of an intrinsic bandgap and Landau level renormalization in graphene/boron-nitride heterostructures,2014,184,Graphene research and applications,13,Graphene / Applications,,,,0,0
https://openalex.org/W4233821668,W4233821668,10.1021/nn501132n,Rebar Graphene,2014,183,Graphene research and applications,0,Graphene / Applications,1.0,Graphene / Applications,,0,0
https://openalex.org/W2140395632,W2140395632,10.1038/srep06146,Enhanced Tunnel Spin Injection into Graphene using Chemical Vapor Deposited Hexagonal Boron Nitride,2014,171,Graphene research and applications,2,Materials / Applications,2.0,Materials / Applications,,0,0
https://openalex.org/W1963755685,W1963755685,10.1038/srep07186,Photodiode-Like Behavior and Excellent Photoresponse of Vertical Si/Monolayer MoS2 Heterostructures,2014,166,2D Materials and Applications,8,Materials / Applications,6.0,Materials / Applications,,0,0
https://openalex.org/W2171493957,W2171493957,10.1186/s40580-014-0015-5,Carbon nanotubes and graphene towards soft electronics,2014,162,Graphene research and applications,0,Graphene / Applications,1.0,Graphene / Applications,,0,0
https://openalex.org/W2044859437,W2044859437,10.1021/nl503411a,Dielectric Screening in Atomically Thin Boron Nitride Nanosheets,2014,161,Graphene research and applications,13,Graphene / Applications,,,,0,0
https://openalex.org/W1974257228,W1974257228,10.1038/nphys3173,Spatial variation of a giant spin–orbit effect induces electron confinement in graphene on Pb islands,2014,153,Graphene research and applications,2,Materials / Applications,2.0,Materials / Applications,,0,0
https://openalex.org/W2026351740,W2026351740,10.1038/ncomms6478,Thickness sorting of two-dimensional transition metal dichalcogenides via copolymer-assisted density gradient ultracentrifugation,2014,150,2D Materials and Applications,3,Sub / Applications,,,,0,0
https://openalex.org/W2050211069,W2050211069,10.1021/nl503144a,Atomically Thin Heterostructures Based on Single-Layer Tungsten Diselenide and Graphene,2014,145,2D Materials and Applications,6,Sub / Materials,,,,0,0
https://openalex.org/W2120306410,W2120306410,10.1039/c4nr00783b,van der Waals trilayers and superlattices: modification of electronic structures of MoS <sub>2</sub> by intercalation,2014,128,2D Materials and Applications,6,Sub / Materials,,,,0,0
https://openalex.org/W2118258793,W2118258793,10.1002/smll.201402380,Band Engineering for Novel Two‐Dimensional Atomic Layers,2014,127,2D Materials and Applications,13,Graphene / Applications,,,,0,0
https://openalex.org/W2004876702,W2004876702,10.1515/nanoph-2014-0022,Two‐dimensional materials for nanophotonics application,2014,116,2D Materials and Applications,4,Graphene / Applications,,,,0,0
https://openalex.org/W1998948390,W1998948390,10.1038/ncomms6461,Giant enhancement in vertical conductivity of stacked CVD graphene sheets by self-assembled molecular layers,2014,114,Graphene research and applications,26,Graphene / Materials,,,,0,0
https://openalex.org/W1511188887,W1511188887,10.1021/nn503789v,Robust 2D Topological Insulators in van der Waals Heterostructures,2014,113,Topological Materials and Phenomena,2,Materials / Applications,2.0,Materials / Applications,,0,0
https://openalex.org/W2147246839,W2147246839,10.1038/ncomms6824,Anomalous low-temperature Coulomb drag in graphene-GaAs heterostructures,2014,111,Graphene research and applications,4,Graphene / Applications,,,,0,0
https://openalex.org/W2171573561,W2171573561,10.1088/0268-1242/29/6/064008,A direct comparison of CVD-grown and exfoliated MoS<sub>2</sub>using optical spectroscopy,2014,110,2D Materials and Applications,3,Sub / Applications,,,,0,0
https://openalex.org/W2008056634,W2008056634,10.1038/ncomms5541,Low-density three-dimensional foam using self-reinforced hybrid two-dimensional atomic layers,2014,106,Graphene research and applications,0,Graphene / Applications,1.0,Graphene / Applications,,0,0
https://openalex.org/W1969933157,W1969933157,10.1038/ncomms6708,High-Tc superconductivity in ultrathin Bi2Sr2CaCu2O8+x down to half-unit-cell thickness by protection with graphene,2014,103,Physics of Superconductivity and Magnetism,5,Superconductivity / Sub,,,,0,0
https://openalex.org/W2146242392,W2146242392,10.1038/ncomms4960,Magnetocaloric effects in a freestanding and flexible graphene-based superlattice synthesized with a spatially confined reaction,2014,96,Multiferroics and related materials,13,Graphene / Applications,,,,0,0
https://openalex.org/W1972789552,W1972789552,10.1038/srep07374,Transition Metal Dichalcogenide Growth via Close Proximity Precursor Supply,2014,93,2D Materials and Applications,3,Sub / Applications,,,,0,0
https://openalex.org/W1991894422,W1991894422,10.1063/1.4866383,Band gap tunning in BN-doped graphene systems with high carrier mobility,2014,92,Graphene research and applications,13,Graphene / Applications,,,,0,0
https://openalex.org/W2117092799,W2117092799,10.1038/srep06928,Controllable Schottky Barriers between MoS2 and Permalloy,2014,91,2D Materials and Applications,29,Materials / Applications,,,,0,0
https://openalex.org/W2020944186,W2020944186,10.1038/srep05458,Heterojunction Hybrid Devices from Vapor Phase Grown MoS2,2014,90,2D Materials and Applications,3,Sub / Applications,,,,0,0
https://openalex.org/W2083341560,W2083341560,10.1038/ncomms6742,Superlattice structures in twisted bilayers of folded graphene,2014,89,Graphene research and applications,16,Graphene / Applications,3.0,Graphene / Applications,,0,0
https://openalex.org/W2151529211,W2151529211,10.1186/1556-276x-9-110,Structural and electronic properties of germanene/MoS2 monolayer and silicene/MoS2 monolayer superlattices,2014,89,Graphene research and applications,19,Materials / Applications,,,,0,0
https://openalex.org/W2044929547,W2044929547,10.1002/adom.201400202,Room Temperature Electroluminescence from Mechanically Formed van der Waals III–VI Homojunctions and Heterojunctions,2014,82,2D Materials and Applications,20,Applications / Materials,,,,0,0
https://openalex.org/W2152829398,W2152829398,10.1038/nphys3075,Gate-dependent pseudospin mixing in graphene/boron nitride moiré superlattices,2014,81,Graphene research and applications,13,Graphene / Applications,,,,0,0
https://openalex.org/W1971178997,W1971178997,10.1063/1.4903895,Quantum spin Hall states in graphene interacting with WS2 or WSe2,2014,76,Graphene research and applications,2,Materials / Applications,2.0,Materials / Applications,,0,0
https://openalex.org/W2135522286,W2135522286,10.1021/acsnano.5b05556,Recent Advances in Two-Dimensional Materials beyond Graphene,2015,2626,2D Materials and Applications,25,Materials / Two-Dimensional Mater…,,,,0,0
https://openalex.org/W2340744176,W2340744176,10.1021/acsnano.5b05040,Ultrathin Two-Dimensional Nanomaterials,2015,2131,Graphene research and applications,7,Materials / Supercapacitor,5.0,Materials / Supercapacitor,,0,0
https://openalex.org/W2302202742,W2302202742,10.1021/cr500304f,"Broad Family of Carbon Nanoallotropes: Classification, Chemistry, and Applications of Fullerenes, Carbon Dots, Nanotubes, Graphene, Nanodiamonds, and Combined Superstructures",2015,2101,Graphene research and applications,0,Graphene / Applications,1.0,Graphene / Applications,,0,0
https://openalex.org/W2176009997,W2176009997,10.1038/nmat4452,Electrical contacts to two-dimensional semiconductors,2015,1801,2D Materials and Applications,29,Materials / Applications,,,,0,0
https://openalex.org/W2051698493,W2051698493,10.1038/ncomms7242,Observation of long-lived interlayer excitons in monolayer MoSe2–WSe2 heterostructures,2015,1659,2D Materials and Applications,6,Sub / Materials,,,,0,0
https://openalex.org/W2151516307,W2151516307,10.1073/pnas.1416581112,The renaissance of black phosphorus,2015,1461,2D Materials and Applications,9,Applications / Materials,7.0,Applications / Materials,,0,0
https://openalex.org/W2012424302,W2012424302,10.1039/c4cs00282b,"Phonon and Raman scattering of two-dimensional transition metal dichalcogenides from monolayer, multilayer to bulk material",2015,1275,2D Materials and Applications,15,Applications / Materials,,,,0,0
https://openalex.org/W1868638423,W1868638423,10.1039/c5cs00507h,Two-dimensional transition metal dichalcogenides as atomically thin semiconductors: opportunities and challenges,2015,1140,2D Materials and Applications,6,Sub / Materials,,,,0,0
https://openalex.org/W2137880050,W2137880050,10.1088/2053-1583/2/2/022001,<b>k</b> · <b>p</b> theory for two-dimensional transition metal dichalcogenide semiconductors,2015,1034,2D Materials and Applications,30,Materials / Applications,4.0,Materials / Applications,,0,0
https://openalex.org/W2053081018,W2053081018,10.1021/acsnano.5b01281,Large-Area Epitaxial Monolayer MoS<sub>2</sub>,2015,875,2D Materials and Applications,3,Sub / Applications,,,,0,0
https://openalex.org/W1506419662,W1506419662,10.1021/acs.jpclett.5b01094,"Phosphorene: Fabrication, Properties, and Applications",2015,825,2D Materials and Applications,9,Applications / Materials,7.0,Applications / Materials,,0,0
https://openalex.org/W2221415887,W2221415887,10.1002/anie.201507568,Semiconducting Group 15 Monolayers: A Broad Range of Band Gaps and High Carrier Mobilities,2015,807,2D Materials and Applications,9,Applications / Materials,7.0,Applications / Materials,,0,0
https://openalex.org/W3098006072,W3098006072,,"Phonon and Raman scattering of two-dimensional transition metal dichalcogenides from monolayer, multilayer to bulk material",2015,738,2D Materials and Applications,15,Applications / Materials,,,,0,0
https://openalex.org/W2264449908,W2264449908,10.1038/ncomms9340,Monolayered Bi2WO6 nanosheets mimicking heterojunction interface with open surfaces for photocatalysis,2015,729,Advanced Photocatalysis Techniques,3,Sub / Applications,,,,0,0
https://openalex.org/W1661147526,W1661147526,10.1038/ncomms8666,Determination of band alignment in the single-layer MoS2/WSe2 heterojunction,2015,657,2D Materials and Applications,6,Sub / Materials,,,,0,0
https://openalex.org/W2096813696,W2096813696,10.1146/annurev-matsci-070214-021034,Beyond Graphene: Progress in Novel Two-Dimensional Materials and van der Waals Solids,2015,639,2D Materials and Applications,3,Sub / Applications,,,,0,0
https://openalex.org/W2259120121,W2259120121,10.1038/nnano.2015.227,Picosecond photoresponse in van der Waals heterostructures,2015,596,2D Materials and Applications,8,Materials / Applications,6.0,Materials / Applications,,0,0
https://openalex.org/W1857639049,W1857639049,10.1038/ncomms7647,Transport properties of pristine few-layer black phosphorus by van der Waals passivation in an inert atmosphere,2015,520,2D Materials and Applications,9,Applications / Materials,7.0,Applications / Materials,,0,0
https://openalex.org/W2012042716,W2012042716,10.1021/acs.nanolett.5b00491,CuInP<sub>2</sub>S<sub>6</sub> Room Temperature Layered Ferroelectric,2015,512,Graphene research and applications,12,Materials / Sub,,,,0,0
https://openalex.org/W2259913129,W2259913129,10.1038/ncomms8315,High-quality sandwiched black phosphorus heterostructure and its quantum oscillations,2015,508,2D Materials and Applications,9,Applications / Materials,7.0,Applications / Materials,,0,0
https://openalex.org/W2146256920,W2146256920,10.1038/ncomms9579,Exciton–polaritons in van der Waals heterostructures embedded in tunable microcavities,2015,505,Strong Light-Matter Interactions,30,Materials / Applications,4.0,Materials / Applications,,0,0
https://openalex.org/W1868805735,W1868805735,10.1038/ncomms8311,Atomically thin resonant tunnel diodes built from synthetic van der Waals heterostructures,2015,457,Graphene research and applications,6,Sub / Materials,,,,0,0
https://openalex.org/W2303258242,W2303258242,10.1021/acsami.5b04672,Characterization of MoS<sub>2</sub>–Graphene Composites for High-Performance Coin Cell Supercapacitors,2015,454,Supercapacitor Materials and Fabrication,3,Sub / Applications,,,,0,0
https://openalex.org/W1898372800,W1898372800,10.3390/electronics4030651,Two-Dimensional Materials for Sensing: Graphene and Beyond,2015,450,Gas Sensing Nanomaterials and Sensors,10,Sub / Gas,,,,0,0
https://openalex.org/W2118253891,W2118253891,10.1093/nsr/nwu080,The rare two-dimensional materials with Dirac cones,2015,447,Graphene research and applications,19,Materials / Applications,,,,0,0
https://openalex.org/W1953096683,W1953096683,10.1038/ncomms9339,Strong interface-induced spin–orbit interaction in graphene on WS2,2015,442,Graphene research and applications,2,Materials / Applications,2.0,Materials / Applications,,0,0
https://openalex.org/W2307514474,W2307514474,10.1021/acsnano.5b01341,"Highly Stable, Dual-Gated MoS<sub>2</sub>Transistors Encapsulated by Hexagonal Boron Nitride with Gate-Controllable Contact, Resistance, and Threshold Voltage",2015,429,2D Materials and Applications,29,Materials / Applications,,,,0,0
https://openalex.org/W2256401257,W2256401257,10.1038/ncomms9569,Large-area synthesis of high-quality and uniform monolayer WS2 on reusable Au foils,2015,420,2D Materials and Applications,21,Sub / Materials,,,,0,0
https://openalex.org/W2031885404,W2031885404,10.1021/nn5073286,"Highly Scalable, Atomically Thin WSe<sub>2</sub> Grown <i>via</i> Metal–Organic Chemical Vapor Deposition",2015,412,2D Materials and Applications,6,Sub / Materials,,,,0,0
https://openalex.org/W2097156402,W2097156402,10.1039/c5nr06718a,Recent advances in transition-metal dichalcogenide based nanomaterials for water splitting,2015,407,Advanced Photocatalysis Techniques,3,Sub / Applications,,,,0,0
https://openalex.org/W149519110,W149519110,10.1021/nn506920z,Broadband Photodetectors Based on Graphene–Bi<sub>2</sub>Te<sub>3</sub> Heterostructure,2015,406,2D Materials and Applications,8,Materials / Applications,6.0,Materials / Applications,,0,0
https://openalex.org/W2114482577,W2114482577,10.1016/j.physrep.2015.12.006,Novel effects of strains in graphene and other two dimensional materials,2015,383,2D Materials and Applications,4,Graphene / Applications,,,,0,0
https://openalex.org/W1833005811,W1833005811,10.1002/adma.201500889,High Broad‐Band Photoresponsivity of Mechanically Formed InSe–Graphene van der Waals Heterostructures,2015,370,2D Materials and Applications,20,Applications / Materials,,,,0,0
https://openalex.org/W2051648236,W2051648236,10.1038/ncomms7308,Origin of band gaps in graphene on hexagonal boron nitride,2015,352,Graphene research and applications,13,Graphene / Applications,,,,0,0
https://openalex.org/W2020417695,W2020417695,10.1038/ncomms7564,Ultimate thin vertical p–n junction composed of two-dimensional layered molybdenum disulfide,2015,349,2D Materials and Applications,6,Sub / Materials,,,,0,0
https://openalex.org/W2236223096,W2236223096,10.1038/ncomms9294,Direct exfoliation and dispersion of two-dimensional materials in pure water via temperature control,2015,340,Graphene research and applications,0,Graphene / Applications,1.0,Graphene / Applications,,0,0
https://openalex.org/W2195015171,W2195015171,10.1021/acs.nanolett.5b04141,"Hybrid, Gate-Tunable, van der Waals p–n Heterojunctions from Pentacene and MoS<sub>2</sub>",2015,335,2D Materials and Applications,6,Sub / Materials,,,,0,0
https://openalex.org/W623846604,W623846604,10.1038/srep10699,High-mobility and air-stable single-layer WS2 field-effect transistors sandwiched between chemical vapor deposition-grown hexagonal BN films,2015,331,2D Materials and Applications,29,Materials / Applications,,,,0,0
https://openalex.org/W2194971073,W2194971073,10.1038/ncomms9589,Planar carbon nanotube–graphene hybrid films for high-performance broadband photodetectors,2015,305,Carbon Nanotubes in Composites,8,Materials / Applications,6.0,Materials / Applications,,0,0
https://openalex.org/W2408969993,W2408969993,10.1038/srep12534,Superconductivity Series in Transition Metal Dichalcogenides by Ionic Gating,2015,300,2D Materials and Applications,29,Materials / Applications,,,,0,0
https://openalex.org/W2145785099,W2145785099,10.1088/2053-1583/2/3/030202,Graphene spintronics: the European Flagship perspective,2015,298,Graphene research and applications,2,Materials / Applications,2.0,Materials / Applications,,0,0
https://openalex.org/W1975194592,W1975194592,10.1007/s12274-014-0637-2,Solution processed MoS2-PVA composite for sub-bandgap mode-locking of a wideband tunable ultrafast Er:fiber laser,2015,291,Advanced Fiber Laser Technologies,3,Sub / Applications,,,,0,0
https://openalex.org/W2282747961,W2282747961,10.1103/physrevb.92.245123,Excitons in van der Waals heterostructures: The important role of dielectric screening,2015,284,2D Materials and Applications,30,Materials / Applications,4.0,Materials / Applications,,0,0
https://openalex.org/W1743267485,W1743267485,10.1039/c5sc01941a,Synthesis of high quality two-dimensional materials via chemical vapor deposition,2015,281,Graphene research and applications,3,Sub / Applications,,,,0,0
https://openalex.org/W1526026297,W1526026297,10.1038/ncomms8596,Self-assembled 2D WSe2 thin films for photoelectrochemical hydrogen production,2015,275,2D Materials and Applications,3,Sub / Applications,,,,0,0
https://openalex.org/W2267636025,W2267636025,10.1038/srep10013,Tungsten Ditelluride: a layered semimetal,2015,261,2D Materials and Applications,17,Materials / Two-Dimensional,,,,0,0
https://openalex.org/W1749217431,W1749217431,10.1073/pnas.1512092112,Structure and control of charge density waves in two-dimensional 1T-TaS <sub>2</sub>,2015,258,2D Materials and Applications,2,Materials / Applications,2.0,Materials / Applications,,0,0
https://openalex.org/W2318911857,W2318911857,10.1021/acs.chemmater.5b03607,Synthesis of Hexagonal Boron Nitride Monolayer: Control of Nucleation and Crystal Morphology,2015,256,Graphene research and applications,13,Graphene / Applications,,,,0,0
https://openalex.org/W1815904693,W1815904693,10.1038/ncomms8809,High-performance n-type black phosphorus transistors with type control via thickness and contact-metal engineering,2015,251,2D Materials and Applications,9,Applications / Materials,7.0,Applications / Materials,,0,0
https://openalex.org/W2509108805,W2509108805,10.1021/acsphotonics.5b00193,Graphene–Bi<sub>2</sub>Te<sub>3</sub> Heterostructure as Saturable Absorber for Short Pulse Generation,2015,251,Advanced Fiber Laser Technologies,14,Materials / Optical,,,,0,0
https://openalex.org/W1478337505,W1478337505,10.1038/ncomms8993,Visualizing nanoscale excitonic relaxation properties of disordered edges and grain boundaries in monolayer molybdenum disulfide,2015,247,2D Materials and Applications,21,Sub / Materials,,,,0,0
https://openalex.org/W2413528195,W2413528195,10.1016/j.surfrep.2015.10.001,Vibrational and optical properties of MoS2: From monolayer to bulk,2015,241,2D Materials and Applications,30,Materials / Applications,4.0,Materials / Applications,,0,0
https://openalex.org/W2144365122,W2144365122,10.3390/photonics2010288,Recent Advancement on the Optical Properties of Two-Dimensional Molybdenum Disulfide (MoS2) Thin Films,2015,240,2D Materials and Applications,3,Sub / Applications,,,,0,0
https://openalex.org/W1992478270,W1992478270,10.1038/ncomms7519,Direct growth of large-area graphene and boron nitride heterostructures by a co-segregation method,2015,229,Graphene research and applications,13,Graphene / Applications,,,,0,0
https://openalex.org/W2136419883,W2136419883,10.1021/acs.nanolett.5b02368,High-Responsivity Graphene–Boron Nitride Photodetector and Autocorrelator in a Silicon Photonic Integrated Circuit,2015,227,Photonic and Optical Devices,8,Materials / Applications,6.0,Materials / Applications,,0,0
https://openalex.org/W1912751209,W1912751209,10.1038/nphys3460,Observation of negative refraction of Dirac fermions in graphene,2015,223,Metamaterials and Metasurfaces Applications,4,Graphene / Applications,,,,0,0
https://openalex.org/W2134011220,W2134011220,10.1038/ncomms7088,Probing the electron states and metal-insulator transition mechanisms in molybdenum disulphide vertical heterostructures,2015,223,2D Materials and Applications,29,Materials / Applications,,,,0,0
https://openalex.org/W2272187627,W2272187627,10.1038/srep09961,Theoretical predictions on the electronic structure and charge carrier mobility in 2D Phosphorus sheets,2015,220,2D Materials and Applications,9,Applications / Materials,7.0,Applications / Materials,,0,0
https://openalex.org/W2067905720,W2067905720,10.1038/ncomms7835,Temperature-triggered chemical switching growth of in-plane and vertically stacked graphene-boron nitride heterostructures,2015,218,Graphene research and applications,13,Graphene / Applications,,,,0,0
https://openalex.org/W2238114835,W2238114835,10.1021/acs.nanolett.5b03944,van der Waals Heterojunction Devices Based on Organohalide Perovskites and Two-Dimensional Materials,2015,218,Perovskite Materials and Applications,28,Applications / Materials,,,,0,0
https://openalex.org/W2011385937,W2011385937,10.1103/physrevb.91.165403,Observation of interlayer phonon modes in van der Waals heterostructures,2015,216,2D Materials and Applications,6,Sub / Materials,,,,0,0
https://openalex.org/W2321015465,W2321015465,10.1021/acsnano.5b00554,Vacancy-Induced Formation and Growth of Inversion Domains in Transition-Metal Dichalcogenide Monolayer,2015,210,2D Materials and Applications,21,Sub / Materials,,,,0,0
https://openalex.org/W2101718165,W2101718165,10.1038/ncomms7499,Silane-catalysed fast growth of large single-crystalline graphene on hexagonal boron nitride,2015,208,Graphene research and applications,13,Graphene / Applications,,,,0,0
https://openalex.org/W2963664010,W2963664010,10.1038/srep17482,"Yb- and Er-doped fiber laser Q-switched with an optically uniform, broadband WS2 saturable absorber",2015,206,Advanced Fiber Laser Technologies,3,Sub / Applications,,,,0,0
https://openalex.org/W2079800322,W2079800322,10.1088/0953-8984/27/13/133204,Thermoelectric effects in graphene nanostructures,2015,204,Graphene research and applications,13,Graphene / Applications,,,,0,0
https://openalex.org/W2030791422,W2030791422,10.1007/s11467-015-0459-z,Graphene versus MoS2: A short review,2015,201,2D Materials and Applications,1,Graphene / Materials,,,,0,0
https://openalex.org/W2061976230,W2061976230,10.1038/ncomms7972,Patterning two-dimensional chalcogenide crystals of Bi2Se3 and In2Se3 and efficient photodetectors,2015,201,2D Materials and Applications,2,Materials / Applications,2.0,Materials / Applications,,0,0
https://openalex.org/W2257606941,W2257606941,10.1038/ncomms9831,Ultrafast response of monolayer molybdenum disulfide photodetectors,2015,197,2D Materials and Applications,6,Sub / Materials,,,,0,0
https://openalex.org/W1787408038,W1787408038,10.3390/s150922490,Carbon Nanomaterials Based Electrochemical Sensors/Biosensors for the Sensitive Detection of Pharmaceutical and Biological Compounds,2015,196,Electrochemical sensors and biosensors,0,Graphene / Applications,1.0,Graphene / Applications,,0,0
https://openalex.org/W2281778970,W2281778970,10.1021/acsnano.5b06398,Rotationally Commensurate Growth of MoS<sub>2</sub>on Epitaxial Graphene,2015,195,Graphene research and applications,21,Sub / Materials,,,,0,0
https://openalex.org/W2264097239,W2264097239,10.1038/srep11830,Highly responsive MoS2 photodetectors enhanced by graphene quantum dots,2015,192,2D Materials and Applications,8,Materials / Applications,6.0,Materials / Applications,,0,0
https://openalex.org/W2464025522,W2464025522,10.1007/s40820-015-0034-8,Advances in MoS2-Based Field Effect Transistors (FETs),2015,192,2D Materials and Applications,29,Materials / Applications,,,,0,0
https://openalex.org/W1591551585,W1591551585,10.3390/nano5020906,Nanostructured Electrode Materials for Electrochemical Capacitor Applications,2015,191,Supercapacitor Materials and Fabrication,7,Materials / Supercapacitor,5.0,Materials / Supercapacitor,,0,0
https://openalex.org/W1582017504,W1582017504,10.1038/ncomms8702,Two-dimensional magnetotransport in a black phosphorus naked quantum well,2015,190,2D Materials and Applications,9,Applications / Materials,7.0,Applications / Materials,,0,0
https://openalex.org/W2007878824,W2007878824,10.1038/srep08440,Measuring the Refractive Index of Highly Crystalline Monolayer MoS2 with High Confidence,2015,186,2D Materials and Applications,6,Sub / Materials,,,,0,0
https://openalex.org/W2255283072,W2255283072,10.1038/ncomms8372,Interlayer orientation-dependent light absorption and emission in monolayer semiconductor stacks,2015,186,2D Materials and Applications,6,Sub / Materials,,,,0,0
https://openalex.org/W2277469039,W2277469039,10.1021/acs.analchem.5b01560,Label-Free SERS Selective Detection of Dopamine and Serotonin Using Graphene-Au Nanopyramid Heterostructure,2015,184,Gold and Silver Nanoparticles Synthesis and Applications,15,Applications / Materials,,,,0,0
https://openalex.org/W1897502501,W1897502501,10.1038/ncomms9006,Direct oriented growth of armchair graphene nanoribbons on germanium,2015,182,Graphene research and applications,0,Graphene / Applications,1.0,Graphene / Applications,,0,0
https://openalex.org/W1558102060,W1558102060,10.1039/c5nr06293d,Interlayer electronic hybridization leads to exceptional thickness-dependent vibrational properties in few-layer black phosphorus,2015,181,2D Materials and Applications,9,Applications / Materials,7.0,Applications / Materials,,0,0
https://openalex.org/W2275742040,W2275742040,10.1021/acsnano.5b01884,Low-Frequency Raman Fingerprints of Two-Dimensional Metal Dichalcogenide Layer Stacking Configurations,2015,177,2D Materials and Applications,15,Applications / Materials,,,,0,0
https://openalex.org/W2068782688,W2068782688,10.1038/ncomms7136,Ferroelectrically driven spatial carrier density modulation in graphene,2015,174,Graphene research and applications,4,Graphene / Applications,,,,0,0
https://openalex.org/W2065692855,W2065692855,10.1021/ja5107145,Controlling the Metal to Semiconductor Transition of MoS<sub>2</sub> and WS<sub>2</sub> in Solution,2015,172,2D Materials and Applications,3,Sub / Applications,,,,0,0
https://openalex.org/W2174354114,W2174354114,10.1021/acsnano.5b02345,Van der Waals Epitaxy of Two-Dimensional MoS<sub>2</sub>–Graphene Heterostructures in Ultrahigh Vacuum,2015,171,2D Materials and Applications,6,Sub / Materials,,,,0,0
https://openalex.org/W2212652370,W2212652370,10.1038/ncomms9892,Tuning magnetotransport in a compensated semimetal at the atomic scale,2015,170,2D Materials and Applications,9,Applications / Materials,7.0,Applications / Materials,,0,0
https://openalex.org/W2963521873,W2963521873,10.1088/2053-1583/2/4/041002,Fully dry PMMA transfer of graphene on <i>h</i> -BN using a heating/cooling system,2015,166,Graphene research and applications,13,Graphene / Applications,,,,0,0
https://openalex.org/W1770697966,W1770697966,10.1038/srep15313,Highly Crystalline CVD-grown Multilayer MoSe2 Thin Film Transistor for Fast Photodetector,2015,165,2D Materials and Applications,8,Materials / Applications,6.0,Materials / Applications,,0,0
https://openalex.org/W2292019154,W2292019154,10.1038/srep18116,One-step Synthesis of Few-layer WS2 by Pulsed Laser Deposition,2015,164,2D Materials and Applications,3,Sub / Applications,,,,0,0
https://openalex.org/W1442868788,W1442868788,10.1038/srep12587,Passively mode-locked fiber laser by a cell-type WS2 nanosheets saturable absorber,2015,161,Advanced Fiber Laser Technologies,14,Materials / Optical,,,,0,0
https://openalex.org/W1579724179,W1579724179,10.1038/srep12295,Landau levels and magneto-transport property of monolayer phosphorene,2015,161,2D Materials and Applications,9,Applications / Materials,7.0,Applications / Materials,,0,0
https://openalex.org/W1869913168,W1869913168,10.1038/ncomms8509,Electric-field-induced strong enhancement of electroluminescence in multilayer molybdenum disulfide,2015,161,2D Materials and Applications,6,Sub / Materials,,,,0,0
https://openalex.org/W2044163435,W2044163435,10.1021/nl504860z,High-Speed Electro-Optic Modulator Integrated with Graphene-Boron Nitride Heterostructure and Photonic Crystal Nanocavity,2015,157,Plasmonic and Surface Plasmon Research,8,Materials / Applications,6.0,Materials / Applications,,0,0
https://openalex.org/W1525294231,W1525294231,10.1038/srep11472,Extrinsic Origin of Persistent Photoconductivity in Monolayer MoS2 Field Effect Transistors,2015,155,2D Materials and Applications,29,Materials / Applications,,,,0,0
https://openalex.org/W2095477275,W2095477275,10.1021/acs.nanolett.5b00160,Probing the Role of Interlayer Coupling and Coulomb Interactions on Electronic Structure in Few-Layer MoSe<sub>2</sub> Nanostructures,2015,154,2D Materials and Applications,30,Materials / Applications,4.0,Materials / Applications,,0,0
https://openalex.org/W2305231829,W2305231829,10.1038/srep15103,Interface designed MoS2/GaAs heterostructure solar cell with sandwich stacked hexagonal boron nitride,2015,150,2D Materials and Applications,8,Materials / Applications,6.0,Materials / Applications,,0,0
https://openalex.org/W2340200892,W2340200892,10.1021/acsnano.5b05474,Spectroscopic Signatures of AA′ and AB Stacking of Chemical Vapor Deposited Bilayer MoS<sub>2</sub>,2015,143,2D Materials and Applications,15,Applications / Materials,,,,0,0
https://openalex.org/W2262205979,W2262205979,10.1038/ncomms9593,Scalable fabrication of a hybrid field-effect and acousto-electric device by direct growth of monolayer MoS2/LiNbO3,2015,135,Acoustic Wave Resonator Technologies,29,Materials / Applications,,,,0,0
https://openalex.org/W1900086672,W1900086672,10.1002/pssb.201552211,Spin and valley dynamics of excitons in transition metal dichalcogenide monolayers,2015,132,2D Materials and Applications,30,Materials / Applications,4.0,Materials / Applications,,0,0
https://openalex.org/W2220159002,W2220159002,10.1038/srep18730,Charge-Transfer Induced High Efficient Hydrogen Evolution of MoS2/graphene Cocatalyst,2015,132,Electrocatalysts for Energy Conversion,3,Sub / Applications,,,,0,0
https://openalex.org/W2325750378,W2325750378,10.1021/am508569m,Controlled van der Waals Epitaxy of Monolayer MoS<sub>2</sub> Triangular Domains on Graphene,2015,131,2D Materials and Applications,3,Sub / Applications,,,,0,0
https://openalex.org/W1994192720,W1994192720,10.1038/srep08130,Strong enhancement of photoresponsivity with shrinking the electrodes spacing in few layer GaSe photodetectors,2015,125,2D Materials and Applications,8,Materials / Applications,6.0,Materials / Applications,,0,0
https://openalex.org/W2216327046,W2216327046,10.1088/0957-4484/26/29/292001,"Synthesis, properties and applications of 2D non-graphene materials",2015,125,2D Materials and Applications,3,Sub / Applications,,,,0,0
https://openalex.org/W2032267044,W2032267044,10.1038/ncomms7181,Ultimately short ballistic vertical graphene Josephson junctions,2015,121,Quantum and electron transport phenomena,2,Materials / Applications,2.0,Materials / Applications,,0,0
https://openalex.org/W2396780102,W2396780102,10.1038/srep16374,Plasmonic Gold Nanorods Coverage Influence on Enhancement of the Photoluminescence of Two-Dimensional MoS2 Monolayer,2015,117,2D Materials and Applications,3,Sub / Applications,,,,0,0
https://openalex.org/W2408853283,W2408853283,10.1515/nanoph-2015-0012,State‐of‐the‐art photodetectors for optoelectronic integration at telecommunication wavelength,2015,117,Photonic and Optical Devices,8,Materials / Applications,6.0,Materials / Applications,,0,0
https://openalex.org/W1992299924,W1992299924,10.1038/ncomms6838,Composite fermions and broken symmetries in graphene,2015,115,Graphene research and applications,13,Graphene / Applications,,,,0,0
https://openalex.org/W2137922190,W2137922190,10.1038/srep16448,Strain induced piezoelectric effect in black phosphorus and MoS2 van der Waals heterostructure,2015,114,2D Materials and Applications,9,Applications / Materials,7.0,Applications / Materials,,0,0
https://openalex.org/W2198681555,W2198681555,10.1088/2053-1583/2/4/045015,Second Harmonic Generation in WSe <sub>2</sub>,2015,114,2D Materials and Applications,14,Materials / Optical,,,,0,0
https://openalex.org/W2114033106,W2114033106,10.1038/ncomms7523,Universal composition–structure–property maps for natural and biomimetic platelet–matrix composites and stacked heterostructures,2015,113,Calcium Carbonate Crystallization and Inhibition,1,Graphene / Materials,,,,0,0
https://openalex.org/W2138795088,W2138795088,10.1088/2053-1583/2/3/035010,Photoluminescence of two-dimensional GaTe and GaSe films,2015,113,2D Materials and Applications,20,Applications / Materials,,,,0,0
https://openalex.org/W2252960232,W2252960232,10.1038/srep10990,MoS2 Heterojunctions by Thickness Modulation,2015,110,2D Materials and Applications,6,Sub / Materials,,,,0,0
https://openalex.org/W2266228346,W2266228346,10.1038/ncomms9337,Extremely large magnetoresistance in few-layer graphene/boron–nitride heterostructures,2015,108,Graphene research and applications,4,Graphene / Applications,,,,0,0
https://openalex.org/W2005205442,W2005205442,10.1038/srep07881,"Defects in Silicene: Vacancy Clusters, Extended Line Defects and Di-adatoms",2015,107,Graphene research and applications,19,Materials / Applications,,,,0,0
https://openalex.org/W4238596349,W4238596349,10.1155/2015/850147,SnO<sub>2</sub>‐Based Nanomaterials: Synthesis and Application in Lithium‐Ion Batteries and Supercapacitors,2015,106,Advancements in Battery Materials,7,Materials / Supercapacitor,5.0,Materials / Supercapacitor,,0,0
https://openalex.org/W1168726229,W1168726229,10.1038/srep13205,The growth scale and kinetics of WS2 monolayers under varying H2 concentration,2015,103,2D Materials and Applications,6,Sub / Materials,,,,0,0
https://openalex.org/W2265670371,W2265670371,10.1038/srep10872,Elastic Deformations in 2D van der waals Heterostructures and their Impact on Optoelectronic Properties: Predictions from a Multiscale Computational Approach,2015,103,2D Materials and Applications,13,Graphene / Applications,,,,0,0
https://openalex.org/W2158100123,W2158100123,10.1063/1.4935028,A van der Waals pn heterojunction with organic/inorganic semiconductors,2015,101,Graphene research and applications,6,Sub / Materials,,,,0,0
https://openalex.org/W2062884997,W2062884997,10.1038/srep08722,Well-Constructed Single-Layer Molybdenum Disulfide Nanorose Cross-Linked by Three Dimensional-Reduced Graphene Oxide Network for Superior Water Splitting and Lithium Storage Property,2015,99,Advanced Photocatalysis Techniques,3,Sub / Applications,,,,0,0
https://openalex.org/W2072912287,W2072912287,10.1038/srep09792,Polymer-Derived Ceramic Functionalized MoS2 Composite Paper as a Stable Lithium-Ion Battery Electrode,2015,95,Advancements in Battery Materials,3,Sub / Applications,,,,0,0
https://openalex.org/W1469939955,W1469939955,10.1038/srep13783,Robust Direct Bandgap Characteristics of One- and Two-Dimensional ReS2,2015,94,2D Materials and Applications,19,Materials / Applications,,,,0,0
https://openalex.org/W2097037640,W2097037640,10.1038/ncomms7093,Conductance oscillations induced by ballistic snake states in a graphene heterojunction,2015,89,Graphene research and applications,13,Graphene / Applications,,,,0,0
https://openalex.org/W1539175047,W1539175047,10.1002/adom.201500301,Coupling and Interlayer Exciton in Twist‐Stacked WS<sub>2</sub> Bilayers,2015,88,2D Materials and Applications,6,Sub / Materials,,,,0,0
https://openalex.org/W2157279937,W2157279937,10.3389/fchem.2015.00038,Graphene hybrids: synthesis strategies and applications in sensors and sensitized solar cells,2015,87,Graphene research and applications,0,Graphene / Applications,1.0,Graphene / Applications,,0,0
https://openalex.org/W1998758722,W1998758722,10.1021/nl504200y,Unveiling Surface Redox Charge Storage of Interacting Two-Dimensional Heteronanosheets in Hierarchical Architectures,2015,86,2D Materials and Applications,7,Materials / Supercapacitor,5.0,Materials / Supercapacitor,,0,0
https://openalex.org/W2416248747,W2416248747,10.1038/srep14760,In-situ epitaxial growth of graphene/h-BN van der Waals heterostructures by molecular beam epitaxy,2015,86,Graphene research and applications,13,Graphene / Applications,,,,0,0
https://openalex.org/W1976214109,W1976214109,10.1016/j.electacta.2015.03.109,Reduced Graphene Oxide/Boron Nitride Composite Film as a Novel Binder-Free Anode for Lithium Ion Batteries with Enhanced Performances,2015,83,Advancements in Battery Materials,0,Graphene / Applications,1.0,Graphene / Applications,,0,0
https://openalex.org/W2288998254,W2288998254,10.1038/srep16159,Single Crystalline Film of Hexagonal Boron Nitride Atomic Monolayer by Controlling Nucleation Seeds and Domains,2015,83,Graphene research and applications,13,Graphene / Applications,,,,0,0
https://openalex.org/W1581598396,W1581598396,10.1002/andp.201400204,Moiré superlattice effects in graphene/boron‐nitride van der Waals heterostructures,2015,82,Graphene research and applications,13,Graphene / Applications,,,,0,0
https://openalex.org/W2218684458,W2218684458,10.1038/srep16646,"Structural, electronic and vibrational properties of few-layer 2H- and 1T-TaSe2",2015,77,2D Materials and Applications,15,Applications / Materials,,,,0,0
https://openalex.org/W2270353087,W2270353087,10.1038/ncomms8482,Revealing the planar chemistry of two-dimensional heterostructures at the atomic level,2015,77,Graphene research and applications,13,Graphene / Applications,,,,0,0
https://openalex.org/W2020661743,W2020661743,10.1038/srep07743,Synthesis of Large and Few Atomic Layers of Hexagonal Boron Nitride on Melted Copper,2015,76,Graphene research and applications,13,Graphene / Applications,,,,0,0
https://openalex.org/W2419487044,W2419487044,10.1038/srep13743,Electrically Tunable and Negative Schottky Barriers in Multi-layered Graphene/MoS2 Heterostructured Transistors,2015,76,Graphene research and applications,29,Materials / Applications,,,,0,0
https://openalex.org/W2414824409,W2414824409,10.1038/srep16465,Atomically Sharp Interface in an h-BN-epitaxial graphene van der Waals Heterostructure,2015,75,Graphene research and applications,13,Graphene / Applications,,,,0,0
https://openalex.org/W2498106012,W2498106012,10.1126/science.aac9439,2D materials and van der Waals heterostructures,2016,7249,2D Materials and Applications,11,Graphene / Quantum,,,,0,0
https://openalex.org/W2258661450,W2258661450,10.1016/j.rser.2015.12.249,Review on supercapacitors: Technologies and materials,2016,2886,Supercapacitor Materials and Fabrication,7,Materials / Supercapacitor,5.0,Materials / Supercapacitor,,0,0
https://openalex.org/W2475096219,W2475096219,10.1038/natrevmats.2016.42,Van der Waals heterostructures and devices,2016,2721,2D Materials and Applications,5,Superconductivity / Sub,,,,0,0
https://openalex.org/W2331460309,W2331460309,10.1021/acs.chemrev.5b00620,"Noncovalent Functionalization of Graphene and Graphene Oxide for Energy Materials, Biosensing, Catalytic, and Biomedical Applications",2016,2421,Graphene research and applications,0,Graphene / Applications,1.0,Graphene / Applications,,0,0
https://openalex.org/W2292770293,W2292770293,10.1038/nnano.2015.340,Catalysis with two-dimensional materials and their heterostructures,2016,2281,Advanced Photocatalysis Techniques,19,Materials / Applications,,,,0,0
https://openalex.org/W2194534706,W2194534706,10.1038/nphoton.2015.277,Hexagonal boron nitride is an indirect bandgap semiconductor,2016,1349,2D Materials and Applications,13,Graphene / Applications,,,,0,0
https://openalex.org/W2508979391,W2508979391,10.1038/nnano.2016.242,"High electron mobility, quantum Hall effect and anomalous optical response in atomically thin InSe",2016,1327,2D Materials and Applications,20,Applications / Materials,,,,0,0
https://openalex.org/W2508408601,W2508408601,10.1038/ncomms12357,Room-temperature ferroelectricity in CuInP2S6 ultrathin flakes,2016,1194,2D Materials and Applications,12,Materials / Sub,,,,0,0
https://openalex.org/W2550660184,W2550660184,10.1038/ncomms13352,Two-dimensional antimonene single crystals grown by van der Waals epitaxy,2016,976,2D Materials and Applications,9,Applications / Materials,7.0,Applications / Materials,,0,0
https://openalex.org/W2342787304,W2342787304,10.1038/ncomms10672,Pure and stable metallic phase molybdenum disulfide nanosheets for hydrogen evolution reaction,2016,901,2D Materials and Applications,3,Sub / Applications,,,,0,0
https://openalex.org/W2557092610,W2557092610,10.1002/adfm.201603886,Photodetectors Based on Two‐Dimensional Layered Materials Beyond Graphene,2016,697,2D Materials and Applications,8,Materials / Applications,6.0,Materials / Applications,,0,0
https://openalex.org/W2350938626,W2350938626,10.1038/ncomms11894,The hot pick-up technique for batch assembly of van der Waals heterostructures,2016,685,Graphene research and applications,26,Graphene / Materials,,,,0,0
https://openalex.org/W2342174548,W2342174548,10.1126/sciadv.1600069,Van der Waals metal-semiconductor junction: Weak Fermi level pinning enables effective tuning of Schottky barrier,2016,671,2D Materials and Applications,29,Materials / Applications,,,,0,0
https://openalex.org/W2519459322,W2519459322,10.1038/nmat4749,Synthesis of freestanding single-crystal perovskite films and heterostructures by etching of sacrificial water-soluble layers,2016,644,Electronic and Structural Properties of Oxides,23,Graphene / Van Der,,,,0,0
https://openalex.org/W2222525807,W2222525807,10.1002/adfm.201504546,Highly Sensitive Detection of Polarized Light Using Anisotropic 2D ReS<sub>2</sub>,2016,524,2D Materials and Applications,9,Applications / Materials,7.0,Applications / Materials,,0,0
https://openalex.org/W2559776336,W2559776336,10.1088/2053-1583/3/4/042001,"2D materials advances: from large scale synthesis and controlled heterostructures to improved characterization techniques, defects and applications",2016,521,2D Materials and Applications,21,Sub / Materials,,,,0,0
https://openalex.org/W2560701263,W2560701263,10.1002/advs.201600289,MoS<sub>2</sub>‐Based Nanocomposites for Electrochemical Energy Storage,2016,474,Supercapacitor Materials and Fabrication,3,Sub / Applications,,,,0,0
https://openalex.org/W2550520223,W2550520223,10.1039/c6cy02178f,Review of two-dimensional materials for photocatalytic water splitting from a theoretical perspective,2016,439,Advanced Photocatalysis Techniques,19,Materials / Applications,,,,0,0
https://openalex.org/W2509583902,W2509583902,10.1088/2053-1583/3/3/031009,Raman spectroscopy of atomically thin two-dimensional magnetic iron phosphorus trisulfide (FePS <sub>3</sub> ) crystals,2016,427,2D Materials and Applications,2,Materials / Applications,2.0,Materials / Applications,,0,0
https://openalex.org/W2512054889,W2512054889,10.1103/physrevlett.117.116804,Superlattice-Induced Insulating States and Valley-Protected Orbits in Twisted Bilayer Graphene,2016,426,Graphene research and applications,16,Graphene / Applications,3.0,Graphene / Applications,,0,0
https://openalex.org/W2430373430,W2430373430,10.1038/srep28190,Sensitivity Enhancement of Transition Metal Dichalcogenides/Silicon Nanostructure-based Surface Plasmon Resonance Biosensor,2016,423,Advanced biosensing and bioanalysis techniques,30,Materials / Applications,4.0,Materials / Applications,,0,0
https://openalex.org/W2513770285,W2513770285,10.1038/ncomms12512,Ultrafast formation of interlayer hot excitons in atomically thin MoS2/WS2 heterostructures,2016,417,2D Materials and Applications,6,Sub / Materials,,,,0,0
https://openalex.org/W2397011628,W2397011628,10.1002/smll.201600032,"Black Phosphorus Nanosheets: Synthesis, Characterization and Applications",2016,416,2D Materials and Applications,9,Applications / Materials,7.0,Applications / Materials,,0,0
https://openalex.org/W2258171898,W2258171898,10.1021/acs.nanolett.5b05066,"Low-Resistance 2D/2D Ohmic Contacts: A Universal Approach to High-Performance WSe<sub>2</sub>, MoS<sub>2</sub>, and MoSe<sub>2</sub> Transistors",2016,413,2D Materials and Applications,29,Materials / Applications,,,,0,0
https://openalex.org/W2225386328,W2225386328,10.1021/acs.nanolett.5b04538,Broadband Photovoltaic Detectors Based on an Atomically Thin Heterostructure,2016,402,2D Materials and Applications,8,Materials / Applications,6.0,Materials / Applications,,0,0
https://openalex.org/W2301580049,W2301580049,10.1038/ncomms11043,Enhanced superconductivity in atomically thin TaS2,2016,398,2D Materials and Applications,5,Superconductivity / Sub,,,,0,0
https://openalex.org/W2291256505,W2291256505,10.1039/c5nr07855e,Highly energetic compositions based on functionalized carbon nanomaterials,2016,394,Energetic Materials and Combustion,0,Graphene / Applications,1.0,Graphene / Applications,,0,0
https://openalex.org/W1939092039,W1939092039,10.1103/revmodphys.88.045003,Materials perspective on Casimir and van der Waals interactions,2016,390,Quantum Electrodynamics and Casimir Effect,4,Graphene / Applications,,,,0,0
https://openalex.org/W2192049338,W2192049338,10.1038/ncomms11880,Efficient plasmonic emission by the quantum Čerenkov effect from hot carriers in graphene,2016,371,Plasmonic and Surface Plasmon Research,4,Graphene / Applications,,,,0,0
https://openalex.org/W2515223004,W2515223004,10.1038/ncomms12725,Two-terminal floating-gate memory with van der Waals heterostructures for ultrahigh on/off ratio,2016,360,Graphene research and applications,22,Materials / Applications,,,,0,0
https://openalex.org/W2512793494,W2512793494,10.1038/ncomms12587,Universal shape and pressure inside bubbles appearing in van der Waals heterostructures,2016,358,Graphene research and applications,26,Graphene / Materials,,,,0,0
https://openalex.org/W2322193316,W2322193316,10.1038/ncomms12978,Atomically thin quantum light-emitting diodes,2016,332,2D Materials and Applications,30,Materials / Applications,4.0,Materials / Applications,,0,0
https://openalex.org/W2467481890,W2467481890,10.1038/ncomms12334,Far-field nanoscale infrared spectroscopy of vibrational fingerprints of molecules with graphene plasmons,2016,320,Gold and Silver Nanoparticles Synthesis and Applications,4,Graphene / Applications,,,,0,0
https://openalex.org/W2283935452,W2283935452,10.1038/srep20904,Exfoliation and Raman Spectroscopic Fingerprint of Few-Layer NiPS3 Van der Waals Crystals,2016,315,2D Materials and Applications,15,Applications / Materials,,,,0,0
https://openalex.org/W2198265245,W2198265245,10.1103/physrevb.93.155104,Trivial and inverted Dirac bands and the emergence of quantum spin Hall states in graphene on transition-metal dichalcogenides,2016,307,Graphene research and applications,2,Materials / Applications,2.0,Materials / Applications,,0,0
https://openalex.org/W2345784910,W2345784910,10.2147/ijn.s105264,"Synthesis, toxicity, biocompatibility, and biomedical applications of graphene and graphene-related materials",2016,305,Graphene and Nanomaterials Applications,0,Graphene / Applications,1.0,Graphene / Applications,,0,0
https://openalex.org/W2420825669,W2420825669,10.1021/acsnano.6b01486,Interlayer Coupling in Twisted WSe<sub>2</sub>/WS<sub>2</sub> Bilayer Heterostructures Revealed by Optical Spectroscopy,2016,305,2D Materials and Applications,6,Sub / Materials,,,,0,0
https://openalex.org/W2335871420,W2335871420,10.1126/sciadv.1501882,Two-dimensional GaSe/MoSe <sub>2</sub> misfit bilayer heterojunctions by van der Waals epitaxy,2016,296,2D Materials and Applications,6,Sub / Materials,,,,0,0
https://openalex.org/W2510307231,W2510307231,10.1038/srep31994,Electronic structures and enhanced optical properties of blue phosphorene/transition metal dichalcogenides van der Waals heterostructures,2016,287,2D Materials and Applications,19,Materials / Applications,,,,0,0
https://openalex.org/W2337829338,W2337829338,10.1038/ncomms13328,Room-temperature Tamm-plasmon exciton-polaritons with a WSe2 monolayer,2016,280,Strong Light-Matter Interactions,30,Materials / Applications,4.0,Materials / Applications,,0,0
https://openalex.org/W2464563468,W2464563468,10.1002/advs.201600018,"Ultrafast, Broadband Photodetector Based on MoSe<sub>2</sub>/Silicon Heterojunction with Vertically Standing Layered Structure Using Graphene as Transparent Electrode",2016,276,2D Materials and Applications,8,Materials / Applications,6.0,Materials / Applications,,0,0
https://openalex.org/W2254213269,W2254213269,10.1103/physrevb.93.035414,First-principles method for electron-phonon coupling and electron mobility: Applications to two-dimensional materials,2016,275,Graphene research and applications,29,Materials / Applications,,,,0,0
https://openalex.org/W2292862804,W2292862804,10.1080/21663831.2016.1174163,Physically founded phonon dispersions of few-layer materials and the case of borophene,2016,271,2D Materials and Applications,9,Applications / Materials,7.0,Applications / Materials,,0,0
https://openalex.org/W2496143779,W2496143779,10.1038/nphys3968,Topological mosaics in moiré superlattices of van der Waals heterobilayers,2016,271,2D Materials and Applications,16,Graphene / Applications,3.0,Graphene / Applications,,0,0
https://openalex.org/W2517024862,W2517024862,10.1002/aenm.201600355,"Two‐Dimensional Metal Oxide and Metal Hydroxide Nanosheets: Synthesis, Controlled Assembly and Applications in Energy Conversion and Storage",2016,271,Supercapacitor Materials and Fabrication,7,Materials / Supercapacitor,5.0,Materials / Supercapacitor,,0,0
https://openalex.org/W2324540297,W2324540297,10.1038/ncomms12174,Photo-thermionic effect in vertical graphene heterostructures,2016,251,Graphene research and applications,8,Materials / Applications,6.0,Materials / Applications,,0,0
https://openalex.org/W2263057168,W2263057168,10.1039/c5nr06705g,Surface energy and wettability of van der Waals structures,2016,247,Graphene research and applications,10,Sub / Gas,,,,0,0
https://openalex.org/W2512478310,W2512478310,10.1038/srep32625,"Newtype single-layer magnetic semiconductor in transition-metal dichalcogenides VX2 (X = S, Se and Te)",2016,246,2D Materials and Applications,2,Materials / Applications,2.0,Materials / Applications,,0,0
https://openalex.org/W2559596067,W2559596067,10.1088/2053-1583/4/1/015026,Systematic study of electronic structure and band alignment of monolayer transition metal dichalcogenides in Van der Waals heterostructures,2016,246,2D Materials and Applications,6,Sub / Materials,,,,0,0
https://openalex.org/W2261055681,W2261055681,10.1038/ncomms10426,Misorientation-angle-dependent electrical transport across molybdenum disulfide grain boundaries,2016,235,2D Materials and Applications,21,Sub / Materials,,,,0,0
https://openalex.org/W2467689419,W2467689419,10.1038/ncomms12206,Direct TEM observations of growth mechanisms of two-dimensional MoS2 flakes,2016,228,2D Materials and Applications,3,Sub / Applications,,,,0,0
https://openalex.org/W2533215342,W2533215342,10.1038/nphys3928,Interlayer electron–phonon coupling in WSe2/hBN heterostructures,2016,228,2D Materials and Applications,13,Graphene / Applications,,,,0,0
https://openalex.org/W2400796930,W2400796930,10.3390/ma9060406,"Graphene–Gold Nanoparticles Hybrid—Synthesis, Functionalization, and Application in a Electrochemical and Surface-Enhanced Raman Scattering Biosensor",2016,226,Graphene and Nanomaterials Applications,0,Graphene / Applications,1.0,Graphene / Applications,,0,0
https://openalex.org/W2268433210,W2268433210,10.1021/acs.nanolett.5b05015,Low-Frequency Interlayer Raman Modes to Probe Interface of Twisted Bilayer MoS<sub>2</sub>,2016,224,2D Materials and Applications,15,Applications / Materials,,,,0,0
https://openalex.org/W2410529002,W2410529002,10.1038/srep21171,Synthesis and characterization of vertically standing MoS2 nanosheets,2016,224,2D Materials and Applications,3,Sub / Applications,,,,0,0
https://openalex.org/W2237668177,W2237668177,10.1021/acsami.5b11492,Self-Assembly-Induced Alternately Stacked Single-Layer MoS<sub>2</sub> and N-doped Graphene: A Novel van der Waals Heterostructure for Lithium-Ion Batteries,2016,223,2D Materials and Applications,3,Sub / Applications,,,,0,0
https://openalex.org/W2208811766,W2208811766,10.1002/adma.201505070,Parallel Stitching of 2D Materials,2016,221,Graphene research and applications,6,Sub / Materials,,,,0,0
https://openalex.org/W2491578089,W2491578089,10.1038/nphys3856,Gaps induced by inversion symmetry breaking and second-generation Dirac cones in graphene/hexagonal boron nitride,2016,221,Graphene research and applications,13,Graphene / Applications,,,,0,0
https://openalex.org/W2548293884,W2548293884,10.1002/adfm.201603254,"Two‐Dimensional Non‐Layered Materials: Synthesis, Properties and Applications",2016,221,2D Materials and Applications,28,Applications / Materials,,,,0,0
https://openalex.org/W2187266395,W2187266395,10.1038/srep19159,Synthesis of Large-Area WS2 monolayers with Exceptional Photoluminescence,2016,208,2D Materials and Applications,21,Sub / Materials,,,,0,0
https://openalex.org/W2417177018,W2417177018,10.1038/ncomms13372,A two-dimensional spin field-effect switch,2016,206,Graphene research and applications,2,Materials / Applications,2.0,Materials / Applications,,0,0
https://openalex.org/W2560883295,W2560883295,10.1038/srep39619,The direct-to-indirect band gap crossover in two-dimensional van der Waals Indium Selenide crystals,2016,205,2D Materials and Applications,20,Applications / Materials,,,,0,0
https://openalex.org/W2529002664,W2529002664,10.1021/acsnano.6b05521,van der Waals Epitaxy of GaSe/Graphene Heterostructure: Electronic and Interfacial Properties,2016,202,2D Materials and Applications,20,Applications / Materials,,,,0,0
https://openalex.org/W2337841221,W2337841221,10.1021/acs.nanolett.6b00689,Nanotexturing To Enhance Photoluminescent Response of Atomically Thin Indium Selenide with Highly Tunable Band Gap,2016,201,2D Materials and Applications,20,Applications / Materials,,,,0,0
https://openalex.org/W2266350121,W2266350121,10.1103/physrevlett.116.136802,Enhanced Thermoelectric Power in Graphene: Violation of the Mott Relation by Inelastic Scattering,2016,197,Graphene research and applications,4,Graphene / Applications,,,,0,0
https://openalex.org/W2416274478,W2416274478,10.1038/srep20152,Unexpected Giant-Gap Quantum Spin Hall Insulator in Chemically Decorated Plumbene Monolayer,2016,195,Topological Materials and Phenomena,2,Materials / Applications,2.0,Materials / Applications,,0,0
https://openalex.org/W2406017546,W2406017546,10.1038/ncomms12168,Van der Waals pressure and its effect on trapped interlayer molecules,2016,194,Graphene research and applications,26,Graphene / Materials,,,,0,0
https://openalex.org/W1759845614,W1759845614,10.1088/0957-4484/27/11/115705,Spatially resolved optical absorption spectroscopy of single- and few-layer MoS<sub>2</sub>by hyperspectral imaging,2016,190,2D Materials and Applications,30,Materials / Applications,4.0,Materials / Applications,,0,0
https://openalex.org/W2298196290,W2298196290,10.1021/acs.nanolett.6b00059,"Electronic Structure, Surface Doping, and Optical Response in Epitaxial WSe<sub>2</sub> Thin Films",2016,188,2D Materials and Applications,30,Materials / Applications,4.0,Materials / Applications,,0,0
https://openalex.org/W2413006882,W2413006882,10.1038/ncomms11796,Interface strain in vertically stacked two-dimensional heterostructured carbon-MoS2 nanosheets controls electrochemical reactivity,2016,187,2D Materials and Applications,7,Materials / Supercapacitor,5.0,Materials / Supercapacitor,,0,0
https://openalex.org/W2509510868,W2509510868,10.1039/c6nr05976g,"Synthesis, properties and applications of 2D layered M<sup>III</sup>X<sup>VI</sup>(M = Ga, In; X = S, Se, Te) materials",2016,186,2D Materials and Applications,20,Applications / Materials,,,,0,0
https://openalex.org/W2311818241,W2311818241,10.1038/srep23583,Erbium-doped fiber laser passively mode locked with few-layer WSe2/MoSe2 nanosheets,2016,184,Advanced Fiber Laser Technologies,14,Materials / Optical,,,,0,0
https://openalex.org/W2517160558,W2517160558,10.1021/acs.nanolett.6b01914,Near-Unity Absorption in van der Waals Semiconductors for Ultrathin Optoelectronics,2016,180,2D Materials and Applications,6,Sub / Materials,,,,0,0
https://openalex.org/W2417043005,W2417043005,10.1038/ncomms10843,Ferroelasticity and domain physics in two-dimensional transition metal dichalcogenide monolayers,2016,178,2D Materials and Applications,21,Sub / Materials,,,,0,0
https://openalex.org/W2404131586,W2404131586,10.1038/srep19830,Tinselenidene: a Two-dimensional Auxetic Material with Ultralow Lattice Thermal Conductivity and Ultrahigh Hole Mobility,2016,176,2D Materials and Applications,9,Applications / Materials,7.0,Applications / Materials,,0,0
https://openalex.org/W2410271337,W2410271337,10.1021/acsnano.6b03443,High Luminescence Efficiency in MoS<sub>2</sub> Grown by Chemical Vapor Deposition,2016,174,2D Materials and Applications,21,Sub / Materials,,,,0,0
https://openalex.org/W2296152305,W2296152305,10.1038/ncomms13168,Pressure-induced commensurate stacking of graphene on boron nitride,2016,172,Graphene research and applications,13,Graphene / Applications,,,,0,0
https://openalex.org/W2508045233,W2508045233,10.1039/c6tc01602b,Progress in pulsed laser deposited two-dimensional layered materials for device applications,2016,171,2D Materials and Applications,9,Applications / Materials,7.0,Applications / Materials,,0,0
https://openalex.org/W2409034986,W2409034986,10.1103/physrevx.6.041020,Origin and Magnitude of ‘Designer’ Spin-Orbit Interaction in Graphene on Semiconducting Transition Metal Dichalcogenides,2016,168,Topological Materials and Phenomena,2,Materials / Applications,2.0,Materials / Applications,,0,0
https://openalex.org/W2470871172,W2470871172,10.1038/srep29016,Novel Colloidal MoS2 Quantum Dot Heterojunctions on Silicon Platforms for Multifunctional Optoelectronic Devices,2016,168,2D Materials and Applications,8,Materials / Applications,6.0,Materials / Applications,,0,0
https://openalex.org/W2547199398,W2547199398,10.1038/srep36195,"Resistive Switching in All-Printed, Flexible and Hybrid MoS2-PVA Nanocomposite based Memristive Device Fabricated by Reverse Offset",2016,168,Advanced Memory and Neural Computing,22,Materials / Applications,,,,0,0
https://openalex.org/W2193357042,W2193357042,10.1146/annurev-matsci-070115-032140,Raman Studies of Carbon Nanostructures,2016,162,Carbon Nanotubes in Composites,15,Applications / Materials,,,,0,0
https://openalex.org/W2261536002,W2261536002,10.3390/s16020223,Application of 2D Non-Graphene Materials and 2D Oxide Nanostructures for Biosensing Technology,2016,162,Graphene research and applications,0,Graphene / Applications,1.0,Graphene / Applications,,0,0
https://openalex.org/W2289231535,W2289231535,10.1126/science.aaf1095,Ballistic miniband conduction in a graphene superlattice,2016,159,Graphene research and applications,13,Graphene / Applications,,,,0,0
https://openalex.org/W2548949225,W2548949225,10.1038/am.2016.157,Monolayer 1T-NbSe2 as a Mott insulator,2016,158,2D Materials and Applications,5,Superconductivity / Sub,,,,0,0
https://openalex.org/W2552234289,W2552234289,10.1038/ncomms13278,Unusually efficient photocurrent extraction in monolayer van der Waals heterostructure by tunnelling through discretized barriers,2016,158,Graphene research and applications,5,Superconductivity / Sub,,,,0,0
https://openalex.org/W2291346839,W2291346839,10.1038/srep20474,"Efficient Terahertz detection in black-phosphorus nano-transistors with selective and controllable plasma-wave, bolometric and thermoelectric response",2016,157,2D Materials and Applications,9,Applications / Materials,7.0,Applications / Materials,,0,0
https://openalex.org/W2540797699,W2540797699,10.3390/nano6110193,Two-Dimensional Semiconductor Optoelectronics Based on van der Waals Heterostructures,2016,157,2D Materials and Applications,6,Sub / Materials,,,,0,0
https://openalex.org/W2233883871,W2233883871,10.1038/nphys3620,Tuning ultrafast electron thermalization pathways in a van der Waals heterostructure,2016,156,Graphene research and applications,4,Graphene / Applications,,,,0,0
https://openalex.org/W2507406348,W2507406348,10.1021/acsnano.6b03036,Atomistic-Scale Simulations of Defect Formation in Graphene under Noble Gas Ion Irradiation,2016,154,Graphene research and applications,0,Graphene / Applications,1.0,Graphene / Applications,,0,0
https://openalex.org/W2346011394,W2346011394,10.1038/srep25456,Centimeter Scale Patterned Growth of Vertically Stacked Few Layer Only 2D MoS2/WS2 van der Waals Heterostructure,2016,152,2D Materials and Applications,6,Sub / Materials,,,,0,0
https://openalex.org/W2535926494,W2535926494,10.1038/ncomms13204,Robust ultra-low-friction state of graphene via moiré superlattice confinement,2016,151,Graphene research and applications,13,Graphene / Applications,,,,0,0
https://openalex.org/W1931771336,W1931771336,10.1038/srep19476,"Mapping of Low-Frequency Raman Modes in CVD-Grown Transition Metal Dichalcogenides: Layer Number, Stacking Orientation and Resonant Effects",2016,150,2D Materials and Applications,3,Sub / Applications,,,,0,0
https://openalex.org/W2237078251,W2237078251,10.1088/0957-4484/27/5/055703,Thermal transport properties of MoS<sub>2</sub>and MoSe<sub>2</sub>monolayers,2016,147,Graphene research and applications,6,Sub / Materials,,,,0,0
https://openalex.org/W2536714570,W2536714570,10.1038/srep35154,The Effect of Preparation Conditions on Raman and Photoluminescence of Monolayer WS2,2016,146,2D Materials and Applications,15,Applications / Materials,,,,0,0
https://openalex.org/W2566677437,W2566677437,10.1038/ncomms13911,Twinned growth behaviour of two-dimensional materials,2016,144,2D Materials and Applications,6,Sub / Materials,,,,0,0
https://openalex.org/W2382371261,W2382371261,10.1038/ncomms11504,The role of collective motion in the ultrafast charge transfer in van der Waals heterostructures,2016,143,2D Materials and Applications,6,Sub / Materials,,,,0,0
https://openalex.org/W2193058238,W2193058238,10.1038/ncomms10349,Visualizing band offsets and edge states in bilayer–monolayer transition metal dichalcogenides lateral heterojunction,2016,142,2D Materials and Applications,6,Sub / Materials,,,,0,0
https://openalex.org/W2294532312,W2294532312,10.1038/ncomms10800,Macroscopic self-reorientation of interacting two-dimensional crystals,2016,142,Graphene research and applications,13,Graphene / Applications,,,,0,0
https://openalex.org/W2321235668,W2321235668,10.1038/srep22755,Intercalation-assisted longitudinal unzipping of carbon nanotubes for green and scalable synthesis of graphene nanoribbons,2016,141,Graphene research and applications,0,Graphene / Applications,1.0,Graphene / Applications,,0,0
https://openalex.org/W2342927554,W2342927554,10.1371/journal.pone.0154522,Exfoliated MoS2 in Water without Additives,2016,140,2D Materials and Applications,3,Sub / Applications,,,,0,0
https://openalex.org/W2347100661,W2347100661,10.1021/acs.cgd.6b00398,Large-Area Two-Dimensional Layered Hexagonal Boron Nitride Grown on Sapphire by Metalorganic Vapor Phase Epitaxy,2016,137,Graphene research and applications,13,Graphene / Applications,,,,0,0
https://openalex.org/W2315308577,W2315308577,10.1038/srep24153,Electronic and magnetic properties of Co doped MoS2 monolayer,2016,136,2D Materials and Applications,15,Applications / Materials,,,,0,0
https://openalex.org/W2556525632,W2556525632,10.1088/0953-2048/30/1/013003,Review of 2D superconductivity: the ultimate case of epitaxial monolayers,2016,134,Surface and Thin Film Phenomena,5,Superconductivity / Sub,,,,0,0
https://openalex.org/W2561559657,W2561559657,10.1038/ncomms13747,Directional interlayer spin-valley transfer in two-dimensional heterostructures,2016,132,2D Materials and Applications,30,Materials / Applications,4.0,Materials / Applications,,0,0
https://openalex.org/W2478765752,W2478765752,10.5772/62497,"Carbon Nanotube-Based Polymer Composites: Synthesis, Properties and Applications",2016,131,Carbon Nanotubes in Composites,0,Graphene / Applications,1.0,Graphene / Applications,,0,0
https://openalex.org/W2543182493,W2543182493,10.1088/2053-1583/4/1/015007,Strain-induced phonon shifts in tungsten disulfide nanoplatelets and nanotubes,2016,126,2D Materials and Applications,15,Applications / Materials,,,,0,0
https://openalex.org/W2566678347,W2566678347,10.1515/nanoph-2016-0155,Integration of 2D materials on a silicon photonics platform for optoelectronics applications,2016,125,2D Materials and Applications,8,Materials / Applications,6.0,Materials / Applications,,0,0
https://openalex.org/W2520586348,W2520586348,10.1038/srep33096,PMMA-Etching-Free Transfer of Wafer-scale Chemical Vapor Deposition Two-dimensional Atomic Crystal by a Water Soluble Polyvinyl Alcohol Polymer Method,2016,122,Graphene research and applications,26,Graphene / Materials,,,,0,0
https://openalex.org/W2248391232,W2248391232,10.1038/ncomms10783,Near-field photocurrent nanoscopy on bare and encapsulated graphene,2016,119,Graphene research and applications,4,Graphene / Applications,,,,0,0
https://openalex.org/W2557538460,W2557538460,10.1088/2053-1583/4/1/015027,Controllable Schottky barrier in GaSe/graphene heterostructure: the role of interface dipole,2016,118,2D Materials and Applications,20,Applications / Materials,,,,0,0
https://openalex.org/W2409671862,W2409671862,10.1021/acsnano.6b02622,Ultrafast Band Structure Control of a Two-Dimensional Heterostructure,2016,117,2D Materials and Applications,30,Materials / Applications,4.0,Materials / Applications,,0,0
https://openalex.org/W2517744486,W2517744486,10.1103/physrevb.94.155441,"Theory of proximity-induced exchange coupling in graphene on hBN/(Co, Ni)",2016,114,Graphene research and applications,2,Materials / Applications,2.0,Materials / Applications,,0,0
https://openalex.org/W2544956095,W2544956095,10.3390/nano6110194,Black Phosphorus: Critical Review and Potential for Water Splitting Photocatalyst,2016,113,2D Materials and Applications,9,Applications / Materials,7.0,Applications / Materials,,0,0
https://openalex.org/W2306525529,W2306525529,10.1021/acs.jpcc.6b02073,Point Defects and Grain Boundaries in Rotationally Commensurate MoS<sub>2</sub> on Epitaxial Graphene,2016,110,2D Materials and Applications,21,Sub / Materials,,,,0,0
https://openalex.org/W2952724861,W2952724861,10.1186/s11671-016-1296-x,Dilute Magnetic Semiconductor and Half-Metal Behaviors in 3d Transition-Metal Doped Black and Blue Phosphorenes: A First-Principles Study,2016,109,2D Materials and Applications,9,Applications / Materials,7.0,Applications / Materials,,0,0
https://openalex.org/W2336305738,W2336305738,10.1038/ncomms10616,Supercurrent in van der Waals Josephson junction,2016,108,Physics of Superconductivity and Magnetism,26,Graphene / Materials,,,,0,0
https://openalex.org/W2463593008,W2463593008,10.1002/adma.201602481,Epitaxial 2D PbS Nanoplates Arrays with Highly Efficient Infrared Response,2016,107,2D Materials and Applications,28,Applications / Materials,,,,0,0
https://openalex.org/W2565107414,W2565107414,10.1088/2053-1583/aa5542,Strain-engineered optoelectronic properties of 2D transition metal dichalcogenide lateral heterostructures,2016,107,2D Materials and Applications,6,Sub / Materials,,,,0,0
https://openalex.org/W2190382730,W2190382730,10.1038/srep23547,Structural and electronic properties of epitaxial multilayer h-BN on Ni(111) for spintronics applications,2016,105,Graphene research and applications,13,Graphene / Applications,,,,0,0
https://openalex.org/W2555462004,W2555462004,10.1063/1.4966963,Nanoribbons: From fundamentals to state-of-the-art applications,2016,105,2D Materials and Applications,19,Materials / Applications,,,,0,0
https://openalex.org/W2490316847,W2490316847,10.1038/srep31224,MoS2 memristor with photoresistive switching,2016,104,Advanced Memory and Neural Computing,22,Materials / Applications,,,,0,0
https://openalex.org/W2197259680,W2197259680,10.1103/physrevb.93.241401,Effective gating and tunable magnetic proximity effects in two-dimensional heterostructures,2016,102,2D Materials and Applications,2,Materials / Applications,2.0,Materials / Applications,,0,0
https://openalex.org/W2402230159,W2402230159,10.1038/srep26666,Origin of Structural Transformation in Mono- and Bi-Layered Molybdenum Disulfide,2016,102,2D Materials and Applications,3,Sub / Applications,,,,0,0
https://openalex.org/W2297210831,W2297210831,10.3390/electronics5010013,Graphene and Two-Dimensional Materials for Optoelectronic Applications,2016,101,Graphene research and applications,8,Materials / Applications,6.0,Materials / Applications,,0,0
https://openalex.org/W2472606992,W2472606992,10.1021/acs.nanolett.5b05107,Evolution of the Valley Position in Bulk Transition-Metal Chalcogenides and Their Monolayer Limit,2016,101,2D Materials and Applications,30,Materials / Applications,4.0,Materials / Applications,,0,0
https://openalex.org/W2549245759,W2549245759,10.1021/acsnano.6b06198,Formation of Silicene Nanosheets on Graphite,2016,100,Graphene research and applications,19,Materials / Applications,,,,0,0
https://openalex.org/W1908277819,W1908277819,10.1038/ncomms12955,Even–odd layer-dependent magnetotransport of high-mobility Q-valley electrons in transition metal disulfides,2016,99,2D Materials and Applications,30,Materials / Applications,4.0,Materials / Applications,,0,0
https://openalex.org/W2270467501,W2270467501,10.1038/srep18754,Self-Limiting Layer Synthesis of Transition Metal Dichalcogenides,2016,98,2D Materials and Applications,6,Sub / Materials,,,,0,0
https://openalex.org/W2531670575,W2531670575,10.1002/adfm.201603311,Near‐Field Energy Transfer Using Nanoemitters For Optoelectronics,2016,98,Perovskite Materials and Applications,28,Applications / Materials,,,,0,0
https://openalex.org/W2413253837,W2413253837,10.1038/ncomms10768,1s-intraexcitonic dynamics in monolayer MoS2 probed by ultrafast mid-infrared spectroscopy,2016,97,2D Materials and Applications,30,Materials / Applications,4.0,Materials / Applications,,0,0
https://openalex.org/W2420336433,W2420336433,10.1038/srep26656,Large area molybdenum disulphide- epitaxial graphene vertical Van der Waals heterostructures,2016,97,Graphene research and applications,20,Applications / Materials,,,,0,0
https://openalex.org/W2529015006,W2529015006,10.1016/j.actamat.2016.09.045,Interfacial thermal conductance between few to tens of layered-MoS2 and c-Si: Effect of MoS2 thickness,2016,97,2D Materials and Applications,15,Applications / Materials,,,,0,0
https://openalex.org/W2533366028,W2533366028,10.1103/physrevb.94.155435,Temperature dependence of Raman-active phonons and anharmonic interactions in layered hexagonal BN,2016,97,Graphene research and applications,13,Graphene / Applications,,,,0,0
https://openalex.org/W2314186405,W2314186405,10.1038/srep19161,Graphene/GaSe-Nanosheet Hybrid: Towards High Gain and Fast Photoresponse,2016,93,2D Materials and Applications,8,Materials / Applications,6.0,Materials / Applications,,0,0
https://openalex.org/W2289612830,W2289612830,10.1038/srep21168,Inversion of Spin Signal and Spin Filtering in Ferromagnet|Hexagonal Boron Nitride-Graphene van der Waals Heterostructures,2016,92,Graphene research and applications,2,Materials / Applications,2.0,Materials / Applications,,0,0
https://openalex.org/W2278966914,W2278966914,10.1038/ncomms10745,Switchable friction enabled by nanoscale self-assembly on graphene,2016,89,Graphene research and applications,13,Graphene / Applications,,,,0,0
https://openalex.org/W2337177236,W2337177236,10.1038/am.2016.46,Layer-controlled growth of MoS2 on self-assembled flower-like Bi2S3 for enhanced photocatalysis under visible light irradiation,2016,88,Advanced Photocatalysis Techniques,3,Sub / Applications,,,,0,0
https://openalex.org/W2345523761,W2345523761,10.1088/2053-1583/3/2/025038,Electrically pumped single-defect light emitters in WSe <sub>2</sub>,2016,88,2D Materials and Applications,30,Materials / Applications,4.0,Materials / Applications,,0,0
https://openalex.org/W2265897096,W2265897096,10.1038/srep20890,Protecting the properties of monolayer MoS2 on silicon based substrates with an atomically thin buffer,2016,85,2D Materials and Applications,3,Sub / Applications,,,,0,0
https://openalex.org/W2253240598,W2253240598,10.1007/s13391-015-5308-2,Synthesis and applications of two-dimensional hexagonal boron nitride in electronics manufacturing,2016,84,Graphene research and applications,13,Graphene / Applications,,,,0,0
https://openalex.org/W3099515461,W3099515461,10.48550/arxiv.1605.01921,Electrically pumped single-defect light emitters in WSe$_2$,2016,82,2D Materials and Applications,30,Materials / Applications,4.0,Materials / Applications,,0,0
https://openalex.org/W2511588787,W2511588787,10.1038/ncomms13843,Bandgap renormalization and work function tuning in MoSe2/hBN/Ru(0001) heterostructures,2016,81,Graphene research and applications,13,Graphene / Applications,,,,0,0
https://openalex.org/W2515650669,W2515650669,10.1149/2.0031702jss,"Review—Hexagonal Boron Nitride Epilayers: Growth, Optical Properties and Device Applications",2016,81,Graphene research and applications,13,Graphene / Applications,,,,0,0
https://openalex.org/W2289899172,W2289899172,10.1038/srep22432,Na-ion Storage Performances of FeSex and Fe2O3 Hollow Nanoparticles-Decorated Reduced Graphene Oxide Balls prepared by Nanoscale Kirkendall Diffusion Process,2016,80,Advancements in Battery Materials,7,Materials / Supercapacitor,5.0,Materials / Supercapacitor,,0,0
https://openalex.org/W2341733267,W2341733267,10.1038/srep24093,Spin-orbital effects in metal-dichalcogenide semiconducting monolayers,2016,78,2D Materials and Applications,30,Materials / Applications,4.0,Materials / Applications,,0,0
https://openalex.org/W2527525421,W2527525421,10.1038/srep34474,Hexagonal Boron Nitride Tunnel Barriers Grown on Graphite by High Temperature Molecular Beam Epitaxy,2016,77,Graphene research and applications,13,Graphene / Applications,,,,0,0
https://openalex.org/W2528301912,W2528301912,10.1038/ncomms13044,Novel near-infrared emission from crystal defects in MoS2 multilayer flakes,2016,77,2D Materials and Applications,21,Sub / Materials,,,,0,0
https://openalex.org/W2529539032,W2529539032,10.3390/app6100284,Electronic Band Structure of Transition Metal Dichalcogenides from Ab Initio and Slater–Koster Tight-Binding Model,2016,77,2D Materials and Applications,30,Materials / Applications,4.0,Materials / Applications,,0,0
https://openalex.org/W2303572614,W2303572614,10.1088/2053-1583/3/2/025005,Scalable shear-exfoliation of high-quality phosphorene nanoflakes with reliable electrochemical cycleability in nano batteries,2016,76,2D Materials and Applications,9,Applications / Materials,7.0,Applications / Materials,,0,0
https://openalex.org/W2505526442,W2505526442,10.1039/c6nr05238j,Strong dichroic emission in the pseudo one dimensional material ZrS<sub>3</sub>,2016,76,2D Materials and Applications,9,Applications / Materials,7.0,Applications / Materials,,0,0
https://openalex.org/W2528183595,W2528183595,10.1155/2016/5320625,A Review of the Synthesis and Photoluminescence Properties of Hybrid ZnO and Carbon Nanomaterials,2016,76,Carbon and Quantum Dots Applications,0,Graphene / Applications,1.0,Graphene / Applications,,0,0
https://openalex.org/W2556090080,W2556090080,10.1007/s40843-016-5122-3,Design of graphene-like gallium nitride and WS2/WSe2 nanocomposites for photocatalyst applications,2016,76,2D Materials and Applications,19,Materials / Applications,,,,0,0
https://openalex.org/W2606397457,W2606397457,10.1038/nature22391,Layer-dependent ferromagnetism in a van der Waals crystal down to the monolayer limit,2017,5864,2D Materials and Applications,2,Materials / Applications,2.0,Materials / Applications,,0,0
https://openalex.org/W2597054437,W2597054437,10.1021/acs.chemrev.6b00558,Recent Advances in Ultrathin Two-Dimensional Nanomaterials,2017,5036,Graphene research and applications,7,Materials / Supercapacitor,5.0,Materials / Supercapacitor,,0,0
https://openalex.org/W2570166109,W2570166109,10.1016/j.mattod.2016.10.002,Recent development of two-dimensional transition metal dichalcogenides and their applications,2017,2723,2D Materials and Applications,10,Sub / Gas,,,,0,0
https://openalex.org/W2736441330,W2736441330,10.1016/j.pmatsci.2017.07.004,Mechanical properties of graphene and graphene-based nanocomposites,2017,2534,Graphene research and applications,0,Graphene / Applications,1.0,Graphene / Applications,,0,0
https://openalex.org/W2608790738,W2608790738,10.1021/acsnano.7b03186,Janus Monolayer Transition-Metal Dichalcogenides,2017,1600,2D Materials and Applications,21,Sub / Materials,,,,0,0
https://openalex.org/W2605317103,W2605317103,10.1038/ncomms14956,Prediction of intrinsic two-dimensional ferroelectrics in In2Se3 and other III2-VI3 van der Waals materials,2017,1387,2D Materials and Applications,12,Materials / Sub,,,,0,0
https://openalex.org/W2622172960,W2622172960,10.1038/nenergy.2017.89,Two-dimensional heterostructures for energy storage,2017,1024,Advancements in Battery Materials,7,Materials / Supercapacitor,5.0,Materials / Supercapacitor,,0,0
https://openalex.org/W2695145865,W2695145865,10.1038/ncomms15815,Mechanical properties of atomically thin boron nitride and the role of interlayer interactions,2017,923,Graphene research and applications,1,Graphene / Materials,,,,0,0
https://openalex.org/W2775062543,W2775062543,10.1039/c7cs00125h,Recent progress in 2D group-VA semiconductors: from theory to experiment,2017,852,2D Materials and Applications,9,Applications / Materials,7.0,Applications / Materials,,0,0
https://openalex.org/W2629641710,W2629641710,10.1038/nphys4174,Quantum spin Hall state in monolayer 1T'-WTe2,2017,842,Topological Materials and Phenomena,2,Materials / Applications,2.0,Materials / Applications,,0,0
https://openalex.org/W2611351493,W2611351493,10.1038/ncomms15251,Coulomb engineering of the bandgap and excitons in two-dimensional materials,2017,768,2D Materials and Applications,30,Materials / Applications,4.0,Materials / Applications,,0,0
https://openalex.org/W2758035406,W2758035406,10.1038/nature23905,Layer-by-layer assembly of two-dimensional materials into wafer-scale heterostructures,2017,614,2D Materials and Applications,26,Graphene / Materials,,,,0,0
https://openalex.org/W2767835898,W2767835898,10.1039/c7cs00556c,Recent progress in the assembly of nanodevices and van der Waals heterostructures by deterministic placement of 2D materials,2017,613,Anodic Oxide Films and Nanostructures,26,Graphene / Materials,,,,0,0
https://openalex.org/W2772715861,W2772715861,10.1021/acsnano.7b07436,van der Waals Layered Materials: Opportunities and Challenges,2017,608,2D Materials and Applications,5,Superconductivity / Sub,,,,0,0
https://openalex.org/W2765703701,W2765703701,10.1126/sciadv.1701696,Moiré excitons: From programmable quantum emitter arrays to spin-orbit–coupled artificial lattices,2017,593,2D Materials and Applications,16,Graphene / Applications,3.0,Graphene / Applications,,0,0
https://openalex.org/W2528014215,W2528014215,10.1038/ncomms15053,Deterministic strain-induced arrays of quantum emitters in a two-dimensional semiconductor,2017,541,2D Materials and Applications,30,Materials / Applications,4.0,Materials / Applications,,0,0
https://openalex.org/W2609259885,W2609259885,10.3390/cryst7050121,"Crystal and Magnetic Structures in Layered, Transition Metal Dihalides and Trihalides",2017,473,2D Materials and Applications,2,Materials / Applications,2.0,Materials / Applications,,0,0
https://openalex.org/W2770701804,W2770701804,10.1038/s41467-017-02093-z,Van der Waals epitaxial growth and optoelectronics of large-scale WSe2/SnS2 vertical bilayer p–n junctions,2017,470,2D Materials and Applications,6,Sub / Materials,,,,0,0
https://openalex.org/W2753891136,W2753891136,10.3390/ma10091066,Review on the Antimicrobial Properties of Carbon Nanostructures,2017,434,Graphene and Nanomaterials Applications,0,Graphene / Applications,1.0,Graphene / Applications,,0,0
https://openalex.org/W2605935851,W2605935851,10.1038/s41467-017-01398-3,Strong-coupling of WSe2 in ultra-compact plasmonic nanocavities at room temperature,2017,431,Strong Light-Matter Interactions,30,Materials / Applications,4.0,Materials / Applications,,0,0
https://openalex.org/W2766463792,W2766463792,10.1038/s41467-017-01210-2,Fully inkjet-printed two-dimensional material field-effect heterojunctions for wearable and textile electronics,2017,430,Advanced Sensor and Energy Harvesting Materials,28,Applications / Materials,,,,0,0
https://openalex.org/W2748520008,W2748520008,10.1038/s41467-017-00427-5,High-quality monolayer superconductor NbSe2 grown by chemical vapour deposition,2017,418,2D Materials and Applications,21,Sub / Materials,,,,0,0
https://openalex.org/W2768331633,W2768331633,10.1038/s41467-017-02077-z,A two-dimensional Fe-doped SnS2 magnetic semiconductor,2017,418,2D Materials and Applications,2,Materials / Applications,2.0,Materials / Applications,,0,0
https://openalex.org/W2560834721,W2560834721,10.1038/ncomms14948,A microprocessor based on a two-dimensional semiconductor,2017,412,2D Materials and Applications,22,Materials / Applications,,,,0,0
https://openalex.org/W2770938565,W2770938565,10.1038/s41467-017-01978-3,Widely tunable black phosphorus mid-infrared photodetector,2017,407,2D Materials and Applications,9,Applications / Materials,7.0,Applications / Materials,,0,0
https://openalex.org/W2586058225,W2586058225,10.1126/sciadv.1601832,"Determination of band offsets, hybridization, and exciton binding in 2D semiconductor heterostructures",2017,394,2D Materials and Applications,30,Materials / Applications,4.0,Materials / Applications,,0,0
https://openalex.org/W2745772761,W2745772761,10.1002/adma.201602852,Metal Thio‐ and Selenophosphates as Multifunctional van der Waals Layered Materials,2017,393,2D Materials and Applications,12,Materials / Sub,,,,0,0
https://openalex.org/W2605783496,W2605783496,10.1038/s41699-017-0007-5,"Recent advances in synthesis, properties, and applications of phosphorene",2017,381,2D Materials and Applications,9,Applications / Materials,7.0,Applications / Materials,,0,0
https://openalex.org/W2539170375,W2539170375,10.1103/physrevlett.118.147401,Topological Exciton Bands in Moiré Heterojunctions,2017,365,2D Materials and Applications,16,Graphene / Applications,3.0,Graphene / Applications,,0,0
https://openalex.org/W2735846587,W2735846587,10.1039/c7cs00160f,"Synthesis, structure and applications of graphene-based 2D heterostructures",2017,365,Graphene research and applications,13,Graphene / Applications,,,,0,0
https://openalex.org/W2588236781,W2588236781,10.1038/ncomms14029,Robust microscale superlubricity under high contact pressure enabled by graphene-coated microsphere,2017,363,Force Microscopy Techniques and Applications,1,Graphene / Materials,,,,0,0
https://openalex.org/W2753169497,W2753169497,10.1038/s41598-017-10632-3,Preparation of Monolayer MoS2 Quantum Dots using Temporally Shaped Femtosecond Laser Ablation of Bulk MoS2 Targets in Water,2017,355,2D Materials and Applications,3,Sub / Applications,,,,0,0
https://openalex.org/W2621637978,W2621637978,10.1038/ncomms15717,Hierarchical porous carbons with layer-by-layer motif architectures from confined soft-template self-assembly in layered materials,2017,349,Supercapacitor Materials and Fabrication,7,Materials / Supercapacitor,5.0,Materials / Supercapacitor,,0,0
https://openalex.org/W2587114913,W2587114913,10.1002/advs.201600305,Emerging Trends in Phosphorene Fabrication towards Next Generation Devices,2017,342,2D Materials and Applications,9,Applications / Materials,7.0,Applications / Materials,,0,0
https://openalex.org/W2595615171,W2595615171,10.1021/acsnano.7b01168,Wafer-Scale Synthesis of High-Quality Semiconducting Two-Dimensional Layered InSe with Broadband Photoresponse,2017,341,2D Materials and Applications,20,Applications / Materials,,,,0,0
https://openalex.org/W2623797750,W2623797750,10.1002/smll.201700894,Recent Progress on Localized Field Enhanced Two‐dimensional Material Photodetectors from Ultraviolet—Visible to Infrared,2017,334,2D Materials and Applications,8,Materials / Applications,6.0,Materials / Applications,,0,0
https://openalex.org/W2600335003,W2600335003,10.1088/2053-1583/aa6aa1,Approaching the intrinsic photoluminescence linewidth in transition metal dichalcogenide monolayers,2017,331,2D Materials and Applications,30,Materials / Applications,4.0,Materials / Applications,,0,0
https://openalex.org/W2606810695,W2606810695,10.1038/s41699-017-0008-4,A self-powered high-performance graphene/silicon ultraviolet photodetector with ultra-shallow junction: breaking the limit of silicon?,2017,311,Ga2O3 and related materials,8,Materials / Applications,6.0,Materials / Applications,,0,0
https://openalex.org/W2766321195,W2766321195,10.1002/adma.201703771,Recent Progress on Antimonene: A New Bidimensional Material,2017,305,2D Materials and Applications,9,Applications / Materials,7.0,Applications / Materials,,0,0
https://openalex.org/W2579503212,W2579503212,10.1126/sciadv.1700518,Observation of ultralong valley lifetime in WSe <sub>2</sub> /MoS <sub>2</sub> heterostructures,2017,296,2D Materials and Applications,30,Materials / Applications,4.0,Materials / Applications,,0,0
https://openalex.org/W2618590689,W2618590689,10.1016/j.apmt.2017.05.003,From two-dimensional materials to their heterostructures: An electrochemist's perspective,2017,290,2D Materials and Applications,17,Materials / Two-Dimensional,,,,0,0
https://openalex.org/W2743487474,W2743487474,10.1126/sciadv.1700481,HfSe <sub>2</sub> and ZrSe <sub>2</sub> : Two-dimensional semiconductors with native high-κ oxides,2017,289,2D Materials and Applications,29,Materials / Applications,,,,0,0
https://openalex.org/W2620503350,W2620503350,10.1073/pnas.1701280114,Confined catalysis under two-dimensional materials,2017,288,Electrocatalysts for Energy Conversion,19,Materials / Applications,,,,0,0
https://openalex.org/W2733132161,W2733132161,10.1038/ncomms16093,Electrical gate control of spin current in van der Waals heterostructures at room temperature,2017,280,2D Materials and Applications,2,Materials / Applications,2.0,Materials / Applications,,0,0
https://openalex.org/W2620474357,W2620474357,10.1038/nphys4116,Quantum Hall drag of exciton condensate in graphene,2017,271,Strong Light-Matter Interactions,30,Materials / Applications,4.0,Materials / Applications,,0,0
https://openalex.org/W2733963201,W2733963201,10.1038/s41598-017-05402-0,High-throughput Identification and Characterization of Two-dimensional Materials using Density functional theory,2017,258,2D Materials and Applications,19,Materials / Applications,,,,0,0
https://openalex.org/W2648588734,W2648588734,10.1038/ncomms15881,Poly(4-styrenesulfonate)-induced sulfur vacancy self-healing strategy for monolayer MoS2 homojunction photodiode,2017,256,2D Materials and Applications,21,Sub / Materials,,,,0,0
https://openalex.org/W2775439884,W2775439884,10.1038/s41567-017-0019-2,Strongly anisotropic spin relaxation in graphene–transition metal dichalcogenide heterostructures at room temperature,2017,254,2D Materials and Applications,2,Materials / Applications,2.0,Materials / Applications,,0,0
https://openalex.org/W2594549471,W2594549471,10.1088/2053-1583/aa6432,"Calculating excitons, plasmons, and quasiparticles in 2D materials and van der Waals heterostructures",2017,253,2D Materials and Applications,30,Materials / Applications,4.0,Materials / Applications,,0,0
https://openalex.org/W2949366708,W2949366708,10.1038/s41566-017-0033-z,Chalcogenide glass-on-graphene photonics,2017,250,Phase-change materials and chalcogenides,8,Materials / Applications,6.0,Materials / Applications,,0,0
https://openalex.org/W2590811742,W2590811742,10.1038/ncomms14560,Rosin-enabled ultraclean and damage-free transfer of graphene for large-area flexible organic light-emitting diodes,2017,246,Graphene research and applications,26,Graphene / Materials,,,,0,0
https://openalex.org/W2755825426,W2755825426,10.1038/s41467-017-00722-1,Ultrasensitive all-2D MoS2 phototransistors enabled by an out-of-plane MoS2 PN homojunction,2017,242,2D Materials and Applications,8,Materials / Applications,6.0,Materials / Applications,,0,0
https://openalex.org/W2746340470,W2746340470,10.1007/s40820-017-0152-6,Two-Dimensional Transition Metal Dichalcogenides and Their Charge Carrier Mobilities in Field-Effect Transistors,2017,232,2D Materials and Applications,29,Materials / Applications,,,,0,0
https://openalex.org/W2619456951,W2619456951,10.1088/1361-6528/aa749e,"Fast, multicolor photodetection with graphene-contacted <i>p</i>-GaSe/<i>n</i>-InSe van der Waals heterostructures",2017,231,2D Materials and Applications,20,Applications / Materials,,,,0,0
https://openalex.org/W2766535472,W2766535472,10.1021/acsnano.7b06765,Width-Dependent Band Gap in Armchair Graphene Nanoribbons Reveals Fermi Level Pinning on Au(111),2017,229,Graphene research and applications,0,Graphene / Applications,1.0,Graphene / Applications,,0,0
https://openalex.org/W2751149233,W2751149233,10.1038/s41699-017-0033-3,Wafer-scale two-dimensional ferromagnetic Fe3GeTe2 thin films grown by molecular beam epitaxy,2017,227,2D Materials and Applications,2,Materials / Applications,2.0,Materials / Applications,,0,0
https://openalex.org/W2619986632,W2619986632,10.1039/c7ra03599c,Two-dimensional transition metal dichalcogenide-based counter electrodes for dye-sensitized solar cells,2017,222,Advanced Photocatalysis Techniques,3,Sub / Applications,,,,0,0
https://openalex.org/W2620554655,W2620554655,10.1103/physrevlett.119.206601,Giant Spin Lifetime Anisotropy in Graphene Induced by Proximity Effects,2017,222,2D Materials and Applications,2,Materials / Applications,2.0,Materials / Applications,,0,0
https://openalex.org/W2645570510,W2645570510,10.1515/nanoph-2016-0160,Excitons in atomically thin 2D semiconductors and their applications,2017,222,2D Materials and Applications,30,Materials / Applications,4.0,Materials / Applications,,0,0
https://openalex.org/W2685088283,W2685088283,10.1039/c7cp01852e,Electronic properties of blue phosphorene/graphene and blue phosphorene/graphene-like gallium nitride heterostructures,2017,219,2D Materials and Applications,19,Materials / Applications,,,,0,0
https://openalex.org/W2591773498,W2591773498,10.1038/srep43055,Simple and Large Scale Construction of MoS2-g-C3N4 Heterostructures Using Mechanochemistry for High Performance Electrochemical Supercapacitor and Visible Light Photocatalytic Applications,2017,214,Advanced Photocatalysis Techniques,7,Materials / Supercapacitor,5.0,Materials / Supercapacitor,,0,0
https://openalex.org/W2725127236,W2725127236,10.1021/acs.nanolett.7b01365,"Environmental Screening Effects in 2D Materials: Renormalization of the Bandgap, Electronic Structure, and Optical Spectra of Few-Layer Black Phosphorus",2017,208,2D Materials and Applications,9,Applications / Materials,7.0,Applications / Materials,,0,0
https://openalex.org/W2736130000,W2736130000,10.1002/advs.201700188,Recent Advances in Designing and Fabricating Self‐Supported Nanoelectrodes for Supercapacitors,2017,207,Supercapacitor Materials and Fabrication,7,Materials / Supercapacitor,5.0,Materials / Supercapacitor,,0,0
https://openalex.org/W2571389079,W2571389079,10.1038/ncomms13906,Slow cooling and efficient extraction of C-exciton hot carriers in MoS2 monolayer,2017,204,2D Materials and Applications,30,Materials / Applications,4.0,Materials / Applications,,0,0
https://openalex.org/W2774480036,W2774480036,10.1038/s41467-017-02286-6,Diversity of trion states and substrate effects in the optical properties of an MoS2 monolayer,2017,201,2D Materials and Applications,30,Materials / Applications,4.0,Materials / Applications,,0,0
https://openalex.org/W2737861900,W2737861900,10.1002/aenm.201700592,Bio‐Nanotechnology in High‐Performance Supercapacitors,2017,199,Supercapacitor Materials and Fabrication,7,Materials / Supercapacitor,5.0,Materials / Supercapacitor,,0,0
https://openalex.org/W2765173966,W2765173966,10.1038/s41467-017-01298-6,Exciton fission in monolayer transition metal dichalcogenide semiconductors,2017,196,2D Materials and Applications,30,Materials / Applications,4.0,Materials / Applications,,0,0
https://openalex.org/W2753109295,W2753109295,10.1126/sciadv.1701186,Ultrahigh mobility and efficient charge injection in monolayer organic thin-film transistors on boron nitride,2017,194,Organic Electronics and Photovoltaics,29,Materials / Applications,,,,0,0
https://openalex.org/W2580225177,W2580225177,10.1103/physrevb.95.165444,Giant tunable Rashba spin splitting in a two-dimensional BiSb monolayer and in BiSb/AlN heterostructures,2017,190,Electronic and Structural Properties of Oxides,19,Materials / Applications,,,,0,0
https://openalex.org/W2608522811,W2608522811,10.1038/s41565-017-0008-8,Out-of-plane heat transfer in van der Waals stacks through electron–hyperbolic phonon coupling,2017,190,Thermal Radiation and Cooling Technologies,4,Graphene / Applications,,,,0,0
https://openalex.org/W2528055813,W2528055813,10.1103/physrevb.95.115429,Interlayer coupling in commensurate and incommensurate bilayer structures of transition-metal dichalcogenides,2017,189,2D Materials and Applications,16,Graphene / Applications,3.0,Graphene / Applications,,0,0
https://openalex.org/W2744599856,W2744599856,10.1038/s41598-017-08677-5,Highly Active 2D Layered MoS 2 -rGO Hybrids for Energy Conversion and Storage Applications,2017,188,Supercapacitor Materials and Fabrication,3,Sub / Applications,,,,0,0
https://openalex.org/W2559006199,W2559006199,10.1073/pnas.1701830114,All-angle negative refraction of highly squeezed plasmon and phonon polaritons in graphene–boron nitride heterostructures,2017,184,Plasmonic and Surface Plasmon Research,4,Graphene / Applications,,,,0,0
https://openalex.org/W2514748242,W2514748242,10.1146/annurev-conmatphys-031016-025242,Monolayer FeSe on SrTiO<sub>3</sub>,2017,183,Iron-based superconductors research,5,Superconductivity / Sub,,,,0,0
https://openalex.org/W2592676003,W2592676003,10.1088/2053-1583/aa7352,Interlayer exciton dynamics in a dichalcogenide monolayer heterostructure,2017,182,2D Materials and Applications,30,Materials / Applications,4.0,Materials / Applications,,0,0
https://openalex.org/W2761842216,W2761842216,10.1021/acssuschemeng.7b02508,Liquid-Phase Exfoliation into Monolayered BiOBr Nanosheets for Photocatalytic Oxidation and Reduction,2017,178,Advanced Photocatalysis Techniques,0,Graphene / Applications,1.0,Graphene / Applications,,0,0
https://openalex.org/W2769533148,W2769533148,10.1038/s41535-017-0069-9,Van der Waals oxide heteroepitaxy,2017,178,Ga2O3 and related materials,23,Graphene / Van Der,,,,0,0
https://openalex.org/W2725699018,W2725699018,10.1039/c7nr01451a,Superlubricity of a graphene/MoS<sub>2</sub> heterostructure: a combined experimental and DFT study,2017,177,Graphene research and applications,1,Graphene / Materials,,,,0,0
https://openalex.org/W2762921792,W2762921792,10.1039/c7ta06971e,"Recent advances in ternary two-dimensional materials: synthesis, properties and applications",2017,177,2D Materials and Applications,7,Materials / Supercapacitor,5.0,Materials / Supercapacitor,,0,0
https://openalex.org/W2591606816,W2591606816,10.1021/acsnano.7b00796,Atomic Structure and Dynamics of Single Platinum Atom Interactions with Monolayer MoS<sub>2</sub>,2017,175,Electrocatalysts for Energy Conversion,21,Sub / Materials,,,,0,0
https://openalex.org/W2604381375,W2604381375,10.1016/j.flatc.2017.03.001,Liquid-phase exfoliation of black phosphorus and its applications,2017,174,2D Materials and Applications,9,Applications / Materials,7.0,Applications / Materials,,0,0
https://openalex.org/W2765585285,W2765585285,10.1038/s41598-017-14504-8,Graphene-Like-Graphite as Fast-Chargeable and High-Capacity Anode Materials for Lithium Ion Batteries,2017,172,Advancements in Battery Materials,0,Graphene / Applications,1.0,Graphene / Applications,,0,0
https://openalex.org/W2620528629,W2620528629,10.1016/j.mattod.2017.04.027,"Few-atomic-layered hexagonal boron nitride: CVD growth, characterization, and applications",2017,161,Graphene research and applications,13,Graphene / Applications,,,,0,0
https://openalex.org/W2529090114,W2529090114,10.1039/c6nr08522a,Near-room-temperature Chern insulator and Dirac spin-gapless semiconductor: nickel chloride monolayer,2017,159,Topological Materials and Phenomena,2,Materials / Applications,2.0,Materials / Applications,,0,0
https://openalex.org/W2606621013,W2606621013,10.1038/s41467-017-01748-1,Giant magnetic splitting inducing near-unity valley polarization in van der Waals heterostructures,2017,159,2D Materials and Applications,30,Materials / Applications,4.0,Materials / Applications,,0,0
https://openalex.org/W2566247748,W2566247748,10.1021/acs.nanolett.7b01090,Breakdown of Optical Phonons’ Splitting in Two-Dimensional Materials,2017,158,Thermal properties of materials,4,Graphene / Applications,,,,0,0
https://openalex.org/W2575247329,W2575247329,10.1038/s41699-017-0010-x,Capture the growth kinetics of CVD growth of two-dimensional MoS2,2017,154,2D Materials and Applications,21,Sub / Materials,,,,0,0
https://openalex.org/W2592425665,W2592425665,10.1038/ncomms14703,Oriented graphene nanoribbons embedded in hexagonal boron nitride trenches,2017,153,Graphene research and applications,13,Graphene / Applications,,,,0,0
https://openalex.org/W2608167490,W2608167490,10.1103/physrevlett.119.127403,Magnetic Proximity Effects in Transition-Metal Dichalcogenides: Converting Excitons,2017,149,2D Materials and Applications,30,Materials / Applications,4.0,Materials / Applications,,0,0
https://openalex.org/W2733106459,W2733106459,10.1103/physrevb.96.035407,Tunable quasiparticle band gap in few-layer GaSe/graphene van der Waals heterostructures,2017,147,2D Materials and Applications,20,Applications / Materials,,,,0,0
https://openalex.org/W2766823022,W2766823022,10.1038/s41598-017-15519-x,Band Gap Engineering of Hexagonal SnSe2 Nanostructured Thin Films for Infra-Red Photodetection,2017,147,2D Materials and Applications,8,Materials / Applications,6.0,Materials / Applications,,0,0
https://openalex.org/W2552129348,W2552129348,10.1038/s41467-017-00056-y,Probing low-energy hyperbolic polaritons in van der Waals crystals with an electron microscope,2017,146,Nanowire Synthesis and Applications,4,Graphene / Applications,,,,0,0
https://openalex.org/W2588981081,W2588981081,10.1038/srep42139,Corrosion resistance of monolayer hexagonal boron nitride on copper,2017,142,Graphene research and applications,13,Graphene / Applications,,,,0,0
https://openalex.org/W2611490841,W2611490841,10.1116/1.4982736,Review Article: Progress in fabrication of transition metal dichalcogenides heterostructure systems,2017,137,2D Materials and Applications,6,Sub / Materials,,,,0,0
https://openalex.org/W2725859623,W2725859623,10.1103/physrevlett.119.196801,Optimal Charge-to-Spin Conversion in Graphene on Transition-Metal Dichalcogenides,2017,137,2D Materials and Applications,2,Materials / Applications,2.0,Materials / Applications,,0,0
https://openalex.org/W2581819890,W2581819890,10.1038/srep39844,Model dielectric function for 2D semiconductors including substrate screening,2017,134,2D Materials and Applications,30,Materials / Applications,4.0,Materials / Applications,,0,0
https://openalex.org/W2619113679,W2619113679,10.1021/acsnano.7b02102,Flexible Multiferroic Bulk Heterojunction with Giant Magnetoelectric Coupling <i>via</i> van der Waals Epitaxy,2017,133,Multiferroics and related materials,23,Graphene / Van Der,,,,0,0
https://openalex.org/W2727496446,W2727496446,10.1038/ncomms16049,Combining photocatalytic hydrogen generation and capsule storage in graphene based sandwich structures,2017,130,Advanced Photocatalysis Techniques,19,Materials / Applications,,,,0,0
https://openalex.org/W2734796918,W2734796918,10.1021/acs.nanolett.7b02364,Spin Hall Effect and Weak Antilocalization in Graphene/Transition Metal Dichalcogenide Heterostructures,2017,127,2D Materials and Applications,2,Materials / Applications,2.0,Materials / Applications,,0,0
https://openalex.org/W2605716540,W2605716540,10.1038/s41467-017-00317-w,Bias induced up to 100% spin-injection and detection polarizations in ferromagnet/bilayer-hBN/graphene/hBN heterostructures,2017,126,Graphene research and applications,2,Materials / Applications,2.0,Materials / Applications,,0,0
https://openalex.org/W2739441046,W2739441046,10.1016/j.nanoen.2017.07.036,High performance graphene/semiconductor van der Waals heterostructure optoelectronic devices,2017,126,Graphene research and applications,0,Graphene / Applications,1.0,Graphene / Applications,,0,0
https://openalex.org/W2765118925,W2765118925,10.1038/s41467-017-01487-3,Strain-shear coupling in bilayer MoS2,2017,126,2D Materials and Applications,15,Applications / Materials,,,,0,0
https://openalex.org/W2725446030,W2725446030,10.1021/acs.chemmater.7b01605,Highly Scalable Synthesis of MoS<sub>2</sub> Thin Films with Precise Thickness Control via Polymer-Assisted Deposition,2017,125,2D Materials and Applications,3,Sub / Applications,,,,0,0
https://openalex.org/W2587447063,W2587447063,10.1038/ncomms14410,Exfoliation of natural van der Waals heterostructures to a single unit cell thickness,2017,124,2D Materials and Applications,17,Materials / Two-Dimensional,,,,0,0
https://openalex.org/W2461277696,W2461277696,10.1038/ncomms14409,Franckeite as a naturally occurring van der Waals heterostructure,2017,123,2D Materials and Applications,9,Applications / Materials,7.0,Applications / Materials,,0,0
https://openalex.org/W2584503920,W2584503920,10.1088/2053-1583/aa57fd,Electronic properties of germanane field-effect transistors,2017,123,2D Materials and Applications,9,Applications / Materials,7.0,Applications / Materials,,0,0
https://openalex.org/W2592980166,W2592980166,10.1038/srep43886,Thermal Conductance of the 2D MoS2/h-BN and graphene/h-BN Interfaces,2017,123,Thermal properties of materials,15,Applications / Materials,,,,0,0
https://openalex.org/W2766085254,W2766085254,10.1021/acsnano.7b07015,Interfacial Interactions in van der Waals Heterostructures of MoS<sub>2</sub> and Graphene,2017,122,Graphene research and applications,15,Applications / Materials,,,,0,0
https://openalex.org/W2591708071,W2591708071,10.1021/acs.nanolett.6b04889,Quantum-Confined Stark Effect of Individual Defects in a van der Waals Heterostructure,2017,119,2D Materials and Applications,30,Materials / Applications,4.0,Materials / Applications,,0,0
https://openalex.org/W2610822367,W2610822367,10.1088/2053-1583/aa77d4,Low frequency Raman spectroscopy of few-atomic-layer thick hBN crystals,2017,119,Graphene research and applications,13,Graphene / Applications,,,,0,0
https://openalex.org/W2752789545,W2752789545,10.1038/s41699-017-0034-2,"Biocompatible, large-format, inkjet printed heterostructure MoS2-graphene photodetectors on conformable substrates",2017,119,Advanced Sensor and Energy Harvesting Materials,8,Materials / Applications,6.0,Materials / Applications,,0,0
https://openalex.org/W2754919420,W2754919420,10.1038/s41467-017-00691-5,Interlayer excitons in a bulk van der Waals semiconductor,2017,119,2D Materials and Applications,30,Materials / Applications,4.0,Materials / Applications,,0,0
https://openalex.org/W2745498691,W2745498691,10.1038/s41467-017-00412-y,Layered van der Waals crystals with hyperbolic light dispersion,2017,118,2D Materials and Applications,4,Graphene / Applications,,,,0,0
https://openalex.org/W2737616040,W2737616040,10.1038/s41467-017-00195-2,Electronic components embedded in a single graphene nanoribbon,2017,117,Graphene research and applications,0,Graphene / Applications,1.0,Graphene / Applications,,0,0
https://openalex.org/W2740725503,W2740725503,10.1021/acs.nanolett.7b04666,Electrostatically Induced Quantum Point Contacts in Bilayer Graphene,2017,115,Graphene research and applications,11,Graphene / Quantum,,,,0,0
https://openalex.org/W2556429590,W2556429590,10.1088/1361-6528/aa564f,Molecular assembly on two-dimensional materials,2017,114,Surface Chemistry and Catalysis,13,Graphene / Applications,,,,0,0
https://openalex.org/W2586011037,W2586011037,10.1021/acsnano.6b07661,Tunable Doping in Hydrogenated Single Layered Molybdenum Disulfide,2017,113,2D Materials and Applications,21,Sub / Materials,,,,0,0
https://openalex.org/W2744480351,W2744480351,10.1002/smll.201604259,In Situ Transmission Electron Microscopy Characterization and Manipulation of Two‐Dimensional Layered Materials beyond Graphene,2017,112,Graphene research and applications,21,Sub / Materials,,,,0,0
https://openalex.org/W2589702776,W2589702776,10.1038/ncomms15036,Intercalant-independent transition temperature in superconducting black phosphorus,2017,110,2D Materials and Applications,9,Applications / Materials,7.0,Applications / Materials,,0,0
https://openalex.org/W2767583643,W2767583643,10.1038/s41467-017-01580-7,Probing optical anisotropy of nanometer-thin van der waals microcrystals by near-field imaging,2017,110,Graphene research and applications,4,Graphene / Applications,,,,0,0
https://openalex.org/W2604831393,W2604831393,10.1038/nphys4110,Tunnelling spectroscopy of Andreev states in graphene,2017,109,Graphene research and applications,4,Graphene / Applications,,,,0,0
https://openalex.org/W2739243129,W2739243129,10.1088/1361-6528/aa6f01,NaCl-assisted one-step growth of MoS<sub>2</sub>–WS<sub>2</sub>in-plane heterostructures,2017,108,2D Materials and Applications,21,Sub / Materials,,,,0,0
https://openalex.org/W2591340409,W2591340409,10.1126/sciadv.1602356,Self-assembly of electronically abrupt borophene/organic lateral heterostructures,2017,106,Boron and Carbon Nanomaterials Research,9,Applications / Materials,7.0,Applications / Materials,,0,0
https://openalex.org/W2621655809,W2621655809,10.1002/smll.201604298,Progress on Electronic and Optoelectronic Devices of 2D Layered Semiconducting Materials,2017,106,2D Materials and Applications,21,Sub / Materials,,,,0,0
https://openalex.org/W2631916902,W2631916902,10.1038/s41598-017-04683-9,Computational insights and the observation of SiC nanograin assembly: towards 2D silicon carbide,2017,104,Graphene research and applications,19,Materials / Applications,,,,0,0
https://openalex.org/W2738914970,W2738914970,10.1038/s41598-017-14928-2,High-Mobility and High-Optical Quality Atomically Thin WS 2,2017,103,2D Materials and Applications,21,Sub / Materials,,,,0,0
https://openalex.org/W2589029712,W2589029712,10.1038/ncomms14552,Edge currents shunt the insulating bulk in gapped graphene,2017,100,Graphene research and applications,11,Graphene / Quantum,,,,0,0
https://openalex.org/W2617335196,W2617335196,10.1038/s41699-017-0016-4,Hybrid graphene tunneling photoconductor with interface engineering towards fast photoresponse and high responsivity,2017,100,Graphene research and applications,8,Materials / Applications,6.0,Materials / Applications,,0,0
https://openalex.org/W2584111844,W2584111844,10.1021/acs.nanolett.6b04360,Unraveling the 3D Atomic Structure of a Suspended Graphene/hBN van der Waals Heterostructure,2017,98,Graphene research and applications,13,Graphene / Applications,,,,0,0
https://openalex.org/W2746661781,W2746661781,10.1038/s41598-017-09811-z,Contamination-free graphene by chemical vapor deposition in quartz furnaces,2017,98,Graphene research and applications,0,Graphene / Applications,1.0,Graphene / Applications,,0,0
https://openalex.org/W2736413970,W2736413970,10.1103/physrevlett.119.016403,First-Principles Prediction of Spin-Polarized Multiple Dirac Rings in Manganese Fluoride,2017,97,Graphene research and applications,2,Materials / Applications,2.0,Materials / Applications,,0,0
https://openalex.org/W2749788650,W2749788650,10.3390/s17091971,"TiO2-Based Nanoheterostructures for Promoting Gas Sensitivity Performance: Designs, Developments, and Prospects",2017,97,Gas Sensing Nanomaterials and Sensors,10,Sub / Gas,,,,0,0
https://openalex.org/W2626512285,W2626512285,10.1038/ncomms14776,Proposal for dark exciton based chemical sensors,2017,95,2D Materials and Applications,30,Materials / Applications,4.0,Materials / Applications,,0,0
https://openalex.org/W2746066676,W2746066676,10.1021/acsami.7b06461,High-Performance Schottky Diode Gas Sensor Based on the Heterojunction of Three-Dimensional Nanohybrids of Reduced Graphene Oxide–Vertical ZnO Nanorods on an AlGaN/GaN Layer,2017,95,Gas Sensing Nanomaterials and Sensors,0,Graphene / Applications,1.0,Graphene / Applications,,0,0
https://openalex.org/W2575204430,W2575204430,10.1073/pnas.1613110114,Spectroscopic evidence for bulk-band inversion and three-dimensional massive Dirac fermions in ZrTe <sub>5</sub>,2017,94,Topological Materials and Phenomena,2,Materials / Applications,2.0,Materials / Applications,,0,0
https://openalex.org/W2739227479,W2739227479,10.1039/c7tc02549a,2D material liquid crystals for optoelectronics and photonics,2017,94,Advanced Materials and Mechanics,0,Graphene / Applications,1.0,Graphene / Applications,,0,0
https://openalex.org/W2621029128,W2621029128,10.1038/s41598-017-02919-2,A kinetic Monte Carlo simulation method of van der Waals epitaxy for atomistic nucleation-growth processes of transition metal dichalcogenides,2017,93,2D Materials and Applications,21,Sub / Materials,,,,0,0
https://openalex.org/W2770420164,W2770420164,10.1038/s41598-017-16251-2,Synthesis of uniform single layer WS2 for tunable photoluminescence,2017,93,2D Materials and Applications,30,Materials / Applications,4.0,Materials / Applications,,0,0
https://openalex.org/W2730529375,W2730529375,10.1038/s41598-017-12816-3,Understanding contact gating in Schottky barrier transistors from 2D channels,2017,91,2D Materials and Applications,29,Materials / Applications,,,,0,0
https://openalex.org/W2738243060,W2738243060,10.1021/acs.nanolett.7b01248,Observing Imperfection in Atomic Interfaces for van der Waals Heterostructures,2017,91,2D Materials and Applications,26,Graphene / Materials,,,,0,0
https://openalex.org/W2608260087,W2608260087,10.1038/ncomms15783,A two-dimensional Dirac fermion microscope,2017,90,Topological Materials and Phenomena,4,Graphene / Applications,,,,0,0
https://openalex.org/W2775166368,W2775166368,10.1038/s41598-017-18166-4,Robust broad spectral photodetection (UV-NIR) and ultra high responsivity investigated in nanosheets and nanowires of Bi2Te3 under harsh nano-milling conditions,2017,89,2D Materials and Applications,8,Materials / Applications,6.0,Materials / Applications,,0,0
https://openalex.org/W2591118892,W2591118892,10.1021/acsnano.6b07832,Direct Observation of 2D Electrostatics and Ohmic Contacts in Template-Grown Graphene/WS<sub>2</sub> Heterostructures,2017,88,Graphene research and applications,6,Sub / Materials,,,,0,0
https://openalex.org/W2614873614,W2614873614,10.1038/ncomms15844,Dependence of the shape of graphene nanobubbles on trapped substance,2017,88,Minerals Flotation and Separation Techniques,26,Graphene / Materials,,,,0,0
https://openalex.org/W2693405874,W2693405874,10.1103/physrevb.96.125405,Magnetotransport in heterostructures of transition metal dichalcogenides and graphene,2017,88,Graphene research and applications,2,Materials / Applications,2.0,Materials / Applications,,0,0
https://openalex.org/W2729230207,W2729230207,10.1021/acs.nanolett.7b01196,Molecular Beam Epitaxy of GaN Nanowires on Epitaxial Graphene,2017,87,GaN-based semiconductor devices and materials,23,Graphene / Van Der,,,,0,0
https://openalex.org/W2748294498,W2748294498,10.1038/s41598-017-09266-2,Three-dimensional Graphene with MoS 2 Nanohybrid as Potential Energy Storage/Transfer Device,2017,87,Supercapacitor Materials and Fabrication,7,Materials / Supercapacitor,5.0,Materials / Supercapacitor,,0,0
https://openalex.org/W2772477055,W2772477055,10.1007/s40820-017-0173-1,Direct Growth of Graphene on Silicon by Metal-Free Chemical Vapor Deposition,2017,86,Graphene research and applications,0,Graphene / Applications,1.0,Graphene / Applications,,0,0
https://openalex.org/W2601651073,W2601651073,10.1038/ncomms14767,Periodic potentials in hybrid van der Waals heterostructures formed by supramolecular lattices on graphene,2017,85,Graphene research and applications,13,Graphene / Applications,,,,0,0
https://openalex.org/W2626984392,W2626984392,10.1038/s41699-017-0019-1,Experimental evidence of exciton capture by mid-gap defects in CVD grown monolayer MoSe2,2017,85,2D Materials and Applications,30,Materials / Applications,4.0,Materials / Applications,,0,0
https://openalex.org/W2542274455,W2542274455,10.1103/physrevlett.118.187201,Strong Modulation of Spin Currents in Bilayer Graphene by Static and Fluctuating Proximity Exchange Fields,2017,84,Graphene research and applications,2,Materials / Applications,2.0,Materials / Applications,,0,0
https://openalex.org/W2754234914,W2754234914,10.1038/s41598-017-12287-6,Schottky solar cell using few-layered transition metal dichalcogenides toward large-scale fabrication of semitransparent and flexible power generator,2017,83,2D Materials and Applications,6,Sub / Materials,,,,0,0
https://openalex.org/W2617425872,W2617425872,10.1038/s41467-017-01128-9,Gate-controlled reversible rectifying behaviour in tunnel contacted atomically-thin MoS2 transistor,2017,82,2D Materials and Applications,29,Materials / Applications,,,,0,0
https://openalex.org/W2595799683,W2595799683,10.1038/srep44712,"Tuning Coupling Behavior of Stacked Heterostructures Based on MoS2, WS2, and WSe2",2017,81,2D Materials and Applications,6,Sub / Materials,,,,0,0
https://openalex.org/W2748340183,W2748340183,10.1038/s41535-017-0051-6,Electrical control of the anomalous valley Hall effect in antiferrovalley bilayers,2017,81,2D Materials and Applications,2,Materials / Applications,2.0,Materials / Applications,,0,0
https://openalex.org/W2766475709,W2766475709,10.1038/s41467-017-01797-6,Supramolecular networks stabilise and functionalise black phosphorus,2017,80,2D Materials and Applications,9,Applications / Materials,7.0,Applications / Materials,,0,0
https://openalex.org/W4298183868,W4298183868,,Excitonic Linewidth Approaching the Homogeneous Limit in MoS 2 -Based van der Waals Heterostructures,2017,79,2D Materials and Applications,30,Materials / Applications,4.0,Materials / Applications,,0,0
https://openalex.org/W2522835015,W2522835015,10.1038/ncomms14699,Casimir force phase transitions in the graphene family,2017,78,Quantum Electrodynamics and Casimir Effect,2,Materials / Applications,2.0,Materials / Applications,,0,0
https://openalex.org/W2586977575,W2586977575,10.1038/s41699-017-0003-9,Probing the local nature of excitons and plasmons in few-layer MoS2,2017,78,2D Materials and Applications,30,Materials / Applications,4.0,Materials / Applications,,0,0
https://openalex.org/W2613266768,W2613266768,10.1038/s41598-017-02075-7,Preparation of Nanowire like WSe2-Graphene Nanocomposite for Photocatalytic Reduction of CO2 into CH3OH with the Presence of Sacrificial Agents,2017,78,Advanced Photocatalysis Techniques,3,Sub / Applications,,,,0,0
https://openalex.org/W2621055936,W2621055936,10.1039/c7ra03748a,Tunable electronic properties of arsenene/GaS van der Waals heterostructures,2017,78,2D Materials and Applications,9,Applications / Materials,7.0,Applications / Materials,,0,0
https://openalex.org/W3102828315,W3102828315,10.1038/s41598-017-03594-z,Size-tunable Lateral Confinement in Monolayer Semiconductors,2017,77,2D Materials and Applications,30,Materials / Applications,4.0,Materials / Applications,,0,0
https://openalex.org/W2775572884,W2775572884,10.1088/1361-6641/aaa168,"The transport and optical sensing properties of MoS <sub>2</sub> , MoSe <sub>2</sub> , WS <sub>2</sub> and WSe <sub>2</sub> semiconducting transition metal dichalcogenides",2017,76,2D Materials and Applications,10,Sub / Gas,,,,0,0
https://openalex.org/W2609028980,W2609028980,10.1021/acsnano.7b00551,Molecular Arrangement and Charge Transfer in C<sub>60</sub>/Graphene Heterostructures,2017,75,Graphene research and applications,0,Graphene / Applications,1.0,Graphene / Applications,,0,0
https://openalex.org/W2612617602,W2612617602,10.1038/s41467-017-01660-8,Carbon nanotubes as excitonic insulators,2017,75,Topological Materials and Phenomena,30,Materials / Applications,4.0,Materials / Applications,,0,0
https://openalex.org/W2765715568,W2765715568,10.3390/nano7110372,"The Advent of Indium Selenide: Synthesis, Electronic Properties, Ambient Stability and Applications",2017,75,2D Materials and Applications,20,Applications / Materials,,,,0,0
https://openalex.org/W2768393020,W2768393020,10.1038/s41598-017-15664-3,Effective mechanical properties of multilayer nano-heterostructures,2017,75,2D Materials and Applications,1,Graphene / Materials,,,,0,0
https://openalex.org/W2793369479,W2793369479,10.1038/nature26160,Unconventional superconductivity in magic-angle graphene superlattices,2018,8285,Physics of Superconductivity and Magnetism,16,Graphene / Applications,3.0,Graphene / Applications,,0,0
https://openalex.org/W2787584289,W2787584289,10.1038/nature26154,Correlated insulator behaviour at half-filling in magic-angle graphene superlattices,2018,4874,Graphene research and applications,16,Graphene / Applications,3.0,Graphene / Applications,,0,0
https://openalex.org/W2611395271,W2611395271,10.1103/revmodphys.90.015001,Weyl and Dirac semimetals in three-dimensional solids,2018,4540,Topological Materials and Phenomena,2,Materials / Applications,2.0,Materials / Applications,,0,0
https://openalex.org/W2793543443,W2793543443,10.1038/s41586-018-0626-9,Gate-tunable room-temperature ferromagnetism in two-dimensional Fe3GeTe2,2018,2579,2D Materials and Applications,2,Materials / Applications,2.0,Materials / Applications,,0,0
https://openalex.org/W1980451122,W1980451122,10.1103/revmodphys.90.021001,<i>Colloquium</i>: Excitons in atomically thin transition metal dichalcogenides,2018,2054,2D Materials and Applications,30,Materials / Applications,4.0,Materials / Applications,,0,0
https://openalex.org/W2784368966,W2784368966,10.1039/c6cs00915h,Raman spectroscopy of graphene-based materials and its applications in related devices,2018,2017,Graphene research and applications,15,Applications / Materials,,,,0,0
https://openalex.org/W2885167492,W2885167492,10.1016/j.nanoen.2018.08.013,Recent advancements in supercapacitor technology,2018,1855,Supercapacitor Materials and Fabrication,7,Materials / Supercapacitor,5.0,Materials / Supercapacitor,,0,0
https://openalex.org/W2551377153,W2551377153,10.1038/s41565-017-0035-5,Two-dimensional materials from high-throughput computational exfoliation of experimentally known compounds,2018,1847,2D Materials and Applications,2,Materials / Applications,2.0,Materials / Applications,,0,0
https://openalex.org/W2788044113,W2788044113,10.1038/s41565-018-0121-3,Electrical control of 2D magnetism in bilayer CrI3,2018,1358,2D Materials and Applications,2,Materials / Applications,2.0,Materials / Applications,,0,0
https://openalex.org/W2788858896,W2788858896,10.1038/s41565-018-0135-x,Controlling magnetism in 2D CrI3 by electrostatic doping,2018,1114,2D Materials and Applications,2,Materials / Applications,2.0,Materials / Applications,,0,0
https://openalex.org/W2789806238,W2789806238,10.1038/s41699-018-0050-x,Dielectric properties of hexagonal boron nitride and transition metal dichalcogenides: from monolayer to bulk,2018,940,Graphene research and applications,19,Materials / Applications,,,,0,0
https://openalex.org/W2885309566,W2885309566,10.1038/s41699-018-0074-2,Exciton physics and device application of two-dimensional transition metal dichalcogenide semiconductors,2018,874,2D Materials and Applications,30,Materials / Applications,4.0,Materials / Applications,,0,0
https://openalex.org/W2781720065,W2781720065,10.1038/s41928-018-0021-4,Robust memristors based on layered two-dimensional materials,2018,781,Advanced Memory and Neural Computing,22,Materials / Applications,,,,0,0
https://openalex.org/W2798201426,W2798201426,10.1103/physrevlett.121.026402,Hubbard Model Physics in Transition Metal Dichalcogenide Moiré Bands,2018,721,2D Materials and Applications,16,Graphene / Applications,3.0,Graphene / Applications,,0,0
https://openalex.org/W2886211407,W2886211407,10.1021/acs.nanolett.8b03321,Stacking-Dependent Magnetism in Bilayer CrI<sub>3</sub>,2018,678,2D Materials and Applications,2,Materials / Applications,2.0,Materials / Applications,,0,0
https://openalex.org/W2898341701,W2898341701,10.3390/s18113638,"2D Materials for Gas Sensing Applications: A Review on Graphene Oxide, MoS2, WS2 and Phosphorene",2018,619,Gas Sensing Nanomaterials and Sensors,10,Sub / Gas,,,,0,0
https://openalex.org/W2785278192,W2785278192,10.1038/s41467-018-04953-8,Very large tunneling magnetoresistance in layered magnetic semiconductor CrI3,2018,607,2D Materials and Applications,2,Materials / Applications,2.0,Materials / Applications,,0,0
https://openalex.org/W2807257492,W2807257492,10.1038/s41565-018-0157-4,Borophene as a prototype for synthetic 2D materials development,2018,584,Boron and Carbon Nanomaterials Research,9,Applications / Materials,7.0,Applications / Materials,,0,0
https://openalex.org/W2903561922,W2903561922,10.1021/acsnano.8b06511,Carbon Nanotubes and Related Nanomaterials: Critical Advances and Challenges for Synthesis toward Mainstream Commercial Applications,2018,573,Carbon Nanotubes in Composites,0,Graphene / Applications,1.0,Graphene / Applications,,0,0
https://openalex.org/W2805157846,W2805157846,10.1007/s40097-018-0265-6,Graphene and graphene oxide as nanomaterials for medicine and biology application,2018,562,Graphene and Nanomaterials Applications,0,Graphene / Applications,1.0,Graphene / Applications,,0,0
https://openalex.org/W2800438361,W2800438361,10.1038/s41467-018-03935-0,Atomically thin noble metal dichalcogenide: a broadband mid-infrared semiconductor,2018,528,2D Materials and Applications,8,Materials / Applications,6.0,Materials / Applications,,0,0
https://openalex.org/W2792134346,W2792134346,10.1038/s41467-018-07558-3,Cleaning interfaces in layered materials heterostructures,2018,485,Graphene research and applications,26,Graphene / Materials,,,,0,0
https://openalex.org/W2802725407,W2802725407,10.1039/c8cs00067k,Engineering graphene and TMDs based van der Waals heterostructures for photovoltaic and photoelectrochemical solar energy conversion,2018,485,Graphene research and applications,6,Sub / Materials,,,,0,0
https://openalex.org/W2790332841,W2790332841,10.1038/nature25774,Monolayer atomic crystal molecular superlattices,2018,439,2D Materials and Applications,9,Applications / Materials,7.0,Applications / Materials,,0,0
https://openalex.org/W2809332576,W2809332576,10.1038/s41699-018-0063-5,Two-dimensional materials with piezoelectric and ferroelectric functionalities,2018,435,2D Materials and Applications,12,Materials / Sub,,,,0,0
https://openalex.org/W2790153257,W2790153257,10.1038/s41467-018-04018-w,Hard magnetic properties in nanoflake van der Waals Fe3GeTe2,2018,413,2D Materials and Applications,2,Materials / Applications,2.0,Materials / Applications,,0,0
https://openalex.org/W2905633170,W2905633170,10.1016/j.mattod.2018.12.002,Tribology of two-dimensional materials: From mechanisms to modulating strategies,2018,413,Graphene research and applications,1,Graphene / Materials,,,,0,0
https://openalex.org/W2904623341,W2904623341,10.1515/nanoph-2018-0106,Nonlinear optical properties and applications of 2D materials: theoretical and experimental aspects,2018,398,Advanced Fiber Laser Technologies,14,Materials / Optical,,,,0,0
https://openalex.org/W2805255799,W2805255799,10.1038/s41598-018-21686-2,"Reduced graphene oxide (rGO) based wideband optical sensor and the role of Temperature, Defect States and Quantum Efficiency",2018,380,Graphene research and applications,8,Materials / Applications,6.0,Materials / Applications,,0,0
https://openalex.org/W2883885961,W2883885961,10.1126/sciadv.aar7720,Room temperature in-plane ferroelectricity in van der Waals In <sub>2</sub> Se <sub>3</sub>,2018,375,2D Materials and Applications,12,Materials / Sub,,,,0,0
https://openalex.org/W2900023333,W2900023333,10.1039/c8na00233a,Rh-doped MoSe<sub>2</sub> as a toxic gas scavenger: a first-principles study,2018,367,2D Materials and Applications,10,Sub / Gas,,,,0,0
https://openalex.org/W2797990522,W2797990522,10.1038/s41467-018-04866-6,Two-dimensional semiconductors in the regime of strong light-matter coupling,2018,348,2D Materials and Applications,30,Materials / Applications,4.0,Materials / Applications,,0,0
https://openalex.org/W2892545642,W2892545642,10.1021/acsnano.8b06101,Mechanism of Gold-Assisted Exfoliation of Centimeter-Sized Transition-Metal Dichalcogenide Monolayers,2018,345,2D Materials and Applications,17,Materials / Two-Dimensional,,,,0,0
https://openalex.org/W2902132678,W2902132678,10.1038/s41467-018-07643-7,Current status and technological prospect of photodetectors based on two-dimensional materials,2018,332,2D Materials and Applications,8,Materials / Applications,6.0,Materials / Applications,,0,0
https://openalex.org/W2787289826,W2787289826,10.1146/annurev-physchem-050317-021353,Electronic Transport in Two-Dimensional Materials,2018,330,2D Materials and Applications,29,Materials / Applications,,,,0,0
https://openalex.org/W2879878709,W2879878709,10.1038/s41467-018-07848-w,Resonant terahertz detection using graphene plasmons,2018,323,Plasmonic and Surface Plasmon Research,4,Graphene / Applications,,,,0,0
https://openalex.org/W2793318027,W2793318027,10.1038/s41928-018-0087-z,Magnon-assisted tunnelling in van der Waals heterostructures based on CrBr3,2018,320,2D Materials and Applications,2,Materials / Applications,2.0,Materials / Applications,,0,0
https://openalex.org/W2778421216,W2778421216,10.1038/s41467-018-05874-2,Ultrafast and highly sensitive infrared photodetectors based on two-dimensional oxyselenide crystals,2018,313,2D Materials and Applications,8,Materials / Applications,6.0,Materials / Applications,,0,0
https://openalex.org/W2757980502,W2757980502,10.1038/s41586-018-0107-1,Dynamic band-structure tuning of graphene moiré superlattices with pressure,2018,309,Graphene research and applications,16,Graphene / Applications,3.0,Graphene / Applications,,0,0
https://openalex.org/W2800829505,W2800829505,10.3390/nano8040256,"Recent Advances in Metal Chalcogenides (MX; X = S, Se) Nanostructures for Electrochemical Supercapacitor Applications: A Brief Review",2018,304,Supercapacitor Materials and Fabrication,7,Materials / Supercapacitor,5.0,Materials / Supercapacitor,,0,0
https://openalex.org/W2800120486,W2800120486,10.1039/c7cs00880e,Atomically thin p–n junctions based on two-dimensional materials,2018,300,Graphene research and applications,9,Applications / Materials,7.0,Applications / Materials,,0,0
https://openalex.org/W2797447306,W2797447306,10.1038/s41467-018-03723-w,Autonomous robotic searching and assembly of two-dimensional crystals to build van der Waals superlattices,2018,298,2D Materials and Applications,26,Graphene / Materials,,,,0,0
https://openalex.org/W2807503277,W2807503277,10.1038/s41928-018-0086-0,"High-performance, multifunctional devices based on asymmetric van der Waals heterostructures",2018,288,Graphene research and applications,22,Materials / Applications,,,,0,0
https://openalex.org/W2761699998,W2761699998,10.1038/s41467-018-03188-x,Photonic-crystal exciton-polaritons in monolayer semiconductors,2018,287,Strong Light-Matter Interactions,30,Materials / Applications,4.0,Materials / Applications,,0,0
https://openalex.org/W2885444127,W2885444127,10.1038/s41598-018-30614-3,Electronic and optical properties of heterostructures based on transition metal dichalcogenides and graphene-like zinc oxide,2018,281,2D Materials and Applications,19,Materials / Applications,,,,0,0
https://openalex.org/W2836558424,W2836558424,10.1039/c8cs00255j,2D library beyond graphene and transition metal dichalcogenides: a focus on photodetection,2018,272,2D Materials and Applications,9,Applications / Materials,7.0,Applications / Materials,,0,0
https://openalex.org/W2785475643,W2785475643,10.1021/acsnano.7b08418,Tuning Electronic Structure of Single Layer MoS<sub>2</sub> through Defect and Interface Engineering,2018,270,2D Materials and Applications,21,Sub / Materials,,,,0,0
https://openalex.org/W2789378330,W2789378330,10.1073/pnas.1800069115,Facile bottom-up synthesis of partially oxidized black phosphorus nanosheets as metal-free photocatalyst for hydrogen evolution,2018,265,2D Materials and Applications,9,Applications / Materials,7.0,Applications / Materials,,0,0
https://openalex.org/W2899437421,W2899437421,10.1016/j.surfrep.2018.10.001,"Hexagonal boron nitride monolayers on metal supports: Versatile templates for atoms, molecules and nanostructures",2018,258,Graphene research and applications,13,Graphene / Applications,,,,0,0
https://openalex.org/W2806163962,W2806163962,10.1038/s41467-018-05863-5,Revealing the biexciton and trion-exciton complexes in BN encapsulated WSe2,2018,257,2D Materials and Applications,30,Materials / Applications,4.0,Materials / Applications,,0,0
https://openalex.org/W2800973194,W2800973194,10.1038/s41467-018-05632-4,Charge-tuneable biexciton complexes in monolayer WSe2,2018,256,2D Materials and Applications,30,Materials / Applications,4.0,Materials / Applications,,0,0
https://openalex.org/W2610163156,W2610163156,10.1038/s41563-018-0079-4,Significant Dzyaloshinskii–Moriya interaction at graphene–ferromagnet interfaces due to the Rashba effect,2018,254,Magnetic properties of thin films,2,Materials / Applications,2.0,Materials / Applications,,0,0
https://openalex.org/W2802222992,W2802222992,10.1038/s41427-018-0035-4,Ultrafast and sensitive photodetector based on a PtSe2/silicon nanowire array heterojunction with a multiband spectral response from 200 to 1550 nm,2018,254,2D Materials and Applications,8,Materials / Applications,6.0,Materials / Applications,,0,0
https://openalex.org/W2890882564,W2890882564,10.1021/acsnano.8b05514,MoS<sub>2</sub> Quantum Dot/Graphene Hybrids for Advanced Interface Engineering of a CH<sub>3</sub>NH<sub>3</sub>PbI<sub>3</sub> Perovskite Solar Cell with an Efficiency of over 20%,2018,254,Perovskite Materials and Applications,28,Applications / Materials,,,,0,0
https://openalex.org/W2808653474,W2808653474,10.1038/s41586-018-0205-0,Heterointerface effects in the electrointercalation of van der Waals heterostructures,2018,252,Graphene research and applications,7,Materials / Supercapacitor,5.0,Materials / Supercapacitor,,0,0
https://openalex.org/W2899243291,W2899243291,10.1002/adma.201804828,Heterostructures Based on 2D Materials: A Versatile Platform for Efficient Catalysis,2018,252,Advanced Photocatalysis Techniques,7,Materials / Supercapacitor,5.0,Materials / Supercapacitor,,0,0
https://openalex.org/W2789458157,W2789458157,10.1002/advs.201700491,2D Black Phosphorus: from Preparation to Applications for Electrochemical Energy Storage,2018,249,2D Materials and Applications,9,Applications / Materials,7.0,Applications / Materials,,0,0
https://openalex.org/W2800604190,W2800604190,10.1038/s41467-018-03956-9,CVD-grown monolayer MoS2 in bioabsorbable electronics and biosensors,2018,246,2D Materials and Applications,21,Sub / Materials,,,,0,0
https://openalex.org/W2895058923,W2895058923,10.1038/s41467-018-06437-1,Stabilizing black phosphorus nanosheets via edge-selective bonding of sacrificial C60 molecules,2018,245,2D Materials and Applications,9,Applications / Materials,7.0,Applications / Materials,,0,0
https://openalex.org/W2907603416,W2907603416,10.1038/s41467-018-07835-1,Defect engineered bioactive transition metals dichalcogenides quantum dots,2018,237,2D Materials and Applications,3,Sub / Applications,,,,0,0
https://openalex.org/W2898579261,W2898579261,10.1038/s41467-018-06914-7,Microfluidic-spinning construction of black-phosphorus-hybrid microfibres for non-woven fabrics toward a high energy density flexible supercapacitor,2018,233,Supercapacitor Materials and Fabrication,7,Materials / Supercapacitor,5.0,Materials / Supercapacitor,,0,0
https://openalex.org/W2761108577,W2761108577,10.1038/s41565-018-0138-7,Band structure engineering of 2D materials using patterned dielectric superlattices,2018,226,Topological Materials and Phenomena,13,Graphene / Applications,,,,0,0
https://openalex.org/W2787933384,W2787933384,10.1126/sciadv.1700324,Photocarrier generation from interlayer charge-transfer transitions in WS <sub>2</sub> -graphene heterostructures,2018,223,2D Materials and Applications,6,Sub / Materials,,,,0,0
https://openalex.org/W2800840716,W2800840716,10.1126/sciadv.aap7916,Nonvolatile infrared memory in MoS <sub>2</sub> /PbS van der Waals heterostructures,2018,222,2D Materials and Applications,8,Materials / Applications,6.0,Materials / Applications,,0,0
https://openalex.org/W2804635920,W2804635920,10.1038/s41586-018-0203-2,Ballistic molecular transport through two-dimensional channels,2018,217,Graphene research and applications,26,Graphene / Materials,,,,0,0
https://openalex.org/W2797039640,W2797039640,10.1038/s41467-018-03824-6,Two-dimensional electronic transport and surface electron accumulation in MoS2,2018,215,2D Materials and Applications,29,Materials / Applications,,,,0,0
https://openalex.org/W2803426300,W2803426300,10.1088/2053-1583/aac764,Tailoring the mechanical properties of 2D materials and heterostructures,2018,211,Graphene research and applications,1,Graphene / Materials,,,,0,0
https://openalex.org/W2794714637,W2794714637,10.1038/s41467-018-03218-8,Large-area and bright pulsed electroluminescence in monolayer semiconductors,2018,207,2D Materials and Applications,30,Materials / Applications,4.0,Materials / Applications,,0,0
https://openalex.org/W2796386517,W2796386517,10.1088/1361-6528/aabd90,Minimizing residues and strain in 2D materials transferred from PDMS,2018,195,2D Materials and Applications,26,Graphene / Materials,,,,0,0
https://openalex.org/W2890277353,W2890277353,10.1186/s40580-018-0158-x,Synthesis of 2D transition metal dichalcogenides by chemical vapor deposition with controlled layer number and morphology,2018,193,2D Materials and Applications,3,Sub / Applications,,,,0,0
https://openalex.org/W2806686581,W2806686581,10.1038/s41467-018-04610-0,In situ atomistic insight into the growth mechanisms of single layer 2D transition metal carbides,2018,191,MXene and MAX Phase Materials,7,Materials / Supercapacitor,5.0,Materials / Supercapacitor,,0,0
https://openalex.org/W2883223753,W2883223753,10.1038/s41467-018-05343-w,Room-temperature pyro-catalytic hydrogen generation of 2D few-layer black phosphorene under cold-hot alternation,2018,190,2D Materials and Applications,9,Applications / Materials,7.0,Applications / Materials,,0,0
https://openalex.org/W2800083984,W2800083984,10.1002/adfm.201800480,Inkjet Printed Large‐Area Flexible Few‐Layer Graphene Thermoelectrics,2018,184,Advanced Thermoelectric Materials and Devices,0,Graphene / Applications,1.0,Graphene / Applications,,0,0
https://openalex.org/W2902450520,W2902450520,10.1038/s41467-018-07710-z,Reversible and selective ion intercalation through the top surface of few-layer MoS2,2018,184,2D Materials and Applications,21,Sub / Materials,,,,0,0
https://openalex.org/W2795502370,W2795502370,10.1038/s41467-018-03752-5,Rolling up transition metal dichalcogenide nanoscrolls via one drop of ethanol,2018,179,2D Materials and Applications,21,Sub / Materials,,,,0,0
https://openalex.org/W2791989211,W2791989211,10.1021/acs.nanolett.7b05000,Wide Spectral Photoresponse of Layered Platinum Diselenide-Based Photodiodes,2018,176,2D Materials and Applications,8,Materials / Applications,6.0,Materials / Applications,,0,0
https://openalex.org/W2798689360,W2798689360,10.1038/s41467-018-03864-y,Dissociation of two-dimensional excitons in monolayer WSe2,2018,176,2D Materials and Applications,30,Materials / Applications,4.0,Materials / Applications,,0,0
https://openalex.org/W3100168340,W3100168340,10.3929/ethz-b-000268517,Minimizing residues and strain in 2D materials transferred from PDMS,2018,174,Advanced Sensor and Energy Harvesting Materials,26,Graphene / Materials,,,,0,0
https://openalex.org/W2887735297,W2887735297,10.3390/cryst8080316,"Progress in Contact, Doping and Mobility Engineering of MoS2: An Atomically Thin 2D Semiconductor",2018,171,2D Materials and Applications,29,Materials / Applications,,,,0,0
https://openalex.org/W2803953690,W2803953690,10.1038/s41467-018-04395-2,Large quantum-spin-Hall gap in single-layer 1T′ WSe2,2018,164,Topological Materials and Phenomena,2,Materials / Applications,2.0,Materials / Applications,,0,0
https://openalex.org/W2883746998,W2883746998,10.1039/c8cs00450a,Synthesis of hexagonal boron nitride heterostructures for 2D van der Waals electronics,2018,163,Graphene research and applications,13,Graphene / Applications,,,,0,0
https://openalex.org/W2759269994,W2759269994,10.1038/s41467-018-04293-7,Indirect excitons in van der Waals heterostructures at room temperature,2018,162,2D Materials and Applications,30,Materials / Applications,4.0,Materials / Applications,,0,0
https://openalex.org/W2788128145,W2788128145,10.1038/s41467-018-05558-x,Coulomb-bound four- and five-particle intervalley states in an atomically-thin semiconductor,2018,162,2D Materials and Applications,30,Materials / Applications,4.0,Materials / Applications,,0,0
https://openalex.org/W2805165135,W2805165135,10.1038/s41467-018-03174-3,Microsecond dark-exciton valley polarization memory in two-dimensional heterostructures,2018,160,2D Materials and Applications,30,Materials / Applications,4.0,Materials / Applications,,0,0
https://openalex.org/W2893494054,W2893494054,10.1038/s41467-018-06163-8,Observing of the super-Planckian near-field thermal radiation between graphene sheets,2018,159,Thermal Radiation and Cooling Technologies,4,Graphene / Applications,,,,0,0
https://openalex.org/W2811161027,W2811161027,10.1038/s41699-018-0065-3,Emerging nanofabrication and quantum confinement techniques for 2D materials beyond graphene,2018,158,Graphene research and applications,21,Sub / Materials,,,,0,0
https://openalex.org/W2606527368,W2606527368,10.1073/pnas.1716781115,Full superconducting dome of strong Ising protection in gated monolayer WS <sub>2</sub>,2018,156,2D Materials and Applications,5,Superconductivity / Sub,,,,0,0
https://openalex.org/W2887123899,W2887123899,10.1038/s41467-018-05326-x,A gate-free monolayer WSe2 pn diode,2018,156,2D Materials and Applications,30,Materials / Applications,4.0,Materials / Applications,,0,0
https://openalex.org/W3101295929,W3101295929,,Dissociation of two-dimensional excitons in monolayer WSe&lt;sub&gt;2&lt;/sub&gt;,2018,154,2D Materials and Applications,30,Materials / Applications,4.0,Materials / Applications,,0,0
https://openalex.org/W2898928775,W2898928775,10.1021/acsami.8b13620,Wafer-Scale Fabrication of Two-Dimensional PtS<sub>2</sub>/PtSe<sub>2</sub> Heterojunctions for Efficient and Broad band Photodetection,2018,149,2D Materials and Applications,8,Materials / Applications,6.0,Materials / Applications,,0,0
https://openalex.org/W2900006623,W2900006623,10.1038/s41467-018-07135-8,Scalable high performance radio frequency electronics based on large domain bilayer MoS2,2018,148,2D Materials and Applications,22,Materials / Applications,,,,0,0
https://openalex.org/W2883739818,W2883739818,10.1038/s41467-018-05390-3,Bottom-up growth of n-type monolayer molecular crystals on polymeric substrate for optoelectronic device applications,2018,147,Molecular Junctions and Nanostructures,29,Materials / Applications,,,,0,0
https://openalex.org/W2801401535,W2801401535,10.1038/s41467-018-04012-2,Emerging two-dimensional ferromagnetism in silicene materials,2018,145,Graphene research and applications,2,Materials / Applications,2.0,Materials / Applications,,0,0
https://openalex.org/W2804491512,W2804491512,10.1016/j.joule.2018.04.027,The Role of Geometric Sites in 2D Materials for Energy Storage,2018,144,Graphene research and applications,7,Materials / Supercapacitor,5.0,Materials / Supercapacitor,,0,0
https://openalex.org/W2896853347,W2896853347,10.1063/1.5040694,Long range intrinsic ferromagnetism in two dimensional materials and dissipationless future technologies,2018,144,2D Materials and Applications,2,Materials / Applications,2.0,Materials / Applications,,0,0
https://openalex.org/W2792578873,W2792578873,10.1038/am.2017.226,Stacking-controllable interlayer coupling and symmetric configuration of multilayered MoS2,2018,142,2D Materials and Applications,21,Sub / Materials,,,,0,0
https://openalex.org/W3098522620,W3098522620,,Long range intrinsic ferromagnetism in two dimensional materials and dissipationless future technologies,2018,142,2D Materials and Applications,2,Materials / Applications,2.0,Materials / Applications,,0,0
https://openalex.org/W2898927359,W2898927359,10.1002/adma.201804428,Enhanced Spontaneous Polarization in Ultrathin SnTe Films with Layered Antipolar Structure,2018,141,2D Materials and Applications,12,Materials / Sub,,,,0,0
https://openalex.org/W2893690013,W2893690013,10.1038/s41467-018-06555-w,Twist angle-dependent conductivities across MoS2/graphene heterojunctions,2018,134,Graphene research and applications,13,Graphene / Applications,,,,0,0
https://openalex.org/W3101022347,W3101022347,10.3929/ethz-b-000279978,Spin and Valley States in Gate-Defined Bilayer Graphene Quantum Dots,2018,134,Graphene research and applications,11,Graphene / Quantum,,,,0,0
https://openalex.org/W2885032895,W2885032895,10.1038/s41598-018-30237-8,Understanding of MoS2/GaN Heterojunction Diode and its Photodetection Properties,2018,133,2D Materials and Applications,8,Materials / Applications,6.0,Materials / Applications,,0,0
https://openalex.org/W2795510410,W2795510410,10.1038/sdata.2018.82,Computational screening of high-performance optoelectronic materials using OptB88vdW and TB-mBJ formalisms,2018,132,Machine Learning in Materials Science,19,Materials / Applications,,,,0,0
https://openalex.org/W2798214266,W2798214266,10.3389/fnsys.2018.00012,Interfacing Graphene-Based Materials With Neural Cells,2018,131,Graphene and Nanomaterials Applications,0,Graphene / Applications,1.0,Graphene / Applications,,0,0
https://openalex.org/W2792326167,W2792326167,10.1038/s41467-018-03479-3,Intralayer and interlayer electron–phonon interactions in twisted graphene heterostructures,2018,128,Graphene research and applications,15,Applications / Materials,,,,0,0
https://openalex.org/W2793340654,W2793340654,10.1038/s41699-018-0049-3,Device physics of van der Waals heterojunction solar cells,2018,128,2D Materials and Applications,6,Sub / Materials,,,,0,0
https://openalex.org/W2791723705,W2791723705,10.1103/physrevx.8.031023,Spin and Valley States in Gate-Defined Bilayer Graphene Quantum Dots,2018,124,Graphene research and applications,11,Graphene / Quantum,,,,0,0
https://openalex.org/W2800659436,W2800659436,10.1021/acsnano.8b01354,Insulator-to-Metallic Spin-Filtering in 2D-Magnetic Tunnel Junctions Based on Hexagonal Boron Nitride,2018,124,Graphene research and applications,2,Materials / Applications,2.0,Materials / Applications,,0,0
https://openalex.org/W2889448298,W2889448298,10.1039/c8cp04337j,Tunable interlayer coupling and Schottky barrier in graphene and Janus MoSSe heterostructures by applying an external field,2018,123,2D Materials and Applications,19,Materials / Applications,,,,0,0
https://openalex.org/W2842055226,W2842055226,10.1007/s40820-018-0215-3,MoS2 Nanosheet Arrays Rooted on Hollow rGO Spheres as Bifunctional Hydrogen Evolution Catalyst and Supercapacitor Electrode,2018,122,Electrocatalysts for Energy Conversion,3,Sub / Applications,,,,0,0
https://openalex.org/W2793436374,W2793436374,10.1126/sciadv.aao5031,Oxide-mediated recovery of field-effect mobility in plasma-treated MoS <sub>2</sub>,2018,121,2D Materials and Applications,29,Materials / Applications,,,,0,0
https://openalex.org/W2801072535,W2801072535,10.1039/c8nr02339e,"Low-temperature plasma-enhanced atomic layer deposition of 2-D MoS<sub>2</sub>: large area, thickness control and tuneable morphology",2018,118,2D Materials and Applications,3,Sub / Applications,,,,0,0
https://openalex.org/W2810578390,W2810578390,10.1007/s40820-018-0212-6,Enhanced Performance of a Monolayer MoS2/WSe2 Heterojunction as a Photoelectrochemical Cathode,2018,118,2D Materials and Applications,6,Sub / Materials,,,,0,0
https://openalex.org/W2896642829,W2896642829,10.1007/s40820-018-0224-2,Beyond Graphene Anode Materials for Emerging Metal Ion Batteries and Supercapacitors,2018,118,MXene and MAX Phase Materials,7,Materials / Supercapacitor,5.0,Materials / Supercapacitor,,0,0
https://openalex.org/W2906962965,W2906962965,10.1016/j.mtener.2018.12.004,Emerging opportunities for black phosphorus in energy applications,2018,118,2D Materials and Applications,9,Applications / Materials,7.0,Applications / Materials,,0,0
https://openalex.org/W2896988254,W2896988254,10.1002/adma.201804650,Stable Silicene in Graphene/Silicene Van der Waals Heterostructures,2018,116,Graphene research and applications,19,Materials / Applications,,,,0,0
https://openalex.org/W2769768702,W2769768702,10.1038/s41467-018-03000-w,Spectroscopy of bulk and few-layer superconducting NbSe2 with van der Waals tunnel junctions,2018,115,Topological Materials and Phenomena,5,Superconductivity / Sub,,,,0,0
https://openalex.org/W2802430305,W2802430305,10.1021/acs.chemmater.7b05117,One-Step Synthesis of Metal/Semiconductor Heterostructure NbS<sub>2</sub>/MoS<sub>2</sub>,2018,115,2D Materials and Applications,3,Sub / Applications,,,,0,0
https://openalex.org/W2784122423,W2784122423,10.1103/physrevb.97.035411,Atlas for the properties of elemental two-dimensional metals,2018,114,Graphene research and applications,19,Materials / Applications,,,,0,0
https://openalex.org/W2789546120,W2789546120,10.1021/acsami.8b01729,"Band Engineering of Carbon Nitride Monolayers by N-Type, P-Type, and Isoelectronic Doping for Photocatalytic Applications",2018,113,2D Materials and Applications,7,Materials / Supercapacitor,5.0,Materials / Supercapacitor,,0,0
https://openalex.org/W2895072385,W2895072385,10.3390/ma11101885,2D Material Science: Defect Engineering by Particle Irradiation,2018,113,Graphene research and applications,21,Sub / Materials,,,,0,0
https://openalex.org/W2888764303,W2888764303,10.1038/s41524-018-0105-8,Mapping the elastic properties of two-dimensional MoS2 via bimodal atomic force microscopy and finite element simulation,2018,112,2D Materials and Applications,1,Graphene / Materials,,,,0,0
https://openalex.org/W2968914471,W2968914471,10.1515/nanoph-2019-0140,Advances in quantum light emission from 2D materials,2018,112,2D Materials and Applications,30,Materials / Applications,4.0,Materials / Applications,,0,0
https://openalex.org/W2902672493,W2902672493,10.1038/s41467-018-07555-6,Seamless lateral graphene p–n junctions formed by selective in situ doping for high-performance photodetectors,2018,110,Graphene research and applications,8,Materials / Applications,6.0,Materials / Applications,,0,0
https://openalex.org/W2745522798,W2745522798,10.1103/physrevlett.120.046801,Chiral Response of Twisted Bilayer Graphene,2018,109,Metamaterials and Metasurfaces Applications,4,Graphene / Applications,,,,0,0
https://openalex.org/W2616623234,W2616623234,10.1038/s41567-017-0033-4,Giant spin-splitting and gap renormalization driven by trions in single-layer WS2/h-BN heterostructures,2018,107,2D Materials and Applications,30,Materials / Applications,4.0,Materials / Applications,,0,0
https://openalex.org/W2803185170,W2803185170,10.1039/c8cp03599g,Distinct spin–lattice and spin–phonon interactions in monolayer magnetic CrI<sub>3</sub>,2018,107,2D Materials and Applications,2,Materials / Applications,2.0,Materials / Applications,,0,0
https://openalex.org/W2889721530,W2889721530,10.3390/cryst8090357,A Review of Current Development of Graphene Mechanics,2018,107,Graphene research and applications,0,Graphene / Applications,1.0,Graphene / Applications,,0,0
https://openalex.org/W2891588244,W2891588244,10.1186/s11671-018-2696-x,Adsorption of Transition Metals on Black Phosphorene: a First-Principles Study,2018,107,2D Materials and Applications,9,Applications / Materials,7.0,Applications / Materials,,0,0
https://openalex.org/W2900463786,W2900463786,10.1038/s41567-018-0355-x,Even denominator fractional quantum Hall states in higher Landau levels of graphene,2018,107,Quantum and electron transport phenomena,26,Graphene / Materials,,,,0,0
https://openalex.org/W2900502692,W2900502692,10.1039/c8ra04350g,Hydrothermal synthesis of flower-like molybdenum disulfide microspheres and their application in electrochemical supercapacitors,2018,107,Supercapacitor Materials and Fabrication,3,Sub / Applications,,,,0,0
https://openalex.org/W2792083281,W2792083281,10.1007/s12274-018-2009-9,Ultrasensitive H2S gas sensors based on p-type WS2 hybrid materials,2018,105,Gas Sensing Nanomaterials and Sensors,10,Sub / Gas,,,,0,0
https://openalex.org/W2888351913,W2888351913,10.1007/s40820-018-0219-z,Recent Progress on Two-Dimensional Nanoflake Ensembles for Energy Storage Applications,2018,105,Supercapacitor Materials and Fabrication,7,Materials / Supercapacitor,5.0,Materials / Supercapacitor,,0,0
https://openalex.org/W2763533410,W2763533410,10.1038/s41467-018-04877-3,The role of momentum-dark excitons in the elementary optical response of bilayer WSe2,2018,104,2D Materials and Applications,30,Materials / Applications,4.0,Materials / Applications,,0,0
https://openalex.org/W2788569353,W2788569353,10.1103/physrevmaterials.2.024001,Natural optical anisotropy of h-BN: Highest giant birefringence in a bulk crystal through the mid-infrared to ultraviolet range,2018,103,2D Materials and Applications,13,Graphene / Applications,,,,0,0
https://openalex.org/W2889740355,W2889740355,10.1039/c8sc02609b,Charge carrier injection and transport engineering in two-dimensional transition metal dichalcogenides,2018,102,2D Materials and Applications,29,Materials / Applications,,,,0,0
https://openalex.org/W2807719556,W2807719556,10.1016/j.mtphys.2018.05.006,The thermal and thermoelectric properties of in-plane C-BN hybrid structures and graphene/h-BN van der Waals heterostructures,2018,97,Thermal properties of materials,13,Graphene / Applications,,,,0,0
https://openalex.org/W2901219721,W2901219721,10.3390/nano8110962,Optical Properties of Graphene/MoS2 Heterostructure: First Principles Calculations,2018,97,2D Materials and Applications,26,Graphene / Materials,,,,0,0
https://openalex.org/W2901468680,W2901468680,10.1016/j.mtnano.2018.11.002,A brief review on plasma for synthesis and processing of electrode materials,2018,95,Supercapacitor Materials and Fabrication,0,Graphene / Applications,1.0,Graphene / Applications,,0,0
https://openalex.org/W2898895142,W2898895142,10.1038/s41699-018-0082-2,Van der Waals junction field effect transistors with both n- and p-channel transition metal dichalcogenides,2018,94,2D Materials and Applications,6,Sub / Materials,,,,0,0
https://openalex.org/W2797088867,W2797088867,10.1021/acs.chemmater.7b05311,MnSb<sub>2</sub>S<sub>4</sub> Monolayer as an Anode Material for Metal-Ion Batteries,2018,93,Advancements in Battery Materials,7,Materials / Supercapacitor,5.0,Materials / Supercapacitor,,0,0
https://openalex.org/W2808296014,W2808296014,10.1039/c8cp02786b,<i>Ab initio</i> molecular dynamics of atomic-scale surface reactions: insights into metal organic chemical vapor deposition of AlN on graphene,2018,93,Graphene research and applications,23,Graphene / Van Der,,,,0,0
https://openalex.org/W2795140757,W2795140757,10.1088/1361-6528/aab9d2,Bias-switchable negative and positive photoconductivity in 2D FePS <sub>3</sub> ultraviolet photodetectors,2018,92,2D Materials and Applications,8,Materials / Applications,6.0,Materials / Applications,,0,0
https://openalex.org/W2798661714,W2798661714,10.1073/pnas.1804572115,High-order fractal states in graphene superlattices,2018,92,Graphene research and applications,13,Graphene / Applications,,,,0,0
https://openalex.org/W2903615123,W2903615123,10.1088/2053-1583/aaf9cc,Controlled growth of atomically thin MoSe <sub>2</sub> films and nanoribbons by chemical vapor deposition,2018,90,2D Materials and Applications,11,Graphene / Quantum,,,,0,0
https://openalex.org/W2790110238,W2790110238,10.1021/acs.chemmater.7b05188,Spectroscopic Size and Thickness Metrics for Liquid-Exfoliated<i>h</i>-BN,2018,89,Graphene research and applications,13,Graphene / Applications,,,,0,0
https://openalex.org/W2894519432,W2894519432,10.1038/s41467-018-06524-3,Atomically precise graphene etch stops for three dimensional integrated systems from two dimensional material heterostructures,2018,89,Graphene research and applications,26,Graphene / Materials,,,,0,0
https://openalex.org/W2810848319,W2810848319,10.1038/s41467-018-04932-z,Collective molecular switching in hybrid superlattices for light-modulated two-dimensional electronics,2018,88,2D Materials and Applications,29,Materials / Applications,,,,0,0
https://openalex.org/W2807601662,W2807601662,10.3390/met8060423,"An Overview of Metal Matrix Nanocomposites Reinforced with Graphene Nanoplatelets; Mechanical, Electrical and Thermophysical Properties",2018,87,Aluminum Alloys Composites Properties,0,Graphene / Applications,1.0,Graphene / Applications,,0,0
https://openalex.org/W2789821357,W2789821357,10.1103/physrevmaterials.2.034005,Evaluation of van der Waals density functionals for layered materials,2018,86,Boron and Carbon Nanomaterials Research,19,Materials / Applications,,,,0,0
https://openalex.org/W2806678079,W2806678079,10.1038/s41598-018-26522-1,Field Effect Transistor Based on Layered NiPS 3,2018,86,2D Materials and Applications,29,Materials / Applications,,,,0,0
https://openalex.org/W2898844932,W2898844932,10.1002/adts.201800128,Efficient Prediction of Structural and Electronic Properties of Hybrid 2D Materials Using Complementary DFT and Machine Learning Approaches,2018,86,2D Materials and Applications,19,Materials / Applications,,,,0,0
https://openalex.org/W2743499663,W2743499663,10.1103/physrevx.8.011007,Charge Versus Energy Transfer in Atomically Thin Graphene-Transition Metal Dichalcogenide van der Waals Heterostructures,2018,85,2D Materials and Applications,30,Materials / Applications,4.0,Materials / Applications,,0,0
https://openalex.org/W2783870279,W2783870279,10.1038/s41598-017-19084-1,Layer number identification of CVD-grown multilayer graphene using Si peak analysis,2018,85,Graphene research and applications,15,Applications / Materials,,,,0,0
https://openalex.org/W2803150708,W2803150708,10.1038/s41467-018-06352-5,Uniform doping of graphene close to the Dirac point by polymer-assisted assembly of molecular dopants,2018,85,Graphene research and applications,13,Graphene / Applications,,,,0,0
https://openalex.org/W2743761178,W2743761178,10.1103/physrevlett.120.087402,Unifying Optical Selection Rules for Excitons in Two Dimensions: Band Topology and Winding Numbers,2018,84,2D Materials and Applications,30,Materials / Applications,4.0,Materials / Applications,,0,0
https://openalex.org/W2786315323,W2786315323,10.3390/nano8030151,Transport and Field Emission Properties of MoS2 Bilayers,2018,84,2D Materials and Applications,29,Materials / Applications,,,,0,0
https://openalex.org/W2809155315,W2809155315,10.1007/s12274-018-2108-7,Superlubricity of epitaxial monolayer WS2 on graphene,2018,84,2D Materials and Applications,1,Graphene / Materials,,,,0,0
https://openalex.org/W2902690125,W2902690125,10.1016/j.nanoen.2018.12.004,Restoring the photovoltaic effect in graphene-based van der Waals heterojunctions towards self-powered high-detectivity photodetectors,2018,84,2D Materials and Applications,8,Materials / Applications,6.0,Materials / Applications,,0,0
https://openalex.org/W2903468391,W2903468391,10.1117/1.jpe.9.032702,Influence of hBN orientation on the near-field radiative heat transfer between graphene/hBN heterostructures,2018,84,Thermal Radiation and Cooling Technologies,4,Graphene / Applications,,,,0,0
https://openalex.org/W2884544897,W2884544897,10.1002/adom.201800351,Polarization‐Sensitive and Broadband Photodetection Based on a Mixed‐Dimensionality TiS<sub>3</sub>/Si p–n Junction,2018,83,2D Materials and Applications,9,Applications / Materials,7.0,Applications / Materials,,0,0
https://openalex.org/W3101825706,W3101825706,,Characterization of the second- and third-harmonic optical susceptibilities of atomically thin tungsten diselenide,2018,83,2D Materials and Applications,14,Materials / Optical,,,,0,0
https://openalex.org/W2801659212,W2801659212,10.1038/s41467-018-04168-x,Ultra-confined surface phonon polaritons in molecular layers of van der Waals dielectrics,2018,82,Plasmonic and Surface Plasmon Research,4,Graphene / Applications,,,,0,0
https://openalex.org/W2902233374,W2902233374,10.1103/physrevb.97.245421,Flat electronic bands in long sequences of rhombohedral-stacked graphene,2018,82,Graphene research and applications,20,Applications / Materials,,,,0,0
https://openalex.org/W2787198481,W2787198481,10.1021/acs.chemmater.7b04990,"Synthesis of 1T, 2H, and 6R Germanane Polytypes",2018,81,2D Materials and Applications,9,Applications / Materials,7.0,Applications / Materials,,0,0
https://openalex.org/W2806808063,W2806808063,10.1038/s41598-018-26751-4,Hexagonal MoTe2 with Amorphous BN Passivation Layer for Improved Oxidation Resistance and Endurance of 2D Field Effect Transistors,2018,81,2D Materials and Applications,13,Graphene / Applications,,,,0,0
https://openalex.org/W2904766141,W2904766141,10.1038/s41467-018-07820-8,Ultimate limit in size and performance of WSe2 vertical diodes,2018,81,2D Materials and Applications,22,Materials / Applications,,,,0,0
https://openalex.org/W2785138541,W2785138541,10.1038/s41699-017-0047-x,Large-grain MBE-grown GaSe on GaAs with a Mexican hat-like valence band dispersion,2018,80,2D Materials and Applications,20,Applications / Materials,,,,0,0
https://openalex.org/W2794128995,W2794128995,10.1038/s41598-018-28374-1,Characterization of the second- and third-harmonic optical susceptibilities of atomically thin tungsten diselenide,2018,79,2D Materials and Applications,14,Materials / Optical,,,,0,0
https://openalex.org/W2794316459,W2794316459,10.1038/s41565-018-0080-8,Large tunable valley splitting in edge-free graphene quantum dots on boron nitride,2018,78,Graphene research and applications,13,Graphene / Applications,,,,0,0
https://openalex.org/W2831629073,W2831629073,10.1103/physrevb.98.165308,High-harmonic generation from few-layer hexagonal boron nitride: Evolution from monolayer to bulk response,2018,78,GaN-based semiconductor devices and materials,14,Materials / Optical,,,,0,0
https://openalex.org/W2889580783,W2889580783,10.1126/sciadv.aat9349,Tailoring emergent spin phenomena in Dirac material heterostructures,2018,78,Topological Materials and Phenomena,2,Materials / Applications,2.0,Materials / Applications,,0,0
https://openalex.org/W2757156083,W2757156083,10.1038/s41467-018-03290-0,All-optical control and super-resolution imaging of quantum emitters in layered materials,2018,77,Graphene research and applications,30,Materials / Applications,4.0,Materials / Applications,,0,0
https://openalex.org/W2886638834,W2886638834,10.1038/s41567-018-0278-6,Excess resistivity in graphene superlattices caused by umklapp electron–electron scattering,2018,77,Graphene research and applications,13,Graphene / Applications,,,,0,0
https://openalex.org/W2735392874,W2735392874,10.1038/s41699-018-0061-7,Piezoelectricity and valley chern number in inhomogeneous hexagonal 2D crystals,2018,76,2D Materials and Applications,30,Materials / Applications,4.0,Materials / Applications,,0,0
https://openalex.org/W2789112977,W2789112977,10.1038/s41467-018-05358-3,Spin inversion in graphene spin valves by gate-tunable magnetic proximity effect at one-dimensional contacts,2018,75,Graphene research and applications,2,Materials / Applications,2.0,Materials / Applications,,0,0
https://openalex.org/W2797775894,W2797775894,10.3390/nano8050284,A Perspective on the Application of Spatially Resolved ARPES for 2D Materials,2018,75,2D Materials and Applications,20,Applications / Materials,,,,0,0
https://openalex.org/W2892171000,W2892171000,10.1016/j.surfrep.2018.09.001,Water confined in two-dimensions: Fundamentals and applications,2018,75,Graphene research and applications,0,Graphene / Applications,1.0,Graphene / Applications,,0,0
https://openalex.org/W2898393214,W2898393214,10.1039/c8na00126j,Pulsed laser deposition of single-layer MoS<sub>2</sub> on Au(111): from nanosized crystals to large-area films,2018,75,2D Materials and Applications,21,Sub / Materials,,,,0,0
https://openalex.org/W2963741046,W2963741046,10.1021/acs.chemmater.7b03760,Atomic Structure of Intrinsic and Electron-Irradiation-Induced Defects in MoTe<sub>2</sub>,2018,75,2D Materials and Applications,21,Sub / Materials,,,,0,0
https://openalex.org/W2925217409,W2925217409,10.1038/s41586-019-1013-x,Van der Waals integration before and beyond two-dimensional materials,2019,1499,2D Materials and Applications,26,Graphene / Materials,,,,0,0
https://openalex.org/W2916906462,W2916906462,10.1038/s41586-019-0975-z,Evidence for moiré excitons in van der Waals heterostructures,2019,1339,2D Materials and Applications,16,Graphene / Applications,3.0,Graphene / Applications,,0,0
https://openalex.org/W2906387878,W2906387878,10.1038/s41586-019-0976-y,Observation of moiré excitons in WSe2/WS2 heterostructure superlattices,2019,1139,2D Materials and Applications,16,Graphene / Applications,3.0,Graphene / Applications,,0,0
https://openalex.org/W2888261292,W2888261292,10.1126/sciadv.aaw5685,Intrinsic magnetic topological insulators in van der Waals layered MnBi <sub>2</sub> Te <sub>4</sub> -family materials,2019,1071,Topological Materials and Phenomena,2,Materials / Applications,2.0,Materials / Applications,,0,0
https://openalex.org/W2919682265,W2919682265,10.1038/s41586-019-0986-9,Resonantly hybridized excitons in moiré superlattices in van der Waals heterostructures,2019,859,2D Materials and Applications,16,Graphene / Applications,3.0,Graphene / Applications,,0,0
https://openalex.org/W2910757011,W2910757011,10.1038/s41567-018-0387-2,Evidence of a gate-tunable Mott insulator in a trilayer graphene moiré superlattice,2019,558,Topological Materials and Phenomena,16,Graphene / Applications,3.0,Graphene / Applications,,0,0
https://openalex.org/W2991415059,W2991415059,10.1038/s41467-019-12997-7,Single-atom cobalt array bound to distorted 1T MoS2 with ensemble effect for hydrogen evolution catalysis,2019,539,Electrocatalysts for Energy Conversion,3,Sub / Applications,,,,0,0
https://openalex.org/W2938046630,W2938046630,10.1038/s41467-019-09669-x,Room-temperature ferroelectricity in MoTe2 down to the atomic monolayer limit,2019,507,2D Materials and Applications,12,Materials / Sub,,,,0,0
https://openalex.org/W2912008130,W2912008130,10.3389/fphy.2018.00149,Graphene Oxide and Derivatives: The Place in Graphene Family,2019,438,Graphene research and applications,0,Graphene / Applications,1.0,Graphene / Applications,,0,0
https://openalex.org/W2952587573,W2952587573,10.1038/s41597-019-0097-3,"2DMatPedia, an open computational database of two-dimensional materials from top-down and bottom-up approaches",2019,373,2D Materials and Applications,2,Materials / Applications,2.0,Materials / Applications,,0,0
https://openalex.org/W2972016194,W2972016194,10.1038/s41467-019-11925-z,Conductive carbon nanofiber interpenetrated graphene architecture for ultra-stable sodium ion battery,2019,356,Advancements in Battery Materials,7,Materials / Supercapacitor,5.0,Materials / Supercapacitor,,0,0
https://openalex.org/W2925217382,W2925217382,10.1007/s40544-019-0268-4,Recent advances in friction and lubrication of graphene and other 2D materials: Mechanisms and applications,2019,349,Lubricants and Their Additives,1,Graphene / Materials,,,,0,0
https://openalex.org/W2982637963,W2982637963,10.1038/s41586-019-1718-x,High-temperature superconductivity in monolayer Bi2Sr2CaCu2O8+δ,2019,349,Physics of Superconductivity and Magnetism,5,Superconductivity / Sub,,,,0,0
https://openalex.org/W2952291908,W2952291908,10.1038/s41467-019-10693-0,Multiferroicity in atomic van der Waals heterostructures,2019,343,2D Materials and Applications,2,Materials / Applications,2.0,Materials / Applications,,0,0
https://openalex.org/W2922361666,W2922361666,10.1038/s41427-019-0112-3,Three-dimensional ordered porous electrode materials for electrochemical energy storage,2019,326,Supercapacitor Materials and Fabrication,7,Materials / Supercapacitor,5.0,Materials / Supercapacitor,,0,0
https://openalex.org/W2979331223,W2979331223,10.1038/s41467-019-12707-3,High efficiency and fast van der Waals hetero-photodiodes with a unilateral depletion region,2019,316,2D Materials and Applications,8,Materials / Applications,6.0,Materials / Applications,,0,0
https://openalex.org/W2952680703,W2952680703,10.3389/fchem.2019.00399,Graphene-Based Sensors for Human Health Monitoring,2019,315,Advanced Sensor and Energy Harvesting Materials,0,Graphene / Applications,1.0,Graphene / Applications,,0,0
https://openalex.org/W2995672492,W2995672492,10.1002/inf2.12072,Two‐dimensional materials: From mechanical properties to flexible mechanical sensors,2019,314,2D Materials and Applications,1,Graphene / Materials,,,,0,0
https://openalex.org/W2905613948,W2905613948,10.1126/science.aau6771,Complete steric exclusion of ions and proton transport through confined monolayer water,2019,313,Nanopore and Nanochannel Transport Studies,16,Graphene / Applications,3.0,Graphene / Applications,,0,0
https://openalex.org/W2908747511,W2908747511,10.1002/adma.201806663,Nonvolatile Memories Based on Graphene and Related 2D Materials,2019,311,Advanced Memory and Neural Computing,22,Materials / Applications,,,,0,0
https://openalex.org/W2965194700,W2965194700,10.1038/s41467-019-11342-2,Identifying substitutional oxygen as a prolific point defect in monolayer transition metal dichalcogenides,2019,303,2D Materials and Applications,21,Sub / Materials,,,,0,0
https://openalex.org/W2913750145,W2913750145,10.1021/acsnano.8b09476,Palladium Diselenide Long-Wavelength Infrared Photodetector with High Sensitivity and Stability,2019,302,2D Materials and Applications,8,Materials / Applications,6.0,Materials / Applications,,0,0
https://openalex.org/W2981501663,W2981501663,10.1088/2053-1583/ab48d9,Graphene related materials for thermal management,2019,293,Thermal properties of materials,0,Graphene / Applications,1.0,Graphene / Applications,,0,0
https://openalex.org/W2972728369,W2972728369,10.1039/c9mh01020c,The role of traps in the photocurrent generation mechanism in thin InSe photodetectors,2019,288,2D Materials and Applications,20,Applications / Materials,,,,0,0
https://openalex.org/W2915950764,W2915950764,10.1038/s41467-019-08813-x,Paraffin-enabled graphene transfer,2019,278,Graphene research and applications,26,Graphene / Materials,,,,0,0
https://openalex.org/W2913250816,W2913250816,10.1038/s41467-019-11966-4,Giant valley splitting in monolayer WS2 by magnetic proximity effect,2019,271,2D Materials and Applications,2,Materials / Applications,2.0,Materials / Applications,,0,0
https://openalex.org/W2899004117,W2899004117,10.1021/acs.nanolett.8b04368,Room-Temperature Spin Hall Effect in Graphene/MoS<sub>2</sub> van der Waals Heterostructures,2019,267,2D Materials and Applications,2,Materials / Applications,2.0,Materials / Applications,,0,0
https://openalex.org/W2957369893,W2957369893,10.1038/s41467-019-10738-4,Van der Waals negative capacitance transistors,2019,266,Ferroelectric and Negative Capacitance Devices,12,Materials / Sub,,,,0,0
https://openalex.org/W2949678213,W2949678213,10.1038/s41467-019-10610-5,Direct band-gap crossover in epitaxial monolayer boron nitride,2019,259,2D Materials and Applications,13,Graphene / Applications,,,,0,0
https://openalex.org/W2944709496,W2944709496,10.1007/s40820-019-0270-4,Lightweight and High-Performance Microwave Absorber Based on 2D WS2–RGO Heterostructures,2019,257,Electromagnetic wave absorption materials,10,Sub / Gas,,,,0,0
https://openalex.org/W2963347321,W2963347321,10.1002/inf2.12024,Nonlinear optics of two‐dimensional transition metal dichalcogenides,2019,253,Advanced Fiber Laser Technologies,14,Materials / Optical,,,,0,0
https://openalex.org/W2965090014,W2965090014,10.1038/s41467-019-11187-9,Self-selective van der Waals heterostructures for large scale memory array,2019,247,Advanced Memory and Neural Computing,22,Materials / Applications,,,,0,0
https://openalex.org/W2975657131,W2975657131,10.1038/s41467-019-12421-0,Integration of single photon emitters in 2D layered materials with a silicon nitride photonic chip,2019,242,2D Materials and Applications,30,Materials / Applications,4.0,Materials / Applications,,0,0
https://openalex.org/W2994537825,W2994537825,10.7150/thno.39701,Two-dimensional nanomaterials beyond graphene for antibacterial applications: current progress and future perspectives,2019,240,Graphene and Nanomaterials Applications,7,Materials / Supercapacitor,5.0,Materials / Supercapacitor,,0,0
https://openalex.org/W2918063845,W2918063845,10.1007/s40820-019-0245-5,"Recent Progress in the Fabrication, Properties, and Devices of Heterostructures Based on 2D Materials",2019,238,2D Materials and Applications,2,Materials / Applications,2.0,Materials / Applications,,0,0
https://openalex.org/W2973393431,W2973393431,10.1021/acs.est.9b04274,Capacitive Deionization of Saline Water by Using MoS<sub>2</sub>–Graphene Hybrid Electrodes with High Volumetric Adsorption Capacity,2019,238,Membrane-based Ion Separation Techniques,3,Sub / Applications,,,,0,0
https://openalex.org/W2798748265,W2798748265,10.1021/acs.nanolett.9b00985,Approaching the Intrinsic Limit in Transition Metal Diselenides via Point Defect Control,2019,237,2D Materials and Applications,21,Sub / Materials,,,,0,0
https://openalex.org/W2921606515,W2921606515,10.1021/acs.nanolett.8b04171,Fast and Sensitive Terahertz Detection Using an Antenna-Integrated Graphene pn Junction,2019,237,Terahertz technology and applications,4,Graphene / Applications,,,,0,0
https://openalex.org/W2911597211,W2911597211,10.1021/acs.jpcc.8b10971,Universal Fermi-Level Pinning in Transition-Metal Dichalcogenides,2019,231,2D Materials and Applications,21,Sub / Materials,,,,0,0
https://openalex.org/W2964327795,W2964327795,10.1016/j.ensm.2019.07.023,Design and synthesis of electrode materials with both battery-type and capacitive charge storage,2019,231,Supercapacitor Materials and Fabrication,7,Materials / Supercapacitor,5.0,Materials / Supercapacitor,,0,0
https://openalex.org/W2966921954,W2966921954,10.1021/acs.nanolett.9b01611,Charge-to-Spin Conversion by the Rashba–Edelstein Effect in Two-Dimensional van der Waals Heterostructures up to Room Temperature,2019,231,Graphene research and applications,2,Materials / Applications,2.0,Materials / Applications,,0,0
https://openalex.org/W2908531340,W2908531340,10.1038/s41699-018-0085-z,Thickness dependent electronic properties of Pt dichalcogenides,2019,230,2D Materials and Applications,19,Materials / Applications,,,,0,0
https://openalex.org/W2922903526,W2922903526,10.1038/s41467-019-09384-7,A polymer-direct-intercalation strategy for MoS2/carbon-derived heteroaerogels with ultrahigh pseudocapacitance,2019,230,Supercapacitor Materials and Fabrication,3,Sub / Applications,,,,0,0
https://openalex.org/W2963146611,W2963146611,10.1038/s41467-019-11328-0,Reconfigurable two-dimensional optoelectronic devices enabled by local ferroelectric polarization,2019,230,2D Materials and Applications,8,Materials / Applications,6.0,Materials / Applications,,0,0
https://openalex.org/W2991139326,W2991139326,10.34133/2019/4641739,Defect Engineering in 2D Materials: Precise Manipulation and Improved Functionalities,2019,219,Nanowire Synthesis and Applications,21,Sub / Materials,,,,0,0
https://openalex.org/W2908327343,W2908327343,10.1038/s41586-019-1304-2,Spin–orbit-driven band inversion in bilayer graphene by the van der Waals proximity effect,2019,218,Topological Materials and Phenomena,2,Materials / Applications,2.0,Materials / Applications,,0,0
https://openalex.org/W2942434641,W2942434641,10.1038/s41467-019-09565-4,Towards super-clean graphene,2019,218,Graphene research and applications,26,Graphene / Materials,,,,0,0
https://openalex.org/W2969572677,W2969572677,10.1038/s41467-019-11751-3,Spectroscopic studies of atomic defects and bandgap renormalization in semiconducting monolayer transition metal dichalcogenides,2019,216,2D Materials and Applications,21,Sub / Materials,,,,0,0
https://openalex.org/W3102603062,W3102603062,10.1038/s41467-019-10632-z,Site-selectively generated photon emitters in monolayer MoS2 via local helium ion irradiation,2019,216,2D Materials and Applications,30,Materials / Applications,4.0,Materials / Applications,,0,0
https://openalex.org/W2942020899,W2942020899,10.4236/ojcm.2019.92012,Synthesis and Fabrication of Graphene and Graphene Oxide: A Review,2019,210,Graphene research and applications,0,Graphene / Applications,1.0,Graphene / Applications,,0,0
https://openalex.org/W2967749380,W2967749380,10.1126/sciadv.aax1325,Ultrahigh thermal isolation across heterogeneously layered two-dimensional materials,2019,202,Thermal properties of materials,15,Applications / Materials,,,,0,0
https://openalex.org/W2912614812,W2912614812,10.1038/s41467-019-08468-8,Transition metal dichalcogenides bilayer single crystals by reverse-flow chemical vapor epitaxy,2019,198,2D Materials and Applications,21,Sub / Materials,,,,0,0
https://openalex.org/W2907396842,W2907396842,10.1039/c8cp07067a,Strain-tunable magnetic and electronic properties of monolayer CrI<sub>3</sub>,2019,197,2D Materials and Applications,2,Materials / Applications,2.0,Materials / Applications,,0,0
https://openalex.org/W2984707426,W2984707426,10.1038/s41467-019-13176-4,All WSe2 1T1R resistive RAM cell for future monolithic 3D embedded memory integration,2019,197,Advanced Memory and Neural Computing,22,Materials / Applications,,,,0,0
https://openalex.org/W2948933292,W2948933292,10.1007/s40820-019-0276-y,Recent Advances in 2D Lateral Heterostructures,2019,190,2D Materials and Applications,13,Graphene / Applications,,,,0,0
https://openalex.org/W2914909334,W2914909334,10.1146/annurev-physchem-042018-052628,Single Photon Sources in Atomically Thin Materials,2019,189,2D Materials and Applications,30,Materials / Applications,4.0,Materials / Applications,,0,0
https://openalex.org/W2980514298,W2980514298,10.1038/s41565-019-0559-y,Valley-polarized exciton currents in a van der Waals heterostructure,2019,189,2D Materials and Applications,16,Graphene / Applications,3.0,Graphene / Applications,,0,0
https://openalex.org/W2911802219,W2911802219,10.1103/physrevx.9.011026,Magnon Transport in Quasi-Two-Dimensional van der Waals Antiferromagnets,2019,187,Physics of Superconductivity and Magnetism,2,Materials / Applications,2.0,Materials / Applications,,0,0
https://openalex.org/W2939299703,W2939299703,10.1021/acs.nanolett.9b01506,Spin-Dependent Transport in van der Waals Magnetic Tunnel Junctions with Fe<sub>3</sub>GeTe<sub>2</sub> Electrodes,2019,186,2D Materials and Applications,2,Materials / Applications,2.0,Materials / Applications,,0,0
https://openalex.org/W2884873272,W2884873272,10.1021/acs.nanolett.8b04160,Voltage Control of a van der Waals Spin-Filter Magnetic Tunnel Junction,2019,183,2D Materials and Applications,2,Materials / Applications,2.0,Materials / Applications,,0,0
https://openalex.org/W2981735276,W2981735276,10.1016/j.cclet.2019.10.028,2020 roadmap on two-dimensional materials for energy storage and conversion,2019,180,MXene and MAX Phase Materials,7,Materials / Supercapacitor,5.0,Materials / Supercapacitor,,0,0
https://openalex.org/W2913789284,W2913789284,10.3389/fmats.2018.00083,Flexible Supercapacitors: A Materials Perspective,2019,179,Supercapacitor Materials and Fabrication,7,Materials / Supercapacitor,5.0,Materials / Supercapacitor,,0,0
https://openalex.org/W2980549847,W2980549847,10.1002/advs.201900941,Ruddlesden–Popper Perovskites: Synthesis and Optical Properties for Optoelectronic Applications,2019,179,Perovskite Materials and Applications,28,Applications / Materials,,,,0,0
https://openalex.org/W2978815321,W2978815321,10.1002/cey2.13,Reduced graphene oxide‐based materials for electrochemical energy conversion reactions,2019,177,Electrocatalysts for Energy Conversion,0,Graphene / Applications,1.0,Graphene / Applications,,0,0
https://openalex.org/W2941546306,W2941546306,10.1063/1.5074087,Two-dimensional pnictogens: A review of recent progresses and future research directions,2019,175,2D Materials and Applications,9,Applications / Materials,7.0,Applications / Materials,,0,0
https://openalex.org/W2954009180,W2954009180,10.1002/adfm.201901649,Self‐Limiting Galvanic Growth of MnO<sub>2</sub> Monolayers on a Liquid Metal—Applied to Photocatalysis,2019,173,Advanced Sensor and Energy Harvesting Materials,7,Materials / Supercapacitor,5.0,Materials / Supercapacitor,,0,0
https://openalex.org/W2945615773,W2945615773,10.1126/sciadv.aav5003,Carbon doping of WS <sub>2</sub> monolayers: Bandgap reduction and p-type doping transport,2019,172,2D Materials and Applications,21,Sub / Materials,,,,0,0
https://openalex.org/W3105103637,W3105103637,10.1103/physrevb.99.125424,Interlayer hybridization and moiré superlattice minibands for electrons and excitons in heterobilayers of transition-metal dichalcogenides,2019,171,2D Materials and Applications,16,Graphene / Applications,3.0,Graphene / Applications,,0,0
https://openalex.org/W2901173669,W2901173669,10.1038/s41467-019-09219-5,Radiation tolerance of two-dimensional material-based devices for space applications,2019,169,2D Materials and Applications,21,Sub / Materials,,,,0,0
https://openalex.org/W2945911460,W2945911460,10.1002/admt.201900108,Recent Progress in 2D Layered III–VI Semiconductors and their Heterostructures for Optoelectronic Device Applications,2019,166,2D Materials and Applications,20,Applications / Materials,,,,0,0
https://openalex.org/W2984062596,W2984062596,10.1002/smll.201903362,PtTe<sub>2</sub>‐Based Type‐II Dirac Semimetal and Its van der Waals Heterostructure for Sensitive Room Temperature Terahertz Photodetection,2019,165,2D Materials and Applications,9,Applications / Materials,7.0,Applications / Materials,,0,0
https://openalex.org/W2799102586,W2799102586,10.1038/s41467-018-08185-8,Magnetic-field-dependent quantum emission in hexagonal boron nitride at room temperature,2019,164,Graphene research and applications,30,Materials / Applications,4.0,Materials / Applications,,0,0
https://openalex.org/W2996105890,W2996105890,10.1021/acsnano.9b07763,Unsaturated Single Atoms on Monolayer Transition Metal Dichalcogenides for Ultrafast Hydrogen Evolution,2019,163,Electrocatalysts for Energy Conversion,3,Sub / Applications,,,,0,0
https://openalex.org/W2912392213,W2912392213,10.3390/molecules24040658,Graphene-Based Nanocomposites for Neural Tissue Engineering,2019,161,Graphene and Nanomaterials Applications,0,Graphene / Applications,1.0,Graphene / Applications,,0,0
https://openalex.org/W2919062973,W2919062973,10.1103/physrevb.99.205134,Continuum models for twisted bilayer graphene: Effect of lattice deformation and hopping parameters,2019,160,Graphene research and applications,16,Graphene / Applications,3.0,Graphene / Applications,,0,0
https://openalex.org/W2885311207,W2885311207,10.1515/nanoph-2019-0167,Ultra‐compact integrated graphene plasmonic photodetector with bandwidth above 110 GHz,2019,159,Plasmonic and Surface Plasmon Research,8,Materials / Applications,6.0,Materials / Applications,,0,0
https://openalex.org/W2993326266,W2993326266,10.1039/c9ra05679c,Application of graphene derivatives and their nanocomposites in tribology and lubrication: a review,2019,159,Tribology and Wear Analysis,1,Graphene / Materials,,,,0,0
https://openalex.org/W2923687757,W2923687757,10.1038/s41565-019-0405-2,Probing van der Waals interactions at two-dimensional heterointerfaces,2019,158,Graphene research and applications,26,Graphene / Materials,,,,0,0
https://openalex.org/W2962920085,W2962920085,10.1021/acssensors.9b00992,Two-Dimensional NbS<sub>2</sub> Gas Sensors for Selective and Reversible NO<sub>2</sub> Detection at Room Temperature,2019,157,2D Materials and Applications,10,Sub / Gas,,,,0,0
https://openalex.org/W2966472180,W2966472180,10.1038/s41467-019-09781-y,Electroluminescence from multi-particle exciton complexes in transition metal dichalcogenide semiconductors,2019,157,2D Materials and Applications,30,Materials / Applications,4.0,Materials / Applications,,0,0
https://openalex.org/W2981311280,W2981311280,10.1038/s41467-019-12569-9,Two-dimensional inorganic molecular crystals,2019,154,2D Materials and Applications,21,Sub / Materials,,,,0,0
https://openalex.org/W2995305790,W2995305790,10.1038/s41467-019-10477-6,Emerging photoluminescence from the dark-exciton phonon replica in monolayer WSe2,2019,153,2D Materials and Applications,30,Materials / Applications,4.0,Materials / Applications,,0,0
https://openalex.org/W2965059214,W2965059214,10.1038/s41699-019-0096-4,MoS2 photodetectors integrated with photonic circuits,2019,152,2D Materials and Applications,8,Materials / Applications,6.0,Materials / Applications,,0,0
https://openalex.org/W2976073046,W2976073046,10.1038/s41928-019-0302-6,Micromagnetometry of two-dimensional ferromagnets,2019,151,2D Materials and Applications,2,Materials / Applications,2.0,Materials / Applications,,0,0
https://openalex.org/W2984637914,W2984637914,10.1103/physrevb.100.195126,"Strain-tunable orbital, spin-orbit, and optical properties of monolayer transition-metal dichalcogenides",2019,151,2D Materials and Applications,2,Materials / Applications,2.0,Materials / Applications,,0,0
https://openalex.org/W2948654214,W2948654214,10.1038/s41467-019-10483-8,Strain-tunable van der Waals interactions in few-layer black phosphorus,2019,146,2D Materials and Applications,16,Graphene / Applications,3.0,Graphene / Applications,,0,0
https://openalex.org/W2969169616,W2969169616,10.1021/acsnano.9b04611,"How Substitutional Point Defects in Two-Dimensional WS<sub>2</sub> Induce Charge Localization, Spin–Orbit Splitting, and Strain",2019,146,2D Materials and Applications,21,Sub / Materials,,,,0,0
https://openalex.org/W2972077488,W2972077488,10.1007/s40820-019-0302-0,Graphene Nanostructure-Based Tactile Sensors for Electronic Skin Applications,2019,146,Advanced Sensor and Energy Harvesting Materials,22,Materials / Applications,,,,0,0
https://openalex.org/W2992689623,W2992689623,10.1039/c9na00623k,In-plane anisotropic electronics based on low-symmetry 2D materials: progress and prospects,2019,144,2D Materials and Applications,9,Applications / Materials,7.0,Applications / Materials,,0,0
https://openalex.org/W2956385651,W2956385651,10.1002/inf2.12018,Two‐dimensional heterostructure promoted infrared photodetection devices,2019,142,2D Materials and Applications,8,Materials / Applications,6.0,Materials / Applications,,0,0
https://openalex.org/W2982135561,W2982135561,10.1016/j.carbon.2019.10.038,"A first-principles study of the effects of atom impurities, defects, strain, electric field and layer thickness on the electronic and magnetic properties of the C2N nanosheet",2019,141,Graphene research and applications,0,Graphene / Applications,1.0,Graphene / Applications,,0,0
https://openalex.org/W2912604658,W2912604658,10.1038/s41928-019-0207-4,A dielectric-defined lateral heterojunction in a monolayer semiconductor,2019,138,2D Materials and Applications,30,Materials / Applications,4.0,Materials / Applications,,0,0
https://openalex.org/W2897713472,W2897713472,10.1088/2053-1583/ab0e24,Alternative stacking sequences in hexagonal boron nitride,2019,137,Graphene research and applications,13,Graphene / Applications,,,,0,0
https://openalex.org/W2947722176,W2947722176,10.1002/inf2.12014,Low‐dimensional nanomaterial/Si heterostructure‐based photodetectors,2019,135,Nanowire Synthesis and Applications,8,Materials / Applications,6.0,Materials / Applications,,0,0
https://openalex.org/W2982952287,W2982952287,10.1038/s41467-019-12963-3,Enhanced light-matter interaction in an atomically thin semiconductor coupled with dielectric nano-antennas,2019,134,2D Materials and Applications,30,Materials / Applications,4.0,Materials / Applications,,0,0
https://openalex.org/W2952093595,W2952093595,10.1038/s41467-019-10740-w,Atomic-scale mapping of hydrophobic layers on graphene and few-layer MoS2 and WSe2 in water,2019,133,Gas Sensing Nanomaterials and Sensors,26,Graphene / Materials,,,,0,0
https://openalex.org/W2951629293,W2951629293,10.3389/fmats.2019.00138,Carbon Nanotube Based Fiber Supercapacitor as Wearable Energy Storage,2019,132,Supercapacitor Materials and Fabrication,0,Graphene / Applications,1.0,Graphene / Applications,,0,0
https://openalex.org/W2921107352,W2921107352,10.3390/s19061295,Electrical Properties of Two-Dimensional Materials Used in Gas Sensors,2019,130,Graphene research and applications,10,Sub / Gas,,,,0,0
https://openalex.org/W2909004486,W2909004486,10.1002/adfm.201808084,Monolayer Epitaxial Heterostructures for Selective Visible‐Light‐Driven Photocatalytic NO Oxidation,2019,129,Advanced Photocatalysis Techniques,19,Materials / Applications,,,,0,0
https://openalex.org/W3122918740,W3122918740,10.1038/s41699-019-0104-8,Dry release transfer of graphene and few-layer h-BN by utilizing thermoplasticity of polypropylene carbonate,2019,129,Graphene research and applications,26,Graphene / Materials,,,,0,0
https://openalex.org/W2943925338,W2943925338,10.3390/s19092123,Gas Sensors Based on Mechanically Exfoliated MoS2 Nanosheets for Room-Temperature NO2 Detection,2019,128,Gas Sensing Nanomaterials and Sensors,10,Sub / Gas,,,,0,0
https://openalex.org/W2965129576,W2965129576,10.1038/s41567-019-0631-4,"Identification of spin, valley and moiré quasi-angular momentum of interlayer excitons",2019,127,2D Materials and Applications,16,Graphene / Applications,3.0,Graphene / Applications,,0,0
https://openalex.org/W2969772334,W2969772334,10.1126/sciadv.aay8897,Composite super-moiré lattices in double-aligned graphene heterostructures,2019,124,Graphene research and applications,16,Graphene / Applications,3.0,Graphene / Applications,,0,0
https://openalex.org/W2984154933,W2984154933,10.1002/inf2.12048,Van der Waals magnets: Wonder building blocks for two‐dimensional spintronics?,2019,124,2D Materials and Applications,2,Materials / Applications,2.0,Materials / Applications,,0,0
https://openalex.org/W2803266348,W2803266348,10.1038/s41467-019-11075-2,A universal approach for the synthesis of two-dimensional binary compounds,2019,120,2D Materials and Applications,21,Sub / Materials,,,,0,0
https://openalex.org/W2998699011,W2998699011,10.1021/acs.nanolett.9b02982,Electronic Polarizability as the Fundamental Variable in the Dielectric Properties of Two-Dimensional Materials,2019,118,2D Materials and Applications,30,Materials / Applications,4.0,Materials / Applications,,0,0
https://openalex.org/W2896394790,W2896394790,10.1002/adma.201806562,Band Structure Engineering of Interfacial Semiconductors Based on Atomically Thin Lead Iodide Crystals,2019,117,2D Materials and Applications,15,Applications / Materials,,,,0,0
https://openalex.org/W2951772840,W2951772840,10.1038/s41467-019-10256-3,Gate tunable giant anisotropic resistance in ultra-thin GaTe,2019,117,2D Materials and Applications,22,Materials / Applications,,,,0,0
https://openalex.org/W2920797783,W2920797783,10.1038/s41467-019-09016-0,Conformal hexagonal-boron nitride dielectric interface for tungsten diselenide devices with improved mobility and thermal dissipation,2019,116,Graphene research and applications,13,Graphene / Applications,,,,0,0
https://openalex.org/W2912030400,W2912030400,10.1038/s41467-019-11920-4,Out-of-plane orientation of luminescent excitons in two-dimensional indium selenide,2019,114,2D Materials and Applications,30,Materials / Applications,4.0,Materials / Applications,,0,0
https://openalex.org/W2957735007,W2957735007,10.1038/s41467-019-11038-7,Programmable graphene nanobubbles with three-fold symmetric pseudo-magnetic fields,2019,113,Characterization and Applications of Magnetic Nanoparticles,30,Materials / Applications,4.0,Materials / Applications,,0,0
https://openalex.org/W2945268736,W2945268736,10.1039/c9ra01472a,Tuning the structural and electronic properties and chemical activities of stanene monolayers by embedding 4d Pd: a DFT study,2019,112,Graphene research and applications,19,Materials / Applications,,,,0,0
https://openalex.org/W2981795607,W2981795607,10.3389/fchem.2019.00708,Chemical Sensors Based on Two-Dimensional (2D) Materials for Selective Detection of Ions and Molecules in Liquid,2019,112,Analytical Chemistry and Sensors,0,Graphene / Applications,1.0,Graphene / Applications,,0,0
https://openalex.org/W2971616282,W2971616282,10.1038/s41699-019-0116-4,Quantum confinement-induced semimetal-to-semiconductor evolution in large-area ultra-thin PtSe2 films grown at 400 °C,2019,110,2D Materials and Applications,8,Materials / Applications,6.0,Materials / Applications,,0,0
https://openalex.org/W2913424791,W2913424791,10.1038/s41467-019-08573-8,Enhanced photoelectrical response of thermodynamically epitaxial organic crystals at the two-dimensional limit,2019,109,2D Materials and Applications,8,Materials / Applications,6.0,Materials / Applications,,0,0
https://openalex.org/W2924295318,W2924295318,10.1038/s41598-019-41203-3,Unveiling high specific energy supercapacitor from layer-by-layer assembled polypyrrole/graphene oxide|polypyrrole/manganese oxide electrode material,2019,108,Supercapacitor Materials and Fabrication,7,Materials / Supercapacitor,5.0,Materials / Supercapacitor,,0,0
https://openalex.org/W2963889881,W2963889881,10.1002/advs.201901084,Supercritical Fluid‐Facilitated Exfoliation and Processing of 2D Materials,2019,107,Graphene research and applications,0,Graphene / Applications,1.0,Graphene / Applications,,0,0
https://openalex.org/W2969691926,W2969691926,10.34133/2019/9490413,2D Materials Based Optoelectronic Memory: Convergence of Electronic Memory and Optical Sensor,2019,107,Advanced Memory and Neural Computing,22,Materials / Applications,,,,0,0
https://openalex.org/W2914484473,W2914484473,10.1039/c8ra09378d,Strain-enhanced properties of van der Waals heterostructure based on blue phosphorus and g-GaN as a visible-light-driven photocatalyst for water splitting,2019,106,2D Materials and Applications,19,Materials / Applications,,,,0,0
https://openalex.org/W2980688591,W2980688591,10.1038/s41467-019-12592-w,Ultrasensitive MoS2 photodetector by serial nano-bridge multi-heterojunction,2019,106,2D Materials and Applications,8,Materials / Applications,6.0,Materials / Applications,,0,0
https://openalex.org/W2983502236,W2983502236,10.1093/nsr/nwz169,Room-temperature multiferroicity and diversified magnetoelectric couplings in 2D materials,2019,106,2D Materials and Applications,12,Materials / Sub,,,,0,0
https://openalex.org/W2803173446,W2803173446,10.1038/s41467-019-08629-9,Intrinsic valley Hall transport in atomically thin MoS2,2019,105,2D Materials and Applications,30,Materials / Applications,4.0,Materials / Applications,,0,0
https://openalex.org/W2947947618,W2947947618,10.1038/s41467-019-11971-7,Giant oscillations in a triangular network of one-dimensional states in marginally twisted graphene,2019,105,Graphene research and applications,16,Graphene / Applications,3.0,Graphene / Applications,,0,0
https://openalex.org/W2984663224,W2984663224,10.3390/c5040067,"Two-Dimensional Carbon: A Review of Synthesis Methods, and Electronic, Optical, and Vibrational Properties of Single-Layer Graphene",2019,105,Graphene research and applications,0,Graphene / Applications,1.0,Graphene / Applications,,0,0
https://openalex.org/W2997658425,W2997658425,10.1021/acs.nanolett.9b03815,Exploitable Magnetic Anisotropy of the Two-Dimensional Magnet CrI<sub>3</sub>,2019,105,2D Materials and Applications,2,Materials / Applications,2.0,Materials / Applications,,0,0
https://openalex.org/W2910932923,W2910932923,10.1038/s41467-018-08047-3,Thermal radiation control from hot graphene electrons coupled to a photonic crystal nanocavity,2019,102,Thermal Radiation and Cooling Technologies,4,Graphene / Applications,,,,0,0
https://openalex.org/W2978214904,W2978214904,10.1038/s41467-019-12347-7,Bottom-up growth of homogeneous Moiré superlattices in bismuth oxychloride spiral nanosheets,2019,102,2D Materials and Applications,16,Graphene / Applications,3.0,Graphene / Applications,,0,0
https://openalex.org/W2911234410,W2911234410,10.1021/acsnano.8b08726,Indirect to Direct Gap Crossover in Two-Dimensional InSe Revealed by Angle-Resolved Photoemission Spectroscopy,2019,101,2D Materials and Applications,20,Applications / Materials,,,,0,0
https://openalex.org/W2957467127,W2957467127,10.1038/s41598-019-46679-7,Enhanced activity of highly conformal and layered tin sulfide (SnSx) prepared by atomic layer deposition (ALD) on 3D metal scaffold towards high performance supercapacitor electrode,2019,101,Supercapacitor Materials and Fabrication,7,Materials / Supercapacitor,5.0,Materials / Supercapacitor,,0,0
https://openalex.org/W2915869428,W2915869428,10.1021/acsnano.9b00277,Thickness Tunable Wedding-Cake-like MoS<sub>2</sub> Flakes for High-Performance Optoelectronics,2019,100,2D Materials and Applications,21,Sub / Materials,,,,0,0
https://openalex.org/W2932571019,W2932571019,10.1002/inf2.12001,Centimeter‐scale growth of two‐dimensional layered high‐mobility bismuth films by pulsed laser deposition,2019,100,2D Materials and Applications,9,Applications / Materials,7.0,Applications / Materials,,0,0
https://openalex.org/W2992736545,W2992736545,10.1038/s41467-019-13581-9,Strong optical response and light emission from a monolayer molecular crystal,2019,100,Luminescence and Fluorescent Materials,30,Materials / Applications,4.0,Materials / Applications,,0,0
https://openalex.org/W2995590358,W2995590358,10.1063/1.5130756,Janus PtSSe and graphene heterostructure with tunable Schottky barrier,2019,96,2D Materials and Applications,19,Materials / Applications,,,,0,0
https://openalex.org/W2998239932,W2998239932,10.1021/acs.nanolett.9b04528,Giant Valley-Zeeman Splitting from Spin-Singlet and Spin-Triplet Interlayer Excitons in WSe<sub>2</sub>/MoSe<sub>2</sub> Heterostructure,2019,95,2D Materials and Applications,30,Materials / Applications,4.0,Materials / Applications,,0,0
https://openalex.org/W2942869339,W2942869339,10.1038/s41534-019-0150-2,Quantum computing with graphene plasmons,2019,94,Quantum Information and Cryptography,4,Graphene / Applications,,,,0,0
https://openalex.org/W2942890772,W2942890772,10.1088/2053-1583/ab1ebd,Black phosphorus electronic and optoelectronic devices,2019,94,2D Materials and Applications,9,Applications / Materials,7.0,Applications / Materials,,0,0
https://openalex.org/W2971717624,W2971717624,10.1002/adom.201901003,Recent Progress on Exciton Polaritons in Layered Transition‐Metal Dichalcogenides,2019,94,Strong Light-Matter Interactions,30,Materials / Applications,4.0,Materials / Applications,,0,0
https://openalex.org/W2975526747,W2975526747,10.1038/s41467-019-12327-x,Soliton superlattices in twisted hexagonal boron nitride,2019,93,2D Materials and Applications,16,Graphene / Applications,3.0,Graphene / Applications,,0,0
https://openalex.org/W2965138129,W2965138129,10.1038/s41467-019-10660-9,Isolating hydrogen in hexagonal boron nitride bubbles by a plasma treatment,2019,92,Boron and Carbon Nanomaterials Research,13,Graphene / Applications,,,,0,0
https://openalex.org/W2968635039,W2968635039,10.1038/s42004-019-0196-2,Functionalization of 2D materials for enhancing OER/ORR catalytic activity in Li–oxygen batteries,2019,91,MXene and MAX Phase Materials,7,Materials / Supercapacitor,5.0,Materials / Supercapacitor,,0,0
https://openalex.org/W2964729003,W2964729003,10.1021/acs.nanolett.9b01691,Spin-Split Band Hybridization in Graphene Proximitized with α-RuCl<sub>3</sub> Nanosheets,2019,90,Graphene research and applications,2,Materials / Applications,2.0,Materials / Applications,,0,0
https://openalex.org/W2919284498,W2919284498,10.1038/s41699-018-0084-0,Classifying optical microscope images of exfoliated graphene flakes by data-driven machine learning,2019,89,Graphene research and applications,26,Graphene / Materials,,,,0,0
https://openalex.org/W2948005947,W2948005947,10.1038/s41467-019-10400-z,Cross-dimensional electron-phonon coupling in van der Waals heterostructures,2019,87,2D Materials and Applications,15,Applications / Materials,,,,0,0
https://openalex.org/W2995171896,W2995171896,10.1038/s41598-019-55776-6,Coupled Charge Transfer Dynamics and Photoluminescence Quenching in Monolayer MoS2 Decorated with WS2 Quantum Dots,2019,87,2D Materials and Applications,30,Materials / Applications,4.0,Materials / Applications,,0,0
https://openalex.org/W2884418823,W2884418823,10.1364/josab.36.000674,Excitons in hexagonal boron nitride single-layer: a new platform for polaritonics in the ultraviolet,2019,86,Strong Light-Matter Interactions,13,Graphene / Applications,,,,0,0
https://openalex.org/W2914825041,W2914825041,10.1103/physrevb.99.085429,Interfacial and electronic properties of heterostructures of MXene and graphene,2019,86,MXene and MAX Phase Materials,7,Materials / Supercapacitor,5.0,Materials / Supercapacitor,,0,0
https://openalex.org/W2944049328,W2944049328,10.1021/acs.jpclett.9b00762,"Predicting Novel 2D MB<sub>2</sub> (M = Ti, Hf, V, Nb, Ta) Monolayers with Ultrafast Dirac Transport Channel and Electron-Orbital Controlled Negative Poisson’s Ratio",2019,86,MXene and MAX Phase Materials,19,Materials / Applications,,,,0,0
https://openalex.org/W2950066992,W2950066992,10.1016/j.mtphys.2019.100099,Properties and applications of new superlattice: twisted bilayer graphene,2019,86,Graphene research and applications,16,Graphene / Applications,3.0,Graphene / Applications,,0,0
https://openalex.org/W2982008605,W2982008605,10.1038/s41699-019-0123-5,Moderate strain induced indirect bandgap and conduction electrons in MoS2 single layers,2019,86,2D Materials and Applications,15,Applications / Materials,,,,0,0
https://openalex.org/W2936572025,W2936572025,10.1073/pnas.1820890116,Large bandgap of pressurized trilayer graphene,2019,85,Graphene research and applications,0,Graphene / Applications,1.0,Graphene / Applications,,0,0
https://openalex.org/W2969935700,W2969935700,10.1038/s41699-019-0115-5,Mass fabrication and superior microwave absorption property of multilayer graphene/hexagonal boron nitride nanoparticle hybrids,2019,85,Electromagnetic wave absorption materials,0,Graphene / Applications,1.0,Graphene / Applications,,0,0
https://openalex.org/W2913813916,W2913813916,10.1007/s13320-019-0533-1,Performance Analysis of Silicon and Blue Phosphorene/MoS2 Hetero-Structure Based SPR Sensor,2019,83,2D Materials and Applications,19,Materials / Applications,,,,0,0
https://openalex.org/W2943107775,W2943107775,10.3389/fchem.2019.00292,Phytotoxicity of Graphene Family Nanomaterials and Its Mechanisms: A Review,2019,83,Graphene and Nanomaterials Applications,0,Graphene / Applications,1.0,Graphene / Applications,,0,0
https://openalex.org/W2953902442,W2953902442,10.1103/physrevresearch.1.023031,Topological Floquet engineering of twisted bilayer graphene,2019,83,Topological Materials and Phenomena,16,Graphene / Applications,3.0,Graphene / Applications,,0,0
https://openalex.org/W2969138054,W2969138054,10.1039/c9ra04470a,Strain induced valley degeneracy: a route to the enhancement of thermoelectric properties of monolayer WS<sub>2</sub>,2019,83,2D Materials and Applications,30,Materials / Applications,4.0,Materials / Applications,,0,0
https://openalex.org/W2979887036,W2979887036,10.1088/2053-1583/ab4c64,Low-temperature monoclinic layer stacking in atomically thin CrI<sub>3</sub> crystals,2019,83,2D Materials and Applications,2,Materials / Applications,2.0,Materials / Applications,,0,0
https://openalex.org/W2959928186,W2959928186,10.1038/s41467-018-08266-8,Light from van der Waals quantum tunneling devices,2019,82,2D Materials and Applications,13,Graphene / Applications,,,,0,0
https://openalex.org/W2971658040,W2971658040,10.1038/s41427-019-0145-7,Direct synthesis of two-dimensional MoS2 on p-type Si and application to solar hydrogen production,2019,82,2D Materials and Applications,3,Sub / Applications,,,,0,0
https://openalex.org/W2922349798,W2922349798,10.1021/acsnano.8b09166,Electronic Coupling in Metallophthalocyanine–Transition Metal Dichalcogenide Mixed-Dimensional Heterojunctions,2019,81,2D Materials and Applications,6,Sub / Materials,,,,0,0
https://openalex.org/W2990600336,W2990600336,10.1021/acs.chemmater.9b02905,Length- and Thickness-Dependent Optical Response of Liquid-Exfoliated Transition Metal Dichalcogenides,2019,81,2D Materials and Applications,30,Materials / Applications,4.0,Materials / Applications,,0,0
https://openalex.org/W2947579675,W2947579675,10.1002/inf2.12013,Large‐area high quality PtSe<sub>2</sub> thin film with versatile polarity,2019,80,2D Materials and Applications,8,Materials / Applications,6.0,Materials / Applications,,0,0
https://openalex.org/W2972014194,W2972014194,10.1186/s11671-019-3142-4,Penta-Graphene as a Potential Gas Sensor for NOx Detection,2019,80,Graphene research and applications,10,Sub / Gas,,,,0,0
https://openalex.org/W2973479303,W2973479303,10.1021/acs.nanolett.9b02445,Quantum Hall Effect Measurement of Spin–Orbit Coupling Strengths in Ultraclean Bilayer Graphene/WSe<sub>2</sub> Heterostructures,2019,80,Graphene research and applications,2,Materials / Applications,2.0,Materials / Applications,,0,0
https://openalex.org/W2939059549,W2939059549,10.1007/s40820-019-0262-4,MoS2-Based Photodetectors Powered by Asymmetric Contact Structure with Large Work Function Difference,2019,79,2D Materials and Applications,8,Materials / Applications,6.0,Materials / Applications,,0,0
https://openalex.org/W2909283212,W2909283212,10.1021/acsnano.8b06574,Effects of Defects on Band Structure and Excitons in WS<sub>2</sub> Revealed by Nanoscale Photoemission Spectroscopy,2019,78,2D Materials and Applications,21,Sub / Materials,,,,0,0
https://openalex.org/W2963574571,W2963574571,10.1038/s41467-019-10228-7,The valley Zeeman effect in inter- and intra-valley trions in monolayer WSe2,2019,78,2D Materials and Applications,30,Materials / Applications,4.0,Materials / Applications,,0,0
https://openalex.org/W2974137514,W2974137514,10.1038/s41598-019-50165-5,Novel approach to synthesize NiCo2S4 composite for high-performance supercapacitor application with different molar ratio of Ni and Co,2019,78,Supercapacitor Materials and Fabrication,7,Materials / Supercapacitor,5.0,Materials / Supercapacitor,,0,0
https://openalex.org/W2982364990,W2982364990,10.1016/j.apsusc.2019.144425,Two-dimensional H-TiO2/MoS2(WS2) van der Waals heterostructures for visible-light photocatalysis and energy conversion,2019,78,2D Materials and Applications,19,Materials / Applications,,,,0,0
https://openalex.org/W2989728301,W2989728301,10.1038/s41467-019-13325-9,Carrier multiplication in van der Waals layered transition metal dichalcogenides,2019,78,2D Materials and Applications,30,Materials / Applications,4.0,Materials / Applications,,0,0
https://openalex.org/W2912656433,W2912656433,10.3390/nano9020218,"The Thermal, Electrical and Thermoelectric Properties of Graphene Nanomaterials",2019,77,Graphene research and applications,4,Graphene / Applications,,,,0,0
https://openalex.org/W2972774105,W2972774105,10.1038/s41467-019-12200-x,Robust trap effect in transition metal dichalcogenides for advanced multifunctional devices,2019,77,2D Materials and Applications,21,Sub / Materials,,,,0,0
https://openalex.org/W2963788237,W2963788237,10.3390/nano9081075,Electronic and Optical Properties of Two-Dimensional Tellurene: From First-Principles Calculations,2019,76,2D Materials and Applications,20,Applications / Materials,,,,0,0
https://openalex.org/W2985171304,W2985171304,10.1016/j.apsusc.2019.144450,Tunable electronic and magnetic properties of graphene/carbon-nitride van der Waals heterostructures,2019,76,Graphene research and applications,13,Graphene / Applications,,,,0,0
https://openalex.org/W2944688181,W2944688181,10.1016/j.rinp.2019.102320,Sensitivity enhancement of surface plasmon resonance sensors with 2D franckeite nanosheets,2019,75,2D Materials and Applications,9,Applications / Materials,7.0,Applications / Materials,,0,0
https://openalex.org/W2995033881,W2995033881,10.1038/s41524-019-0262-4,Deep-learning-based quality filtering of mechanically exfoliated 2D crystals,2019,75,2D Materials and Applications,29,Materials / Applications,,,,0,0
https://openalex.org/W3016456929,W3016456929,10.1039/d0ra01068e,Progress in the functional modification of graphene/graphene oxide: a review,2020,1333,Graphene research and applications,0,Graphene / Applications,1.0,Graphene / Applications,,0,0
https://openalex.org/W3080673473,W3080673473,10.1038/s41699-020-00162-4,Bandgap engineering of two-dimensional semiconductor materials,2020,1244,2D Materials and Applications,30,Materials / Applications,4.0,Materials / Applications,,0,0
https://openalex.org/W3024139038,W3024139038,10.1038/s41467-020-16266-w,Universal mechanical exfoliation of large-area 2D crystals,2020,800,2D Materials and Applications,2,Materials / Applications,2.0,Materials / Applications,,0,0
https://openalex.org/W3082954565,W3082954565,10.3390/catal10090969,Electrode Materials for Supercapacitors: A Review of Recent Advances,2020,714,Supercapacitor Materials and Fabrication,7,Materials / Supercapacitor,5.0,Materials / Supercapacitor,,0,0
https://openalex.org/W3095015225,W3095015225,10.1038/s41467-020-19214-w,Engineering active sites on hierarchical transition bimetal oxides/sulfides heterostructure array enabling robust overall water splitting,2020,653,Electrocatalysts for Energy Conversion,3,Sub / Applications,,,,0,0
https://openalex.org/W3036670858,W3036670858,10.1038/s41699-020-0152-0,2D materials for spintronic devices,2020,641,2D Materials and Applications,2,Materials / Applications,2.0,Materials / Applications,,0,0
https://openalex.org/W3112646351,W3112646351,10.1039/d0ra09438b,Carbon nanotubes: functionalisation and their application in chemical sensors,2020,553,Carbon Nanotubes in Composites,0,Graphene / Applications,1.0,Graphene / Applications,,0,0
https://openalex.org/W3106615441,W3106615441,10.1038/s41377-020-00421-5,Strain engineering of 2D semiconductors and graphene: from strain fields to band-structure tuning and photonic applications,2020,549,2D Materials and Applications,30,Materials / Applications,4.0,Materials / Applications,,0,0
https://openalex.org/W3013034951,W3013034951,10.1038/s41567-020-0825-9,Correlated states in twisted double bilayer graphene,2020,534,Graphene research and applications,16,Graphene / Applications,3.0,Graphene / Applications,,0,0
https://openalex.org/W3040263581,W3040263581,10.1038/s41467-020-16640-8,Insulators for 2D nanoelectronics: the gap to bridge,2020,530,Graphene research and applications,22,Materials / Applications,,,,0,0
https://openalex.org/W2922318702,W2922318702,10.1038/s41586-020-2458-7,Tunable spin-polarized correlated states in twisted double bilayer graphene,2020,515,Graphene research and applications,16,Graphene / Applications,3.0,Graphene / Applications,,0,0
https://openalex.org/W2973670908,W2973670908,10.1103/revmodphys.92.021003,<i>Colloquium</i>: Spintronics in graphene and other two-dimensional materials,2020,473,Graphene research and applications,2,Materials / Applications,2.0,Materials / Applications,,0,0
https://openalex.org/W3020956046,W3020956046,10.1038/s41586-020-2219-7,Two-dimensional halide perovskite lateral epitaxial heterostructures,2020,463,Perovskite Materials and Applications,28,Applications / Materials,,,,0,0
https://openalex.org/W3097323184,W3097323184,10.1038/s41586-020-2861-0,Logic-in-memory based on an atomically thin semiconductor,2020,446,2D Materials and Applications,22,Materials / Applications,,,,0,0
https://openalex.org/W3015917372,W3015917372,10.1038/s41586-020-2339-0,Cascade of electronic transitions in magic-angle twisted bilayer graphene,2020,441,Graphene research and applications,16,Graphene / Applications,3.0,Graphene / Applications,,0,0
https://openalex.org/W3013168356,W3013168356,10.1038/s41565-020-0682-9,Atomic reconstruction in twisted bilayers of transition metal dichalcogenides,2020,440,2D Materials and Applications,16,Graphene / Applications,3.0,Graphene / Applications,,0,0
https://openalex.org/W2999123343,W2999123343,10.1038/s41467-019-14130-0,Elastic straining of free-standing monolayer graphene,2020,435,Graphene research and applications,16,Graphene / Applications,3.0,Graphene / Applications,,0,0
https://openalex.org/W3000943275,W3000943275,10.1007/s40820-020-0374-x,Recent Progress of Two-Dimensional Thermoelectric Materials,2020,421,2D Materials and Applications,9,Applications / Materials,7.0,Applications / Materials,,0,0
https://openalex.org/W3009350640,W3009350640,10.1038/s41467-020-15023-3,Efficient strain modulation of 2D materials via polymer encapsulation,2020,414,2D Materials and Applications,30,Materials / Applications,4.0,Materials / Applications,,0,0
https://openalex.org/W3048435454,W3048435454,10.1007/s40820-020-00503-4,Room-Temperature Gas Sensors Under Photoactivation: From Metal Oxides to 2D Materials,2020,386,Gas Sensing Nanomaterials and Sensors,10,Sub / Gas,,,,0,0
https://openalex.org/W3045089716,W3045089716,10.1038/s41578-020-0218-9,Electrode material–ionic liquid coupling for electrochemical energy storage,2020,379,Supercapacitor Materials and Fabrication,7,Materials / Supercapacitor,5.0,Materials / Supercapacitor,,0,0
https://openalex.org/W2883132942,W2883132942,10.1126/science.aaz2570,One-dimensional van der Waals heterostructures,2020,376,2D Materials and Applications,13,Graphene / Applications,,,,0,0
https://openalex.org/W3017897093,W3017897093,10.1103/physrevlett.124.166601,Mechanism for Anomalous Hall Ferromagnetism in Twisted Bilayer Graphene,2020,365,Graphene research and applications,16,Graphene / Applications,3.0,Graphene / Applications,,0,0
https://openalex.org/W3079428540,W3079428540,10.1039/d0ra03183f,"A review of molybdenum disulfide (MoS<sub>2</sub>) based photodetectors: from ultra-broadband, self-powered to flexible devices",2020,362,2D Materials and Applications,8,Materials / Applications,6.0,Materials / Applications,,0,0
https://openalex.org/W3011577943,W3011577943,10.1038/s41586-020-2070-x,Limits on gas impermeability of graphene,2020,348,Graphene research and applications,1,Graphene / Materials,,,,0,0
https://openalex.org/W3042261384,W3042261384,10.1038/s41565-020-0708-3,Visualization of moiré superlattices,2020,339,2D Materials and Applications,16,Graphene / Applications,3.0,Graphene / Applications,,0,0
https://openalex.org/W2964425387,W2964425387,10.1038/s41467-020-17566-x,Néel-type skyrmion in WTe2/Fe3GeTe2 van der Waals heterostructure,2020,333,Topological Materials and Phenomena,2,Materials / Applications,2.0,Materials / Applications,,0,0
https://openalex.org/W3110294643,W3110294643,10.1038/s41467-020-19806-6,Curved neuromorphic image sensor array using a MoS2-organic heterostructure inspired by the human visual recognition system,2020,332,Advanced Memory and Neural Computing,22,Materials / Applications,,,,0,0
https://openalex.org/W3004012692,W3004012692,10.1038/s41565-019-0602-z,Waveguide-integrated van der Waals heterostructure photodetector at telecom wavelengths with high speed and high responsivity,2020,329,2D Materials and Applications,8,Materials / Applications,6.0,Materials / Applications,,0,0
https://openalex.org/W3080716523,W3080716523,10.1038/s41586-020-2507-2,Imaging viscous flow of the Dirac fluid in graphene,2020,320,Graphene research and applications,4,Graphene / Applications,,,,0,0
https://openalex.org/W3035896071,W3035896071,10.1038/s41566-020-0647-4,Strain-engineered high-responsivity MoTe2 photodetector for silicon photonic integrated circuits,2020,316,2D Materials and Applications,8,Materials / Applications,6.0,Materials / Applications,,0,0
https://openalex.org/W2999320937,W2999320937,10.1126/sciadv.aay8912,Nearly room temperature ferromagnetism in a magnetic metal-rich van der Waals metal,2020,315,Graphene research and applications,2,Materials / Applications,2.0,Materials / Applications,,0,0
https://openalex.org/W3033858499,W3033858499,10.1021/acsami.0c06149,Janus WSSe Monolayer: An Excellent Photocatalyst for Overall Water Splitting,2020,305,2D Materials and Applications,19,Materials / Applications,,,,0,0
https://openalex.org/W3087382172,W3087382172,10.1002/adma.202001893,Graphene Nanoribbons: On‐Surface Synthesis and Integration into Electronic Devices,2020,295,Graphene research and applications,0,Graphene / Applications,1.0,Graphene / Applications,,0,0
https://openalex.org/W3008685795,W3008685795,10.1007/s40820-020-0402-x,"Two-Dimensional Materials in Large-Areas: Synthesis, Properties and Applications",2020,286,2D Materials and Applications,21,Sub / Materials,,,,0,0
https://openalex.org/W3006884899,W3006884899,10.3390/polym12030505,Carbon-Based Polymer Nanocomposite for High-Performance Energy Storage Applications,2020,276,Supercapacitor Materials and Fabrication,7,Materials / Supercapacitor,5.0,Materials / Supercapacitor,,0,0
https://openalex.org/W3021791977,W3021791977,10.1038/s41467-020-16056-4,Precise control of the interlayer twist angle in large scale MoS2 homostructures,2020,276,2D Materials and Applications,16,Graphene / Applications,3.0,Graphene / Applications,,0,0
https://openalex.org/W3006738872,W3006738872,10.1063/1.5135306,Quantum properties and applications of 2D Janus crystals and their superlattices,2020,275,2D Materials and Applications,2,Materials / Applications,2.0,Materials / Applications,,0,0
https://openalex.org/W3007688084,W3007688084,10.1002/aelm.201901382,Electrical and Elastic Properties of Individual Single‐Layer Nb<sub>4</sub>C<sub>3</sub>T<i><sub>x</sub></i> MXene Flakes,2020,275,MXene and MAX Phase Materials,7,Materials / Supercapacitor,5.0,Materials / Supercapacitor,,0,0
https://openalex.org/W3100448631,W3100448631,10.1038/s41467-020-19752-3,The epitaxy of 2D materials growth,2020,275,Graphene research and applications,22,Materials / Applications,,,,0,0
https://openalex.org/W3017192294,W3017192294,10.1038/s41467-020-15776-x,Doping-free complementary WSe2 circuit via van der Waals metal integration,2020,270,2D Materials and Applications,29,Materials / Applications,,,,0,0
https://openalex.org/W3003979876,W3003979876,10.1038/s41565-019-0629-1,Layer-resolved magnetic proximity effect in van der Waals heterostructures,2020,269,2D Materials and Applications,2,Materials / Applications,2.0,Materials / Applications,,0,0
https://openalex.org/W3020472023,W3020472023,10.1007/s40820-020-00427-z,"Two-Dimensional Tellurium: Progress, Challenges, and Prospects",2020,266,2D Materials and Applications,8,Materials / Applications,6.0,Materials / Applications,,0,0
https://openalex.org/W3007474645,W3007474645,10.1021/acs.nanolett.9b04879,Near-Direct Bandgap WSe<sub>2</sub>/ReS<sub>2</sub> Type-II pn Heterojunction for Enhanced Ultrafast Photodetection and High-Performance Photovoltaics,2020,260,2D Materials and Applications,6,Sub / Materials,,,,0,0
https://openalex.org/W3011895854,W3011895854,10.1007/s40820-020-0415-5,Enhancing Capacitance Performance of Ti3C2Tx MXene as Electrode Materials of Supercapacitor: From Controlled Preparation to Composite Structure Construction,2020,255,MXene and MAX Phase Materials,7,Materials / Supercapacitor,5.0,Materials / Supercapacitor,,0,0
https://openalex.org/W3030776535,W3030776535,10.1039/d0cs00143k,Direct synthesis of metastable phases of 2D transition metal dichalcogenides,2020,249,2D Materials and Applications,3,Sub / Applications,,,,0,0
https://openalex.org/W3009208237,W3009208237,10.1038/s41377-020-0263-6,High-performance silicon−graphene hybrid plasmonic waveguide photodetectors beyond 1.55 μm,2020,248,Plasmonic and Surface Plasmon Research,8,Materials / Applications,6.0,Materials / Applications,,0,0
https://openalex.org/W3042071357,W3042071357,10.1038/s41699-020-0155-x,Broadband optical properties of monolayer and bulk MoS2,2020,248,2D Materials and Applications,30,Materials / Applications,4.0,Materials / Applications,,0,0
https://openalex.org/W3015231715,W3015231715,10.1038/s41563-020-0665-0,Broad spectral tuning of ultra-low-loss polaritons in a van der Waals crystal by intercalation,2020,240,Plasmonic and Surface Plasmon Research,4,Graphene / Applications,,,,0,0
https://openalex.org/W3048118328,W3048118328,10.1038/s41467-020-17849-3,Artificial van der Waals hybrid synapse and its application to acoustic pattern recognition,2020,233,Advanced Memory and Neural Computing,22,Materials / Applications,,,,0,0
https://openalex.org/W3015251907,W3015251907,10.1038/s41377-020-0286-z,Nonlinear polaritons in a monolayer semiconductor coupled to optical bound states in the continuum,2020,232,Strong Light-Matter Interactions,30,Materials / Applications,4.0,Materials / Applications,,0,0
https://openalex.org/W3008092507,W3008092507,10.1039/d0tc00388c,The role of self-assembled monolayers in electronic devices,2020,231,Molecular Junctions and Nanostructures,0,Graphene / Applications,1.0,Graphene / Applications,,0,0
https://openalex.org/W3037203463,W3037203463,10.1038/s41565-020-0717-2,High oscillator strength interlayer excitons in two-dimensional heterostructures for mid-infrared photodetection,2020,215,2D Materials and Applications,30,Materials / Applications,4.0,Materials / Applications,,0,0
https://openalex.org/W3000477231,W3000477231,10.1039/c9ta13611h,"Mixed-dimensional PdSe<sub>2</sub>/SiNWA heterostructure based photovoltaic detectors for self-driven, broadband photodetection, infrared imaging and humidity sensing",2020,213,2D Materials and Applications,8,Materials / Applications,6.0,Materials / Applications,,0,0
https://openalex.org/W2995552491,W2995552491,10.1038/s41467-020-17253-x,Phase-controllable growth of ultrathin 2D magnetic FeTe crystals,2020,212,2D Materials and Applications,2,Materials / Applications,2.0,Materials / Applications,,0,0
https://openalex.org/W3003730086,W3003730086,10.1002/adma.201907857,Emerging 2D Materials Produced via Electrochemistry,2020,212,2D Materials and Applications,7,Materials / Supercapacitor,5.0,Materials / Supercapacitor,,0,0
https://openalex.org/W3042623210,W3042623210,10.1002/adsu.202000130,Heterojunction Photocatalysts Based on 2D Materials: The Role of Configuration,2020,212,Advanced Photocatalysis Techniques,19,Materials / Applications,,,,0,0
https://openalex.org/W2998958441,W2998958441,10.1038/s41545-019-0048-8,Nano-based adsorbent and photocatalyst use for pharmaceutical contaminant removal during indirect potable water reuse,2020,206,Graphene and Nanomaterials Applications,0,Graphene / Applications,1.0,Graphene / Applications,,0,0
https://openalex.org/W3000693281,W3000693281,10.1007/s40843-019-1234-x,Near-infrared absorbing 2D/3D ZnIn2S4/N-doped graphene photocatalyst for highly efficient CO2 capture and photocatalytic reduction,2020,201,Advanced Photocatalysis Techniques,19,Materials / Applications,,,,0,0
https://openalex.org/W3083566830,W3083566830,10.3390/nano10091764,Developments in the Application of Nanomaterials for Water Treatment and Their Impact on the Environment,2020,201,Graphene and Nanomaterials Applications,0,Graphene / Applications,1.0,Graphene / Applications,,0,0
https://openalex.org/W2990814639,W2990814639,10.1103/physrevlett.124.206101,Stacking Domains and Dislocation Networks in Marginally Twisted Bilayers of Transition Metal Dichalcogenides,2020,200,2D Materials and Applications,16,Graphene / Applications,3.0,Graphene / Applications,,0,0
https://openalex.org/W3081283503,W3081283503,10.1039/d0ra05133k,"Spinel ferrite (AFe<sub>2</sub>O<sub>4</sub>)-based heterostructured designs for lithium-ion battery, environmental monitoring, and biomedical applications",2020,200,Advancements in Battery Materials,7,Materials / Supercapacitor,5.0,Materials / Supercapacitor,,0,0
https://openalex.org/W3030649862,W3030649862,10.1038/s41699-020-0140-4,Application of Raman spectroscopy to probe fundamental properties of two-dimensional materials,2020,199,2D Materials and Applications,2,Materials / Applications,2.0,Materials / Applications,,0,0
https://openalex.org/W3040681683,W3040681683,10.1038/s41467-020-17014-w,Strain engineering of two-dimensional multilayered heterostructures for beyond-lithium-based rechargeable batteries,2020,198,MXene and MAX Phase Materials,7,Materials / Supercapacitor,5.0,Materials / Supercapacitor,,0,0
https://openalex.org/W3011491353,W3011491353,10.1038/s41563-020-0631-x,Atomically thin half-van der Waals metals enabled by confinement heteroepitaxy,2020,195,Graphene research and applications,16,Graphene / Applications,3.0,Graphene / Applications,,0,0
https://openalex.org/W3012410927,W3012410927,10.1038/s41598-020-61367-7,Developing the Ternary ZnO Doped MoS2 Nanostructures Grafted on CNT and Reduced Graphene Oxide (RGO) for Photocatalytic Degradation of Aniline,2020,193,Advanced Photocatalysis Techniques,7,Materials / Supercapacitor,5.0,Materials / Supercapacitor,,0,0
https://openalex.org/W3018244411,W3018244411,10.1038/s41467-020-15877-7,Enabling room temperature ferromagnetism in monolayer MoS2 via in situ iron-doping,2020,193,2D Materials and Applications,2,Materials / Applications,2.0,Materials / Applications,,0,0
https://openalex.org/W3025784208,W3025784208,10.3390/nano10050932,Advances and Challenges in Developing Efficient Graphene Oxide-Based ZnO Photocatalysts for Dye Photo-Oxidation,2020,193,Advanced Photocatalysis Techniques,0,Graphene / Applications,1.0,Graphene / Applications,,0,0
https://openalex.org/W3010429218,W3010429218,10.1021/acs.nanolett.9b05165,Persistence of Magnetism in Atomically Thin MnPS<sub>3</sub> Crystals,2020,190,2D Materials and Applications,2,Materials / Applications,2.0,Materials / Applications,,0,0
https://openalex.org/W3099827580,W3099827580,10.1021/acsnano.0c00724,Monolithic Full-Stokes Near-Infrared Polarimetry with Chiral Plasmonic Metasurface Integrated Graphene–Silicon Photodetector,2020,190,Metamaterials and Metasurfaces Applications,8,Materials / Applications,6.0,Materials / Applications,,0,0
https://openalex.org/W2997147401,W2997147401,10.1038/s41467-019-13769-z,Ultrasensitive negative capacitance phototransistors,2020,187,2D Materials and Applications,8,Materials / Applications,6.0,Materials / Applications,,0,0
https://openalex.org/W3097235984,W3097235984,10.1007/s40820-020-00526-x,Interface Engineering of CoS/CoO@N-Doped Graphene Nanocomposite for High-Performance Rechargeable Zn–Air Batteries,2020,182,Electrocatalysts for Energy Conversion,19,Materials / Applications,,,,0,0
https://openalex.org/W2969596170,W2969596170,10.1038/s41563-019-0575-1,Tunable room-temperature spin galvanic and spin Hall effects in van der Waals heterostructures,2020,179,2D Materials and Applications,2,Materials / Applications,2.0,Materials / Applications,,0,0
https://openalex.org/W3020556570,W3020556570,10.1007/s40820-020-00438-w,Environmental Analysis with 2D Transition-Metal Dichalcogenide-Based Field-Effect Transistors,2020,174,2D Materials and Applications,10,Sub / Gas,,,,0,0
https://openalex.org/W3011220106,W3011220106,10.1038/s41524-020-0280-2,Multiscale computational understanding and growth of 2D materials: a review,2020,172,Graphene research and applications,21,Sub / Materials,,,,0,0
https://openalex.org/W3016705891,W3016705891,10.1007/s40820-020-00424-2,Spintronics in Two-Dimensional Materials,2020,171,2D Materials and Applications,2,Materials / Applications,2.0,Materials / Applications,,0,0
https://openalex.org/W3023810563,W3023810563,10.1007/s40820-020-00439-9,Recent Advances in Strain-Induced Piezoelectric and Piezoresistive Effect-Engineered 2D Semiconductors for Adaptive Electronics and Optoelectronics,2020,171,2D Materials and Applications,12,Materials / Sub,,,,0,0
https://openalex.org/W3035639404,W3035639404,10.1007/s40820-020-00464-8,Opportunities and Challenges in Twisted Bilayer Graphene: A Review,2020,165,Graphene research and applications,16,Graphene / Applications,3.0,Graphene / Applications,,0,0
https://openalex.org/W3080488663,W3080488663,10.1038/s41524-020-00397-1,Concepts of the half-valley-metal and quantum anomalous valley Hall effect,2020,165,2D Materials and Applications,30,Materials / Applications,4.0,Materials / Applications,,0,0
https://openalex.org/W3096372094,W3096372094,10.1038/s41467-020-19411-7,Direct measurements of interfacial adhesion in 2D materials and van der Waals heterostructures in ambient air,2020,165,Graphene research and applications,26,Graphene / Materials,,,,0,0
https://openalex.org/W3041604728,W3041604728,10.1021/acs.jpclett.0c01287,Strain and Charge Doping Fingerprints of the Strong Interaction between Monolayer MoS<sub>2</sub> and Gold,2020,164,2D Materials and Applications,15,Applications / Materials,,,,0,0
https://openalex.org/W3043475651,W3043475651,10.34133/2020/8748602,Nanoelectromechanical Sensors Based on Suspended 2D Materials,2020,164,Mechanical and Optical Resonators,1,Graphene / Materials,,,,0,0
https://openalex.org/W3000090925,W3000090925,10.1021/acsnano.9b09554,van der Waals Heterojunction between a Bottom-Up Grown Doped Graphene Quantum Dot and Graphene for Photoelectrochemical Water Splitting,2020,163,Advanced Photocatalysis Techniques,19,Materials / Applications,,,,0,0
https://openalex.org/W3035615680,W3035615680,10.1038/s41467-020-16766-9,Oxidation-boosted charge trapping in ultra-sensitive van der Waals materials for artificial synaptic features,2020,162,Advanced Memory and Neural Computing,22,Materials / Applications,,,,0,0
https://openalex.org/W3101499629,W3101499629,10.1038/s41467-020-19466-6,Twist-angle dependence of moiré excitons in WS2/MoSe2 heterobilayers,2020,162,2D Materials and Applications,16,Graphene / Applications,3.0,Graphene / Applications,,0,0
https://openalex.org/W3108904274,W3108904274,10.1038/s41467-020-19779-6,Controlling bimerons as skyrmion analogues by ferroelectric polarization in 2D van der Waals multiferroic heterostructures,2020,160,2D Materials and Applications,2,Materials / Applications,2.0,Materials / Applications,,0,0
https://openalex.org/W3048560106,W3048560106,10.1038/s41467-020-17608-4,Measurement of the spin-forbidden dark excitons in MoS2 and MoSe2 monolayers,2020,159,2D Materials and Applications,30,Materials / Applications,4.0,Materials / Applications,,0,0
https://openalex.org/W3003940276,W3003940276,10.1038/s41563-019-0601-3,Design of van der Waals interfaces for broad-spectrum optoelectronics,2020,158,2D Materials and Applications,20,Applications / Materials,,,,0,0
https://openalex.org/W3083702321,W3083702321,10.1039/d0qi00700e,Superactive NiFe-LDH/graphene nanocomposites as competent catalysts for water splitting reactions,2020,153,Advanced Photocatalysis Techniques,0,Graphene / Applications,1.0,Graphene / Applications,,0,0
https://openalex.org/W3012993953,W3012993953,10.1038/s41467-020-15446-y,Tunable macroscale structural superlubricity in two-layer graphene via strain engineering,2020,150,Graphene research and applications,1,Graphene / Materials,,,,0,0
https://openalex.org/W3042156394,W3042156394,10.1038/s41377-020-00356-x,Black phosphorus-based van der Waals heterostructures for mid-infrared light-emission applications,2020,150,2D Materials and Applications,9,Applications / Materials,7.0,Applications / Materials,,0,0
https://openalex.org/W3010457982,W3010457982,10.1088/2515-7639/ab7c57,Janus transition metal dichalcogenides: a superior platform for photocatalytic water splitting,2020,148,Advanced Photocatalysis Techniques,19,Materials / Applications,,,,0,0
https://openalex.org/W3115979315,W3115979315,10.1002/adma.202007792,A Library of Atomically Thin 2D Materials Featuring the Conductive‐Point Resistive Switching Phenomenon,2020,145,Advanced Memory and Neural Computing,22,Materials / Applications,,,,0,0
https://openalex.org/W3082188803,W3082188803,10.1007/s40820-020-00510-5,Two-Dimensional Black Phosphorus Nanomaterials: Emerging Advances in Electrochemical Energy Storage Science,2020,143,2D Materials and Applications,9,Applications / Materials,7.0,Applications / Materials,,0,0
https://openalex.org/W2997631580,W2997631580,10.1063/1.5112171,Two-dimensional van der Waals spinterfaces and magnetic-interfaces,2020,142,2D Materials and Applications,2,Materials / Applications,2.0,Materials / Applications,,0,0
https://openalex.org/W3009754208,W3009754208,10.1038/s41467-020-15001-9,Van der Waals thin films of WTe2 for natural hyperbolic plasmonic surfaces,2020,142,Metamaterials and Metasurfaces Applications,4,Graphene / Applications,,,,0,0
https://openalex.org/W3043156398,W3043156398,10.1038/s41467-020-17313-2,Hybrid exciton-plasmon-polaritons in van der Waals semiconductor gratings,2020,140,Strong Light-Matter Interactions,30,Materials / Applications,4.0,Materials / Applications,,0,0
https://openalex.org/W2982363119,W2982363119,10.1038/s41467-020-17340-z,Highly nonlinear trion-polaritons in a monolayer semiconductor,2020,139,Strong Light-Matter Interactions,30,Materials / Applications,4.0,Materials / Applications,,0,0
https://openalex.org/W3041672547,W3041672547,10.1038/s41467-020-17300-7,Vacancies on 2D transition metal dichalcogenides elicit ferroptotic cell death,2020,138,Ferroptosis and cancer prognosis,30,Materials / Applications,4.0,Materials / Applications,,0,0
https://openalex.org/W3106162083,W3106162083,10.1002/lpor.202000239,Hybrid/Integrated Silicon Photonics Based on 2D Materials in Optical Communication Nanosystems,2020,137,Photonic and Optical Devices,8,Materials / Applications,6.0,Materials / Applications,,0,0
https://openalex.org/W3093943197,W3093943197,10.1021/acscatal.0c03140,Prediction of Highly Selective Electrocatalytic Nitrogen Reduction at Low Overpotential on a Mo-Doped g-GaN Monolayer,2020,136,Ammonia Synthesis and Nitrogen Reduction,12,Materials / Sub,,,,0,0
https://openalex.org/W3031967621,W3031967621,10.3390/nano10061012,Transition Metal Dichalcogenides for the Application of Pollution Reduction: A Review,2020,134,Gas Sensing Nanomaterials and Sensors,3,Sub / Applications,,,,0,0
https://openalex.org/W3087620914,W3087620914,10.1038/s41699-020-00175-z,Synthesis of epitaxial monolayer Janus SPtSe,2020,133,2D Materials and Applications,19,Materials / Applications,,,,0,0
https://openalex.org/W3093997394,W3093997394,10.1038/s41699-020-00172-2,Naturally occurring van der Waals materials,2020,133,2D Materials and Applications,9,Applications / Materials,7.0,Applications / Materials,,0,0
https://openalex.org/W3033722804,W3033722804,10.1007/s40820-020-00453-x,Two-Dimensional Black Phosphorus: An Emerging Anode Material for Lithium-Ion Batteries,2020,129,2D Materials and Applications,9,Applications / Materials,7.0,Applications / Materials,,0,0
https://openalex.org/W3110650343,W3110650343,10.1002/advs.202002488,"van der Waals Magnets: Material Family, Detection and Modulation of Magnetism, and Perspective in Spintronics",2020,129,2D Materials and Applications,2,Materials / Applications,2.0,Materials / Applications,,0,0
https://openalex.org/W3036599875,W3036599875,10.1038/s41467-020-16023-z,Controlling interlayer excitons in MoS2 layers grown by chemical vapor deposition,2020,128,2D Materials and Applications,16,Graphene / Applications,3.0,Graphene / Applications,,0,0
https://openalex.org/W2983545098,W2983545098,10.1103/physrevb.101.115430,Exciton diffusion in monolayer semiconductors with suppressed disorder,2020,127,2D Materials and Applications,30,Materials / Applications,4.0,Materials / Applications,,0,0
https://openalex.org/W3006386798,W3006386798,10.1038/s41467-020-18428-2,Transition metal dichalcogenide metamaterials with atomic precision,2020,127,2D Materials and Applications,3,Sub / Applications,,,,0,0
https://openalex.org/W3009393241,W3009393241,10.1038/s41467-020-14947-0,One-dimensional flat bands in twisted bilayer germanium selenide,2020,126,2D Materials and Applications,16,Graphene / Applications,3.0,Graphene / Applications,,0,0
https://openalex.org/W3024753356,W3024753356,10.3389/fchem.2020.00390,Two-Dimensional Transition Metal Oxide and Hydroxide-Based Hierarchical Architectures for Advanced Supercapacitor Materials,2020,126,Supercapacitor Materials and Fabrication,7,Materials / Supercapacitor,5.0,Materials / Supercapacitor,,0,0
https://openalex.org/W3098869208,W3098869208,10.1007/s42823-020-00200-7,A recent trend: application of graphene in catalysis,2020,126,Graphene research and applications,0,Graphene / Applications,1.0,Graphene / Applications,,0,0
https://openalex.org/W3006550142,W3006550142,10.1038/s41467-020-18835-5,The ultrafast onset of exciton formation in 2D semiconductors,2020,123,2D Materials and Applications,30,Materials / Applications,4.0,Materials / Applications,,0,0
https://openalex.org/W3010136977,W3010136977,10.1038/s41565-020-0644-2,Filtering the photoluminescence spectra of atomically thin semiconductors with graphene,2020,123,Graphene research and applications,30,Materials / Applications,4.0,Materials / Applications,,0,0
https://openalex.org/W3005634471,W3005634471,10.1126/sciadv.aay4092,Spontaneous self-intercalation of copper atoms into transition metal dichalcogenides,2020,122,2D Materials and Applications,2,Materials / Applications,2.0,Materials / Applications,,0,0
https://openalex.org/W3041321888,W3041321888,10.1007/s00604-020-04415-3,Recent developments in carbon-based two-dimensional materials: synthesis and modification aspects for electrochemical sensors,2020,122,Electrochemical sensors and biosensors,0,Graphene / Applications,1.0,Graphene / Applications,,0,0
https://openalex.org/W3006664009,W3006664009,10.1038/s41467-020-14596-3,Vapor–liquid–solid growth of large-area multilayer hexagonal boron nitride on dielectric substrates,2020,121,Graphene research and applications,13,Graphene / Applications,,,,0,0
https://openalex.org/W3092636574,W3092636574,10.1126/sciadv.abd3655,In situ manipulation of van der Waals heterostructures for twistronics,2020,120,Advanced Materials and Mechanics,16,Graphene / Applications,3.0,Graphene / Applications,,0,0
https://openalex.org/W3009107996,W3009107996,10.1021/acs.nanolett.9b04556,Proximity Spin–Orbit Torque on a Two-Dimensional Magnet within van der Waals Heterostructure: Current-Driven Antiferromagnet-to-Ferromagnet Reversible Nonequilibrium Phase Transition in Bilayer CrI<sub>3</sub>,2020,119,2D Materials and Applications,2,Materials / Applications,2.0,Materials / Applications,,0,0
https://openalex.org/W3042987470,W3042987470,10.1038/s41467-020-18544-z,Plasmonic antenna coupling to hyperbolic phonon-polaritons for sensitive and fast mid-infrared photodetection with graphene,2020,119,Thermal Radiation and Cooling Technologies,4,Graphene / Applications,,,,0,0
https://openalex.org/W3111791174,W3111791174,10.1038/s41699-020-00179-9,Self-driven WSe2 photodetectors enabled with asymmetrical van der Waals contact interfaces,2020,119,2D Materials and Applications,8,Materials / Applications,6.0,Materials / Applications,,0,0
https://openalex.org/W2955579812,W2955579812,10.1021/acs.nanolett.9b04979,Ultraheavy and Ultrarelativistic Dirac Quasiparticles in Sandwiched Graphenes,2020,117,Graphene research and applications,16,Graphene / Applications,3.0,Graphene / Applications,,0,0
https://openalex.org/W3012048973,W3012048973,10.1103/physrevlett.124.106802,"Valley Polarization and Inversion in Strained Graphene via Pseudo-Landau Levels, Valley Splitting of Real Landau Levels, and Confined States",2020,117,Graphene research and applications,30,Materials / Applications,4.0,Materials / Applications,,0,0
https://openalex.org/W2998735352,W2998735352,10.1093/nsr/nwz223,Ultrafast growth of large single crystals of monolayer WS2 and WSe2,2020,116,2D Materials and Applications,21,Sub / Materials,,,,0,0
https://openalex.org/W3005319172,W3005319172,10.1002/inf2.12086,Low‐dimensional metal halide perovskites and related optoelectronic applications,2020,116,Perovskite Materials and Applications,28,Applications / Materials,,,,0,0
https://openalex.org/W3033507395,W3033507395,10.1021/acsnano.0c01694,Crepe Cake Structured Layered Double Hydroxide/Sulfur/Graphene as a Positive Electrode Material for Li–S Batteries,2020,115,Advanced Battery Materials and Technologies,7,Materials / Supercapacitor,5.0,Materials / Supercapacitor,,0,0
https://openalex.org/W3037271558,W3037271558,10.1007/s40843-020-1353-3,Band structure engineered tunneling heterostructures for high-performance visible and near-infrared photodetection,2020,115,2D Materials and Applications,6,Sub / Materials,,,,0,0
https://openalex.org/W3007294682,W3007294682,10.1126/sciadv.aay2730,Local Berry curvature signatures in dichroic angle-resolved photoelectron spectroscopy from two-dimensional materials,2020,113,Topological Materials and Phenomena,2,Materials / Applications,2.0,Materials / Applications,,0,0
https://openalex.org/W3024010902,W3024010902,10.1039/d0qi00307g,Two-dimensional material membranes for critical separations,2020,113,Membrane Separation and Gas Transport,7,Materials / Supercapacitor,5.0,Materials / Supercapacitor,,0,0
https://openalex.org/W3038874850,W3038874850,10.1039/d0ee01370f,Photoinduced charge transfer in transition metal dichalcogenide heterojunctions – towards next generation energy technologies,2020,112,2D Materials and Applications,30,Materials / Applications,4.0,Materials / Applications,,0,0
https://openalex.org/W3046041261,W3046041261,10.1039/c9cs00822e,Degradation-by-design: how chemical functionalization enhances the biodegradability and safety of 2D materials,2020,112,Graphene and Nanomaterials Applications,9,Applications / Materials,7.0,Applications / Materials,,0,0
https://openalex.org/W3107843179,W3107843179,10.1002/eem2.12154,Tunable Electronic and Optical Properties of 2D Monoelemental Materials Beyond Graphene for Promising Applications,2020,112,2D Materials and Applications,9,Applications / Materials,7.0,Applications / Materials,,0,0
https://openalex.org/W3109365753,W3109365753,10.1038/s41467-020-20051-0,Atomic threshold-switching enabled MoS2 transistors towards ultralow-power electronics,2020,112,2D Materials and Applications,22,Materials / Applications,,,,0,0
https://openalex.org/W3014290212,W3014290212,10.1002/andp.201900452,Prospects and Opportunities of 2D van der Waals Magnetic Systems,2020,111,2D Materials and Applications,2,Materials / Applications,2.0,Materials / Applications,,0,0
https://openalex.org/W3027874840,W3027874840,10.1038/s41377-020-0307-y,High-performance position-sensitive detector based on the lateral photoelectrical effect of two-dimensional materials,2020,111,2D Materials and Applications,8,Materials / Applications,6.0,Materials / Applications,,0,0
https://openalex.org/W3113005488,W3113005488,10.1016/j.jpowsour.2020.229318,Thermodynamics and kinetics of 2D g-GeC monolayer as an anode materials for Li/Na-ion batteries,2020,111,Advancements in Battery Materials,19,Materials / Applications,,,,0,0
https://openalex.org/W3111815029,W3111815029,10.1038/s41565-020-00808-w,Giant enhancement of third-harmonic generation in graphene–metal heterostructures,2020,110,Plasmonic and Surface Plasmon Research,4,Graphene / Applications,,,,0,0
https://openalex.org/W3107156969,W3107156969,10.1038/s41467-020-19913-4,Edge-oriented and steerable hyperbolic polaritons in anisotropic van der Waals nanocavities,2020,109,Plasmonic and Surface Plasmon Research,4,Graphene / Applications,,,,0,0
https://openalex.org/W3006737397,W3006737397,10.1002/inf2.12096,Magnetic two‐dimensional layered crystals meet with ferromagnetic semiconductors,2020,108,2D Materials and Applications,2,Materials / Applications,2.0,Materials / Applications,,0,0
https://openalex.org/W3029493545,W3029493545,10.1038/s41467-020-16430-2,Magnetic and electronic phase transitions probed by nanomechanical resonators,2020,108,2D Materials and Applications,2,Materials / Applications,2.0,Materials / Applications,,0,0
https://openalex.org/W3002902787,W3002902787,10.1038/s41928-019-0351-x,Reversible writing of high-mobility and high-carrier-density doping patterns in two-dimensional van der Waals heterostructures,2020,107,Graphene research and applications,29,Materials / Applications,,,,0,0
https://openalex.org/W3008714810,W3008714810,10.1038/s41467-020-14753-8,Van der Waals interfacial reconstruction in monolayer transition-metal dichalcogenides and gold heterojunctions,2020,107,2D Materials and Applications,21,Sub / Materials,,,,0,0
https://openalex.org/W3110121583,W3110121583,,In situ manipulation of van der Waals heterostructures for twistronics,2020,107,Advanced Materials and Mechanics,16,Graphene / Applications,3.0,Graphene / Applications,,0,0
https://openalex.org/W3011327022,W3011327022,10.1515/nanoph-2019-0566,Recent progress of pulsed fiber lasers based on transition‐metal dichalcogenides and black phosphorus saturable absorbers,2020,106,Advanced Fiber Laser Technologies,9,Applications / Materials,7.0,Applications / Materials,,0,0
https://openalex.org/W3010314065,W3010314065,10.1016/j.carbon.2020.02.078,"Sensing of volatile organic compounds on two-dimensional nitrogenated holey graphene, graphdiyne, and their heterostructure",2020,105,Graphene research and applications,0,Graphene / Applications,1.0,Graphene / Applications,,0,0
https://openalex.org/W3114133151,W3114133151,10.1038/s43246-020-00103-0,High responsivity in MoS2 phototransistors based on charge trapping HfO2 dielectrics,2020,105,2D Materials and Applications,8,Materials / Applications,6.0,Materials / Applications,,0,0
https://openalex.org/W3014607441,W3014607441,10.1007/s40843-019-1256-0,2D/2D heterostructured photocatalyst: Rational design for energy and environmental applications,2020,104,Advanced Photocatalysis Techniques,19,Materials / Applications,,,,0,0
https://openalex.org/W3049191225,W3049191225,10.34133/2020/1768918,Recent Advances in Two-Dimensional Magnets: Physics and Devices towards Spintronic Applications,2020,104,2D Materials and Applications,2,Materials / Applications,2.0,Materials / Applications,,0,0
https://openalex.org/W2944462740,W2944462740,10.1038/s41467-019-14207-w,"Large-area, periodic, and tunable intrinsic pseudo-magnetic fields in low-angle twisted bilayer graphene",2020,103,Graphene research and applications,16,Graphene / Applications,3.0,Graphene / Applications,,0,0
https://openalex.org/W3013554282,W3013554282,10.1007/s42452-020-2515-8,A review on graphene based transition metal oxide composites and its application towards supercapacitor electrodes,2020,102,Supercapacitor Materials and Fabrication,7,Materials / Supercapacitor,5.0,Materials / Supercapacitor,,0,0
https://openalex.org/W3036916436,W3036916436,10.1016/j.triboint.2020.106483,Interlayer friction and superlubricity in bilayer graphene and MoS2/MoSe2 van der Waals heterostructures,2020,102,Graphene research and applications,1,Graphene / Materials,,,,0,0
https://openalex.org/W3005196403,W3005196403,10.1515/nanoph-2019-0533,Monolayer MoS <sub>2</sub> for nanoscale photonics,2020,101,2D Materials and Applications,30,Materials / Applications,4.0,Materials / Applications,,0,0
https://openalex.org/W3048156353,W3048156353,10.1186/s40580-020-00237-4,Graphene impregnated electrospun nanofiber sensing materials: a comprehensive overview on bridging laboratory set-up to industry,2020,101,Advanced biosensing and bioanalysis techniques,0,Graphene / Applications,1.0,Graphene / Applications,,0,0
https://openalex.org/W3080534298,W3080534298,10.1007/s40820-020-00515-0,"Two-Dimensional Platinum Diselenide: Synthesis, Emerging Applications, and Future Challenges",2020,101,2D Materials and Applications,8,Materials / Applications,6.0,Materials / Applications,,0,0
https://openalex.org/W2998937874,W2998937874,10.1103/physrevb.101.014105,Giant tunneling electroresistance in two-dimensional ferroelectric tunnel junctions with out-of-plane ferroelectric polarization,2020,100,2D Materials and Applications,12,Materials / Sub,,,,0,0
https://openalex.org/W3044023195,W3044023195,10.1103/physrevlett.125.247201,Stacking Domain Wall Magnons in Twisted van der Waals Magnets,2020,100,2D Materials and Applications,2,Materials / Applications,2.0,Materials / Applications,,0,0
https://openalex.org/W3047732449,W3047732449,10.1002/adfm.202001127,"2D Materials Based on Main Group Element Compounds: Phases, Synthesis, Characterization, and Applications",2020,100,2D Materials and Applications,12,Materials / Sub,,,,0,0
https://openalex.org/W3011576019,W3011576019,10.1021/acs.nanolett.0c00741,Gate-Tunable Semiconductor Heterojunctions from 2D/3D van der Waals Interfaces,2020,98,2D Materials and Applications,29,Materials / Applications,,,,0,0
https://openalex.org/W3036067411,W3036067411,10.1038/s41467-020-19816-4,Interplay between spin proximity effect and charge-dependent exciton dynamics in MoSe2/CrBr3 van der Waals heterostructures,2020,98,2D Materials and Applications,2,Materials / Applications,2.0,Materials / Applications,,0,0
https://openalex.org/W3094928526,W3094928526,10.1155/2020/8855321,Design and Synthesis of Nanostructured Materials for Sensor Applications,2020,97,Carbon Nanotubes in Composites,0,Graphene / Applications,1.0,Graphene / Applications,,0,0
https://openalex.org/W3112991348,W3112991348,10.1007/s00216-020-03068-8,Recent advances in 2D hexagonal boron nitride (2D-hBN) applied as the basis of electrochemical sensing platforms,2020,97,Graphene research and applications,13,Graphene / Applications,,,,0,0
https://openalex.org/W2993999620,W2993999620,10.1038/s41467-020-15683-1,Semiconductor to metal transition in two-dimensional gold and its van der Waals heterostack with graphene,2020,96,Graphene research and applications,31,Tellurium / Semiconductor,0.0,Tellurium / Semiconductor,,0,0
https://openalex.org/W3023395677,W3023395677,10.1038/s41467-020-16069-z,Twist-tailoring Coulomb correlations in van der Waals homobilayers,2020,96,2D Materials and Applications,16,Graphene / Applications,3.0,Graphene / Applications,,0,0
https://openalex.org/W3026165552,W3026165552,10.1021/acsnano.0c02496,Proton and Li-Ion Permeation through Graphene with Eight-Atom-Ring Defects,2020,96,Advancements in Battery Materials,1,Graphene / Materials,,,,0,0
https://openalex.org/W2996900025,W2996900025,10.1038/s41467-019-13672-7,Ultrafast charge ordering by self-amplified exciton–phonon dynamics in TiSe2,2020,93,2D Materials and Applications,5,Superconductivity / Sub,,,,0,0
https://openalex.org/W3008019330,W3008019330,10.18494/sam.2020.2492,Graphene-based Materials in Gas Sensor Applications: A Review,2020,93,Gas Sensing Nanomaterials and Sensors,0,Graphene / Applications,1.0,Graphene / Applications,,0,0
https://openalex.org/W3088443125,W3088443125,10.1038/s41467-020-18521-6,Probing magnetism in atomically thin semiconducting PtSe2,2020,93,2D Materials and Applications,2,Materials / Applications,2.0,Materials / Applications,,0,0
https://openalex.org/W3089196870,W3089196870,10.1038/s41467-020-18655-7,Orthogonal colloidal quantum dot inks enable efficient multilayer optoelectronic devices,2020,93,Quantum Dots Synthesis And Properties,28,Applications / Materials,,,,0,0
https://openalex.org/W3098387324,W3098387324,10.1038/s41378-020-00212-3,Sensitive capacitive pressure sensors based on graphene membrane arrays,2020,93,Graphene research and applications,1,Graphene / Materials,,,,0,0
https://openalex.org/W2981166336,W2981166336,10.1038/s41467-020-17481-1,Gate-tunable spin-galvanic effect in graphene-topological insulator van der Waals heterostructures at room temperature,2020,92,Topological Materials and Phenomena,2,Materials / Applications,2.0,Materials / Applications,,0,0
https://openalex.org/W3091268898,W3091268898,10.1039/d0ra07160a,"Anisotropic quasi-one-dimensional layered transition-metal trichalcogenides: synthesis, properties and applications",2020,92,2D Materials and Applications,9,Applications / Materials,7.0,Applications / Materials,,0,0
https://openalex.org/W3106852064,W3106852064,,Directly visualizing the momentum-forbidden dark excitons and their dynamics in atomically thin semiconductors,2020,92,2D Materials and Applications,30,Materials / Applications,4.0,Materials / Applications,,0,0
https://openalex.org/W3000608294,W3000608294,10.1002/adom.201901473,Strong Light–Matter Interactions Enabled by Polaritons in Atomically Thin Materials,2020,91,Strong Light-Matter Interactions,4,Graphene / Applications,,,,0,0
https://openalex.org/W3048781796,W3048781796,10.1016/j.actbio.2020.08.010,Unique cellular network formation guided by heterostructures based on reduced graphene oxide - Ti3C2Tx MXene hydrogels,2020,91,MXene and MAX Phase Materials,7,Materials / Supercapacitor,5.0,Materials / Supercapacitor,,0,0
https://openalex.org/W2978841331,W2978841331,10.1038/s41467-020-17320-3,Distinct magneto-Raman signatures of spin-flip phase transitions in CrI3,2020,90,2D Materials and Applications,2,Materials / Applications,2.0,Materials / Applications,,0,0
https://openalex.org/W2994645763,W2994645763,10.1103/physrevb.101.195417,Theory of exciton-electron scattering in atomically thin semiconductors,2020,90,2D Materials and Applications,30,Materials / Applications,4.0,Materials / Applications,,0,0
https://openalex.org/W3112309629,W3112309629,10.1515/nanoph-2020-0547,Silicon–germanium receivers for short‐wave‐infrared optoelectronics and communications,2020,90,Photonic and Optical Devices,8,Materials / Applications,6.0,Materials / Applications,,0,0
https://openalex.org/W3047078789,W3047078789,10.1016/j.mtphys.2020.100257,The processing and analysis of graphene and the strength enhancement effect of graphene-based filler materials: A review,2020,89,Graphene research and applications,0,Graphene / Applications,1.0,Graphene / Applications,,0,0
https://openalex.org/W3099380578,W3099380578,10.1038/s41377-020-00419-z,Electrically controllable laser frequency combs in graphene-fibre microresonators,2020,89,Advanced Fiber Laser Technologies,14,Materials / Optical,,,,0,0
https://openalex.org/W3007496161,W3007496161,10.1002/aisy.201900167,Recent Progress in Synaptic Devices Based on 2D Materials,2020,88,Advanced Memory and Neural Computing,22,Materials / Applications,,,,0,0
https://openalex.org/W3037481316,W3037481316,10.1038/s41467-020-16942-x,Large magnetoelectric coupling in multiferroic oxide heterostructures assembled via epitaxial lift-off,2020,88,Multiferroics and related materials,23,Graphene / Van Der,,,,0,0
https://openalex.org/W3006805055,W3006805055,10.1021/acs.nanolett.9b05086,Indirect Excitons and Trions in MoSe<sub>2</sub>/WSe<sub>2</sub> van der Waals Heterostructures,2020,87,2D Materials and Applications,30,Materials / Applications,4.0,Materials / Applications,,0,0
https://openalex.org/W3036128064,W3036128064,10.3390/s20123563,Graphene Plasmonics in Sensor Applications: A Review,2020,86,Plasmonic and Surface Plasmon Research,4,Graphene / Applications,,,,0,0
https://openalex.org/W2965833440,W2965833440,10.1103/physrevresearch.2.023325,Disorder in twisted bilayer graphene,2020,85,Graphene research and applications,16,Graphene / Applications,3.0,Graphene / Applications,,0,0
https://openalex.org/W2999442122,W2999442122,10.1002/inf2.12073,Advanced low‐dimensional carbon materials for flexible devices,2020,84,Supercapacitor Materials and Fabrication,8,Materials / Applications,6.0,Materials / Applications,,0,0
https://openalex.org/W3004949385,W3004949385,10.1021/acs.nanolett.9b04645,Ultrasensitive Plasmon-Free Surface-Enhanced Raman Spectroscopy with Femtomolar Detection Limit from 2D van der Waals Heterostructure,2020,84,Gold and Silver Nanoparticles Synthesis and Applications,6,Sub / Materials,,,,0,0
https://openalex.org/W3013460909,W3013460909,10.1021/acsnano.0c00103,Reconfigurable 2D/0D p–n Graphene/HgTe Nanocrystal Heterostructure for Infrared Detection,2020,84,Graphene research and applications,26,Graphene / Materials,,,,0,0
https://openalex.org/W3038634044,W3038634044,10.1038/s41567-020-0953-2,Tunable strain soliton networks confine electrons in van der Waals materials,2020,84,Diamond and Carbon-based Materials Research,16,Graphene / Applications,3.0,Graphene / Applications,,0,0
https://openalex.org/W3043417535,W3043417535,10.1038/s41565-020-0685-6,Odd- and even-denominator fractional quantum Hall states in monolayer WSe2,2020,84,2D Materials and Applications,16,Graphene / Applications,3.0,Graphene / Applications,,0,0
https://openalex.org/W3049073148,W3049073148,10.1149/1945-7111/abaf29,Review—Towards the Two-Dimensional Hexagonal Boron Nitride (2D h-BN) Electrochemical Sensing Platforms,2020,83,Graphene research and applications,13,Graphene / Applications,,,,0,0
https://openalex.org/W3008951156,W3008951156,10.1038/s41467-020-14826-8,Universal slow plasmons and giant field enhancement in atomically thin quasi-two-dimensional metals,2020,82,Plasmonic and Surface Plasmon Research,4,Graphene / Applications,,,,0,0
https://openalex.org/W2999915048,W2999915048,10.1038/s41699-019-0135-1,Liquid exfoliation of electronic grade ultrathin tin(II) sulfide (SnS) with intriguing optical response,2020,81,2D Materials and Applications,9,Applications / Materials,7.0,Applications / Materials,,0,0
https://openalex.org/W3009112473,W3009112473,10.1515/nanoph-2019-0543,2D photonic memristor beyond graphene: progress and prospects,2020,81,Advanced Memory and Neural Computing,22,Materials / Applications,,,,0,0
https://openalex.org/W3028492685,W3028492685,10.1021/acs.jpcc.0c04000,Substrate-Dependent Exciton Diffusion and Annihilation in Chemically Treated MoS<sub>2</sub> and WS<sub>2</sub>,2020,81,2D Materials and Applications,30,Materials / Applications,4.0,Materials / Applications,,0,0
https://openalex.org/W3080865650,W3080865650,10.1002/adfm.202001688,Laser‐Assisted Multilevel Non‐Volatile Memory Device Based on 2D van‐der‐Waals Few‐Layer‐ReS<sub>2</sub>/h‐BN/Graphene Heterostructures,2020,81,2D Materials and Applications,22,Materials / Applications,,,,0,0
https://openalex.org/W3007555669,W3007555669,10.1038/s41467-020-18019-1,Exciton g-factors in monolayer and bilayer WSe2 from experiment and theory,2020,80,2D Materials and Applications,30,Materials / Applications,4.0,Materials / Applications,,0,0
https://openalex.org/W3043942841,W3043942841,10.1038/s41467-020-17766-5,Ultrafast photoinduced band splitting and carrier dynamics in chiral tellurium nanosheets,2020,80,2D Materials and Applications,31,Tellurium / Semiconductor,0.0,Tellurium / Semiconductor,,0,0
https://openalex.org/W3045110190,W3045110190,10.1039/d0na00501k,The highly-efficient light-emitting diodes based on transition metal dichalcogenides: from architecture to performance,2020,80,2D Materials and Applications,30,Materials / Applications,4.0,Materials / Applications,,0,0
https://openalex.org/W3114090403,W3114090403,10.3390/jcs5010004,"Synthesis, Characterization, and Photocatalytic Performance of ZnO–Graphene Nanocomposites: A Review",2020,80,Advanced Photocatalysis Techniques,0,Graphene / Applications,1.0,Graphene / Applications,,0,0
https://openalex.org/W2999628341,W2999628341,10.1007/s12274-020-2640-0,Temperature- and thickness-dependence of robust out-of-plane ferroelectricity in CVD grown ultrathin van der Waals α-In2Se3 layers,2020,79,2D Materials and Applications,12,Materials / Sub,,,,0,0
https://openalex.org/W3009860928,W3009860928,10.1063/1.5142601,Metal–organic chemical vapor deposition of 2D van der Waals materials—The challenges and the extensive future opportunities,2020,79,2D Materials and Applications,21,Sub / Materials,,,,0,0
https://openalex.org/W3004191183,W3004191183,10.1038/s41598-020-62431-y,"Interlayer excitons in van der Waals heterostructures: Binding energy, Stark shift, and field-induced dissociation",2020,78,2D Materials and Applications,30,Materials / Applications,4.0,Materials / Applications,,0,0
https://openalex.org/W3047141412,W3047141412,10.1038/s41598-020-70038-6,High-mobility junction field-effect transistor via graphene/MoS2 heterointerface,2020,78,Graphene research and applications,29,Materials / Applications,,,,0,0
https://openalex.org/W3110395004,W3110395004,10.1038/s41377-020-00430-4,Modulation of photocarrier relaxation dynamics in two-dimensional semiconductors,2020,78,2D Materials and Applications,30,Materials / Applications,4.0,Materials / Applications,,0,0
https://openalex.org/W3023260991,W3023260991,10.1515/nanoph-2020-0074,2D materials integrated with metallic nanostructures: fundamentals and optoelectronic applications,2020,77,2D Materials and Applications,4,Graphene / Applications,,,,0,0
https://openalex.org/W3033789055,W3033789055,10.3390/nano10061124,Synthesis of Novel 1T/2H-MoS2 from MoO3 Nanowires with Enhanced Photocatalytic Performance,2020,77,Advanced Photocatalysis Techniques,3,Sub / Applications,,,,0,0
https://openalex.org/W3043414530,W3043414530,10.1021/acs.nanolett.0c01722,Manipulating Charge and Energy Transfer between 2D Atomic Layers via Heterostructure Engineering,2020,77,2D Materials and Applications,15,Applications / Materials,,,,0,0
https://openalex.org/W3015002022,W3015002022,10.1515/nanoph-2019-0574,Tunable electronic structure of two‐dimensional transition metal chalcogenides for optoelectronic applications,2020,76,2D Materials and Applications,6,Sub / Materials,,,,0,0
https://openalex.org/W3087577079,W3087577079,10.1039/d0nr05287f,Recent advancement in biomedical applications on the surface of two-dimensional materials: from biosensing to tissue engineering,2020,76,Graphene and Nanomaterials Applications,10,Sub / Gas,,,,0,0
https://openalex.org/W3000832342,W3000832342,10.1103/physrevresearch.2.042044,Signatures of a degenerate many-body state of interlayer excitons in a van der Waals heterostack,2020,75,2D Materials and Applications,30,Materials / Applications,4.0,Materials / Applications,,0,0
https://openalex.org/W3004982607,W3004982607,10.1021/acsami.9b19191,Bubble-Free Transfer Technique for High-Quality Graphene/Hexagonal Boron Nitride van der Waals Heterostructures,2020,75,Graphene research and applications,26,Graphene / Materials,,,,0,0
https://openalex.org/W3081017623,W3081017623,10.1038/s41467-020-18109-0,In situ nanoscale imaging of moiré superlattices in twisted van der Waals heterostructures,2020,75,2D Materials and Applications,16,Graphene / Applications,3.0,Graphene / Applications,,0,0
https://openalex.org/W3084407850,W3084407850,10.1016/j.matt.2020.08.018,Tunable Second Harmonic Generation in Twisted Bilayer Graphene,2020,75,Advanced Fiber Laser Technologies,16,Graphene / Applications,3.0,Graphene / Applications,,0,0
https://openalex.org/W3106093951,W3106093951,10.3390/nano10112263,Nonlinear Optical Characterization of 2D Materials,2020,75,2D Materials and Applications,14,Materials / Optical,,,,0,0
https://openalex.org/W3131843789,W3131843789,10.1039/d0ma00807a,"Nanomaterials: a review of synthesis methods, properties, recent progress, and challenges",2021,3107,Graphene research and applications,7,Materials / Supercapacitor,5.0,Materials / Supercapacitor,,0,0
https://openalex.org/W3165092132,W3165092132,10.1038/s41928-021-00586-w,Unipolar barrier photodetectors based on van der Waals heterostructures,2021,579,2D Materials and Applications,8,Materials / Applications,6.0,Materials / Applications,,0,0
https://openalex.org/W3184227177,W3184227177,10.1038/s41586-021-04002-3,Fractional Chern insulators in magic-angle twisted bilayer graphene,2021,533,Quantum and electron transport phenomena,16,Graphene / Applications,3.0,Graphene / Applications,,0,0
https://openalex.org/W3135297612,W3135297612,10.1002/inf2.12177,"Strain engineering of <scp>two‐dimensional</scp> materials: Methods, properties, and applications",2021,469,2D Materials and Applications,30,Materials / Applications,4.0,Materials / Applications,,0,0
https://openalex.org/W3207283791,W3207283791,10.3866/pku.whxb202108017,Recent Progress on Two-Dimensional Materials,2021,459,MXene and MAX Phase Materials,2,Materials / Applications,2.0,Materials / Applications,,0,0
https://openalex.org/W3152478894,W3152478894,10.3390/polym13071047,"Fabrication, Functionalization, and Application of Carbon Nanotube-Reinforced Polymer Composite: An Overview",2021,458,Carbon Nanotubes in Composites,0,Graphene / Applications,1.0,Graphene / Applications,,0,0
https://openalex.org/W3167157037,W3167157037,10.1038/s41377-021-00551-4,Silicon/2D-material photodetectors: from near-infrared to mid-infrared,2021,449,Photonic and Optical Devices,8,Materials / Applications,6.0,Materials / Applications,,0,0
https://openalex.org/W3154385797,W3154385797,10.1038/s41467-021-22324-8,"Intercalated architecture of MA2Z4 family layered van der Waals materials with emerging topological, magnetic and superconducting properties",2021,447,2D Materials and Applications,2,Materials / Applications,2.0,Materials / Applications,,0,0
https://openalex.org/W3174385126,W3174385126,10.1038/s41467-021-22047-w,A flexible ultrasensitive optoelectronic sensor array for neuromorphic vision systems,2021,434,Advanced Memory and Neural Computing,22,Materials / Applications,,,,0,0
https://openalex.org/W3139814654,W3139814654,10.1038/s41377-021-00500-1,"Interlayer exciton formation, relaxation, and transport in TMD van der Waals heterostructures",2021,426,2D Materials and Applications,16,Graphene / Applications,3.0,Graphene / Applications,,0,0
https://openalex.org/W3136985514,W3136985514,10.1038/s41467-021-23127-7,Multifunctional antiferromagnetic materials with giant piezomagnetism and noncollinear spin current,2021,413,2D Materials and Applications,2,Materials / Applications,2.0,Materials / Applications,,0,0
https://openalex.org/W3158389949,W3158389949,10.1038/s41467-021-22777-x,Room-temperature intrinsic ferromagnetism in epitaxial CrTe2 ultrathin films,2021,400,2D Materials and Applications,2,Materials / Applications,2.0,Materials / Applications,,0,0
https://openalex.org/W3202405750,W3202405750,10.1038/s42254-021-00370-x,Graphene nanoribbons for quantum electronics,2021,348,Graphene research and applications,0,Graphene / Applications,1.0,Graphene / Applications,,0,0
https://openalex.org/W3144049878,W3144049878,10.3390/cryst11040355,"A Review on MoS2 Properties, Synthesis, Sensing Applications and Challenges",2021,331,2D Materials and Applications,22,Materials / Applications,,,,0,0
https://openalex.org/W3202213959,W3202213959,10.1038/s41586-021-03867-8,Extremely anisotropic van der Waals thermal conductors,2021,318,Thermal properties of materials,15,Applications / Materials,,,,0,0
https://openalex.org/W3205045304,W3205045304,10.1038/s41467-021-26219-6,"Van Der Waals gap-rich BiOCl atomic layers realizing efficient, pure-water CO2-to-CO photocatalysis",2021,317,Advanced Photocatalysis Techniques,19,Materials / Applications,,,,0,0
https://openalex.org/W3216588615,W3216588615,10.1073/pnas.2115703118,Sliding ferroelectricity in 2D van der Waals materials: Related physics and future opportunities,2021,317,2D Materials and Applications,12,Materials / Sub,,,,0,0
https://openalex.org/W3030798682,W3030798682,10.1038/s41467-021-21139-x,Giant optical anisotropy in transition metal dichalcogenides for next-generation photonics,2021,308,2D Materials and Applications,4,Graphene / Applications,,,,0,0
https://openalex.org/W3163639760,W3163639760,10.1038/s41699-021-00231-2,2D boron nitride nanosheets for polymer composite materials,2021,308,Graphene research and applications,13,Graphene / Applications,,,,0,0
https://openalex.org/W3190450040,W3190450040,10.1038/s41467-021-25068-7,Vacancy-defect modulated pathway of photoreduction of CO2 on single atomically thin AgInP2S6 sheets into olefiant gas,2021,305,Advanced Photocatalysis Techniques,12,Materials / Sub,,,,0,0
https://openalex.org/W3120888287,W3120888287,10.1038/s41467-020-20667-2,Charge-polarized interfacial superlattices in marginally twisted hexagonal boron nitride,2021,302,Graphene research and applications,16,Graphene / Applications,3.0,Graphene / Applications,,0,0
https://openalex.org/W3214469035,W3214469035,10.1038/s42254-021-00388-1,Light-induced emergent phenomena in 2D materials and topological materials,2021,289,Topological Materials and Phenomena,16,Graphene / Applications,3.0,Graphene / Applications,,0,0
https://openalex.org/W3154219132,W3154219132,10.1038/s41467-021-26200-3,Enhanced bulk photovoltaic effect in two-dimensional ferroelectric CuInP2S6,2021,285,2D Materials and Applications,12,Materials / Sub,,,,0,0
https://openalex.org/W3168281307,W3168281307,10.1016/j.nanoms.2021.05.002,Recent advances in graphene and other 2D materials,2021,279,2D Materials and Applications,16,Graphene / Applications,3.0,Graphene / Applications,,0,0
https://openalex.org/W3199126210,W3199126210,10.1038/s41598-021-98261-9,"A first principles investigation on the structural, mechanical, electronic, and catalytic properties of biphenylene",2021,262,Graphene research and applications,1,Graphene / Materials,,,,0,0
https://openalex.org/W3135716140,W3135716140,10.1038/s41699-021-00211-6,"Intercalation as a versatile tool for fabrication, property tuning, and phase transitions in 2D materials",2021,258,2D Materials and Applications,7,Materials / Supercapacitor,5.0,Materials / Supercapacitor,,0,0
https://openalex.org/W3132838477,W3132838477,10.1038/s41467-021-21320-2,Van der Waals engineering of ferroelectric heterostructures for long-retention memory,2021,248,Ferroelectric and Negative Capacitance Devices,12,Materials / Sub,,,,0,0
https://openalex.org/W3111360873,W3111360873,10.1038/s41467-021-24102-y,The role of chalcogen vacancies for atomic defect emission in MoS2,2021,243,2D Materials and Applications,21,Sub / Materials,,,,0,0
https://openalex.org/W3195098925,W3195098925,10.1038/s41467-021-25426-5,Controllable CO2 electrocatalytic reduction via ferroelectric switching on single atom anchored In2Se3 monolayer,2021,237,CO2 Reduction Techniques and Catalysts,12,Materials / Sub,,,,0,0
https://openalex.org/W3195171726,W3195171726,10.1038/s41467-021-25381-1,WS2 moire superlattices derived from mechanical flexibility for hydrogen evolution reaction,2021,233,Electrocatalysts for Energy Conversion,16,Graphene / Applications,3.0,Graphene / Applications,,0,0
https://openalex.org/W3043229950,W3043229950,10.1038/s41566-021-00791-1,Multispectral graphene-based electro-optical surfaces with reversible tunability from visible to microwave wavelengths,2021,230,Metamaterials and Metasurfaces Applications,0,Graphene / Applications,1.0,Graphene / Applications,,0,0
https://openalex.org/W3134958305,W3134958305,10.1038/s41467-021-21861-6,Near-ideal van der Waals rectifiers based on all-two-dimensional Schottky junctions,2021,225,2D Materials and Applications,29,Materials / Applications,,,,0,0
https://openalex.org/W3119942803,W3119942803,10.1007/s40820-020-00558-3,Strategy and Future Prospects to Develop Room-Temperature-Recoverable NO2 Gas Sensor Based on Two-Dimensional Molybdenum Disulfide,2021,224,2D Materials and Applications,10,Sub / Gas,,,,0,0
https://openalex.org/W3194327272,W3194327272,10.3390/ma14164590,Estimation of Number of Graphene Layers Using Different Methods: A Focused Review,2021,220,Graphene research and applications,0,Graphene / Applications,1.0,Graphene / Applications,,0,0
https://openalex.org/W3091998170,W3091998170,10.1063/5.0033241,Two-dimensional van der Waals electrical contact to monolayer MoSi2N4,2021,215,2D Materials and Applications,29,Materials / Applications,,,,0,0
https://openalex.org/W3043520778,W3043520778,10.1038/s41563-021-00923-6,Imaging moiré flat bands in three-dimensional reconstructed WSe2/WS2 superlattices,2021,213,2D Materials and Applications,16,Graphene / Applications,3.0,Graphene / Applications,,0,0
https://openalex.org/W3091920321,W3091920321,10.1038/s41586-021-03560-w,Bilayer Wigner crystals in a transition metal dichalcogenide heterostructure,2021,210,2D Materials and Applications,16,Graphene / Applications,3.0,Graphene / Applications,,0,0
https://openalex.org/W3081676008,W3081676008,10.1038/s41467-021-21136-0,Large-area integration of two-dimensional materials and their heterostructures by wafer bonding,2021,208,Graphene research and applications,26,Graphene / Materials,,,,0,0
https://openalex.org/W3152764704,W3152764704,10.1039/d0cs01541e,Atomically precise graphene nanoribbons: interplay of structural and electronic properties,2021,208,Graphene research and applications,0,Graphene / Applications,1.0,Graphene / Applications,,0,0
https://openalex.org/W3118591198,W3118591198,10.1016/j.jpowsour.2020.229444,An extensive review on three dimension architectural Metal-Organic Frameworks towards supercapacitor application,2021,206,Metal-Organic Frameworks: Synthesis and Applications,7,Materials / Supercapacitor,5.0,Materials / Supercapacitor,,0,0
https://openalex.org/W3192979761,W3192979761,10.1038/s41699-021-00251-y,Efficient Ohmic contacts and built-in atomic sublayer protection in MoSi2N4 and WSi2N4 monolayers,2021,198,2D Materials and Applications,29,Materials / Applications,,,,0,0
https://openalex.org/W3197798650,W3197798650,10.1039/d1cs00106j,Solution-processed two-dimensional materials for next-generation photovoltaics,2021,196,2D Materials and Applications,28,Applications / Materials,,,,0,0
https://openalex.org/W3037493099,W3037493099,10.1103/physrevb.103.104410,Néel-type skyrmions and their current-induced motion in van der Waals ferromagnet-based heterostructures,2021,195,2D Materials and Applications,2,Materials / Applications,2.0,Materials / Applications,,0,0
https://openalex.org/W3164857517,W3164857517,10.1007/s40820-021-00642-2,Recent Developments of Transition Metal Compounds-Carbon Hybrid Electrodes for High Energy/Power Supercapacitors,2021,194,Supercapacitor Materials and Fabrication,7,Materials / Supercapacitor,5.0,Materials / Supercapacitor,,0,0
https://openalex.org/W3198231397,W3198231397,10.1007/s40097-021-00444-3,Graphene and its derivatives: understanding the main chemical and medicinal chemistry roles for biomedical applications,2021,192,Graphene and Nanomaterials Applications,0,Graphene / Applications,1.0,Graphene / Applications,,0,0
https://openalex.org/W3120551159,W3120551159,10.3390/nano11010091,Carbon-Based Quantum Dots for Supercapacitors: Recent Advances and Future Challenges,2021,191,Supercapacitor Materials and Fabrication,7,Materials / Supercapacitor,5.0,Materials / Supercapacitor,,0,0
https://openalex.org/W3153588311,W3153588311,10.3390/s21082758,MoS2 Based Photodetectors: A Review,2021,188,2D Materials and Applications,8,Materials / Applications,6.0,Materials / Applications,,0,0
https://openalex.org/W3130060369,W3130060369,10.1038/s42005-021-00518-2,Universal mobility characteristics of graphene originating from charge scattering by ionised impurities,2021,178,Graphene research and applications,4,Graphene / Applications,,,,0,0
https://openalex.org/W3164152299,W3164152299,10.3390/ma14112942,Application of Ionic Liquids for Batteries and Supercapacitors,2021,178,Supercapacitor Materials and Fabrication,7,Materials / Supercapacitor,5.0,Materials / Supercapacitor,,0,0
https://openalex.org/W3161970358,W3161970358,10.1007/s40820-021-00623-5,Strongly Coupled 2D Transition Metal Chalcogenide-MXene-Carbonaceous Nanoribbon Heterostructures with Ultrafast Ion Transport for Boosting Sodium/Potassium Ions Storage,2021,173,MXene and MAX Phase Materials,7,Materials / Supercapacitor,5.0,Materials / Supercapacitor,,0,0
https://openalex.org/W3128334655,W3128334655,10.1038/s41467-021-24296-1,Ferroelectric-tuned van der Waals heterojunction with band alignment evolution,2021,171,2D Materials and Applications,8,Materials / Applications,6.0,Materials / Applications,,0,0
https://openalex.org/W3167167096,W3167167096,10.1093/nsr/nwab098,High-performance polarization-sensitive photodetectors on two-dimensional <i>β</i>-InSe,2021,169,2D Materials and Applications,9,Applications / Materials,7.0,Applications / Materials,,0,0
https://openalex.org/W3155346726,W3155346726,10.1038/s41467-021-22533-1,Hetero-site nucleation for growing twisted bilayer graphene with a wide range of twist angles,2021,165,Graphene research and applications,16,Graphene / Applications,3.0,Graphene / Applications,,0,0
https://openalex.org/W3212534498,W3212534498,10.1021/acsaelm.1c00720,A Comprehensive Review on Recent Advances in Two-Dimensional (2D) Hexagonal Boron Nitride,2021,165,Graphene research and applications,13,Graphene / Applications,,,,0,0
https://openalex.org/W3170157348,W3170157348,10.1038/s41467-021-23711-x,Highly sensitive active pixel image sensor array driven by large-area bilayer MoS2 transistor circuitry,2021,163,2D Materials and Applications,22,Materials / Applications,,,,0,0
https://openalex.org/W3157757218,W3157757218,10.1039/d0nr09166a,Hot carriers in graphene – fundamentals and applications,2021,161,Graphene research and applications,4,Graphene / Applications,,,,0,0
https://openalex.org/W3158204226,W3158204226,10.1002/aenm.202100499,"The Role of Dimensionality on the Optoelectronic Properties of Oxide and Halide Perovskites, and their Halide Derivatives",2021,161,Perovskite Materials and Applications,28,Applications / Materials,,,,0,0
https://openalex.org/W3134394757,W3134394757,10.1002/eem2.12184,2D/2D Heterostructures: Rational Design for Advanced Batteries and Electrocatalysis,2021,159,2D Materials and Applications,7,Materials / Supercapacitor,5.0,Materials / Supercapacitor,,0,0
https://openalex.org/W3173889280,W3173889280,10.1038/s41467-021-23564-4,Nanophotonic biosensors harnessing van der Waals materials,2021,158,Plasmonic and Surface Plasmon Research,4,Graphene / Applications,,,,0,0
https://openalex.org/W3095681624,W3095681624,10.1021/acs.nanolett.0c05117,Intertwined Topological and Magnetic Orders in Atomically Thin Chern Insulator MnBi<sub>2</sub>Te<sub>4</sub>,2021,157,Topological Materials and Phenomena,16,Graphene / Applications,3.0,Graphene / Applications,,0,0
https://openalex.org/W3084000455,W3084000455,10.1103/revmodphys.93.011001,<i>Colloquium</i>: Physical properties of group-IV monochalcogenide monolayers,2021,156,2D Materials and Applications,12,Materials / Sub,,,,0,0
https://openalex.org/W3209193273,W3209193273,10.1039/d1ee03211a,Carbon dioxide and nitrogen reduction reactions using 2D transition metal dichalcogenide (TMDC) and carbide/nitride (MXene) catalysts,2021,154,Advanced Photocatalysis Techniques,7,Materials / Supercapacitor,5.0,Materials / Supercapacitor,,0,0
https://openalex.org/W3169909277,W3169909277,10.1063/5.0037852,"Strain-tuning of the electronic, optical, and vibrational properties of two-dimensional crystals",2021,147,2D Materials and Applications,30,Materials / Applications,4.0,Materials / Applications,,0,0
https://openalex.org/W3120959053,W3120959053,10.1021/acsphotonics.0c01224,Quantum Nanophotonics in Two-Dimensional Materials,2021,146,Plasmonic and Surface Plasmon Research,4,Graphene / Applications,,,,0,0
https://openalex.org/W3147892047,W3147892047,10.1038/s41467-021-22316-8,Giant gauge factor of Van der Waals material based strain sensors,2021,145,Advanced Sensor and Energy Harvesting Materials,12,Materials / Sub,,,,0,0
https://openalex.org/W3126538784,W3126538784,10.1016/j.ensm.2021.02.002,"Wearable technologies enable high-performance textile supercapacitors with flexible, breathable and wearable characteristics for future energy storage",2021,141,Supercapacitor Materials and Fabrication,7,Materials / Supercapacitor,5.0,Materials / Supercapacitor,,0,0
https://openalex.org/W3114281746,W3114281746,10.1103/physrevlett.127.027601,Strain-Induced Quantum Phase Transitions in Magic-Angle Graphene,2021,140,Graphene research and applications,16,Graphene / Applications,3.0,Graphene / Applications,,0,0
https://openalex.org/W3184792146,W3184792146,10.1038/s41598-021-94129-0,One-pot synthesis of S-scheme MoS2/g-C3N4 heterojunction as effective visible light photocatalyst,2021,137,Advanced Photocatalysis Techniques,19,Materials / Applications,,,,0,0
https://openalex.org/W3151474055,W3151474055,10.1038/s41467-021-25688-z,Topological phase transition in chiral graphene nanoribbons: from edge bands to end states,2021,136,Topological Materials and Phenomena,2,Materials / Applications,2.0,Materials / Applications,,0,0
https://openalex.org/W4200213010,W4200213010,10.1038/s41928-021-00685-8,Healing of donor defect states in monolayer molybdenum disulfide using oxygen-incorporated chemical vapour deposition,2021,136,2D Materials and Applications,21,Sub / Materials,,,,0,0
https://openalex.org/W3199424856,W3199424856,10.3389/fchem.2021.752276,"Synthesis, Characterization, and Photocatalytic Activities of Graphene Oxide/metal Oxides Nanocomposites: A Review",2021,134,Advanced Photocatalysis Techniques,0,Graphene / Applications,1.0,Graphene / Applications,,0,0
https://openalex.org/W3147182526,W3147182526,10.1021/acs.nanolett.1c01162,Ultralow Threshold Polariton Condensate in a Monolayer Semiconductor Microcavity at Room Temperature,2021,130,Strong Light-Matter Interactions,30,Materials / Applications,4.0,Materials / Applications,,0,0
https://openalex.org/W3196487305,W3196487305,10.1038/s41377-021-00619-1,MXene-GaN van der Waals metal-semiconductor junctions for high performance multiple quantum well photodetectors,2021,130,MXene and MAX Phase Materials,7,Materials / Supercapacitor,5.0,Materials / Supercapacitor,,0,0
https://openalex.org/W3188541551,W3188541551,10.1002/inf2.12230,Band‐tailored van der Waals heterostructure for multilevel memory and artificial synapse,2021,129,Advanced Memory and Neural Computing,22,Materials / Applications,,,,0,0
https://openalex.org/W3156395288,W3156395288,10.1038/s41377-021-00520-x,Silica optical fiber integrated with two-dimensional materials: towards opto-electro-mechanical technology,2021,128,Photonic and Optical Devices,14,Materials / Optical,,,,0,0
https://openalex.org/W3036500810,W3036500810,10.1103/physrevb.103.035414,Raman spectrum of Janus transition metal dichalcogenide monolayers WSSe and MoSSe,2021,127,2D Materials and Applications,30,Materials / Applications,4.0,Materials / Applications,,0,0
https://openalex.org/W3171261433,W3171261433,10.1038/s41467-021-23732-6,Strong interaction between interlayer excitons and correlated electrons in WSe2/WS2 moiré superlattice,2021,127,2D Materials and Applications,16,Graphene / Applications,3.0,Graphene / Applications,,0,0
https://openalex.org/W3174929291,W3174929291,10.1038/s41467-021-23278-7,Antipathogenic properties and applications of low-dimensional materials,2021,126,Graphene and Nanomaterials Applications,0,Graphene / Applications,1.0,Graphene / Applications,,0,0
https://openalex.org/W3042269838,W3042269838,10.1038/s41467-021-23436-x,High-responsivity graphene photodetectors integrated on silicon microring resonators,2021,125,Photonic and Optical Devices,8,Materials / Applications,6.0,Materials / Applications,,0,0
https://openalex.org/W3155430887,W3155430887,10.1063/5.0054116,Prospects and challenges of quantum emitters in 2D materials,2021,125,2D Materials and Applications,30,Materials / Applications,4.0,Materials / Applications,,0,0
https://openalex.org/W3132932405,W3132932405,10.1038/s41467-021-26230-x,Wafer-scale functional circuits based on two dimensional semiconductors with fabrication optimized by machine learning,2021,121,2D Materials and Applications,22,Materials / Applications,,,,0,0
https://openalex.org/W3197185514,W3197185514,10.1093/nsr/nwab164,Recent progress in the synthesis of novel two-dimensional van der Waals materials,2021,118,2D Materials and Applications,12,Materials / Sub,,,,0,0
https://openalex.org/W4200325797,W4200325797,10.1002/inf2.12275,Next‐generation machine vision systems incorporating two‐dimensional materials: Progress and perspectives,2021,118,Advanced Memory and Neural Computing,22,Materials / Applications,,,,0,0
https://openalex.org/W3088189848,W3088189848,10.1038/s41467-021-22239-4,Magnetic domains and domain wall pinning in atomically thin CrBr3 revealed by nanoscale imaging,2021,117,2D Materials and Applications,2,Materials / Applications,2.0,Materials / Applications,,0,0
https://openalex.org/W3161818183,W3161818183,10.3390/nano11051240,Graphene/Reduced Graphene Oxide-Carbon Nanotubes Composite Electrodes: From Capacitive to Battery-Type Behaviour,2021,116,Supercapacitor Materials and Fabrication,7,Materials / Supercapacitor,5.0,Materials / Supercapacitor,,0,0
https://openalex.org/W3134323971,W3134323971,10.1038/s41467-021-25924-6,Lattice reconstruction induced multiple ultra-flat bands in twisted bilayer WSe2,2021,115,2D Materials and Applications,16,Graphene / Applications,3.0,Graphene / Applications,,0,0
https://openalex.org/W3153950606,W3153950606,10.1038/s41467-021-22537-x,Enhanced nonlinear interaction of polaritons via excitonic Rydberg states in monolayer WSe2,2021,115,Strong Light-Matter Interactions,30,Materials / Applications,4.0,Materials / Applications,,0,0
https://openalex.org/W3172946124,W3172946124,10.1038/s41535-021-00360-3,Straintronics with van der Waals materials,2021,115,2D Materials and Applications,16,Graphene / Applications,3.0,Graphene / Applications,,0,0
https://openalex.org/W3200249749,W3200249749,10.1038/s41467-021-25922-8,Realization of nearly dispersionless bands with strong orbital anisotropy from destructive interference in twisted bilayer MoS<sub>2</sub>.,2021,115,2D Materials and Applications,16,Graphene / Applications,3.0,Graphene / Applications,,0,0
https://openalex.org/W3130081328,W3130081328,10.1021/acsnano.0c05936,Synthesis of Large-Scale Monolayer 1T′-MoTe<sub>2</sub> and Its Stabilization <i>via</i> Scalable hBN Encapsulation,2021,114,2D Materials and Applications,26,Graphene / Materials,,,,0,0
https://openalex.org/W3171139930,W3171139930,10.1007/s40820-021-00660-0,Applications of 2D-Layered Palladium Diselenide and Its van der Waals Heterostructures in Electronics and Optoelectronics,2021,114,2D Materials and Applications,8,Materials / Applications,6.0,Materials / Applications,,0,0
https://openalex.org/W3177033246,W3177033246,10.1038/s41467-021-24247-w,Tunable room-temperature ferromagnetism in Co-doped two-dimensional van der Waals ZnO,2021,114,2D Materials and Applications,2,Materials / Applications,2.0,Materials / Applications,,0,0
https://openalex.org/W3187725580,W3187725580,10.1007/s12274-021-3745-9,PdSe2/MoSe2 vertical heterojunction for self-powered photodetector with high performance,2021,114,2D Materials and Applications,15,Applications / Materials,,,,0,0
https://openalex.org/W3206013962,W3206013962,10.1021/acsnano.1c06234,Near-Infrared Self-Powered Linearly Polarized Photodetection and Digital Incoherent Holography Using WSe<sub>2</sub>/ReSe<sub>2</sub> van der Waals Heterostructure,2021,110,2D Materials and Applications,9,Applications / Materials,7.0,Applications / Materials,,0,0
https://openalex.org/W3134737818,W3134737818,10.3390/ma14051192,"Structural Defects, Mechanical Behaviors, and Properties of Two-Dimensional Materials",2021,109,MXene and MAX Phase Materials,1,Graphene / Materials,,,,0,0
https://openalex.org/W3155363588,W3155363588,10.1038/s41598-021-87823-6,Highly improved supercapacitance properties of MnFe2O4 nanoparticles by MoS2 nanosheets,2021,107,Supercapacitor Materials and Fabrication,3,Sub / Applications,,,,0,0
https://openalex.org/W3162654587,W3162654587,10.1038/s41566-021-00813-y,Subcycle contact-free nanoscopy of ultrafast interlayer transport in atomically thin heterostructures,2021,107,Semiconductor Quantum Structures and Devices,2,Materials / Applications,2.0,Materials / Applications,,0,0
https://openalex.org/W3184475211,W3184475211,10.1126/science.abi9193,Inhibited nonradiative decay at all exciton densities in monolayer semiconductors,2021,107,Perovskite Materials and Applications,30,Materials / Applications,4.0,Materials / Applications,,0,0
https://openalex.org/W3171207975,W3171207975,10.1038/s41467-021-23882-7,Two-dimensional ferroelasticity in van der Waals β’-In2Se3,2021,106,2D Materials and Applications,12,Materials / Sub,,,,0,0
https://openalex.org/W3204981174,W3204981174,10.1039/d1ma00660f,Recent advances in low-dimensional Janus materials: theoretical and simulation perspectives,2021,106,2D Materials and Applications,19,Materials / Applications,,,,0,0
https://openalex.org/W3112872542,W3112872542,10.1038/s41467-020-20497-2,Properties and dynamics of meron topological spin textures in the two-dimensional magnet CrCl3,2021,103,2D Materials and Applications,2,Materials / Applications,2.0,Materials / Applications,,0,0
https://openalex.org/W3092084189,W3092084189,10.1038/s41467-020-20721-z,Tunnel field-effect transistors for sensitive terahertz detection,2021,101,Graphene research and applications,4,Graphene / Applications,,,,0,0
https://openalex.org/W3200147010,W3200147010,10.1155/2021/5840645,Sustainable Development of Carbon Nanocomposites: Synthesis and Classification for Environmental Remediation,2021,101,Carbon Nanotubes in Composites,0,Graphene / Applications,1.0,Graphene / Applications,,0,0
https://openalex.org/W3174347083,W3174347083,10.1002/wene.414,Performance and future directions of transition metal sulfide‐based electrode materials towards supercapacitor/supercapattery,2021,100,Supercapacitor Materials and Fabrication,7,Materials / Supercapacitor,5.0,Materials / Supercapacitor,,0,0
https://openalex.org/W3186924562,W3186924562,10.1007/s10311-021-01268-x,"MoS2-based nanocomposites: synthesis, structure, and applications in water remediation and energy storage: a review",2021,100,2D Materials and Applications,3,Sub / Applications,,,,0,0
https://openalex.org/W3169325543,W3169325543,10.1016/j.apsusc.2021.150269,Theoretical studies of SiC van der Waals heterostructures as anodes of Li-ion batteries,2021,98,Graphene research and applications,7,Materials / Supercapacitor,5.0,Materials / Supercapacitor,,0,0
https://openalex.org/W3144623076,W3144623076,10.1038/s41467-021-26262-3,Bright single photon emitters with enhanced quantum efficiency in a two-dimensional semiconductor coupled with dielectric nano-antennas,2021,97,2D Materials and Applications,30,Materials / Applications,4.0,Materials / Applications,,0,0
https://openalex.org/W3119305643,W3119305643,10.1021/acsnano.0c06048,Intense Raman D Band without Disorder in Flattened Carbon Nanotubes,2021,95,Carbon Nanotubes in Composites,15,Applications / Materials,,,,0,0
https://openalex.org/W3168409868,W3168409868,10.1002/smm2.1031,Two‐dimensional magnetic transition metal chalcogenides,2021,95,2D Materials and Applications,2,Materials / Applications,2.0,Materials / Applications,,0,0
https://openalex.org/W3173951460,W3173951460,10.1021/acsnano.1c01735,Hybrid System Combining Two-Dimensional Materials and Ferroelectrics and Its Application in Photodetection,2021,95,2D Materials and Applications,12,Materials / Sub,,,,0,0
https://openalex.org/W3048841497,W3048841497,10.1038/s41467-020-20428-1,Moiré metrology of energy landscapes in van der Waals heterostructures,2021,94,2D Materials and Applications,16,Graphene / Applications,3.0,Graphene / Applications,,0,0
https://openalex.org/W3197272998,W3197272998,10.1038/s41377-021-00609-3,There is plenty of room at the top: generation of hot charge carriers and their applications in perovskite and other semiconductor-based optoelectronic devices,2021,94,Perovskite Materials and Applications,4,Graphene / Applications,,,,0,0
https://openalex.org/W3186757480,W3186757480,10.1038/s41467-021-24728-y,Experimental observation of topological Z2 exciton-polaritons in transition metal dichalcogenide monolayers,2021,92,Strong Light-Matter Interactions,30,Materials / Applications,4.0,Materials / Applications,,0,0
https://openalex.org/W3161272936,W3161272936,10.1038/s41467-021-20926-w,2D-3D integration of hexagonal boron nitride and a high-κ dielectric for ultrafast graphene-based electro-absorption modulators,2021,90,Plasmonic and Surface Plasmon Research,4,Graphene / Applications,,,,0,0
https://openalex.org/W4205701261,W4205701261,10.1039/d1na00664a,2-Dimensional layered molybdenum disulfide nanosheets and CTAB-assisted molybdenum disulfide nanoflower for high performance supercapacitor application,2021,90,Supercapacitor Materials and Fabrication,3,Sub / Applications,,,,0,0
https://openalex.org/W3207398571,W3207398571,10.1038/s41467-021-26304-w,Exciton-polaron Rydberg states in monolayer MoSe2 and WSe2,2021,89,2D Materials and Applications,30,Materials / Applications,4.0,Materials / Applications,,0,0
https://openalex.org/W3126318935,W3126318935,10.1038/s41699-020-00191-z,Origins of genuine Ohmic van der Waals contact between indium and MoS2,2021,88,2D Materials and Applications,29,Materials / Applications,,,,0,0
https://openalex.org/W3153423648,W3153423648,10.1021/acs.jpclett.1c00682,Interfacial Electronic Properties and Tunable Contact Types in Graphene/Janus MoGeSiN<sub>4</sub> Heterostructures,2021,88,2D Materials and Applications,19,Materials / Applications,,,,0,0
https://openalex.org/W3122827463,W3122827463,10.1103/physrevb.103.045426,Exciton-exciton interaction in transition metal dichalcogenide monolayers and van der Waals heterostructures,2021,87,2D Materials and Applications,30,Materials / Applications,4.0,Materials / Applications,,0,0
https://openalex.org/W4200087220,W4200087220,10.1038/s41467-021-27425-y,Dark exciton anti-funneling in atomically thin semiconductors,2021,87,2D Materials and Applications,30,Materials / Applications,4.0,Materials / Applications,,0,0
https://openalex.org/W3120817817,W3120817817,,Moiré metrology of energy landscapes in van der Waals heterostructures,2021,85,Graphene research and applications,16,Graphene / Applications,3.0,Graphene / Applications,,0,0
https://openalex.org/W3165638327,W3165638327,10.1038/s41377-021-00553-2,Engineered tunneling layer with enhanced impact ionization for detection improvement in graphene/silicon heterojunction photodetectors,2021,83,Graphene research and applications,8,Materials / Applications,6.0,Materials / Applications,,0,0
https://openalex.org/W3181368456,W3181368456,10.1039/d1ra03425a,Representative 2D-material-based nanocomposites and their emerging applications: a review,2021,83,Graphene research and applications,1,Graphene / Materials,,,,0,0
https://openalex.org/W3185756158,W3185756158,10.1088/1361-6463/ac16a4,"Two-dimensional heterostructures and their device applications: progress, challenges and opportunities—review",2021,83,2D Materials and Applications,22,Materials / Applications,,,,0,0
https://openalex.org/W3194743368,W3194743368,10.3389/fmats.2021.721514,Advance Optical Properties and Emerging Applications of 2D Materials,2021,82,2D Materials and Applications,8,Materials / Applications,6.0,Materials / Applications,,0,0
https://openalex.org/W3078296949,W3078296949,10.1063/5.0025658,"Synthesis, engineering, and theory of 2D van der Waals magnets",2021,81,2D Materials and Applications,2,Materials / Applications,2.0,Materials / Applications,,0,0
https://openalex.org/W3080170657,W3080170657,10.1038/s41467-021-21363-5,Direct imaging and electronic structure modulation of moiré superlattices at the 2D/3D interface,2021,81,2D Materials and Applications,16,Graphene / Applications,3.0,Graphene / Applications,,0,0
https://openalex.org/W3175251878,W3175251878,10.1038/s41467-021-24254-x,Grain-boundary-rich polycrystalline monolayer WS2 film for attomolar-level Hg2+ sensors,2021,81,2D Materials and Applications,21,Sub / Materials,,,,0,0
https://openalex.org/W3166270973,W3166270973,10.1038/s41524-021-00547-z,Diverse electronic and magnetic properties of CrS2 enabling strain-controlled 2D lateral heterostructure spintronic devices,2021,80,2D Materials and Applications,2,Materials / Applications,2.0,Materials / Applications,,0,0
https://openalex.org/W3208969051,W3208969051,10.1126/sciadv.abk1490,Borophenes made easy,2021,80,Boron and Carbon Nanomaterials Research,9,Applications / Materials,7.0,Applications / Materials,,0,0
https://openalex.org/W3042366745,W3042366745,10.1038/s41467-021-21822-z,Moiré excitons in MoSe2-WSe2 heterobilayers and heterotrilayers,2021,79,2D Materials and Applications,16,Graphene / Applications,3.0,Graphene / Applications,,0,0
https://openalex.org/W3135356037,W3135356037,10.1146/annurev-conmatphys-060220-100347,Symmetry Breaking and Nonlinear Electric Transport in van der Waals Nanostructures,2021,79,2D Materials and Applications,16,Graphene / Applications,3.0,Graphene / Applications,,0,0
https://openalex.org/W3160378511,W3160378511,10.1088/2053-1583/ac152c,Dynamics of 2D material membranes,2021,79,2D Materials and Applications,1,Graphene / Materials,,,,0,0
https://openalex.org/W3136111900,W3136111900,10.1038/s41524-021-00513-9,Nanodevices engineering and spin transport properties of MnBi2Te4 monolayer,2021,77,2D Materials and Applications,2,Materials / Applications,2.0,Materials / Applications,,0,0
https://openalex.org/W3185701843,W3185701843,10.1021/acsnano.1c05532,Synthesis and Properties of Monolayer MnSe with Unusual Atomic Structure and Antiferromagnetic Ordering,2021,76,2D Materials and Applications,2,Materials / Applications,2.0,Materials / Applications,,0,0
https://openalex.org/W4220720590,W4220720590,10.1038/s41467-022-29001-4,2D materials for future heterogeneous electronics,2022,548,2D Materials and Applications,22,Materials / Applications,,,,0,0
https://openalex.org/W3196241303,W3196241303,10.1038/s41565-021-01059-z,Interfacial ferroelectricity in rhombohedral-stacked bilayer transition metal dichalcogenides,2022,529,2D Materials and Applications,12,Materials / Sub,,,,0,0
https://openalex.org/W4283268869,W4283268869,10.1002/cey2.219,Carbon nanomaterials and their composites for supercapacitors,2022,513,Supercapacitor Materials and Fabrication,7,Materials / Supercapacitor,5.0,Materials / Supercapacitor,,0,0
https://openalex.org/W4229369310,W4229369310,10.1002/ppsc.202200031,"A Review of the Synthesis, Properties, and Applications of 2D Materials",2022,398,2D Materials and Applications,10,Sub / Gas,,,,0,0
https://openalex.org/W4220765903,W4220765903,10.1038/s41467-022-29182-y,Large-scale synthesis of graphene and other 2D materials towards industrialization,2022,380,Graphene research and applications,0,Graphene / Applications,1.0,Graphene / Applications,,0,0
https://openalex.org/W4225249866,W4225249866,10.1038/s41565-022-01072-w,Interfacial ferroelectricity in marginally twisted 2D semiconductors,2022,361,2D Materials and Applications,12,Materials / Sub,,,,0,0
https://openalex.org/W4206683102,W4206683102,10.1186/s43593-021-00008-6,Hyperbolic metamaterials: fusing artificial structures to natural 2D materials,2022,310,Metamaterials and Metasurfaces Applications,4,Graphene / Applications,,,,0,0
https://openalex.org/W4225408426,W4225408426,10.1038/s41578-022-00440-1,Emerging exciton physics in transition metal dichalcogenide heterobilayers,2022,300,2D Materials and Applications,16,Graphene / Applications,3.0,Graphene / Applications,,0,0
https://openalex.org/W4313480418,W4313480418,10.1039/d2ra07225d,"Recent progress in semiconductor/graphene photocatalysts: synthesis, photocatalytic applications, and challenges",2022,273,Advanced Photocatalysis Techniques,0,Graphene / Applications,1.0,Graphene / Applications,,0,0
https://openalex.org/W4286750327,W4286750327,10.1038/s41467-022-31954-5,Supercurrent diode effect and magnetochiral anisotropy in few-layer NbSe2,2022,268,2D Materials and Applications,14,Materials / Optical,,,,0,0
https://openalex.org/W4291020670,W4291020670,10.1002/adma.202205714,"Recent Progress in Strain Engineering on Van der Waals 2D Materials: Tunable Electrical, Electrochemical, Magnetic, and Optical Properties",2022,263,2D Materials and Applications,30,Materials / Applications,4.0,Materials / Applications,,0,0
https://openalex.org/W4307919020,W4307919020,10.1002/adfm.202208994,2D Transition Metal Dichalcogenides‐Based Electrocatalysts for Hydrogen Evolution Reaction,2022,262,Electrocatalysts for Energy Conversion,3,Sub / Applications,,,,0,0
https://openalex.org/W4311220514,W4311220514,10.1038/s41467-022-35339-6,Sliding induced multiple polarization states in two-dimensional ferroelectrics,2022,243,2D Materials and Applications,12,Materials / Sub,,,,0,0
https://openalex.org/W4281728518,W4281728518,10.1038/s41467-022-30951-y,Ultra-sensitive polarization-resolved black phosphorus homojunction photodetector defined by ferroelectric domains,2022,225,2D Materials and Applications,9,Applications / Materials,7.0,Applications / Materials,,0,0
https://openalex.org/W4281696645,W4281696645,10.1038/s41467-022-30519-w,Wafer-scale solution-processed 2D material analog resistive memory array for memory-based computing,2022,217,Advanced Memory and Neural Computing,22,Materials / Applications,,,,0,0
https://openalex.org/W4224245758,W4224245758,10.1007/s11664-022-09516-8,A Critical Review of the Role of Carbon Nanotubes in the Progress of Next-Generation Electronic Applications,2022,214,Carbon Nanotubes in Composites,0,Graphene / Applications,1.0,Graphene / Applications,,0,0
https://openalex.org/W4289170359,W4289170359,10.1038/s41699-022-00327-3,2D semiconductors for specific electronic applications: from device to system,2022,212,2D Materials and Applications,22,Materials / Applications,,,,0,0
https://openalex.org/W4224981392,W4224981392,10.1038/s41928-022-00753-7,Van der Waals integration of high-κ perovskite oxides and two-dimensional semiconductors,2022,211,2D Materials and Applications,29,Materials / Applications,,,,0,0
https://openalex.org/W4210481318,W4210481318,10.3390/mi13020184,Applications of Graphene-Based Materials in Sensors: A Review,2022,207,Advanced biosensing and bioanalysis techniques,0,Graphene / Applications,1.0,Graphene / Applications,,0,0
https://openalex.org/W4293802293,W4293802293,10.1038/s41578-022-00473-6,Electrostatic gating and intercalation in 2D materials,2022,204,Electronic and Structural Properties of Oxides,2,Materials / Applications,2.0,Materials / Applications,,0,0
https://openalex.org/W4205538048,W4205538048,10.1038/s41377-021-00694-4,Van der Waals two-color infrared photodetector,2022,195,Photonic and Optical Devices,8,Materials / Applications,6.0,Materials / Applications,,0,0
https://openalex.org/W3207036679,W3207036679,10.1038/s42254-021-00403-5,"Magnetism, symmetry and spin transport in van der Waals layered systems",2022,188,2D Materials and Applications,2,Materials / Applications,2.0,Materials / Applications,,0,0
https://openalex.org/W4229000831,W4229000831,10.1038/s41563-022-01245-x,Coupling between magnetic order and charge transport in a two-dimensional magnetic semiconductor,2022,188,2D Materials and Applications,2,Materials / Applications,2.0,Materials / Applications,,0,0
https://openalex.org/W4224296999,W4224296999,10.1007/s43979-022-00002-y,Recent progress of quantum dots for energy storage applications,2022,171,Supercapacitor Materials and Fabrication,7,Materials / Supercapacitor,5.0,Materials / Supercapacitor,,0,0
https://openalex.org/W4281723825,W4281723825,10.1016/j.est.2022.105008,Overview of MXene/conducting polymer composites for supercapacitors,2022,169,MXene and MAX Phase Materials,7,Materials / Supercapacitor,5.0,Materials / Supercapacitor,,0,0
https://openalex.org/W4206355381,W4206355381,10.1038/s41467-021-27834-z,Spin mapping of intralayer antiferromagnetism and field-induced spin reorientation in monolayer CrTe2,2022,162,2D Materials and Applications,2,Materials / Applications,2.0,Materials / Applications,,0,0
https://openalex.org/W4210559744,W4210559744,10.1038/s41467-022-28235-6,Manipulation of current rectification in van der Waals ferroionic CuInP2S6,2022,162,Advanced Memory and Neural Computing,12,Materials / Sub,,,,0,0
https://openalex.org/W4224270376,W4224270376,10.1038/s41377-022-00784-x,Chip-integrated van der Waals PN heterojunction photodetector with low dark current and high responsivity,2022,161,Photonic and Optical Devices,8,Materials / Applications,6.0,Materials / Applications,,0,0
https://openalex.org/W4205967989,W4205967989,10.3390/condmat7010006,Electrode Materials for Supercapacitors in Hybrid Electric Vehicles: Challenges and Current Progress,2022,159,Supercapacitor Materials and Fabrication,7,Materials / Supercapacitor,5.0,Materials / Supercapacitor,,0,0
https://openalex.org/W4293792528,W4293792528,10.1038/s41586-022-05031-2,Heterodimensional superlattice with in-plane anomalous Hall effect,2022,159,2D Materials and Applications,13,Graphene / Applications,,,,0,0
https://openalex.org/W4213292666,W4213292666,10.1039/d1ra06731a,Evolution of graphene oxide (GO)-based nanohybrid materials with diverse compositions: an overview,2022,157,Advanced Photocatalysis Techniques,0,Graphene / Applications,1.0,Graphene / Applications,,0,0
https://openalex.org/W4206196204,W4206196204,10.1002/inf2.12290,Interfacial charge and energy transfer in van der Waals heterojunctions,2022,150,2D Materials and Applications,16,Graphene / Applications,3.0,Graphene / Applications,,0,0
https://openalex.org/W4214602476,W4214602476,10.1002/advs.202106055,"Small Size, Big Impact: Recent Progress in Bottom‐Up Synthesized Nanographenes for Optoelectronic and Energy Applications",2022,150,Graphene research and applications,0,Graphene / Applications,1.0,Graphene / Applications,,0,0
https://openalex.org/W4226000886,W4226000886,10.1038/s41565-022-01185-2,Doping-driven topological polaritons in graphene/α-MoO3 heterostructures,2022,150,Plasmonic and Surface Plasmon Research,4,Graphene / Applications,,,,0,0
https://openalex.org/W4292366100,W4292366100,10.31635/ccschem.022.202202328,Advances on Theory and Experiments of the Energy Applications in Graphdiyne,2022,149,Graphene research and applications,18,Applications / Theory Experiments,,,,0,0
https://openalex.org/W4307216097,W4307216097,10.1016/j.sbsr.2022.100540,2D Materials towards sensing technology: From fundamentals to applications,2022,147,MXene and MAX Phase Materials,10,Sub / Gas,,,,0,0
https://openalex.org/W4295706224,W4295706224,10.1007/s40820-022-00933-2,Inner Co Synergizing Outer Ru Supported on Carbon Nanotubes for Efficient pH-Universal Hydrogen Evolution Catalysis,2022,146,Electrocatalysts for Energy Conversion,12,Materials / Sub,,,,0,0
https://openalex.org/W4288084550,W4288084550,10.1038/s41467-022-32062-0,High-temperature flexible WSe2 photodetectors with ultrahigh photoresponsivity,2022,141,2D Materials and Applications,8,Materials / Applications,6.0,Materials / Applications,,0,0
https://openalex.org/W4207022867,W4207022867,10.1038/s41565-021-01061-5,Robotic four-dimensional pixel assembly of van der Waals solids,2022,140,2D Materials and Applications,16,Graphene / Applications,3.0,Graphene / Applications,,0,0
https://openalex.org/W4304756644,W4304756644,10.1038/s41467-022-33790-z,Three-dimensional hierarchically porous MoS2 foam as high-rate and stable lithium-ion battery anode,2022,140,Advancements in Battery Materials,3,Sub / Applications,,,,0,0
https://openalex.org/W4210674615,W4210674615,10.1002/idm2.12010,Charge transfer of carbon nanomaterials for efficient metal‐free electrocatalysis,2022,139,Electrocatalysts for Energy Conversion,0,Graphene / Applications,1.0,Graphene / Applications,,0,0
https://openalex.org/W4288686001,W4288686001,10.1038/s41467-022-31887-z,"Large-area transfer of two-dimensional materials free of cracks, contamination and wrinkles via controllable conformal contact",2022,138,Graphene research and applications,26,Graphene / Materials,,,,0,0
https://openalex.org/W4224434616,W4224434616,10.1002/adma.202109894,Quantum‐Engineered Devices Based on 2D Materials for Next‐Generation Information Processing and Storage,2022,136,2D Materials and Applications,2,Materials / Applications,2.0,Materials / Applications,,0,0
https://openalex.org/W4225488511,W4225488511,10.1038/s41467-022-33016-2,Wide field imaging of van der Waals ferromagnet Fe3GeTe2 by spin defects in hexagonal boron nitride,2022,133,Graphene research and applications,2,Materials / Applications,2.0,Materials / Applications,,0,0
https://openalex.org/W4221028422,W4221028422,10.1039/d1ta10203f,Nanoscale metal oxides–2D materials heterostructures for photoelectrochemical water splitting—a review,2022,130,Advanced Photocatalysis Techniques,7,Materials / Supercapacitor,5.0,Materials / Supercapacitor,,0,0
https://openalex.org/W4281872535,W4281872535,10.1038/s41928-022-00768-0,Improving stability in two-dimensional transistors with amorphous gate oxides by Fermi-level tuning,2022,129,Graphene research and applications,22,Materials / Applications,,,,0,0
https://openalex.org/W4285093551,W4285093551,10.1002/inf2.12341,Two‐dimensional In<sub>2</sub>Se<sub>3</sub>: A rising advanced material for ferroelectric data storage,2022,127,2D Materials and Applications,12,Materials / Sub,,,,0,0
https://openalex.org/W4291020474,W4291020474,10.1038/s41467-022-32306-z,Electrically tunable two-dimensional heterojunctions for miniaturized near-infrared spectrometers,2022,123,2D Materials and Applications,16,Graphene / Applications,3.0,Graphene / Applications,,0,0
https://openalex.org/W4226454990,W4226454990,10.1093/nsr/nwac077,Layer-by-layer epitaxy of multi-layer MoS2 wafers,2022,122,2D Materials and Applications,22,Materials / Applications,,,,0,0
https://openalex.org/W4281728366,W4281728366,10.1038/s41467-022-30900-9,Epitaxial growth of inch-scale single-crystal transition metal dichalcogenides through the patching of unidirectionally orientated ribbons,2022,122,2D Materials and Applications,21,Sub / Materials,,,,0,0
https://openalex.org/W4309471667,W4309471667,10.1038/s41699-022-00352-2,2D materials-based nanoscale tunneling field effect transistors: current developments and future prospects,2022,121,Advancements in Semiconductor Devices and Circuit Design,29,Materials / Applications,,,,0,0
https://openalex.org/W4307139808,W4307139808,10.1038/s41467-022-33725-8,Two-dimensional mineral hydrogel-derived single atoms-anchored heterostructures for ultrastable hydrogen evolution,2022,120,Electrocatalysts for Energy Conversion,3,Sub / Applications,,,,0,0
https://openalex.org/W4205507417,W4205507417,10.1021/acsnano.1c06286,"High-Performance, Polarization-Sensitive, Long-Wave Infrared Photodetection <i>via</i> Photothermoelectric Effect with Asymmetric van der Waals Contacts",2022,118,2D Materials and Applications,8,Materials / Applications,6.0,Materials / Applications,,0,0
https://openalex.org/W4290672371,W4290672371,10.1038/s41567-022-01702-z,Correlated interlayer exciton insulator in heterostructures of monolayer WSe2 and moiré WS2/WSe2,2022,117,2D Materials and Applications,16,Graphene / Applications,3.0,Graphene / Applications,,0,0
https://openalex.org/W4308496860,W4308496860,10.1038/s41467-022-34406-2,Graphene e-tattoos for unobstructive ambulatory electrodermal activity sensing on the palm enabled by heterogeneous serpentine ribbons,2022,116,Advanced Sensor and Energy Harvesting Materials,7,Materials / Supercapacitor,5.0,Materials / Supercapacitor,,0,0
https://openalex.org/W4290878972,W4290878972,10.1038/s41467-022-32290-4,Dynamic Magnetic Crossover at the Origin of the Hidden-Order in van der Waals Antiferromagnet CrSBr,2022,114,2D Materials and Applications,2,Materials / Applications,2.0,Materials / Applications,,0,0
https://openalex.org/W4296162976,W4296162976,10.1007/s40820-022-00935-0,Construction of Ultrathin Layered MXene-TiN Heterostructure Enabling Favorable Catalytic Ability for High-Areal-Capacity Lithium–Sulfur Batteries,2022,113,MXene and MAX Phase Materials,7,Materials / Supercapacitor,5.0,Materials / Supercapacitor,,0,0
https://openalex.org/W4285742344,W4285742344,10.3389/fchem.2022.905404,"2D Materials for Efficient Photodetection: Overview, Mechanisms, Performance and UV-IR Range Applications",2022,112,2D Materials and Applications,8,Materials / Applications,6.0,Materials / Applications,,0,0
https://openalex.org/W4285795362,W4285795362,10.1038/s41377-022-00912-7,Observation of polarity-switchable photoconductivity in III-nitride/MoSx core-shell nanowires,2022,111,2D Materials and Applications,19,Materials / Applications,,,,0,0
https://openalex.org/W4288437883,W4288437883,10.1038/s41467-022-32078-6,Metaplastic and Energy-Efficient Biocompatible Graphene Artificial Synaptic Transistors for Enhanced Accuracy Neuromorphic Computing,2022,111,Advanced Memory and Neural Computing,22,Materials / Applications,,,,0,0
https://openalex.org/W4220938389,W4220938389,10.1038/s41699-022-00293-w,The resurrection of tellurium as an elemental two-dimensional semiconductor,2022,108,2D Materials and Applications,31,Tellurium / Semiconductor,0.0,Tellurium / Semiconductor,,0,0
https://openalex.org/W4226069914,W4226069914,10.1038/s41467-022-29716-4,Topological phase singularities in atomically thin high-refractive-index materials,2022,108,Metamaterials and Metasurfaces Applications,4,Graphene / Applications,,,,0,0
https://openalex.org/W4206602938,W4206602938,10.1038/s41699-021-00280-7,Growth of high-quality semiconducting tellurium films for high-performance p-channel field-effect transistors with wafer-scale uniformity,2022,107,2D Materials and Applications,31,Tellurium / Semiconductor,0.0,Tellurium / Semiconductor,,0,0
https://openalex.org/W4308317268,W4308317268,10.1016/j.est.2022.105912,Metal nitrides as efficient electrode material for supercapacitors: A review,2022,107,Supercapacitor Materials and Fabrication,7,Materials / Supercapacitor,5.0,Materials / Supercapacitor,,0,0
https://openalex.org/W3198111860,W3198111860,10.1038/s41467-022-33561-w,Inter-valley coherent order and isospin fluctuation mediated superconductivity in rhombohedral trilayer graphene,2022,106,Graphene research and applications,16,Graphene / Applications,3.0,Graphene / Applications,,0,0
https://openalex.org/W4214675341,W4214675341,10.1038/s41467-022-28628-7,Robust growth of two-dimensional metal dichalcogenides and their alloys by active chalcogen monomer supply,2022,103,2D Materials and Applications,21,Sub / Materials,,,,0,0
https://openalex.org/W4220974156,W4220974156,10.3390/ma15062221,Engineering 2D Materials for Photocatalytic Water-Splitting from a Theoretical Perspective,2022,103,Advanced Photocatalysis Techniques,19,Materials / Applications,,,,0,0
https://openalex.org/W4220694831,W4220694831,10.1515/nanoph-2022-0045,Ultrafast photonics applications of emerging 2D‐Xenes beyond graphene,2022,102,Advanced Fiber Laser Technologies,9,Applications / Materials,7.0,Applications / Materials,,0,0
https://openalex.org/W4281907065,W4281907065,10.1038/s41467-022-30740-7,History-dependent domain and skyrmion formation in 2D van der Waals magnet Fe3GeTe2,2022,102,2D Materials and Applications,2,Materials / Applications,2.0,Materials / Applications,,0,0
https://openalex.org/W4285195704,W4285195704,10.1039/d1ma01101d,"Synthesis, modification, and application of black phosphorus, few-layer black phosphorus (FLBP), and phosphorene: a detailed review",2022,101,2D Materials and Applications,9,Applications / Materials,7.0,Applications / Materials,,0,0
https://openalex.org/W4292707877,W4292707877,10.1002/inf2.12355,Emerging reconfigurable electronic devices based on two‐dimensional materials: A review,2022,99,2D Materials and Applications,22,Materials / Applications,,,,0,0
https://openalex.org/W4295949344,W4295949344,10.1038/s41467-022-33135-w,Integrated wafer-scale ultra-flat graphene by gradient surface energy modulation,2022,99,Graphene research and applications,26,Graphene / Materials,,,,0,0
https://openalex.org/W4307111363,W4307111363,10.1093/nsr/nwac232,Giant nonlinear Hall effect in twisted bilayer WSe2,2022,99,Quantum and electron transport phenomena,16,Graphene / Applications,3.0,Graphene / Applications,,0,0
https://openalex.org/W4295024122,W4295024122,10.1038/s41699-022-00337-1,"All inkjet-printed electronics based on electrochemically exfoliated two-dimensional metal, semiconductor, and dielectric",2022,98,2D Materials and Applications,28,Applications / Materials,,,,0,0
https://openalex.org/W4308888447,W4308888447,10.1038/s41699-022-00355-z,Excitons and light-emission in semiconducting MoSi2X4 two-dimensional materials,2022,97,2D Materials and Applications,30,Materials / Applications,4.0,Materials / Applications,,0,0
https://openalex.org/W4213023847,W4213023847,10.1016/j.rser.2022.112196,Counter electrode materials based on carbon nanotubes for dye-sensitized solar cells,2022,96,TiO2 Photocatalysis and Solar Cells,0,Graphene / Applications,1.0,Graphene / Applications,,0,0
https://openalex.org/W4283687132,W4283687132,10.3390/bios12070467,Recent Developments and Future Perspective on Electrochemical Glucose Sensors Based on 2D Materials,2022,95,Electrochemical sensors and biosensors,0,Graphene / Applications,1.0,Graphene / Applications,,0,0
https://openalex.org/W4223604478,W4223604478,10.1038/s41524-022-00748-0,2D spontaneous valley polarization from inversion symmetric single-layer lattices,2022,93,2D Materials and Applications,12,Materials / Sub,,,,0,0
https://openalex.org/W4220667657,W4220667657,10.1038/s41377-022-00741-8,Hybrid Dirac semimetal-based photodetector with efficient low-energy photon harvesting,2022,92,Topological Materials and Phenomena,8,Materials / Applications,6.0,Materials / Applications,,0,0
https://openalex.org/W4221145137,W4221145137,10.1038/s41467-022-29495-y,Data-driven discovery of high performance layered van der Waals piezoelectric NbOI2,2022,92,2D Materials and Applications,12,Materials / Sub,,,,0,0
https://openalex.org/W4304128546,W4304128546,10.1002/adfm.202207065,2D Van der Waals Heterostructures for Chemical Sensing,2022,92,2D Materials and Applications,10,Sub / Gas,,,,0,0
https://openalex.org/W4210925396,W4210925396,10.1038/s41598-022-06108-8,Ruddlesden–Popper 2D perovskites of type (C6H9C2H4NH3)2(CH3NH3)n−1PbnI3n+1 (n = 1–4) for optoelectronic applications,2022,91,Perovskite Materials and Applications,28,Applications / Materials,,,,0,0
https://openalex.org/W4306973572,W4306973572,10.1038/s41467-022-34104-z,Giant ferroelectric polarization in a bilayer graphene heterostructure,2022,91,Ferroelectric and Piezoelectric Materials,12,Materials / Sub,,,,0,0
https://openalex.org/W4308963289,W4308963289,10.1038/s41467-022-34389-0,Breaking through the Mermin-Wagner limit in 2D van der Waals magnets,2022,91,2D Materials and Applications,2,Materials / Applications,2.0,Materials / Applications,,0,0
https://openalex.org/W4205665428,W4205665428,10.1016/j.apsusc.2021.152356,"Ab-initio-driven prediction of puckered penta-like PdPSeX (X O, S, Te) Janus monolayers: Study on the electronic, optical, mechanical and photocatalytic properties",2022,90,2D Materials and Applications,19,Materials / Applications,,,,0,0
https://openalex.org/W4281771125,W4281771125,10.1007/s00604-022-05317-2,Advanced wearable biosensors for the detection of body fluids and exhaled breath by graphene,2022,90,Advanced Sensor and Energy Harvesting Materials,0,Graphene / Applications,1.0,Graphene / Applications,,0,0
https://openalex.org/W4220887042,W4220887042,10.1002/eom2.12204,Shining light on <scp>ZnIn<sub>2</sub>S<sub>4</sub></scp> photocatalysts: Promotional effects of surface and heterostructure engineering toward artificial photosynthesis,2022,89,Advanced Photocatalysis Techniques,19,Materials / Applications,,,,0,0
https://openalex.org/W4311204042,W4311204042,10.1021/acsnano.2c10215,"Interfacial Liquid Water on Graphite, Graphene, and 2D Materials",2022,89,Nanopore and Nanochannel Transport Studies,26,Graphene / Materials,,,,0,0
https://openalex.org/W4281749031,W4281749031,10.1186/s40580-022-00317-7,2D materials: increscent quantum flatland with immense potential for applications,2022,88,2D Materials and Applications,22,Materials / Applications,,,,0,0
https://openalex.org/W4283662409,W4283662409,10.1038/s41467-022-31477-z,Surface plasmons induce topological transition in graphene/α-MoO3 heterostructures,2022,88,Plasmonic and Surface Plasmon Research,4,Graphene / Applications,,,,0,0
https://openalex.org/W4285390268,W4285390268,10.1007/s40766-022-00036-z,Hydrodynamic approach to two-dimensional electron systems,2022,88,Graphene research and applications,4,Graphene / Applications,,,,0,0
https://openalex.org/W4295929829,W4295929829,10.1038/s41467-022-32737-8,Control of structure and spin texture in the van der Waals layered magnet CrSBr,2022,88,2D Materials and Applications,2,Materials / Applications,2.0,Materials / Applications,,0,0
https://openalex.org/W4306964809,W4306964809,10.1002/advs.202204297,Heterostructure Engineering of 2D Superlattice Materials for Electrocatalysis,2022,88,MXene and MAX Phase Materials,7,Materials / Supercapacitor,5.0,Materials / Supercapacitor,,0,0
https://openalex.org/W4306770620,W4306770620,10.1007/s40843-022-2186-0,Three-dimensional MXenes heterostructures and their applications,2022,87,MXene and MAX Phase Materials,7,Materials / Supercapacitor,5.0,Materials / Supercapacitor,,0,0
https://openalex.org/W4220965187,W4220965187,10.1038/s41699-022-00298-5,Direct observation of ferroelectricity in two-dimensional MoS2,2022,86,2D Materials and Applications,12,Materials / Sub,,,,0,0
https://openalex.org/W4283779000,W4283779000,10.1016/j.mtphys.2022.100771,Friction behaviors of two-dimensional materials at the nanoscale,2022,86,Force Microscopy Techniques and Applications,1,Graphene / Materials,,,,0,0
https://openalex.org/W4210753890,W4210753890,10.1007/s40820-022-00794-9,Monolayer Graphitic Carbon Nitride as Metal-Free Catalyst with Enhanced Performance in Photo- and Electro-Catalysis,2022,85,Advanced Photocatalysis Techniques,0,Graphene / Applications,1.0,Graphene / Applications,,0,0
https://openalex.org/W4214775022,W4214775022,10.1038/s41427-022-00363-x,Growth of two-dimensional Janus MoSSe by a single in situ process without initial or follow-up treatments,2022,85,2D Materials and Applications,19,Materials / Applications,,,,0,0
https://openalex.org/W4214855553,W4214855553,10.1515/ntrev-2022-0042,Framework materials for supercapacitors,2022,85,Supercapacitor Materials and Fabrication,7,Materials / Supercapacitor,5.0,Materials / Supercapacitor,,0,0
https://openalex.org/W4225008485,W4225008485,10.1002/advs.202202467,Spin Waves and Magnetic Exchange Hamiltonian in CrSBr,2022,82,2D Materials and Applications,2,Materials / Applications,2.0,Materials / Applications,,0,0
https://openalex.org/W4282837834,W4282837834,10.1186/s40580-022-00319-5,Plasmonic sensors based on graphene and graphene hybrid materials,2022,82,Plasmonic and Surface Plasmon Research,4,Graphene / Applications,,,,0,0
https://openalex.org/W4306406708,W4306406708,10.1038/s41467-022-33917-2,Two-dimensional multiferroic material of metallic p-doped SnSe,2022,82,2D Materials and Applications,12,Materials / Sub,,,,0,0
https://openalex.org/W4205292458,W4205292458,10.1016/j.est.2022.104027,"Phosphorene, antimonene, silicene and siloxene based novel 2D electrode materials for supercapacitors-A brief review",2022,81,Supercapacitor Materials and Fabrication,9,Applications / Materials,7.0,Applications / Materials,,0,0
https://openalex.org/W3173161741,W3173161741,10.1038/s41699-022-00285-w,Large-scale epitaxy of two-dimensional van der Waals room-temperature ferromagnet Fe5GeTe2,2022,78,2D Materials and Applications,2,Materials / Applications,2.0,Materials / Applications,,0,0
https://openalex.org/W4294123214,W4294123214,10.1039/d1cs01070k,"Biodistribution, degradability and clearance of 2D materials for their biomedical applications",2022,78,Graphene and Nanomaterials Applications,9,Applications / Materials,7.0,Applications / Materials,,0,0
https://openalex.org/W4281786157,W4281786157,10.1038/s41467-022-30762-1,Towards n-type conductivity in hexagonal boron nitride,2022,76,Graphene research and applications,13,Graphene / Applications,,,,0,0
https://openalex.org/W4285147679,W4285147679,10.1039/d2sc01398c,Atomic and structural modifications of two-dimensional transition metal dichalcogenides for various advanced applications,2022,76,2D Materials and Applications,21,Sub / Materials,,,,0,0
https://openalex.org/W4313380134,W4313380134,10.1038/s41377-022-01047-5,Phase-controlled van der Waals growth of wafer-scale 2D MoTe2 layers for integrated high-sensitivity broadband infrared photodetection,2023,366,2D Materials and Applications,8,Materials / Applications,6.0,Materials / Applications,,0,0
https://openalex.org/W4386987487,W4386987487,10.1038/s41467-023-41697-6,Synthesis of CuCo2S4@Expanded Graphite with crystal/amorphous heterointerface and defects for electromagnetic wave absorption,2023,336,Electromagnetic wave absorption materials,7,Materials / Supercapacitor,5.0,Materials / Supercapacitor,,0,0
https://openalex.org/W4380769261,W4380769261,10.1126/science.adf1506,Quantum metric nonlinear Hall effect in a topological antiferromagnetic heterostructure,2023,299,Topological Materials and Phenomena,2,Materials / Applications,2.0,Materials / Applications,,0,0
https://openalex.org/W4377563889,W4377563889,10.1021/acsnano.2c12759,"Recent Advances in 2D Material Theory, Synthesis, Properties, and Applications",2023,298,2D Materials and Applications,2,Materials / Applications,2.0,Materials / Applications,,0,0
https://openalex.org/W4362721930,W4362721930,10.1038/s41467-023-37436-6,Staggered circular nanoporous graphene converts electromagnetic waves into electricity,2023,283,Graphene research and applications,0,Graphene / Applications,1.0,Graphene / Applications,,0,0
https://openalex.org/W4379740517,W4379740517,10.1007/s40820-023-01123-4,Boosting Interfacial Polarization Through Heterointerface Engineering in MXene/Graphene Intercalated-Based Microspheres for Electromagnetic Wave Absorption,2023,264,MXene and MAX Phase Materials,7,Materials / Supercapacitor,5.0,Materials / Supercapacitor,,0,0
https://openalex.org/W4387942496,W4387942496,10.29026/oea.2023.230094,Ferroelectrically modulate the Fermi level of graphene oxide to enhance SERS response,2023,247,Gold and Silver Nanoparticles Synthesis and Applications,4,Graphene / Applications,,,,0,0
https://openalex.org/W4362458993,W4362458993,10.1126/science.adg0014,Moiré photonics and optoelectronics,2023,223,2D Materials and Applications,16,Graphene / Applications,3.0,Graphene / Applications,,0,0
https://openalex.org/W4319312466,W4319312466,10.1038/s41928-022-00911-x,Large-area synthesis and transfer of multilayer hexagonal boron nitride for enhanced graphene device arrays,2023,196,Graphene research and applications,13,Graphene / Applications,,,,0,0
https://openalex.org/W4313488371,W4313488371,10.1038/s41467-022-35490-0,Sliding ferroelectricity in van der Waals layered γ-InSe semiconductor,2023,191,2D Materials and Applications,12,Materials / Sub,,,,0,0
https://openalex.org/W4381686655,W4381686655,10.1038/s41563-023-01580-7,Intrinsic strong light-matter coupling with self-hybridized bound states in the continuum in van der Waals metasurfaces,2023,186,Strong Light-Matter Interactions,30,Materials / Applications,4.0,Materials / Applications,,0,0
https://openalex.org/W4362469439,W4362469439,10.1038/s41467-023-37597-4,Lamella-heterostructured nanoporous bimetallic iron-cobalt alloy/oxyhydroxide and cerium oxynitride electrodes as stable catalysts for oxygen evolution,2023,180,Electrocatalysts for Energy Conversion,3,Sub / Applications,,,,0,0
https://openalex.org/W4389097498,W4389097498,10.1002/adfm.202310399,Transition Metal Selenides for Supercapacitors,2023,175,Supercapacitor Materials and Fabrication,7,Materials / Supercapacitor,5.0,Materials / Supercapacitor,,0,0
https://openalex.org/W4388945237,W4388945237,10.1007/s40820-023-01247-7,From VIB- to VB-Group Transition Metal Disulfides: Structure Engineering Modulation for Superior Electromagnetic Wave Absorption,2023,172,2D Materials and Applications,21,Sub / Materials,,,,0,0
https://openalex.org/W4322726823,W4322726823,10.1002/adma.202211598,Electronic/Optoelectronic Memory Device Enabled by Tellurium‐based 2D van der Waals Heterostructure for in‐Sensor Reservoir Computing at the Optical Communication Band,2023,163,Neural Networks and Reservoir Computing,22,Materials / Applications,,,,0,0
https://openalex.org/W4360600946,W4360600946,10.1021/acsnano.2c11925,Ferroelectrically Modulated and Enhanced Photoresponse in a Self-Powered α-In<sub>2</sub>Se<sub>3</sub>/Si Heterojunction Photodetector,2023,162,2D Materials and Applications,12,Materials / Sub,,,,0,0
https://openalex.org/W4361205281,W4361205281,10.1038/s41467-023-37404-0,Diversity of platinum-sites at platinum/fullerene interface accelerates alkaline hydrogen evolution,2023,158,Electrocatalysts for Energy Conversion,3,Sub / Applications,,,,0,0
https://openalex.org/W4386423942,W4386423942,10.1038/s41565-023-01497-x,Low Ohmic contact resistance and high on/off ratio in transition metal dichalcogenides field-effect transistors via residue-free transfer,2023,156,2D Materials and Applications,26,Graphene / Materials,,,,0,0
https://openalex.org/W4365517594,W4365517594,10.1016/j.isci.2023.106671,Prospective applications of two-dimensional materials beyond laboratory frontiers: A review,2023,146,2D Materials and Applications,8,Materials / Applications,6.0,Materials / Applications,,0,0
https://openalex.org/W4317211939,W4317211939,10.1007/s40820-022-01010-4,Emerging MoS2 Wafer-Scale Technique for Integrated Circuits,2023,145,2D Materials and Applications,21,Sub / Materials,,,,0,0
https://openalex.org/W4365443209,W4365443209,10.1007/s40820-023-01074-w,Self-Healing MXene- and Graphene-Based Composites: Properties and Applications,2023,145,MXene and MAX Phase Materials,7,Materials / Supercapacitor,5.0,Materials / Supercapacitor,,0,0
https://openalex.org/W4316467852,W4316467852,10.1007/s40544-022-0681-y,Graphene superlubricity: A review,2023,140,Diamond and Carbon-based Materials Research,1,Graphene / Materials,,,,0,0
https://openalex.org/W4321018906,W4321018906,10.1038/s41378-023-00487-2,Recent progress in three-terminal artificial synapses based on 2D materials: from mechanisms to applications,2023,138,Advanced Memory and Neural Computing,22,Materials / Applications,,,,0,0
https://openalex.org/W4317932616,W4317932616,10.3390/mi14020307,Third-Order Optical Nonlinearities of 2D Materials at Telecommunications Wavelengths,2023,137,Advanced Fiber Laser Technologies,14,Materials / Optical,,,,0,0
https://openalex.org/W4323341923,W4323341923,10.1039/d2ta07653e,2D material-based sensing devices: an update,2023,133,Gas Sensing Nanomaterials and Sensors,10,Sub / Gas,,,,0,0
https://openalex.org/W4366825856,W4366825856,10.1038/s41467-023-37887-x,Wafer-scale high-κ dielectrics for two-dimensional circuits via van der Waals integration,2023,132,Graphene research and applications,22,Materials / Applications,,,,0,0
https://openalex.org/W4388632640,W4388632640,10.1039/d3ra04456d,"Graphene-like emerging 2D materials: recent progress, challenges and future outlook",2023,132,MXene and MAX Phase Materials,7,Materials / Supercapacitor,5.0,Materials / Supercapacitor,,0,0
https://openalex.org/W4383500050,W4383500050,10.1021/acsnano.3c02103,Room-Temperature Photoluminescence Mediated by Sulfur Vacancies in 2D Molybdenum Disulfide,2023,130,2D Materials and Applications,21,Sub / Materials,,,,0,0
https://openalex.org/W4317388242,W4317388242,10.1038/s41467-023-35983-6,General low-temperature growth of two-dimensional nanosheets from layered and nonlayered materials,2023,128,2D Materials and Applications,2,Materials / Applications,2.0,Materials / Applications,,0,0
https://openalex.org/W4319828612,W4319828612,10.1002/cey2.296,Defect‐engineered two‐dimensional transition metal dichalcogenides towards electrocatalytic hydrogen evolution reaction,2023,126,Electrocatalysts for Energy Conversion,3,Sub / Applications,,,,0,0
https://openalex.org/W4316095720,W4316095720,10.1002/eom2.12321,Recycling of graphite anode from spent lithium‐ion batteries: Advances and perspectives,2023,121,Extraction and Separation Processes,7,Materials / Supercapacitor,5.0,Materials / Supercapacitor,,0,0
https://openalex.org/W4388458618,W4388458618,10.1039/d3sc04571d,Recent advances in the utilization of covalent organic frameworks (COFs) as electrode materials for supercapacitors,2023,121,Covalent Organic Framework Applications,7,Materials / Supercapacitor,5.0,Materials / Supercapacitor,,0,0
https://openalex.org/W4319060013,W4319060013,10.1002/smll.202205778,Emerging Trends in 2D TMDs Photodetectors and Piezo‐Phototronic Devices,2023,117,2D Materials and Applications,8,Materials / Applications,6.0,Materials / Applications,,0,0
https://openalex.org/W4376612721,W4376612721,10.1038/s41467-023-38445-1,Emergence of ferroelectricity in a nonferroelectric monolayer,2023,117,2D Materials and Applications,12,Materials / Sub,,,,0,0
https://openalex.org/W4321598727,W4321598727,10.1038/s41467-023-36715-6,Wafer-scale and universal van der Waals metal semiconductor contact,2023,116,Graphene research and applications,22,Materials / Applications,,,,0,0
https://openalex.org/W4367662461,W4367662461,10.1039/d3na00094j,Recent advancements in zero- to three-dimensional carbon networks with a two-dimensional electrode material for high-performance supercapacitors,2023,114,Supercapacitor Materials and Fabrication,7,Materials / Supercapacitor,5.0,Materials / Supercapacitor,,0,0
https://openalex.org/W4385302590,W4385302590,10.1038/s41565-023-01456-6,Step engineering for nucleation and domain orientation control in WSe2 epitaxy on c-plane sapphire,2023,114,2D Materials and Applications,21,Sub / Materials,,,,0,0
https://openalex.org/W4317733987,W4317733987,10.3390/bios13020169,Two-Dimensional Transition Metal Dichalcogenide Based Biosensors: From Fundamentals to Healthcare Applications,2023,111,Advanced biosensing and bioanalysis techniques,10,Sub / Gas,,,,0,0
https://openalex.org/W4319445079,W4319445079,10.1038/s41377-023-01079-5,Graphene/MoS2−xOx/graphene photomemristor with tunable non-volatile responsivities for neuromorphic vision processing,2023,111,Advanced Memory and Neural Computing,22,Materials / Applications,,,,0,0
https://openalex.org/W4378574832,W4378574832,10.3390/nano13111744,Recent Advances in Porous Carbon Materials as Electrodes for Supercapacitors,2023,111,Supercapacitor Materials and Fabrication,7,Materials / Supercapacitor,5.0,Materials / Supercapacitor,,0,0
https://openalex.org/W4313488910,W4313488910,10.1038/s41467-022-35651-1,Electrical spectroscopy of defect states and their hybridization in monolayer MoS2,2023,109,2D Materials and Applications,21,Sub / Materials,,,,0,0
https://openalex.org/W4386054579,W4386054579,10.1021/acsomega.3c04665,Physisorption Behaviors of Organochlorine Pesticides on the InP<sub>3</sub> Monolayer from Theoretical Insight,2023,108,2D Materials and Applications,10,Sub / Gas,,,,0,0
https://openalex.org/W4388895744,W4388895744,10.1063/5.0156988,MA2Z4 family heterostructures: Promises and prospects,2023,108,MXene and MAX Phase Materials,19,Materials / Applications,,,,0,0
https://openalex.org/W4382050415,W4382050415,10.1002/adma.202301472,"Van der Waals Ferroelectrics: Theories, Materials, and Device Applications",2023,104,Ferroelectric and Piezoelectric Materials,12,Materials / Sub,,,,0,0
https://openalex.org/W4387798346,W4387798346,10.1002/adma.202308502,A 2D Heterostructure‐Based Multifunctional Floating Gate Memory Device for Multimodal Reservoir Computing,2023,101,Neural Networks and Reservoir Computing,22,Materials / Applications,,,,0,0
https://openalex.org/W4387844567,W4387844567,10.1021/acsnano.3c07952,Reconfigurable Multifunctional van der Waals Ferroelectric Devices and Logic Circuits,2023,99,2D Materials and Applications,12,Materials / Sub,,,,0,0
https://openalex.org/W4388597415,W4388597415,10.1038/s41467-023-43097-2,Direct observation of intrinsic room-temperature ferroelectricity in 2D layered CuCrP2S6,2023,99,2D Materials and Applications,12,Materials / Sub,,,,0,0
https://openalex.org/W4389338829,W4389338829,10.1038/s41928-023-01075-y,Clean assembly of van der Waals heterostructures using silicon nitride membranes,2023,98,Graphene research and applications,26,Graphene / Materials,,,,0,0
https://openalex.org/W4385188334,W4385188334,10.1016/j.mtnano.2023.100382,Temperature-dependent photoconductivity in two-dimensional MoS2 transistors,2023,96,2D Materials and Applications,21,Sub / Materials,,,,0,0
https://openalex.org/W4376225586,W4376225586,10.1038/s41467-023-38198-x,Ultrafast charge transfer in mixed-dimensional WO3-x nanowire/WSe2 heterostructures for attomolar-level molecular sensing,2023,95,2D Materials and Applications,6,Sub / Materials,,,,0,0
https://openalex.org/W4386278567,W4386278567,10.1088/1361-6463/acf506,Recent progress on two-dimensional van der Waals heterostructures for photocatalytic water splitting: a selective review,2023,95,2D Materials and Applications,19,Materials / Applications,,,,0,0
https://openalex.org/W4389095845,W4389095845,10.1002/adfm.202309046,Ferromagnetic Elements in Two‐Dimensional Materials: 2D Magnets and Beyond,2023,95,2D Materials and Applications,2,Materials / Applications,2.0,Materials / Applications,,0,0
https://openalex.org/W4319457688,W4319457688,10.1007/s40820-023-01021-9,"2D Materials Boost Advanced Zn Anodes: Principles, Advances, and Challenges",2023,94,Advanced battery technologies research,7,Materials / Supercapacitor,5.0,Materials / Supercapacitor,,0,0
https://openalex.org/W4366589804,W4366589804,10.1038/s41566-023-01198-w,Electrical control of hybrid exciton transport in a van der Waals heterostructure,2023,94,2D Materials and Applications,16,Graphene / Applications,3.0,Graphene / Applications,,0,0
https://openalex.org/W4221148295,W4221148295,10.1038/s41565-023-01356-9,Excitons in mesoscopically reconstructed moiré heterostructures,2023,93,2D Materials and Applications,16,Graphene / Applications,3.0,Graphene / Applications,,0,0
https://openalex.org/W4388625851,W4388625851,10.1038/s41928-023-01064-1,A large-scale integrated vector–matrix multiplication processor based on monolayer molybdenum disulfide memories,2023,92,Advanced Memory and Neural Computing,22,Materials / Applications,,,,0,0
https://openalex.org/W4324378576,W4324378576,10.1002/adfm.202300686,Progress and Insight of Van der Waals Heterostructures Containing Interlayer Transition for Near Infrared Photodetectors,2023,91,2D Materials and Applications,8,Materials / Applications,6.0,Materials / Applications,,0,0
https://openalex.org/W4386608460,W4386608460,10.1021/acsnano.3c06181,Scalable Production of 2D Material Heterostructure Textiles for High-Performance Wearable Supercapacitors,2023,91,Supercapacitor Materials and Fabrication,7,Materials / Supercapacitor,5.0,Materials / Supercapacitor,,0,0
https://openalex.org/W4382631810,W4382631810,10.1002/smll.202303340,Stone–Wales Defect in Graphene,2023,90,Graphene research and applications,0,Graphene / Applications,1.0,Graphene / Applications,,0,0
https://openalex.org/W4385647749,W4385647749,10.1002/inf2.12470,Integrating <scp>2D</scp> layered materials with <scp>3D</scp> bulk materials as van der Waals heterostructures for photodetections: Current status and perspectives,2023,89,2D Materials and Applications,8,Materials / Applications,6.0,Materials / Applications,,0,0
https://openalex.org/W4388204982,W4388204982,10.1021/acs.energyfuels.3c02714,Quantum Capacitance of Two-Dimensional-Material-Based Supercapacitor Electrodes,2023,88,Supercapacitor Materials and Fabrication,7,Materials / Supercapacitor,5.0,Materials / Supercapacitor,,0,0
https://openalex.org/W4389176593,W4389176593,10.1038/s41563-023-01735-6,Multistep magnetization switching in orthogonally twisted ferromagnetic monolayers,2023,88,2D Materials and Applications,2,Materials / Applications,2.0,Materials / Applications,,0,0
https://openalex.org/W4389607483,W4389607483,10.1002/smtd.202301282,Recent Advances on Pulsed Laser Deposition of Large‐Scale Thin Films,2023,88,2D Materials and Applications,9,Applications / Materials,7.0,Applications / Materials,,0,0
https://openalex.org/W4316663063,W4316663063,10.1038/s41467-022-35569-8,Scalable high yield exfoliation for monolayer nanosheets,2023,87,Graphene research and applications,0,Graphene / Applications,1.0,Graphene / Applications,,0,0
https://openalex.org/W4386289470,W4386289470,10.1038/s43246-023-00391-2,Multiscale mechanics and molecular dynamics simulations of the durability of fiber-reinforced polymer composites,2023,87,Carbon Nanotubes in Composites,1,Graphene / Materials,,,,0,0
https://openalex.org/W4387672387,W4387672387,10.1063/5.0159598,Impact of moiré superlattice on atomic stress and thermal transport in van der Waals heterostructures,2023,87,Thermal properties of materials,16,Graphene / Applications,3.0,Graphene / Applications,,0,0
https://openalex.org/W4319294039,W4319294039,10.1039/d2cs00570k,"Antimonene: a tuneable post-graphene material for advanced applications in optoelectronics, catalysis, energy and biomedicine",2023,86,2D Materials and Applications,9,Applications / Materials,7.0,Applications / Materials,,0,0
https://openalex.org/W4322732951,W4322732951,10.1515/chem-2022-0285,Graphene quantum dots: A comprehensive overview,2023,85,Carbon and Quantum Dots Applications,0,Graphene / Applications,1.0,Graphene / Applications,,0,0
https://openalex.org/W4319078873,W4319078873,10.1038/s41467-023-36286-6,Universal epitaxy of non-centrosymmetric two-dimensional single-crystal metal dichalcogenides,2023,83,2D Materials and Applications,22,Materials / Applications,,,,0,0
https://openalex.org/W4389175354,W4389175354,10.1038/s41467-023-43628-x,High-performance van der Waals antiferroelectric CuCrP2S6-based memristors,2023,82,Advanced Memory and Neural Computing,12,Materials / Sub,,,,0,0
https://openalex.org/W4386474278,W4386474278,10.1126/sciadv.adi6063,Magic-angle helical trilayer graphene,2023,81,Graphene research and applications,16,Graphene / Applications,3.0,Graphene / Applications,,0,0
https://openalex.org/W4360806723,W4360806723,10.1038/s41467-023-37337-8,Polar meron-antimeron networks in strained and twisted bilayers,2023,80,2D Materials and Applications,16,Graphene / Applications,3.0,Graphene / Applications,,0,0
https://openalex.org/W4384485941,W4384485941,10.1038/s41467-023-40055-w,In-sensor computing using a MoS2 photodetector with programmable spectral responsivity,2023,80,Photonic and Optical Devices,22,Materials / Applications,,,,0,0
https://openalex.org/W4386417187,W4386417187,10.1038/s41467-023-41077-0,Large and tunable magnetoresistance in van der Waals ferromagnet/semiconductor junctions,2023,80,2D Materials and Applications,2,Materials / Applications,2.0,Materials / Applications,,0,0
https://openalex.org/W4386979752,W4386979752,10.1002/advs.202303716,Direct Ink Writing 3D Printing for High‐Performance Electrochemical Energy Storage Devices: A Minireview,2023,78,Supercapacitor Materials and Fabrication,7,Materials / Supercapacitor,5.0,Materials / Supercapacitor,,0,0
https://openalex.org/W4388763350,W4388763350,10.1007/s40820-023-01252-w,"Highly Thermoconductive, Strong Graphene-Based Composite Films by Eliminating Nanosheets Wrinkles",2023,78,Thermal properties of materials,0,Graphene / Applications,1.0,Graphene / Applications,,0,0
https://openalex.org/W4389510113,W4389510113,10.1038/s41467-023-43963-z,One-dimensionally oriented self-assembly of ordered mesoporous nanofibers featuring tailorable mesophases via kinetic control,2023,78,Supercapacitor Materials and Fabrication,7,Materials / Supercapacitor,5.0,Materials / Supercapacitor,,0,0
https://openalex.org/W4365479613,W4365479613,10.1002/advs.202300120,Multifunctional Optoelectronic Synapses Based on Arrayed MoS<sub>2</sub> Monolayers Emulating Human Association Memory,2023,77,Advanced Memory and Neural Computing,22,Materials / Applications,,,,0,0
https://openalex.org/W4321372308,W4321372308,10.1002/adma.202208054,Bright and Efficient Light‐Emitting Devices Based on 2D Transition Metal Dichalcogenides,2023,76,2D Materials and Applications,30,Materials / Applications,4.0,Materials / Applications,,0,0
https://openalex.org/W4365151349,W4365151349,10.1038/s41586-023-05807-0,Giant magnetoresistance of Dirac plasma in high-mobility graphene,2023,76,Graphene research and applications,4,Graphene / Applications,,,,0,0
https://openalex.org/W4387422673,W4387422673,10.3390/app131911037,Recent Advances in Photodetectors Based on Two-Dimensional Material/Si Heterojunctions,2023,76,2D Materials and Applications,8,Materials / Applications,6.0,Materials / Applications,,0,0
https://openalex.org/W4388789443,W4388789443,10.1038/s41467-023-43323-x,Lattice-mismatch-free construction of III-V/chalcogenide core-shell heterostructure nanowires,2023,76,Nanowire Synthesis and Applications,8,Materials / Applications,6.0,Materials / Applications,,0,0
https://openalex.org/W4392015766,W4392015766,10.1038/s41586-023-07010-7,Fractional quantum anomalous Hall effect in multilayer graphene,2024,452,Quantum and electron transport phenomena,16,Graphene / Applications,3.0,Graphene / Applications,,0,0
https://openalex.org/W4399749611,W4399749611,10.1007/s40820-024-01447-9,"Mixed-Dimensional Assembly Strategy to Construct Reduced Graphene Oxide/Carbon Foams Heterostructures for Microwave Absorption, Anti-Corrosion and Thermal Insulation",2024,226,Electromagnetic wave absorption materials,7,Materials / Supercapacitor,5.0,Materials / Supercapacitor,,0,0
https://openalex.org/W4401220615,W4401220615,10.1016/j.jpowsour.2024.235140,"A review on carbon materials for electrochemical energy storage applications: State of the art, implementation, and synergy with metallic compounds for supercapacitor and battery electrodes",2024,217,Supercapacitor Materials and Fabrication,7,Materials / Supercapacitor,5.0,Materials / Supercapacitor,,0,0
https://openalex.org/W4391883933,W4391883933,10.1007/s40820-023-01273-5,The Roadmap of 2D Materials and Devices Toward Chips,2024,214,2D Materials and Applications,22,Materials / Applications,,,,0,0
https://openalex.org/W4390589984,W4390589984,10.1007/s40820-023-01280-6,Tracking Regulatory Mechanism of Trace Fe on Graphene Electromagnetic Wave Absorption,2024,186,Electromagnetic wave absorption materials,7,Materials / Supercapacitor,5.0,Materials / Supercapacitor,,0,0
https://openalex.org/W4394596330,W4394596330,10.1002/smll.202312179,Recent Development on Transition Metal Oxides‐Based Core–Shell Structures for Boosted Energy Density Supercapacitors,2024,182,Supercapacitor Materials and Fabrication,7,Materials / Supercapacitor,5.0,Materials / Supercapacitor,,0,0
https://openalex.org/W4391051562,W4391051562,10.1186/s12302-023-00814-4,Graphene oxide synthesis and applications in emerging contaminant removal: a comprehensive review,2024,175,Graphene and Nanomaterials Applications,0,Graphene / Applications,1.0,Graphene / Applications,,0,0
https://openalex.org/W4402878318,W4402878318,10.1007/s40820-024-01530-1,Advances in Graphene-Based Electrode for Triboelectric Nanogenerator,2024,175,Advanced Sensor and Energy Harvesting Materials,0,Graphene / Applications,1.0,Graphene / Applications,,0,0
https://openalex.org/W4391450229,W4391450229,10.3390/ma17030702,Supercapacitors: An Efficient Way for Energy Storage Application,2024,165,Supercapacitor Materials and Fabrication,7,Materials / Supercapacitor,5.0,Materials / Supercapacitor,,0,0
https://openalex.org/W4396558260,W4396558260,10.1038/s44287-024-00045-6,Transistor engineering based on 2D materials in the post-silicon era,2024,162,Graphene research and applications,22,Materials / Applications,,,,0,0
https://openalex.org/W4401102925,W4401102925,10.1038/s41928-024-01210-3,Critical challenges in the development of electronics based on two-dimensional transition metal dichalcogenides,2024,154,2D Materials and Applications,21,Sub / Materials,,,,0,0
https://openalex.org/W4392232564,W4392232564,10.1038/s41467-024-46170-6,Epitaxy of wafer-scale single-crystal MoS2 monolayer via buffer layer control,2024,147,2D Materials and Applications,22,Materials / Applications,,,,0,0
https://openalex.org/W4390510450,W4390510450,10.1038/s41467-023-44482-7,Photogating-assisted tunneling boosts the responsivity and speed of heterogeneous WSe2/Ta2NiSe5 photodetectors,2024,137,2D Materials and Applications,8,Materials / Applications,6.0,Materials / Applications,,0,0
https://openalex.org/W4391680583,W4391680583,10.1038/s41928-024-01121-3,Ready-to-transfer two-dimensional materials using tunable adhesive force tapes,2024,137,Graphene research and applications,26,Graphene / Materials,,,,0,0
https://openalex.org/W4391646396,W4391646396,10.1002/cey2.501,"Ti<sub>3</sub>C<sub>2</sub>T<sub><i>x</i></sub> MXene/carbon composites for advanced supercapacitors: Synthesis, progress, and perspectives",2024,134,MXene and MAX Phase Materials,7,Materials / Supercapacitor,5.0,Materials / Supercapacitor,,0,0
https://openalex.org/W4391947933,W4391947933,10.1007/s40820-024-01335-2,Recent Advances in In-Memory Computing: Exploring Memristor and Memtransistor Arrays with 2D Materials,2024,128,Advanced Memory and Neural Computing,22,Materials / Applications,,,,0,0
https://openalex.org/W4392979878,W4392979878,10.1016/j.pmatsci.2024.101287,Emerging 2D materials beyond mxenes and TMDs: Transition metal carbo-chalcogenides,2024,115,MXene and MAX Phase Materials,7,Materials / Supercapacitor,5.0,Materials / Supercapacitor,,0,0
https://openalex.org/W4390745982,W4390745982,10.1016/j.ccr.2024.215657,Nanoparticles anchored strategy to develop 2D MoS2 and MoSe2 based room temperature chemiresistive gas sensors,2024,114,Gas Sensing Nanomaterials and Sensors,10,Sub / Gas,,,,0,0
https://openalex.org/W4396511206,W4396511206,10.1039/d4ra01027b,MOF/graphene oxide based composites in smart supercapacitors: a comprehensive review on the electrochemical evaluation and material development for advanced energy storage devices,2024,112,Supercapacitor Materials and Fabrication,7,Materials / Supercapacitor,5.0,Materials / Supercapacitor,,0,0
https://openalex.org/W4400736061,W4400736061,10.1038/s41467-024-50353-6,Non-volatile 2D MoS2/black phosphorus heterojunction photodiodes in the near- to mid-infrared region,2024,111,2D Materials and Applications,22,Materials / Applications,,,,0,0
https://openalex.org/W4390951314,W4390951314,10.1038/s41467-023-44598-w,Reconfiguring nucleation for CVD growth of twisted bilayer MoS2 with a wide range of twist angles,2024,108,2D Materials and Applications,16,Graphene / Applications,3.0,Graphene / Applications,,0,0
https://openalex.org/W4394723733,W4394723733,10.1002/celc.202300810,Emerging Two–Dimensional Intercalation Pseudocapacitive Electrodes for Supercapacitors,2024,108,Supercapacitor Materials and Fabrication,7,Materials / Supercapacitor,5.0,Materials / Supercapacitor,,0,0
https://openalex.org/W4390608950,W4390608950,10.1039/d3ya00502j,MXene–carbon based hybrid materials for supercapacitor applications,2024,107,MXene and MAX Phase Materials,7,Materials / Supercapacitor,5.0,Materials / Supercapacitor,,0,0
https://openalex.org/W4395466884,W4395466884,10.1038/s44287-024-00038-5,3D integration of 2D electronics,2024,103,2D Materials and Applications,22,Materials / Applications,,,,0,0
https://openalex.org/W4401926643,W4401926643,10.1002/adfm.202410928,A Perspective of Tailoring Dielectric Genes for 2D Materials Toward Advanced Electromagnetic Functions,2024,103,Electromagnetic wave absorption materials,7,Materials / Supercapacitor,5.0,Materials / Supercapacitor,,0,0
https://openalex.org/W4400721657,W4400721657,10.1016/j.synthmet.2024.117697,"Graphene dispersion, functionalization techniques and applications: A review",2024,100,Graphene research and applications,0,Graphene / Applications,1.0,Graphene / Applications,,0,0
https://openalex.org/W4391685891,W4391685891,10.1038/s41467-024-45498-3,Synergistic-potential engineering enables high-efficiency graphene photodetectors for near- to mid-infrared light,2024,98,Plasmonic and Surface Plasmon Research,8,Materials / Applications,6.0,Materials / Applications,,0,0
https://openalex.org/W4391450776,W4391450776,10.1007/s40820-024-01330-7,Optoelectronic Synapses Based on MXene/Violet Phosphorus van der Waals Heterojunctions for Visual-Olfactory Crossmodal Perception,2024,97,Advanced Memory and Neural Computing,22,Materials / Applications,,,,0,0
https://openalex.org/W4398251901,W4398251901,10.1007/s40820-024-01417-1,Two-Dimensional Materials for Highly Efficient and Stable Perovskite Solar Cells,2024,95,Perovskite Materials and Applications,9,Applications / Materials,7.0,Applications / Materials,,0,0
https://openalex.org/W4399141347,W4399141347,10.1021/acsnano.4c00590,Transfer of 2D Films: From Imperfection to Perfection,2024,95,2D Materials and Applications,26,Graphene / Materials,,,,0,0
https://openalex.org/W4402189208,W4402189208,10.1038/s41467-024-51194-z,Optoelectronic synapses with chemical-electric behaviors in gallium nitride semiconductors for biorealistic neuromorphic functionality,2024,92,Advanced Memory and Neural Computing,22,Materials / Applications,,,,0,0
https://openalex.org/W4394822006,W4394822006,10.1038/s41586-024-07244-z,Light-wave-controlled Haldane model in monolayer hexagonal boron nitride,2024,88,2D Materials and Applications,14,Materials / Optical,,,,0,0
https://openalex.org/W4390536320,W4390536320,10.1039/d3ra06904d,Recent progress in graphene and its derived hybrid materials for high-performance supercapacitor electrode applications,2024,87,Supercapacitor Materials and Fabrication,7,Materials / Supercapacitor,5.0,Materials / Supercapacitor,,0,0
https://openalex.org/W4393983197,W4393983197,10.1039/d3ma01152f,"Advancements in transition metal dichalcogenides (TMDCs) for self-powered photodetectors: challenges, properties, and functionalization strategies",2024,87,2D Materials and Applications,8,Materials / Applications,6.0,Materials / Applications,,0,0
https://openalex.org/W4390500327,W4390500327,10.1038/s41467-023-43992-8,Planar hyperbolic polaritons in 2D van der Waals materials,2024,86,Plasmonic and Surface Plasmon Research,4,Graphene / Applications,,,,0,0
https://openalex.org/W4394872655,W4394872655,10.1126/sciadv.adn4524,Ultralow-power optoelectronic synaptic transistors based on polyzwitterion dielectrics for in-sensor reservoir computing,2024,83,Advanced Memory and Neural Computing,22,Materials / Applications,,,,0,0
https://openalex.org/W4397039820,W4397039820,10.1038/s41467-024-48511-x,Polarization-driven band topology evolution in twisted MoTe2 and WSe2,2024,81,2D Materials and Applications,16,Graphene / Applications,3.0,Graphene / Applications,,0,0
https://openalex.org/W4392088781,W4392088781,10.1038/s41467-024-46050-z,Non-volatile rippled-assisted optoelectronic array for all-day motion detection and recognition,2024,80,Advanced Memory and Neural Computing,22,Materials / Applications,,,,0,0
https://openalex.org/W4392102091,W4392102091,10.3390/nano14050410,Defects and Defect Engineering of Two-Dimensional Transition Metal Dichalcogenide (2D TMDC) Materials,2024,80,2D Materials and Applications,21,Sub / Materials,,,,0,0
https://openalex.org/W4396815286,W4396815286,10.1038/s41586-024-07584-w,Tunable superconductivity in electron- and hole-doped Bernal bilayer graphene,2024,77,Graphene research and applications,16,Graphene / Applications,3.0,Graphene / Applications,,0,0
https://openalex.org/W4392953242,W4392953242,10.1002/adfm.202316175,Emerging Frontiers of 2D Transition Metal Dichalcogenides in Photovoltaics Solar Cell,2024,76,2D Materials and Applications,6,Sub / Materials,,,,0,0
https://openalex.org/W4406246754,W4406246754,10.1038/s41467-025-55887-x,"High-sensitivity, high-speed, broadband mid-infrared photodetector enabled by a van der Waals heterostructure with a vertical transport channel",2025,120,Advanced Semiconductor Detectors and Materials,8,Materials / Applications,6.0,Materials / Applications,,0,0
https://openalex.org/W4406381247,W4406381247,10.1007/s40820-024-01597-w,Wearable Biodevices Based on Two-Dimensional Materials: From Flexible Sensors to Smart Integrated Systems,2025,96,Advanced Sensor and Energy Harvesting Materials,7,Materials / Supercapacitor,5.0,Materials / Supercapacitor,,0,0
