source_community,target_community,weight
0,30,3
0,126,1
0,128,45
0,134,1
0,640,1
0,726,1
0,765,1
5,100,1
5,128,8
5,582,1
7,370,1
9,128,2
9,726,1
10,128,7
10,353,1
12,128,2
18,30,1
18,128,11
18,767,1
18,768,2
20,128,3
24,18,2
24,128,10
24,160,1
24,462,1
24,767,1
27,714,1
29,128,1
30,47,3
30,100,2
30,126,1
30,128,415
30,141,1
30,225,1
30,318,3
30,389,2
30,393,1
30,580,1
30,674,1
30,714,1
30,726,1
30,736,1
30,751,1
30,765,28
30,767,3
30,768,8
30,813,1
30,893,1
30,928,1
41,30,1
41,128,52
41,692,3
41,714,1
41,765,3
41,900,1
45,128,2
45,364,2
45,581,1
47,128,10
48,128,29
48,539,1
49,100,3
49,128,10
49,368,1
49,370,1
49,751,1
49,768,1
56,60,1
56,100,1
56,128,21
56,227,1
56,714,1
56,726,1
57,60,1
57,128,64
57,581,2
57,714,1
57,726,1
57,765,4
57,767,2
57,945,1
60,128,11
61,100,1
61,128,18
61,308,1
61,370,1
61,946,1
62,128,5
63,128,18
63,318,1
64,100,5
64,128,28
64,582,1
64,585,2
64,707,1
64,747,1
64,863,1
65,128,9
67,96,1
67,128,9
67,582,1
67,714,1
67,766,1
67,767,1
70,767,2
74,128,1
81,128,3
88,128,3
89,128,8
91,128,23
91,676,1
93,768,1
95,100,3
95,128,10
95,510,1
95,767,1
95,814,1
96,100,19
96,128,100
96,170,1
96,315,1
96,370,3
96,582,4
96,765,3
96,766,4
96,767,3
96,768,1
96,814,1
96,925,1
96,946,1
97,370,2
98,128,5
99,96,1
99,100,2
99,128,11
99,919,1
100,5,1
100,64,1
100,96,44
100,128,671
100,170,1
100,227,5
100,228,1
100,308,1
100,315,2
100,368,1
100,370,7
100,510,1
100,578,1
100,582,23
100,583,2
100,586,1
100,587,1
100,608,3
100,652,2
100,707,3
100,714,1
100,747,4
100,765,2
100,766,5
100,767,20
100,768,3
100,801,1
100,814,7
100,863,1
100,901,1
100,919,2
100,925,1
100,946,23
101,128,17
101,707,1
101,714,6
102,128,3
103,128,5
103,726,1
104,888,1
107,96,1
107,128,7
107,900,1
108,128,2
108,584,2
110,128,24
110,363,1
110,767,1
111,18,1
111,24,1
111,126,2
111,128,49
111,133,1
111,158,1
111,160,1
111,534,1
111,662,1
111,749,1
111,767,1
111,829,2
114,30,3
114,100,1
114,128,76
114,370,1
114,540,1
114,812,1
118,128,1
118,767,1
118,768,1
121,100,1
121,128,41
121,194,1
121,228,1
123,128,3
126,30,1
126,47,2
126,100,5
126,128,482
126,305,1
126,369,1
126,393,2
126,410,3
126,606,1
126,634,1
126,714,3
126,726,1
126,765,4
126,829,4
126,845,1
126,901,5
126,928,2
126,945,1
126,946,1
128,5,2
128,9,2
128,10,1
128,18,9
128,23,1
128,24,1
128,30,319
128,41,65
128,45,4
128,47,54
128,48,9
128,53,2
128,56,12
128,57,12
128,60,12
128,61,8
128,62,11
128,63,2
128,64,15
128,65,11
128,95,28
128,96,438
128,100,2814
128,101,21
128,111,2
128,114,69
128,121,31
128,126,683
128,132,6
128,133,78
128,134,2
128,135,1
128,141,41
128,151,7
128,154,32
128,159,5
128,160,13
128,168,3
128,170,38
128,174,28
128,179,18
128,181,2
128,194,31
128,197,3
128,198,1
128,206,1
128,225,5
128,227,88
128,228,99
128,229,1
128,242,14
128,257,1
128,296,1
128,305,146
128,308,20
128,315,47
128,318,89
128,324,2
128,330,6
128,342,4
128,343,5
128,344,2
128,346,134
128,351,1
128,353,3
128,354,19
128,355,67
128,356,1
128,357,15
128,358,1
128,359,2
128,363,2
128,364,19
128,366,26
128,367,1
128,368,1
128,369,87
128,370,94
128,389,2
128,392,1
128,393,158
128,405,4
128,410,143
128,411,3
128,413,1
128,415,14
128,448,2
128,452,5
128,453,2
128,457,14
128,462,8
128,463,1
128,469,32
128,471,2
128,472,1
128,473,21
128,474,1
128,510,24
128,511,26
128,512,15
128,516,94
128,524,48
128,525,76
128,526,4
128,534,6
128,540,1
128,544,1
128,547,8
128,548,5
128,561,39
128,580,34
128,581,11
128,582,91
128,583,18
128,584,135
128,585,3
128,586,30
128,587,9
128,594,2
128,598,2
128,601,30
128,605,1
128,606,37
128,608,24
128,611,1
128,613,7
128,618,2
128,627,2
128,630,3
128,634,8
128,640,19
128,652,19
128,653,5
128,660,3
128,662,7
128,668,15
128,674,7
128,680,12
128,688,1
128,692,34
128,697,10
128,702,8
128,703,13
128,705,77
128,706,9
128,707,63
128,708,31
128,710,2
128,711,71
128,714,577
128,720,6
128,722,85
128,723,77
128,726,224
128,736,13
128,738,5
128,739,8
128,743,10
128,747,59
128,749,18
128,750,1
128,765,904
128,766,42
128,767,276
128,768,72
128,769,122
128,794,9
128,800,2
128,801,5
128,803,4
128,806,68
128,811,23
128,812,12
128,813,45
128,814,110
128,826,5
128,829,116
128,832,6
128,846,17
128,855,2
128,856,1
128,863,22
128,879,4
128,888,25
128,893,23
128,900,42
128,901,26
128,902,2
128,919,21
128,922,6
128,924,7
128,925,9
128,928,87
128,938,10
128,945,26
128,946,317
128,947,4
128,948,16
128,950,4
132,128,7
132,133,2
132,324,1
132,726,1
133,128,11
133,726,2
134,126,2
134,128,10
135,126,1
135,128,3
136,900,2
137,128,1
139,128,2
140,128,4
140,765,2
140,766,2
140,767,7
140,768,5
140,769,6
140,900,13
141,100,2
141,128,98
141,133,1
141,170,2
141,305,1
141,316,1
141,369,1
141,581,2
141,765,1
141,766,2
141,767,2
141,768,18
148,128,15
148,606,1
151,128,5
151,525,1
151,726,1
154,128,30
154,714,2
154,723,1
158,128,4
159,128,6
160,128,13
160,675,1
162,128,3
164,714,1
165,128,1
168,128,5
168,133,2
168,794,1
170,96,2
170,100,1
170,128,30
170,305,1
170,705,2
170,714,2
170,722,1
170,765,3
170,766,4
170,767,3
170,768,24
170,928,1
173,128,1
174,128,40
174,141,1
174,765,2
175,128,12
175,228,1
178,767,3
178,768,7
178,769,1
179,96,1
179,100,10
179,128,41
179,315,1
179,587,1
179,747,1
179,767,1
179,863,1
179,946,1
181,47,1
181,128,1
184,768,1
187,128,1
194,128,6
194,228,1
196,128,2
197,128,13
197,369,1
198,128,3
198,928,1
206,128,14
206,548,1
209,128,1
213,128,1
224,128,1
225,128,4
225,393,1
227,100,8
227,128,64
227,415,3
227,707,1
227,765,1
227,863,1
227,901,1
227,946,2
228,100,1
228,128,88
228,194,3
228,354,1
228,369,1
228,393,1
228,904,1
229,768,1
229,769,1
229,900,4
237,128,1
240,96,1
240,100,1
240,368,1
242,100,1
242,128,10
243,128,4
243,726,1
257,128,7
268,128,1
288,128,4
288,228,1
292,128,4
296,96,2
296,100,7
296,128,30
296,510,1
296,583,1
296,946,1
303,128,3
303,582,1
303,814,1
303,946,1
305,128,62
305,369,3
305,516,2
306,128,5
306,726,1
307,128,2
308,96,1
308,100,8
308,128,32
308,582,1
309,128,3
315,96,2
315,100,23
315,128,60
315,366,1
315,370,1
315,714,1
315,766,1
315,767,1
315,946,3
318,18,1
318,47,1
318,95,1
318,100,2
318,126,4
318,128,229
318,133,1
318,364,1
318,410,1
318,630,1
318,660,1
318,726,1
318,765,9
318,767,1
318,769,1
318,813,1
318,946,1
319,128,3
324,128,8
324,133,1
325,128,1
325,393,1
330,128,7
335,128,1
342,128,22
342,584,1
342,717,1
343,100,2
343,128,18
343,946,1
344,128,8
344,714,1
344,765,1
344,768,1
346,128,63
351,126,1
351,128,40
351,369,2
351,516,1
351,584,1
351,767,1
351,845,1
353,128,31
353,133,1
353,362,1
353,369,1
353,726,2
354,128,67
354,228,1
354,369,1
354,703,1
354,707,1
354,711,2
354,714,4
355,128,40
355,194,1
355,726,1
355,806,1
356,128,32
356,305,2
356,653,1
356,829,1
357,128,21
357,714,2
358,128,6
358,794,1
359,128,21
359,354,3
359,692,1
359,703,1
359,714,2
359,767,1
361,128,2
363,128,2
364,128,23
364,305,3
364,581,2
364,705,1
364,714,2
364,726,1
364,765,1
364,768,4
366,100,1
366,128,27
366,305,1
366,330,1
366,714,1
366,765,1
368,96,1
368,100,1
368,370,1
369,128,108
369,141,8
369,197,3
369,305,3
369,452,4
369,516,2
369,749,1
369,765,2
369,766,2
369,767,1
369,768,3
369,829,1
369,845,1
370,49,1
370,96,7
370,100,52
370,128,181
370,133,1
370,170,2
370,315,1
370,368,3
370,470,1
370,541,1
370,582,8
370,583,1
370,608,4
370,652,1
370,707,3
370,714,1
370,747,1
370,751,2
370,767,6
370,768,7
370,814,4
370,863,1
370,901,2
370,919,1
370,946,4
371,30,1
371,128,10
371,370,1
371,829,1
372,128,6
380,128,1
380,133,2
383,30,1
383,126,1
383,128,11
383,318,1
383,765,1
388,128,10
388,393,1
389,128,1
391,100,1
391,128,2
392,128,2
393,30,1
393,88,1
393,128,30
393,765,2
405,128,6
407,128,2
408,128,2
410,126,3
410,128,59
410,369,1
410,767,1
411,393,1
412,45,1
412,364,1
412,581,2
412,705,1
412,765,2
412,766,1
413,30,1
413,128,3
413,765,1
414,128,2
415,128,11
415,227,1
415,393,1
415,411,1
415,640,2
415,769,1
419,128,2
420,128,2
448,128,11
452,126,2
452,128,12
452,369,1
452,410,1
452,749,1
454,128,1
455,128,2
455,141,1
456,768,2
457,126,2
457,128,5
457,134,1
457,369,1
462,100,1
462,126,1
462,128,26
462,660,2
462,928,1
463,128,2
468,128,18
469,100,2
469,128,31
469,512,1
469,584,1
469,586,1
470,96,1
470,128,1
470,370,1
471,128,14
471,473,1
472,128,20
473,100,1
473,128,28
473,471,1
474,101,1
474,128,64
474,354,1
474,708,1
474,714,3
474,722,1
474,769,1
483,128,4
483,547,1
484,128,2
485,91,1
485,128,2
500,126,1
500,134,1
501,128,4
510,96,3
510,100,10
510,128,68
510,296,1
510,370,1
510,583,1
510,608,1
510,707,1
510,767,2
510,814,4
510,901,1
510,919,1
510,925,1
511,128,59
512,128,10
516,128,20
524,128,41
524,324,1
524,632,1
524,714,1
525,128,2
526,64,1
526,128,6
526,308,1
526,583,1
528,128,5
534,726,1
539,128,2
540,128,7
541,765,3
544,128,9
547,128,6
548,100,1
548,128,14
548,206,1
548,714,1
549,41,2
549,128,12
552,128,12
561,128,10
573,805,1
574,96,1
574,100,1
574,128,4
576,96,1
576,128,5
578,370,1
580,30,1
580,128,12
580,765,1
581,45,2
581,93,1
581,128,31
581,174,1
581,229,1
581,364,5
581,705,8
581,714,17
581,751,1
581,765,42
581,766,20
581,767,33
581,768,11
582,49,1
582,64,1
582,96,1
582,100,13
582,128,36
582,308,1
582,367,1
582,370,1
582,747,1
582,751,1
582,768,1
582,769,1
582,814,1
582,946,2
583,96,3
583,100,15
583,128,17
583,370,1
583,582,1
583,707,1
583,747,1
583,767,1
583,946,2
584,41,1
584,96,1
584,100,10
584,128,271
584,179,2
584,305,1
584,370,1
584,692,1
584,747,1
584,767,2
584,863,1
584,924,1
585,128,5
585,766,1
586,100,1
586,128,32
586,900,1
587,96,1
587,100,7
587,128,9
587,863,1
587,919,1
587,946,2
588,96,1
588,100,1
588,128,9
588,368,1
588,370,1
588,747,1
589,128,2
594,128,6
594,140,1
594,765,1
594,767,1
594,768,4
594,769,4
594,879,1
594,900,23
598,767,1
598,768,2
601,128,30
601,950,1
605,128,4
606,128,35
606,393,1
608,96,1
608,100,12
608,128,30
608,814,1
608,901,5
608,946,5
611,100,1
611,128,11
612,128,5
613,128,3
618,128,6
618,707,1
618,714,1
618,723,2
619,128,7
619,714,1
620,128,3
621,128,5
621,370,1
625,128,1
627,128,9
629,128,8
629,726,1
630,48,1
630,100,1
630,128,9
630,726,1
631,640,1
631,766,5
631,768,18
632,128,2
633,128,1
634,128,16
634,625,1
634,829,1
635,128,1
638,128,2
640,128,9
640,631,2
640,766,2
640,768,4
640,769,1
652,96,3
652,100,13
652,128,33
652,370,6
652,582,2
652,583,2
652,587,1
652,707,1
652,747,2
652,814,1
652,863,2
653,128,11
653,305,3
660,128,8
662,128,20
662,601,1
663,128,5
663,581,1
663,766,2
663,767,2
665,128,1
665,370,1
668,128,25
672,128,10
672,674,1
674,128,3
674,751,1
674,768,3
674,923,1
675,128,2
676,128,3
680,128,8
682,128,1
683,100,1
683,128,8
684,128,2
684,714,1
691,128,1
691,947,1
692,41,2
692,96,1
692,100,5
692,128,45
692,714,1
692,723,1
692,769,2
692,833,1
692,900,2
697,128,6
697,524,1
697,705,1
701,900,1
702,128,16
702,692,1
702,714,2
703,128,11
705,53,1
705,96,1
705,100,2
705,128,51
705,170,1
705,305,2
705,581,7
705,711,1
705,714,7
705,765,14
705,766,7
705,767,7
705,768,3
706,128,13
707,96,1
707,100,12
707,128,46
707,524,1
707,561,1
707,608,1
707,723,2
707,946,3
708,128,16
708,723,2
708,888,1
708,900,1
710,128,5
711,100,1
711,128,77
711,811,1
713,128,5
714,100,6
714,128,380
714,154,1
714,227,1
714,370,2
714,524,1
714,581,1
714,631,1
714,705,8
714,707,1
714,708,1
714,723,4
714,765,12
714,766,4
714,767,1
714,768,5
714,769,1
714,893,2
714,900,1
714,938,1
717,128,14
717,584,1
717,765,2
719,100,1
719,128,2
720,128,8
720,170,1
721,128,1
722,96,1
722,100,1
722,128,129
722,154,2
722,469,1
722,584,1
722,586,1
722,705,1
722,708,1
722,714,3
722,723,2
723,100,2
723,128,48
723,708,2
723,711,1
723,714,2
723,722,1
726,100,1
726,128,136
726,133,4
726,196,1
726,364,1
726,369,1
726,393,1
726,534,2
726,634,1
726,640,3
726,668,1
726,688,2
726,714,1
736,128,6
738,128,8
739,128,1
739,714,1
743,128,3
743,160,1
745,100,1
745,128,17
747,96,2
747,100,21
747,128,37
747,308,1
747,582,1
747,652,1
747,768,1
747,814,1
747,901,1
749,128,28
749,369,1
750,128,25
751,96,1
751,100,1
751,128,35
751,315,1
751,582,1
751,705,1
751,714,1
751,765,2
751,768,9
751,769,1
751,900,2
765,30,13
765,47,7
765,96,3
765,100,7
765,126,11
765,128,530
765,140,1
765,170,1
765,318,4
765,364,2
765,369,1
765,389,1
765,393,3
765,410,1
765,525,2
765,541,3
765,580,2
765,581,14
765,640,2
765,705,9
765,714,31
765,726,2
765,766,41
765,767,64
765,768,20
765,769,3
765,928,3
765,950,1
766,96,4
766,100,1
766,128,24
766,140,1
766,141,1
766,170,1
766,229,2
766,364,2
766,368,1
766,369,1
766,581,9
766,594,1
766,631,1
766,640,2
766,705,3
766,714,8
766,765,36
766,767,35
766,768,91
766,769,1
766,805,1
766,879,1
766,900,3
767,96,20
767,100,36
767,126,3
767,128,342
767,141,2
767,170,4
767,179,1
767,305,1
767,315,1
767,351,1
767,369,3
767,370,10
767,393,1
767,576,1
767,581,8
767,582,3
767,583,1
767,594,1
767,663,1
767,705,10
767,714,5
767,726,1
767,750,1
767,751,1
767,765,48
767,766,33
767,768,174
767,769,13
767,805,1
767,814,2
767,900,43
767,922,1
767,946,4
768,30,2
768,100,5
768,107,1
768,126,1
768,128,103
768,170,10
768,305,2
768,353,1
768,581,8
768,594,1
768,674,1
768,714,9
768,751,11
768,765,7
768,766,40
768,767,105
768,769,19
768,879,5
768,900,34
768,923,2
768,946,1
769,107,2
769,128,46
769,405,1
769,581,2
769,594,4
769,692,1
769,714,1
769,765,1
769,766,3
769,767,12
769,768,4
769,900,219
769,922,3
771,370,4
787,128,4
794,128,12
794,133,2
794,534,1
794,726,1
794,765,2
794,767,3
794,768,2
795,128,2
800,128,4
801,5,1
801,96,1
801,100,1
801,128,23
801,587,1
801,707,1
803,128,18
803,714,1
805,767,1
805,900,5
806,128,46
806,357,1
806,525,1
806,726,1
806,743,1
806,765,1
807,128,1
811,128,9
812,114,2
812,128,22
812,601,2
812,813,2
812,889,1
813,114,3
813,128,33
813,736,1
814,96,4
814,100,28
814,128,77
814,308,6
814,510,1
814,582,2
814,608,1
814,707,1
814,767,1
814,901,1
814,946,7
826,100,1
826,128,12
829,126,3
829,128,83
829,134,1
829,369,2
831,128,1
831,928,1
832,128,5
832,726,1
833,128,1
836,126,2
836,128,35
836,765,1
845,128,2
845,305,1
845,369,5
846,128,10
846,524,2
846,705,2
846,714,2
853,128,5
855,128,5
856,128,2
856,714,1
862,96,1
862,128,1
863,96,2
863,100,15
863,128,32
863,582,1
863,583,1
863,652,1
863,946,1
871,128,2
874,128,6
874,768,1
879,128,11
879,766,2
879,768,24
880,10,1
887,0,1
887,128,10
888,96,1
888,100,4
888,128,47
888,674,1
888,714,1
888,726,1
888,765,2
888,766,1
888,767,1
888,900,2
889,128,1
893,100,2
893,128,22
893,714,1
893,765,2
893,768,1
900,30,3
900,107,15
900,128,35
900,136,1
900,140,12
900,594,10
900,674,1
900,714,5
900,726,1
900,751,4
900,765,2
900,766,3
900,767,53
900,768,50
900,769,182
900,805,6
900,888,1
900,922,6
901,96,1
901,100,8
901,128,13
901,608,6
901,814,1
901,946,4
902,128,3
904,128,5
904,676,1
904,767,1
904,900,5
907,126,3
907,128,5
913,154,1
914,584,1
917,128,1
919,100,8
919,128,20
919,582,1
919,814,2
922,128,9
923,30,1
923,768,11
924,100,1
924,128,37
924,228,1
924,581,1
924,584,1
924,714,1
924,765,1
924,767,2
925,96,1
925,100,4
925,128,10
925,227,1
925,353,1
925,767,1
925,901,1
925,946,2
926,581,1
928,47,1
928,126,4
928,128,182
928,355,1
928,393,3
928,410,1
928,415,2
928,594,1
928,765,2
928,769,1
928,832,2
929,128,2
929,767,1
932,128,2
935,128,11
938,96,1
938,100,1
938,128,16
938,582,1
938,707,1
938,708,1
938,723,2
939,128,2
943,128,2
944,128,5
945,60,1
945,100,1
945,128,48
945,765,2
946,96,1
946,100,13
946,128,31
946,315,1
946,370,1
946,582,2
946,608,1
946,747,1
946,814,2
946,901,3
946,919,1
947,128,16
948,100,2
948,128,18
949,128,3
949,947,1
950,128,19
100000,100014,3
100000,100019,4
100000,100021,5
100000,100027,4
100000,100028,7
100000,100032,3
100000,100043,44
100000,100047,5
100000,100056,12
100000,100061,64
100000,100063,2
100000,100083,2
100000,100091,9
100000,100131,9
100000,100144,17
100000,100145,2
100000,100150,99
100000,100152,1
100000,100157,76
100000,100158,10
100000,100176,1
100000,100195,16
100000,100206,9
100000,100228,4
100000,100248,1
100000,100276,155
100000,100278,9
100000,100287,8
100000,100311,1
100000,100315,6
100000,100322,3
100000,100328,31
100000,100334,7
100000,100335,19
100000,100340,1
100000,100345,73
100000,100370,3
100000,100372,12
100000,100373,2478
100000,100374,2
100000,100393,1
100000,100417,2
100000,100418,1
100000,100440,7
100000,100441,4
100000,100455,2
100000,100458,3
100000,100477,2
100000,100487,2
100000,100495,6
100000,100499,78
100000,100500,1
100000,100503,1
100000,100524,8
100000,100547,40
100000,100572,26
100000,100577,1
100000,100586,3
100000,100603,6
100000,100624,4
100000,100626,9
100000,100627,12
100000,100630,3
100000,100657,32
100000,100661,21
100000,100673,49
100000,100685,2
100000,100699,4
100000,100703,1
100000,100752,10
100000,100757,4
100000,100770,2
100000,100787,40
100000,100792,5
100000,100796,2
100000,100804,1
100000,100810,8
100000,100812,13
100000,100817,1
100000,100819,5
100000,100825,5
100000,100828,1
100000,100859,2
100000,100866,16
100014,100544,1
100014,100547,2
100016,100056,1
100016,100060,1
100016,100208,1
100016,100277,1
100016,100372,5
100016,100373,30
100016,100585,2
100016,100787,1
100017,100373,6
100019,100038,1
100019,100043,1
100019,100061,16
100019,100157,1
100019,100195,1
100019,100322,1
100019,100373,19
100019,100572,1
100019,100685,1
100019,100752,1
100019,100787,11
100021,100000,4
100021,100144,2
100021,100150,13
100021,100154,2
100021,100157,2
100021,100215,1
100021,100276,1
100021,100285,1
100021,100316,1
100021,100328,1
100021,100373,4
100021,100547,2
100021,100572,2
100021,100796,1
100021,100813,1
100027,100373,19
100027,100572,1
100028,100000,21
100028,100144,6
100028,100345,1
100028,100373,104
100028,100374,2
100028,100455,1
100028,100499,4
100028,100524,1
100028,100603,6
100028,100673,1
100028,100787,1
100032,100000,1
100032,100328,2
100032,100792,1
100033,100047,1
100033,100144,2
100033,100155,1
100033,100372,2
100033,100373,51
100033,100624,1
100033,100787,3
100037,100144,1
100037,100373,13
100037,100787,1
100038,100019,1
100038,100373,6
100038,100787,1
100039,100056,1
100039,100278,1
100039,100372,2
100039,100373,6
100039,100787,1
100043,100000,48
100043,100019,1
100043,100039,1
100043,100056,5
100043,100061,71
100043,100064,1
100043,100083,1
100043,100131,2
100043,100144,5
100043,100145,11
100043,100150,15
100043,100153,2
100043,100157,6
100043,100195,4
100043,100202,2
100043,100206,3
100043,100276,112
100043,100278,12
100043,100285,1
100043,100315,1
100043,100334,3
100043,100340,1
100043,100345,3
100043,100372,43
100043,100373,619
100043,100417,1
100043,100477,1
100043,100495,1
100043,100497,1
100043,100499,3
100043,100524,3
100043,100540,1
100043,100543,1
100043,100547,2
100043,100548,2
100043,100572,4
100043,100603,1
100043,100624,6
100043,100657,1
100043,100664,1
100043,100673,2
100043,100699,7
100043,100752,2
100043,100787,67
100043,100817,4
100043,100862,2
100046,100827,1
100047,100000,11
100047,100028,2
100047,100033,1
100047,100043,4
100047,100056,4
100047,100061,7
100047,100144,5
100047,100158,1
100047,100195,2
100047,100276,1
100047,100328,2
100047,100340,1
100047,100345,2
100047,100372,3
100047,100373,208
100047,100488,1
100047,100524,1
100047,100572,1
100047,100589,1
100047,100624,4
100047,100626,2
100047,100787,20
100047,100817,3
100047,100825,1
100051,100373,4
100051,100587,1
100053,100041,1
100056,100000,31
100056,100039,2
100056,100043,3
100056,100047,1
100056,100061,6
100056,100144,5
100056,100145,1
100056,100158,1
100056,100276,1
100056,100277,2
100056,100278,42
100056,100345,7
100056,100370,1
100056,100372,34
100056,100373,277
100056,100499,1
100056,100524,3
100056,100572,2
100056,100587,3
100056,100603,1
100056,100624,4
100056,100626,1
100056,100655,2
100056,100686,1
100056,100787,8
100058,100547,2
100059,100456,1
100059,100545,1
100059,100547,5
100060,100372,2
100060,100373,7
100061,100000,81
100061,100019,22
100061,100038,5
100061,100043,18
100061,100047,1
100061,100056,4
100061,100091,1
100061,100144,16
100061,100145,1
100061,100150,10
100061,100157,5
100061,100158,1
100061,100195,11
100061,100202,2
100061,100206,2
100061,100228,2
100061,100276,56
100061,100278,15
100061,100284,1
100061,100285,2
100061,100287,1
100061,100311,1
100061,100315,1
100061,100316,6
100061,100322,1
100061,100334,4
100061,100345,2
100061,100372,4
100061,100373,756
100061,100417,2
100061,100440,1
100061,100477,1
100061,100499,11
100061,100540,1
100061,100547,5
100061,100572,9
100061,100587,1
100061,100624,7
100061,100626,1
100061,100630,1
100061,100664,1
100061,100673,1
100061,100685,1
100061,100699,1
100061,100752,2
100061,100787,200
100061,100812,1
100061,100825,2
100061,100866,2
100063,100000,4
100063,100373,15
100064,100000,1
100064,100154,1
100064,100373,4
100064,100565,1
100064,100787,1
100078,100144,5
100078,100276,3
100078,100316,1
100078,100328,1
100078,100373,36
100080,100043,2
100080,100061,4
100080,100276,11
100080,100278,2
100080,100334,1
100080,100373,16
100080,100787,4
100083,100150,1
100091,100000,1
100091,100083,1
100091,100150,1
100091,100157,3
100091,100206,1
100091,100335,1
100091,100373,1
100091,100499,1
100091,100547,9
100105,100107,1
100105,100144,1
100105,100335,1
100106,100107,2
100106,100341,1
100107,100106,1
100107,100108,1
100107,100341,11
100108,100107,2
100108,100220,1
100108,100341,5
100109,100105,1
100109,100107,3
100127,100248,1
100127,100373,4
100129,100195,1
100129,100373,7
100131,100000,8
100131,100091,2
100131,100144,5
100131,100157,2
100131,100334,1
100131,100335,7
100131,100373,5
100131,100374,1
100131,100418,1
100131,100499,4
100131,100547,4
100131,100752,1
100131,100866,1
100143,100021,2
100143,100154,1
100144,100000,3
100144,100033,1
100144,100047,2
100144,100061,13
100144,100078,1
100144,100131,8
100144,100143,1
100144,100157,1
100144,100228,4
100144,100276,2
100144,100284,1
100144,100316,2
100144,100328,1
100144,100335,10
100144,100345,1
100144,100370,2
100144,100372,4
100144,100373,408
100144,100374,3
100144,100417,1
100144,100487,1
100144,100499,1
100144,100538,1
100144,100547,1
100144,100572,1
100144,100673,2
100144,100703,3
100144,100706,1
100144,100787,11
100144,100793,1
100144,100817,1
100144,100825,1
100145,100028,1
100145,100037,1
100145,100038,1
100145,100039,1
100145,100043,4
100145,100056,4
100145,100061,1
100145,100144,12
100145,100195,1
100145,100276,10
100145,100277,1
100145,100278,4
100145,100372,41
100145,100373,390
100145,100497,1
100145,100603,2
100145,100624,9
100145,100664,1
100145,100699,23
100145,100787,7
100145,100812,2
100150,100000,28
100150,100019,1
100150,100021,42
100150,100032,1
100150,100043,2
100150,100061,4
100150,100083,1
100150,100141,1
100150,100151,19
100150,100152,3
100150,100154,51
100150,100157,19
100150,100158,3
100150,100195,3
100150,100206,18
100150,100215,3
100150,100248,1
100150,100276,29
100150,100279,1
100150,100285,26
100150,100322,1
100150,100328,5
100150,100334,1
100150,100335,7
100150,100365,2
100150,100373,2
100150,100418,13
100150,100440,8
100150,100441,4
100150,100442,1
100150,100455,10
100150,100499,7
100150,100500,1
100150,100503,2
100150,100505,1
100150,100545,10
100150,100547,24
100150,100565,3
100150,100572,26
100150,100577,3
100150,100581,2
100150,100585,1
100150,100627,1
100150,100630,2
100150,100647,1
100150,100651,1
100150,100685,4
100150,100686,4
100150,100699,1
100150,100752,16
100150,100770,2
100150,100792,1
100150,100796,5
100150,100811,6
100150,100813,1
100150,100825,1
100150,100828,2
100150,100860,3
100150,100866,16
100151,100429,1
100152,100150,8
100153,100373,13
100153,100787,1
100154,100021,1
100154,100144,2
100154,100150,18
100154,100152,2
100154,100752,1
100154,100866,1
100155,100144,7
100155,100373,9
100157,100000,25
100157,100014,1
100157,100019,4
100157,100043,2
100157,100061,2
100157,100091,1
100157,100144,1
100157,100150,23
100157,100154,2
100157,100195,3
100157,100206,4
100157,100276,1
100157,100285,2
100157,100311,2
100157,100322,2
100157,100335,5
100157,100345,1
100157,100373,6
100157,100440,3
100157,100441,2
100157,100547,13
100157,100572,9
100157,100651,1
100157,100657,1
100157,100752,13
100157,100770,1
100157,100825,2
100157,100866,1
100158,100150,1
100161,100796,1
100175,100813,1
100176,100316,1
100180,100222,1
100193,100000,1
100195,100000,5
100195,100019,1
100195,100043,1
100195,100061,7
100195,100144,1
100195,100150,2
100195,100157,2
100195,100158,3
100195,100206,1
100195,100276,3
100195,100278,1
100195,100322,1
100195,100345,3
100195,100372,4
100195,100373,170
100195,100524,1
100195,100538,1
100195,100572,1
100195,100589,1
100195,100624,14
100195,100626,4
100195,100664,1
100195,100682,1
100195,100769,1
100195,100787,12
100195,100817,3
100195,100866,2
100202,100276,1
100202,100373,16
100204,100511,1
100206,100000,3
100206,100021,4
100206,100043,1
100206,100059,1
100206,100091,3
100206,100150,31
100206,100152,1
100206,100154,1
100206,100157,1
100206,100158,1
100206,100195,2
100206,100276,2
100206,100285,2
100206,100335,1
100206,100373,4
100206,100418,1
100206,100547,15
100206,100572,3
100206,100584,1
100206,100686,1
100206,100752,2
100206,100828,1
100206,100866,1
100208,100043,2
100208,100056,1
100208,100061,1
100208,100144,2
100208,100195,1
100208,100276,3
100208,100278,1
100208,100345,1
100208,100373,95
100208,100417,7
100208,100497,1
100208,100587,1
100208,100624,2
100208,100706,1
100208,100787,7
100212,100000,2
100212,100440,1
100213,100032,1
100220,100107,1
100220,100341,3
100224,100792,1
100228,100000,1
100228,100014,2
100228,100016,1
100228,100057,1
100228,100061,3
100228,100144,2
100228,100316,1
100228,100328,3
100228,100335,4
100228,100373,8
100228,100495,4
100228,100499,3
100228,100547,30
100228,100690,1
100228,100758,1
100228,100813,3
100228,100828,3
100248,100228,1
100248,100335,1
100248,100373,11
100249,100372,7
100249,100373,1
100275,100150,2
100275,100627,1
100276,100000,73
100276,100019,1
100276,100021,1
100276,100027,1
100276,100043,28
100276,100056,4
100276,100061,43
100276,100131,1
100276,100144,9
100276,100145,11
100276,100150,31
100276,100151,1
100276,100153,2
100276,100154,4
100276,100157,4
100276,100206,3
100276,100208,2
100276,100277,1
100276,100278,25
100276,100285,4
100276,100334,6
100276,100345,1
100276,100370,1
100276,100372,9
100276,100373,428
100276,100499,3
100276,100524,3
100276,100545,1
100276,100547,6
100276,100548,5
100276,100572,2
100276,100585,1
100276,100624,1
100276,100686,1
100276,100699,1
100276,100752,1
100276,100787,37
100276,100813,3
100276,100817,1
100276,100828,1
100276,100866,4
100277,100056,2
100277,100061,11
100277,100144,1
100277,100158,1
100277,100276,7
100277,100278,8
100277,100372,4
100277,100373,106
100277,100587,2
100277,100624,3
100277,100757,1
100277,100787,15
100277,100796,1
100277,100817,1
100278,100000,6
100278,100039,1
100278,100056,28
100278,100061,28
100278,100144,10
100278,100150,1
100278,100153,1
100278,100158,1
100278,100195,4
100278,100228,1
100278,100276,20
100278,100277,14
100278,100292,1
100278,100328,1
100278,100334,2
100278,100345,3
100278,100372,20
100278,100373,459
100278,100499,1
100278,100524,7
100278,100547,1
100278,100548,1
100278,100572,1
100278,100624,7
100278,100787,43
100278,100792,3
100278,100817,2
100278,100862,1
100279,100525,1
100279,100547,4
100280,100288,1
100280,100499,1
100280,100547,3
100284,100043,1
100284,100056,1
100284,100061,2
100284,100144,3
100284,100195,1
100284,100278,1
100284,100345,1
100284,100372,1
100284,100373,69
100284,100488,1
100284,100787,9
100285,100000,3
100285,100061,1
100285,100150,9
100285,100151,1
100285,100154,1
100285,100157,1
100285,100276,1
100285,100365,1
100285,100418,1
100285,100545,1
100285,100547,2
100285,100651,1
100285,100752,1
100285,100792,4
100285,100796,2
100285,100825,1
100287,100000,5
100287,100157,1
100287,100373,13
100287,100699,1
100292,100144,1
100292,100373,6
100302,100144,1
100302,100373,8
100311,100157,1
100311,100685,1
100315,100287,1
100315,100373,9
100315,100477,1
100315,100812,1
100316,100061,2
100316,100144,2
100316,100178,1
100316,100373,9
100316,100374,2
100316,100813,1
100328,100000,6
100328,100144,3
100328,100157,1
100328,100373,31
100328,100495,1
100328,100499,1
100328,100500,1
100328,100547,8
100328,100572,2
100328,100632,1
100328,100658,1
100328,100792,5
100328,100796,1
100334,100000,1
100334,100061,3
100334,100091,1
100334,100144,1
100334,100150,1
100334,100157,1
100334,100276,2
100334,100335,2
100334,100372,1
100334,100373,25
100334,100499,1
100334,100548,2
100334,100603,1
100334,100678,1
100334,100752,1
100334,100787,1
100335,100000,4
100335,100032,1
100335,100061,1
100335,100091,2
100335,100144,13
100335,100150,1
100335,100157,4
100335,100228,1
100335,100373,9
100335,100393,1
100335,100441,1
100335,100499,3
100335,100547,4
100335,100572,2
100335,100624,1
100335,100686,1
100335,100770,1
100335,100796,2
100335,100825,2
100339,100340,1
100339,100373,4
100340,100000,2
100340,100373,2
100340,100862,1
100341,100106,1
100341,100107,16
100341,100108,1
100341,100220,1
100345,100000,13
100345,100038,2
100345,100047,1
100345,100056,1
100345,100083,1
100345,100144,6
100345,100150,5
100345,100157,2
100345,100195,1
100345,100276,1
100345,100278,1
100345,100328,2
100345,100372,2
100345,100373,204
100345,100418,1
100345,100524,2
100345,100547,2
100345,100706,1
100345,100787,3
100345,100866,1
100352,100082,1
100352,100157,1
100352,100713,1
100352,100752,1
100352,100860,1
100355,100713,1
100365,100157,1
100370,100028,2
100370,100056,1
100370,100145,1
100370,100276,1
100370,100278,1
100370,100345,1
100370,100372,2
100370,100373,111
100370,100524,1
100370,100554,1
100370,100655,3
100370,100673,6
100370,100769,1
100372,100000,32
100372,100016,8
100372,100027,1
100372,100037,1
100372,100038,4
100372,100039,5
100372,100043,45
100372,100051,1
100372,100056,106
100372,100060,1
100372,100061,31
100372,100144,21
100372,100145,22
100372,100150,1
100372,100153,3
100372,100155,1
100372,100195,10
100372,100202,1
100372,100208,3
100372,100276,26
100372,100277,2
100372,100278,100
100372,100292,1
100372,100328,2
100372,100334,1
100372,100345,8
100372,100370,4
100372,100373,1483
100372,100417,6
100372,100477,1
100372,100499,2
100372,100524,6
100372,100538,2
100372,100547,2
100372,100584,1
100372,100585,5
100372,100586,3
100372,100587,4
100372,100599,10
100372,100603,8
100372,100624,13
100372,100626,1
100372,100627,1
100372,100661,1
100372,100664,5
100372,100673,1
100372,100699,3
100372,100787,59
100372,100792,2
100372,100793,2
100372,100812,3
100372,100817,4
100373,100000,412
100373,100016,11
100373,100017,1
100373,100019,12
100373,100021,1
100373,100027,13
100373,100028,53
100373,100032,1
100373,100033,16
100373,100037,10
100373,100038,68
100373,100039,5
100373,100043,143
100373,100047,47
100373,100051,2
100373,100056,105
100373,100060,1
100373,100061,309
100373,100063,4
100373,100064,1
100373,100078,3
100373,100091,1
100373,100131,5
100373,100143,1
100373,100144,617
100373,100145,47
100373,100150,11
100373,100152,1
100373,100153,19
100373,100154,7
100373,100155,5
100373,100157,14
100373,100158,4
100373,100195,76
100373,100202,7
100373,100206,2
100373,100208,11
100373,100228,3
100373,100248,3
100373,100276,269
100373,100277,10
100373,100278,188
100373,100284,19
100373,100285,3
100373,100287,7
100373,100292,1
100373,100302,1
100373,100315,9
100373,100316,9
100373,100328,34
100373,100334,11
100373,100335,19
100373,100340,4
100373,100345,45
100373,100370,35
100373,100372,444
100373,100374,78
100373,100390,2
100373,100417,50
100373,100477,2
100373,100487,1
100373,100488,4
100373,100497,5
100373,100499,26
100373,100524,163
100373,100538,6
100373,100543,4
100373,100547,5
100373,100548,12
100373,100554,11
100373,100571,1
100373,100572,19
100373,100583,1
100373,100584,8
100373,100585,7
100373,100587,51
100373,100589,1
100373,100599,1
100373,100603,59
100373,100624,166
100373,100626,25
100373,100627,1
100373,100630,1
100373,100645,1
100373,100655,5
100373,100656,5
100373,100657,63
100373,100661,21
100373,100664,13
100373,100673,109
100373,100678,4
100373,100682,13
100373,100686,8
100373,100699,34
100373,100700,3
100373,100703,99
100373,100705,1
100373,100706,8
100373,100712,6
100373,100752,3
100373,100757,8
100373,100769,13
100373,100787,825
100373,100792,16
100373,100793,5
100373,100796,3
100373,100798,1
100373,100804,4
100373,100810,31
100373,100812,59
100373,100813,4
100373,100817,39
100373,100819,11
100373,100828,1
100373,100861,1
100373,100862,12
100373,100866,8
100374,100144,1
100374,100316,1
100374,100335,1
100374,100373,16
100389,100371,1
100390,100373,9
100391,100150,4
100393,100000,1
100393,100440,1
100415,100563,1
100417,100000,2
100417,100038,1
100417,100091,1
100417,100144,13
100417,100150,1
100417,100334,1
100417,100373,48
100417,100499,5
100417,100547,1
100417,100706,7
100418,100150,2
100418,100151,1
100418,100545,2
100418,100752,1
100429,100150,1
100429,100334,1
100440,100000,4
100440,100061,1
100440,100150,1
100440,100322,1
100440,100335,1
100440,100499,2
100440,100547,1
100441,100061,1
100441,100316,2
100442,100150,1
100450,100391,1
100450,100547,1
100454,100144,1
100455,100157,2
100455,100547,4
100455,100558,1
100456,100059,1
100456,100545,1
100458,100000,2
100472,100144,1
100472,100372,1
100472,100373,2
100472,100673,1
100472,100819,1
100477,100043,1
100477,100287,1
100477,100373,9
100477,100699,1
100477,100812,1
100485,100316,1
100487,100322,1
100488,100000,1
100488,100052,1
100488,100061,1
100488,100144,2
100488,100373,12
100488,100572,3
100488,100787,1
100488,100792,2
100495,100000,3
100495,100014,1
100495,100059,1
100495,100083,1
100495,100131,1
100495,100144,2
100495,100150,3
100495,100157,1
100495,100228,4
100495,100278,1
100495,100279,1
100495,100316,1
100495,100328,8
100495,100335,2
100495,100345,1
100495,100372,1
100495,100373,26
100495,100417,1
100495,100499,4
100495,100547,56
100495,100630,4
100495,100690,1
100495,100828,23
100497,100373,41
100497,100487,1
100498,100028,1
100498,100373,15
100498,100657,1
100499,100000,63
100499,100019,1
100499,100021,1
100499,100043,8
100499,100061,18
100499,100091,4
100499,100131,4
100499,100144,2
100499,100150,33
100499,100157,5
100499,100206,1
100499,100276,14
100499,100284,1
100499,100287,1
100499,100328,1
100499,100334,6
100499,100335,12
100499,100372,1
100499,100373,117
100499,100417,1
100499,100418,1
100499,100440,1
100499,100477,6
100499,100538,1
100499,100547,7
100499,100572,1
100499,100577,1
100499,100587,1
100499,100630,1
100499,100661,1
100499,100787,16
100499,100793,1
100499,100817,1
100499,100825,2
100499,100866,1
100500,100150,2
100500,100154,1
100500,100285,1
100503,100157,1
100503,100195,1
100503,100860,1
100507,100796,3
100513,100372,1
100513,100373,8
100513,100787,1
100524,100000,6
100524,100144,3
100524,100372,1
100524,100373,89
100524,100673,1
100524,100787,1
100525,100014,3
100525,100228,2
100525,100547,31
100525,100752,1
100525,100828,3
100534,100373,1
100534,100787,1
100538,100016,1
100538,100061,2
100538,100144,1
100538,100372,2
100538,100373,45
100538,100488,1
100538,100585,1
100538,100587,8
100538,100787,4
100539,100061,1
100539,100278,1
100539,100373,6
100539,100524,1
100539,100678,1
100539,100792,1
100540,100373,10
100540,100787,1
100544,100515,1
100544,100547,1
100544,100828,1
100545,100000,1
100545,100150,1
100545,100151,1
100545,100418,1
100547,100000,21
100547,100014,11
100547,100021,2
100547,100058,1
100547,100083,1
100547,100091,3
100547,100131,1
100547,100144,1
100547,100150,8
100547,100157,15
100547,100158,1
100547,100206,5
100547,100228,7
100547,100275,2
100547,100285,2
100547,100322,1
100547,100328,9
100547,100334,1
100547,100335,2
100547,100346,1
100547,100373,1
100547,100418,2
100547,100495,25
100547,100499,3
100547,100515,1
100547,100525,9
100547,100544,1
100547,100545,1
100547,100572,4
100547,100577,1
100547,100627,2
100547,100630,1
100547,100752,4
100547,100758,2
100547,100825,4
100547,100828,12
100548,100061,2
100548,100334,1
100548,100372,3
100548,100373,24
100548,100524,1
100548,100603,1
100548,100664,1
100548,100787,2
100551,100000,2
100551,100276,1
100551,100373,3
100551,100391,1
100551,100603,1
100554,100037,1
100554,100373,77
100554,100657,2
100554,100673,21
100562,100373,9
100562,100554,2
100562,100571,1
100562,100673,3
100565,100154,1
100565,100206,1
100565,100212,1
100565,100752,1
100571,100144,1
100571,100373,6
100572,100000,7
100572,100021,4
100572,100052,1
100572,100061,1
100572,100083,2
100572,100091,1
100572,100144,2
100572,100150,25
100572,100157,9
100572,100158,5
100572,100195,7
100572,100208,1
100572,100215,1
100572,100277,1
100572,100285,7
100572,100322,2
100572,100328,2
100572,100334,1
100572,100335,1
100572,100372,1
100572,100373,38
100572,100417,1
100572,100440,1
100572,100441,1
100572,100499,1
100572,100503,1
100572,100547,1
100572,100624,2
100572,100655,1
100572,100685,2
100572,100792,7
100572,100796,6
100572,100860,1
100572,100866,1
100573,100828,1
100581,100150,2
100582,100144,1
100582,100373,28
100583,100373,9
100583,100524,1
100584,100047,1
100584,100144,1
100584,100373,46
100584,100524,1
100584,100624,2
100584,100626,1
100584,100787,1
100585,100043,4
100585,100061,3
100585,100370,1
100585,100373,20
100585,100624,1
100585,100626,1
100585,100787,4
100586,100000,18
100586,100056,1
100586,100061,1
100586,100276,2
100586,100345,2
100586,100372,8
100586,100373,13
100587,100000,2
100587,100016,1
100587,100144,1
100587,100372,1
100587,100373,96
100587,100538,2
100587,100787,2
100587,100792,1
100587,100866,1
100589,100373,1
100591,100792,1
100599,100047,1
100599,100056,3
100599,100061,2
100599,100278,8
100599,100372,14
100599,100373,21
100599,100787,1
100602,100157,1
100602,100373,1
100603,100000,5
100603,100028,4
100603,100038,1
100603,100144,2
100603,100373,78
100603,100524,3
100603,100624,2
100603,100703,1
100603,100787,5
100603,100866,1
100604,100144,20
100604,100373,19
100617,100373,9
100624,100000,4
100624,100021,1
100624,100043,1
100624,100056,1
100624,100144,3
100624,100195,1
100624,100278,2
100624,100285,1
100624,100373,92
100624,100497,1
100624,100524,2
100624,100547,1
100624,100572,1
100624,100626,2
100624,100787,1
100624,100792,2
100624,100796,2
100626,100150,2
100626,100158,1
100626,100195,3
100626,100206,1
100626,100322,2
100626,100373,30
100626,100624,3
100627,100000,3
100627,100158,1
100627,100285,1
100627,100373,1
100627,100440,1
100627,100547,1
100627,100577,1
100627,100661,1
100627,100825,1
100629,100000,1
100630,100150,2
100630,100440,1
100630,100547,1
100632,100792,3
100634,100372,4
100634,100373,1
100645,100043,3
100645,100278,1
100645,100373,25
100645,100657,4
100645,100673,3
100645,100787,1
100645,100812,1
100647,100150,3
100647,100455,1
100651,100000,1
100651,100157,3
100651,100499,1
100651,100547,1
100651,100703,1
100651,100796,1
100655,100373,3
100656,100373,8
100657,100028,2
100657,100144,2
100657,100373,105
100657,100554,2
100657,100673,11
100657,100703,2
100657,100810,2
100661,100000,3
100661,100287,1
100661,100373,12
100661,100505,2
100661,100627,2
100664,100000,1
100664,100038,1
100664,100051,1
100664,100372,2
100664,100373,26
100664,100787,3
100673,100000,14
100673,100028,15
100673,100047,1
100673,100056,3
100673,100144,1
100673,100287,1
100673,100370,9
100673,100373,527
100673,100554,22
100673,100603,1
100673,100655,1
100673,100657,23
100673,100661,1
100673,100703,4
100673,100705,3
100673,100810,9
100673,100812,2
100678,100061,2
100678,100144,1
100678,100373,4
100678,100415,1
100678,100563,1
100678,100683,1
100678,100811,1
100682,100373,2
100682,100787,1
100683,100061,1
100683,100373,1
100685,100195,1
100685,100545,1
100686,100000,1
100686,100144,1
100686,100157,1
100686,100195,2
100686,100206,1
100686,100276,2
100686,100278,1
100686,100285,1
100686,100372,3
100686,100373,49
100686,100524,1
100686,100572,1
100686,100603,2
100686,100624,1
100686,100787,2
100686,100792,1
100686,100813,1
100686,100817,1
100690,100335,2
100690,100346,1
100690,100499,1
100690,100828,1
100699,100335,2
100699,100372,2
100699,100373,53
100699,100497,1
100699,100624,1
100699,100657,1
100699,100787,1
100700,100373,17
100702,100373,1
100702,100524,1
100703,100000,1
100703,100144,2
100703,100373,148
100703,100810,2
100705,100373,24
100706,100144,1
100713,100150,1
100752,100000,3
100752,100157,7
100752,100499,1
100752,100547,6
100757,100373,4
100758,100547,4
100770,100000,3
100770,100157,1
100770,100206,1
100770,100572,3
100780,100285,1
100784,100000,9
100784,100373,4
100787,100000,43
100787,100019,9
100787,100028,3
100787,100033,3
100787,100038,1
100787,100039,1
100787,100043,18
100787,100047,4
100787,100056,10
100787,100061,181
100787,100064,1
100787,100144,30
100787,100145,16
100787,100150,2
100787,100153,3
100787,100195,39
100787,100202,1
100787,100206,1
100787,100208,1
100787,100276,67
100787,100278,61
100787,100284,4
100787,100292,1
100787,100316,2
100787,100334,7
100787,100335,1
100787,100340,1
100787,100345,3
100787,100372,45
100787,100373,1426
100787,100417,12
100787,100488,1
100787,100499,10
100787,100524,7
100787,100540,1
100787,100543,2
100787,100548,1
100787,100563,1
100787,100585,1
100787,100603,1
100787,100624,20
100787,100626,3
100787,100664,5
100787,100682,1
100787,100686,7
100787,100769,3
100787,100793,2
100787,100812,2
100787,100813,1
100787,100817,12
100787,100861,1
100787,100866,1
100792,100052,3
100792,100157,1
100792,100208,1
100792,100373,10
100792,100497,1
100792,100572,2
100792,100686,1
100792,100796,2
100793,100373,9
100793,100524,1
100793,100787,1
100795,100547,3
100796,100000,5
100796,100032,1
100796,100150,4
100796,100157,1
100796,100276,1
100796,100285,7
100796,100328,4
100796,100335,1
100796,100373,2
100796,100374,1
100796,100500,1
100796,100572,1
100796,100686,1
100796,100792,3
100799,100014,1
100800,100061,1
100800,100813,1
100804,100373,16
100804,100657,2
100804,100810,1
100808,100514,1
100810,100000,1
100810,100028,1
100810,100373,67
100810,100657,2
100810,100673,3
100810,100703,1
100811,100000,1
100811,100091,1
100811,100495,1
100811,100547,1
100811,100651,1
100811,100866,2
100812,100000,14
100812,100061,1
100812,100144,8
100812,100373,333
100812,100417,1
100812,100524,1
100812,100712,7
100813,100150,2
100817,100000,1
100817,100061,1
100817,100091,1
100817,100373,28
100819,100000,2
100819,100150,1
100819,100373,153
100819,100661,2
100819,100703,1
100825,100000,4
100825,100061,2
100825,100091,1
100825,100131,1
100825,100150,3
100825,100157,1
100825,100322,1
100825,100328,1
100825,100334,1
100825,100335,4
100825,100455,1
100825,100499,3
100825,100547,5
100825,100577,1
100825,100796,1
100827,100014,2
100827,100547,5
100827,100828,1
100828,100000,3
100828,100014,3
100828,100057,1
100828,100157,1
100828,100228,3
100828,100316,3
100828,100328,1
100828,100335,10
100828,100373,12
100828,100418,1
100828,100495,6
100828,100499,6
100828,100524,1
100828,100525,1
100828,100544,1
100828,100547,34
100828,100699,1
100828,100773,1
100828,100787,2
100858,100372,3
100858,100373,4
100858,100787,1
100859,100000,5
100859,100019,1
100859,100061,1
100859,100083,1
100859,100150,7
100859,100157,3
100859,100158,2
100859,100195,2
100859,100206,1
100859,100311,1
100859,100572,2
100859,100685,1
100859,100699,1
100860,100157,1
100861,100061,1
100861,100813,1
100862,100157,1
100862,100373,18
100862,100455,1
100862,100547,3
100866,100000,8
100866,100021,1
100866,100032,1
100866,100061,1
100866,100144,1
100866,100150,2
100866,100328,4
100866,100345,1
100866,100373,33
100866,100455,1
100866,100547,1
100866,100572,1
100866,100587,1
100866,100792,1
100866,100796,3
100866,100812,1
200000,200068,1
200000,200145,1
200000,200414,1
200001,200007,1
200001,200017,7
200001,200018,1
200001,200024,14
200001,200028,7
200001,200030,28
200001,200033,3
200001,200035,1
200001,200040,1
200001,200044,1
200001,200045,20
200001,200049,1
200001,200052,4
200001,200054,1
200001,200057,1
200001,200059,1
200001,200060,4
200001,200062,1
200001,200066,1
200001,200068,24
200001,200071,8
200001,200076,1
200001,200082,2
200001,200088,1
200001,200091,43
200001,200093,2
200001,200098,8
200001,200099,2
200001,200101,21
200001,200108,4
200001,200111,1
200001,200132,2
200001,200133,15
200001,200135,4
200001,200136,1
200001,200137,1
200001,200143,4
200001,200144,1
200001,200154,7
200001,200164,1
200001,200168,8
200001,200171,1
200001,200177,3
200001,200179,1
200001,200187,2
200001,200202,3
200001,200208,6
200001,200211,1
200001,200221,1
200001,200227,1
200001,200236,1
200001,200237,1
200001,200239,1
200001,200240,2
200001,200241,3
200001,200253,1
200001,200255,1
200001,200274,1
200001,200284,11
200001,200308,12
200001,200314,3
200001,200320,2
200001,200323,1
200001,200325,1
200001,200330,2
200001,200333,1
200001,200338,6
200001,200341,5
200001,200350,9
200001,200351,3
200001,200352,6
200001,200353,1
200001,200357,26
200001,200364,1
200001,200367,5
200001,200379,14
200001,200385,28
200001,200388,1
200001,200397,1
200001,200399,1
200001,200413,4
200001,200414,1227
200001,200417,1
200001,200430,3
200001,200432,2
200001,200434,2
200001,200435,1
200001,200438,2
200001,200447,22
200001,200452,2
200001,200456,8
200001,200457,1
200001,200473,2
200001,200476,1
200001,200497,3
200001,200505,1
200001,200510,55
200001,200539,1
200001,200540,2
200001,200542,11
200001,200547,3
200002,200177,1
200002,200201,1
200002,200414,1
200002,200424,1
200003,200028,1
200003,200351,1
200003,200414,4
200005,200001,2
200005,200066,1
200005,200068,10
200005,200078,1
200005,200145,1
200005,200159,1
200005,200203,1
200005,200212,2
200005,200253,2
200005,200333,2
200005,200384,1
200005,200385,1
200005,200414,45
200005,200422,3
200005,200430,1
200005,200499,1
200005,200542,7
200006,200255,3
200006,200356,2
200006,200358,4
200006,200360,1
200006,200383,1
200006,200396,1
200006,200453,1
200007,200001,1
200007,200035,1
200007,200238,1
200007,200274,1
200007,200308,4
200007,200357,1
200007,200395,1
200007,200414,36
200007,200456,1
200007,200458,1
200007,200500,1
200009,200308,1
200009,200414,6
200009,200544,2
200010,200308,1
200010,200414,7
200011,200066,1
200011,200068,2
200011,200350,3
200011,200414,12
200011,200438,1
200011,200456,1
200014,200068,2
200014,200177,1
200014,200208,1
200014,200212,1
200014,200253,1
200014,200294,1
200014,200322,1
200014,200414,28
200014,200473,1
200015,200052,1
200015,200414,1
200015,200510,1
200016,200198,1
200016,200414,3
200016,200434,1
200017,200001,1
200017,200414,2
200018,200385,1
200018,200414,6
200020,200414,9
200023,200091,1
200023,200357,1
200023,200414,5
200024,200001,4
200024,200028,5
200024,200049,4
200024,200068,14
200024,200069,1
200024,200091,1
200024,200158,2
200024,200202,5
200024,200208,1
200024,200209,1
200024,200231,1
200024,200238,2
200024,200257,1
200024,200350,3
200024,200351,1
200024,200352,12
200024,200357,8
200024,200364,1
200024,200366,3
200024,200367,6
200024,200388,6
200024,200399,2
200024,200414,200
200024,200434,1
200024,200435,3
200024,200470,1
200024,200473,3
200025,200001,2
200025,200045,8
200025,200208,2
200025,200414,1
200025,200447,2
200027,200133,1
200027,200284,1
200027,200414,10
200028,200001,2
200028,200024,6
200028,200066,1
200028,200068,20
200028,200069,1
200028,200100,1
200028,200102,1
200028,200132,1
200028,200145,1
200028,200177,1
200028,200202,6
200028,200208,4
200028,200238,3
200028,200289,1
200028,200314,2
200028,200320,2
200028,200330,1
200028,200333,1
200028,200341,2
200028,200350,2
200028,200351,11
200028,200352,2
200028,200357,3
200028,200367,5
200028,200385,2
200028,200388,7
200028,200396,1
200028,200399,2
200028,200414,225
200028,200430,1
200028,200435,3
200028,200473,1
200028,200504,1
200028,200510,1
200028,200534,1
200028,200539,1
200029,200001,1
200029,200015,1
200029,200033,1
200029,200045,2
200029,200068,1
200029,200088,1
200029,200091,4
200029,200093,3
200029,200094,1
200029,200169,1
200029,200198,1
200029,200202,1
200029,200221,1
200029,200267,1
200029,200291,1
200029,200308,1
200029,200320,1
200029,200350,3
200029,200357,9
200029,200383,1
200029,200389,1
200029,200399,1
200029,200414,43
200029,200434,1
200029,200510,1
200030,200001,4
200030,200007,1
200030,200032,3
200030,200035,1
200030,200068,1
200030,200079,4
200030,200083,1
200030,200087,1
200030,200091,1
200030,200133,6
200030,200135,2
200030,200177,1
200030,200192,1
200030,200232,2
200030,200243,1
200030,200253,1
200030,200274,8
200030,200308,3
200030,200328,1
200030,200366,1
200030,200385,7
200030,200399,1
200030,200414,164
200030,200427,2
200030,200447,4
200030,200500,5
200030,200504,1
200030,200510,2
200030,200532,1
200030,200534,2
200030,200537,1
200030,200539,1
200030,200540,1
200030,200542,39
200032,200007,1
200032,200020,1
200032,200022,1
200032,200042,1
200032,200048,1
200032,200068,16
200032,200071,1
200032,200073,1
200032,200082,1
200032,200113,3
200032,200133,1
200032,200143,2
200032,200154,1
200032,200177,5
200032,200184,1
200032,200203,4
200032,200204,2
200032,200206,1
200032,200212,1
200032,200284,1
200032,200322,3
200032,200338,1
200032,200350,1
200032,200385,3
200032,200414,140
200032,200422,1
200032,200449,62
200032,200452,2
200032,200456,1
200032,200458,1
200032,200500,1
200032,200504,2
200032,200534,1
200032,200542,1
200033,200064,1
200033,200414,18
200034,200030,1
200034,200135,5
200034,200168,1
200034,200414,5
200034,200537,2
200035,200030,1
200035,200091,2
200035,200129,1
200035,200133,2
200035,200148,1
200035,200308,3
200035,200414,19
200035,200542,4
200038,200091,1
200038,200099,1
200038,200113,1
200038,200133,5
200038,200148,1
200038,200203,4
200038,200208,33
200038,200231,1
200038,200238,1
200038,200325,1
200038,200350,3
200038,200357,7
200038,200395,1
200038,200399,1
200038,200414,85
200038,200435,1
200038,200438,6
200038,200456,1
200038,200473,3
200040,200028,1
200040,200068,3
200040,200082,1
200040,200099,2
200040,200100,1
200040,200132,1
200040,200177,3
200040,200202,2
200040,200211,1
200040,200212,1
200040,200289,2
200040,200290,1
200040,200308,2
200040,200320,3
200040,200367,1
200040,200382,1
200040,200388,5
200040,200414,61
200040,200429,1
200040,200447,2
200040,200485,1
200042,200177,1
200042,200414,18
200043,200414,1
200044,200001,1
200044,200045,3
200045,200001,28
200045,200024,5
200045,200025,2
200045,200028,1
200045,200030,4
200045,200035,1
200045,200044,2
200045,200050,1
200045,200068,1
200045,200101,1
200045,200133,1
200045,200202,13
200045,200208,10
200045,200308,3
200045,200350,2
200045,200352,3
200045,200357,1
200045,200399,1
200045,200409,1
200045,200414,72
200045,200417,1
200045,200447,16
200045,200510,2
200045,200542,1
200047,200113,2
200047,200220,1
200047,200350,1
200047,200414,23
200049,200024,2
200049,200068,1
200049,200366,1
200049,200385,1
200049,200414,9
200049,200435,1
200050,200030,1
200050,200068,3
200050,200084,1
200050,200093,1
200050,200177,6
200050,200202,1
200050,200208,2
200050,200212,1
200050,200274,1
200050,200284,1
200050,200308,1
200050,200351,1
200050,200367,1
200050,200383,1
200050,200388,1
200050,200414,137
200050,200432,1
200050,200435,1
200050,200456,3
200050,200465,1
200050,200473,1
200051,200320,3
200051,200337,2
200051,200414,16
200051,200447,2
200051,200504,1
200052,200001,1
200052,200091,3
200052,200093,1
200052,200094,1
200052,200133,1
200052,200289,1
200052,200357,6
200052,200414,20
200052,200430,1
200052,200510,3
200053,200024,1
200053,200028,1
200053,200414,10
200054,200208,1
200054,200350,1
200054,200414,5
200055,200080,1
200055,200177,12
200055,200203,2
200055,200204,2
200055,200314,5
200055,200414,2
200055,200435,1
200056,200385,1
200057,200068,2
200057,200179,1
200057,200255,3
200057,200256,1
200057,200261,2
200057,200362,1
200057,200385,2
200057,200399,1
200057,200414,37
200057,200437,1
200057,200534,1
200057,200542,1
200058,200179,2
200058,200414,4
200059,200024,1
200059,200030,2
200059,200060,1
200059,200068,3
200059,200133,1
200059,200179,1
200059,200202,1
200059,200255,3
200059,200308,1
200059,200385,1
200059,200396,1
200059,200414,31
200059,200434,3
200059,200499,2
200059,200547,1
200060,200001,10
200060,200030,1
200060,200059,2
200060,200101,3
200060,200168,3
200060,200308,16
200060,200379,2
200060,200385,1
200060,200414,178
200060,200434,3
200060,200447,1
200060,200510,5
200061,200030,1
200061,200135,1
200062,200187,1
200062,200308,2
200062,200414,6
200063,200091,5
200063,200414,5
200064,200414,16
200066,200001,2
200066,200030,1
200066,200032,1
200066,200047,1
200066,200059,1
200066,200068,20
200066,200071,1
200066,200083,1
200066,200108,1
200066,200143,1
200066,200168,2
200066,200177,2
200066,200232,1
200066,200241,1
200066,200253,44
200066,200255,5
200066,200257,7
200066,200338,1
200066,200352,1
200066,200357,1
200066,200382,1
200066,200396,2
200066,200414,224
200066,200422,1
200066,200453,1
200066,200456,7
200066,200465,1
200066,200510,2
200066,200539,2
200066,200542,10
200067,200414,1
200067,200462,3
200068,200001,9
200068,200005,2
200068,200014,2
200068,200017,1
200068,200022,2
200068,200024,13
200068,200027,2
200068,200028,8
200068,200030,2
200068,200032,50
200068,200038,10
200068,200040,3
200068,200042,4
200068,200045,1
200068,200047,12
200068,200050,1
200068,200052,1
200068,200054,2
200068,200055,2
200068,200057,1
200068,200066,16
200068,200071,1
200068,200079,2
200068,200083,3
200068,200084,14
200068,200088,1
200068,200089,1
200068,200091,34
200068,200093,13
200068,200094,7
200068,200099,2
200068,200102,2
200068,200110,1
200068,200113,15
200068,200123,1
200068,200133,19
200068,200135,1
200068,200142,6
200068,200143,1
200068,200144,1
200068,200145,11
200068,200153,2
200068,200154,1
200068,200158,2
200068,200168,3
200068,200177,55
200068,200178,1
200068,200179,6
200068,200198,1
200068,200200,1
200068,200202,14
200068,200203,10
200068,200204,12
200068,200206,5
200068,200208,39
200068,200209,1
200068,200211,11
200068,200212,18
200068,200220,2
200068,200221,1
200068,200223,1
200068,200224,2
200068,200227,1
200068,200231,1
200068,200234,4
200068,200235,1
200068,200236,1
200068,200237,1
200068,200238,8
200068,200239,1
200068,200240,3
200068,200253,2
200068,200255,4
200068,200257,1
200068,200270,2
200068,200271,1
200068,200274,5
200068,200281,3
200068,200284,2
200068,200289,10
200068,200294,1
200068,200308,1
200068,200314,24
200068,200320,6
200068,200322,1
200068,200324,1
200068,200325,1
200068,200330,11
200068,200333,2
200068,200336,1
200068,200338,9
200068,200350,15
200068,200351,10
200068,200352,9
200068,200357,11
200068,200358,2
200068,200360,1
200068,200362,9
200068,200366,2
200068,200367,11
200068,200382,1
200068,200385,33
200068,200388,16
200068,200396,1
200068,200399,7
200068,200408,1
200068,200413,1
200068,200414,2456
200068,200419,1
200068,200422,5
200068,200424,2
200068,200427,1
200068,200429,1
200068,200430,4
200068,200431,1
200068,200434,8
200068,200435,7
200068,200436,1
200068,200437,3
200068,200438,3
200068,200447,11
200068,200449,32
200068,200452,1
200068,200456,49
200068,200462,3
200068,200465,2
200068,200470,3
200068,200473,8
200068,200474,3
200068,200476,8
200068,200487,1
200068,200489,1
200068,200499,1
200068,200504,1
200068,200510,7
200068,200513,1
200068,200518,1
200068,200521,1
200068,200523,1
200068,200530,2
200068,200531,1
200068,200532,11
200068,200534,34
200068,200539,2
200068,200542,14
200068,200544,1
200068,200546,1
200068,200547,1
200069,200289,2
200070,200030,1
200070,200133,1
200071,200001,1
200071,200030,1
200071,200040,1
200071,200057,1
200071,200068,6
200071,200073,1
200071,200074,1
200071,200079,7
200071,200084,1
200071,200112,1
200071,200143,1
200071,200154,1
200071,200159,1
200071,200177,21
200071,200187,1
200071,200198,1
200071,200208,2
200071,200211,1
200071,200218,2
200071,200224,1
200071,200231,3
200071,200232,7
200071,200241,1
200071,200257,1
200071,200274,6
200071,200284,3
200071,200286,3
200071,200308,3
200071,200314,9
200071,200320,2
200071,200338,1
200071,200350,2
200071,200385,9
200071,200396,1
200071,200414,404
200071,200418,1
200071,200426,1
200071,200431,1
200071,200434,1
200071,200435,1
200071,200437,1
200071,200447,4
200071,200474,1
200071,200500,1
200071,200504,2
200071,200508,4
200071,200523,1
200071,200534,1
200071,200539,12
200072,200068,2
200072,200177,3
200072,200184,1
200072,200211,1
200072,200212,2
200072,200322,1
200072,200414,26
200073,200143,2
200073,200414,2
200074,200414,5
200075,200414,1
200076,200033,2
200076,200068,2
200076,200179,2
200076,200203,1
200076,200357,4
200076,200388,1
200076,200414,4
200076,200438,1
200076,200473,2
200078,200145,1
200078,200257,1
200079,200030,4
200079,200032,1
200079,200068,1
200079,200071,2
200079,200082,1
200079,200098,1
200079,200177,1
200079,200212,1
200079,200224,1
200079,200269,1
200079,200314,5
200079,200320,5
200079,200345,1
200079,200382,1
200079,200385,2
200079,200414,73
200079,200428,1
200079,200429,1
200079,200434,1
200079,200447,4
200079,200470,1
200079,200508,1
200080,200079,1
200080,200320,3
200080,200414,10
200080,200456,1
200081,200001,1
200081,200032,1
200081,200133,1
200081,200177,1
200081,200294,1
200081,200414,14
200081,200434,1
200082,200032,1
200082,200057,1
200082,200071,1
200082,200100,2
200082,200143,1
200082,200145,2
200082,200184,1
200082,200212,1
200082,200290,1
200082,200357,2
200082,200371,2
200082,200406,1
200082,200414,38
200082,200447,1
200082,200456,1
200082,200458,2
200082,200523,1
200083,200032,1
200083,200177,7
200083,200212,3
200083,200414,19
200083,200498,1
200083,200499,1
200083,200542,1
200084,200001,1
200084,200029,1
200084,200040,1
200084,200068,10
200084,200071,2
200084,200083,1
200084,200113,1
200084,200118,2
200084,200133,1
200084,200177,30
200084,200202,1
200084,200204,1
200084,200208,1
200084,200212,6
200084,200238,1
200084,200274,2
200084,200284,1
200084,200308,3
200084,200314,14
200084,200322,3
200084,200338,1
200084,200350,1
200084,200351,1
200084,200357,1
200084,200385,1
200084,200414,146
200084,200435,6
200084,200436,1
200084,200438,1
200084,200447,1
200084,200504,1
200085,200178,2
200085,200356,2
200085,200358,20
200085,200414,5
200087,200068,1
200087,200101,1
200087,200133,3
200087,200212,1
200087,200414,25
200087,200510,11
200087,200532,1
200088,200001,1
200088,200091,1
200088,200093,1
200088,200357,1
200088,200414,15
200089,200068,1
200089,200087,1
200089,200133,2
200089,200241,1
200089,200414,25
200089,200456,1
200089,200510,6
200090,200314,1
200090,200414,4
200091,200001,7
200091,200028,1
200091,200047,1
200091,200052,8
200091,200068,19
200091,200088,2
200091,200093,21
200091,200094,18
200091,200099,1
200091,200102,1
200091,200108,12
200091,200133,12
200091,200202,4
200091,200208,3
200091,200229,1
200091,200238,1
200091,200243,1
200091,200271,3
200091,200330,1
200091,200333,1
200091,200351,2
200091,200357,141
200091,200362,1
200091,200367,1
200091,200385,3
200091,200399,2
200091,200402,1
200091,200414,607
200091,200430,11
200091,200438,1
200091,200443,1
200091,200447,1
200091,200501,1
200091,200510,17
200091,200530,1
200092,200367,1
200093,200001,3
200093,200030,1
200093,200052,2
200093,200068,8
200093,200079,1
200093,200087,1
200093,200088,1
200093,200091,32
200093,200094,9
200093,200108,1
200093,200133,9
200093,200135,3
200093,200168,5
200093,200177,1
200093,200208,1
200093,200229,1
200093,200289,3
200093,200308,1
200093,200330,1
200093,200357,1
200093,200367,6
200093,200385,4
200093,200399,5
200093,200414,142
200093,200430,3
200093,200438,1
200093,200501,1
200093,200510,14
200093,200537,3
200094,200007,1
200094,200068,3
200094,200091,11
200094,200093,2
200094,200241,1
200094,200414,36
200094,200430,2
200095,200187,1
200095,200414,1
200097,200414,1
200098,200028,1
200098,200030,3
200098,200032,1
200098,200079,1
200098,200100,1
200098,200133,2
200098,200192,2
200098,200212,1
200098,200274,1
200098,200284,1
200098,200330,1
200098,200357,2
200098,200390,1
200098,200413,1
200098,200414,62
200098,200447,1
200098,200498,1
200098,200499,1
200098,200540,1
200099,200001,1
200099,200014,1
200099,200068,8
200099,200091,2
200099,200208,1
200099,200221,1
200099,200255,2
200099,200350,5
200099,200352,3
200099,200357,1
200099,200366,1
200099,200388,2
200099,200399,1
200099,200414,52
200099,200432,1
200099,200473,3
200099,200534,1
200100,200079,2
200100,200101,1
200100,200133,1
200100,200271,1
200100,200305,1
200100,200414,7
200100,200498,1
200100,200542,1
200101,200001,16
200101,200030,1
200101,200098,2
200101,200168,4
200101,200177,1
200101,200212,1
200101,200241,2
200101,200305,1
200101,200414,139
200101,200456,1
200101,200485,1
200101,200510,2
200102,200024,1
200102,200040,1
200102,200177,1
200102,200208,3
200102,200211,1
200102,200238,1
200102,200289,1
200102,200351,1
200102,200414,7
200102,200447,1
200104,200049,1
200104,200414,1
200105,200187,1
200105,200367,1
200105,200414,7
200105,200438,1
200105,200510,1
200107,200414,2
200107,200542,1
200108,200001,3
200108,200052,1
200108,200068,3
200108,200091,5
200108,200101,1
200108,200314,1
200108,200357,3
200108,200414,38
200108,200501,1
200108,200530,1
200109,200231,1
200109,200314,2
200109,200345,1
200109,200414,1
200109,200422,1
200110,200202,1
200110,200203,1
200110,200208,1
200110,200279,1
200110,200414,14
200111,200001,1
200111,200024,2
200111,200231,1
200111,200320,1
200111,200352,1
200111,200357,2
200111,200367,1
200111,200414,6
200112,200028,1
200112,200054,1
200112,200068,4
200112,200082,1
200112,200133,5
200112,200137,1
200112,200177,25
200112,200212,11
200112,200243,1
200112,200274,2
200112,200314,1
200112,200357,1
200112,200385,1
200112,200414,72
200113,200050,1
200113,200068,12
200113,200084,2
200113,200177,26
200113,200208,1
200113,200212,5
200113,200220,1
200113,200294,1
200113,200314,1
200113,200322,1
200113,200350,1
200113,200385,1
200113,200414,85
200113,200435,2
200113,200499,4
200113,200504,1
200114,200414,1
200115,200295,1
200115,200324,1
200115,200414,2
200115,200498,1
200116,200143,2
200116,200179,1
200116,200253,2
200116,200414,2
200116,200470,1
200116,200542,1
200117,200068,2
200117,200071,1
200117,200177,1
200117,200308,1
200117,200358,3
200117,200414,20
200117,200447,1
200118,200028,2
200118,200054,1
200118,200084,1
200118,200088,1
200118,200091,1
200118,200093,1
200118,200108,3
200118,200208,1
200118,200314,2
200118,200414,16
200118,200473,1
200118,200510,2
200122,200203,1
200123,200028,1
200123,200320,1
200123,200330,1
200123,200414,8
200124,200025,1
200124,200045,6
200124,200177,1
200124,200208,1
200124,200414,1
200124,200498,1
200126,200414,1
200127,200313,1
200128,200414,3
200129,200414,9
200129,200547,1
200130,200338,3
200130,200414,2
200130,200447,1
200132,200001,1
200132,200068,5
200132,200129,5
200132,200133,1
200132,200136,1
200132,200238,1
200132,200351,1
200132,200357,1
200132,200385,2
200132,200388,1
200132,200414,37
200132,200438,3
200132,200447,1
200132,200449,1
200133,200001,1
200133,200017,1
200133,200022,1
200133,200030,21
200133,200052,3
200133,200056,1
200133,200066,2
200133,200068,14
200133,200079,5
200133,200084,1
200133,200087,2
200133,200089,1
200133,200091,23
200133,200093,4
200133,200094,3
200133,200098,5
200133,200113,1
200133,200116,1
200133,200135,1
200133,200148,7
200133,200159,2
200133,200177,8
200133,200187,1
200133,200192,1
200133,200202,4
200133,200203,1
200133,200208,8
200133,200212,2
200133,200231,3
200133,200238,2
200133,200241,7
200133,200274,4
200133,200284,1
200133,200289,2
200133,200308,4
200133,200314,6
200133,200320,1
200133,200350,2
200133,200351,1
200133,200357,14
200133,200367,3
200133,200385,5
200133,200388,1
200133,200399,2
200133,200414,427
200133,200422,1
200133,200430,3
200133,200434,1
200133,200435,1
200133,200437,1
200133,200438,3
200133,200443,1
200133,200447,1
200133,200456,2
200133,200473,3
200133,200500,2
200133,200510,40
200133,200537,2
200133,200539,3
200133,200542,8
200134,200314,1
200134,200414,1
200134,200435,1
200135,200030,1
200135,200050,1
200135,200068,3
200135,200168,1
200135,200211,1
200135,200240,1
200135,200308,1
200135,200351,1
200135,200367,1
200135,200379,1
200135,200414,40
200135,200432,1
200135,200438,1
200135,200447,1
200135,200545,1
200136,200068,2
200136,200091,1
200136,200177,1
200136,200338,1
200136,200350,1
200136,200357,1
200136,200385,1
200136,200414,81
200136,200422,1
200136,200434,1
200136,200447,2
200136,200456,3
200136,200513,1
200136,200547,1
200137,200024,1
200137,200028,1
200137,200030,1
200137,200068,1
200137,200079,1
200137,200129,1
200137,200135,1
200137,200136,1
200137,200177,9
200137,200179,1
200137,200202,1
200137,200203,1
200137,200208,1
200137,200224,1
200137,200253,1
200137,200308,1
200137,200314,2
200137,200350,2
200137,200351,2
200137,200357,1
200137,200385,4
200137,200414,136
200137,200434,1
200137,200435,1
200137,200449,1
200137,200456,21
200137,200540,1
200137,200542,1
200138,200414,2
200138,200456,3
200142,200068,5
200142,200091,2
200142,200308,1
200142,200338,3
200142,200414,10
200142,200510,1
200143,200032,2
200143,200071,3
200143,200082,1
200143,200087,4
200143,200098,1
200143,200100,1
200143,200179,1
200143,200212,1
200143,200305,1
200143,200314,2
200143,200324,1
200143,200338,1
200143,200414,72
200143,200430,1
200143,200447,2
200143,200452,1
200143,200458,1
200143,200532,5
200143,200539,1
200143,200542,3
200144,200325,1
200144,200350,1
200144,200352,1
200144,200414,13
200145,200057,2
200145,200068,7
200145,200072,1
200145,200082,3
200145,200113,1
200145,200177,1
200145,200203,1
200145,200206,1
200145,200211,2
200145,200314,1
200145,200330,1
200145,200414,80
200145,200424,1
200145,200434,2
200145,200447,1
200145,200456,2
200145,200504,1
200145,200532,1
200146,200177,1
200146,200212,1
200146,200414,2
200147,200414,3
200148,200005,1
200148,200030,3
200148,200084,1
200148,200133,2
200148,200177,1
200148,200224,1
200148,200308,1
200148,200330,1
200148,200350,1
200148,200385,4
200148,200414,36
200148,200447,2
200148,200456,1
200148,200508,1
200148,200534,1
200148,200542,2
200151,200281,1
200151,200414,2
200153,200177,1
200153,200212,1
200153,200414,3
200154,200032,1
200154,200385,4
200154,200414,21
200154,200539,2
200158,200028,1
200158,200068,1
200158,200113,1
200158,200135,1
200158,200177,1
200158,200202,1
200158,200231,1
200158,200351,1
200158,200366,1
200158,200385,1
200158,200414,53
200158,200422,6
200158,200434,1
200158,200435,1
200158,200447,1
200158,200470,2
200158,200534,1
200159,200414,10
200160,200414,2
200160,200435,1
200162,200414,1
200164,200001,1
200164,200033,1
200164,200038,1
200164,200414,15
200165,200224,2
200165,200414,7
200165,200449,1
200165,200488,1
200166,200308,1
200166,200414,8
200167,200414,5
200168,200001,23
200168,200030,10
200168,200060,3
200168,200066,3
200168,200068,5
200168,200101,3
200168,200133,2
200168,200135,2
200168,200179,1
200168,200187,1
200168,200221,1
200168,200232,1
200168,200308,9
200168,200341,3
200168,200350,3
200168,200357,2
200168,200367,2
200168,200379,8
200168,200385,10
200168,200392,1
200168,200414,169
200168,200447,2
200168,200456,2
200168,200505,1
200168,200510,17
200168,200537,2
200168,200542,2
200168,200543,2
200170,200308,3
200170,200414,9
200170,200545,2
200171,200071,2
200171,200414,7
200171,200456,1
200171,200510,2
200171,200539,1
200172,200068,1
200172,200133,1
200172,200314,5
200172,200345,1
200172,200367,1
200172,200385,4
200172,200408,1
200172,200414,20
200172,200435,3
200172,200438,1
200172,200456,1
200172,200470,1
200173,200177,1
200173,200338,5
200173,200414,3
200173,200447,1
200177,200001,1
200177,200005,1
200177,200007,1
200177,200010,1
200177,200017,2
200177,200028,1
200177,200030,1
200177,200032,7
200177,200035,1
200177,200040,1
200177,200057,1
200177,200058,1
200177,200059,1
200177,200068,20
200177,200071,20
200177,200079,5
200177,200082,5
200177,200083,7
200177,200084,10
200177,200098,1
200177,200112,10
200177,200113,4
200177,200133,4
200177,200137,1
200177,200143,1
200177,200145,2
200177,200148,3
200177,200179,2
200177,200184,1
200177,200187,1
200177,200202,1
200177,200203,28
200177,200204,11
200177,200208,5
200177,200209,11
200177,200211,2
200177,200212,63
200177,200220,2
200177,200231,2
200177,200232,1
200177,200234,3
200177,200241,1
200177,200243,6
200177,200255,1
200177,200256,1
200177,200257,1
200177,200274,9
200177,200284,1
200177,200286,2
200177,200294,1
200177,200308,1
200177,200314,24
200177,200320,10
200177,200333,1
200177,200337,1
200177,200350,8
200177,200357,3
200177,200367,3
200177,200385,7
200177,200388,1
200177,200399,1
200177,200408,2
200177,200414,1169
200177,200422,1
200177,200428,2
200177,200430,1
200177,200434,9
200177,200435,7
200177,200436,3
200177,200437,6
200177,200447,7
200177,200449,21
200177,200456,1
200177,200470,1
200177,200485,1
200177,200497,1
200177,200499,1
200177,200500,2
200177,200504,5
200177,200508,2
200177,200510,1
200177,200511,3
200177,200523,1
200177,200534,4
200177,200535,1
200177,200539,2
200177,200540,1
200177,200542,8
200177,200547,1
200178,200091,2
200178,200202,1
200178,200208,2
200178,200351,1
200178,200388,1
200178,200414,17
200178,200547,1
200179,200001,2
200179,200030,1
200179,200032,1
200179,200058,2
200179,200068,4
200179,200099,1
200179,200144,1
200179,200177,6
200179,200232,1
200179,200234,1
200179,200255,1
200179,200256,1
200179,200308,1
200179,200333,1
200179,200357,1
200179,200362,1
200179,200413,4
200179,200414,92
200179,200434,1
200179,200437,1
200179,200473,1
200179,200498,3
200179,200499,2
200179,200504,1
200179,200542,18
200182,200018,1
200182,200338,2
200182,200385,2
200182,200414,4
200182,200510,2
200183,200414,11
200183,200447,1
200183,200500,1
200184,200082,1
200184,200322,1
200184,200357,1
200184,200414,7
200184,200435,1
200184,200456,1
200187,200001,1
200187,200030,2
200187,200062,4
200187,200068,1
200187,200071,3
200187,200079,1
200187,200133,6
200187,200168,2
200187,200177,3
200187,200179,1
200187,200220,1
200187,200224,1
200187,200274,2
200187,200308,25
200187,200314,11
200187,200330,2
200187,200338,3
200187,200352,1
200187,200375,3
200187,200385,4
200187,200396,1
200187,200414,195
200187,200431,1
200187,200435,1
200187,200447,3
200187,200456,1
200187,200475,3
200187,200476,1
200187,200510,12
200187,200540,1
200191,200414,1
200192,200098,3
200192,200130,1
200192,200274,1
200192,200414,2
200192,200540,1
200194,200387,1
200198,200001,1
200198,200068,6
200198,200071,3
200198,200088,1
200198,200091,3
200198,200093,2
200198,200108,1
200198,200133,2
200198,200143,3
200198,200177,5
200198,200208,1
200198,200211,1
200198,200212,4
200198,200274,1
200198,200289,1
200198,200314,4
200198,200350,2
200198,200357,2
200198,200385,2
200198,200399,1
200198,200414,161
200198,200432,1
200198,200434,1
200198,200435,1
200198,200438,1
200198,200443,1
200198,200456,1
200198,200473,5
200198,200474,1
200198,200510,2
200199,200032,1
200199,200068,3
200199,200414,2
200200,200133,2
200200,200271,1
200200,200399,1
200200,200414,9
200200,200435,1
200200,200473,2
200202,200001,1
200202,200024,2
200202,200028,7
200202,200068,8
200202,200091,3
200202,200099,1
200202,200129,1
200202,200132,1
200202,200143,1
200202,200179,1
200202,200203,1
200202,200208,12
200202,200209,2
200202,200231,3
200202,200238,4
200202,200255,1
200202,200308,2
200202,200320,6
200202,200350,3
200202,200351,6
200202,200352,5
200202,200357,6
200202,200367,2
200202,200385,1
200202,200388,4
200202,200414,302
200202,200435,1
200202,200438,1
200202,200456,2
200202,200504,2
200202,200523,1
200202,200534,1
200203,200028,1
200203,200032,1
200203,200050,1
200203,200068,3
200203,200084,3
200203,200091,2
200203,200112,1
200203,200133,1
200203,200177,26
200203,200178,1
200203,200204,2
200203,200208,4
200203,200238,2
200203,200314,1
200203,200350,1
200203,200357,5
200203,200399,1
200203,200414,101
200203,200434,2
200203,200449,7
200204,200032,1
200204,200047,1
200204,200068,7
200204,200071,5
200204,200084,1
200204,200113,2
200204,200158,1
200204,200177,14
200204,200203,3
200204,200208,2
200204,200211,1
200204,200231,1
200204,200286,1
200204,200366,2
200204,200379,1
200204,200388,1
200204,200414,103
200204,200422,1
200204,200435,2
200204,200447,2
200204,200449,3
200204,200452,2
200204,200485,1
200204,200488,1
200204,200500,1
200205,200068,1
200205,200173,1
200205,200231,1
200205,200338,3
200205,200414,9
200205,200447,4
200205,200456,1
200206,200068,2
200206,200414,2
200207,200050,2
200207,200348,1
200207,200414,4
200208,200001,1
200208,200014,1
200208,200024,1
200208,200028,1
200208,200038,6
200208,200045,1
200208,200047,3
200208,200068,26
200208,200071,2
200208,200084,3
200208,200091,3
200208,200099,1
200208,200113,3
200208,200135,1
200208,200158,2
200208,200177,3
200208,200201,1
200208,200202,3
200208,200203,1
200208,200204,6
200208,200211,4
200208,200231,1
200208,200238,5
200208,200289,1
200208,200320,2
200208,200350,2
200208,200351,9
200208,200352,2
200208,200357,9
200208,200367,3
200208,200385,3
200208,200388,2
200208,200399,1
200208,200414,290
200208,200430,3
200208,200434,2
200208,200436,1
200208,200438,2
200208,200447,1
200208,200473,2
200208,200485,1
200209,200030,2
200209,200032,2
200209,200068,3
200209,200071,1
200209,200177,7
200209,200212,3
200209,200305,1
200209,200314,16
200209,200338,1
200209,200385,1
200209,200408,1
200209,200414,56
200209,200434,1
200209,200435,5
200209,200447,1
200209,200456,1
200209,200470,2
200209,200473,1
200209,200485,1
200209,200504,2
200211,200001,1
200211,200032,1
200211,200038,3
200211,200068,9
200211,200071,2
200211,200113,2
200211,200133,5
200211,200177,1
200211,200203,8
200211,200208,8
200211,200240,1
200211,200350,1
200211,200388,1
200211,200399,1
200211,200414,79
200211,200422,1
200211,200435,2
200211,200438,1
200211,200537,2
200212,200001,1
200212,200005,1
200212,200032,3
200212,200042,1
200212,200050,1
200212,200057,1
200212,200068,26
200212,200071,2
200212,200082,2
200212,200084,5
200212,200091,1
200212,200112,6
200212,200113,6
200212,200133,2
200212,200145,1
200212,200153,2
200212,200177,123
200212,200184,3
200212,200203,1
200212,200204,7
200212,200208,1
200212,200211,1
200212,200224,1
200212,200253,2
200212,200255,2
200212,200274,2
200212,200314,10
200212,200322,1
200212,200367,4
200212,200385,4
200212,200414,523
200212,200428,1
200212,200434,7
200212,200435,4
200212,200436,6
200212,200447,1
200212,200449,8
200212,200470,1
200212,200473,1
200212,200499,1
200212,200510,1
200212,200539,1
200212,200542,1
200214,200414,3
200215,200071,1
200215,200414,7
200216,200414,2
200217,200068,1
200217,200208,1
200217,200388,1
200217,200414,19
200217,200456,6
200217,200488,1
200218,200071,2
200218,200177,1
200218,200208,1
200218,200231,1
200218,200414,10
200219,200414,1
200220,200032,1
200220,200068,3
200220,200091,1
200220,200113,1
200220,200133,1
200220,200202,1
200220,200211,1
200220,200350,1
200220,200357,1
200220,200385,1
200220,200414,89
200220,200428,1
200220,200431,2
200220,200510,1
200221,200001,6
200221,200068,1
200221,200133,1
200221,200168,1
200221,200187,1
200221,200227,1
200221,200308,1
200221,200338,1
200221,200350,2
200221,200357,1
200221,200385,3
200221,200414,67
200221,200434,1
200221,200447,1
200221,200456,2
200221,200475,1
200221,200510,1
200223,200177,1
200223,200352,6
200223,200414,1
200223,200534,1
200224,200007,1
200224,200030,1
200224,200068,1
200224,200071,1
200224,200148,1
200224,200257,1
200224,200308,2
200224,200379,1
200224,200385,1
200224,200388,3
200224,200414,58
200224,200449,2
200224,200476,1
200224,200540,2
200224,200547,4
200226,200007,1
200226,200410,1
200226,200414,11
200227,200042,1
200227,200068,4
200227,200177,1
200227,200350,6
200227,200351,1
200227,200357,1
200227,200358,5
200227,200385,3
200227,200414,63
200227,200456,6
200229,200091,2
200229,200414,2
200230,200030,1
200230,200042,1
200230,200082,1
200230,200098,1
200230,200314,2
200230,200414,2
200230,200429,1
200230,200435,1
200230,200447,1
200231,200030,1
200231,200068,1
200231,200071,1
200231,200133,2
200231,200148,1
200231,200177,1
200231,200179,1
200231,200198,1
200231,200208,1
200231,200350,3
200231,200357,3
200231,200414,54
200231,200447,1
200231,200539,2
200232,200032,1
200232,200143,1
200232,200179,2
200232,200212,1
200232,200253,2
200232,200333,1
200232,200414,28
200232,200499,1
200232,200542,8
200234,200032,1
200234,200058,1
200234,200068,2
200234,200177,6
200234,200179,5
200234,200203,2
200234,200333,1
200234,200414,23
200234,200437,3
200235,200203,1
200235,200414,8
200235,200513,1
200236,200068,1
200236,200237,1
200236,200414,7
200237,200091,1
200237,200202,1
200237,200208,1
200237,200414,3
200237,200430,1
200238,200024,1
200238,200028,1
200238,200030,1
200238,200047,1
200238,200068,3
200238,200091,3
200238,200113,1
200238,200129,2
200238,200158,1
200238,200202,1
200238,200208,6
200238,200231,1
200238,200243,1
200238,200320,2
200238,200351,4
200238,200414,58
200238,200430,1
200238,200438,1
200239,200001,1
200239,200049,1
200239,200144,1
200239,200325,2
200239,200357,1
200239,200414,13
200239,200456,1
200240,200030,1
200240,200068,5
200240,200091,1
200240,200202,1
200240,200208,1
200240,200351,1
200240,200367,1
200240,200414,47
200241,200001,2
200241,200068,1
200241,200084,1
200241,200091,1
200241,200098,1
200241,200177,3
200241,200212,1
200241,200274,1
200241,200349,1
200241,200350,1
200241,200379,1
200241,200385,1
200241,200414,86
200241,200434,2
200241,200435,1
200241,200539,1
200241,200542,3
200242,200333,1
200242,200414,4
200243,200091,2
200243,200177,6
200243,200212,1
200243,200385,1
200243,200414,55
200247,200255,1
200247,200352,5
200248,200414,1
200249,200308,4
200249,200338,2
200249,200414,1
200249,200476,1
200250,200068,1
200250,200173,1
200250,200338,2
200250,200426,1
200250,200447,1
200253,200007,1
200253,200017,1
200253,200030,2
200253,200032,1
200253,200066,7
200253,200068,4
200253,200143,2
200253,200177,1
200253,200179,3
200253,200203,1
200253,200212,1
200253,200234,1
200253,200385,2
200253,200414,75
200253,200456,1
200253,200498,3
200253,200542,8
200255,200024,1
200255,200030,1
200255,200059,1
200255,200068,4
200255,200091,1
200255,200179,1
200255,200202,1
200255,200253,1
200255,200257,4
200255,200261,1
200255,200289,3
200255,200322,1
200255,200338,3
200255,200350,1
200255,200352,16
200255,200366,2
200255,200396,12
200255,200414,44
200255,200447,2
200255,200453,2
200255,200542,6
200256,200005,1
200256,200066,2
200256,200068,2
200256,200177,2
200256,200239,1
200256,200255,3
200256,200257,3
200256,200338,1
200256,200396,1
200256,200414,12
200256,200456,1
200256,200498,2
200256,200534,1
200256,200542,1
200256,200546,2
200257,200059,1
200257,200066,2
200257,200068,1
200257,200100,1
200257,200145,1
200257,200179,1
200257,200253,3
200257,200255,1
200257,200256,1
200257,200366,1
200257,200385,1
200257,200414,55
200257,200532,1
200257,200534,1
200261,200208,2
200261,200414,11
200262,200414,1
200262,200448,1
200263,200068,1
200263,200257,1
200263,200396,2
200263,200414,1
200263,200453,1
200263,200546,1
200267,200001,1
200267,200338,6
200267,200414,3
200267,200447,1
200267,200510,1
200268,200068,1
200268,200308,1
200268,200350,4
200268,200414,13
200270,200032,1
200270,200068,1
200270,200320,1
200270,200414,3
200270,200448,1
200271,200091,2
200271,200098,1
200271,200343,2
200271,200357,2
200271,200358,7
200271,200414,17
200272,200499,1
200273,200061,1
200274,200030,3
200274,200071,3
200274,200082,1
200274,200130,1
200274,200133,4
200274,200143,6
200274,200145,1
200274,200177,4
200274,200212,10
200274,200314,2
200274,200385,1
200274,200414,213
200274,200429,1
200274,200434,1
200274,200447,2
200274,200449,1
200274,200473,2
200274,200539,1
200274,200542,1
200276,200186,1
200279,200007,2
200279,200458,1
200280,200055,1
200280,200061,1
200280,200080,1
200281,200068,2
200281,200351,1
200281,200414,19
200281,200510,1
200283,200284,1
200283,200385,1
200283,200414,7
200284,200001,7
200284,200024,1
200284,200030,2
200284,200032,1
200284,200050,1
200284,200068,8
200284,200071,6
200284,200074,1
200284,200091,1
200284,200100,1
200284,200133,1
200284,200177,2
200284,200179,1
200284,200188,1
200284,200227,1
200284,200236,3
200284,200237,2
200284,200238,1
200284,200255,4
200284,200281,2
200284,200351,1
200284,200357,2
200284,200366,1
200284,200385,15
200284,200389,7
200284,200396,2
200284,200397,1
200284,200414,312
200284,200447,2
200284,200456,3
200284,200498,1
200284,200510,5
200284,200511,1
200284,200513,1
200285,200325,3
200285,200357,2
200285,200399,2
200285,200414,10
200285,200462,4
200286,200177,1
200286,200414,2
200287,200385,1
200287,200414,1
200289,200001,1
200289,200045,1
200289,200066,1
200289,200068,11
200289,200091,4
200289,200093,1
200289,200094,1
200289,200102,6
200289,200177,1
200289,200198,1
200289,200202,2
200289,200208,3
200289,200238,9
200289,200240,3
200289,200255,1
200289,200257,1
200289,200320,1
200289,200330,2
200289,200333,1
200289,200350,2
200289,200351,2
200289,200352,1
200289,200357,2
200289,200358,1
200289,200366,1
200289,200367,1
200289,200385,4
200289,200388,3
200289,200396,1
200289,200414,177
200289,200430,2
200289,200456,4
200289,200504,5
200290,200082,1
200290,200254,1
200290,200308,4
200290,200338,1
200290,200357,1
200290,200414,4
200290,200434,1
200290,200456,1
200290,200458,1
200291,200414,4
200293,200356,1
200293,200358,5
200294,200014,1
200294,200028,1
200294,200037,1
200294,200177,1
200294,200193,1
200294,200414,39
200294,200434,1
200295,200005,4
200295,200068,2
200295,200188,1
200295,200324,1
200295,200350,1
200295,200383,2
200295,200414,8
200296,200350,2
200296,200357,1
200296,200399,1
200296,200414,3
200297,200071,3
200297,200079,1
200297,200208,1
200297,200218,1
200297,200414,3
200300,200094,1
200300,200357,1
200300,200414,1
200305,200100,1
200305,200101,2
200305,200143,1
200305,200188,4
200305,200308,1
200305,200314,2
200305,200414,6
200305,200429,1
200306,200177,1
200306,200201,1
200307,200271,1
200307,200319,1
200307,200358,3
200307,200414,3
200308,200001,7
200308,200028,1
200308,200030,6
200308,200032,1
200308,200035,3
200308,200052,1
200308,200059,1
200308,200060,5
200308,200068,5
200308,200071,3
200308,200079,1
200308,200091,2
200308,200093,1
200308,200101,1
200308,200107,1
200308,200129,1
200308,200133,7
200308,200135,1
200308,200148,3
200308,200177,4
200308,200187,4
200308,200211,3
200308,200221,2
200308,200224,3
200308,200232,1
200308,200241,1
200308,200253,1
200308,200267,1
200308,200274,1
200308,200284,2
200308,200290,3
200308,200320,2
200308,200330,1
200308,200338,12
200308,200350,18
200308,200351,1
200308,200352,2
200308,200357,2
200308,200367,6
200308,200379,16
200308,200385,18
200308,200392,3
200308,200414,881
200308,200430,1
200308,200434,3
200308,200435,1
200308,200447,5
200308,200449,2
200308,200456,5
200308,200476,2
200308,200504,7
200308,200510,17
200308,200534,1
200308,200539,1
200308,200540,2
200308,200542,2
200308,200545,2
200309,200068,2
200309,200414,14
200310,200308,4
200310,200392,1
200310,200414,5
200310,200429,1
200311,200414,3
200311,200432,1
200311,200456,1
200314,200007,2
200314,200024,1
200314,200032,1
200314,200068,9
200314,200071,10
200314,200079,2
200314,200082,8
200314,200083,1
200314,200084,7
200314,200098,1
200314,200143,1
200314,200172,2
200314,200177,20
200314,200209,9
200314,200212,1
200314,200231,1
200314,200241,1
200314,200274,2
200314,200305,7
200314,200308,2
200314,200320,1
200314,200345,3
200314,200357,2
200314,200366,2
200314,200379,3
200314,200382,1
200314,200385,6
200314,200408,7
200314,200414,487
200314,200427,1
200314,200434,46
200314,200435,26
200314,200447,3
200314,200452,1
200314,200456,1
200314,200470,8
200314,200500,1
200314,200510,1
200315,200068,1
200315,200177,1
200315,200414,1
200315,200434,1
200316,200032,1
200316,200414,8
200316,200449,1
200317,200414,1
200319,200040,1
200319,200068,3
200319,200099,1
200319,200220,1
200319,200414,6
200319,200447,2
200320,200007,2
200320,200028,2
200320,200030,1
200320,200032,3
200320,200040,4
200320,200054,1
200320,200068,6
200320,200079,1
200320,200083,1
200320,200091,2
200320,200093,1
200320,200094,1
200320,200098,1
200320,200143,1
200320,200177,7
200320,200202,5
200320,200208,5
200320,200211,1
200320,200212,1
200320,200238,2
200320,200281,1
200320,200289,3
200320,200291,1
200320,200337,1
200320,200347,1
200320,200350,5
200320,200351,2
200320,200357,7
200320,200366,3
200320,200367,1
200320,200385,2
200320,200414,335
200320,200422,1
200320,200430,2
200320,200435,2
200320,200447,4
200320,200449,11
200320,200456,12
200320,200473,1
200320,200474,2
200320,200504,4
200321,200414,1
200322,200203,1
200322,200414,13
200322,200500,1
200322,200539,1
200323,200414,1
200324,200045,1
200324,200148,1
200325,200068,1
200325,200208,1
200325,200352,2
200325,200385,1
200325,200399,1
200325,200414,12
200326,200414,2
200327,200414,2
200328,200030,1
200328,200414,1
200330,200020,1
200330,200024,1
200330,200028,5
200330,200032,1
200330,200068,16
200330,200072,1
200330,200084,1
200330,200091,5
200330,200093,3
200330,200108,1
200330,200133,1
200330,200148,1
200330,200208,3
200330,200212,1
200330,200229,1
200330,200238,1
200330,200240,1
200330,200246,1
200330,200255,1
200330,200308,4
200330,200320,1
200330,200341,1
200330,200350,2
200330,200351,1
200330,200357,5
200330,200385,2
200330,200388,1
200330,200413,1
200330,200414,250
200330,200430,1
200330,200435,1
200330,200473,1
200330,200510,6
200331,200414,1
200332,200216,1
200333,200005,1
200333,200068,2
200333,200238,2
200333,200351,1
200333,200362,1
200333,200414,28
200335,200414,2
200336,200071,1
200336,200414,10
200336,200434,1
200337,200177,1
200337,200447,1
200338,200001,4
200338,200007,1
200338,200040,1
200338,200059,1
200338,200068,4
200338,200071,1
200338,200084,1
200338,200091,1
200338,200130,1
200338,200132,1
200338,200133,2
200338,200142,2
200338,200158,1
200338,200173,9
200338,200177,3
200338,200187,1
200338,200238,1
200338,200250,2
200338,200255,1
200338,200257,1
200338,200267,3
200338,200268,1
200338,200284,2
200338,200289,1
200338,200308,15
200338,200362,1
200338,200367,1
200338,200385,11
200338,200396,2
200338,200414,165
200338,200447,26
200338,200456,4
200338,200462,3
200338,200473,1
200338,200510,10
200338,200546,2
200340,200040,1
200340,200290,1
200340,200308,2
200340,200338,1
200340,200447,1
200341,200001,4
200341,200040,1
200341,200042,2
200341,200050,1
200341,200068,3
200341,200132,2
200341,200168,1
200341,200177,2
200341,200208,1
200341,200212,1
200341,200221,2
200341,200308,1
200341,200350,20
200341,200358,2
200341,200388,1
200341,200414,142
200341,200456,2
200341,200465,1
200341,200524,2
200343,200358,3
200345,200032,1
200345,200068,1
200345,200071,1
200345,200082,1
200345,200109,1
200345,200177,1
200345,200212,2
200345,200274,1
200345,200314,19
200345,200414,12
200345,200435,2
200345,200470,1
200347,200032,1
200347,200068,1
200347,200113,1
200347,200133,2
200347,200356,1
200347,200358,8
200347,200414,17
200347,200468,1
200348,200414,1
200349,200071,2
200349,200177,1
200349,200341,1
200349,200352,1
200349,200414,14
200349,200438,1
200350,200005,1
200350,200024,3
200350,200028,8
200350,200029,1
200350,200068,6
200350,200091,1
200350,200098,2
200350,200099,1
200350,200100,2
200350,200101,1
200350,200117,1
200350,200129,1
200350,200133,1
200350,200148,3
200350,200177,3
200350,200179,1
200350,200192,1
200350,200202,3
200350,200208,6
200350,200212,1
200350,200220,1
200350,200231,1
200350,200238,1
200350,200271,1
200350,200308,3
200350,200314,2
200350,200325,1
200350,200333,1
200350,200341,1
200350,200351,5
200350,200352,5
200350,200354,1
200350,200357,14
200350,200358,7
200350,200362,1
200350,200366,1
200350,200367,1
200350,200385,10
200350,200388,4
200350,200395,1
200350,200414,570
200350,200424,1
200350,200431,1
200350,200435,2
200350,200438,2
200350,200447,2
200350,200456,6
200350,200473,2
200350,200487,3
200350,200510,2
200350,200517,2
200350,200542,3
200351,200028,5
200351,200068,6
200351,200203,1
200351,200227,1
200351,200238,1
200351,200350,1
200351,200352,1
200351,200367,1
200351,200385,1
200351,200414,75
200351,200510,1
200351,200532,1
200352,200001,3
200352,200024,24
200352,200028,24
200352,200032,2
200352,200045,3
200352,200049,1
200352,200054,1
200352,200059,1
200352,200068,4
200352,200099,1
200352,200133,1
200352,200177,4
200352,200179,1
200352,200202,7
200352,200208,7
200352,200212,1
200352,200231,1
200352,200238,1
200352,200255,21
200352,200271,1
200352,200289,1
200352,200320,2
200352,200325,4
200352,200350,19
200352,200351,1
200352,200357,7
200352,200366,1
200352,200367,1
200352,200385,3
200352,200388,7
200352,200396,6
200352,200414,156
200352,200434,1
200352,200435,2
200352,200447,2
200352,200456,1
200352,200457,1
200352,200470,2
200352,200473,4
200352,200542,5
200353,200003,1
200353,200350,2
200353,200414,7
200355,200038,1
200355,200068,2
200355,200133,1
200355,200178,1
200355,200202,1
200355,200351,1
200355,200357,2
200355,200358,5
200355,200388,1
200355,200414,14
200356,200032,1
200356,200133,2
200356,200143,1
200356,200177,1
200356,200201,1
200356,200350,1
200356,200357,1
200356,200358,3
200356,200383,1
200356,200414,17
200356,200449,1
200357,200001,20
200357,200024,8
200357,200028,14
200357,200030,1
200357,200033,2
200357,200045,2
200357,200050,1
200357,200052,6
200357,200068,2
200357,200076,2
200357,200091,85
200357,200093,3
200357,200094,4
200357,200098,2
200357,200101,1
200357,200108,1
200357,200129,1
200357,200133,13
200357,200178,1
200357,200202,1
200357,200208,7
200357,200209,1
200357,200231,1
200357,200271,4
200357,200307,1
200357,200320,2
200357,200330,1
200357,200341,3
200357,200350,9
200357,200351,3
200357,200352,6
200357,200358,5
200357,200366,4
200357,200385,2
200357,200388,7
200357,200399,6
200357,200402,1
200357,200414,699
200357,200430,3
200357,200438,3
200357,200456,14
200357,200473,2
200357,200510,28
200357,200530,1
200357,200534,1
200357,200537,3
200358,200068,1
200358,200085,6
200358,200117,2
200358,200133,1
200358,200177,1
200358,200208,2
200358,200271,18
200358,200293,4
200358,200343,14
200358,200344,1
200358,200347,7
200358,200350,1
200358,200355,2
200358,200356,8
200358,200357,1
200358,200359,1
200358,200360,11
200358,200363,2
200358,200383,1
200358,200414,15
200358,200435,1
200358,200456,2
200358,200470,1
200358,200473,1
200358,200528,1
200358,200550,1
200359,200208,1
200359,200358,3
200360,200343,1
200360,200358,16
200360,200385,1
200362,200068,3
200362,200238,1
200362,200305,1
200362,200308,1
200362,200333,1
200362,200351,1
200362,200414,9
200362,200430,1
200362,200434,1
200362,200498,1
200362,200534,1
200362,200542,1
200363,200001,1
200363,200111,1
200363,200352,1
200363,200358,3
200363,200414,3
200364,200414,1
200366,200001,1
200366,200024,2
200366,200038,1
200366,200049,2
200366,200066,1
200366,200068,3
200366,200087,1
200366,200091,1
200366,200098,1
200366,200110,1
200366,200133,1
200366,200143,1
200366,200177,2
200366,200203,1
200366,200208,1
200366,200287,1
200366,200289,3
200366,200314,2
200366,200320,1
200366,200341,1
200366,200350,4
200366,200352,1
200366,200357,2
200366,200385,2
200366,200388,14
200366,200396,1
200366,200414,169
200366,200435,1
200366,200438,1
200366,200447,1
200366,200534,2
200367,200028,3
200367,200030,2
200367,200068,8
200367,200091,7
200367,200093,2
200367,200094,1
200367,200108,1
200367,200177,4
200367,200202,1
200367,200203,1
200367,200211,1
200367,200212,1
200367,200229,1
200367,200238,3
200367,200239,1
200367,200308,1
200367,200320,3
200367,200330,2
200367,200333,1
200367,200351,2
200367,200385,2
200367,200388,1
200367,200414,101
200367,200438,1
200367,200504,2
200367,200510,1
200371,200177,1
200371,200456,3
200372,200068,1
200373,200414,2
200373,200456,4
200375,200187,1
200375,200290,1
200375,200308,2
200375,200414,6
200376,200253,1
200379,200001,13
200379,200007,2
200379,200028,1
200379,200030,1
200379,200040,1
200379,200059,1
200379,200068,2
200379,200093,1
200379,200098,2
200379,200135,3
200379,200136,2
200379,200187,1
200379,200211,1
200379,200220,1
200379,200240,1
200379,200253,1
200379,200308,27
200379,200314,3
200379,200320,1
200379,200322,1
200379,200338,1
200379,200350,3
200379,200351,2
200379,200357,1
200379,200366,1
200379,200383,1
200379,200385,6
200379,200414,279
200379,200434,1
200379,200447,4
200379,200456,6
200379,200489,1
200379,200500,1
200379,200505,1
200379,200542,4
200380,200068,1
200380,200091,1
200380,200320,1
200380,200414,10
200382,200212,2
200382,200305,1
200382,200414,3
200382,200434,1
200383,200068,1
200383,200347,1
200383,200357,5
200383,200358,15
200383,200414,4
200383,200456,1
200383,200473,1
200384,200385,1
200384,200414,12
200385,200001,7
200385,200007,7
200385,200024,4
200385,200027,1
200385,200028,1
200385,200030,7
200385,200032,2
200385,200052,1
200385,200055,1
200385,200068,19
200385,200079,2
200385,200093,2
200385,200094,1
200385,200098,1
200385,200100,1
200385,200101,2
200385,200108,1
200385,200133,10
200385,200148,1
200385,200151,1
200385,200154,6
200385,200168,4
200385,200172,1
200385,200177,15
200385,200179,1
200385,200192,2
200385,200204,1
200385,200208,2
200385,200212,2
200385,200227,1
200385,200236,1
200385,200238,1
200385,200241,1
200385,200281,3
200385,200283,3
200385,200284,23
200385,200308,4
200385,200314,2
200385,200320,4
200385,200330,3
200385,200338,1
200385,200350,6
200385,200351,3
200385,200357,2
200385,200362,1
200385,200366,3
200385,200367,1
200385,200388,2
200385,200397,3
200385,200413,4
200385,200414,855
200385,200422,1
200385,200427,1
200385,200430,2
200385,200434,3
200385,200443,1
200385,200447,2
200385,200449,3
200385,200456,1
200385,200476,1
200385,200500,2
200385,200501,1
200385,200510,5
200385,200513,1
200385,200542,8
200385,200544,1
200388,200024,3
200388,200028,5
200388,200068,1
200388,200203,1
200388,200289,7
200388,200320,9
200388,200350,2
200388,200351,1
200388,200357,1
200388,200360,1
200388,200366,11
200388,200367,3
200388,200396,1
200388,200414,120
200388,200438,2
200388,200531,1
200388,200547,1
200389,200068,2
200389,200284,1
200389,200333,1
200389,200414,10
200391,200357,1
200391,200414,1
200392,200001,2
200392,200168,1
200392,200221,1
200392,200268,1
200392,200308,6
200392,200385,1
200392,200414,23
200392,200510,3
200393,200001,1
200393,200030,1
200394,200028,4
200394,200132,1
200394,200357,1
200394,200414,4
200395,200007,2
200395,200082,1
200395,200149,1
200395,200211,1
200395,200414,20
200396,200001,1
200396,200068,1
200396,200168,1
200396,200177,1
200396,200234,1
200396,200255,8
200396,200257,2
200396,200289,1
200396,200385,1
200396,200413,2
200396,200414,15
200396,200542,1
200397,200001,1
200397,200033,1
200397,200068,2
200397,200071,1
200397,200091,2
200397,200108,2
200397,200154,1
200397,200177,1
200397,200284,3
200397,200333,2
200397,200357,1
200397,200385,2
200397,200389,1
200397,200414,19
200398,200208,1
200398,200414,5
200399,200030,1
200399,200068,2
200399,200091,3
200399,200093,2
200399,200202,1
200399,200208,1
200399,200308,1
200399,200350,1
200399,200357,1
200399,200414,18
200400,200068,1
200400,200414,1
200400,200456,3
200401,200033,1
200401,200414,2
200402,200091,6
200402,200357,3
200402,200358,3
200402,200414,6
200402,200510,3
200403,200414,1
200404,200091,1
200404,200414,3
200406,200040,1
200406,200050,1
200406,200100,1
200406,200212,1
200406,200320,1
200406,200414,27
200406,200434,1
200407,200113,1
200407,200177,1
200408,200032,1
200408,200177,6
200408,200203,1
200408,200212,1
200408,200305,1
200408,200314,4
200408,200385,2
200408,200406,1
200408,200414,21
200408,200434,1
200408,200435,1
200408,200470,1
200410,200226,1
200410,200414,9
200412,200091,1
200412,200093,1
200412,200357,2
200412,200414,5
200413,200001,4
200413,200030,2
200413,200057,1
200413,200068,4
200413,200070,1
200413,200116,3
200413,200143,1
200413,200168,2
200413,200177,3
200413,200179,1
200413,200234,1
200413,200333,1
200413,200362,1
200413,200385,1
200413,200414,35
200413,200422,1
200413,200437,1
200413,200534,1
200413,200542,2
200414,200000,1
200414,200001,457
200414,200003,1
200414,200005,37
200414,200007,63
200414,200009,3
200414,200014,17
200414,200017,11
200414,200018,6
200414,200020,1
200414,200022,8
200414,200024,268
200414,200025,1
200414,200027,5
200414,200028,372
200414,200029,4
200414,200030,306
200414,200032,231
200414,200033,15
200414,200035,13
200414,200037,9
200414,200038,34
200414,200040,14
200414,200042,11
200414,200044,1
200414,200045,52
200414,200047,31
200414,200049,4
200414,200050,65
200414,200052,51
200414,200054,18
200414,200056,3
200414,200057,18
200414,200058,1
200414,200059,55
200414,200060,36
200414,200062,2
200414,200064,3
200414,200066,74
200414,200068,1709
200414,200069,7
200414,200071,130
200414,200072,18
200414,200073,6
200414,200074,3
200414,200076,1
200414,200078,1
200414,200079,55
200414,200080,2
200414,200081,2
200414,200082,144
200414,200083,36
200414,200084,56
200414,200085,3
200414,200087,4
200414,200088,9
200414,200089,1
200414,200091,939
200414,200093,101
200414,200094,95
200414,200098,138
200414,200099,14
200414,200100,19
200414,200101,54
200414,200102,9
200414,200105,2
200414,200108,43
200414,200110,1
200414,200111,1
200414,200112,42
200414,200113,61
200414,200115,2
200414,200116,11
200414,200118,5
200414,200124,1
200414,200129,28
200414,200132,13
200414,200133,574
200414,200135,48
200414,200136,16
200414,200137,16
200414,200142,2
200414,200143,228
200414,200144,3
200414,200145,55
200414,200148,104
200414,200153,5
200414,200154,2
200414,200158,31
200414,200159,9
200414,200161,1
200414,200164,2
200414,200167,11
200414,200168,65
200414,200170,1
200414,200172,2
200414,200177,1380
200414,200178,19
200414,200179,102
200414,200184,6
200414,200186,1
200414,200187,25
200414,200188,17
200414,200192,18
200414,200195,2
200414,200198,46
200414,200199,2
200414,200201,1
200414,200202,310
200414,200203,138
200414,200204,117
200414,200205,3
200414,200206,5
200414,200208,461
200414,200209,13
200414,200211,156
200414,200212,217
200414,200220,19
200414,200221,9
200414,200224,33
200414,200227,32
200414,200228,1
200414,200229,2
200414,200230,8
200414,200231,34
200414,200232,34
200414,200234,16
200414,200235,6
200414,200236,3
200414,200237,15
200414,200238,168
200414,200239,4
200414,200240,27
200414,200241,25
200414,200243,6
200414,200253,136
200414,200255,46
200414,200256,7
200414,200257,54
200414,200261,7
200414,200268,3
200414,200270,5
200414,200271,32
200414,200272,1
200414,200274,187
200414,200276,2
200414,200279,2
200414,200281,18
200414,200284,186
200414,200289,98
200414,200290,4
200414,200294,9
200414,200295,8
200414,200298,1
200414,200305,5
200414,200307,3
200414,200308,317
200414,200310,2
200414,200314,553
200414,200315,1
200414,200319,1
200414,200320,318
200414,200322,12
200414,200323,2
200414,200324,1
200414,200325,20
200414,200327,3
200414,200330,91
200414,200333,91
200414,200337,4
200414,200338,47
200414,200341,42
200414,200345,7
200414,200347,6
200414,200348,4
200414,200349,1
200414,200350,692
200414,200351,287
200414,200352,118
200414,200353,2
200414,200355,7
200414,200356,5
200414,200357,852
200414,200358,21
200414,200362,28
200414,200364,1
200414,200366,149
200414,200367,192
200414,200371,2
200414,200379,92
200414,200382,12
200414,200383,8
200414,200384,9
200414,200385,1231
200414,200388,366
200414,200389,11
200414,200392,6
200414,200393,3
200414,200394,1
200414,200395,20
200414,200396,6
200414,200397,9
200414,200399,50
200414,200402,6
200414,200406,4
200414,200407,1
200414,200408,5
200414,200413,29
200414,200417,3
200414,200418,1
200414,200422,26
200414,200423,1
200414,200424,3
200414,200426,1
200414,200427,4
200414,200428,9
200414,200429,7
200414,200430,112
200414,200431,25
200414,200432,12
200414,200433,2
200414,200434,330
200414,200435,84
200414,200436,14
200414,200437,14
200414,200438,81
200414,200443,4
200414,200447,306
200414,200449,430
200414,200450,2
200414,200452,13
200414,200453,2
200414,200456,583
200414,200457,1
200414,200458,12
200414,200465,16
200414,200470,15
200414,200473,72
200414,200474,15
200414,200476,24
200414,200478,1
200414,200481,2
200414,200484,5
200414,200485,11
200414,200486,19
200414,200487,34
200414,200488,3
200414,200489,4
200414,200497,5
200414,200498,17
200414,200499,8
200414,200500,27
200414,200501,1
200414,200504,144
200414,200505,3
200414,200508,23
200414,200509,1
200414,200510,584
200414,200513,26
200414,200514,1
200414,200517,2
200414,200518,1
200414,200519,1
200414,200523,9
200414,200530,15
200414,200532,10
200414,200533,1
200414,200534,95
200414,200535,1
200414,200536,1
200414,200537,22
200414,200539,95
200414,200540,20
200414,200541,8
200414,200542,392
200414,200543,1
200414,200544,3
200414,200545,9
200414,200546,1
200414,200547,27
200414,200548,1
200417,200001,1
200417,200414,5
200418,200224,1
200418,200414,1
200419,200068,2
200419,200143,2
200419,200179,1
200419,200280,1
200419,200414,1
200422,200032,1
200422,200068,4
200422,200091,1
200422,200158,2
200422,200177,1
200422,200179,3
200422,200203,1
200422,200204,1
200422,200208,1
200422,200212,2
200422,200367,1
200422,200414,29
200422,200449,1
200422,200456,1
200422,200513,1
200422,200542,3
200423,200088,1
200423,200099,1
200423,200208,1
200423,200414,9
200424,200177,1
200424,200414,1
200425,200173,1
200425,200205,1
200425,200338,4
200425,200414,3
200425,200447,1
200426,200007,1
200426,200071,5
200426,200177,4
200426,200218,1
200426,200250,1
200426,200286,1
200426,200308,1
200426,200338,3
200426,200414,34
200426,200447,1
200426,200456,1
200426,200539,1
200426,200541,2
200427,200027,1
200427,200068,2
200427,200281,1
200427,200385,1
200427,200414,10
200427,200424,1
200428,200032,1
200428,200071,1
200428,200112,2
200428,200133,1
200428,200177,1
200428,200198,1
200428,200212,6
200428,200274,1
200428,200308,1
200428,200414,31
200428,200436,1
200428,200447,1
200428,200470,1
200428,200523,1
200429,200175,1
200429,200203,1
200429,200212,1
200429,200305,1
200429,200382,1
200429,200414,2
200429,200447,1
200430,200005,1
200430,200042,1
200430,200052,1
200430,200059,2
200430,200068,4
200430,200082,1
200430,200091,2
200430,200093,2
200430,200133,1
200430,200143,2
200430,200177,1
200430,200222,1
200430,200238,1
200430,200331,1
200430,200333,1
200430,200351,1
200430,200388,1
200430,200414,38
200430,200447,1
200430,200542,1
200431,200007,1
200431,200032,1
200431,200098,1
200431,200192,1
200431,200414,23
200431,200447,3
200431,200508,2
200431,200542,2
200432,200001,1
200432,200030,2
200432,200088,1
200432,200133,1
200432,200168,1
200432,200308,1
200432,200367,1
200432,200399,1
200432,200414,16
200432,200537,1
200433,200385,1
200433,200414,5
200434,200032,2
200434,200042,1
200434,200047,1
200434,200060,1
200434,200066,1
200434,200068,20
200434,200071,2
200434,200091,1
200434,200113,1
200434,200133,1
200434,200137,1
200434,200177,8
200434,200212,2
200434,200221,1
200434,200253,1
200434,200274,1
200434,200308,2
200434,200314,5
200434,200336,1
200434,200338,1
200434,200350,1
200434,200351,1
200434,200358,1
200434,200366,1
200434,200367,1
200434,200379,1
200434,200385,2
200434,200414,281
200434,200430,1
200434,200435,1
200434,200437,1
200434,200447,1
200434,200456,3
200434,200458,1
200434,200470,1
200434,200474,1
200434,200488,1
200434,200499,1
200434,200510,1
200434,200532,1
200434,200534,6
200434,200542,2
200435,200024,1
200435,200032,1
200435,200068,15
200435,200071,5
200435,200079,1
200435,200082,1
200435,200084,5
200435,200113,3
200435,200140,2
200435,200143,1
200435,200159,1
200435,200172,1
200435,200177,14
200435,200198,1
200435,200202,1
200435,200204,2
200435,200208,2
200435,200209,5
200435,200212,12
200435,200241,1
200435,200274,2
200435,200305,1
200435,200308,1
200435,200314,84
200435,200320,4
200435,200322,1
200435,200345,3
200435,200350,2
200435,200367,1
200435,200385,1
200435,200388,2
200435,200408,5
200435,200414,217
200435,200436,2
200435,200438,3
200435,200449,2
200435,200456,2
200435,200470,4
200435,200473,1
200435,200485,1
200436,200068,2
200436,200082,1
200436,200084,3
200436,200177,2
200436,200212,1
200436,200314,1
200436,200414,14
200436,200435,1
200437,200001,1
200437,200007,1
200437,200028,1
200437,200050,1
200437,200068,8
200437,200071,1
200437,200084,3
200437,200113,1
200437,200129,1
200437,200143,2
200437,200177,10
200437,200204,1
200437,200212,4
200437,200241,1
200437,200274,1
200437,200322,1
200437,200362,1
200437,200396,1
200437,200414,112
200437,200422,1
200437,200435,6
200437,200436,6
200437,200474,1
200437,200504,2
200437,200523,1
200437,200531,1
200437,200534,1
200437,200542,1
200438,200030,2
200438,200047,1
200438,200068,4
200438,200091,2
200438,200129,1
200438,200172,1
200438,200177,1
200438,200202,1
200438,200208,1
200438,200224,1
200438,200231,1
200438,200238,2
200438,200314,1
200438,200350,1
200438,200351,1
200438,200357,2
200438,200358,2
200438,200367,1
200438,200385,2
200438,200414,69
200438,200430,1
200438,200434,1
200438,200437,2
200438,200443,1
200438,200449,1
200438,200456,1
200438,200547,1
200439,200414,2
200443,200001,1
200443,200052,1
200443,200068,1
200443,200091,1
200443,200093,1
200443,200206,1
200443,200356,1
200443,200399,1
200443,200414,9
200444,200135,1
200444,200414,3
200444,200510,1
200446,200068,3
200446,200414,1
200446,200447,2
200447,200001,2
200447,200024,1
200447,200028,1
200447,200030,2
200447,200032,7
200447,200040,1
200447,200042,1
200447,200045,3
200447,200051,1
200447,200061,2
200447,200068,21
200447,200071,4
200447,200079,1
200447,200084,1
200447,200094,1
200447,200101,2
200447,200113,1
200447,200114,1
200447,200124,1
200447,200133,3
200447,200137,1
200447,200173,1
200447,200177,19
200447,200187,1
200447,200198,1
200447,200203,1
200447,200204,4
200447,200205,6
200447,200208,3
200447,200212,1
200447,200222,1
200447,200227,1
200447,200235,1
200447,200238,1
200447,200240,1
200447,200241,3
200447,200281,1
200447,200289,1
200447,200308,4
200447,200314,13
200447,200320,10
200447,200337,1
200447,200338,16
200447,200345,1
200447,200351,1
200447,200357,1
200447,200381,1
200447,200382,1
200447,200385,32
200447,200388,2
200447,200389,1
200447,200408,1
200447,200414,555
200447,200430,2
200447,200431,1
200447,200434,2
200447,200435,4
200447,200446,3
200447,200449,5
200447,200456,2
200447,200470,1
200447,200474,2
200447,200504,3
200447,200510,7
200447,200539,2
200447,200542,3
200449,200022,1
200449,200030,1
200449,200032,73
200449,200048,1
200449,200050,1
200449,200068,2
200449,200082,3
200449,200112,1
200449,200133,1
200449,200143,1
200449,200177,23
200449,200184,5
200449,200187,1
200449,200192,1
200449,200203,15
200449,200204,12
200449,200314,4
200449,200320,5
200449,200322,5
200449,200347,2
200449,200351,1
200449,200366,1
200449,200385,1
200449,200414,303
200449,200422,1
200449,200434,2
200449,200435,6
200449,200447,5
200449,200452,4
200449,200458,1
200449,200485,2
200449,200500,1
200449,200504,6
200449,200540,1
200449,200542,1
200450,200414,2
200450,200449,1
200452,200032,1
200452,200133,1
200452,200143,9
200452,200350,1
200452,200385,2
200452,200414,27
200452,200447,4
200452,200449,1
200452,200458,2
200452,200542,1
200453,200068,1
200453,200396,1
200454,200032,2
200454,200498,2
200455,200068,2
200455,200239,1
200455,200263,1
200455,200414,2
200455,200546,1
200456,200001,3
200456,200024,2
200456,200028,2
200456,200030,4
200456,200059,1
200456,200066,2
200456,200068,44
200456,200071,1
200456,200091,2
200456,200136,3
200456,200137,5
200456,200148,5
200456,200177,4
200456,200202,2
200456,200204,1
200456,200208,6
200456,200211,3
200456,200212,1
200456,200217,2
200456,200227,1
200456,200253,2
200456,200281,1
200456,200314,9
200456,200320,3
200456,200350,14
200456,200351,4
200456,200357,9
200456,200358,4
200456,200366,1
200456,200367,2
200456,200370,1
200456,200385,7
200456,200388,1
200456,200396,1
200456,200413,2
200456,200414,1024
200456,200434,1
200456,200435,1
200456,200457,2
200456,200465,2
200456,200473,1
200456,200500,1
200456,200504,2
200456,200541,1
200456,200542,5
200456,200547,2
200457,200357,1
200457,200367,1
200457,200385,1
200457,200414,8
200457,200456,9
200458,200007,5
200458,200032,2
200458,200068,2
200458,200082,1
200458,200143,3
200458,200184,1
200458,200203,1
200458,200357,1
200458,200395,2
200458,200414,31
200458,200447,1
200458,200452,1
200458,200456,1
200459,200254,1
200461,200414,1
200462,200001,1
200462,200030,1
200462,200067,1
200462,200071,1
200462,200091,1
200462,200093,3
200462,200108,3
200462,200284,2
200462,200338,7
200462,200357,1
200462,200388,2
200462,200414,16
200462,200447,3
200462,200510,1
200462,200530,3
200467,200414,1
200469,200350,1
200470,200028,2
200470,200087,1
200470,200098,1
200470,200158,1
200470,200253,1
200470,200256,1
200470,200257,1
200470,200314,5
200470,200341,1
200470,200357,1
200470,200358,6
200470,200359,1
200470,200414,14
200470,200498,1
200470,200532,1
200471,200001,1
200471,200101,1
200471,200414,5
200471,200456,3
200471,200500,1
200473,200014,1
200473,200028,1
200473,200030,2
200473,200052,1
200473,200054,1
200473,200066,1
200473,200068,9
200473,200082,1
200473,200084,4
200473,200091,1
200473,200093,2
200473,200133,1
200473,200168,1
200473,200177,6
200473,200179,1
200473,200198,2
200473,200202,1
200473,200208,3
200473,200212,1
200473,200238,1
200473,200271,1
200473,200289,1
200473,200308,1
200473,200320,1
200473,200350,2
200473,200357,4
200473,200366,1
200473,200367,1
200473,200383,1
200473,200385,2
200473,200388,3
200473,200396,1
200473,200399,1
200473,200414,184
200473,200434,1
200473,200437,1
200473,200438,3
200473,200447,2
200473,200456,9
200473,200499,1
200473,200510,1
200474,200052,1
200474,200083,1
200474,200145,1
200474,200212,1
200474,200243,1
200474,200314,1
200474,200350,1
200474,200385,1
200474,200414,43
200474,200434,1
200475,200187,2
200475,200375,1
200475,200414,2
200476,200068,12
200476,200308,2
200476,200351,1
200476,200414,50
200476,200488,1
200476,200540,1
200477,200271,1
200477,200293,1
200477,200358,1
200478,200093,1
200481,200001,1
200481,200414,12
200484,200028,1
200484,200091,1
200484,200143,1
200484,200320,1
200484,200350,1
200484,200357,2
200484,200414,46
200484,200473,1
200485,200055,1
200485,200068,1
200485,200098,1
200485,200148,1
200485,200177,2
200485,200204,1
200485,200212,1
200485,200314,4
200485,200385,1
200485,200414,37
200485,200434,1
200485,200449,3
200486,200414,7
200486,200431,1
200487,200341,1
200487,200350,13
200487,200358,1
200487,200414,24
200488,200129,1
200488,200224,1
200488,200414,14
200488,200540,1
200489,200068,1
200489,200101,1
200489,200308,3
200489,200379,3
200489,200414,36
200489,200434,1
200489,200456,2
200490,200091,1
200490,200108,1
200490,200414,8
200492,200358,2
200493,200350,1
200493,200414,2
200497,200007,1
200497,200030,1
200497,200059,1
200497,200061,1
200497,200091,1
200497,200101,1
200497,200314,1
200497,200366,1
200497,200385,1
200497,200388,1
200497,200414,27
200497,200434,1
200498,200032,1
200498,200066,4
200498,200143,2
200498,200177,1
200498,200179,1
200498,200253,1
200498,200308,1
200498,200414,12
200498,200542,1
200499,200032,2
200499,200203,1
200499,200212,1
200499,200414,1
200500,200007,1
200500,200030,4
200500,200071,1
200500,200098,4
200500,200133,2
200500,200148,1
200500,200203,1
200500,200224,1
200500,200241,1
200500,200274,1
200500,200350,1
200500,200379,1
200500,200414,58
200500,200447,2
200501,200091,3
200501,200320,1
200501,200414,8
200503,200414,2
200504,200010,1
200504,200049,1
200504,200050,1
200504,200068,2
200504,200071,1
200504,200082,3
200504,200094,1
200504,200113,2
200504,200145,4
200504,200177,23
200504,200203,1
200504,200208,2
200504,200209,2
200504,200212,6
200504,200274,1
200504,200314,1
200504,200320,2
200504,200330,1
200504,200352,2
200504,200366,1
200504,200367,3
200504,200385,1
200504,200388,3
200504,200414,227
200504,200429,1
200504,200434,1
200504,200449,3
200504,200474,2
200505,200308,4
200505,200314,1
200505,200350,1
200505,200379,2
200505,200385,2
200505,200414,27
200505,200510,2
200506,200414,1
200508,200050,1
200508,200071,1
200508,200133,2
200508,200177,1
200508,200198,1
200508,200204,3
200508,200322,1
200508,200414,47
200508,200447,4
200509,200032,1
200509,200414,11
200509,200447,1
200510,200001,41
200510,200028,1
200510,200030,17
200510,200032,7
200510,200042,1
200510,200045,1
200510,200050,1
200510,200052,13
200510,200060,1
200510,200066,3
200510,200068,16
200510,200071,1
200510,200079,1
200510,200081,1
200510,200087,1
200510,200088,1
200510,200089,1
200510,200091,29
200510,200093,5
200510,200094,2
200510,200098,1
200510,200101,9
200510,200108,1
200510,200132,1
200510,200133,54
200510,200135,1
200510,200168,7
200510,200173,1
200510,200177,2
200510,200187,6
200510,200221,1
200510,200232,2
200510,200235,1
200510,200241,1
200510,200253,3
200510,200271,2
200510,200281,1
200510,200284,6
200510,200289,1
200510,200308,30
200510,200314,1
200510,200320,1
200510,200330,3
200510,200338,24
200510,200347,1
200510,200350,1
200510,200356,1
200510,200357,47
200510,200367,1
200510,200379,2
200510,200385,20
200510,200389,1
200510,200392,2
200510,200399,1
200510,200414,1319
200510,200430,5
200510,200431,1
200510,200432,1
200510,200434,1
200510,200447,11
200510,200449,3
200510,200456,4
200510,200530,1
200510,200537,1
200510,200539,3
200510,200542,2
200511,200001,1
200511,200091,1
200511,200414,3
200513,200028,1
200513,200068,3
200513,200091,1
200513,200238,1
200513,200367,1
200513,200414,37
200513,200430,1
200514,200308,1
200514,200379,2
200514,200414,19
200516,200414,2
200517,200029,1
200517,200169,1
200517,200350,3
200517,200414,9
200517,200456,1
200518,200091,1
200518,200108,1
200518,200414,6
200518,200530,1
200519,200350,1
200519,200352,1
200519,200414,1
200520,200255,5
200520,200396,2
200520,200453,1
200521,200068,1
200521,200350,1
200521,200414,4
200522,200068,1
200522,200231,1
200522,200414,2
200523,200014,1
200523,200042,1
200523,200068,7
200523,200070,1
200523,200082,2
200523,200177,1
200523,200209,2
200523,200212,1
200523,200227,1
200523,200314,1
200523,200414,14
200524,200414,3
200527,200414,1
200528,200358,4
200528,200359,1
200530,200414,9
200531,200414,2
200532,200068,6
200532,200098,2
200532,200101,1
200532,200221,1
200532,200241,1
200532,200308,1
200532,200385,1
200532,200414,47
200532,200434,1
200532,200465,1
200532,200473,1
200532,200534,3
200534,200030,1
200534,200032,2
200534,200047,1
200534,200057,1
200534,200068,16
200534,200113,1
200534,200143,1
200534,200144,1
200534,200177,2
200534,200206,1
200534,200212,1
200534,200238,2
200534,200284,1
200534,200320,1
200534,200324,1
200534,200338,1
200534,200357,1
200534,200385,3
200534,200414,119
200534,200434,1
200534,200447,2
200534,200476,1
200534,200499,1
200534,200532,1
200535,200079,1
200535,200177,3
200535,200414,6
200537,200027,1
200537,200030,1
200537,200091,6
200537,200093,1
200537,200133,1
200537,200135,1
200537,200177,2
200537,200208,6
200537,200238,1
200537,200314,1
200537,200351,1
200537,200367,5
200537,200399,1
200537,200414,22
200537,200430,3
200537,200438,1
200537,200473,1
200538,200414,1
200538,200447,1
200539,200071,1
200539,200083,4
200539,200133,1
200539,200143,1
200539,200148,1
200539,200206,2
200539,200208,1
200539,200241,1
200539,200350,2
200539,200357,1
200539,200414,61
200539,200456,2
200539,200542,1
200540,200001,1
200540,200018,1
200540,200030,2
200540,200135,1
200540,200168,2
200540,200187,5
200540,200224,3
200540,200253,1
200540,200308,7
200540,200350,1
200540,200385,1
200540,200414,71
200540,200447,1
200540,200449,1
200540,200465,1
200540,200476,4
200540,200510,2
200540,200547,5
200541,200007,1
200541,200032,3
200541,200308,2
200541,200414,12
200541,200449,2
200541,200504,1
200542,200001,1
200542,200007,1
200542,200030,39
200542,200032,10
200542,200035,4
200542,200057,1
200542,200059,1
200542,200066,4
200542,200068,6
200542,200082,1
200542,200083,2
200542,200098,1
200542,200133,5
200542,200143,2
200542,200148,4
200542,200177,12
200542,200179,19
200542,200203,1
200542,200204,2
200542,200211,1
200542,200212,9
200542,200220,4
200542,200234,2
200542,200253,4
200542,200255,1
200542,200257,2
200542,200308,2
200542,200322,1
200542,200338,2
200542,200350,1
200542,200357,1
200542,200362,1
200542,200385,4
200542,200413,2
200542,200414,237
200542,200434,1
200542,200437,1
200542,200447,8
200542,200456,2
200542,200473,1
200542,200498,3
200542,200499,16
200542,200534,4
200542,200539,4
200543,200167,1
200543,200168,1
200543,200385,1
200543,200414,6
200544,200414,2
200545,200068,2
200545,200129,1
200545,200212,1
200545,200308,2
200545,200385,2
200545,200414,20
200545,200447,1
200545,200510,1
200546,200338,1
200547,200030,1
200547,200032,2
200547,200059,1
200547,200068,1
200547,200071,1
200547,200238,2
200547,200351,2
200547,200414,36
200547,200438,2
200547,200499,1
200548,200414,2
300001,300032,5
300001,300209,1
300001,300351,1
300001,300480,4
300001,300491,4
300001,300741,5
300002,300024,1
300002,300032,5
300003,300032,1
300003,300491,1
300004,300071,10
300004,300420,1
300004,300466,1
300004,300469,1
300004,300491,5
300004,300688,1
300004,300700,1
300004,300736,1
300004,300741,27
300004,300775,1
300005,300032,11
300005,300039,1
300005,300071,4
300005,300100,2
300005,300209,2
300005,300256,1
300005,300419,2
300005,300420,1
300005,300480,9
300005,300491,3
300005,300644,3
300005,300731,1
300005,300741,14
300006,300326,1
300006,300420,1
300006,300433,1
300006,300480,1
300006,300491,1
300006,300688,1
300006,300741,11
300007,300043,1
300007,300209,1
300007,300332,1
300007,300480,1
300007,300592,2
300007,300688,1
300007,300741,6
300013,300649,1
300015,300741,1
300019,300491,3
300019,300699,3
300020,300006,1
300020,300070,1
300020,300071,2
300020,300491,1
300020,300741,4
300021,300491,2
300021,300699,1
300021,300741,4
300022,300032,3
300022,300100,1
300022,300209,1
300022,300416,1
300022,300419,1
300022,300491,30
300022,300741,69
300023,300032,1
300024,300032,9
300024,300039,2
300024,300209,2
300024,300298,3
300024,300351,1
300024,300741,8
300025,300024,1
300025,300032,8
300025,300039,1
300025,300209,1
300025,300312,1
300025,300351,1
300025,300363,9
300025,300480,4
300025,300491,10
300025,300633,2
300025,300699,1
300025,300737,4
300025,300741,26
300027,300701,1
300028,300005,1
300028,300032,1
300028,300741,1
300029,300480,1
300029,300491,5
300029,300688,3
300029,300692,2
300029,300699,1
300029,300741,6
300030,300032,4
300030,300209,1
300030,300416,1
300030,300480,1
300030,300491,3
300030,300699,4
300030,300741,14
300032,300001,2
300032,300002,5
300032,300005,3
300032,300022,2
300032,300024,12
300032,300025,5
300032,300039,33
300032,300043,1
300032,300057,1
300032,300100,2
300032,300112,3
300032,300209,22
300032,300263,2
300032,300298,6
300032,300332,1
300032,300351,8
300032,300360,1
300032,300416,3
300032,300480,47
300032,300491,61
300032,300496,8
300032,300592,3
300032,300626,3
300032,300629,1
300032,300657,1
300032,300671,1
300032,300688,1
300032,300699,6
300032,300735,1
300032,300741,242
300032,300768,1
300032,300775,13
300034,300491,1
300034,300741,1
300036,300071,2
300036,300491,6
300036,300592,1
300036,300688,3
300036,300741,7
300038,300089,1
300038,300153,1
300038,300160,1
300038,300255,2
300038,300344,1
300038,300363,10
300038,300396,1
300038,300466,1
300038,300491,32
300038,300669,1
300038,300671,6
300038,300699,3
300038,300701,1
300038,300729,1
300038,300737,1
300038,300741,45
300038,300780,2
300039,300032,4
300039,300112,1
300039,300298,1
300039,300480,2
300039,300491,1
300039,300652,2
300039,300741,5
300043,300032,3
300043,300039,4
300043,300071,2
300043,300209,2
300043,300254,1
300043,300447,1
300043,300480,6
300043,300491,62
300043,300576,2
300043,300688,3
300043,300692,1
300043,300699,3
300043,300741,59
300044,300094,2
300045,300032,1
300045,300491,2
300045,300741,3
300045,300746,1
300047,300032,3
300047,300115,2
300047,300179,1
300047,300491,29
300047,300699,13
300047,300701,1
300047,300729,2
300047,300740,1
300047,300741,26
300048,300133,1
300048,300418,1
300051,300310,1
300057,300032,6
300057,300043,2
300057,300298,2
300057,300331,1
300057,300351,1
300057,300418,1
300057,300420,1
300057,300480,4
300057,300491,2
300057,300688,1
300057,300741,20
300060,300741,1
300061,300688,1
300061,300741,2
300062,300765,1
300069,300209,1
300069,300298,1
300069,300480,1
300069,300741,1
300070,300144,1
300070,300196,1
300070,300469,1
300070,300688,3
300070,300741,4
300071,300004,2
300071,300005,3
300071,300032,5
300071,300043,1
300071,300070,1
300071,300082,1
300071,300100,21
300071,300102,1
300071,300113,1
300071,300116,1
300071,300144,4
300071,300160,1
300071,300181,1
300071,300186,1
300071,300199,3
300071,300207,1
300071,300209,18
300071,300224,1
300071,300247,8
300071,300256,4
300071,300263,1
300071,300264,5
300071,300273,1
300071,300298,2
300071,300310,1
300071,300311,2
300071,300332,5
300071,300336,1
300071,300363,2
300071,300396,3
300071,300400,1
300071,300418,10
300071,300419,56
300071,300420,7
300071,300429,1
300071,300433,2
300071,300447,5
300071,300466,11
300071,300469,1
300071,300471,2
300071,300480,20
300071,300491,62
300071,300496,2
300071,300589,1
300071,300592,5
300071,300597,1
300071,300602,1
300071,300614,9
300071,300621,1
300071,300622,5
300071,300626,1
300071,300629,1
300071,300671,1
300071,300678,1
300071,300688,18
300071,300692,2
300071,300696,1
300071,300699,15
300071,300701,2
300071,300713,2
300071,300731,2
300071,300736,2
300071,300741,640
300071,300796,1
300072,300032,1
300072,300071,2
300072,300100,1
300072,300113,1
300072,300209,3
300072,300263,1
300072,300419,1
300072,300447,1
300072,300480,2
300072,300491,5
300072,300688,1
300072,300741,42
300077,300063,1
300078,300741,1
300079,300029,1
300079,300036,1
300079,300363,1
300079,300491,9
300079,300671,1
300079,300737,3
300079,300741,4
300080,300498,1
300081,300032,2
300081,300491,3
300081,300741,4
300081,300768,1
300086,300418,1
300086,300688,1
300086,300741,1
300089,300179,1
300089,300351,1
300089,300491,6
300089,300699,2
300089,300741,5
300090,300491,2
300090,300741,4
300093,300480,1
300093,300741,3
300094,300044,1
300094,300553,1
300094,300561,2
300094,300566,1
300094,300574,6
300097,300300,1
300099,300022,1
300099,300032,1
300099,300100,1
300099,300298,1
300099,300597,1
300099,300741,8
300100,300025,1
300100,300070,1
300100,300071,5
300100,300099,3
300100,300325,2
300100,300419,4
300100,300420,1
300100,300486,1
300100,300491,21
300100,300546,1
300100,300669,8
300100,300671,2
300100,300678,1
300100,300699,2
300100,300741,69
300101,300038,1
300101,300071,1
300101,300420,6
300101,300433,1
300101,300491,1
300101,300741,7
300102,300071,2
300103,300741,1
300105,300741,2
300108,300005,1
300108,300032,2
300108,300071,1
300108,300383,1
300108,300419,1
300108,300447,1
300108,300480,5
300108,300491,2
300108,300622,1
300108,300629,1
300108,300633,1
300108,300644,1
300108,300713,1
300108,300741,22
300110,300160,1
300110,300629,1
300110,300676,2
300110,300688,1
300110,300741,1
300111,300071,1
300111,300363,1
300111,300471,1
300111,300491,1
300111,300688,13
300111,300691,1
300111,300692,7
300111,300731,1
300111,300741,11
300112,300024,1
300112,300025,1
300112,300032,5
300112,300039,1
300112,300741,1
300113,300032,3
300113,300071,1
300113,300100,2
300113,300416,1
300113,300480,1
300113,300597,1
300113,300741,16
300115,300491,3
300115,300741,2
300116,300614,1
300120,300209,1
300120,300309,1
300120,300491,1
300120,300741,3
300122,300724,1
300125,300144,1
300125,300337,1
300125,300396,1
300125,300501,1
300125,300602,1
300125,300741,1
300126,300032,2
300126,300209,1
300126,300310,1
300126,300418,1
300126,300480,2
300126,300614,1
300126,300741,2
300127,300156,1
300135,300741,5
300137,300144,1
300137,300160,1
300137,300186,1
300137,300396,1
300137,300501,2
300137,300741,4
300139,300310,1
300139,300614,3
300139,300678,1
300144,300071,4
300144,300137,1
300144,300419,1
300144,300480,1
300144,300741,6
300145,300071,4
300145,300420,1
300145,300449,1
300145,300629,1
300146,300741,7
300147,300071,1
300147,300688,1
300147,300741,2
300153,300363,1
300153,300741,4
300155,300320,1
300157,300070,1
300157,300071,1
300157,300480,1
300157,300491,5
300157,300589,1
300157,300688,2
300157,300741,10
300158,300022,1
300158,300032,8
300158,300071,1
300158,300100,2
300158,300101,1
300158,300209,3
300158,300224,1
300158,300263,1
300158,300325,1
300158,300418,3
300158,300420,17
300158,300433,1
300158,300480,7
300158,300491,11
300158,300496,1
300158,300614,1
300158,300629,1
300158,300688,1
300158,300701,1
300158,300741,62
300159,300022,1
300159,300196,1
300159,300433,1
300159,300491,3
300159,300496,1
300159,300499,1
300159,300740,1
300159,300741,9
300159,300775,1
300160,300025,1
300160,300032,1
300160,300071,3
300160,300209,3
300160,300247,2
300160,300332,2
300160,300351,1
300160,300396,1
300160,300480,2
300160,300491,12
300160,300496,1
300160,300526,1
300160,300592,1
300160,300671,1
300160,300686,2
300160,300741,58
300163,300491,2
300163,300496,1
300163,300741,3
300166,300604,1
300167,300741,7
300172,300071,3
300172,300160,1
300172,300247,1
300172,300332,1
300172,300394,1
300172,300447,1
300172,300466,1
300172,300491,1
300172,300602,1
300172,300741,8
300173,300032,1
300173,300071,1
300173,300480,1
300173,300491,1
300173,300741,1
300173,300775,1
300175,300100,1
300175,300546,1
300175,300741,1
300179,300491,7
300179,300496,1
300179,300699,1
300179,300741,1
300180,300363,3
300180,300741,6
300181,300022,2
300181,300100,4
300181,300256,1
300181,300480,1
300181,300491,6
300181,300626,2
300181,300688,2
300181,300731,1
300181,300741,39
300182,300071,1
300182,300160,1
300182,300396,1
300182,300491,7
300182,300688,1
300182,300741,18
300182,300767,1
300183,300491,1
300183,300741,4
300184,300076,1
300185,300491,3
300185,300741,1
300186,300144,1
300186,300741,2
300187,300032,2
300187,300039,1
300187,300491,2
300187,300496,1
300187,300740,1
300187,300741,1
300189,300420,1
300189,300491,3
300189,300741,15
300194,300047,1
300194,300491,2
300194,300729,1
300194,300741,2
300195,300491,1
300196,300626,1
300196,300688,1
300196,300699,1
300196,300741,3
300197,300004,1
300197,300071,1
300197,300144,1
300197,300186,1
300197,300224,1
300197,300438,1
300197,300602,1
300197,300741,3
300198,300024,1
300198,300032,4
300198,300039,2
300198,300112,1
300198,300298,1
300198,300741,4
300199,300071,9
300199,300419,2
300199,300741,6
300200,300071,18
300200,300100,1
300200,300209,1
300200,300419,1
300200,300447,1
300200,300491,1
300200,300741,8
300201,300741,1
300202,300741,1
300203,300043,1
300203,300741,3
300204,300004,1
300204,300741,1
300206,300592,1
300206,300741,1
300207,300032,1
300207,300741,3
300209,300022,2
300209,300024,1
300209,300025,1
300209,300032,25
300209,300039,3
300209,300043,2
300209,300100,1
300209,300179,1
300209,300263,1
300209,300298,3
300209,300332,3
300209,300351,3
300209,300384,1
300209,300416,4
300209,300418,1
300209,300419,3
300209,300420,1
300209,300480,29
300209,300491,24
300209,300496,4
300209,300592,1
300209,300626,1
300209,300629,2
300209,300671,2
300209,300688,1
300209,300699,3
300209,300700,2
300209,300712,1
300209,300741,139
300209,300775,1
300212,300038,1
300212,300491,3
300213,300032,1
300213,300150,1
300213,300194,1
300213,300209,1
300213,300212,1
300213,300298,1
300213,300491,3
300213,300498,1
300213,300699,1
300213,300729,1
300213,300741,8
300214,300071,1
300214,300662,1
300214,300736,1
300217,300741,1
300220,300004,1
300220,300070,1
300220,300071,4
300220,300731,1
300220,300741,3
300221,300071,6
300221,300209,1
300221,300420,1
300223,300320,2
300223,300509,1
300224,300160,3
300224,300741,2
300230,300335,1
300231,300039,2
300231,300447,1
300231,300480,5
300231,300491,7
300231,300671,2
300231,300699,9
300231,300740,1
300231,300741,19
300232,300233,1
300235,300491,1
300235,300592,1
300235,300741,2
300236,300480,1
300236,300491,16
300236,300496,2
300236,300671,1
300236,300740,4
300236,300741,8
300236,300746,1
300247,300043,1
300247,300071,3
300247,300072,1
300247,300209,1
300247,300332,6
300247,300378,1
300247,300396,1
300247,300419,1
300247,300480,3
300247,300491,4
300247,300592,1
300247,300622,1
300247,300699,3
300247,300736,1
300247,300741,45
300249,300298,1
300249,300741,2
300249,300768,1
300253,300741,1
300254,300381,1
300254,300592,1
300254,300741,3
300255,300025,1
300255,300047,1
300255,300363,12
300255,300491,2
300255,300669,1
300255,300672,1
300255,300741,43
300256,300032,3
300256,300039,1
300256,300043,2
300256,300071,1
300256,300100,1
300256,300263,1
300256,300298,1
300256,300396,2
300256,300416,1
300256,300480,1
300256,300491,6
300256,300501,1
300256,300688,2
300256,300699,3
300256,300741,37
300257,300776,1
300258,300025,1
300258,300039,2
300259,300032,2
300259,300039,1
300259,300480,4
300259,300741,3
300262,300071,2
300262,300209,1
300262,300264,1
300262,300273,1
300262,300469,1
300262,300491,1
300262,300592,1
300262,300648,1
300262,300741,8
300263,300030,1
300263,300032,3
300263,300071,1
300263,300480,3
300263,300491,1
300263,300496,1
300263,300499,2
300263,300741,18
300264,300070,1
300264,300209,1
300264,300480,1
300264,300491,2
300264,300629,1
300264,300713,4
300264,300741,11
300265,300741,4
300269,300071,1
300270,300318,1
300270,300785,1
300276,300491,1
300276,300741,4
300279,300310,1
300282,300236,1
300288,300699,1
300288,300741,2
300291,300047,2
300291,300257,1
300291,300491,1
300291,300651,1
300291,300729,1
300291,300744,1
300292,300160,1
300293,300160,1
300293,300491,2
300293,300741,1
300294,300480,1
300294,300741,2
300298,300024,2
300298,300032,9
300298,300039,5
300298,300057,1
300298,300231,1
300298,300445,1
300298,300480,18
300298,300491,5
300298,300496,1
300298,300499,1
300298,300699,4
300298,300741,36
300298,300775,1
300303,300351,1
300303,300480,1
300303,300741,2
300304,300614,1
300305,300614,1
300307,300614,1
300309,300614,2
300309,300741,2
300310,300032,1
300310,300139,1
300310,300190,1
300310,300209,1
300310,300309,6
300310,300324,1
300310,300325,1
300310,300418,10
300310,300480,4
300310,300491,1
300310,300496,2
300310,300597,9
300310,300599,1
300310,300614,11
300310,300678,2
300310,300741,34
300311,300310,1
300311,300418,2
300311,300741,3
300311,300796,1
300312,300022,1
300312,300025,2
300312,300071,3
300312,300209,2
300312,300263,1
300312,300269,1
300312,300298,1
300312,300363,2
300312,300480,3
300312,300486,1
300312,300491,4
300312,300592,1
300312,300688,1
300312,300741,37
300314,300315,1
300318,300784,1
300320,300318,2
300325,300022,1
300325,300032,1
300325,300039,1
300325,300100,4
300325,300491,3
300325,300741,2
300326,300032,1
300326,300209,1
300326,300351,1
300326,300491,1
300326,300592,1
300326,300626,1
300326,300712,1
300326,300741,3
300328,300096,1
300330,300331,1
300330,300491,28
300330,300496,1
300330,300699,1
300330,300701,2
300330,300741,2
300331,300025,2
300331,300032,1
300331,300039,2
300331,300209,1
300331,300344,1
300331,300480,7
300331,300491,60
300331,300496,1
300331,300699,42
300331,300701,6
300331,300741,26
300332,300032,1
300332,300071,2
300332,300100,3
300332,300160,6
300332,300172,1
300332,300209,1
300332,300396,1
300332,300480,5
300332,300491,16
300332,300496,1
300332,300592,1
300332,300633,1
300332,300671,7
300332,300696,1
300332,300741,59
300333,300071,1
300333,300741,1
300336,300071,5
300336,300140,1
300336,300419,1
300336,300741,2
300337,300151,2
300344,300363,1
300344,300491,19
300344,300496,1
300344,300699,2
300344,300741,5
300348,300480,3
300348,300491,1
300348,300699,2
300349,300022,1
300349,300113,1
300349,300224,1
300349,300419,1
300349,300491,2
300349,300602,1
300349,300741,7
300350,300032,1
300350,300699,1
300350,300741,2
300351,300011,1
300351,300024,1
300351,300025,1
300351,300032,20
300351,300039,1
300351,300089,1
300351,300209,2
300351,300263,2
300351,300330,2
300351,300331,1
300351,300350,2
300351,300400,1
300351,300416,1
300351,300480,14
300351,300491,13
300351,300496,1
300351,300699,3
300351,300700,1
300351,300741,28
300351,300775,1
300353,300331,1
300353,300491,3
300353,300741,1
300354,300071,4
300354,300331,1
300354,300491,2
300354,300688,1
300354,300741,13
300355,300699,1
300356,300025,2
300356,300480,8
300356,300491,2
300356,300741,7
300358,300741,1
300360,300480,1
300360,300491,3
300360,300496,1
300360,300699,1
300360,300741,1
300363,300021,1
300363,300038,4
300363,300047,2
300363,300089,1
300363,300255,2
300363,300491,24
300363,300496,2
300363,300669,2
300363,300688,1
300363,300699,5
300363,300737,3
300363,300741,191
300363,300780,11
300365,300495,2
300365,300592,2
300365,300688,2
300365,300691,1
300365,300692,1
300365,300696,1
300365,300741,1
300368,300400,1
300368,300688,1
300368,300741,3
300369,300741,1
300376,300420,1
300376,300491,5
300376,300741,13
300377,300004,1
300377,300071,3
300377,300731,1
300377,300741,2
300378,300491,3
300378,300699,2
300378,300701,1
300378,300729,2
300378,300741,2
300383,300032,1
300383,300100,1
300383,300491,2
300383,300741,4
300384,300491,1
300384,300741,1
300386,300741,3
300387,300024,2
300387,300032,4
300387,300039,1
300387,300741,2
300393,300741,1
300395,300699,2
300396,300137,1
300396,300144,2
300396,300160,2
300396,300491,4
300396,300499,1
300396,300688,1
300396,300699,2
300396,300741,27
300398,300548,1
300400,300011,2
300400,300167,1
300400,300209,1
300400,300469,1
300400,300491,1
300400,300649,1
300400,300741,11
300401,300160,1
300401,300224,1
300401,300713,1
300401,300741,10
300401,300780,1
300402,300044,1
300414,300032,7
300414,300209,1
300414,300480,1
300414,300486,1
300414,300491,13
300414,300586,1
300414,300713,1
300414,300740,3
300414,300741,4
300415,300047,2
300415,300360,1
300415,300416,1
300415,300480,1
300415,300491,18
300415,300699,2
300415,300701,5
300415,300741,2
300416,300039,2
300416,300486,1
300416,300491,38
300416,300496,1
300416,300699,2
300416,300741,8
300417,300491,2
300417,300592,1
300417,300741,8
300418,300032,5
300418,300079,1
300418,300100,4
300418,300158,1
300418,300209,1
300418,300263,1
300418,300309,2
300418,300310,7
300418,300419,1
300418,300433,1
300418,300480,1
300418,300491,10
300418,300496,1
300418,300597,12
300418,300614,7
300418,300671,1
300418,300688,1
300418,300741,58
300418,300796,1
300419,300022,2
300419,300032,5
300419,300071,17
300419,300100,6
300419,300209,2
300419,300263,1
300419,300326,1
300419,300480,8
300419,300491,19
300419,300496,1
300419,300591,1
300419,300592,1
300419,300644,2
300419,300740,1
300419,300741,95
300419,300745,2
300420,300006,2
300420,300007,1
300420,300022,3
300420,300032,5
300420,300039,2
300420,300043,1
300420,300071,3
300420,300100,5
300420,300101,7
300420,300116,1
300420,300157,1
300420,300158,14
300420,300209,2
300420,300256,1
300420,300298,1
300420,300310,1
300420,300332,1
300420,300376,1
300420,300416,1
300420,300419,1
300420,300433,3
300420,300480,10
300420,300486,1
300420,300491,30
300420,300496,2
300420,300597,2
300420,300608,2
300420,300614,1
300420,300629,2
300420,300688,5
300420,300699,1
300420,300713,1
300420,300736,1
300420,300741,120
300423,300071,3
300423,300101,1
300423,300209,1
300423,300326,1
300423,300396,1
300423,300741,14
300429,300741,2
300433,300741,10
300434,300127,1
300434,300320,1
300435,300741,1
300438,300144,1
300438,300224,1
300438,300602,1
300439,300032,1
300439,300671,1
300440,300032,1
300440,300039,1
300440,300298,1
300441,300032,3
300442,300100,1
300443,300498,1
300444,300499,1
300445,300298,1
300445,300491,1
300445,300741,1
300446,300071,7
300446,300419,1
300446,300447,2
300446,300741,3
300447,300004,2
300447,300039,1
300447,300071,6
300447,300100,3
300447,300102,1
300447,300183,1
300447,300199,3
300447,300247,1
300447,300396,1
300447,300416,1
300447,300438,1
300447,300469,1
300447,300480,2
300447,300491,6
300447,300592,1
300447,300602,1
300447,300671,2
300447,300736,1
300447,300741,39
300449,300071,4
300449,300741,8
300454,300491,1
300455,300310,1
300455,300599,1
300455,300777,1
300457,300491,1
300457,300741,1
300458,300094,1
300466,300039,1
300466,300071,3
300466,300100,2
300466,300209,2
300466,300224,1
300466,300332,2
300466,300416,1
300466,300447,1
300466,300480,3
300466,300491,8
300466,300543,2
300466,300591,1
300466,300688,1
300466,300741,51
300469,300196,1
300469,300209,1
300469,300291,1
300469,300415,2
300469,300416,1
300469,300480,1
300469,300491,2
300469,300688,3
300469,300701,2
300469,300741,14
300470,300032,2
300470,300480,1
300470,300491,2
300470,300741,9
300470,300775,1
300471,300032,1
300471,300057,1
300471,300081,1
300471,300741,2
300474,300310,2
300474,300418,2
300474,300597,1
300474,300614,1
300474,300741,4
300474,300796,1
300477,300070,1
300477,300071,1
300477,300144,1
300477,300186,1
300477,300196,1
300477,300224,1
300477,300256,2
300477,300396,1
300477,300419,1
300477,300480,1
300477,300491,1
300477,300629,2
300477,300699,1
300477,300701,1
300477,300741,4
300480,300002,1
300480,300022,4
300480,300024,2
300480,300025,3
300480,300032,111
300480,300039,18
300480,300047,1
300480,300057,1
300480,300070,1
300480,300071,2
300480,300082,1
300480,300113,1
300480,300201,1
300480,300209,8
300480,300249,1
300480,300256,1
300480,300258,1
300480,300263,1
300480,300298,6
300480,300331,2
300480,300332,3
300480,300351,12
300480,300419,1
300480,300439,1
300480,300491,153
300480,300496,3
300480,300498,1
300480,300517,1
300480,300592,1
300480,300629,4
300480,300633,1
300480,300671,4
300480,300685,1
300480,300688,7
300480,300699,15
300480,300713,2
300480,300741,330
300480,300746,1
300480,300767,2
300480,300768,1
300480,300775,5
300482,300499,2
300482,300505,1
300482,300701,1
300482,300776,1
300483,300032,1
300483,300741,1
300485,300298,1
300486,300032,2
300486,300038,1
300486,300298,2
300486,300331,2
300486,300480,5
300486,300491,26
300486,300614,2
300486,300699,24
300486,300737,1
300486,300741,32
300491,300019,12
300491,300022,7
300491,300025,2
300491,300032,8
300491,300038,2
300491,300039,7
300491,300043,13
300491,300047,65
300491,300070,3
300491,300071,7
300491,300072,1
300491,300079,1
300491,300089,25
300491,300090,1
300491,300100,2
300491,300115,12
300491,300160,3
300491,300179,7
300491,300180,1
300491,300195,4
300491,300209,3
300491,300255,5
300491,300287,2
300491,300298,2
300491,300330,8
300491,300331,19
300491,300332,8
300491,300344,7
300491,300351,1
300491,300363,17
300491,300378,1
300491,300384,2
300491,300394,7
300491,300395,2
300491,300398,1
300491,300415,13
300491,300416,15
300491,300433,1
300491,300480,64
300491,300486,24
300491,300496,89
300491,300501,4
300491,300518,3
300491,300548,7
300491,300576,1
300491,300592,1
300491,300626,1
300491,300651,1
300491,300669,2
300491,300671,12
300491,300672,1
300491,300688,19
300491,300696,1
300491,300699,804
300491,300701,79
300491,300709,2
300491,300713,1
300491,300736,4
300491,300737,7
300491,300740,1
300491,300741,1766
300491,300780,11
300495,300027,1
300495,300209,1
300495,300383,3
300495,300480,1
300495,300491,2
300495,300592,1
300495,300691,5
300495,300696,3
300495,300741,15
300496,300022,1
300496,300032,5
300496,300039,1
300496,300263,1
300496,300331,1
300496,300416,1
300496,300445,1
300496,300480,7
300496,300486,1
300496,300491,21
300496,300501,1
300496,300699,8
300496,300741,40
300497,300039,1
300497,300212,1
300497,300480,1
300497,300491,3
300497,300614,1
300497,300699,3
300497,300741,6
300498,300257,1
300498,300443,1
300498,300482,1
300498,300499,1
300498,300517,1
300498,300776,9
300499,300090,1
300499,300298,1
300499,300480,1
300499,300491,1
300499,300498,1
300499,300505,3
300499,300741,5
300499,300776,2
300501,300137,1
300501,300209,1
300501,300263,1
300501,300332,1
300501,300394,1
300501,300396,1
300501,300491,20
300501,300497,1
300501,300741,75
300505,300498,1
300505,300741,1
300509,300320,1
300509,300623,1
300510,300741,5
300512,300741,1
300515,300491,2
300515,300741,3
300516,300236,1
300516,300480,1
300516,300491,1
300516,300671,2
300516,300741,4
300517,300498,2
300517,300775,1
300517,300776,1
300518,300071,2
300518,300480,1
300518,300491,7
300518,300741,8
300519,300741,1
300526,300741,1
300531,300039,1
300531,300491,3
300531,300741,7
300532,300310,1
300539,300363,1
300539,300741,1
300541,300291,1
300541,300776,1
300543,300447,1
300543,300491,1
300543,300671,2
300543,300741,6
300545,300005,1
300545,300071,2
300545,300419,1
300545,300741,7
300546,300491,3
300546,300737,1
300547,300741,1
300548,300491,3
300548,300699,5
300550,300574,1
300553,300094,1
300561,300094,1
300561,300309,1
300561,300310,1
300561,300574,2
300562,300310,1
300571,300304,3
300574,300094,3
300574,300561,2
300575,300310,1
300576,300491,5
300586,300017,1
300586,300491,2
300587,300024,1
300587,300032,5
300587,300491,2
300587,300699,1
300587,300741,6
300589,300741,1
300591,300079,1
300591,300332,1
300591,300491,2
300591,300741,2
300592,300032,1
300592,300043,2
300592,300057,1
300592,300071,4
300592,300079,1
300592,300100,2
300592,300111,1
300592,300209,1
300592,300235,1
300592,300332,2
300592,300396,1
300592,300433,1
300592,300491,8
300592,300626,1
300592,300656,1
300592,300688,4
300592,300692,3
300592,300699,6
300592,300713,1
300592,300741,73
300597,300099,1
300597,300310,2
300597,300418,4
300597,300491,2
300597,300614,4
300597,300741,14
300598,300573,1
300601,300741,1
300602,300144,1
300602,300224,1
300602,300741,2
300603,300640,1
300605,300491,1
300605,300741,1
300606,300416,1
300606,300491,1
300606,300741,2
300608,300032,1
300608,300491,2
300608,300741,13
300610,300416,1
300610,300741,1
300614,300032,1
300614,300139,1
300614,300310,3
300614,300418,5
300614,300454,1
300614,300491,2
300614,300597,2
300614,300613,2
300614,300740,1
300614,300741,13
300615,300310,1
300615,300597,1
300615,300614,1
300615,300678,2
300615,300741,3
300615,300796,1
300621,300071,3
300621,300199,1
300621,300333,1
300621,300419,1
300621,300741,4
300622,300005,2
300622,300032,2
300622,300071,3
300622,300100,1
300622,300419,3
300622,300480,1
300622,300644,2
300622,300741,2
300622,300775,1
300623,300320,1
300624,300077,1
300624,300499,1
300624,300698,1
300624,300776,2
300625,300324,1
300626,300022,1
300626,300032,1
300626,300038,1
300626,300070,1
300626,300071,2
300626,300363,10
300626,300447,1
300626,300480,3
300626,300491,16
300626,300592,1
300626,300629,1
300626,300741,68
300629,300032,3
300629,300070,2
300629,300158,1
300629,300203,1
300629,300224,1
300629,300263,1
300629,300298,1
300629,300332,1
300629,300416,1
300629,300480,14
300629,300491,3
300629,300498,1
300629,300651,1
300629,300657,1
300629,300688,1
300629,300692,2
300629,300741,53
300632,300480,1
300632,300491,4
300632,300741,2
300633,300022,1
300633,300032,10
300633,300039,1
300633,300209,2
300633,300480,1
300633,300491,3
300633,300632,2
300633,300699,1
300633,300741,5
300643,300634,1
300644,300071,6
300644,300419,1
300644,300433,1
300644,300491,1
300644,300688,1
300644,300741,8
300647,300071,6
300647,300419,1
300647,300741,5
300648,300491,1
300648,300741,4
300649,300001,1
300649,300032,5
300649,300070,1
300649,300298,1
300649,300480,4
300649,300491,1
300649,300651,1
300649,300741,11
300650,300480,1
300650,300491,2
300650,300741,2
300651,300032,1
300651,300071,1
300651,300351,1
300651,300386,1
300651,300396,1
300651,300420,1
300651,300480,6
300651,300629,2
300651,300676,1
300651,300741,11
300652,300039,2
300652,300741,1
300653,300072,1
300653,300180,1
300653,300491,1
300653,300741,4
300654,300572,1
300655,300062,1
300655,300765,1
300656,300070,1
300656,300071,1
300656,300741,3
300657,300741,5
300661,300101,1
300661,300113,1
300661,300209,1
300661,300312,1
300661,300741,14
300662,300071,1
300662,300736,1
300664,300501,1
300664,300671,1
300664,300741,10
300667,300319,1
300669,300032,4
300669,300038,1
300669,300100,10
300669,300255,3
300669,300363,23
300669,300420,4
300669,300480,7
300669,300491,7
300669,300699,1
300669,300741,61
300669,300780,3
300671,300032,1
300671,300038,7
300671,300183,1
300671,300212,1
300671,300255,2
300671,300298,1
300671,300332,1
300671,300363,1
300671,300466,1
300671,300480,4
300671,300491,109
300671,300496,2
300671,300699,13
300671,300737,2
300671,300741,162
300672,300363,1
300672,300491,2
300672,300688,1
300672,300699,1
300672,300741,3
300673,300184,1
300676,300491,3
300676,300741,5
300676,300775,1
300678,300032,1
300678,300209,2
300678,300297,1
300678,300309,2
300678,300310,1
300678,300419,2
300678,300491,1
300678,300496,2
300678,300614,1
300678,300741,23
300681,300002,1
300681,300032,6
300681,300351,1
300681,300480,3
300681,300741,4
300682,300032,1
300682,300491,1
300682,300741,2
300683,300071,1
300683,300332,1
300683,300469,1
300683,300741,1
300685,300071,1
300685,300480,1
300685,300491,1
300685,300741,5
300686,300160,1
300686,300255,1
300686,300396,1
300686,300491,1
300686,300741,4
300687,300063,1
300687,300232,1
300687,300233,1
300688,300071,3
300688,300100,2
300688,300196,1
300688,300224,1
300688,300255,1
300688,300416,1
300688,300420,1
300688,300433,1
300688,300469,1
300688,300480,12
300688,300491,85
300688,300592,1
300688,300597,1
300688,300614,2
300688,300671,1
300688,300691,2
300688,300692,19
300688,300699,7
300688,300708,2
300688,300713,1
300688,300731,12
300688,300741,133
300689,300071,1
300689,300491,1
300689,300699,1
300689,300741,2
300691,300100,1
300691,300491,1
300691,300592,1
300691,300741,13
300692,300032,1
300692,300071,3
300692,300111,1
300692,300332,1
300692,300416,1
300692,300471,1
300692,300491,5
300692,300688,55
300692,300731,5
300692,300741,43
300693,300236,1
300693,300491,5
300693,300741,1
300696,300032,1
300696,300079,1
300696,300298,1
300696,300363,7
300696,300466,1
300696,300480,1
300696,300491,9
300696,300671,1
300696,300699,1
300696,300741,25
300697,300698,1
300698,300498,1
300698,300776,2
300699,300019,5
300699,300038,1
300699,300039,4
300699,300047,22
300699,300089,15
300699,300179,3
300699,300209,1
300699,300298,1
300699,300331,1
300699,300351,3
300699,300363,2
300699,300394,13
300699,300398,2
300699,300415,2
300699,300480,24
300699,300486,10
300699,300491,661
300699,300496,27
300699,300548,3
300699,300688,1
300699,300700,2
300699,300701,56
300699,300737,4
300699,300740,4
300699,300741,296
300700,300039,1
300700,300480,1
300700,300482,1
300700,300491,11
300700,300496,1
300700,300699,8
300700,300741,4
300701,300047,9
300701,300070,2
300701,300071,2
300701,300180,1
300701,300209,1
300701,300351,1
300701,300363,1
300701,300378,2
300701,300396,1
300701,300415,1
300701,300420,1
300701,300486,5
300701,300491,114
300701,300496,3
300701,300548,2
300701,300626,1
300701,300671,1
300701,300688,2
300701,300699,95
300701,300729,3
300701,300737,2
300701,300741,58
300701,300767,1
300708,300469,1
300708,300688,3
300708,300731,1
300708,300741,1
300709,300491,1
300709,300496,1
300709,300741,1
300712,300032,4
300712,300039,1
300712,300491,1
300712,300741,5
300713,300100,1
300713,300264,1
300713,300480,1
300713,300491,12
300713,300671,1
300713,300741,21
300714,300498,2
300714,300776,1
300715,300320,1
300715,300434,1
300716,300211,1
300716,300491,1
300720,300491,2
300720,300699,2
300722,300005,1
300722,300032,3
300722,300351,1
300722,300491,2
300727,300111,1
300727,300741,2
300728,300614,1
300731,300688,4
300731,300741,4
300735,300032,1
300735,300039,1
300735,300491,6
300735,300700,1
300735,300741,10
300736,300071,2
300736,300079,1
300736,300480,1
300736,300491,58
300736,300699,5
300736,300700,1
300736,300741,9
300737,300038,2
300737,300039,1
300737,300100,1
300737,300255,1
300737,300331,2
300737,300363,18
300737,300491,17
300737,300496,1
300737,300669,1
300737,300699,5
300737,300741,47
300740,300032,3
300740,300089,1
300740,300298,1
300740,300419,2
300740,300486,4
300740,300491,27
300740,300496,5
300740,300629,1
300740,300633,1
300740,300699,2
300740,300713,3
300740,300741,16
300740,300746,1
300741,300004,2
300741,300005,3
300741,300006,1
300741,300022,32
300741,300027,1
300741,300029,1
300741,300032,64
300741,300038,18
300741,300039,6
300741,300043,24
300741,300047,6
300741,300057,4
300741,300070,10
300741,300071,207
300741,300072,6
300741,300079,2
300741,300082,2
300741,300086,1
300741,300089,10
300741,300099,1
300741,300100,96
300741,300101,1
300741,300108,1
300741,300111,1
300741,300113,3
300741,300115,3
300741,300116,1
300741,300137,3
300741,300140,1
300741,300144,7
300741,300157,2
300741,300158,3
300741,300160,8
300741,300167,1
300741,300173,1
300741,300181,6
300741,300182,5
300741,300186,1
300741,300196,3
300741,300199,2
300741,300201,2
300741,300209,25
300741,300212,1
300741,300224,7
300741,300247,9
300741,300255,8
300741,300256,6
300741,300263,5
300741,300264,4
300741,300273,2
300741,300310,3
300741,300311,2
300741,300312,1
300741,300326,1
300741,300331,4
300741,300332,46
300741,300344,2
300741,300351,3
300741,300363,273
300741,300376,1
300741,300378,2
300741,300383,1
300741,300384,2
300741,300386,3
300741,300394,1
300741,300396,16
300741,300400,1
300741,300415,2
300741,300416,14
300741,300418,6
300741,300419,27
300741,300420,14
300741,300433,11
300741,300438,1
300741,300447,10
300741,300449,1
300741,300452,1
300741,300466,7
300741,300468,1
300741,300469,9
300741,300471,1
300741,300480,193
300741,300486,13
300741,300491,2410
300741,300495,2
300741,300496,88
300741,300501,30
300741,300510,8
300741,300518,2
300741,300519,1
300741,300539,1
300741,300540,1
300741,300548,1
300741,300576,1
300741,300592,16
300741,300597,4
300741,300602,2
300741,300614,5
300741,300615,1
300741,300621,2
300741,300622,3
300741,300626,40
300741,300629,4
300741,300644,1
300741,300649,3
300741,300650,2
300741,300651,4
300741,300669,5
300741,300671,74
300741,300672,6
300741,300678,1
300741,300686,2
300741,300688,75
300741,300689,1
300741,300692,5
300741,300696,1
300741,300699,451
300741,300700,2
300741,300701,32
300741,300708,1
300741,300709,1
300741,300712,1
300741,300713,10
300741,300729,2
300741,300731,3
300741,300735,1
300741,300736,8
300741,300737,21
300741,300740,7
300741,300767,1
300741,300775,4
300741,300780,16
300741,300792,1
300741,300794,3
300744,300047,1
300744,300491,5
300744,300741,3
300745,300071,4
300745,300741,4
300746,300022,1
300746,300032,1
300746,300071,2
300746,300172,1
300746,300263,1
300746,300298,1
300746,300471,1
300746,300480,2
300746,300491,5
300746,300626,3
300746,300741,21
300754,300032,2
300754,300491,1
300754,300699,1
300754,300741,1
300755,300416,1
300755,300491,7
300762,300741,1
300766,300320,1
300767,300038,1
300767,300182,1
300767,300209,1
300767,300331,1
300767,300351,1
300767,300480,5
300767,300486,1
300767,300491,5
300767,300688,1
300767,300699,7
300767,300701,2
300767,300741,9
300768,300022,1
300768,300032,5
300768,300039,1
300768,300089,1
300768,300209,3
300768,300298,1
300768,300351,2
300768,300480,3
300768,300491,5
300768,300699,4
300768,300741,6
300775,300001,1
300775,300024,1
300775,300032,23
300775,300039,1
300775,300112,2
300775,300209,2
300775,300366,1
300775,300480,6
300775,300491,4
300775,300496,1
300775,300499,1
300775,300699,1
300775,300741,7
300775,300776,2
300776,300112,1
300776,300498,5
300776,300741,1
300778,300491,5
300780,300025,1
300780,300100,1
300780,300326,1
300780,300363,20
300780,300416,1
300780,300491,9
300780,300669,3
300780,300699,2
300780,300737,1
300780,300741,47
300782,300696,1
300782,300699,1
300783,300257,1
300784,300270,1
300785,300270,1
300787,300491,1
300787,300741,4
300792,300224,1
300792,300602,1
300792,300741,2
300796,300310,3
300796,300418,2
300796,300491,1
300796,300614,1
300796,300688,1
300796,300699,1
300796,300741,3
