source_community,target_community,weight
1896,18891264,13
1896,23181184,2
1896,68274901,4
1896,89214694,32
1896,94128991,1
288243,2155653,2
288243,5940967,1
288243,22526935,27
288243,24600903,2
288243,35783447,1
288243,61120627,44
288243,66861410,1
288243,70084344,1
288243,82062691,1
323110,9776852,2
323110,98958395,2
468865,2155653,2
468865,15524670,2
468865,24600903,51
468865,40185500,1
468865,45282313,2
468865,55636222,1
468865,61120627,5
468865,73915113,1
468865,75744194,1
468865,76439914,3
468865,86776342,1
468865,91546178,3
468865,94883302,3
502133,22500065,1
502133,33184181,2
502133,39836728,1
502133,40596457,2
502133,68274901,4
502133,98530513,2
600963,16061151,1
600963,68274901,2
600963,87587629,1
600963,89214694,5
600963,90693957,3
600963,94128991,1
768301,4805010,2
768301,17591510,1
768301,24600903,5
768301,34764210,1
768301,51437820,1
768301,76439914,2
768301,96502467,1
905915,64114483,4
1014182,288243,1
1014182,61120627,6
1047502,33184181,1
1108797,24600903,48
1108797,28275586,1
1108797,76439914,3
1108797,83788991,1
1108797,84121409,1
1108797,89524773,1
1108797,91546178,1
1108797,91866183,6
1108797,94883302,3
1402092,21033133,9
1536246,2155653,2
1536246,11910989,1
1536246,22526935,10
1536246,24600903,35
1536246,33919927,3
1536246,41841222,1
1536246,61120627,6
1536246,67212048,1
1536246,76439914,1
1536246,83788991,7
1536246,91546178,1
1536246,91866183,5
1536246,94883302,2
1536246,98958395,1
1573360,4605008,1
1573360,33184181,3
1573360,33393055,1
1573360,39836728,11
1573360,59660811,171
1573360,64114483,232
1573360,86823423,1
1573360,87587629,6
1573360,89214694,6
1573360,96599079,1
1573360,98530513,2
1660514,40828427,1
1685677,33184181,1
1685677,49784838,1
1685677,68274901,3
1685677,70695256,1
1685677,72622731,1
1685677,87587629,3
1685677,89214694,19
1685677,90693957,4
1685677,96599079,27
1685677,97111049,1
1824014,56865357,1
1824014,87587629,1
1840011,24600903,1
1849994,89214694,1
1849994,90693957,2
1930025,22526935,3
1935423,63163582,1
1935423,87587629,4
2046694,22526935,7
2046694,61120627,4
2109679,33184181,1
2109679,89214694,2
2155653,4805010,1
2155653,5940967,2
2155653,15524670,1
2155653,20578455,4
2155653,24303373,1
2155653,24600903,232
2155653,36553571,1
2155653,47924918,2
2155653,49542927,1
2155653,61120627,2
2155653,69438574,1
2155653,73915113,1
2155653,76439914,10
2155653,91546178,3
2155653,94883302,17
2170586,15554487,1
2170586,20578455,1
2170586,24600903,5
2170586,67212048,1
2170586,76439914,1
2170586,83788991,1
2170586,91866183,4
2179811,15879205,1
2179811,33184181,1
2179811,37376968,1
2179811,62437100,1
2179811,68274901,6
2179811,69780978,1
2179811,87587629,17
2179811,89214694,5
2179811,90693957,1
2179811,98225005,1
2179811,98530513,4
2223543,33184181,9
2223543,39836728,2
2223543,53971462,1
2223543,60538748,2
2223543,68274901,6
2223543,98530513,3
2672247,1896,1
2672247,42346347,2
2672247,42443229,1
2672247,89214694,3
2718083,4592511,1
2718083,9629117,2
2718083,21033133,44
2718083,64114483,54
2718083,81087903,1
2718083,89214694,1
2718083,96595239,3
2999344,96599079,4
3193931,22526935,24
3251344,89214694,2
3280887,288243,1
3280887,6206012,1
3280887,12525872,5
3280887,22526935,64
3280887,24303373,2
3280887,27143805,2
3280887,61120627,23
3280887,66028858,1
3280887,74317801,2
3280887,86776342,3
3324383,57408354,1
3324383,61120627,9
3352308,15025980,1
3352308,21033133,130
3352308,33504428,4
3352308,56530295,1
3352308,61048391,1
3352308,81087903,2
3368297,40596457,1
3368297,62346750,1
3368297,89214694,3
3424882,8774525,2
3424882,15025980,1
3424882,21033133,16
3424882,31941213,1
3424882,33504428,1
3424882,46115382,1
3424882,51655702,1
3424882,81087903,1
3424882,83788991,1
3424882,87623018,1
3470840,91866183,1
3586180,68274901,1
3586180,87587629,1
3586180,89214694,1
3586180,90065113,1
3722269,64114483,108
3722269,68274901,1
3722269,94128991,1
3879015,16055403,1
3879015,19268957,1
3879015,63725467,1
3879015,87587629,2
3879673,64114483,3
3890538,24600903,1
3960313,61120627,4
4004073,21033133,2
4053095,90693957,2
4223531,87587629,2
4258552,20578455,1
4258552,24600903,10
4258552,31941213,1
4258552,35783447,1
4258552,61120627,7
4258552,71929642,1
4258552,91866183,2
4307635,7062422,1
4307635,39836728,2
4307635,63163582,2
4307635,64508530,1
4307635,68274901,19
4307635,87587629,4
4307635,89214694,8
4307635,98530513,2
4320848,33184181,2
4322878,87587629,1
4322878,96599079,20
4447141,23181184,1
4447141,33184181,4
4447141,87587629,1
4447141,90693957,2
4497311,48111528,7
4497311,49784838,6
4497311,90693957,4
4574802,15879205,4
4574802,68274901,3
4574802,89214694,1
4574802,96599079,40
4574802,98530513,4
4592511,9629117,27
4592511,17204268,4
4592511,19635285,2
4592511,21033133,220
4592511,33504428,6
4592511,42103955,3
4592511,51655702,1
4592511,56530295,38
4592511,57352462,1
4592511,72468997,3
4592511,81087903,3
4592511,87623018,7
4592511,88430085,1
4592511,96595239,25
4605008,1573360,1
4605008,59660811,76
4605008,64114483,18
4605008,87587629,2
4605008,90693957,5
4605008,96599079,3
4605008,98530513,1
4765588,89214694,2
4783789,61120627,13
4805010,2155653,1
4805010,9629117,2
4805010,9928964,1
4805010,21033133,13
4805010,24600903,20
4805010,24674477,1
4805010,74567908,2
4805010,91546178,1
4805010,96595239,7
4882547,68274901,1
4882547,98530513,1
5210572,87587629,1
5260206,68274901,1
5353472,61120627,1
5620639,22526935,11
5620639,28526613,2
5694403,288243,3
5694403,22526935,26
5694403,61120627,40
5694403,67902711,1
5861483,68274901,1
5897579,33184181,5
5897579,39836728,11
5897579,64114483,17
5897579,68274901,58
5897579,72170456,3
5897579,89214694,6
5897579,98530513,82
5940967,12525872,5
5940967,22526935,11
5940967,24303373,1
5940967,24600903,6
5940967,27143805,5
5940967,41935032,1
5940967,51362897,1
5940967,74317801,1
5940967,86776342,2
5980083,89214694,2
5994710,39836728,1
5994710,64114483,11
5994710,98530513,1
6026911,24600903,6
6143669,11910989,1
6143669,22526935,181
6143669,24600903,4
6143669,28526613,1
6143669,35776259,1
6143669,65165048,1
6143669,66861410,1
6143669,91962877,1
6206012,8136388,16
6206012,11298146,1
6206012,12525872,157
6206012,21850162,2
6206012,24303373,24
6206012,27143805,55
6206012,35669016,2
6206012,41935032,12
6206012,51362897,2
6206012,57307447,2
6206012,58635439,3
6206012,59761120,1
6206012,66028858,8
6206012,68641694,2
6206012,72174533,3
6206012,74317801,55
6206012,78334173,6
6206012,78970612,1
6206012,86776342,118
6206012,91546178,2
6207897,33184181,5
6207897,87587629,2
6207897,89214694,6
6527373,91866183,1
6592680,7062422,2
6592680,19268957,1
6592680,43306335,1
6592680,68274901,1
6592680,87587629,1
6592680,87644199,1
6592680,98530513,1
6768419,39836728,1
6830035,87644199,1
6830035,89214694,1
6972529,87587629,1
6979383,53971462,2
6979383,60538748,1
6979383,68274901,33
6979383,84567885,1
6979383,90693957,1
6979383,93301386,1
6979383,98530513,7
7049592,22526935,19
7049592,66861410,1
7062422,2179811,1
7062422,4307635,1
7062422,12122112,1
7062422,12579139,3
7062422,19268957,2
7062422,26506920,1
7062422,33184181,8
7062422,35218430,2
7062422,39836728,42
7062422,59098727,1
7062422,61134216,1
7062422,62104863,1
7062422,63725467,1
7062422,68274901,8
7062422,70329463,6
7062422,72170456,3
7062422,87587629,209
7062422,88736307,1
7062422,89214694,56
7062422,98530513,4
7179202,64114483,4
7179202,68274901,6
7179202,86823423,1
7650138,24600903,1
7734964,87587629,1
7734964,89214694,1
7758349,21033133,4
7758349,50236036,1
7823451,40828427,6
7875791,14541580,1
7875791,15382039,15
7875791,17204268,1
7875791,17652259,1
7875791,22753372,2
7875791,23674688,1
7875791,31966096,1
7875791,45768499,7
7875791,47168628,36
7875791,51650927,16
7875791,98958395,21
7969829,21033133,1
7969829,47168628,1
7969829,50236036,2
8136388,6206012,18
8136388,11298146,2
8136388,12525872,228
8136388,22526935,41
8136388,24303373,54
8136388,27143805,36
8136388,41935032,28
8136388,66028858,18
8136388,69297683,1
8136388,69777833,1
8136388,72174533,10
8136388,74317801,74
8136388,75916096,1
8136388,78334173,1
8136388,78970612,3
8136388,86776342,111
8136388,91546178,3
8194633,39836728,5
8194633,62437100,1
8194633,64508530,1
8194633,68274901,16
8194633,72170456,3
8194633,87587629,2
8194633,89214694,2
8194633,96599079,29
8342341,8711549,1
8342341,68274901,1
8342341,87587629,1
8342341,89214694,1
8342341,98530513,1
8493257,9629117,26
8493257,96595239,1
8493257,98879466,1
8633207,40596457,1
8633207,59004506,1
8633207,62346750,2
8633207,71560991,1
8633207,89214694,2
8633207,98530513,2
8690910,47168628,5
8690910,98958395,6
8704676,33184181,1
8711549,9781563,1
8711549,12122112,1
8711549,33184181,9
8711549,33282725,1
8711549,40716908,1
8711549,44104006,1
8711549,49558671,1
8711549,62437100,1
8711549,68274901,2
8711549,69216353,1
8711549,81585132,1
8711549,87587629,6
8711549,89214694,17
8711549,95171581,1
8711549,96599079,5
8711549,98225005,1
8744295,61134216,1
8744295,87587629,4
8774525,20617036,3
8774525,21033133,29
8774525,40756886,1
8774525,96595239,1
8793092,33184181,1
8793092,87587629,4
8793092,89214694,2
9164521,53971462,1
9164521,59004506,1
9164521,87587629,2
9164521,89214694,1
9164521,90693957,2
9164521,98530513,1
9193392,91866183,1
9267740,98958395,1
9364653,24600903,4
9428161,33184181,1
9428161,37567397,1
9428161,87587629,1
9485180,24600903,2
9629117,4592511,1
9629117,8493257,3
9629117,20825382,3
9629117,24674477,1
9629117,29696753,4
9629117,31867494,1
9629117,40870162,18
9629117,50236036,1
9629117,57352462,2
9629117,74567908,320
9629117,75744194,2
9629117,76849072,22
9629117,83991170,11
9629117,96595239,452
9629117,98879466,10
9773249,68274901,1
9776852,7875791,1
9776852,31966096,1
9776852,98530513,1
9776852,98958395,7
9781563,68274901,18
9781563,98530513,5
9814606,24600903,2
9928964,3352308,3
9928964,21033133,4
9928964,73511156,1
9928964,87587629,1
10034783,47168628,1
10034783,98958395,1
10181723,12525872,4
10181723,20578455,1
10181723,24600903,2
10181723,40145714,1
10181723,61120627,42
10181723,94883302,1
10199528,22526935,18
10583863,90693957,1
10694688,39836728,3
10694688,64114483,12
10694688,98530513,1
10809289,87587629,1
11131653,5897579,1
11131653,33184181,3
11131653,49558671,2
11131653,62437100,1
11131653,64114483,12
11131653,68274901,12
11131653,87587629,11
11131653,90693957,2
11131653,98530513,2
11185059,12525872,2
11185059,24600903,1
11185059,61120627,8
11185059,79625821,1
11185059,83788991,1
11185059,91866183,5
11298146,2155653,1
11298146,5940967,1
11298146,6206012,2
11298146,8136388,4
11298146,12525872,18
11298146,22526935,20
11298146,24303373,5
11298146,24600903,4
11298146,27143805,14
11298146,35776259,1
11298146,41935032,6
11298146,51362897,1
11298146,61120627,3
11298146,66028858,4
11298146,72174533,2
11298146,74317801,16
11298146,78334173,1
11298146,86776342,24
11372961,5897579,1
11372961,12579139,1
11372961,23181184,3
11372961,33184181,4
11372961,39836728,19
11372961,53971462,3
11372961,64114483,26
11372961,68274901,22
11372961,87587629,12
11372961,89214694,1
11372961,90693957,1
11372961,98530513,3
11572207,6143669,3
11572207,11910989,2
11572207,22526935,126
11572207,53984858,1
11572207,57604811,1
11572207,66861410,1
11659719,24600903,1
11662572,1849994,1
11662572,18891264,1
11662572,23181184,3
11662572,23362722,1
11662572,24393526,1
11662572,44180773,2
11662572,59098727,1
11662572,68274901,4
11662572,82744853,1
11662572,90693957,10
11662572,94128991,1
11662572,99104083,1
11875714,61120627,2
11882127,87587629,2
11882127,90693957,1
11910989,1536246,1
11910989,22526935,90
11910989,61120627,20
11910989,66861410,1
11910989,90680298,1
11951111,468865,1
11951111,61120627,7
12062228,33184181,9
12062228,45014425,1
12062228,62437100,1
12062228,89214694,1
12085818,22526935,12
12085818,35669016,1
12122112,2179811,2
12122112,7062422,8
12122112,17068028,2
12122112,19268957,1
12122112,33184181,1
12122112,35218430,1
12122112,39836728,2
12122112,40716908,1
12122112,61134216,1
12122112,64114483,1
12122112,87587629,71
12122112,87644199,1
12122112,88736307,2
12122112,89214694,32
12122112,98530513,4
12172522,48111528,1
12172522,49784838,2
12172522,90693957,1
12303668,61120627,7
12481392,41841222,1
12481392,83788991,1
12481392,91866183,1
12525872,5694403,1
12525872,6206012,34
12525872,8136388,45
12525872,10181723,1
12525872,11298146,2
12525872,22526935,188
12525872,24303373,35
12525872,24600903,1
12525872,27143805,24
12525872,35776259,1
12525872,41935032,20
12525872,46925812,2
12525872,57604811,1
12525872,59761120,1
12525872,61120627,3
12525872,66028858,30
12525872,66861410,1
12525872,72174533,3
12525872,74317801,84
12525872,75916096,2
12525872,78970612,2
12525872,85770857,2
12525872,86776342,286
12525872,91546178,4
12579139,5897579,1
12579139,7062422,3
12579139,12122112,1
12579139,19268957,2
12579139,30277105,1
12579139,33184181,4
12579139,33393055,1
12579139,38712810,3
12579139,39836728,90
12579139,62437100,1
12579139,63725467,1
12579139,64114483,11
12579139,68274901,46
12579139,70329463,1
12579139,71262544,3
12579139,72170456,2
12579139,87587629,53
12579139,89214694,10
12579139,90693957,5
12579139,93301386,3
12579139,98530513,4
12668682,2155653,3
12668682,4783789,1
12668682,12525872,1
12668682,16321400,3
12668682,20578455,1
12668682,22526935,32
12668682,24600903,19
12668682,30839624,1
12668682,61120627,63
12668682,70084344,1
12668682,76439914,1
12668682,86776342,1
12668682,94883302,2
12686566,24600903,2
12810075,87587629,1
12810075,89214694,2
12819157,18891264,1
12819157,21033133,2
12819157,31013657,1
12819157,33184181,7
12819157,42065363,1
12819157,44104006,1
12819157,46254793,1
12819157,47924918,1
12819157,51616215,1
12819157,87587629,8
12819157,89214694,16
12819157,90693957,4
12819157,95882672,1
13129378,64114483,54
13129378,68274901,13
13196859,24600903,2
13510745,33184181,1
13754012,91866183,1
13948398,22526935,150
13948398,24600903,8
13948398,30583884,1
13948398,49067197,2
13948398,49690650,1
13948398,61120627,89
13948398,61351359,1
13948398,85651424,2
13948398,91866183,1
14039926,91866183,1
14042638,22526935,11
14240487,21033133,4
14240487,40828427,10
14410097,31941213,1
14410097,83788991,1
14410097,91866183,1
14429969,68274901,1
14429969,84567885,1
14429969,89214694,1
14429969,96599079,8
14541580,15382039,1
14541580,17652259,1
14541580,23674688,1
14541580,47168628,1
14541580,51650927,2
14541580,98958395,1
14589941,68274901,1
14589941,82515621,1
14589941,96599079,10
14661025,288243,1
14661025,22526935,43
14661025,69297683,1
14661025,91866183,1
14661025,96162995,1
14711046,59660811,1
14711046,64114483,24
14711046,89214694,1
14711046,98530513,2
14755479,24600903,2
14755479,31867494,4
14755479,31941213,1
14755479,41841222,1
14755479,47168628,14
14755479,60689363,1
14755479,62087694,1
14755479,83788991,2
14755479,91866183,6
14779456,22526935,14
14838184,48111528,1
14838184,49784838,1
14838184,64114483,6
14838184,87587629,2
14838184,90693957,2
14838184,96599079,4
14838184,98530513,2
15025980,21033133,129
15025980,31867494,1
15025980,33504428,3
15025980,47168628,3
15025980,81087903,1
15025980,95724293,1
15148784,68274901,1
15148784,87587629,1
15162635,89214694,5
15260084,68274901,1
15311211,18891264,4
15311211,89214694,2
15362730,20578455,1
15362730,31941213,1
15362730,91866183,1
15382039,7875791,16
15382039,9776852,6
15382039,14541580,6
15382039,17204268,2
15382039,17652259,7
15382039,21033133,10
15382039,22691097,2
15382039,23375233,1
15382039,23674688,6
15382039,40591442,1
15382039,44025133,9
15382039,45768499,12
15382039,47168628,194
15382039,51650927,140
15382039,69780978,1
15382039,84294057,1
15382039,98958395,72
15502957,23674688,1
15502957,31966096,1
15502957,47168628,3
15502957,98958395,1
15524670,24600903,8
15524670,76439914,1
15531764,87587629,1
15554487,20578455,1
15554487,83788991,2
15554487,91866183,3
15628635,49784838,1
15628635,87587629,1
15628635,90693957,1
15641182,22526935,8
15879205,3368297,1
15879205,4574802,3
15879205,18891264,11
15879205,23181184,21
15879205,24666641,1
15879205,31013657,1
15879205,33184181,13
15879205,34224588,1
15879205,35589391,1
15879205,39836728,1
15879205,40596457,1
15879205,43306335,1
15879205,49558671,3
15879205,60538748,1
15879205,61789467,1
15879205,62346750,1
15879205,64114483,1
15879205,68274901,27
15879205,72170456,7
15879205,72622731,3
15879205,83711619,1
15879205,87587629,13
15879205,89214694,71
15879205,89859650,1
15879205,90693957,24
15879205,92871961,2
15879205,93301386,3
15879205,96599079,192
15879205,98530513,6
15879205,99930052,2
15923241,9629117,2
15923241,44066883,1
15923241,68274901,7
15925237,22526935,5
15933055,96599079,8
15949533,83788991,1
15949533,91866183,1
16055403,2223543,1
16055403,4307635,1
16055403,33184181,1
16055403,43306335,1
16055403,53971462,1
16055403,62437100,1
16055403,63725467,2
16055403,68274901,11
16055403,87587629,2
16055403,93301386,1
16055403,98530513,2
16056572,22526935,23
16056572,35776259,1
16056572,61120627,3
16061151,18891264,1
16061151,68274901,1
16321400,288243,1
16321400,5694403,1
16321400,22526935,11
16321400,61120627,19
16321400,91866183,1
16365394,22526935,15
16365394,59448591,2
16365394,91962877,1
16365394,95243934,1
16371471,47168628,4
16371471,91866183,1
16380755,68274901,1
16380755,89214694,1
16543048,15879205,1
16543048,24600903,1
16543048,40185500,1
16543048,70696507,1
16543048,96599079,14
16558110,89214694,1
16814345,33184181,1
16886613,6979383,1
16886613,15879205,1
16886613,39836728,1
16886613,53176881,1
16886613,68274901,4
16886613,72622731,1
16886613,87587629,1
16886613,89214694,3
16886613,90693957,5
16886613,96599079,37
16886613,98530513,2
16913825,61120627,16
16920606,61120627,26
17068028,12122112,1
17068028,19268957,2
17068028,33184181,1
17068028,87587629,7
17068028,89214694,3
17068028,98530513,2
17074314,90693957,1
17074314,93301386,2
17183104,21033133,6
17183104,40828427,1
17204268,4592511,11
17204268,7875791,1
17204268,8690910,1
17204268,15382039,6
17204268,21033133,60
17204268,22753372,1
17204268,33504428,3
17204268,47168628,17
17204268,51650927,4
17204268,56530295,8
17204268,81087903,2
17204268,87623018,2
17204268,98958395,5
17321926,18891264,2
17321926,23181184,3
17321926,33184181,6
17321926,53467238,2
17321926,64114483,33
17321926,68274901,5
17321926,72170456,2
17321926,72622731,1
17321926,87587629,7
17321926,89214694,32
17321926,90693957,3
17333095,68274901,4
17591510,24600903,4
17591510,34764210,1
17591510,51437820,1
17591510,80596449,1
17591510,90693957,1
17613379,18891264,4
17613379,43306335,3
17613379,68274901,4
17613379,89214694,10
17652259,7875791,1
17652259,15382039,1
17652259,23674688,1
17652259,40828427,3
17652259,47168628,1
17652259,51650927,3
17652259,91866183,1
17652259,98958395,5
17956031,90693957,1
17973083,89214694,2
18013112,47168628,2
18013112,98958395,2
18484910,21033133,1
18842601,15879205,1
18842601,23181184,4
18842601,33184181,6
18842601,33282725,1
18842601,44826831,1
18842601,62437100,2
18842601,87587629,7
18842601,89214694,3
18842601,90693957,13
18891264,1896,4
18891264,600963,1
18891264,2718083,3
18891264,19187309,1
18891264,23181184,9
18891264,33184181,1
18891264,34603969,3
18891264,36101595,7
18891264,42443229,1
18891264,43306335,18
18891264,44795080,1
18891264,53467238,3
18891264,59660811,2
18891264,60765334,1
18891264,61523788,2
18891264,62437100,4
18891264,68274901,33
18891264,70695256,3
18891264,72170456,12
18891264,72622731,3
18891264,83711619,1
18891264,87034262,1
18891264,87587629,32
18891264,89214694,151
18891264,94128991,2
18891264,98530513,2
19172982,15879205,1
19172982,68274901,1
19187309,18891264,1
19187309,21033133,6
19187309,23181184,3
19187309,33184181,5
19187309,33282725,1
19187309,37376968,1
19187309,87587629,2
19187309,89214694,8
19187309,90693957,1
19222033,24666641,1
19222033,33184181,1
19222033,87587629,1
19228592,24600903,1
19268957,2179811,1
19268957,7062422,3
19268957,12122112,3
19268957,17068028,4
19268957,24600903,1
19268957,30152531,4
19268957,33184181,11
19268957,35218430,1
19268957,38712810,1
19268957,39836728,3
19268957,42346347,1
19268957,49558671,2
19268957,54369963,1
19268957,68274901,1
19268957,87587629,49
19268957,88736307,6
19268957,89214694,41
19330405,70695256,1
19330405,89214694,3
19409938,40828427,4
19480888,64114483,1
19480888,68274901,1
19480888,89214694,12
19517175,2155653,1
19517175,24600903,13
19517175,61120627,11
19545563,35783447,1
19545563,61120627,3
19635285,12819157,1
19635285,21033133,28
19635285,33504428,1
19635285,42103955,1
19635285,45768499,1
19635285,47168628,2
19635285,51650927,2
19635285,62437100,1
19635285,82920404,1
19635285,87623018,1
19635285,90693957,71
19635285,96595239,1
19638130,33184181,2
19638130,90693957,28
19763135,23181184,1
19763135,90693957,1
19910676,24600903,2
19993312,87587629,1
20139873,14042638,1
20139873,22526935,63
20139873,28526613,1
20139873,69297683,1
20192845,22526935,13
20192845,67902711,1
20192845,91866183,29
20434147,30871639,1
20434147,53971462,2
20434147,59004506,1
20434147,68274901,4
20578455,1536246,3
20578455,2155653,5
20578455,5940967,2
20578455,14755479,1
20578455,24600903,101
20578455,31941213,4
20578455,33300658,1
20578455,33919927,1
20578455,41841222,4
20578455,46925812,2
20578455,49690650,1
20578455,51974771,1
20578455,61120627,5
20578455,71929642,1
20578455,76439914,1
20578455,83788991,9
20578455,88552529,1
20578455,91546178,1
20578455,91866183,16
20578455,94883302,7
20578455,98958395,1
20578455,98969663,1
20617036,8774525,1
20617036,21033133,3
20637608,21033133,5
20719653,21033133,2
20719653,24600903,6
20719653,47168628,1
20719653,91546178,1
20719653,94883302,3
20719653,98958395,1
20760709,22526935,30
20760709,35776259,1
20760709,61120627,3
20760709,75931372,1
20760709,91866183,1
20825382,9629117,29
20825382,21033133,4
21033133,2718083,1
21033133,3352308,11
21033133,3424882,6
21033133,4592511,47
21033133,7969829,1
21033133,8774525,4
21033133,9928964,1
21033133,14240487,1
21033133,15025980,40
21033133,15382039,6
21033133,17204268,1
21033133,19635285,6
21033133,20617036,2
21033133,20825382,1
21033133,31867494,32
21033133,33504428,106
21033133,35513240,6
21033133,37128803,1
21033133,40141437,1
21033133,40828427,12
21033133,42103955,1
21033133,46115382,11
21033133,47168628,47
21033133,50236036,11
21033133,51655702,11
21033133,56530295,35
21033133,61048391,11
21033133,72228091,1
21033133,81087903,32
21033133,82920404,5
21033133,83788991,6
21033133,87311639,6
21033133,87623018,6
21033133,95069750,3
21033133,95724293,1
21033133,96595239,2
21033133,98655048,2
21245007,22526935,20
21245007,24600903,1
21245007,28526613,1
21245007,73162864,1
21627194,59660811,17
21627194,64114483,128
21627194,68274901,3
21627194,97111049,1
21850162,6206012,3
21850162,8136388,3
21850162,12525872,24
21850162,24303373,3
21850162,27143805,14
21850162,51881730,1
21850162,66028858,4
21850162,74317801,13
21850162,86776342,18
21850162,92958142,1
22288247,39836728,4
22417747,15879205,1
22417747,43306335,1
22417747,53685360,1
22417747,89214694,11
22417747,98530513,1
22500065,33184181,30
22500065,68274901,3
22500065,89214694,1
22511278,2155653,2
22511278,24600903,32
22511278,61120627,11
22511278,98958395,1
22526935,288243,62
22526935,1536246,1
22526935,2155653,1
22526935,3193931,1
22526935,3280887,57
22526935,5620639,7
22526935,5694403,7
22526935,5940967,11
22526935,6143669,46
22526935,7049592,3
22526935,8136388,7
22526935,10199528,4
22526935,11572207,28
22526935,11910989,119
22526935,12085818,8
22526935,12525872,16
22526935,13948398,28
22526935,14042638,12
22526935,14661025,22
22526935,15641182,1
22526935,20578455,1
22526935,20760709,3
22526935,21245007,4
22526935,22599200,13
22526935,24600903,1
22526935,25157444,2
22526935,27143805,1
22526935,28526613,235
22526935,29170340,5
22526935,30839624,45
22526935,35495211,1
22526935,35669016,16
22526935,35776259,79
22526935,35783447,140
22526935,36502857,9
22526935,36553571,7
22526935,36853777,1
22526935,39000958,18
22526935,39163150,5
22526935,41898820,5
22526935,42921555,4
22526935,46925812,3
22526935,48511599,5
22526935,48512867,25
22526935,48958150,1
22526935,49690650,42
22526935,51974771,3
22526935,53254150,33
22526935,53437816,1
22526935,53984858,39
22526935,56931216,1
22526935,57307447,1
22526935,57604811,31
22526935,58041997,9
22526935,59448591,3
22526935,59761120,5
22526935,60035139,2
22526935,60488755,5
22526935,61120627,279
22526935,61351359,7
22526935,63218260,1
22526935,65165048,13
22526935,66861410,310
22526935,67110605,4
22526935,67902711,22
22526935,68710871,11
22526935,68948599,12
22526935,69297683,90
22526935,69337168,1
22526935,69777833,5
22526935,70002370,3
22526935,70452990,6
22526935,73162864,6
22526935,73927556,15
22526935,74534920,8
22526935,75476272,11
22526935,75931372,9
22526935,75979266,9
22526935,78521107,2
22526935,78970612,8
22526935,81451804,2
22526935,82062691,5
22526935,82144001,3
22526935,84066501,1
22526935,85651424,1
22526935,85783616,1
22526935,86364908,18
22526935,89053125,4
22526935,90680298,16
22526935,91962877,47
22526935,94883302,1
22526935,95243934,157
22526935,95960860,38
22526935,96162995,32
22599200,13948398,1
22599200,22526935,161
22599200,36502857,2
22599200,48512867,2
22599200,53254150,2
22599200,53437816,1
22621086,40596457,1
22621086,62346750,3
22621086,71560991,1
22621086,89214694,1
22691097,15382039,2
22691097,45768499,2
22691097,47168628,9
22691097,51650927,3
22691097,98958395,2
22746312,62704923,1
22746312,98530513,1
22753372,15382039,3
22753372,31966096,1
22753372,33300658,1
22753372,40828427,2
22753372,44025133,15
22753372,44983082,1
22753372,47168628,22
22753372,51650927,2
22753372,67225302,7
22753372,98958395,2
23098573,49784838,5
23098573,90693957,13
23118671,87280054,1
23118671,90693957,1
23134704,63725467,1
23134704,68274901,6
23134704,71262544,2
23134704,87587629,4
23134704,89214694,7
23134704,96599079,2
23134704,98530513,5
23181184,1896,1
23181184,600963,1
23181184,11662572,2
23181184,15879205,15
23181184,18891264,39
23181184,19187309,1
23181184,23362722,7
23181184,23857287,2
23181184,31013657,10
23181184,33184181,47
23181184,35396027,1
23181184,43306335,1
23181184,44795080,2
23181184,47756695,1
23181184,49558671,11
23181184,49784838,2
23181184,54369963,1
23181184,57764431,1
23181184,59004506,1
23181184,61523788,1
23181184,62104863,1
23181184,62437100,4
23181184,64114483,2
23181184,68274901,35
23181184,70695256,5
23181184,72170456,4
23181184,72622731,2
23181184,83711619,2
23181184,86938052,5
23181184,87133653,1
23181184,87587629,120
23181184,89214694,87
23181184,90693957,405
23181184,98245887,1
23181184,98530513,11
23181184,99371770,1
23274088,68274901,1
23274088,92871961,1
23362722,1896,3
23362722,18891264,1
23362722,23181184,6
23362722,24600903,1
23362722,33184181,1
23362722,42443229,1
23362722,89214694,4
23362722,90693957,5
23375233,14541580,1
23375233,15382039,1
23375233,17652259,1
23375233,51650927,1
23375233,98958395,1
23617695,24600903,1
23617695,41841222,1
23617695,45768499,1
23617695,47168628,5
23617695,83788991,1
23617695,91866183,1
23617695,98958395,1
23674688,15382039,2
23674688,21033133,1
23674688,47168628,5
23674688,51650927,7
23674688,98958395,2
23761255,20578455,1
23761255,24600903,3
23761255,33300658,1
23761255,41841222,2
23761255,53398497,1
23761255,91866183,8
23761255,94883302,1
23850372,68274901,2
23850372,89214694,3
23857287,87587629,3
23860144,22526935,13
23903650,18891264,2
23903650,33184181,3
23903650,89214694,12
23903650,98530513,1
24169414,22526935,15
24271560,33184181,1
24271560,73380981,1
24271560,87587629,5
24271560,90693957,5
24303373,4258552,1
24303373,6206012,32
24303373,8136388,25
24303373,11298146,6
24303373,12525872,186
24303373,20578455,1
24303373,24600903,13
24303373,27143805,62
24303373,39000958,1
24303373,41935032,25
24303373,51881730,1
24303373,57307447,3
24303373,61120627,5
24303373,66028858,19
24303373,68641694,2
24303373,72174533,8
24303373,74317801,108
24303373,75916096,1
24303373,78334173,2
24303373,78970612,2
24303373,82062691,2
24303373,86776342,104
24303373,91546178,2
24303373,94883302,2
24315029,44025133,3
24315029,44983082,1
24315029,47168628,1
24315029,67225302,2
24368270,83788991,1
24368270,91866183,1
24393526,11662572,1
24393526,34224588,1
24393526,44180773,4
24393526,54369963,1
24393526,68274901,2
24393526,72170456,2
24393526,90693957,1
24431724,47168628,1
24600903,468865,2
24600903,1536246,4
24600903,2155653,64
24600903,5940967,8
24600903,14755479,2
24600903,15524670,2
24600903,20578455,34
24600903,21033133,7
24600903,22511278,5
24600903,24303373,1
24600903,28062396,1
24600903,30583884,1
24600903,31941213,23
24600903,33504428,1
24600903,33919927,13
24600903,34764210,1
24600903,41841222,16
24600903,45282313,2
24600903,46925812,2
24600903,47168628,19
24600903,47924918,3
24600903,49357800,2
24600903,49542927,1
24600903,51437820,1
24600903,51974771,4
24600903,53398497,2
24600903,55636222,2
24600903,61120627,13
24600903,61638305,1
24600903,67212048,17
24600903,69438574,3
24600903,69895569,1
24600903,71929642,4
24600903,73793909,1
24600903,75744194,1
24600903,76439914,28
24600903,83788991,76
24600903,84121409,1
24600903,85716956,2
24600903,88552529,5
24600903,88953539,2
24600903,91546178,12
24600903,91866183,73
24600903,91912307,1
24600903,94883302,61
24600903,98958395,4
24600903,98969663,3
24601993,61120627,2
24601993,91866183,2
24665772,24600903,4
24666641,6207897,1
24666641,33184181,19
24666641,37567397,2
24666641,44826831,1
24666641,89214694,27
24674477,9629117,6
24674477,74567908,7
24674477,76849072,1
24674477,96595239,6
24730883,87587629,4
25055674,68274901,1
25055674,98530513,1
25157444,22526935,26
25157444,95960860,1
25628033,4605008,1
25628033,15879205,1
25628033,18891264,1
25628033,23903650,1
25628033,49784838,1
25628033,59660811,66
25628033,87587629,1
25628033,89214694,8
25628033,97111049,1
25705542,22526935,28
25705542,61120627,4
25705542,85651424,4
25797906,89214694,1
25813931,87587629,1
25869069,16913825,1
25869069,41935032,1
25869069,61120627,16
25984208,87587629,2
26021181,33184181,1
26099303,28275586,2
26099303,83788991,2
26099303,91866183,4
26454923,33184181,1
26506920,87587629,1
26731526,40828427,12
26765237,60538748,1
26765237,68274901,1
26765237,98530513,1
26785395,22526935,7
26785395,95243934,1
26891798,33184181,1
26891798,68274901,1
26891798,87587629,2
26891798,98530513,1
26939466,68274901,1
26977252,49784838,3
26977252,87587629,1
26977252,90693957,2
27070425,68274901,1
27070425,96599079,2
27070425,98530513,1
27074303,21033133,8
27143805,288243,1
27143805,5940967,3
27143805,6206012,23
27143805,8136388,19
27143805,11298146,2
27143805,11910989,1
27143805,12525872,229
27143805,21850162,5
27143805,22526935,25
27143805,24303373,26
27143805,24600903,2
27143805,41935032,47
27143805,57307447,5
27143805,58635439,2
27143805,61120627,2
27143805,62286148,2
27143805,66028858,43
27143805,68641694,7
27143805,72174533,4
27143805,74317801,164
27143805,78334173,1
27143805,78970612,3
27143805,83356420,1
27143805,86776342,230
27143805,91546178,2
27192905,5940967,1
27192905,24600903,22
27192905,61120627,8
27192905,82062691,1
27192905,94883302,3
27232485,87587629,2
27353778,18891264,1
27353778,33184181,1
27353778,64114483,1
27353778,68274901,1
27353778,87587629,1
27353778,89214694,1
27353778,98530513,1
27458823,24600903,2
27458823,51437820,1
27458823,76439914,1
27498186,34224588,3
27498186,40460847,1
27498186,40596457,1
27498186,68274901,2
27498186,92871961,1
27498186,98530513,1
27596094,15382039,1
27596094,47168628,2
27703869,66414121,1
27703869,91866183,2
27709551,87587629,1
27951897,68274901,1
27985950,24600903,1
28062396,12525872,2
28062396,24600903,4
28062396,86776342,1
28062396,94883302,1
28180193,87587629,1
28275586,12525872,11
28275586,22526935,3
28275586,83788991,7
28275586,86776342,1
28275586,91866183,8
28526613,1014182,1
28526613,5620639,1
28526613,5694403,1
28526613,22526935,187
28526613,25869069,1
28526613,61120627,56
28526613,66861410,4
28526613,67902711,1
28526613,69297683,2
28526613,78970612,1
28526613,88737009,1
28560583,64114483,1
28648189,68274901,1
28648189,98530513,1
28990730,87587629,3
28990730,89214694,1
28990730,98145704,1
29005650,44025133,1
29005650,47168628,2
29170340,22526935,39
29170340,24600903,4
29170340,35783447,1
29170340,41841222,1
29170340,61120627,1
29170340,84066501,1
29170340,91866183,3
29289357,7875791,1
29289357,21033133,6
29289357,98958395,1
29453385,7758349,1
29453385,21033133,2
29696753,9629117,2
29773302,3424882,1
29773302,8774525,2
29773302,20617036,1
29773302,21033133,2
29826252,22526935,2
29959337,89214694,1
30046280,16055403,1
30046280,87587629,1
30152531,33184181,2
30255893,2155653,1
30255893,4805010,1
30255893,17591510,1
30255893,24600903,7
30255893,34764210,1
30255893,46082147,1
30255893,51437820,1
30255893,76439914,2
30255893,87587629,1
30255893,91546178,1
30277105,87587629,1
30388982,39836728,7
30388982,59660811,3
30388982,87587629,2
30416707,23181184,1
30416707,33184181,1
30416707,62437100,1
30416707,87587629,2
30583884,4258552,1
30583884,91866183,1
30594709,33184181,1
30663206,89214694,2
30767523,20434147,1
30767523,68274901,11
30838104,47168628,17
30838104,51650927,1
30838104,98958395,1
30839624,22526935,62
30839624,61120627,89
30839624,67138736,1
30851513,15879205,1
30851513,23181184,2
30851513,33184181,2
30851513,62437100,1
30851513,87280054,1
30851513,87587629,1
30851513,90693957,3
30871639,62346750,1
30871639,68274901,8
30871639,89214694,2
30871639,98530513,3
30931681,51014916,1
30931681,59660811,1
30931681,68274901,7
30931681,89214694,1
30931681,94680508,1
30972591,24600903,1
31013657,15879205,1
31013657,23181184,7
31013657,40596457,2
31013657,49558671,2
31013657,62346750,4
31013657,68274901,13
31013657,89214694,8
31013657,90693957,5
31013657,98530513,4
31138781,38981674,1
31138781,59660811,12
31138781,87587629,1
31163497,33184181,1
31163497,62437100,1
31163497,70695256,1
31163497,89214694,2
31349566,59660811,4
31385061,61120627,1
31385061,68274901,1
31428171,40596112,1
31428171,44180773,1
31428171,67427400,1
31428171,89214694,1
31486328,15879205,1
31486328,30388982,1
31486328,33393055,2
31486328,39836728,6
31486328,90693957,1
31542282,90693957,1
31733073,21033133,1
31762174,89524773,1
31762174,90553870,2
31762174,91866183,5
31763098,96599079,12
31867494,9629117,2
31867494,14755479,1
31867494,21033133,16
31867494,39836728,1
31867494,44025133,14
31867494,46254793,4
31867494,47168628,35
31867494,76307233,4
31867494,87311639,1
31867494,96595239,7
31867494,96599079,12
31941213,20578455,4
31941213,21033133,8
31941213,24600903,26
31941213,33919927,6
31941213,41841222,10
31941213,47168628,26
31941213,51650927,2
31941213,51974771,1
31941213,61120627,1
31941213,67212048,2
31941213,71929642,1
31941213,76439914,1
31941213,83788991,34
31941213,91546178,1
31941213,91866183,25
31941213,91912307,1
31941213,98958395,7
31966096,2155653,1
31966096,4258552,1
31966096,15382039,4
31966096,24600903,4
31966096,33919927,2
31966096,41841222,3
31966096,45768499,1
31966096,47168628,14
31966096,51650927,1
31966096,67212048,1
31966096,83788991,4
31966096,91866183,3
31966096,98958395,3
31992965,13948398,1
31992965,61120627,43
31992965,67138736,1
31992965,70084344,1
32030497,21033133,5
32116763,45282313,1
32116763,68274901,1
32433615,68274901,2
32433615,89214694,1
32433615,98530513,2
32485969,68274901,1
32485969,98530513,2
32651022,83788991,1
32651022,91866183,1
32663954,90693957,1
32770518,68274901,1
32770518,90693957,1
33059467,22526935,4
33138183,33184181,2
33138183,68274901,1
33184181,600963,1
33184181,2223543,1
33184181,5897579,2
33184181,8793092,1
33184181,11372961,2
33184181,17613379,1
33184181,18891264,4
33184181,22500065,3
33184181,23181184,1
33184181,38712810,1
33184181,40596457,4
33184181,47756695,1
33184181,49558671,2
33184181,53467238,1
33184181,53971462,2
33184181,59004506,1
33184181,62244595,4
33184181,62346750,1
33184181,62437100,2
33184181,65093000,1
33184181,67538752,1
33184181,68269247,1
33184181,68274901,113
33184181,72170456,4
33184181,87587629,5
33184181,89214694,51
33184181,90693957,1
33184181,96599079,4
33184181,98530513,13
33184181,99930052,2
33282725,2179811,1
33282725,33184181,2
33282725,64114483,1
33282725,87587629,1
33282725,89214694,1
33300658,24600903,3
33300658,44025133,12
33300658,47168628,37
33300658,91866183,2
33300658,98958395,1
33393055,21627194,1
33393055,23181184,1
33393055,30388982,1
33393055,39836728,37
33393055,59660811,48
33393055,64114483,150
33393055,68274901,1
33393055,87587629,7
33393055,96599079,9
33393055,98530513,6
33393055,99004986,1
33504428,3352308,2
33504428,4592511,2
33504428,15025980,3
33504428,21033133,142
33504428,31867494,1
33504428,40828427,6
33504428,46115382,4
33504428,51655702,1
33504428,56530295,2
33504428,61048391,1
33504428,81087903,4
33504428,87623018,2
33504428,96595239,1
33675606,31941213,2
33675606,83788991,1
33675606,91866183,1
33702418,89214694,1
33899382,44025133,2
33899382,47168628,1
33919927,24600903,19
33919927,31941213,2
33919927,41841222,8
33919927,51974771,1
33919927,67212048,9
33919927,76439914,1
33919927,83788991,18
33919927,91866183,11
33927960,33184181,2
34065398,41841222,1
34065398,91866183,1
34224588,15879205,9
34224588,21033133,3
34224588,23274088,2
34224588,40460847,2
34224588,68274901,7
34224588,92871961,7
34224588,96599079,91
34254501,44066883,1
34254501,59660811,33
34254501,68274901,2
34254501,97111049,1
34322653,96599079,11
34511543,2179811,1
34511543,68274901,7
34533108,21033133,2
34603969,89214694,1
34764210,2155653,1
34764210,24600903,4
34764210,94883302,1
34787021,12303668,1
34787021,28526613,3
34787021,61120627,1
34992553,40828427,14
34992553,82896186,1
34998030,15382039,1
34998030,44025133,3
34998030,47168628,3
34998030,98958395,1
35203234,24600903,1
35218430,24666641,1
35218430,33184181,1
35218430,44826831,1
35218430,87587629,7
35218430,89214694,7
35218430,96599079,8
35391775,2155653,2
35391775,15524670,1
35391775,24600903,23
35391775,60689363,1
35391775,62087694,1
35391775,69098635,1
35391775,69438574,1
35391775,76439914,2
35391775,91866183,1
35396027,33184181,2
35396027,40663801,1
35396027,89214694,3
35396027,90693957,1
35407789,33184181,1
35473930,21033133,3
35495211,22526935,6
35495211,96162995,1
35513240,21033133,3
35545275,22526935,4
35589391,33184181,1
35589391,39836728,16
35589391,68497840,1
35589391,71456480,2
35589391,87587629,1
35589391,96599079,91
35589391,98530513,8
35611143,68274901,2
35651483,20578455,2
35651483,24600903,5
35651483,31941213,2
35651483,83788991,2
35651483,91866183,3
35669016,5940967,1
35669016,6206012,4
35669016,12525872,4
35669016,22526935,60
35669016,24303373,2
35669016,24600903,1
35669016,27143805,10
35669016,41935032,2
35669016,57307447,2
35669016,74317801,9
35669016,86776342,10
35766858,91866183,1
35776259,12525872,2
35776259,22526935,58
35776259,27143805,1
35776259,62286148,1
35776259,74317801,3
35776259,86776342,1
35776259,92958142,1
35783447,5694403,1
35783447,16920606,1
35783447,22526935,272
35783447,61120627,109
35783447,66861410,3
35783447,69297683,1
35783447,70084344,1
35783447,82062691,1
35783447,90680298,2
35783447,91866183,1
35828093,24600903,8
35828093,61120627,2
35828093,91866183,1
35914470,90693957,1
35964818,5897579,1
35964818,33184181,15
35964818,68274901,17
35964818,72170456,1
35964818,98530513,3
36095763,68274901,1
36095763,87587629,7
36095763,89214694,4
36101595,89214694,1
36197421,89214694,1
36197421,98530513,2
36502857,22526935,53
36502857,24600903,2
36502857,48512867,2
36502857,61120627,6
36553571,22526935,48
36553571,24600903,3
36553571,35776259,1
36553571,48512867,1
36553571,66861410,1
36561701,7062422,3
36561701,68274901,1
36561701,87587629,2
36636202,22526935,5
36701951,87587629,1
36717305,8711549,1
36717305,33184181,2
36853777,22526935,6
37036943,87587629,1
37071595,98530513,2
37121664,90693957,1
37128803,21033133,4
37128803,47168628,1
37128803,50236036,2
37170835,33184181,2
37247665,6979383,1
37247665,96599079,2
37247665,98530513,1
37376968,4447141,1
37376968,23181184,3
37376968,33184181,5
37376968,44104006,1
37376968,49784838,2
37376968,62437100,2
37376968,68274901,14
37376968,68627451,2
37376968,87587629,16
37376968,89214694,39
37376968,90693957,7
37376968,98225005,1
37376968,98245887,1
37376968,98530513,1
37473019,24600903,1
37473019,91866183,1
37503446,24600903,4
37510205,15382039,1
37510205,44025133,1
37510205,47168628,6
37510205,51650927,1
37537978,15879205,1
37537978,44220805,1
37537978,89214694,4
37537978,96599079,38
37537978,99816890,1
37567397,6207897,1
37567397,15382039,1
37567397,17204268,1
37567397,22753372,1
37567397,33184181,21
37567397,33282725,1
37567397,37376968,1
37567397,47168628,5
37567397,51650927,2
37567397,87587629,5
37567397,89214694,6
37567397,98225005,1
37567397,98958395,3
37705482,89214694,12
37730694,47168628,3
37730694,51650927,5
37784199,89214694,3
37784199,96599079,7
37982177,87587629,2
38108295,23181184,1
38108295,59660811,1
38108295,87587629,2
38108295,90693957,1
38516544,98530513,1
38560583,20578455,1
38560583,24600903,1
38560583,31941213,2
38560583,83788991,1
38560583,91866183,1
38712810,12579139,2
38712810,24666641,1
38712810,33184181,1
38712810,35218430,1
38712810,63725467,1
38712810,68888491,1
38712810,87587629,4
38712810,88736307,1
38712810,89214694,14
38712810,95171581,1
38712810,98530513,1
38721317,91866183,1
38724187,15879205,1
38724187,19268957,4
38724187,30152531,1
38724187,33184181,3
38724187,49558671,1
38724187,54369963,1
38724187,87587629,1
38834511,33184181,1
38889148,23181184,2
38889148,87587629,2
38981674,87587629,3
38981674,89214694,2
39000958,12525872,2
39000958,22526935,95
39000958,27143805,6
39000958,35776259,1
39000958,57447378,1
39000958,66028858,1
39000958,68274901,1
39000958,74317801,5
39000958,86776342,5
39000958,91962877,2
39080579,40828427,4
39154065,502133,1
39154065,6979383,1
39154065,15879205,1
39154065,31013657,3
39154065,40596457,2
39154065,46750978,1
39154065,59660811,10
39154065,68274901,29
39154065,72170456,1
39154065,84567885,2
39154065,86823423,1
39154065,87587629,1
39154065,89214694,5
39154065,90693957,1
39154065,98530513,2
39159803,22526935,16
39163150,22526935,11
39238027,90693957,1
39315792,30388982,1
39315792,39836728,6
39315792,48111528,1
39315792,49784838,6
39315792,59660811,10
39315792,90693957,16
39446259,68274901,2
39557559,39836728,2
39557559,64114483,15
39557559,87587629,1
39557559,96599079,3
39583202,15382039,1
39583202,23674688,1
39583202,98958395,2
39584181,24600903,1
39584181,51783692,1
39584181,59660811,15
39584414,22526935,3
39726728,33184181,1
39836728,5897579,4
39836728,7062422,1
39836728,11372961,1
39836728,12122112,2
39836728,12579139,7
39836728,21627194,1
39836728,30388982,2
39836728,31867494,1
39836728,33184181,4
39836728,33393055,2
39836728,40596457,1
39836728,49784838,2
39836728,54593183,1
39836728,59660811,13
39836728,61789467,2
39836728,63162648,19
39836728,64114483,109
39836728,68274901,32
39836728,71456480,2
39836728,72170456,12
39836728,84481753,1
39836728,87587629,126
39836728,89214694,17
39836728,90693957,15
39836728,92871961,16
39836728,94680508,4
39836728,96599079,36
39836728,98530513,36
40104331,45768499,1
40104331,98958395,2
40141437,21033133,1
40141437,47168628,1
40145714,11298146,1
40145714,20578455,1
40145714,24303373,1
40145714,24600903,4
40145714,61120627,6
40145714,94883302,1
40185500,2155653,1
40185500,22526935,12
40185500,24600903,9
40185500,85751753,1
40233062,87587629,1
40253726,33184181,3
40253726,68274901,1
40326877,33184181,1
40326877,43306335,1
40326877,59004506,1
40326877,61789467,1
40326877,68274901,4
40326877,96599079,1
40326877,98245887,1
40326877,98530513,1
40425133,87587629,1
40460847,23274088,1
40460847,34224588,2
40460847,68274901,2
40460847,92871961,3
40591442,15382039,1
40591442,21033133,1
40591442,51650927,1
40591442,98958395,2
40596112,44180773,1
40596112,67427400,1
40596112,89214694,1
40596457,600963,1
40596457,6979383,2
40596457,18891264,4
40596457,23181184,7
40596457,31013657,1
40596457,33184181,12
40596457,39836728,1
40596457,53971462,2
40596457,57764431,2
40596457,60538748,2
40596457,62346750,2
40596457,68274901,72
40596457,86823423,1
40596457,87587629,2
40596457,89214694,9
40596457,90693957,16
40596457,96599079,12
40596457,98245887,1
40596457,98530513,11
40663801,24666641,1
40663801,33184181,7
40663801,62437100,2
40663801,67538752,1
40663801,68274901,1
40663801,80636084,1
40663801,89214694,3
40663801,90693957,2
40663801,98225005,2
40713980,22526935,15
40716908,2179811,1
40716908,5897579,1
40716908,12122112,3
40716908,12810075,1
40716908,19268957,1
40716908,33184181,1
40716908,56730725,1
40716908,59660811,8
40716908,63725467,1
40716908,68274901,8
40716908,87587629,14
40716908,89214694,29
40716908,98530513,5
40756886,8774525,1
40756886,21033133,2
40828427,14240487,1
40828427,19409938,2
40828427,21033133,7
40828427,33504428,1
40828427,46390236,1
40828427,98655048,344
40830677,40828427,4
40852580,31867494,2
40852580,44025133,3
40852580,46254793,3
40852580,47168628,2
40870162,9629117,39
40870162,74567908,17
40870162,85673221,2
40870162,96595239,14
41798943,89214694,1
41841222,14755479,1
41841222,20578455,1
41841222,24600903,40
41841222,33919927,11
41841222,60689363,2
41841222,61120627,1
41841222,67212048,9
41841222,76439914,1
41841222,83788991,61
41841222,91866183,39
41898820,22526935,32
41898820,68710871,1
41935032,288243,1
41935032,5940967,1
41935032,6206012,11
41935032,8136388,20
41935032,11298146,2
41935032,12525872,89
41935032,16913825,2
41935032,24303373,28
41935032,25869069,1
41935032,27143805,124
41935032,57307447,1
41935032,58635439,1
41935032,61120627,41
41935032,66028858,10
41935032,68641694,1
41935032,72174533,5
41935032,74317801,63
41935032,78334173,1
41935032,78970612,2
41935032,86776342,66
41935032,91866183,1
41935032,92958142,1
42008281,33184181,1
42008281,53971462,2
42008281,68274901,10
42008281,87587629,2
42008281,98530513,1
42048608,33184181,1
42065363,12819157,1
42065363,21033133,12
42065363,34224588,2
42065363,46254793,1
42065363,51616215,1
42065363,59660811,10
42065363,68274901,2
42065363,87587629,1
42065363,92871961,1
42103955,21033133,4
42107038,9781563,1
42107038,33184181,4
42107038,68274901,3
42107038,98530513,1
42239387,40828427,1
42344973,90693957,1
42346347,6592680,1
42346347,15879205,1
42346347,18891264,1
42346347,23181184,1
42346347,23362722,1
42346347,33184181,2
42346347,39836728,2
42346347,68274901,1
42346347,87587629,7
42346347,89214694,17
42346347,90693957,6
42346347,96599079,16
42346347,98530513,1
42403048,64114483,54
42440315,21033133,2
42443229,89214694,2
42921555,11910989,1
42921555,22526935,11
42921555,61120627,12
42952610,87587629,5
42952610,89181332,1
42952610,89214694,2
43064973,33184181,1
43180444,33184181,1
43180444,62437100,1
43288900,24600903,5
43306335,5980083,1
43306335,18891264,28
43306335,23181184,3
43306335,33184181,8
43306335,37376968,1
43306335,40716908,1
43306335,53467238,1
43306335,53971462,1
43306335,59004506,1
43306335,62346750,3
43306335,62437100,1
43306335,65022837,1
43306335,68274901,57
43306335,72622731,1
43306335,87587629,3
43306335,89214694,72
43306335,94128991,1
43306335,96599079,22
43306335,98225005,1
43306335,98245887,1
43306335,98530513,22
43319345,98530513,1
43445711,90693957,1
43637341,40828427,3
43637801,59660811,11
43637801,89214694,2
43701949,87587629,2
43749311,15879205,1
43749311,68274901,1
43749311,89214694,1
43749311,90693957,1
43749311,93301386,1
43749311,98530513,1
43750077,33184181,1
43750077,68274901,2
43750077,89214694,2
43750077,98530513,1
43783792,43306335,1
43783792,98530513,1
43833690,5897579,1
43833690,39836728,4
43833690,43306335,1
43833690,68274901,8
43872371,34224588,2
43872371,68274901,1
43872371,92871961,1
43875050,12525872,3
43875050,24303373,1
43875050,27143805,2
44004900,22526935,5
44025133,7875791,2
44025133,9776852,2
44025133,15382039,7
44025133,16371471,1
44025133,31867494,12
44025133,31966096,1
44025133,33300658,3
44025133,44983082,2
44025133,45768499,5
44025133,46254793,7
44025133,47168628,702
44025133,51650927,10
44025133,67225302,13
44025133,76307233,1
44025133,81087903,1
44025133,98958395,14
44066883,12819157,1
44066883,14838184,2
44066883,21033133,3
44066883,23181184,4
44066883,33184181,2
44066883,53467238,1
44066883,59660811,125
44066883,64114483,381
44066883,68274901,28
44066883,87280054,1
44066883,87587629,55
44066883,89214694,9
44066883,90693957,18
44066883,97111049,3
44066883,98530513,1
44104006,33184181,1
44104006,62437100,1
44104006,87587629,5
44104006,89214694,11
44104006,90693957,1
44164702,22526935,45
44180773,11662572,1
44180773,24393526,1
44180773,33184181,1
44180773,59098727,5
44180773,68274901,13
44180773,72170456,6
44180773,89214694,3
44180773,94128991,1
44220805,19268957,1
44220805,30152531,1
44220805,33184181,6
44220805,40663801,1
44220805,43306335,1
44220805,48111528,1
44220805,61523788,1
44220805,87587629,2
44220805,89214694,16
44220805,98530513,1
44430590,87587629,1
44603744,87587629,1
44795080,89214694,2
44826831,7062422,1
44826831,18842601,1
44826831,33184181,9
44826831,37376968,1
44826831,39836728,13
44826831,60351730,1
44826831,68274901,1
44826831,72170456,1
44826831,76389902,1
44826831,87587629,10
44826831,89214694,10
44826831,98530513,2
44983082,44025133,4
44983082,47168628,4
45014425,33184181,4
45014425,87587629,1
45124205,33184181,3
45124205,59660811,52
45124205,68274901,1
45124205,87587629,3
45124205,89214694,1
45124205,90693957,1
45124205,97111049,2
45229053,87587629,1
45282313,15879205,1
45282313,24600903,16
45282313,68274901,1
45282313,96599079,13
45768499,15382039,2
45768499,47168628,6
45768499,51650927,7
45768499,98958395,6
46082147,24600903,7
46082147,61120627,1
46082147,82845317,1
46082147,94883302,1
46115382,21033133,10
46115382,33504428,2
46115382,91866183,1
46137223,96599079,7
46209543,87133653,1
46209543,87587629,1
46254793,12819157,1
46254793,21033133,1
46254793,31867494,6
46254793,44025133,7
46254793,47168628,31
46254793,67225302,1
46254793,76307233,1
46339011,68274901,1
46339011,96599079,29
46339011,98530513,1
46390236,40828427,34
46707761,68274901,1
46750978,6979383,3
46750978,40596457,3
46750978,44180773,2
46750978,53971462,1
46750978,68274901,16
46750978,98530513,2
46824308,24600903,1
46824308,45768499,1
46824308,47168628,1
46824308,51650927,1
46824308,94883302,1
46824308,98958395,3
46835377,68274901,2
46835377,87587629,2
46835377,89214694,1
46835377,96599079,7
46850607,59660811,34
46850607,64114483,1
46925812,2155653,3
46925812,5940967,2
46925812,12525872,5
46925812,22526935,29
46925812,24600903,17
46925812,94883302,3
47004142,15025980,5
47004142,21033133,2
47004142,24600903,1
47004142,83788991,1
47004142,91866183,3
47005214,39836728,1
47005214,92871961,1
47150728,21033133,2
47150728,39836728,1
47150728,59660811,1
47150728,64114483,2
47150728,87587629,1
47150728,89214694,1
47150728,90693957,8
47150728,98530513,2
47168628,7875791,41
47168628,8690910,1
47168628,9776852,2
47168628,14541580,5
47168628,15382039,102
47168628,16371471,1
47168628,17204268,6
47168628,17652259,2
47168628,21033133,21
47168628,22691097,2
47168628,22753372,6
47168628,23375233,2
47168628,23674688,13
47168628,31867494,14
47168628,31941213,2
47168628,31966096,12
47168628,33300658,6
47168628,33504428,2
47168628,34998030,1
47168628,40852580,1
47168628,41841222,3
47168628,44025133,174
47168628,45768499,21
47168628,46254793,15
47168628,51650927,298
47168628,67212048,1
47168628,67225302,7
47168628,72572463,1
47168628,74974804,2
47168628,76307233,3
47168628,81087903,2
47168628,83788991,6
47168628,84294057,1
47168628,91866183,3
47168628,98958395,136
47446076,89214694,6
47446076,98530513,1
47468253,89214694,1
47630707,90693957,1
47722146,91866183,1
47756695,5897579,1
47756695,7062422,1
47756695,23181184,10
47756695,31013657,1
47756695,33184181,4
47756695,49558671,2
47756695,59660811,64
47756695,64114483,42
47756695,68274901,12
47756695,70695256,1
47756695,72170456,1
47756695,87587629,27
47756695,89214694,24
47756695,90693957,25
47756695,98530513,6
47873459,90693957,1
47924918,5940967,1
47924918,12819157,1
47924918,21033133,2
47924918,24600903,20
47924918,46254793,1
47924918,66145681,1
47924918,72228091,1
48111528,19268957,1
48111528,33184181,1
48111528,39836728,1
48111528,49784838,36
48111528,59660811,23
48111528,64114483,5
48111528,87587629,12
48111528,89214694,2
48111528,90693957,80
48117425,23181184,1
48117425,59004506,1
48117425,89214694,8
48117425,98530513,1
48511599,11910989,2
48511599,22526935,62
48512867,13948398,1
48512867,22526935,142
48858468,33184181,1
48958150,22526935,5
49018117,33184181,2
49041509,68274901,1
49041509,98530513,1
49067197,24600903,2
49067197,61120627,7
49067197,91866183,1
49146639,87587629,1
49357800,31941213,2
49357800,41841222,1
49357800,83788991,3
49357800,91866183,2
49433642,2155653,1
49433642,24600903,2
49542927,2155653,1
49542927,24600903,10
49542927,55636222,1
49558671,15879205,1
49558671,23181184,8
49558671,31013657,2
49558671,33184181,5
49558671,39836728,6
49558671,59660811,6
49558671,62437100,2
49558671,64114483,26
49558671,68274901,41
49558671,70695256,1
49558671,72170456,1
49558671,87587629,23
49558671,89214694,1
49558671,90693957,62
49558671,94128991,1
49558671,94926710,1
49558671,98530513,5
49686794,33184181,1
49690650,22526935,20
49690650,24600903,4
49690650,95243934,1
49784838,5897579,2
49784838,19480888,1
49784838,26977252,1
49784838,33184181,1
49784838,37567397,1
49784838,39836728,3
49784838,48111528,17
49784838,59660811,189
49784838,64114483,8
49784838,70695256,2
49784838,86823423,5
49784838,87587629,59
49784838,88736307,1
49784838,89214694,95
49784838,89339543,1
49784838,90693957,588
49784838,98530513,3
49797746,7875791,1
49797746,15382039,1
49797746,24600903,8
49797746,40145714,1
49797746,45768499,1
49797746,46925812,2
49797746,47168628,1
49797746,51650927,6
49797746,91546178,1
49797746,98958395,6
49811395,4592511,1
49811395,9629117,2
49811395,96595239,1
49889346,7758349,1
49889346,21033133,3
49889346,50236036,1
49889346,98799513,1
50018873,68274901,7
50236036,7758349,1
50236036,9629117,36
50236036,21033133,18
50236036,31867494,2
50236036,33504428,2
50236036,37128803,1
50236036,47168628,3
50236036,49889346,1
50236036,50777829,1
50236036,81626207,1
50236036,87311639,1
50777829,7758349,1
50777829,21033133,5
50777829,50236036,1
50777829,98799513,1
50829337,61120627,41
50935828,1896,1
50935828,33184181,2
50935828,43306335,1
50935828,49784838,1
50935828,68274901,2
50935828,84567885,1
50935828,89214694,13
50935828,90065113,1
50935828,98530513,4
51014916,68274901,2
51014916,89214694,1
51014916,96599079,6
51084784,90693957,1
51152789,34224588,1
51152789,68274901,1
51152789,92871961,1
51209192,68274901,3
51362897,6206012,6
51362897,8136388,1
51362897,11298146,1
51362897,12525872,13
51362897,24303373,6
51362897,27143805,16
51362897,41935032,2
51362897,61120627,8
51362897,66028858,1
51362897,74317801,17
51362897,86776342,14
51437820,2155653,1
51437820,20578455,1
51437820,24600903,12
51437820,55636222,1
51437820,76439914,2
51437820,94883302,1
51616215,12819157,1
51616215,21033133,2
51616215,24600903,1
51616215,46254793,1
51616215,47924918,1
51616215,61120627,1
51616215,66145681,1
51616215,72228091,1
51650927,7875791,28
51650927,8690910,1
51650927,9776852,1
51650927,15382039,104
51650927,17204268,9
51650927,22753372,2
51650927,23674688,14
51650927,31966096,7
51650927,33300658,1
51650927,40591442,1
51650927,44025133,15
51650927,45768499,34
51650927,47168628,491
51650927,49797746,2
51650927,54583302,2
51650927,63116267,1
51650927,72572463,6
51650927,98958395,168
51655702,4592511,15
51655702,18484910,1
51655702,19635285,1
51655702,21033133,24
51655702,33504428,2
51655702,46115382,1
51655702,56530295,5
51655702,81087903,1
51655702,87623018,1
51655702,96595239,1
51684370,58861963,1
51684370,68274901,1
51783692,7062422,2
51783692,39836728,4
51783692,59660811,80
51783692,64114483,14
51783692,68274901,1
51783692,87587629,12
51783692,89214694,3
51783692,97111049,1
51783692,98530513,2
51860151,24600903,1
51881730,6206012,4
51881730,8136388,2
51881730,11298146,1
51881730,12525872,4
51881730,24303373,2
51881730,27143805,4
51881730,35669016,2
51881730,41935032,1
51881730,57307447,2
51881730,66028858,2
51881730,72174533,1
51881730,74317801,9
51881730,86776342,8
51881730,92958142,1
51945405,68274901,2
51974771,5940967,1
51974771,22526935,35
51974771,24600903,5
51974771,35783447,1
51974771,49690650,1
51974771,56931216,1
51974771,76439914,1
51974771,83788991,1
51974771,90680298,1
51974771,91866183,1
52124638,96599079,7
52144042,87587629,6
52215633,89214694,1
52442442,61120627,25
52518659,24600903,1
52582040,40828427,11
52660251,87587629,1
53113569,61120627,5
53127364,17321926,1
53127364,18891264,4
53127364,23181184,1
53127364,33184181,1
53127364,34603969,1
53127364,36101595,1
53127364,59660811,17
53127364,62437100,1
53127364,68274901,1
53127364,87587629,2
53127364,89214694,10
53127364,97111049,1
53176881,17321926,1
53176881,40596457,1
53176881,44180773,1
53176881,57764431,1
53176881,60538748,3
53176881,68274901,11
53176881,89214694,3
53176881,96599079,2
53176881,98530513,1
53254150,22526935,85
53254150,48512867,1
53254150,69297683,1
53385371,96599079,1
53398497,15949533,1
53398497,24600903,1
53398497,33300658,1
53398497,41841222,1
53398497,83788991,1
53398497,91866183,12
53415448,55178017,1
53415448,98530513,1
53437816,22526935,32
53437816,36502857,1
53437816,48512867,1
53437816,87587629,1
53467238,18891264,5
53467238,23181184,3
53467238,31013657,1
53467238,59660811,12
53467238,62437100,1
53467238,87587629,2
53467238,89214694,22
53467238,90693957,16
53467238,98530513,1
53475904,2155653,2
53475904,24600903,14
53475904,36553571,1
53475904,46925812,1
53475904,69438574,1
53475904,76439914,3
53476331,23181184,2
53476331,33184181,1
53492248,68274901,1
53599575,64114483,9
53599575,84481753,1
53610393,2155653,1
53610393,24600903,3
53610393,30255893,1
53610393,46082147,2
53610393,51437820,1
53610393,73915113,2
53610393,76439914,1
53610393,82845317,1
53685360,33184181,2
53685360,43306335,1
53685360,68274901,5
53685360,89214694,8
53685360,98530513,1
53699101,24600903,1
53715649,87587629,1
53715649,89214694,1
53715649,98530513,1
53733967,21033133,4
53733967,56530295,2
53788379,98530513,1
53971462,2223543,1
53971462,5897579,3
53971462,6979383,1
53971462,30871639,2
53971462,37376968,1
53971462,43306335,1
53971462,62346750,1
53971462,63799648,2
53971462,68274901,185
53971462,80060275,1
53971462,84567885,2
53971462,89214694,3
53971462,93301386,3
53971462,98530513,18
53984858,6143669,1
53984858,22526935,148
53984858,24600903,2
53984858,35776259,1
53984858,91962877,1
53984858,95243934,1
54140507,23181184,3
54140507,30871639,1
54140507,33184181,2
54140507,68274901,3
54140507,87587629,1
54140507,89214694,1
54140507,90693957,4
54140507,98530513,7
54369963,87587629,6
54369963,90693957,4
54370190,89214694,2
54430774,43306335,1
54430774,68274901,1
54430774,96599079,1
54430774,98530513,3
54484390,87587629,1
54484390,98530513,1
54516432,9629117,1
54516432,68274901,1
54516432,96599079,1
54583302,47168628,1
54583302,98958395,1
54593183,39836728,1
54593183,87587629,5
54748712,68274901,3
54748712,98530513,2
54899928,21033133,1
54899928,50236036,1
54899928,98958395,1
55178017,9781563,1
55178017,68274901,3
55178017,71262544,1
55178017,87587629,1
55178017,88975578,1
55178017,98530513,2
55244645,5897579,1
55244645,19268957,1
55244645,33184181,1
55244645,39836728,2
55244645,87587629,1
55244645,89214694,2
55244645,98530513,9
55423625,24600903,5
55540355,21033133,1
55540355,40828427,1
55591530,21033133,1
55636222,1536246,1
55636222,24600903,14
55916408,68274901,1
55916408,98530513,1
56053636,22526935,5
56053636,24600903,1
56053636,66861410,1
56122554,68274901,1
56122554,87587629,1
56122554,90693957,3
56475160,98530513,1
56530295,4592511,51
56530295,9629117,2
56530295,15025980,1
56530295,17204268,12
56530295,21033133,194
56530295,31867494,2
56530295,33504428,6
56530295,47168628,1
56530295,51655702,3
56530295,72468997,3
56530295,81087903,2
56530295,87623018,16
56530295,88430085,6
56530295,96595239,10
56530295,98879466,2
56590339,33184181,1
56590339,89214694,8
56620652,33184181,14
56620652,68274901,4
56620652,98530513,1
56692205,33184181,1
56692205,89214694,3
56730725,30871639,1
56730725,43306335,3
56730725,53971462,1
56730725,68274901,13
56730725,80060275,1
56730725,89214694,3
56730725,98530513,3
56742310,12525872,1
56742310,22526935,4
56865357,87587629,1
56865357,96599079,1
56892662,87587629,2
56931216,22526935,26
56931216,24600903,2
57023404,46750978,1
57023404,68274901,1
57066642,68274901,1
57126229,24600903,1
57307447,12525872,2
57307447,22526935,32
57307447,24303373,1
57307447,27143805,8
57307447,35783447,1
57307447,66028858,1
57307447,73927556,1
57307447,74317801,3
57307447,86776342,4
57352462,9629117,9
57352462,21033133,2
57352462,56530295,1
57352462,74567908,2
57352462,83991170,1
57352462,96595239,35
57408354,61120627,2
57447378,53971462,2
57447378,68274901,2
57604811,11910989,2
57604811,22526935,59
57604811,69297683,1
57764431,600963,1
57764431,68274901,12
57912768,68274901,1
58041997,22526935,1
58041997,66861410,1
58202699,89214694,1
58217294,38712810,1
58217294,87587629,1
58217294,89214694,2
58222940,54369963,1
58222940,62104863,1
58222940,87587629,4
58302984,89214694,2
58302984,92086188,2
58352723,68274901,1
58384940,21033133,5
58384940,97399592,1
58468929,30871639,1
58468929,43306335,3
58468929,53176881,2
58468929,56730725,1
58468929,59004506,1
58468929,68274901,9
58468929,89214694,1
58468929,98530513,3
58614002,24600903,1
58635439,6206012,1
58635439,12525872,2
58635439,41935032,1
58635439,68641694,1
58861963,43306335,1
58861963,68274901,18
58861963,87587629,3
58861963,89214694,3
58861963,98530513,4
59004506,6207897,2
59004506,15879205,3
59004506,17613379,1
59004506,18891264,6
59004506,23181184,3
59004506,30871639,1
59004506,33184181,13
59004506,39154065,1
59004506,39836728,1
59004506,40596457,1
59004506,43306335,10
59004506,44795080,1
59004506,48117425,1
59004506,49558671,1
59004506,53685360,1
59004506,53971462,2
59004506,60538748,1
59004506,62346750,7
59004506,62437100,4
59004506,68274901,165
59004506,72170456,1
59004506,72622731,1
59004506,74946668,1
59004506,84567885,1
59004506,87587629,32
59004506,89214694,85
59004506,90693957,6
59004506,94478247,1
59004506,96599079,48
59004506,98530513,36
59004506,99930052,3
59031763,91866183,1
59098727,17321926,1
59098727,33184181,1
59098727,43306335,1
59098727,59004506,2
59098727,68274901,8
59098727,87587629,2
59098727,89214694,1
59098727,98530513,7
59098727,99816890,1
59374010,59660811,10
59374010,90693957,2
59438507,24600903,1
59448591,22526935,15
59660811,1573360,35
59660811,4605008,36
59660811,33184181,1
59660811,33393055,1
59660811,34254501,2
59660811,39836728,9
59660811,40716908,3
59660811,42065363,1
59660811,44066883,20
59660811,45124205,8
59660811,46850607,1
59660811,49784838,20
59660811,51783692,23
59660811,64114483,35
59660811,68274901,3
59660811,73380981,1
59660811,78236233,2
59660811,80636084,2
59660811,87587629,27
59660811,89214694,7
59660811,89339543,1
59660811,90693957,52
59660811,96401655,1
59660811,97111049,137
59660811,98530513,12
59761120,6206012,2
59761120,8136388,2
59761120,12525872,12
59761120,22526935,37
59761120,24303373,1
59761120,24600903,1
59761120,27143805,4
59761120,61120627,8
59761120,66028858,1
59761120,68710871,1
59761120,86776342,8
60035139,22526935,17
60035139,78521107,1
60035139,83788991,1
60035139,91866183,2
60081826,39836728,3
60192839,49784838,1
60192839,90693957,4
60192839,98530513,2
60221836,98958395,1
60351730,5897579,1
60351730,33184181,29
60351730,37567397,1
60351730,44826831,1
60351730,51783692,1
60351730,59660811,1
60351730,64114483,3
60351730,87587629,3
60351730,89214694,21
60351730,98530513,3
60353589,40828427,1
60370129,96599079,2
60488755,22526935,54
60538748,5897579,1
60538748,6979383,1
60538748,33184181,11
60538748,40596457,3
60538748,43306335,2
60538748,46750978,1
60538748,50935828,1
60538748,57023404,1
60538748,59004506,2
60538748,61789467,1
60538748,62346750,1
60538748,65093000,1
60538748,68274901,44
60538748,89214694,4
60538748,98530513,15
60594889,89214694,1
60595381,33184181,1
60595381,87587629,2
60595381,90693957,4
60689363,24600903,6
60689363,41841222,2
60689363,67212048,1
60689363,83788991,1
60689363,84064486,2
60689363,91866183,7
60765334,68274901,1
60765334,89214694,113
61045019,68274901,2
61048391,15025980,1
61048391,21033133,3
61048391,47168628,2
61048391,51650927,2
61048620,87587629,7
61120627,288243,155
61120627,1014182,18
61120627,1536246,13
61120627,2155653,4
61120627,3280887,26
61120627,3960313,2
61120627,4258552,5
61120627,5694403,15
61120627,10181723,39
61120627,11185059,11
61120627,11875714,6
61120627,11910989,14
61120627,12303668,1
61120627,12525872,12
61120627,12668682,7
61120627,13948398,59
61120627,16056572,1
61120627,16321400,23
61120627,16913825,9
61120627,16920606,18
61120627,19517175,4
61120627,20578455,14
61120627,22511278,9
61120627,22526935,380
61120627,24600903,25
61120627,25705542,5
61120627,25869069,15
61120627,27192905,8
61120627,28526613,32
61120627,30839624,10
61120627,31992965,3
61120627,35776259,1
61120627,35783447,83
61120627,36502857,4
61120627,40145714,1
61120627,41841222,1
61120627,41935032,22
61120627,49067197,4
61120627,50829337,3
61120627,51362897,2
61120627,51616215,2
61120627,52442442,37
61120627,53113569,1
61120627,53984858,1
61120627,59761120,1
61120627,61351359,93
61120627,66861410,2
61120627,68710871,1
61120627,70030896,1
61120627,70084344,99
61120627,72558683,5
61120627,73928595,8
61120627,74317801,2
61120627,75476272,3
61120627,75931372,1
61120627,78334173,16
61120627,78970612,14
61120627,79625821,4
61120627,82062691,23
61120627,83788991,2
61120627,84066501,5
61120627,85651424,62
61120627,86776342,12
61120627,90680298,57
61120627,91866183,1
61120627,94883302,1
61120627,95243934,3
61120627,95960860,1
61134216,2179811,1
61134216,7062422,1
61134216,12122112,1
61134216,33184181,1
61134216,39836728,1
61134216,42346347,2
61134216,58861963,1
61134216,59004506,1
61134216,62437100,1
61134216,68274901,24
61134216,68888491,1
61134216,87587629,28
61134216,89214694,34
61134216,98530513,3
61331939,68274901,9
61331939,87587629,1
61351359,2155653,1
61351359,22526935,7
61351359,24600903,2
61351359,61120627,16
61467342,22526935,2
61467342,35783447,1
61467342,61120627,10
61523788,1685677,2
61523788,18891264,3
61523788,23181184,1
61523788,43306335,2
61523788,44180773,1
61523788,68274901,2
61523788,86938052,1
61523788,87587629,1
61523788,89214694,3
61523788,90693957,1
61523788,96599079,87
61638305,24600903,1
61638305,31941213,1
61638305,83788991,3
61638305,91866183,3
61655023,98530513,1
61732722,96599079,3
61789467,18891264,1
61789467,39836728,4
61789467,40596457,2
61789467,43306335,1
61789467,55244645,1
61789467,62437100,1
61789467,68274901,15
61789467,87587629,3
61789467,89214694,3
61789467,90693957,2
61789467,98530513,7
61814421,39836728,1
61815248,87587629,2
61909120,15879205,1
61909120,23181184,1
61909120,90693957,1
62029625,15879205,1
62029625,96599079,13
62087694,24600903,1
62087694,60689363,1
62087694,91866183,1
62104863,23181184,4
62104863,31013657,1
62104863,68274901,2
62104863,86938052,1
62104863,87587629,4
62104863,89214694,3
62104863,90693957,5
62104863,98530513,1
62134660,18891264,4
62134660,33184181,2
62134660,89214694,13
62134660,90693957,3
62134660,98530513,1
62244595,33184181,1
62270244,24600903,1
62270244,91866183,2
62270244,91912307,1
62286148,5940967,1
62286148,6206012,3
62286148,8136388,1
62286148,12525872,10
62286148,24303373,1
62286148,27143805,16
62286148,41935032,2
62286148,51362897,1
62286148,66028858,3
62286148,74317801,16
62286148,86776342,11
62286148,92958142,2
62313025,59098727,1
62313025,89214694,1
62313025,98530513,1
62346750,3368297,4
62346750,8633207,1
62346750,15879205,2
62346750,18891264,3
62346750,23181184,1
62346750,31013657,5
62346750,40596457,7
62346750,43306335,3
62346750,53971462,1
62346750,59004506,17
62346750,59660811,3
62346750,60538748,4
62346750,61789467,5
62346750,62704923,2
62346750,65022837,1
62346750,68274901,16
62346750,71560991,6
62346750,87587629,1
62346750,89214694,38
62346750,90693957,5
62346750,96599079,1
62346750,98530513,24
62368518,24600903,1
62437100,5897579,1
62437100,15879205,4
62437100,18842601,1
62437100,18891264,18
62437100,19268957,2
62437100,23181184,28
62437100,30851513,1
62437100,33184181,52
62437100,37567397,1
62437100,43306335,1
62437100,44066883,1
62437100,49558671,4
62437100,53467238,2
62437100,59660811,1
62437100,61134216,1
62437100,68274901,28
62437100,86823423,2
62437100,87587629,90
62437100,89214694,61
62437100,90693957,47
62437100,98225005,1
62437100,98530513,8
62561436,64114483,7
62704923,89214694,1
62704923,98530513,1
62968004,98958395,2
63116267,47168628,1
63136217,64114483,3
63162648,33184181,3
63162648,39836728,66
63162648,49784838,1
63162648,64114483,1
63162648,87587629,3
63163582,87587629,2
63218157,44180773,2
63218157,46750978,1
63218157,68274901,1
63218260,22526935,7
63220508,68274901,1
63301353,68274901,2
63301353,89214694,2
63301353,98530513,1
63435660,68274901,2
63455261,15879205,1
63455261,22526935,2
63455261,68274901,1
63455261,92871961,1
63512002,33184181,3
63512002,37376968,1
63556564,89214694,3
63585652,91866183,1
63649459,40828427,38
63649459,82896186,4
63649459,86726432,1
63649459,98655048,1
63725467,68274901,11
63725467,87587629,3
63725467,98530513,5
63799648,17321926,1
63799648,59660811,2
63799648,64114483,2
63799648,68274901,27
63799648,87587629,1
63799648,89214694,16
64114483,1573360,10
64114483,5994710,1
64114483,7179202,1
64114483,21627194,5
64114483,23181184,1
64114483,27353778,4
64114483,33184181,2
64114483,33393055,9
64114483,39557559,1
64114483,39836728,40
64114483,44066883,25
64114483,59660811,32
64114483,68274901,3
64114483,72170456,18
64114483,87587629,67
64114483,89214694,6
64114483,90693957,31
64114483,94680508,1
64114483,98530513,201
64122688,40596457,1
64122688,68274901,2
64122688,98530513,1
64421475,87587629,1
64508530,39836728,1
64508530,64114483,2
64508530,68274901,16
64508530,89214694,2
64508530,96599079,23
64508530,98530513,2
64638294,24600903,7
64638294,46925812,1
64638294,94883302,2
65022837,24666641,1
65022837,33184181,1
65022837,44826831,1
65022837,98530513,1
65093000,12579139,3
65093000,68274901,17
65093000,71262544,1
65093000,87587629,2
65093000,89214694,2
65093000,93301386,2
65093000,94128991,1
65093000,98530513,6
65093000,99930052,1
65165048,12085818,1
65165048,20578455,1
65165048,22526935,81
65165048,24600903,4
65165048,53254150,1
65165048,94883302,1
65217880,68274901,1
65324001,22526935,11
65430171,2155653,1
65430171,24600903,1
65667910,24600903,2
65667910,31941213,1
65667910,83788991,1
65667910,91866183,1
65667910,98958395,1
65727020,4592511,1
65727020,9629117,3
65727020,31867494,1
65727020,74567908,2
65727020,96595239,12
65792743,59660811,4
65792743,71456480,4
65792743,89214694,2
65792743,96599079,4
65967212,24600903,7
65967212,46082147,1
65967212,49797746,2
65967212,88552529,1
65967212,91546178,2
65967212,94883302,3
66006304,89214694,1
66015091,61120627,4
66028858,6206012,2
66028858,8136388,6
66028858,11298146,2
66028858,12525872,55
66028858,22511278,1
66028858,22526935,16
66028858,24303373,9
66028858,24600903,1
66028858,27143805,34
66028858,35669016,1
66028858,41935032,6
66028858,67138736,1
66028858,72174533,3
66028858,74317801,39
66028858,86776342,44
66032689,64114483,4
66032689,71456480,1
66032689,96599079,18
66032689,98530513,2
66122683,22526935,1
66145681,12819157,1
66145681,21033133,5
66145681,24600903,1
66145681,46254793,1
66145681,47150728,2
66414121,41841222,2
66414121,83788991,1
66414121,91866183,2
66577052,91866183,1
66770226,22526935,14
66770226,24600903,1
66861410,13948398,1
66861410,22526935,42
66861410,35783447,2
66861410,61120627,12
66861410,90680298,1
66961335,21033133,2
67044969,12819157,1
67044969,90693957,1
67092461,21033133,2
67110605,22526935,27
67138736,22526935,9
67138736,61120627,2
67212048,4258552,2
67212048,14755479,1
67212048,15554487,1
67212048,20578455,1
67212048,24600903,29
67212048,31941213,4
67212048,33919927,4
67212048,41841222,10
67212048,47168628,3
67212048,51974771,1
67212048,83788991,44
67212048,89053125,1
67212048,91866183,36
67212048,91912307,1
67212048,98958395,1
67225302,15382039,4
67225302,22753372,1
67225302,24315029,4
67225302,31867494,2
67225302,44025133,64
67225302,44983082,5
67225302,46254793,2
67225302,47168628,52
67225302,88513276,1
67225302,98958395,1
67427400,68274901,2
67427400,89214694,1
67538752,33184181,7
67538752,68274901,3
67538752,98245887,1
67702359,7062422,1
67702359,87587629,1
67702359,98530513,3
67902711,22526935,43
67902711,95243934,1
67904904,33138183,1
67904904,33184181,4
67904904,68274901,1
67904904,90693957,1
68269247,33184181,1
68269247,53971462,2
68269247,57447378,1
68269247,68274901,7
68269247,89214694,1
68269247,98530513,1
68274901,1896,6
68274901,600963,55
68274901,4307635,4
68274901,4574802,1
68274901,5897579,37
68274901,6979383,9
68274901,9781563,6
68274901,12579139,18
68274901,13129378,2
68274901,15879205,21
68274901,18891264,38
68274901,19187309,1
68274901,23134704,1
68274901,23181184,10
68274901,30871639,1
68274901,32116763,1
68274901,33184181,52
68274901,33927960,1
68274901,34224588,1
68274901,35964818,1
68274901,39836728,41
68274901,40596457,12
68274901,40716908,3
68274901,42008281,2
68274901,43306335,97
68274901,44066883,10
68274901,44795080,2
68274901,47756695,2
68274901,49558671,2
68274901,53685360,3
68274901,53971462,67
68274901,56620652,1
68274901,56730725,1
68274901,57764431,40
68274901,58861963,5
68274901,59004506,32
68274901,59098727,1
68274901,60538748,27
68274901,60765334,1
68274901,61331939,2
68274901,61789467,1
68274901,62346750,10
68274901,62437100,4
68274901,63725467,5
68274901,63799648,3
68274901,64114483,1
68274901,65022837,1
68274901,65093000,13
68274901,68627451,11
68274901,69780978,1
68274901,70695256,1
68274901,72170456,35
68274901,74130576,1
68274901,76389902,1
68274901,77750638,1
68274901,78713496,1
68274901,80060275,1
68274901,82515621,3
68274901,83711619,4
68274901,84567885,10
68274901,86823423,6
68274901,87317537,1
68274901,87587629,39
68274901,89214694,227
68274901,90693957,1
68274901,93301386,35
68274901,94128991,49
68274901,96401655,1
68274901,96599079,14
68274901,98245887,9
68274901,98530513,243
68274901,99930052,15
68497840,96599079,10
68625836,70695256,1
68625836,89214694,5
68627451,68274901,30
68627451,89214694,6
68627451,93301386,1
68641694,2155653,2
68641694,6206012,1
68641694,12525872,5
68641694,22526935,13
68641694,24600903,2
68641694,66028858,1
68641694,86776342,2
68641694,98958395,1
68692232,24600903,3
68692232,96502467,1
68710871,6206012,8
68710871,12525872,4
68710871,22526935,35
68710871,35669016,1
68710871,41898820,1
68710871,57307447,1
68710871,59761120,1
68710871,61120627,2
68710871,74317801,1
68710871,86776342,1
68721067,33184181,2
68721067,59004506,1
68721067,62346750,1
68721067,98530513,2
68779371,87587629,1
68888491,2179811,2
68888491,7062422,4
68888491,12122112,1
68888491,12579139,1
68888491,15879205,1
68888491,19268957,1
68888491,39836728,1
68888491,68274901,7
68888491,87587629,36
68888491,89214694,5
68888491,90693957,1
68948599,22526935,93
68948599,53254150,1
68948599,96162995,1
68967683,87587629,3
68999264,33184181,1
68999264,35218430,1
68999264,44826831,1
68999264,89214694,1
69052145,47168628,2
69052145,51650927,1
69052145,98958395,1
69077096,90693957,1
69098635,24600903,1
69098635,60689363,1
69098635,62087694,1
69098635,91866183,1
69115409,24600903,1
69115409,91866183,1
69173368,59660811,5
69173368,64114483,38
69173368,96599079,2
69180680,28275586,1
69180680,83788991,1
69180680,91866183,1
69216353,33184181,1
69217672,600963,1
69217672,16061151,1
69217672,24393526,1
69217672,68274901,1
69225546,98530513,3
69297683,22526935,89
69297683,24600903,9
69297683,28526613,1
69297683,35783447,2
69297683,66861410,4
69297683,95243934,1
69337168,22526935,6
69395148,24600903,1
69438574,1108797,3
69438574,2155653,2
69438574,5940967,2
69438574,24600903,56
69438574,70696507,2
69438574,76439914,2
69438574,91546178,1
69438574,94883302,4
69444664,33184181,1
69444664,46339011,1
69444664,68274901,2
69444664,89214694,1
69444664,90693957,1
69444664,94005082,1
69444664,96599079,19
69444664,98245887,1
69444664,98530513,4
69670766,96599079,3
69777833,8136388,2
69777833,12525872,15
69777833,22526935,101
69777833,24303373,3
69777833,27143805,1
69777833,41935032,3
69777833,72174533,1
69777833,74317801,4
69777833,75979266,1
69777833,86776342,2
69780978,16055403,1
69780978,33184181,1
69780978,43306335,3
69780978,53971462,1
69780978,68274901,11
69780978,68627451,2
69780978,87587629,7
69780978,89214694,3
69780978,98530513,23
69780978,98958395,1
69883273,22526935,3
69895569,24600903,2
69895569,61120627,2
69895569,83788991,1
69895569,91866183,1
69899281,15382039,1
69899281,89214694,1
69899281,98958395,1
69995558,33184181,1
69995558,96749588,1
70002370,22526935,23
70029751,68274901,6
70029751,89214694,1
70029751,98530513,2
70030896,61120627,14
70084344,61120627,88
70278947,22526935,6
70278947,61120627,2
70309626,23181184,1
70309626,33184181,3
70309626,87587629,1
70309626,90693957,1
70329463,7062422,1
70329463,33184181,1
70329463,87587629,6
70329463,89214694,1
70335806,22526935,7
70452990,22526935,18
70594919,47168628,1
70695256,5897579,3
70695256,18891264,1
70695256,23181184,7
70695256,23362722,1
70695256,31013657,1
70695256,33184181,2
70695256,39836728,2
70695256,49784838,1
70695256,56590339,1
70695256,59660811,11
70695256,62437100,1
70695256,68274901,1
70695256,87587629,17
70695256,89214694,105
70695256,90693957,10
70695256,98530513,12
70696507,24600903,33
70696507,83788991,2
70696507,91866183,3
70764796,87587629,1
70768916,24600903,1
71087139,98530513,1
71220626,33184181,1
71220626,68274901,1
71220626,94356596,1
71262544,6979383,2
71262544,15879205,1
71262544,33184181,2
71262544,46750978,1
71262544,49784838,1
71262544,53971462,3
71262544,63725467,3
71262544,68274901,22
71262544,84567885,1
71262544,87587629,3
71262544,89214694,10
71262544,90693957,3
71262544,93301386,2
71262544,96599079,5
71262544,98530513,5
71456480,39836728,1
71456480,64114483,2
71456480,72170456,7
71456480,87587629,2
71456480,89214694,10
71456480,96599079,72
71535699,87587629,1
71535699,89214694,2
71560991,3368297,2
71560991,40596457,3
71560991,61789467,1
71560991,62346750,5
71560991,89214694,4
71560991,98530513,1
71647556,68274901,1
71764130,47168628,1
71898780,24600903,1
71898780,91866183,1
71905778,62437100,1
71905778,68274901,1
71905778,87587629,5
71905778,90693957,2
71928106,24600903,1
71928106,33184181,1
71929642,24600903,16
71929642,41841222,1
71929642,51974771,1
71929642,76439914,1
71929642,83788991,1
71929642,91866183,3
72005863,40828427,11
72076862,22526935,10
72170456,5897579,3
72170456,7062422,2
72170456,8194633,1
72170456,12122112,2
72170456,12579139,2
72170456,15879205,2
72170456,18891264,14
72170456,23181184,2
72170456,24666641,1
72170456,30388982,1
72170456,33184181,3
72170456,39154065,1
72170456,39836728,47
72170456,40326877,1
72170456,43306335,3
72170456,44180773,1
72170456,44795080,1
72170456,49784838,3
72170456,64114483,46
72170456,68274901,79
72170456,71456480,4
72170456,72622731,3
72170456,86823423,1
72170456,87587629,47
72170456,89214694,25
72170456,90693957,13
72170456,94128991,5
72170456,96599079,160
72170456,98225005,1
72170456,98530513,19
72174533,6206012,1
72174533,8136388,1
72174533,12525872,3
72174533,24303373,1
72174533,27143805,4
72174533,41935032,1
72174533,66028858,1
72174533,74317801,2
72174533,78334173,1
72174533,86776342,7
72228091,9629117,3
72228091,15382039,1
72228091,21033133,1
72228091,45768499,1
72228091,47168628,5
72228091,51650927,8
72228091,74567908,3
72228091,96595239,1
72228091,98958395,9
72468997,4592511,2
72468997,9629117,10
72468997,21033133,5
72468997,56530295,1
72468997,75744194,1
72468997,87623018,1
72468997,96595239,5
72547146,11372961,1
72547146,23181184,1
72547146,68274901,1
72547146,90693957,1
72558683,10181723,1
72558683,22526935,1
72558683,24600903,4
72558683,28275586,1
72558683,31941213,1
72558683,51974771,1
72558683,61120627,13
72558683,83788991,2
72558683,91866183,2
72563919,21033133,8
72563919,23181184,1
72563919,33184181,5
72563919,62437100,1
72563919,87001464,1
72563919,87587629,5
72563919,89214694,4
72572463,44025133,1
72572463,47168628,3
72572463,51650927,3
72622731,1685677,1
72622731,15879205,2
72622731,18891264,6
72622731,23181184,5
72622731,33184181,1
72622731,39836728,8
72622731,64114483,15
72622731,68274901,11
72622731,70695256,1
72622731,71456480,1
72622731,71535699,1
72622731,72170456,1
72622731,83711619,1
72622731,87587629,23
72622731,89214694,24
72622731,90693957,13
72622731,96599079,132
72622731,98530513,2
72687601,68274901,1
73162864,22526935,8
73162864,28526613,3
73241629,61120627,1
73279428,59004506,1
73279428,68274901,5
73279428,98530513,1
73340575,68274901,13
73376529,22526935,29
73376529,57307447,1
73376529,61120627,8
73380981,7062422,1
73380981,12122112,1
73380981,16055403,1
73380981,33184181,6
73380981,37376968,1
73380981,39836728,1
73380981,42008281,1
73380981,59660811,2
73380981,68274901,2
73380981,72170456,1
73380981,87587629,7
73380981,89214694,6
73380981,98530513,2
73459584,98530513,1
73511156,21033133,3
73511156,24600903,3
73532186,87587629,1
73793909,31941213,1
73793909,91866183,3
73915113,2155653,3
73915113,24600903,19
73915113,61120627,1
73915113,94883302,1
73927556,12525872,1
73927556,22526935,107
73927556,24600903,2
73927556,35776259,1
73927556,66861410,2
73927556,69297683,1
73927556,79625821,1
73928595,61120627,9
73935561,31941213,2
73935561,91866183,2
74013678,68274901,1
74130576,68274901,2
74130576,89214694,3
74130576,98530513,2
74173984,7062422,1
74173984,87587629,3
74173984,89214694,1
74317801,6206012,47
74317801,8136388,63
74317801,11298146,8
74317801,12525872,404
74317801,21850162,4
74317801,22526935,15
74317801,24303373,75
74317801,27143805,234
74317801,28275586,1
74317801,35669016,2
74317801,39000958,1
74317801,41935032,47
74317801,51881730,1
74317801,57307447,3
74317801,58635439,1
74317801,66028858,71
74317801,68641694,8
74317801,72174533,13
74317801,78334173,3
74317801,78970612,4
74317801,86776342,338
74317801,91546178,1
74534920,22526935,19
74534920,28526613,1
74554724,33184181,2
74554724,39836728,14
74554724,63162648,1
74554724,68274901,1
74567908,4805010,2
74567908,9629117,447
74567908,24674477,3
74567908,40870162,4
74567908,57352462,2
74567908,75744194,3
74567908,76849072,11
74567908,83991170,1
74567908,85673221,1
74567908,96595239,315
74570233,22526935,1
74690832,9629117,1
74755977,33184181,2
74755977,90693957,1
74946668,6592680,1
74946668,12579139,3
74946668,19268957,1
74946668,33184181,2
74946668,38712810,1
74946668,43306335,2
74946668,59004506,2
74946668,63301353,1
74946668,68274901,25
74946668,71262544,1
74946668,87587629,7
74946668,89214694,14
74946668,90065113,1
74946668,93301386,1
74946668,94478247,1
74946668,96599079,10
74946668,98530513,8
74974804,7875791,1
74974804,23674688,1
74974804,47168628,4
74974804,51650927,2
74974804,98958395,3
75049313,68274901,1
75118864,91866183,1
75162515,87587629,1
75162515,96529628,1
75238656,87587629,1
75339577,22526935,26
75476272,22526935,23
75476272,24600903,1
75476272,28526613,3
75476272,61120627,8
75637985,22526935,67
75637985,91962877,1
75667642,31941213,2
75667642,91866183,2
75707093,40828427,9
75744194,2718083,1
75744194,9629117,21
75744194,24600903,5
75744194,40870162,2
75744194,65727020,1
75744194,74567908,8
75744194,94883302,1
75744194,96595239,25
75916096,6206012,1
75916096,12525872,5
75916096,24303373,1
75916096,66028858,1
75916096,86776342,4
75931372,22526935,29
75979266,22526935,132
75979266,35783447,1
75979266,39000958,1
76061618,87587629,1
76061618,89214694,1
76074523,68274901,3
76106767,4592511,1
76106767,21033133,2
76106767,56530295,4
76106767,87623018,3
76255046,9629117,6
76255046,21033133,2
76255046,96595239,3
76307233,21033133,6
76307233,46254793,1
76307233,47168628,3
76309565,24600903,3
76309565,40828427,6
76309565,76439914,1
76389902,2223543,1
76389902,33184181,5
76389902,68274901,4
76389902,89214694,2
76393337,24600903,1
76439914,1108797,1
76439914,2155653,19
76439914,4805010,2
76439914,5940967,3
76439914,20578455,1
76439914,22511278,1
76439914,24600903,287
76439914,45282313,4
76439914,51437820,1
76439914,53475904,1
76439914,61120627,2
76439914,69895569,1
76439914,83788991,2
76439914,88552529,2
76439914,88953539,1
76439914,91546178,2
76439914,91866183,3
76439914,94883302,5
76439914,96502467,2
76849072,9629117,154
76849072,74567908,11
76849072,96595239,5
76849072,98879466,3
76897937,78608405,1
76897937,98530513,3
76914331,87587629,1
77148323,22526935,3
77537885,40828427,23
77537885,98655048,1
77715963,43306335,1
77715963,50935828,1
77715963,68274901,1
77715963,98530513,1
77750638,18891264,1
77750638,23181184,1
77750638,68274901,1
77750638,87587629,2
77750638,89214694,2
77750638,90693957,5
77797371,24600903,2
77797371,94883302,1
77845689,87587629,1
77948593,15382039,1
77948593,47168628,1
77948593,51650927,1
77948593,98958395,4
78106095,98958395,1
78236233,59660811,2
78236233,64114483,7
78236233,87587629,3
78236233,90693957,1
78334173,12525872,5
78334173,27143805,1
78334173,61120627,12
78334173,86776342,2
78521107,22526935,39
78536799,47168628,3
78560865,68274901,1
78603327,33184181,2
78603327,44430590,1
78603327,54484390,1
78603327,87587629,1
78608405,39836728,1
78608405,68274901,2
78608405,98530513,2
78665946,59660811,36
78665946,87587629,1
78684782,7062422,1
78684782,19268957,1
78684782,33184181,1
78684782,87587629,1
78684782,89214694,7
78713496,33184181,4
78713496,68274901,8
78713496,72170456,1
78713496,90693957,2
78847084,21033133,5
78847084,87623018,1
78905323,87587629,2
78905323,89214694,2
78906594,40828427,2
78970612,5694403,1
78970612,6206012,1
78970612,8136388,1
78970612,12525872,9
78970612,12668682,1
78970612,22526935,31
78970612,24303373,1
78970612,24600903,5
78970612,27143805,1
78970612,28526613,1
78970612,61120627,22
78970612,66028858,1
78970612,66861410,1
78970612,67902711,1
78970612,74317801,5
78970612,79625821,1
78970612,82062691,1
78970612,84121409,1
78970612,85770857,1
78970612,86776342,9
78970612,91546178,1
78970612,94883302,1
78989961,98530513,1
79080728,87587629,1
79084042,21033133,5
79085736,33184181,3
79085736,87587629,1
79085736,90693957,1
79369102,12819157,1
79369102,21033133,1
79369102,90693957,1
79385528,51650927,2
79385528,98958395,1
79462525,98958395,1
79503393,5897579,1
79503393,98530513,4
79625821,24600903,3
79625821,35783447,1
79625821,61120627,5
80060275,98530513,1
80212187,98530513,1
80316120,91866183,2
80332242,63163582,1
80332242,87587629,3
80332242,89214694,9
80440962,22526935,27
80472124,43306335,1
80472124,68274901,1
80596449,2155653,1
80596449,24600903,1
80636084,33184181,1
80636084,52144042,1
80636084,53467238,1
80636084,59660811,9
80636084,68274901,1
80636084,87587629,4
80636084,89214694,1
80636084,94128991,1
81059933,33184181,3
81087571,87587629,1
81087571,89214694,1
81087903,4592511,1
81087903,15025980,1
81087903,15382039,5
81087903,17652259,1
81087903,21033133,58
81087903,23375233,1
81087903,33504428,2
81087903,45768499,3
81087903,47168628,12
81087903,51650927,6
81087903,51655702,1
81087903,56530295,2
81087903,98958395,6
81451804,22526935,20
81451804,24600903,5
81451804,94883302,2
81585132,96599079,39
81626207,7758349,1
81626207,21033133,2
81626207,50236036,1
81626207,50777829,1
81626207,98799513,1
81779524,22526935,17
81798250,24600903,1
81845505,68274901,1
81867782,30416707,1
81867782,87587629,1
81874327,5940967,1
81874327,11185059,2
81874327,12525872,1
81874327,24600903,16
81874327,74317801,1
81874327,78970612,2
81874327,79625821,4
81874327,81451804,1
81874327,86776342,1
81874327,91546178,1
81874327,91866183,1
81874327,94883302,2
81905694,30388982,1
81905694,39836728,7
82062691,6206012,1
82062691,12525872,3
82062691,22526935,29
82062691,24303373,1
82062691,24600903,7
82062691,35783447,5
82062691,41935032,1
82062691,61120627,37
82062691,86776342,1
82062691,90680298,1
82144001,22526935,21
82144001,35783447,1
82317547,10809289,1
82317547,87587629,1
82515621,39836728,2
82515621,68274901,3
82730821,22526935,12
82730821,28526613,2
82730821,87587629,1
82744853,18891264,1
82744853,62346750,1
82744853,68274901,1
82744853,87587629,1
82845317,24600903,1
82896186,40828427,11
82920404,21033133,9
82936432,98530513,1
82951708,89214694,1
83016345,96599079,3
83217286,33393055,1
83217286,64114483,1
83356420,6206012,3
83356420,8136388,1
83356420,12525872,2
83356420,21850162,1
83356420,24303373,1
83356420,27143805,1
83356420,86776342,1
83356420,91546178,1
83387414,98958395,2
83470211,33184181,1
83470211,68274901,6
83470211,87587629,2
83470211,90693957,2
83482052,33184181,1
83482052,68274901,3
83482052,89214694,2
83632432,21033133,5
83632432,33504428,1
83632432,40828427,1
83632432,55540355,1
83686722,33184181,2
83686722,44826831,1
83686722,53467238,1
83686722,80636084,1
83686722,89214694,5
83686722,90693957,12
83686722,96599079,2
83711619,18891264,6
83711619,64114483,2
83711619,68274901,10
83711619,70695256,1
83711619,72170456,2
83711619,87587629,1
83711619,89214694,1
83711619,90693957,1
83788991,1536246,3
83788991,20578455,4
83788991,21033133,3
83788991,24600903,69
83788991,31941213,5
83788991,31966096,1
83788991,33919927,9
83788991,41841222,45
83788991,47168628,2
83788991,51974771,1
83788991,61120627,1
83788991,67212048,13
83788991,76439914,1
83788991,87623018,1
83788991,89053125,1
83788991,89524773,1
83788991,90553870,1
83788991,91546178,1
83788991,91866183,83
83788991,91912307,1
83960999,12525872,2
83960999,21033133,2
83960999,27143805,2
83960999,86776342,1
83971645,22526935,6
83978864,33184181,1
83978864,87587629,1
83978864,89214694,10
83991170,9629117,11
83991170,74567908,6
83991170,96595239,2
84064486,24600903,21
84066501,22526935,16
84066501,61120627,2
84121409,2155653,1
84121409,23181184,1
84121409,24600903,11
84121409,49690650,1
84121409,90693957,2
84121409,94883302,1
84140890,2155653,1
84140890,22526935,1
84140890,24600903,1
84229445,87587629,1
84294057,9776852,1
84294057,15382039,2
84294057,45768499,1
84294057,47168628,2
84294057,51650927,2
84294057,98958395,4
84481753,39836728,1
84481753,64114483,71
84512535,4497311,1
84512535,39836728,2
84512535,49784838,3
84512535,90693957,1
84567885,6979383,1
84567885,11372961,1
84567885,33184181,1
84567885,34254501,1
84567885,43306335,2
84567885,49558671,1
84567885,59660811,10
84567885,68274901,34
84567885,83711619,1
84567885,87587629,8
84567885,89214694,6
84567885,93301386,3
84567885,98530513,4
85036637,21033133,5
85113171,44025133,2
85113171,44983082,1
85113171,47168628,3
85113171,67225302,1
85181955,63163582,1
85181955,87587629,1
85213388,15025980,1
85213388,21033133,3
85310140,33184181,1
85310140,78713496,1
85401061,33184181,1
85401061,59660811,1
85401061,64114483,3
85401061,68274901,1
85401061,87587629,2
85401061,90693957,1
85401061,96599079,1
85401061,98530513,3
85465519,39836728,1
85592639,15879205,1
85592639,23181184,2
85592639,60538748,2
85592639,68274901,2
85592639,90693957,3
85651424,61120627,26
85651424,70084344,1
85673221,9629117,2
85716956,22526935,10
85716956,24600903,3
85716956,31941213,1
85716956,83788991,1
85716956,91866183,2
85751753,24600903,2
85770857,6206012,1
85770857,12525872,1
85770857,24303373,1
85770857,27143805,4
85770857,66028858,1
85770857,68641694,1
85770857,72174533,1
85770857,74317801,6
85770857,86776342,2
85783616,22526935,7
85854584,23181184,1
85854584,68274901,5
85854584,87587629,3
85854584,89214694,4
85854584,90693957,1
85919812,91866183,1
85945250,37376968,1
85945250,44826831,1
85945250,63725467,1
85945250,87587629,3
85945250,98530513,2
85979446,23181184,1
85979446,62346750,3
85979446,89214694,2
85979446,90693957,1
86277956,24600903,1
86308444,22526935,6
86364908,22526935,14
86639097,33184181,1
86726432,40828427,20
86726432,63649459,2
86726432,82896186,2
86726432,98958395,2
86773286,89214694,1
86776342,6206012,64
86776342,8136388,33
86776342,11298146,1
86776342,12525872,622
86776342,20578455,2
86776342,21850162,1
86776342,24303373,37
86776342,24600903,22
86776342,27143805,122
86776342,35669016,1
86776342,41935032,15
86776342,43875050,1
86776342,51362897,2
86776342,57307447,3
86776342,58635439,1
86776342,61120627,5
86776342,66028858,64
86776342,68641694,1
86776342,72174533,2
86776342,74317801,129
86776342,75916096,1
86776342,78970612,2
86776342,91546178,8
86776342,94883302,6
86820350,24600903,1
86823423,19268957,1
86823423,33184181,2
86823423,49558671,1
86823423,49784838,5
86823423,59660811,5
86823423,62437100,1
86823423,68274901,1
86823423,87587629,1
86823423,89214694,2
86823423,90693957,8
86938052,23181184,8
86938052,40596457,1
86938052,49558671,1
86938052,59660811,24
86938052,70695256,1
86938052,87587629,1
86938052,90693957,31
86938052,98530513,1
87001464,11372961,2
87001464,33184181,1
87001464,64114483,3
87001464,87587629,1
87034262,1896,1
87034262,18891264,1
87034262,19330405,2
87034262,89214694,9
87133653,87587629,2
87198998,98530513,1
87199312,40828427,1
87279104,43306335,2
87279104,68274901,9
87279104,87587629,3
87279104,89214694,13
87279104,96599079,45
87279104,98530513,1
87280054,15879205,1
87280054,23181184,1
87280054,33184181,1
87280054,87587629,1
87280054,90693957,7
87311639,7758349,1
87311639,21033133,4
87311639,50236036,1
87311639,50777829,1
87311639,81626207,1
87311639,98799513,1
87317537,33184181,1
87317537,59004506,1
87317537,68274901,6
87317537,98530513,1
87587629,1573360,1
87587629,5897579,10
87587629,12579139,1
87587629,12819157,2
87587629,15311211,1
87587629,15879205,2
87587629,18891264,31
87587629,19268957,1
87587629,21627194,1
87587629,23181184,11
87587629,23362722,1
87587629,33184181,41
87587629,33393055,1
87587629,35396027,1
87587629,37567397,1
87587629,38712810,1
87587629,39836728,44
87587629,43306335,3
87587629,44066883,3
87587629,44795080,2
87587629,47756695,2
87587629,49558671,2
87587629,49784838,5
87587629,57764431,1
87587629,59660811,350
87587629,61048620,1
87587629,62104863,1
87587629,62437100,2
87587629,64114483,300
87587629,68274901,61
87587629,70695256,4
87587629,72170456,13
87587629,72622731,1
87587629,89214694,96
87587629,90693957,102
87587629,94128991,2
87587629,96599079,7
87587629,97111049,1
87587629,98530513,53
87587629,99930052,2
87623018,4592511,18
87623018,9629117,2
87623018,9928964,1
87623018,15025980,1
87623018,21033133,72
87623018,33504428,2
87623018,34533108,1
87623018,46115382,1
87623018,56530295,16
87623018,72468997,2
87623018,76106767,1
87623018,78847084,1
87623018,96595239,4
87644199,1935423,1
87644199,19268957,1
87644199,87587629,5
87644199,89214694,2
87676852,68274901,1
87676852,96599079,10
87760311,24600903,4
87843836,98530513,1
87915600,12122112,2
87915600,39836728,1
87915600,87587629,7
87915600,89214694,1
88028345,91866183,1
88430085,4592511,9
88430085,17204268,5
88430085,21033133,26
88430085,33504428,1
88430085,56530295,7
88467766,68274901,1
88467766,90693957,1
88508888,3352308,1
88508888,21033133,6
88508888,24600903,2
88513276,7758349,1
88513276,21033133,1
88513276,31867494,3
88513276,44025133,3
88513276,46254793,3
88513276,47168628,14
88513276,49889346,1
88513276,50236036,1
88513276,50777829,1
88513276,72228091,1
88513276,76307233,1
88513276,87311639,1
88513276,98530513,3
88513276,98799513,1
88552529,2155653,2
88552529,24600903,14
88552529,34764210,1
88552529,51437820,2
88552529,94883302,1
88736307,12579139,1
88736307,33184181,2
88736307,39836728,7
88736307,61134216,1
88736307,87587629,20
88736307,89214694,57
88737009,12525872,1
88737009,22526935,6
88737009,82144001,1
88836512,87587629,1
88836512,90065113,2
88953539,2155653,1
88953539,13948398,7
88953539,20578455,1
88953539,24600903,26
88953539,61120627,27
88953539,83788991,1
88953539,91866183,4
88953539,94883302,1
88975578,33184181,1
88975578,98530513,1
89053125,20578455,1
89053125,22526935,12
89053125,83788991,1
89053125,91866183,1
89083109,24600903,1
89083109,31762174,2
89083109,91866183,1
89154666,33184181,1
89154666,68274901,1
89154666,98530513,1
89181332,1896,1
89181332,18891264,1
89181332,42952610,1
89181332,87034262,1
89181332,87587629,1
89181332,89214694,3
89214694,1685677,1
89214694,2179811,1
89214694,5897579,2
89214694,6207897,1
89214694,7062422,2
89214694,7734964,2
89214694,12062228,1
89214694,12819157,3
89214694,15879205,9
89214694,17068028,2
89214694,17321926,1
89214694,17613379,3
89214694,18891264,52
89214694,19187309,2
89214694,19268957,1
89214694,23181184,25
89214694,23903650,1
89214694,24666641,1
89214694,33184181,63
89214694,33282725,1
89214694,35218430,1
89214694,35396027,1
89214694,37376968,2
89214694,39836728,2
89214694,40716908,3
89214694,41798943,2
89214694,43306335,14
89214694,44066883,2
89214694,44220805,1
89214694,44795080,1
89214694,49784838,2
89214694,53467238,2
89214694,53685360,1
89214694,56590339,3
89214694,56692205,1
89214694,59004506,1
89214694,59660811,3
89214694,61134216,1
89214694,61523788,1
89214694,62104863,1
89214694,62437100,14
89214694,63799648,2
89214694,64114483,35
89214694,68274901,49
89214694,70695256,11
89214694,72170456,5
89214694,72622731,1
89214694,77750638,2
89214694,78905323,1
89214694,83711619,1
89214694,87587629,162
89214694,90693957,30
89214694,96599079,8
89214694,96749588,1
89214694,98245887,2
89214694,98530513,60
89305678,47168628,3
89339543,39836728,2
89339543,49784838,1
89339543,59660811,48
89339543,90693957,3
89339543,97111049,1
89524773,1108797,1
89524773,20578455,1
89524773,24600903,28
89524773,31941213,1
89524773,33919927,2
89524773,41841222,2
89524773,76439914,1
89524773,83788991,7
89524773,91866183,15
89524773,94883302,1
89836066,61120627,1
89852943,21033133,1
89859650,23181184,1
89859650,68274901,1
89859650,71262544,1
89859650,87587629,1
89859650,98530513,3
90065113,7062422,1
90065113,15879205,1
90065113,33184181,1
90065113,33393055,2
90065113,43306335,1
90065113,59004506,1
90065113,64114483,17
90065113,68274901,18
90065113,87587629,16
90065113,89214694,4
90065113,98530513,9
90065113,99930052,2
90345224,43306335,1
90345224,68274901,1
90345224,84567885,1
90345224,98530513,2
90422750,33184181,1
90475022,91866183,1
90504109,20578455,1
90504109,24600903,1
90504109,94883302,1
90553870,24600903,1
90553870,41841222,1
90553870,91866183,5
90620735,49784838,1
90620735,90693957,2
90626954,98958395,1
90680298,1536246,1
90680298,22526935,78
90680298,24600903,4
90680298,35776259,1
90680298,35783447,6
90680298,61120627,57
90693957,15879205,3
90693957,23181184,37
90693957,30388982,1
90693957,31013657,5
90693957,39836728,9
90693957,47756695,1
90693957,48111528,3
90693957,49558671,3
90693957,49784838,52
90693957,53467238,1
90693957,59660811,33
90693957,64114483,28
90693957,68274901,1
90693957,78713496,1
90693957,87587629,63
90693957,89214694,4
90693957,98530513,3
90848367,2155653,1
90848367,24600903,1
90848367,86776342,1
90980555,68274901,1
91061498,68274901,1
91079885,33184181,1
91079885,99930052,1
91310608,24600903,1
91497528,68274901,1
91546178,1536246,2
91546178,2155653,6
91546178,5940967,2
91546178,6206012,22
91546178,8136388,7
91546178,11298146,1
91546178,12525872,37
91546178,20578455,3
91546178,22511278,1
91546178,24303373,20
91546178,24600903,100
91546178,27143805,11
91546178,31941213,2
91546178,33919927,2
91546178,41935032,3
91546178,45282313,2
91546178,47168628,1
91546178,47924918,1
91546178,51881730,1
91546178,51974771,1
91546178,61120627,1
91546178,66028858,5
91546178,67212048,7
91546178,69438574,1
91546178,71929642,1
91546178,73915113,1
91546178,74317801,27
91546178,78970612,1
91546178,82062691,1
91546178,83788991,16
91546178,86776342,37
91546178,91866183,12
91546178,94883302,12
91546178,98958395,2
91576902,35783447,1
91576902,61120627,1
91701651,8136388,1
91701651,11298146,1
91701651,12525872,1
91701651,24600903,4
91701651,27143805,1
91701651,41841222,1
91701651,41935032,1
91701651,72174533,1
91701651,83788991,4
91701651,86776342,1
91701651,91866183,1
91866183,20578455,1
91866183,33919927,2
91866183,41841222,1
91879722,19268957,1
91879722,23181184,2
91879722,33184181,3
91879722,67538752,1
91879722,87587629,5
91879722,89214694,1
91879722,90693957,1
91912307,20578455,1
91912307,23761255,1
91912307,24600903,10
91912307,41841222,4
91912307,71929642,1
91912307,76439914,1
91912307,83788991,5
91912307,91866183,3
91912307,98958395,1
91962877,3280887,1
91962877,12525872,1
91962877,22526935,101
91962877,66861410,1
91962877,73927556,1
92013543,64114483,1
92086188,18891264,1
92086188,89214694,1
92485495,68274901,3
92485495,72622731,1
92485495,84567885,1
92485495,87279104,2
92485495,87587629,2
92485495,89214694,11
92485495,92086188,1
92485495,96599079,10
92485495,98530513,1
92764806,68274901,1
92764806,89214694,1
92793832,21033133,3
92871961,15879205,3
92871961,34224588,2
92871961,39836728,4
92871961,68274901,2
92871961,96599079,39
92896404,89214694,1
92958142,12525872,2
92958142,27143805,4
92958142,66028858,1
92958142,68641694,1
92958142,74317801,2
92958142,86776342,4
93046591,24600903,3
93046591,83788991,1
93046591,91866183,1
93301386,6979383,1
93301386,12579139,1
93301386,15879205,5
93301386,17074314,1
93301386,23181184,10
93301386,43749311,1
93301386,46750978,1
93301386,53971462,5
93301386,59660811,4
93301386,61909120,2
93301386,63725467,1
93301386,68274901,125
93301386,68627451,2
93301386,71262544,2
93301386,86938052,2
93301386,87587629,2
93301386,89214694,1
93301386,90693957,44
93301386,98530513,3
93301386,99930052,2
93450462,98958395,1
93774384,22526935,5
94005082,33184181,1
94005082,33393055,2
94005082,39836728,7
94005082,51783692,1
94005082,64114483,1
94005082,68274901,15
94005082,72170456,2
94005082,87587629,3
94005082,96599079,4
94005082,98530513,7
94128991,59660811,4
94128991,68274901,1
94128991,87587629,3
94128991,89214694,2
94297309,12525872,4
94297309,22526935,10
94297309,24303373,1
94297309,27143805,2
94297309,69337168,1
94297309,74317801,1
94297309,86776342,2
94356596,33184181,4
94356596,68274901,1
94426657,21033133,34
94426657,35513240,1
94478247,4574802,2
94478247,7062422,3
94478247,12579139,1
94478247,15879205,4
94478247,34224588,1
94478247,68274901,1
94478247,87587629,18
94478247,96599079,41
94478247,98530513,3
94680508,2179811,1
94680508,30388982,1
94680508,33184181,1
94680508,39836728,33
94680508,64114483,44
94680508,68274901,3
94680508,72170456,1
94680508,87587629,13
94680508,89214694,3
94680508,98530513,6
94710085,87587629,1
94883302,2155653,10
94883302,12525872,7
94883302,20578455,2
94883302,22511278,1
94883302,24600903,124
94883302,27143805,5
94883302,40185500,1
94883302,41935032,1
94883302,47924918,1
94883302,61120627,4
94883302,66028858,1
94883302,73915113,1
94883302,74317801,3
94883302,76439914,3
94883302,86776342,9
94883302,88552529,1
94883302,91546178,4
94926710,33184181,5
94926710,87587629,2
94926710,89154666,1
94926710,90693957,4
94988109,83788991,1
94988109,91866183,1
95069750,21033133,5
95069750,33504428,1
95171581,33184181,3
95171581,38834511,1
95171581,58217294,1
95171581,61134216,1
95171581,68274901,1
95171581,87587629,9
95171581,89214694,5
95171581,98530513,1
95182897,21033133,5
95182897,97399592,1
95186032,94478247,1
95186032,98530513,1
95218516,96599079,5
95218516,98530513,1
95243934,5940967,1
95243934,13948398,1
95243934,16365394,1
95243934,22526935,138
95243934,24600903,2
95243934,46925812,1
95243934,61120627,11
95493477,23181184,1
95493477,24666641,1
95493477,33184181,3
95493477,87587629,3
95493477,90693957,2
95493477,96599079,22
95587958,64114483,1
95587958,90693957,1
95677190,89214694,1
95724293,21033133,3
95724293,33504428,1
95724293,44025133,5
95724293,47168628,4
95751329,87587629,1
95826961,90693957,1
95882672,15879205,1
95882672,87587629,3
95882672,90693957,1
95882672,96599079,12
95894943,22526935,16
95960860,22526935,30
95960860,66861410,1
95960860,69297683,1
95990818,90693957,1
95990818,93301386,1
96162995,22526935,12
96218069,27353778,1
96218069,33184181,1
96218069,87587629,1
96401655,59004506,1
96401655,68274901,13
96401655,89214694,1
96401655,90693957,1
96502467,24600903,1
96529628,30416707,1
96529628,87587629,1
96595239,2718083,6
96595239,4592511,41
96595239,9629117,1493
96595239,21033133,30
96595239,24674477,10
96595239,29696753,1
96595239,31867494,19
96595239,40870162,8
96595239,56530295,3
96595239,57352462,21
96595239,65727020,2
96595239,72468997,18
96595239,74567908,409
96595239,75744194,4
96595239,76255046,2
96595239,76849072,8
96595239,83991170,5
96595239,87623018,3
96595239,98824483,1
96595239,98879466,10
96599079,6979383,1
96599079,7062422,1
96599079,8194633,3
96599079,15879205,11
96599079,31763098,3
96599079,33184181,2
96599079,34322653,2
96599079,35589391,13
96599079,39836728,18
96599079,43306335,3
96599079,46339011,3
96599079,52124638,1
96599079,53685360,1
96599079,59004506,1
96599079,61523788,2
96599079,62437100,1
96599079,68274901,21
96599079,68497840,22
96599079,71456480,7
96599079,72170456,46
96599079,72622731,8
96599079,81585132,1
96599079,84567885,1
96599079,87587629,2
96599079,89214694,32
96599079,92871961,1
96599079,94478247,1
96599079,95493477,2
96599079,98530513,20
96599079,99816890,7
96725812,90693957,1
96749588,23903650,1
96749588,33184181,2
96749588,89214694,7
96914597,2179811,1
96914597,7062422,1
96914597,12122112,1
96914597,19268957,1
96914597,39836728,3
96914597,64114483,5
96914597,69173368,1
96914597,70329463,1
96914597,87587629,8
96914597,89214694,1
97011332,15879205,1
97011332,68274901,2
97011332,90693957,1
97011332,98530513,1
97111049,49784838,5
97111049,59660811,128
97111049,90693957,14
97399592,21033133,4
97687913,24600903,2
97698578,33393055,1
97698578,39836728,14
97698578,87587629,1
97991496,87587629,1
98145704,35218430,1
98145704,87587629,3
98145704,88736307,1
98145704,89214694,11
98145704,96599079,8
98156765,98958395,1
98225005,24666641,1
98225005,33184181,5
98225005,62437100,1
98225005,89214694,1
98225005,91879722,1
98245887,1573360,1
98245887,4447141,1
98245887,17321926,1
98245887,18891264,1
98245887,33184181,23
98245887,39836728,2
98245887,43306335,1
98245887,59004506,1
98245887,62346750,1
98245887,62437100,1
98245887,68274901,16
98245887,78608405,1
98245887,84567885,1
98245887,87587629,5
98245887,89154666,1
98245887,89214694,19
98245887,98530513,21
98305108,22526935,15
98305108,67902711,1
98476573,2155653,1
98476573,24600903,2
98530513,1573360,3
98530513,5897579,11
98530513,15879205,1
98530513,33184181,4
98530513,33393055,1
98530513,39836728,87
98530513,43306335,1
98530513,44066883,4
98530513,49558671,1
98530513,59660811,32
98530513,64114483,236
98530513,68274901,25
98530513,72170456,2
98530513,76897937,1
98530513,87587629,42
98530513,89214694,61
98530513,90693957,2
98530513,96599079,2
98655048,15382039,1
98655048,21033133,12
98655048,40828427,32
98737758,33184181,1
98737758,87587629,1
98799513,7758349,1
98799513,21033133,2
98799513,47168628,1
98799513,50236036,2
98824483,9629117,2
98824483,96595239,1
98879466,4592511,2
98879466,9629117,147
98879466,21033133,3
98879466,40870162,1
98879466,56530295,2
98879466,57352462,1
98879466,88430085,2
98879466,96595239,21
98958395,1108797,1
98958395,1536246,1
98958395,7875791,11
98958395,9776852,1
98958395,14541580,2
98958395,15382039,25
98958395,17652259,1
98958395,22753372,2
98958395,23674688,4
98958395,24600903,19
98958395,41841222,1
98958395,45768499,4
98958395,47168628,47
98958395,47924918,1
98958395,49797746,2
98958395,51650927,49
98958395,61120627,1
98958395,67212048,2
98958395,83788991,2
98958395,84294057,1
98958395,88953539,1
98958395,91866183,3
98969663,24600903,6
98969663,33919927,1
98969663,51974771,1
98969663,67212048,1
98969663,76439914,1
98969663,83788991,3
98969663,91866183,2
99004986,33393055,1
99004986,64114483,1
99098523,22526935,25
99104083,18891264,1
99104083,44180773,5
99104083,68274901,1
99104083,72170456,1
99104083,82744853,1
99152114,22526935,69
99152114,28526613,1
99169005,8136388,1
99169005,12525872,1
99169005,24303373,1
99169005,27143805,1
99169005,74317801,1
99169005,86776342,3
99293449,4805010,1
99293449,24600903,1
99293449,51650927,1
99293449,69438574,2
99293449,70696507,1
99293449,97687913,1
99293449,98958395,1
99322019,21033133,6
99322019,33504428,1
99371770,15879205,1
99371770,33184181,7
99371770,89214694,4
99371770,90693957,2
99774626,33184181,1
99816890,15879205,2
99816890,34322653,1
99816890,43306335,1
99816890,63725467,1
99816890,68274901,1
99816890,72170456,1
99816890,89214694,3
99816890,96599079,57
99816890,98530513,3
99827281,34224588,2
99827281,40460847,1
99827281,68274901,1
99827281,92871961,1
99930052,600963,1
99930052,18891264,3
99930052,33184181,8
99930052,39836728,4
99930052,68274901,38
99930052,72170456,1
99930052,83711619,1
99930052,87587629,4
99930052,89214694,5
99930052,93301386,1
99930052,94128991,1
