feature_id,gate_checks_json,failed_gates_json,final_role,decision_reason,gate_recovery_quality,recovery_provenance
EF0001,"{""G01_IN_SCOPE_ROLE"": true, ""G02_ARTICLE_LEVEL"": true, ""G03_PRIMARY_OR_FOUNDATIONAL_EVIDENCE"": true, ""G04_REPRODUCIBLE_DEFINITION_AND_OPERATIONALIZATION"": false, ""G05_PUBLICATION_TIME"": true, ""G06_NO_FUTURE_INFORMATION"": true, ""G07_CURRENT_DATA_READY"": false, ""G08_BIAS_GUARDRAIL"": true, ""G09_NO_FATAL_VALIDITY_CONCERN"": true, ""G10_OUTCOME_BLIND_SELECTION"": true, ""G11_DATA_QUALITY_PASS"": false, ""G12_NONCONSTANT"": false, ""G13_ENGLISH_FULLTEXT_FORMULA_EVIDENCE"": false, ""G14_INDEPENDENT_SECOND_REVIEW_APPROVAL"": false}","[""G04_REPRODUCIBLE_DEFINITION_AND_OPERATIONALIZATION"", ""G07_CURRENT_DATA_READY"", ""G11_DATA_QUALITY_PASS"", ""G12_NONCONSTANT"", ""G13_ENGLISH_FULLTEXT_FORMULA_EVIDENCE"", ""G14_INDEPENDENT_SECOND_REVIEW_APPROVAL""]",excluded,RECOVERED_GATE_FAILURE,exact_for_frozen_set_membership_not_original_per_gate_bytes,codex_session_log_nested_membership
EF0002,"{""G01_IN_SCOPE_ROLE"": true, ""G02_ARTICLE_LEVEL"": true, ""G03_PRIMARY_OR_FOUNDATIONAL_EVIDENCE"": false, ""G04_REPRODUCIBLE_DEFINITION_AND_OPERATIONALIZATION"": false, ""G05_PUBLICATION_TIME"": true, ""G06_NO_FUTURE_INFORMATION"": true, ""G07_CURRENT_DATA_READY"": false, ""G08_BIAS_GUARDRAIL"": true, ""G09_NO_FATAL_VALIDITY_CONCERN"": true, ""G10_OUTCOME_BLIND_SELECTION"": true, ""G11_DATA_QUALITY_PASS"": false, ""G12_NONCONSTANT"": false, ""G13_ENGLISH_FULLTEXT_FORMULA_EVIDENCE"": false, ""G14_INDEPENDENT_SECOND_REVIEW_APPROVAL"": false}","[""G03_PRIMARY_OR_FOUNDATIONAL_EVIDENCE"", ""G04_REPRODUCIBLE_DEFINITION_AND_OPERATIONALIZATION"", ""G07_CURRENT_DATA_READY"", ""G11_DATA_QUALITY_PASS"", ""G12_NONCONSTANT"", ""G13_ENGLISH_FULLTEXT_FORMULA_EVIDENCE"", ""G14_INDEPENDENT_SECOND_REVIEW_APPROVAL""]",excluded,RECOVERED_GATE_FAILURE,exact_for_frozen_set_membership_not_original_per_gate_bytes,codex_session_log_nested_membership
EF0003,"{""G01_IN_SCOPE_ROLE"": true, ""G02_ARTICLE_LEVEL"": true, ""G03_PRIMARY_OR_FOUNDATIONAL_EVIDENCE"": false, ""G04_REPRODUCIBLE_DEFINITION_AND_OPERATIONALIZATION"": false, ""G05_PUBLICATION_TIME"": false, ""G06_NO_FUTURE_INFORMATION"": true, ""G07_CURRENT_DATA_READY"": false, ""G08_BIAS_GUARDRAIL"": true, ""G09_NO_FATAL_VALIDITY_CONCERN"": true, ""G10_OUTCOME_BLIND_SELECTION"": true, ""G11_DATA_QUALITY_PASS"": false, ""G12_NONCONSTANT"": false, ""G13_ENGLISH_FULLTEXT_FORMULA_EVIDENCE"": false, ""G14_INDEPENDENT_SECOND_REVIEW_APPROVAL"": false}","[""G03_PRIMARY_OR_FOUNDATIONAL_EVIDENCE"", ""G04_REPRODUCIBLE_DEFINITION_AND_OPERATIONALIZATION"", ""G05_PUBLICATION_TIME"", ""G07_CURRENT_DATA_READY"", ""G11_DATA_QUALITY_PASS"", ""G12_NONCONSTANT"", ""G13_ENGLISH_FULLTEXT_FORMULA_EVIDENCE"", ""G14_INDEPENDENT_SECOND_REVIEW_APPROVAL""]",excluded,RECOVERED_GATE_FAILURE,exact_for_frozen_set_membership_not_original_per_gate_bytes,codex_session_log_nested_membership
EF0004,"{""G01_IN_SCOPE_ROLE"": true, ""G02_ARTICLE_LEVEL"": true, ""G03_PRIMARY_OR_FOUNDATIONAL_EVIDENCE"": true, ""G04_REPRODUCIBLE_DEFINITION_AND_OPERATIONALIZATION"": false, ""G05_PUBLICATION_TIME"": true, ""G06_NO_FUTURE_INFORMATION"": true, ""G07_CURRENT_DATA_READY"": false, ""G08_BIAS_GUARDRAIL"": true, ""G09_NO_FATAL_VALIDITY_CONCERN"": true, ""G10_OUTCOME_BLIND_SELECTION"": true, ""G11_DATA_QUALITY_PASS"": false, ""G12_NONCONSTANT"": false, ""G13_ENGLISH_FULLTEXT_FORMULA_EVIDENCE"": false, ""G14_INDEPENDENT_SECOND_REVIEW_APPROVAL"": false}","[""G04_REPRODUCIBLE_DEFINITION_AND_OPERATIONALIZATION"", ""G07_CURRENT_DATA_READY"", ""G11_DATA_QUALITY_PASS"", ""G12_NONCONSTANT"", ""G13_ENGLISH_FULLTEXT_FORMULA_EVIDENCE"", ""G14_INDEPENDENT_SECOND_REVIEW_APPROVAL""]",excluded,RECOVERED_GATE_FAILURE,exact_for_frozen_set_membership_not_original_per_gate_bytes,codex_session_log_nested_membership
EF0005,"{""G01_IN_SCOPE_ROLE"": true, ""G02_ARTICLE_LEVEL"": true, ""G03_PRIMARY_OR_FOUNDATIONAL_EVIDENCE"": false, ""G04_REPRODUCIBLE_DEFINITION_AND_OPERATIONALIZATION"": false, ""G05_PUBLICATION_TIME"": false, ""G06_NO_FUTURE_INFORMATION"": true, ""G07_CURRENT_DATA_READY"": false, ""G08_BIAS_GUARDRAIL"": true, ""G09_NO_FATAL_VALIDITY_CONCERN"": true, ""G10_OUTCOME_BLIND_SELECTION"": true, ""G11_DATA_QUALITY_PASS"": false, ""G12_NONCONSTANT"": false, ""G13_ENGLISH_FULLTEXT_FORMULA_EVIDENCE"": false, ""G14_INDEPENDENT_SECOND_REVIEW_APPROVAL"": false}","[""G03_PRIMARY_OR_FOUNDATIONAL_EVIDENCE"", ""G04_REPRODUCIBLE_DEFINITION_AND_OPERATIONALIZATION"", ""G05_PUBLICATION_TIME"", ""G07_CURRENT_DATA_READY"", ""G11_DATA_QUALITY_PASS"", ""G12_NONCONSTANT"", ""G13_ENGLISH_FULLTEXT_FORMULA_EVIDENCE"", ""G14_INDEPENDENT_SECOND_REVIEW_APPROVAL""]",excluded,RECOVERED_GATE_FAILURE,exact_for_frozen_set_membership_not_original_per_gate_bytes,codex_session_log_nested_membership
EF0006,"{""G01_IN_SCOPE_ROLE"": true, ""G02_ARTICLE_LEVEL"": true, ""G03_PRIMARY_OR_FOUNDATIONAL_EVIDENCE"": false, ""G04_REPRODUCIBLE_DEFINITION_AND_OPERATIONALIZATION"": false, ""G05_PUBLICATION_TIME"": false, ""G06_NO_FUTURE_INFORMATION"": true, ""G07_CURRENT_DATA_READY"": false, ""G08_BIAS_GUARDRAIL"": true, ""G09_NO_FATAL_VALIDITY_CONCERN"": true, ""G10_OUTCOME_BLIND_SELECTION"": true, ""G11_DATA_QUALITY_PASS"": false, ""G12_NONCONSTANT"": false, ""G13_ENGLISH_FULLTEXT_FORMULA_EVIDENCE"": false, ""G14_INDEPENDENT_SECOND_REVIEW_APPROVAL"": false}","[""G03_PRIMARY_OR_FOUNDATIONAL_EVIDENCE"", ""G04_REPRODUCIBLE_DEFINITION_AND_OPERATIONALIZATION"", ""G05_PUBLICATION_TIME"", ""G07_CURRENT_DATA_READY"", ""G11_DATA_QUALITY_PASS"", ""G12_NONCONSTANT"", ""G13_ENGLISH_FULLTEXT_FORMULA_EVIDENCE"", ""G14_INDEPENDENT_SECOND_REVIEW_APPROVAL""]",excluded,RECOVERED_GATE_FAILURE,exact_for_frozen_set_membership_not_original_per_gate_bytes,codex_session_log_nested_membership
EF0007,"{""G01_IN_SCOPE_ROLE"": true, ""G02_ARTICLE_LEVEL"": true, ""G03_PRIMARY_OR_FOUNDATIONAL_EVIDENCE"": true, ""G04_REPRODUCIBLE_DEFINITION_AND_OPERATIONALIZATION"": false, ""G05_PUBLICATION_TIME"": true, ""G06_NO_FUTURE_INFORMATION"": true, ""G07_CURRENT_DATA_READY"": false, ""G08_BIAS_GUARDRAIL"": true, ""G09_NO_FATAL_VALIDITY_CONCERN"": true, ""G10_OUTCOME_BLIND_SELECTION"": true, ""G11_DATA_QUALITY_PASS"": false, ""G12_NONCONSTANT"": false, ""G13_ENGLISH_FULLTEXT_FORMULA_EVIDENCE"": false, ""G14_INDEPENDENT_SECOND_REVIEW_APPROVAL"": false}","[""G04_REPRODUCIBLE_DEFINITION_AND_OPERATIONALIZATION"", ""G07_CURRENT_DATA_READY"", ""G11_DATA_QUALITY_PASS"", ""G12_NONCONSTANT"", ""G13_ENGLISH_FULLTEXT_FORMULA_EVIDENCE"", ""G14_INDEPENDENT_SECOND_REVIEW_APPROVAL""]",excluded,RECOVERED_GATE_FAILURE,exact_for_frozen_set_membership_not_original_per_gate_bytes,codex_session_log_nested_membership
EF0008,"{""G01_IN_SCOPE_ROLE"": true, ""G02_ARTICLE_LEVEL"": true, ""G03_PRIMARY_OR_FOUNDATIONAL_EVIDENCE"": true, ""G04_REPRODUCIBLE_DEFINITION_AND_OPERATIONALIZATION"": false, ""G05_PUBLICATION_TIME"": true, ""G06_NO_FUTURE_INFORMATION"": true, ""G07_CURRENT_DATA_READY"": false, ""G08_BIAS_GUARDRAIL"": true, ""G09_NO_FATAL_VALIDITY_CONCERN"": true, ""G10_OUTCOME_BLIND_SELECTION"": true, ""G11_DATA_QUALITY_PASS"": false, ""G12_NONCONSTANT"": false, ""G13_ENGLISH_FULLTEXT_FORMULA_EVIDENCE"": false, ""G14_INDEPENDENT_SECOND_REVIEW_APPROVAL"": false}","[""G04_REPRODUCIBLE_DEFINITION_AND_OPERATIONALIZATION"", ""G07_CURRENT_DATA_READY"", ""G11_DATA_QUALITY_PASS"", ""G12_NONCONSTANT"", ""G13_ENGLISH_FULLTEXT_FORMULA_EVIDENCE"", ""G14_INDEPENDENT_SECOND_REVIEW_APPROVAL""]",excluded,RECOVERED_GATE_FAILURE,exact_for_frozen_set_membership_not_original_per_gate_bytes,codex_session_log_nested_membership
EF0009,"{""G01_IN_SCOPE_ROLE"": true, ""G02_ARTICLE_LEVEL"": true, ""G03_PRIMARY_OR_FOUNDATIONAL_EVIDENCE"": true, ""G04_REPRODUCIBLE_DEFINITION_AND_OPERATIONALIZATION"": false, ""G05_PUBLICATION_TIME"": true, ""G06_NO_FUTURE_INFORMATION"": true, ""G07_CURRENT_DATA_READY"": false, ""G08_BIAS_GUARDRAIL"": true, ""G09_NO_FATAL_VALIDITY_CONCERN"": true, ""G10_OUTCOME_BLIND_SELECTION"": true, ""G11_DATA_QUALITY_PASS"": false, ""G12_NONCONSTANT"": false, ""G13_ENGLISH_FULLTEXT_FORMULA_EVIDENCE"": false, ""G14_INDEPENDENT_SECOND_REVIEW_APPROVAL"": false}","[""G04_REPRODUCIBLE_DEFINITION_AND_OPERATIONALIZATION"", ""G07_CURRENT_DATA_READY"", ""G11_DATA_QUALITY_PASS"", ""G12_NONCONSTANT"", ""G13_ENGLISH_FULLTEXT_FORMULA_EVIDENCE"", ""G14_INDEPENDENT_SECOND_REVIEW_APPROVAL""]",excluded,RECOVERED_GATE_FAILURE,exact_for_frozen_set_membership_not_original_per_gate_bytes,codex_session_log_nested_membership
EF0010,"{""G01_IN_SCOPE_ROLE"": true, ""G02_ARTICLE_LEVEL"": true, ""G03_PRIMARY_OR_FOUNDATIONAL_EVIDENCE"": false, ""G04_REPRODUCIBLE_DEFINITION_AND_OPERATIONALIZATION"": false, ""G05_PUBLICATION_TIME"": false, ""G06_NO_FUTURE_INFORMATION"": true, ""G07_CURRENT_DATA_READY"": false, ""G08_BIAS_GUARDRAIL"": true, ""G09_NO_FATAL_VALIDITY_CONCERN"": true, ""G10_OUTCOME_BLIND_SELECTION"": true, ""G11_DATA_QUALITY_PASS"": false, ""G12_NONCONSTANT"": false, ""G13_ENGLISH_FULLTEXT_FORMULA_EVIDENCE"": false, ""G14_INDEPENDENT_SECOND_REVIEW_APPROVAL"": false}","[""G03_PRIMARY_OR_FOUNDATIONAL_EVIDENCE"", ""G04_REPRODUCIBLE_DEFINITION_AND_OPERATIONALIZATION"", ""G05_PUBLICATION_TIME"", ""G07_CURRENT_DATA_READY"", ""G11_DATA_QUALITY_PASS"", ""G12_NONCONSTANT"", ""G13_ENGLISH_FULLTEXT_FORMULA_EVIDENCE"", ""G14_INDEPENDENT_SECOND_REVIEW_APPROVAL""]",excluded,RECOVERED_GATE_FAILURE,exact_for_frozen_set_membership_not_original_per_gate_bytes,codex_session_log_nested_membership
EF0011,"{""G01_IN_SCOPE_ROLE"": true, ""G02_ARTICLE_LEVEL"": true, ""G03_PRIMARY_OR_FOUNDATIONAL_EVIDENCE"": false, ""G04_REPRODUCIBLE_DEFINITION_AND_OPERATIONALIZATION"": false, ""G05_PUBLICATION_TIME"": false, ""G06_NO_FUTURE_INFORMATION"": true, ""G07_CURRENT_DATA_READY"": false, ""G08_BIAS_GUARDRAIL"": true, ""G09_NO_FATAL_VALIDITY_CONCERN"": true, ""G10_OUTCOME_BLIND_SELECTION"": true, ""G11_DATA_QUALITY_PASS"": false, ""G12_NONCONSTANT"": false, ""G13_ENGLISH_FULLTEXT_FORMULA_EVIDENCE"": false, ""G14_INDEPENDENT_SECOND_REVIEW_APPROVAL"": false}","[""G03_PRIMARY_OR_FOUNDATIONAL_EVIDENCE"", ""G04_REPRODUCIBLE_DEFINITION_AND_OPERATIONALIZATION"", ""G05_PUBLICATION_TIME"", ""G07_CURRENT_DATA_READY"", ""G11_DATA_QUALITY_PASS"", ""G12_NONCONSTANT"", ""G13_ENGLISH_FULLTEXT_FORMULA_EVIDENCE"", ""G14_INDEPENDENT_SECOND_REVIEW_APPROVAL""]",excluded,RECOVERED_GATE_FAILURE,exact_for_frozen_set_membership_not_original_per_gate_bytes,codex_session_log_nested_membership
EF0012,"{""G01_IN_SCOPE_ROLE"": true, ""G02_ARTICLE_LEVEL"": true, ""G03_PRIMARY_OR_FOUNDATIONAL_EVIDENCE"": false, ""G04_REPRODUCIBLE_DEFINITION_AND_OPERATIONALIZATION"": false, ""G05_PUBLICATION_TIME"": false, ""G06_NO_FUTURE_INFORMATION"": true, ""G07_CURRENT_DATA_READY"": false, ""G08_BIAS_GUARDRAIL"": true, ""G09_NO_FATAL_VALIDITY_CONCERN"": true, ""G10_OUTCOME_BLIND_SELECTION"": true, ""G11_DATA_QUALITY_PASS"": false, ""G12_NONCONSTANT"": false, ""G13_ENGLISH_FULLTEXT_FORMULA_EVIDENCE"": false, ""G14_INDEPENDENT_SECOND_REVIEW_APPROVAL"": false}","[""G03_PRIMARY_OR_FOUNDATIONAL_EVIDENCE"", ""G04_REPRODUCIBLE_DEFINITION_AND_OPERATIONALIZATION"", ""G05_PUBLICATION_TIME"", ""G07_CURRENT_DATA_READY"", ""G11_DATA_QUALITY_PASS"", ""G12_NONCONSTANT"", ""G13_ENGLISH_FULLTEXT_FORMULA_EVIDENCE"", ""G14_INDEPENDENT_SECOND_REVIEW_APPROVAL""]",excluded,RECOVERED_GATE_FAILURE,exact_for_frozen_set_membership_not_original_per_gate_bytes,codex_session_log_nested_membership
EF0013,"{""G01_IN_SCOPE_ROLE"": true, ""G02_ARTICLE_LEVEL"": true, ""G03_PRIMARY_OR_FOUNDATIONAL_EVIDENCE"": false, ""G04_REPRODUCIBLE_DEFINITION_AND_OPERATIONALIZATION"": false, ""G05_PUBLICATION_TIME"": false, ""G06_NO_FUTURE_INFORMATION"": true, ""G07_CURRENT_DATA_READY"": false, ""G08_BIAS_GUARDRAIL"": true, ""G09_NO_FATAL_VALIDITY_CONCERN"": true, ""G10_OUTCOME_BLIND_SELECTION"": true, ""G11_DATA_QUALITY_PASS"": false, ""G12_NONCONSTANT"": false, ""G13_ENGLISH_FULLTEXT_FORMULA_EVIDENCE"": false, ""G14_INDEPENDENT_SECOND_REVIEW_APPROVAL"": false}","[""G03_PRIMARY_OR_FOUNDATIONAL_EVIDENCE"", ""G04_REPRODUCIBLE_DEFINITION_AND_OPERATIONALIZATION"", ""G05_PUBLICATION_TIME"", ""G07_CURRENT_DATA_READY"", ""G11_DATA_QUALITY_PASS"", ""G12_NONCONSTANT"", ""G13_ENGLISH_FULLTEXT_FORMULA_EVIDENCE"", ""G14_INDEPENDENT_SECOND_REVIEW_APPROVAL""]",excluded,RECOVERED_GATE_FAILURE,exact_for_frozen_set_membership_not_original_per_gate_bytes,codex_session_log_nested_membership
EF0014,"{""G01_IN_SCOPE_ROLE"": true, ""G02_ARTICLE_LEVEL"": true, ""G03_PRIMARY_OR_FOUNDATIONAL_EVIDENCE"": true, ""G04_REPRODUCIBLE_DEFINITION_AND_OPERATIONALIZATION"": false, ""G05_PUBLICATION_TIME"": true, ""G06_NO_FUTURE_INFORMATION"": true, ""G07_CURRENT_DATA_READY"": false, ""G08_BIAS_GUARDRAIL"": true, ""G09_NO_FATAL_VALIDITY_CONCERN"": true, ""G10_OUTCOME_BLIND_SELECTION"": true, ""G11_DATA_QUALITY_PASS"": false, ""G12_NONCONSTANT"": false, ""G13_ENGLISH_FULLTEXT_FORMULA_EVIDENCE"": false, ""G14_INDEPENDENT_SECOND_REVIEW_APPROVAL"": false}","[""G04_REPRODUCIBLE_DEFINITION_AND_OPERATIONALIZATION"", ""G07_CURRENT_DATA_READY"", ""G11_DATA_QUALITY_PASS"", ""G12_NONCONSTANT"", ""G13_ENGLISH_FULLTEXT_FORMULA_EVIDENCE"", ""G14_INDEPENDENT_SECOND_REVIEW_APPROVAL""]",excluded,RECOVERED_GATE_FAILURE,exact_for_frozen_set_membership_not_original_per_gate_bytes,codex_session_log_nested_membership
EF0015,"{""G01_IN_SCOPE_ROLE"": true, ""G02_ARTICLE_LEVEL"": true, ""G03_PRIMARY_OR_FOUNDATIONAL_EVIDENCE"": true, ""G04_REPRODUCIBLE_DEFINITION_AND_OPERATIONALIZATION"": false, ""G05_PUBLICATION_TIME"": true, ""G06_NO_FUTURE_INFORMATION"": true, ""G07_CURRENT_DATA_READY"": false, ""G08_BIAS_GUARDRAIL"": true, ""G09_NO_FATAL_VALIDITY_CONCERN"": true, ""G10_OUTCOME_BLIND_SELECTION"": true, ""G11_DATA_QUALITY_PASS"": false, ""G12_NONCONSTANT"": false, ""G13_ENGLISH_FULLTEXT_FORMULA_EVIDENCE"": false, ""G14_INDEPENDENT_SECOND_REVIEW_APPROVAL"": false}","[""G04_REPRODUCIBLE_DEFINITION_AND_OPERATIONALIZATION"", ""G07_CURRENT_DATA_READY"", ""G11_DATA_QUALITY_PASS"", ""G12_NONCONSTANT"", ""G13_ENGLISH_FULLTEXT_FORMULA_EVIDENCE"", ""G14_INDEPENDENT_SECOND_REVIEW_APPROVAL""]",excluded,RECOVERED_GATE_FAILURE,exact_for_frozen_set_membership_not_original_per_gate_bytes,codex_session_log_nested_membership
EF0016,"{""G01_IN_SCOPE_ROLE"": true, ""G02_ARTICLE_LEVEL"": true, ""G03_PRIMARY_OR_FOUNDATIONAL_EVIDENCE"": true, ""G04_REPRODUCIBLE_DEFINITION_AND_OPERATIONALIZATION"": false, ""G05_PUBLICATION_TIME"": true, ""G06_NO_FUTURE_INFORMATION"": true, ""G07_CURRENT_DATA_READY"": false, ""G08_BIAS_GUARDRAIL"": true, ""G09_NO_FATAL_VALIDITY_CONCERN"": true, ""G10_OUTCOME_BLIND_SELECTION"": true, ""G11_DATA_QUALITY_PASS"": false, ""G12_NONCONSTANT"": false, ""G13_ENGLISH_FULLTEXT_FORMULA_EVIDENCE"": false, ""G14_INDEPENDENT_SECOND_REVIEW_APPROVAL"": false}","[""G04_REPRODUCIBLE_DEFINITION_AND_OPERATIONALIZATION"", ""G07_CURRENT_DATA_READY"", ""G11_DATA_QUALITY_PASS"", ""G12_NONCONSTANT"", ""G13_ENGLISH_FULLTEXT_FORMULA_EVIDENCE"", ""G14_INDEPENDENT_SECOND_REVIEW_APPROVAL""]",excluded,RECOVERED_GATE_FAILURE,exact_for_frozen_set_membership_not_original_per_gate_bytes,codex_session_log_nested_membership
EF0017,"{""G01_IN_SCOPE_ROLE"": true, ""G02_ARTICLE_LEVEL"": true, ""G03_PRIMARY_OR_FOUNDATIONAL_EVIDENCE"": true, ""G04_REPRODUCIBLE_DEFINITION_AND_OPERATIONALIZATION"": false, ""G05_PUBLICATION_TIME"": true, ""G06_NO_FUTURE_INFORMATION"": true, ""G07_CURRENT_DATA_READY"": false, ""G08_BIAS_GUARDRAIL"": true, ""G09_NO_FATAL_VALIDITY_CONCERN"": true, ""G10_OUTCOME_BLIND_SELECTION"": true, ""G11_DATA_QUALITY_PASS"": false, ""G12_NONCONSTANT"": false, ""G13_ENGLISH_FULLTEXT_FORMULA_EVIDENCE"": true, ""G14_INDEPENDENT_SECOND_REVIEW_APPROVAL"": true}","[""G04_REPRODUCIBLE_DEFINITION_AND_OPERATIONALIZATION"", ""G07_CURRENT_DATA_READY"", ""G11_DATA_QUALITY_PASS"", ""G12_NONCONSTANT""]",excluded,RECOVERED_GATE_FAILURE,exact_for_frozen_set_membership_not_original_per_gate_bytes,codex_session_log_nested_membership
EF0018,"{""G01_IN_SCOPE_ROLE"": true, ""G02_ARTICLE_LEVEL"": true, ""G03_PRIMARY_OR_FOUNDATIONAL_EVIDENCE"": false, ""G04_REPRODUCIBLE_DEFINITION_AND_OPERATIONALIZATION"": false, ""G05_PUBLICATION_TIME"": false, ""G06_NO_FUTURE_INFORMATION"": true, ""G07_CURRENT_DATA_READY"": false, ""G08_BIAS_GUARDRAIL"": true, ""G09_NO_FATAL_VALIDITY_CONCERN"": true, ""G10_OUTCOME_BLIND_SELECTION"": true, ""G11_DATA_QUALITY_PASS"": false, ""G12_NONCONSTANT"": false, ""G13_ENGLISH_FULLTEXT_FORMULA_EVIDENCE"": false, ""G14_INDEPENDENT_SECOND_REVIEW_APPROVAL"": false}","[""G03_PRIMARY_OR_FOUNDATIONAL_EVIDENCE"", ""G04_REPRODUCIBLE_DEFINITION_AND_OPERATIONALIZATION"", ""G05_PUBLICATION_TIME"", ""G07_CURRENT_DATA_READY"", ""G11_DATA_QUALITY_PASS"", ""G12_NONCONSTANT"", ""G13_ENGLISH_FULLTEXT_FORMULA_EVIDENCE"", ""G14_INDEPENDENT_SECOND_REVIEW_APPROVAL""]",excluded,RECOVERED_GATE_FAILURE,exact_for_frozen_set_membership_not_original_per_gate_bytes,codex_session_log_nested_membership
EF0019,"{""G01_IN_SCOPE_ROLE"": true, ""G02_ARTICLE_LEVEL"": true, ""G03_PRIMARY_OR_FOUNDATIONAL_EVIDENCE"": true, ""G04_REPRODUCIBLE_DEFINITION_AND_OPERATIONALIZATION"": false, ""G05_PUBLICATION_TIME"": true, ""G06_NO_FUTURE_INFORMATION"": true, ""G07_CURRENT_DATA_READY"": false, ""G08_BIAS_GUARDRAIL"": true, ""G09_NO_FATAL_VALIDITY_CONCERN"": true, ""G10_OUTCOME_BLIND_SELECTION"": true, ""G11_DATA_QUALITY_PASS"": false, ""G12_NONCONSTANT"": false, ""G13_ENGLISH_FULLTEXT_FORMULA_EVIDENCE"": false, ""G14_INDEPENDENT_SECOND_REVIEW_APPROVAL"": false}","[""G04_REPRODUCIBLE_DEFINITION_AND_OPERATIONALIZATION"", ""G07_CURRENT_DATA_READY"", ""G11_DATA_QUALITY_PASS"", ""G12_NONCONSTANT"", ""G13_ENGLISH_FULLTEXT_FORMULA_EVIDENCE"", ""G14_INDEPENDENT_SECOND_REVIEW_APPROVAL""]",excluded,RECOVERED_GATE_FAILURE,exact_for_frozen_set_membership_not_original_per_gate_bytes,codex_session_log_nested_membership
EF0020,"{""G01_IN_SCOPE_ROLE"": true, ""G02_ARTICLE_LEVEL"": true, ""G03_PRIMARY_OR_FOUNDATIONAL_EVIDENCE"": false, ""G04_REPRODUCIBLE_DEFINITION_AND_OPERATIONALIZATION"": false, ""G05_PUBLICATION_TIME"": false, ""G06_NO_FUTURE_INFORMATION"": true, ""G07_CURRENT_DATA_READY"": false, ""G08_BIAS_GUARDRAIL"": true, ""G09_NO_FATAL_VALIDITY_CONCERN"": true, ""G10_OUTCOME_BLIND_SELECTION"": true, ""G11_DATA_QUALITY_PASS"": false, ""G12_NONCONSTANT"": false, ""G13_ENGLISH_FULLTEXT_FORMULA_EVIDENCE"": false, ""G14_INDEPENDENT_SECOND_REVIEW_APPROVAL"": false}","[""G03_PRIMARY_OR_FOUNDATIONAL_EVIDENCE"", ""G04_REPRODUCIBLE_DEFINITION_AND_OPERATIONALIZATION"", ""G05_PUBLICATION_TIME"", ""G07_CURRENT_DATA_READY"", ""G11_DATA_QUALITY_PASS"", ""G12_NONCONSTANT"", ""G13_ENGLISH_FULLTEXT_FORMULA_EVIDENCE"", ""G14_INDEPENDENT_SECOND_REVIEW_APPROVAL""]",excluded,RECOVERED_GATE_FAILURE,exact_for_frozen_set_membership_not_original_per_gate_bytes,codex_session_log_nested_membership
EF0021,"{""G01_IN_SCOPE_ROLE"": true, ""G02_ARTICLE_LEVEL"": true, ""G03_PRIMARY_OR_FOUNDATIONAL_EVIDENCE"": false, ""G04_REPRODUCIBLE_DEFINITION_AND_OPERATIONALIZATION"": false, ""G05_PUBLICATION_TIME"": true, ""G06_NO_FUTURE_INFORMATION"": true, ""G07_CURRENT_DATA_READY"": false, ""G08_BIAS_GUARDRAIL"": true, ""G09_NO_FATAL_VALIDITY_CONCERN"": true, ""G10_OUTCOME_BLIND_SELECTION"": true, ""G11_DATA_QUALITY_PASS"": false, ""G12_NONCONSTANT"": false, ""G13_ENGLISH_FULLTEXT_FORMULA_EVIDENCE"": false, ""G14_INDEPENDENT_SECOND_REVIEW_APPROVAL"": false}","[""G03_PRIMARY_OR_FOUNDATIONAL_EVIDENCE"", ""G04_REPRODUCIBLE_DEFINITION_AND_OPERATIONALIZATION"", ""G07_CURRENT_DATA_READY"", ""G11_DATA_QUALITY_PASS"", ""G12_NONCONSTANT"", ""G13_ENGLISH_FULLTEXT_FORMULA_EVIDENCE"", ""G14_INDEPENDENT_SECOND_REVIEW_APPROVAL""]",excluded,RECOVERED_GATE_FAILURE,exact_for_frozen_set_membership_not_original_per_gate_bytes,codex_session_log_nested_membership
EF0022,"{""G01_IN_SCOPE_ROLE"": true, ""G02_ARTICLE_LEVEL"": true, ""G03_PRIMARY_OR_FOUNDATIONAL_EVIDENCE"": false, ""G04_REPRODUCIBLE_DEFINITION_AND_OPERATIONALIZATION"": false, ""G05_PUBLICATION_TIME"": false, ""G06_NO_FUTURE_INFORMATION"": true, ""G07_CURRENT_DATA_READY"": false, ""G08_BIAS_GUARDRAIL"": true, ""G09_NO_FATAL_VALIDITY_CONCERN"": true, ""G10_OUTCOME_BLIND_SELECTION"": true, ""G11_DATA_QUALITY_PASS"": false, ""G12_NONCONSTANT"": false, ""G13_ENGLISH_FULLTEXT_FORMULA_EVIDENCE"": false, ""G14_INDEPENDENT_SECOND_REVIEW_APPROVAL"": false}","[""G03_PRIMARY_OR_FOUNDATIONAL_EVIDENCE"", ""G04_REPRODUCIBLE_DEFINITION_AND_OPERATIONALIZATION"", ""G05_PUBLICATION_TIME"", ""G07_CURRENT_DATA_READY"", ""G11_DATA_QUALITY_PASS"", ""G12_NONCONSTANT"", ""G13_ENGLISH_FULLTEXT_FORMULA_EVIDENCE"", ""G14_INDEPENDENT_SECOND_REVIEW_APPROVAL""]",excluded,RECOVERED_GATE_FAILURE,exact_for_frozen_set_membership_not_original_per_gate_bytes,codex_session_log_nested_membership
EF0023,"{""G01_IN_SCOPE_ROLE"": true, ""G02_ARTICLE_LEVEL"": true, ""G03_PRIMARY_OR_FOUNDATIONAL_EVIDENCE"": true, ""G04_REPRODUCIBLE_DEFINITION_AND_OPERATIONALIZATION"": false, ""G05_PUBLICATION_TIME"": true, ""G06_NO_FUTURE_INFORMATION"": true, ""G07_CURRENT_DATA_READY"": false, ""G08_BIAS_GUARDRAIL"": true, ""G09_NO_FATAL_VALIDITY_CONCERN"": true, ""G10_OUTCOME_BLIND_SELECTION"": true, ""G11_DATA_QUALITY_PASS"": false, ""G12_NONCONSTANT"": false, ""G13_ENGLISH_FULLTEXT_FORMULA_EVIDENCE"": false, ""G14_INDEPENDENT_SECOND_REVIEW_APPROVAL"": false}","[""G04_REPRODUCIBLE_DEFINITION_AND_OPERATIONALIZATION"", ""G07_CURRENT_DATA_READY"", ""G11_DATA_QUALITY_PASS"", ""G12_NONCONSTANT"", ""G13_ENGLISH_FULLTEXT_FORMULA_EVIDENCE"", ""G14_INDEPENDENT_SECOND_REVIEW_APPROVAL""]",excluded,RECOVERED_GATE_FAILURE,exact_for_frozen_set_membership_not_original_per_gate_bytes,codex_session_log_nested_membership
EF0024,"{""G01_IN_SCOPE_ROLE"": true, ""G02_ARTICLE_LEVEL"": true, ""G03_PRIMARY_OR_FOUNDATIONAL_EVIDENCE"": true, ""G04_REPRODUCIBLE_DEFINITION_AND_OPERATIONALIZATION"": false, ""G05_PUBLICATION_TIME"": true, ""G06_NO_FUTURE_INFORMATION"": true, ""G07_CURRENT_DATA_READY"": false, ""G08_BIAS_GUARDRAIL"": true, ""G09_NO_FATAL_VALIDITY_CONCERN"": true, ""G10_OUTCOME_BLIND_SELECTION"": true, ""G11_DATA_QUALITY_PASS"": false, ""G12_NONCONSTANT"": false, ""G13_ENGLISH_FULLTEXT_FORMULA_EVIDENCE"": false, ""G14_INDEPENDENT_SECOND_REVIEW_APPROVAL"": false}","[""G04_REPRODUCIBLE_DEFINITION_AND_OPERATIONALIZATION"", ""G07_CURRENT_DATA_READY"", ""G11_DATA_QUALITY_PASS"", ""G12_NONCONSTANT"", ""G13_ENGLISH_FULLTEXT_FORMULA_EVIDENCE"", ""G14_INDEPENDENT_SECOND_REVIEW_APPROVAL""]",excluded,RECOVERED_GATE_FAILURE,exact_for_frozen_set_membership_not_original_per_gate_bytes,codex_session_log_nested_membership
EF0025,"{""G01_IN_SCOPE_ROLE"": true, ""G02_ARTICLE_LEVEL"": true, ""G03_PRIMARY_OR_FOUNDATIONAL_EVIDENCE"": false, ""G04_REPRODUCIBLE_DEFINITION_AND_OPERATIONALIZATION"": false, ""G05_PUBLICATION_TIME"": false, ""G06_NO_FUTURE_INFORMATION"": true, ""G07_CURRENT_DATA_READY"": false, ""G08_BIAS_GUARDRAIL"": true, ""G09_NO_FATAL_VALIDITY_CONCERN"": true, ""G10_OUTCOME_BLIND_SELECTION"": true, ""G11_DATA_QUALITY_PASS"": false, ""G12_NONCONSTANT"": false, ""G13_ENGLISH_FULLTEXT_FORMULA_EVIDENCE"": false, ""G14_INDEPENDENT_SECOND_REVIEW_APPROVAL"": false}","[""G03_PRIMARY_OR_FOUNDATIONAL_EVIDENCE"", ""G04_REPRODUCIBLE_DEFINITION_AND_OPERATIONALIZATION"", ""G05_PUBLICATION_TIME"", ""G07_CURRENT_DATA_READY"", ""G11_DATA_QUALITY_PASS"", ""G12_NONCONSTANT"", ""G13_ENGLISH_FULLTEXT_FORMULA_EVIDENCE"", ""G14_INDEPENDENT_SECOND_REVIEW_APPROVAL""]",excluded,RECOVERED_GATE_FAILURE,exact_for_frozen_set_membership_not_original_per_gate_bytes,codex_session_log_nested_membership
EF0026,"{""G01_IN_SCOPE_ROLE"": true, ""G02_ARTICLE_LEVEL"": true, ""G03_PRIMARY_OR_FOUNDATIONAL_EVIDENCE"": false, ""G04_REPRODUCIBLE_DEFINITION_AND_OPERATIONALIZATION"": false, ""G05_PUBLICATION_TIME"": false, ""G06_NO_FUTURE_INFORMATION"": true, ""G07_CURRENT_DATA_READY"": false, ""G08_BIAS_GUARDRAIL"": true, ""G09_NO_FATAL_VALIDITY_CONCERN"": true, ""G10_OUTCOME_BLIND_SELECTION"": true, ""G11_DATA_QUALITY_PASS"": false, ""G12_NONCONSTANT"": false, ""G13_ENGLISH_FULLTEXT_FORMULA_EVIDENCE"": false, ""G14_INDEPENDENT_SECOND_REVIEW_APPROVAL"": false}","[""G03_PRIMARY_OR_FOUNDATIONAL_EVIDENCE"", ""G04_REPRODUCIBLE_DEFINITION_AND_OPERATIONALIZATION"", ""G05_PUBLICATION_TIME"", ""G07_CURRENT_DATA_READY"", ""G11_DATA_QUALITY_PASS"", ""G12_NONCONSTANT"", ""G13_ENGLISH_FULLTEXT_FORMULA_EVIDENCE"", ""G14_INDEPENDENT_SECOND_REVIEW_APPROVAL""]",excluded,RECOVERED_GATE_FAILURE,exact_for_frozen_set_membership_not_original_per_gate_bytes,codex_session_log_nested_membership
EF0027,"{""G01_IN_SCOPE_ROLE"": true, ""G02_ARTICLE_LEVEL"": true, ""G03_PRIMARY_OR_FOUNDATIONAL_EVIDENCE"": true, ""G04_REPRODUCIBLE_DEFINITION_AND_OPERATIONALIZATION"": false, ""G05_PUBLICATION_TIME"": true, ""G06_NO_FUTURE_INFORMATION"": true, ""G07_CURRENT_DATA_READY"": false, ""G08_BIAS_GUARDRAIL"": true, ""G09_NO_FATAL_VALIDITY_CONCERN"": true, ""G10_OUTCOME_BLIND_SELECTION"": true, ""G11_DATA_QUALITY_PASS"": false, ""G12_NONCONSTANT"": false, ""G13_ENGLISH_FULLTEXT_FORMULA_EVIDENCE"": false, ""G14_INDEPENDENT_SECOND_REVIEW_APPROVAL"": false}","[""G04_REPRODUCIBLE_DEFINITION_AND_OPERATIONALIZATION"", ""G07_CURRENT_DATA_READY"", ""G11_DATA_QUALITY_PASS"", ""G12_NONCONSTANT"", ""G13_ENGLISH_FULLTEXT_FORMULA_EVIDENCE"", ""G14_INDEPENDENT_SECOND_REVIEW_APPROVAL""]",excluded,RECOVERED_GATE_FAILURE,exact_for_frozen_set_membership_not_original_per_gate_bytes,codex_session_log_nested_membership
EF0028,"{""G01_IN_SCOPE_ROLE"": true, ""G02_ARTICLE_LEVEL"": true, ""G03_PRIMARY_OR_FOUNDATIONAL_EVIDENCE"": true, ""G04_REPRODUCIBLE_DEFINITION_AND_OPERATIONALIZATION"": false, ""G05_PUBLICATION_TIME"": true, ""G06_NO_FUTURE_INFORMATION"": true, ""G07_CURRENT_DATA_READY"": false, ""G08_BIAS_GUARDRAIL"": true, ""G09_NO_FATAL_VALIDITY_CONCERN"": true, ""G10_OUTCOME_BLIND_SELECTION"": true, ""G11_DATA_QUALITY_PASS"": false, ""G12_NONCONSTANT"": false, ""G13_ENGLISH_FULLTEXT_FORMULA_EVIDENCE"": false, ""G14_INDEPENDENT_SECOND_REVIEW_APPROVAL"": false}","[""G04_REPRODUCIBLE_DEFINITION_AND_OPERATIONALIZATION"", ""G07_CURRENT_DATA_READY"", ""G11_DATA_QUALITY_PASS"", ""G12_NONCONSTANT"", ""G13_ENGLISH_FULLTEXT_FORMULA_EVIDENCE"", ""G14_INDEPENDENT_SECOND_REVIEW_APPROVAL""]",excluded,RECOVERED_GATE_FAILURE,exact_for_frozen_set_membership_not_original_per_gate_bytes,codex_session_log_nested_membership
EF0029,"{""G01_IN_SCOPE_ROLE"": true, ""G02_ARTICLE_LEVEL"": true, ""G03_PRIMARY_OR_FOUNDATIONAL_EVIDENCE"": false, ""G04_REPRODUCIBLE_DEFINITION_AND_OPERATIONALIZATION"": false, ""G05_PUBLICATION_TIME"": false, ""G06_NO_FUTURE_INFORMATION"": true, ""G07_CURRENT_DATA_READY"": false, ""G08_BIAS_GUARDRAIL"": true, ""G09_NO_FATAL_VALIDITY_CONCERN"": true, ""G10_OUTCOME_BLIND_SELECTION"": true, ""G11_DATA_QUALITY_PASS"": false, ""G12_NONCONSTANT"": false, ""G13_ENGLISH_FULLTEXT_FORMULA_EVIDENCE"": false, ""G14_INDEPENDENT_SECOND_REVIEW_APPROVAL"": false}","[""G03_PRIMARY_OR_FOUNDATIONAL_EVIDENCE"", ""G04_REPRODUCIBLE_DEFINITION_AND_OPERATIONALIZATION"", ""G05_PUBLICATION_TIME"", ""G07_CURRENT_DATA_READY"", ""G11_DATA_QUALITY_PASS"", ""G12_NONCONSTANT"", ""G13_ENGLISH_FULLTEXT_FORMULA_EVIDENCE"", ""G14_INDEPENDENT_SECOND_REVIEW_APPROVAL""]",excluded,RECOVERED_GATE_FAILURE,exact_for_frozen_set_membership_not_original_per_gate_bytes,codex_session_log_nested_membership
EF0030,"{""G01_IN_SCOPE_ROLE"": true, ""G02_ARTICLE_LEVEL"": true, ""G03_PRIMARY_OR_FOUNDATIONAL_EVIDENCE"": false, ""G04_REPRODUCIBLE_DEFINITION_AND_OPERATIONALIZATION"": false, ""G05_PUBLICATION_TIME"": false, ""G06_NO_FUTURE_INFORMATION"": true, ""G07_CURRENT_DATA_READY"": false, ""G08_BIAS_GUARDRAIL"": true, ""G09_NO_FATAL_VALIDITY_CONCERN"": true, ""G10_OUTCOME_BLIND_SELECTION"": true, ""G11_DATA_QUALITY_PASS"": false, ""G12_NONCONSTANT"": false, ""G13_ENGLISH_FULLTEXT_FORMULA_EVIDENCE"": false, ""G14_INDEPENDENT_SECOND_REVIEW_APPROVAL"": false}","[""G03_PRIMARY_OR_FOUNDATIONAL_EVIDENCE"", ""G04_REPRODUCIBLE_DEFINITION_AND_OPERATIONALIZATION"", ""G05_PUBLICATION_TIME"", ""G07_CURRENT_DATA_READY"", ""G11_DATA_QUALITY_PASS"", ""G12_NONCONSTANT"", ""G13_ENGLISH_FULLTEXT_FORMULA_EVIDENCE"", ""G14_INDEPENDENT_SECOND_REVIEW_APPROVAL""]",excluded,RECOVERED_GATE_FAILURE,exact_for_frozen_set_membership_not_original_per_gate_bytes,codex_session_log_nested_membership
EF0031,"{""G01_IN_SCOPE_ROLE"": true, ""G02_ARTICLE_LEVEL"": true, ""G03_PRIMARY_OR_FOUNDATIONAL_EVIDENCE"": true, ""G04_REPRODUCIBLE_DEFINITION_AND_OPERATIONALIZATION"": false, ""G05_PUBLICATION_TIME"": true, ""G06_NO_FUTURE_INFORMATION"": true, ""G07_CURRENT_DATA_READY"": false, ""G08_BIAS_GUARDRAIL"": true, ""G09_NO_FATAL_VALIDITY_CONCERN"": true, ""G10_OUTCOME_BLIND_SELECTION"": true, ""G11_DATA_QUALITY_PASS"": false, ""G12_NONCONSTANT"": false, ""G13_ENGLISH_FULLTEXT_FORMULA_EVIDENCE"": false, ""G14_INDEPENDENT_SECOND_REVIEW_APPROVAL"": false}","[""G04_REPRODUCIBLE_DEFINITION_AND_OPERATIONALIZATION"", ""G07_CURRENT_DATA_READY"", ""G11_DATA_QUALITY_PASS"", ""G12_NONCONSTANT"", ""G13_ENGLISH_FULLTEXT_FORMULA_EVIDENCE"", ""G14_INDEPENDENT_SECOND_REVIEW_APPROVAL""]",excluded,RECOVERED_GATE_FAILURE,exact_for_frozen_set_membership_not_original_per_gate_bytes,codex_session_log_nested_membership
EF0032,"{""G01_IN_SCOPE_ROLE"": true, ""G02_ARTICLE_LEVEL"": true, ""G03_PRIMARY_OR_FOUNDATIONAL_EVIDENCE"": false, ""G04_REPRODUCIBLE_DEFINITION_AND_OPERATIONALIZATION"": false, ""G05_PUBLICATION_TIME"": true, ""G06_NO_FUTURE_INFORMATION"": true, ""G07_CURRENT_DATA_READY"": false, ""G08_BIAS_GUARDRAIL"": true, ""G09_NO_FATAL_VALIDITY_CONCERN"": true, ""G10_OUTCOME_BLIND_SELECTION"": true, ""G11_DATA_QUALITY_PASS"": false, ""G12_NONCONSTANT"": false, ""G13_ENGLISH_FULLTEXT_FORMULA_EVIDENCE"": false, ""G14_INDEPENDENT_SECOND_REVIEW_APPROVAL"": false}","[""G03_PRIMARY_OR_FOUNDATIONAL_EVIDENCE"", ""G04_REPRODUCIBLE_DEFINITION_AND_OPERATIONALIZATION"", ""G07_CURRENT_DATA_READY"", ""G11_DATA_QUALITY_PASS"", ""G12_NONCONSTANT"", ""G13_ENGLISH_FULLTEXT_FORMULA_EVIDENCE"", ""G14_INDEPENDENT_SECOND_REVIEW_APPROVAL""]",excluded,RECOVERED_GATE_FAILURE,exact_for_frozen_set_membership_not_original_per_gate_bytes,codex_session_log_nested_membership
EF0033,"{""G01_IN_SCOPE_ROLE"": true, ""G02_ARTICLE_LEVEL"": true, ""G03_PRIMARY_OR_FOUNDATIONAL_EVIDENCE"": true, ""G04_REPRODUCIBLE_DEFINITION_AND_OPERATIONALIZATION"": false, ""G05_PUBLICATION_TIME"": true, ""G06_NO_FUTURE_INFORMATION"": true, ""G07_CURRENT_DATA_READY"": false, ""G08_BIAS_GUARDRAIL"": true, ""G09_NO_FATAL_VALIDITY_CONCERN"": true, ""G10_OUTCOME_BLIND_SELECTION"": true, ""G11_DATA_QUALITY_PASS"": false, ""G12_NONCONSTANT"": false, ""G13_ENGLISH_FULLTEXT_FORMULA_EVIDENCE"": false, ""G14_INDEPENDENT_SECOND_REVIEW_APPROVAL"": false}","[""G04_REPRODUCIBLE_DEFINITION_AND_OPERATIONALIZATION"", ""G07_CURRENT_DATA_READY"", ""G11_DATA_QUALITY_PASS"", ""G12_NONCONSTANT"", ""G13_ENGLISH_FULLTEXT_FORMULA_EVIDENCE"", ""G14_INDEPENDENT_SECOND_REVIEW_APPROVAL""]",excluded,RECOVERED_GATE_FAILURE,exact_for_frozen_set_membership_not_original_per_gate_bytes,codex_session_log_nested_membership
EF0034,"{""G01_IN_SCOPE_ROLE"": true, ""G02_ARTICLE_LEVEL"": true, ""G03_PRIMARY_OR_FOUNDATIONAL_EVIDENCE"": true, ""G04_REPRODUCIBLE_DEFINITION_AND_OPERATIONALIZATION"": false, ""G05_PUBLICATION_TIME"": true, ""G06_NO_FUTURE_INFORMATION"": true, ""G07_CURRENT_DATA_READY"": false, ""G08_BIAS_GUARDRAIL"": true, ""G09_NO_FATAL_VALIDITY_CONCERN"": true, ""G10_OUTCOME_BLIND_SELECTION"": true, ""G11_DATA_QUALITY_PASS"": false, ""G12_NONCONSTANT"": false, ""G13_ENGLISH_FULLTEXT_FORMULA_EVIDENCE"": false, ""G14_INDEPENDENT_SECOND_REVIEW_APPROVAL"": false}","[""G04_REPRODUCIBLE_DEFINITION_AND_OPERATIONALIZATION"", ""G07_CURRENT_DATA_READY"", ""G11_DATA_QUALITY_PASS"", ""G12_NONCONSTANT"", ""G13_ENGLISH_FULLTEXT_FORMULA_EVIDENCE"", ""G14_INDEPENDENT_SECOND_REVIEW_APPROVAL""]",excluded,RECOVERED_GATE_FAILURE,exact_for_frozen_set_membership_not_original_per_gate_bytes,codex_session_log_nested_membership
EF0035,"{""G01_IN_SCOPE_ROLE"": true, ""G02_ARTICLE_LEVEL"": true, ""G03_PRIMARY_OR_FOUNDATIONAL_EVIDENCE"": false, ""G04_REPRODUCIBLE_DEFINITION_AND_OPERATIONALIZATION"": false, ""G05_PUBLICATION_TIME"": false, ""G06_NO_FUTURE_INFORMATION"": true, ""G07_CURRENT_DATA_READY"": false, ""G08_BIAS_GUARDRAIL"": true, ""G09_NO_FATAL_VALIDITY_CONCERN"": true, ""G10_OUTCOME_BLIND_SELECTION"": true, ""G11_DATA_QUALITY_PASS"": false, ""G12_NONCONSTANT"": false, ""G13_ENGLISH_FULLTEXT_FORMULA_EVIDENCE"": false, ""G14_INDEPENDENT_SECOND_REVIEW_APPROVAL"": false}","[""G03_PRIMARY_OR_FOUNDATIONAL_EVIDENCE"", ""G04_REPRODUCIBLE_DEFINITION_AND_OPERATIONALIZATION"", ""G05_PUBLICATION_TIME"", ""G07_CURRENT_DATA_READY"", ""G11_DATA_QUALITY_PASS"", ""G12_NONCONSTANT"", ""G13_ENGLISH_FULLTEXT_FORMULA_EVIDENCE"", ""G14_INDEPENDENT_SECOND_REVIEW_APPROVAL""]",excluded,RECOVERED_GATE_FAILURE,exact_for_frozen_set_membership_not_original_per_gate_bytes,codex_session_log_nested_membership
EF0036,"{""G01_IN_SCOPE_ROLE"": true, ""G02_ARTICLE_LEVEL"": true, ""G03_PRIMARY_OR_FOUNDATIONAL_EVIDENCE"": false, ""G04_REPRODUCIBLE_DEFINITION_AND_OPERATIONALIZATION"": false, ""G05_PUBLICATION_TIME"": false, ""G06_NO_FUTURE_INFORMATION"": true, ""G07_CURRENT_DATA_READY"": false, ""G08_BIAS_GUARDRAIL"": true, ""G09_NO_FATAL_VALIDITY_CONCERN"": true, ""G10_OUTCOME_BLIND_SELECTION"": true, ""G11_DATA_QUALITY_PASS"": false, ""G12_NONCONSTANT"": false, ""G13_ENGLISH_FULLTEXT_FORMULA_EVIDENCE"": false, ""G14_INDEPENDENT_SECOND_REVIEW_APPROVAL"": false}","[""G03_PRIMARY_OR_FOUNDATIONAL_EVIDENCE"", ""G04_REPRODUCIBLE_DEFINITION_AND_OPERATIONALIZATION"", ""G05_PUBLICATION_TIME"", ""G07_CURRENT_DATA_READY"", ""G11_DATA_QUALITY_PASS"", ""G12_NONCONSTANT"", ""G13_ENGLISH_FULLTEXT_FORMULA_EVIDENCE"", ""G14_INDEPENDENT_SECOND_REVIEW_APPROVAL""]",excluded,RECOVERED_GATE_FAILURE,exact_for_frozen_set_membership_not_original_per_gate_bytes,codex_session_log_nested_membership
EF0037,"{""G01_IN_SCOPE_ROLE"": true, ""G02_ARTICLE_LEVEL"": true, ""G03_PRIMARY_OR_FOUNDATIONAL_EVIDENCE"": true, ""G04_REPRODUCIBLE_DEFINITION_AND_OPERATIONALIZATION"": false, ""G05_PUBLICATION_TIME"": true, ""G06_NO_FUTURE_INFORMATION"": true, ""G07_CURRENT_DATA_READY"": false, ""G08_BIAS_GUARDRAIL"": true, ""G09_NO_FATAL_VALIDITY_CONCERN"": true, ""G10_OUTCOME_BLIND_SELECTION"": true, ""G11_DATA_QUALITY_PASS"": false, ""G12_NONCONSTANT"": false, ""G13_ENGLISH_FULLTEXT_FORMULA_EVIDENCE"": false, ""G14_INDEPENDENT_SECOND_REVIEW_APPROVAL"": false}","[""G04_REPRODUCIBLE_DEFINITION_AND_OPERATIONALIZATION"", ""G07_CURRENT_DATA_READY"", ""G11_DATA_QUALITY_PASS"", ""G12_NONCONSTANT"", ""G13_ENGLISH_FULLTEXT_FORMULA_EVIDENCE"", ""G14_INDEPENDENT_SECOND_REVIEW_APPROVAL""]",excluded,RECOVERED_GATE_FAILURE,exact_for_frozen_set_membership_not_original_per_gate_bytes,codex_session_log_nested_membership
EF0038,"{""G01_IN_SCOPE_ROLE"": true, ""G02_ARTICLE_LEVEL"": true, ""G03_PRIMARY_OR_FOUNDATIONAL_EVIDENCE"": true, ""G04_REPRODUCIBLE_DEFINITION_AND_OPERATIONALIZATION"": true, ""G05_PUBLICATION_TIME"": true, ""G06_NO_FUTURE_INFORMATION"": true, ""G07_CURRENT_DATA_READY"": true, ""G08_BIAS_GUARDRAIL"": true, ""G09_NO_FATAL_VALIDITY_CONCERN"": true, ""G10_OUTCOME_BLIND_SELECTION"": true, ""G11_DATA_QUALITY_PASS"": true, ""G12_NONCONSTANT"": true, ""G13_ENGLISH_FULLTEXT_FORMULA_EVIDENCE"": true, ""G14_INDEPENDENT_SECOND_REVIEW_APPROVAL"": true}",[],t0_opportunity,PASS,exact_for_frozen_set_membership_not_original_per_gate_bytes,codex_session_log_nested_membership
EF0039,"{""G01_IN_SCOPE_ROLE"": true, ""G02_ARTICLE_LEVEL"": true, ""G03_PRIMARY_OR_FOUNDATIONAL_EVIDENCE"": true, ""G04_REPRODUCIBLE_DEFINITION_AND_OPERATIONALIZATION"": false, ""G05_PUBLICATION_TIME"": true, ""G06_NO_FUTURE_INFORMATION"": true, ""G07_CURRENT_DATA_READY"": false, ""G08_BIAS_GUARDRAIL"": true, ""G09_NO_FATAL_VALIDITY_CONCERN"": true, ""G10_OUTCOME_BLIND_SELECTION"": true, ""G11_DATA_QUALITY_PASS"": false, ""G12_NONCONSTANT"": false, ""G13_ENGLISH_FULLTEXT_FORMULA_EVIDENCE"": false, ""G14_INDEPENDENT_SECOND_REVIEW_APPROVAL"": false}","[""G04_REPRODUCIBLE_DEFINITION_AND_OPERATIONALIZATION"", ""G07_CURRENT_DATA_READY"", ""G11_DATA_QUALITY_PASS"", ""G12_NONCONSTANT"", ""G13_ENGLISH_FULLTEXT_FORMULA_EVIDENCE"", ""G14_INDEPENDENT_SECOND_REVIEW_APPROVAL""]",excluded,RECOVERED_GATE_FAILURE,exact_for_frozen_set_membership_not_original_per_gate_bytes,codex_session_log_nested_membership
EF0040,"{""G01_IN_SCOPE_ROLE"": true, ""G02_ARTICLE_LEVEL"": true, ""G03_PRIMARY_OR_FOUNDATIONAL_EVIDENCE"": true, ""G04_REPRODUCIBLE_DEFINITION_AND_OPERATIONALIZATION"": false, ""G05_PUBLICATION_TIME"": true, ""G06_NO_FUTURE_INFORMATION"": true, ""G07_CURRENT_DATA_READY"": false, ""G08_BIAS_GUARDRAIL"": true, ""G09_NO_FATAL_VALIDITY_CONCERN"": true, ""G10_OUTCOME_BLIND_SELECTION"": true, ""G11_DATA_QUALITY_PASS"": false, ""G12_NONCONSTANT"": false, ""G13_ENGLISH_FULLTEXT_FORMULA_EVIDENCE"": false, ""G14_INDEPENDENT_SECOND_REVIEW_APPROVAL"": false}","[""G04_REPRODUCIBLE_DEFINITION_AND_OPERATIONALIZATION"", ""G07_CURRENT_DATA_READY"", ""G11_DATA_QUALITY_PASS"", ""G12_NONCONSTANT"", ""G13_ENGLISH_FULLTEXT_FORMULA_EVIDENCE"", ""G14_INDEPENDENT_SECOND_REVIEW_APPROVAL""]",excluded,RECOVERED_GATE_FAILURE,exact_for_frozen_set_membership_not_original_per_gate_bytes,codex_session_log_nested_membership
EF0041,"{""G01_IN_SCOPE_ROLE"": true, ""G02_ARTICLE_LEVEL"": true, ""G03_PRIMARY_OR_FOUNDATIONAL_EVIDENCE"": false, ""G04_REPRODUCIBLE_DEFINITION_AND_OPERATIONALIZATION"": false, ""G05_PUBLICATION_TIME"": false, ""G06_NO_FUTURE_INFORMATION"": true, ""G07_CURRENT_DATA_READY"": false, ""G08_BIAS_GUARDRAIL"": true, ""G09_NO_FATAL_VALIDITY_CONCERN"": true, ""G10_OUTCOME_BLIND_SELECTION"": true, ""G11_DATA_QUALITY_PASS"": false, ""G12_NONCONSTANT"": false, ""G13_ENGLISH_FULLTEXT_FORMULA_EVIDENCE"": false, ""G14_INDEPENDENT_SECOND_REVIEW_APPROVAL"": false}","[""G03_PRIMARY_OR_FOUNDATIONAL_EVIDENCE"", ""G04_REPRODUCIBLE_DEFINITION_AND_OPERATIONALIZATION"", ""G05_PUBLICATION_TIME"", ""G07_CURRENT_DATA_READY"", ""G11_DATA_QUALITY_PASS"", ""G12_NONCONSTANT"", ""G13_ENGLISH_FULLTEXT_FORMULA_EVIDENCE"", ""G14_INDEPENDENT_SECOND_REVIEW_APPROVAL""]",excluded,RECOVERED_GATE_FAILURE,exact_for_frozen_set_membership_not_original_per_gate_bytes,codex_session_log_nested_membership
EF0042,"{""G01_IN_SCOPE_ROLE"": true, ""G02_ARTICLE_LEVEL"": true, ""G03_PRIMARY_OR_FOUNDATIONAL_EVIDENCE"": true, ""G04_REPRODUCIBLE_DEFINITION_AND_OPERATIONALIZATION"": false, ""G05_PUBLICATION_TIME"": true, ""G06_NO_FUTURE_INFORMATION"": true, ""G07_CURRENT_DATA_READY"": false, ""G08_BIAS_GUARDRAIL"": true, ""G09_NO_FATAL_VALIDITY_CONCERN"": true, ""G10_OUTCOME_BLIND_SELECTION"": true, ""G11_DATA_QUALITY_PASS"": false, ""G12_NONCONSTANT"": false, ""G13_ENGLISH_FULLTEXT_FORMULA_EVIDENCE"": false, ""G14_INDEPENDENT_SECOND_REVIEW_APPROVAL"": false}","[""G04_REPRODUCIBLE_DEFINITION_AND_OPERATIONALIZATION"", ""G07_CURRENT_DATA_READY"", ""G11_DATA_QUALITY_PASS"", ""G12_NONCONSTANT"", ""G13_ENGLISH_FULLTEXT_FORMULA_EVIDENCE"", ""G14_INDEPENDENT_SECOND_REVIEW_APPROVAL""]",excluded,RECOVERED_GATE_FAILURE,exact_for_frozen_set_membership_not_original_per_gate_bytes,codex_session_log_nested_membership
EF0043,"{""G01_IN_SCOPE_ROLE"": true, ""G02_ARTICLE_LEVEL"": true, ""G03_PRIMARY_OR_FOUNDATIONAL_EVIDENCE"": true, ""G04_REPRODUCIBLE_DEFINITION_AND_OPERATIONALIZATION"": false, ""G05_PUBLICATION_TIME"": true, ""G06_NO_FUTURE_INFORMATION"": true, ""G07_CURRENT_DATA_READY"": false, ""G08_BIAS_GUARDRAIL"": true, ""G09_NO_FATAL_VALIDITY_CONCERN"": true, ""G10_OUTCOME_BLIND_SELECTION"": true, ""G11_DATA_QUALITY_PASS"": false, ""G12_NONCONSTANT"": false, ""G13_ENGLISH_FULLTEXT_FORMULA_EVIDENCE"": false, ""G14_INDEPENDENT_SECOND_REVIEW_APPROVAL"": false}","[""G04_REPRODUCIBLE_DEFINITION_AND_OPERATIONALIZATION"", ""G07_CURRENT_DATA_READY"", ""G11_DATA_QUALITY_PASS"", ""G12_NONCONSTANT"", ""G13_ENGLISH_FULLTEXT_FORMULA_EVIDENCE"", ""G14_INDEPENDENT_SECOND_REVIEW_APPROVAL""]",excluded,RECOVERED_GATE_FAILURE,exact_for_frozen_set_membership_not_original_per_gate_bytes,codex_session_log_nested_membership
EF0044,"{""G01_IN_SCOPE_ROLE"": true, ""G02_ARTICLE_LEVEL"": true, ""G03_PRIMARY_OR_FOUNDATIONAL_EVIDENCE"": true, ""G04_REPRODUCIBLE_DEFINITION_AND_OPERATIONALIZATION"": false, ""G05_PUBLICATION_TIME"": true, ""G06_NO_FUTURE_INFORMATION"": true, ""G07_CURRENT_DATA_READY"": false, ""G08_BIAS_GUARDRAIL"": true, ""G09_NO_FATAL_VALIDITY_CONCERN"": true, ""G10_OUTCOME_BLIND_SELECTION"": true, ""G11_DATA_QUALITY_PASS"": false, ""G12_NONCONSTANT"": false, ""G13_ENGLISH_FULLTEXT_FORMULA_EVIDENCE"": false, ""G14_INDEPENDENT_SECOND_REVIEW_APPROVAL"": false}","[""G04_REPRODUCIBLE_DEFINITION_AND_OPERATIONALIZATION"", ""G07_CURRENT_DATA_READY"", ""G11_DATA_QUALITY_PASS"", ""G12_NONCONSTANT"", ""G13_ENGLISH_FULLTEXT_FORMULA_EVIDENCE"", ""G14_INDEPENDENT_SECOND_REVIEW_APPROVAL""]",excluded,RECOVERED_GATE_FAILURE,exact_for_frozen_set_membership_not_original_per_gate_bytes,codex_session_log_nested_membership
EF0045,"{""G01_IN_SCOPE_ROLE"": true, ""G02_ARTICLE_LEVEL"": true, ""G03_PRIMARY_OR_FOUNDATIONAL_EVIDENCE"": true, ""G04_REPRODUCIBLE_DEFINITION_AND_OPERATIONALIZATION"": false, ""G05_PUBLICATION_TIME"": true, ""G06_NO_FUTURE_INFORMATION"": true, ""G07_CURRENT_DATA_READY"": false, ""G08_BIAS_GUARDRAIL"": true, ""G09_NO_FATAL_VALIDITY_CONCERN"": true, ""G10_OUTCOME_BLIND_SELECTION"": true, ""G11_DATA_QUALITY_PASS"": false, ""G12_NONCONSTANT"": false, ""G13_ENGLISH_FULLTEXT_FORMULA_EVIDENCE"": false, ""G14_INDEPENDENT_SECOND_REVIEW_APPROVAL"": false}","[""G04_REPRODUCIBLE_DEFINITION_AND_OPERATIONALIZATION"", ""G07_CURRENT_DATA_READY"", ""G11_DATA_QUALITY_PASS"", ""G12_NONCONSTANT"", ""G13_ENGLISH_FULLTEXT_FORMULA_EVIDENCE"", ""G14_INDEPENDENT_SECOND_REVIEW_APPROVAL""]",excluded,RECOVERED_GATE_FAILURE,exact_for_frozen_set_membership_not_original_per_gate_bytes,codex_session_log_nested_membership
EF0046,"{""G01_IN_SCOPE_ROLE"": true, ""G02_ARTICLE_LEVEL"": true, ""G03_PRIMARY_OR_FOUNDATIONAL_EVIDENCE"": true, ""G04_REPRODUCIBLE_DEFINITION_AND_OPERATIONALIZATION"": false, ""G05_PUBLICATION_TIME"": true, ""G06_NO_FUTURE_INFORMATION"": true, ""G07_CURRENT_DATA_READY"": false, ""G08_BIAS_GUARDRAIL"": true, ""G09_NO_FATAL_VALIDITY_CONCERN"": true, ""G10_OUTCOME_BLIND_SELECTION"": true, ""G11_DATA_QUALITY_PASS"": false, ""G12_NONCONSTANT"": false, ""G13_ENGLISH_FULLTEXT_FORMULA_EVIDENCE"": false, ""G14_INDEPENDENT_SECOND_REVIEW_APPROVAL"": false}","[""G04_REPRODUCIBLE_DEFINITION_AND_OPERATIONALIZATION"", ""G07_CURRENT_DATA_READY"", ""G11_DATA_QUALITY_PASS"", ""G12_NONCONSTANT"", ""G13_ENGLISH_FULLTEXT_FORMULA_EVIDENCE"", ""G14_INDEPENDENT_SECOND_REVIEW_APPROVAL""]",excluded,RECOVERED_GATE_FAILURE,exact_for_frozen_set_membership_not_original_per_gate_bytes,codex_session_log_nested_membership
EF0047,"{""G01_IN_SCOPE_ROLE"": true, ""G02_ARTICLE_LEVEL"": true, ""G03_PRIMARY_OR_FOUNDATIONAL_EVIDENCE"": false, ""G04_REPRODUCIBLE_DEFINITION_AND_OPERATIONALIZATION"": false, ""G05_PUBLICATION_TIME"": false, ""G06_NO_FUTURE_INFORMATION"": true, ""G07_CURRENT_DATA_READY"": false, ""G08_BIAS_GUARDRAIL"": true, ""G09_NO_FATAL_VALIDITY_CONCERN"": true, ""G10_OUTCOME_BLIND_SELECTION"": true, ""G11_DATA_QUALITY_PASS"": false, ""G12_NONCONSTANT"": false, ""G13_ENGLISH_FULLTEXT_FORMULA_EVIDENCE"": false, ""G14_INDEPENDENT_SECOND_REVIEW_APPROVAL"": false}","[""G03_PRIMARY_OR_FOUNDATIONAL_EVIDENCE"", ""G04_REPRODUCIBLE_DEFINITION_AND_OPERATIONALIZATION"", ""G05_PUBLICATION_TIME"", ""G07_CURRENT_DATA_READY"", ""G11_DATA_QUALITY_PASS"", ""G12_NONCONSTANT"", ""G13_ENGLISH_FULLTEXT_FORMULA_EVIDENCE"", ""G14_INDEPENDENT_SECOND_REVIEW_APPROVAL""]",excluded,RECOVERED_GATE_FAILURE,exact_for_frozen_set_membership_not_original_per_gate_bytes,codex_session_log_nested_membership
EF0048,"{""G01_IN_SCOPE_ROLE"": true, ""G02_ARTICLE_LEVEL"": true, ""G03_PRIMARY_OR_FOUNDATIONAL_EVIDENCE"": true, ""G04_REPRODUCIBLE_DEFINITION_AND_OPERATIONALIZATION"": false, ""G05_PUBLICATION_TIME"": true, ""G06_NO_FUTURE_INFORMATION"": true, ""G07_CURRENT_DATA_READY"": false, ""G08_BIAS_GUARDRAIL"": true, ""G09_NO_FATAL_VALIDITY_CONCERN"": true, ""G10_OUTCOME_BLIND_SELECTION"": true, ""G11_DATA_QUALITY_PASS"": false, ""G12_NONCONSTANT"": false, ""G13_ENGLISH_FULLTEXT_FORMULA_EVIDENCE"": false, ""G14_INDEPENDENT_SECOND_REVIEW_APPROVAL"": false}","[""G04_REPRODUCIBLE_DEFINITION_AND_OPERATIONALIZATION"", ""G07_CURRENT_DATA_READY"", ""G11_DATA_QUALITY_PASS"", ""G12_NONCONSTANT"", ""G13_ENGLISH_FULLTEXT_FORMULA_EVIDENCE"", ""G14_INDEPENDENT_SECOND_REVIEW_APPROVAL""]",excluded,RECOVERED_GATE_FAILURE,exact_for_frozen_set_membership_not_original_per_gate_bytes,codex_session_log_nested_membership
EF0049,"{""G01_IN_SCOPE_ROLE"": true, ""G02_ARTICLE_LEVEL"": true, ""G03_PRIMARY_OR_FOUNDATIONAL_EVIDENCE"": true, ""G04_REPRODUCIBLE_DEFINITION_AND_OPERATIONALIZATION"": false, ""G05_PUBLICATION_TIME"": true, ""G06_NO_FUTURE_INFORMATION"": true, ""G07_CURRENT_DATA_READY"": false, ""G08_BIAS_GUARDRAIL"": true, ""G09_NO_FATAL_VALIDITY_CONCERN"": true, ""G10_OUTCOME_BLIND_SELECTION"": true, ""G11_DATA_QUALITY_PASS"": false, ""G12_NONCONSTANT"": false, ""G13_ENGLISH_FULLTEXT_FORMULA_EVIDENCE"": false, ""G14_INDEPENDENT_SECOND_REVIEW_APPROVAL"": false}","[""G04_REPRODUCIBLE_DEFINITION_AND_OPERATIONALIZATION"", ""G07_CURRENT_DATA_READY"", ""G11_DATA_QUALITY_PASS"", ""G12_NONCONSTANT"", ""G13_ENGLISH_FULLTEXT_FORMULA_EVIDENCE"", ""G14_INDEPENDENT_SECOND_REVIEW_APPROVAL""]",excluded,RECOVERED_GATE_FAILURE,exact_for_frozen_set_membership_not_original_per_gate_bytes,codex_session_log_nested_membership
EF0050,"{""G01_IN_SCOPE_ROLE"": true, ""G02_ARTICLE_LEVEL"": true, ""G03_PRIMARY_OR_FOUNDATIONAL_EVIDENCE"": true, ""G04_REPRODUCIBLE_DEFINITION_AND_OPERATIONALIZATION"": false, ""G05_PUBLICATION_TIME"": true, ""G06_NO_FUTURE_INFORMATION"": true, ""G07_CURRENT_DATA_READY"": false, ""G08_BIAS_GUARDRAIL"": true, ""G09_NO_FATAL_VALIDITY_CONCERN"": true, ""G10_OUTCOME_BLIND_SELECTION"": true, ""G11_DATA_QUALITY_PASS"": false, ""G12_NONCONSTANT"": false, ""G13_ENGLISH_FULLTEXT_FORMULA_EVIDENCE"": false, ""G14_INDEPENDENT_SECOND_REVIEW_APPROVAL"": false}","[""G04_REPRODUCIBLE_DEFINITION_AND_OPERATIONALIZATION"", ""G07_CURRENT_DATA_READY"", ""G11_DATA_QUALITY_PASS"", ""G12_NONCONSTANT"", ""G13_ENGLISH_FULLTEXT_FORMULA_EVIDENCE"", ""G14_INDEPENDENT_SECOND_REVIEW_APPROVAL""]",excluded,RECOVERED_GATE_FAILURE,exact_for_frozen_set_membership_not_original_per_gate_bytes,codex_session_log_nested_membership
EF0051,"{""G01_IN_SCOPE_ROLE"": true, ""G02_ARTICLE_LEVEL"": true, ""G03_PRIMARY_OR_FOUNDATIONAL_EVIDENCE"": true, ""G04_REPRODUCIBLE_DEFINITION_AND_OPERATIONALIZATION"": false, ""G05_PUBLICATION_TIME"": true, ""G06_NO_FUTURE_INFORMATION"": true, ""G07_CURRENT_DATA_READY"": false, ""G08_BIAS_GUARDRAIL"": true, ""G09_NO_FATAL_VALIDITY_CONCERN"": true, ""G10_OUTCOME_BLIND_SELECTION"": true, ""G11_DATA_QUALITY_PASS"": false, ""G12_NONCONSTANT"": false, ""G13_ENGLISH_FULLTEXT_FORMULA_EVIDENCE"": false, ""G14_INDEPENDENT_SECOND_REVIEW_APPROVAL"": false}","[""G04_REPRODUCIBLE_DEFINITION_AND_OPERATIONALIZATION"", ""G07_CURRENT_DATA_READY"", ""G11_DATA_QUALITY_PASS"", ""G12_NONCONSTANT"", ""G13_ENGLISH_FULLTEXT_FORMULA_EVIDENCE"", ""G14_INDEPENDENT_SECOND_REVIEW_APPROVAL""]",excluded,RECOVERED_GATE_FAILURE,exact_for_frozen_set_membership_not_original_per_gate_bytes,codex_session_log_nested_membership
EF0052,"{""G01_IN_SCOPE_ROLE"": true, ""G02_ARTICLE_LEVEL"": true, ""G03_PRIMARY_OR_FOUNDATIONAL_EVIDENCE"": true, ""G04_REPRODUCIBLE_DEFINITION_AND_OPERATIONALIZATION"": false, ""G05_PUBLICATION_TIME"": true, ""G06_NO_FUTURE_INFORMATION"": true, ""G07_CURRENT_DATA_READY"": false, ""G08_BIAS_GUARDRAIL"": true, ""G09_NO_FATAL_VALIDITY_CONCERN"": true, ""G10_OUTCOME_BLIND_SELECTION"": true, ""G11_DATA_QUALITY_PASS"": false, ""G12_NONCONSTANT"": false, ""G13_ENGLISH_FULLTEXT_FORMULA_EVIDENCE"": true, ""G14_INDEPENDENT_SECOND_REVIEW_APPROVAL"": true}","[""G04_REPRODUCIBLE_DEFINITION_AND_OPERATIONALIZATION"", ""G07_CURRENT_DATA_READY"", ""G11_DATA_QUALITY_PASS"", ""G12_NONCONSTANT""]",excluded,RECOVERED_GATE_FAILURE,exact_for_frozen_set_membership_not_original_per_gate_bytes,codex_session_log_nested_membership
EF0053,"{""G01_IN_SCOPE_ROLE"": true, ""G02_ARTICLE_LEVEL"": true, ""G03_PRIMARY_OR_FOUNDATIONAL_EVIDENCE"": false, ""G04_REPRODUCIBLE_DEFINITION_AND_OPERATIONALIZATION"": false, ""G05_PUBLICATION_TIME"": false, ""G06_NO_FUTURE_INFORMATION"": true, ""G07_CURRENT_DATA_READY"": false, ""G08_BIAS_GUARDRAIL"": true, ""G09_NO_FATAL_VALIDITY_CONCERN"": true, ""G10_OUTCOME_BLIND_SELECTION"": true, ""G11_DATA_QUALITY_PASS"": false, ""G12_NONCONSTANT"": false, ""G13_ENGLISH_FULLTEXT_FORMULA_EVIDENCE"": false, ""G14_INDEPENDENT_SECOND_REVIEW_APPROVAL"": false}","[""G03_PRIMARY_OR_FOUNDATIONAL_EVIDENCE"", ""G04_REPRODUCIBLE_DEFINITION_AND_OPERATIONALIZATION"", ""G05_PUBLICATION_TIME"", ""G07_CURRENT_DATA_READY"", ""G11_DATA_QUALITY_PASS"", ""G12_NONCONSTANT"", ""G13_ENGLISH_FULLTEXT_FORMULA_EVIDENCE"", ""G14_INDEPENDENT_SECOND_REVIEW_APPROVAL""]",excluded,RECOVERED_GATE_FAILURE,exact_for_frozen_set_membership_not_original_per_gate_bytes,codex_session_log_nested_membership
EF0054,"{""G01_IN_SCOPE_ROLE"": true, ""G02_ARTICLE_LEVEL"": true, ""G03_PRIMARY_OR_FOUNDATIONAL_EVIDENCE"": false, ""G04_REPRODUCIBLE_DEFINITION_AND_OPERATIONALIZATION"": false, ""G05_PUBLICATION_TIME"": false, ""G06_NO_FUTURE_INFORMATION"": true, ""G07_CURRENT_DATA_READY"": false, ""G08_BIAS_GUARDRAIL"": true, ""G09_NO_FATAL_VALIDITY_CONCERN"": true, ""G10_OUTCOME_BLIND_SELECTION"": true, ""G11_DATA_QUALITY_PASS"": false, ""G12_NONCONSTANT"": false, ""G13_ENGLISH_FULLTEXT_FORMULA_EVIDENCE"": false, ""G14_INDEPENDENT_SECOND_REVIEW_APPROVAL"": false}","[""G03_PRIMARY_OR_FOUNDATIONAL_EVIDENCE"", ""G04_REPRODUCIBLE_DEFINITION_AND_OPERATIONALIZATION"", ""G05_PUBLICATION_TIME"", ""G07_CURRENT_DATA_READY"", ""G11_DATA_QUALITY_PASS"", ""G12_NONCONSTANT"", ""G13_ENGLISH_FULLTEXT_FORMULA_EVIDENCE"", ""G14_INDEPENDENT_SECOND_REVIEW_APPROVAL""]",excluded,RECOVERED_GATE_FAILURE,exact_for_frozen_set_membership_not_original_per_gate_bytes,codex_session_log_nested_membership
EF0055,"{""G01_IN_SCOPE_ROLE"": true, ""G02_ARTICLE_LEVEL"": true, ""G03_PRIMARY_OR_FOUNDATIONAL_EVIDENCE"": false, ""G04_REPRODUCIBLE_DEFINITION_AND_OPERATIONALIZATION"": false, ""G05_PUBLICATION_TIME"": false, ""G06_NO_FUTURE_INFORMATION"": true, ""G07_CURRENT_DATA_READY"": false, ""G08_BIAS_GUARDRAIL"": true, ""G09_NO_FATAL_VALIDITY_CONCERN"": true, ""G10_OUTCOME_BLIND_SELECTION"": true, ""G11_DATA_QUALITY_PASS"": false, ""G12_NONCONSTANT"": false, ""G13_ENGLISH_FULLTEXT_FORMULA_EVIDENCE"": false, ""G14_INDEPENDENT_SECOND_REVIEW_APPROVAL"": false}","[""G03_PRIMARY_OR_FOUNDATIONAL_EVIDENCE"", ""G04_REPRODUCIBLE_DEFINITION_AND_OPERATIONALIZATION"", ""G05_PUBLICATION_TIME"", ""G07_CURRENT_DATA_READY"", ""G11_DATA_QUALITY_PASS"", ""G12_NONCONSTANT"", ""G13_ENGLISH_FULLTEXT_FORMULA_EVIDENCE"", ""G14_INDEPENDENT_SECOND_REVIEW_APPROVAL""]",excluded,RECOVERED_GATE_FAILURE,exact_for_frozen_set_membership_not_original_per_gate_bytes,codex_session_log_nested_membership
EF0056,"{""G01_IN_SCOPE_ROLE"": true, ""G02_ARTICLE_LEVEL"": true, ""G03_PRIMARY_OR_FOUNDATIONAL_EVIDENCE"": false, ""G04_REPRODUCIBLE_DEFINITION_AND_OPERATIONALIZATION"": false, ""G05_PUBLICATION_TIME"": false, ""G06_NO_FUTURE_INFORMATION"": true, ""G07_CURRENT_DATA_READY"": false, ""G08_BIAS_GUARDRAIL"": true, ""G09_NO_FATAL_VALIDITY_CONCERN"": true, ""G10_OUTCOME_BLIND_SELECTION"": true, ""G11_DATA_QUALITY_PASS"": false, ""G12_NONCONSTANT"": false, ""G13_ENGLISH_FULLTEXT_FORMULA_EVIDENCE"": false, ""G14_INDEPENDENT_SECOND_REVIEW_APPROVAL"": false}","[""G03_PRIMARY_OR_FOUNDATIONAL_EVIDENCE"", ""G04_REPRODUCIBLE_DEFINITION_AND_OPERATIONALIZATION"", ""G05_PUBLICATION_TIME"", ""G07_CURRENT_DATA_READY"", ""G11_DATA_QUALITY_PASS"", ""G12_NONCONSTANT"", ""G13_ENGLISH_FULLTEXT_FORMULA_EVIDENCE"", ""G14_INDEPENDENT_SECOND_REVIEW_APPROVAL""]",excluded,RECOVERED_GATE_FAILURE,exact_for_frozen_set_membership_not_original_per_gate_bytes,codex_session_log_nested_membership
EF0057,"{""G01_IN_SCOPE_ROLE"": true, ""G02_ARTICLE_LEVEL"": true, ""G03_PRIMARY_OR_FOUNDATIONAL_EVIDENCE"": false, ""G04_REPRODUCIBLE_DEFINITION_AND_OPERATIONALIZATION"": false, ""G05_PUBLICATION_TIME"": true, ""G06_NO_FUTURE_INFORMATION"": true, ""G07_CURRENT_DATA_READY"": false, ""G08_BIAS_GUARDRAIL"": true, ""G09_NO_FATAL_VALIDITY_CONCERN"": true, ""G10_OUTCOME_BLIND_SELECTION"": true, ""G11_DATA_QUALITY_PASS"": false, ""G12_NONCONSTANT"": false, ""G13_ENGLISH_FULLTEXT_FORMULA_EVIDENCE"": false, ""G14_INDEPENDENT_SECOND_REVIEW_APPROVAL"": false}","[""G03_PRIMARY_OR_FOUNDATIONAL_EVIDENCE"", ""G04_REPRODUCIBLE_DEFINITION_AND_OPERATIONALIZATION"", ""G07_CURRENT_DATA_READY"", ""G11_DATA_QUALITY_PASS"", ""G12_NONCONSTANT"", ""G13_ENGLISH_FULLTEXT_FORMULA_EVIDENCE"", ""G14_INDEPENDENT_SECOND_REVIEW_APPROVAL""]",excluded,RECOVERED_GATE_FAILURE,exact_for_frozen_set_membership_not_original_per_gate_bytes,codex_session_log_nested_membership
EF0058,"{""G01_IN_SCOPE_ROLE"": true, ""G02_ARTICLE_LEVEL"": true, ""G03_PRIMARY_OR_FOUNDATIONAL_EVIDENCE"": false, ""G04_REPRODUCIBLE_DEFINITION_AND_OPERATIONALIZATION"": false, ""G05_PUBLICATION_TIME"": false, ""G06_NO_FUTURE_INFORMATION"": true, ""G07_CURRENT_DATA_READY"": false, ""G08_BIAS_GUARDRAIL"": true, ""G09_NO_FATAL_VALIDITY_CONCERN"": true, ""G10_OUTCOME_BLIND_SELECTION"": true, ""G11_DATA_QUALITY_PASS"": false, ""G12_NONCONSTANT"": false, ""G13_ENGLISH_FULLTEXT_FORMULA_EVIDENCE"": false, ""G14_INDEPENDENT_SECOND_REVIEW_APPROVAL"": false}","[""G03_PRIMARY_OR_FOUNDATIONAL_EVIDENCE"", ""G04_REPRODUCIBLE_DEFINITION_AND_OPERATIONALIZATION"", ""G05_PUBLICATION_TIME"", ""G07_CURRENT_DATA_READY"", ""G11_DATA_QUALITY_PASS"", ""G12_NONCONSTANT"", ""G13_ENGLISH_FULLTEXT_FORMULA_EVIDENCE"", ""G14_INDEPENDENT_SECOND_REVIEW_APPROVAL""]",excluded,RECOVERED_GATE_FAILURE,exact_for_frozen_set_membership_not_original_per_gate_bytes,codex_session_log_nested_membership
EF0059,"{""G01_IN_SCOPE_ROLE"": true, ""G02_ARTICLE_LEVEL"": true, ""G03_PRIMARY_OR_FOUNDATIONAL_EVIDENCE"": false, ""G04_REPRODUCIBLE_DEFINITION_AND_OPERATIONALIZATION"": false, ""G05_PUBLICATION_TIME"": false, ""G06_NO_FUTURE_INFORMATION"": true, ""G07_CURRENT_DATA_READY"": false, ""G08_BIAS_GUARDRAIL"": true, ""G09_NO_FATAL_VALIDITY_CONCERN"": true, ""G10_OUTCOME_BLIND_SELECTION"": true, ""G11_DATA_QUALITY_PASS"": false, ""G12_NONCONSTANT"": false, ""G13_ENGLISH_FULLTEXT_FORMULA_EVIDENCE"": false, ""G14_INDEPENDENT_SECOND_REVIEW_APPROVAL"": false}","[""G03_PRIMARY_OR_FOUNDATIONAL_EVIDENCE"", ""G04_REPRODUCIBLE_DEFINITION_AND_OPERATIONALIZATION"", ""G05_PUBLICATION_TIME"", ""G07_CURRENT_DATA_READY"", ""G11_DATA_QUALITY_PASS"", ""G12_NONCONSTANT"", ""G13_ENGLISH_FULLTEXT_FORMULA_EVIDENCE"", ""G14_INDEPENDENT_SECOND_REVIEW_APPROVAL""]",excluded,RECOVERED_GATE_FAILURE,exact_for_frozen_set_membership_not_original_per_gate_bytes,codex_session_log_nested_membership
EF0060,"{""G01_IN_SCOPE_ROLE"": true, ""G02_ARTICLE_LEVEL"": true, ""G03_PRIMARY_OR_FOUNDATIONAL_EVIDENCE"": false, ""G04_REPRODUCIBLE_DEFINITION_AND_OPERATIONALIZATION"": false, ""G05_PUBLICATION_TIME"": false, ""G06_NO_FUTURE_INFORMATION"": true, ""G07_CURRENT_DATA_READY"": false, ""G08_BIAS_GUARDRAIL"": true, ""G09_NO_FATAL_VALIDITY_CONCERN"": true, ""G10_OUTCOME_BLIND_SELECTION"": true, ""G11_DATA_QUALITY_PASS"": false, ""G12_NONCONSTANT"": false, ""G13_ENGLISH_FULLTEXT_FORMULA_EVIDENCE"": false, ""G14_INDEPENDENT_SECOND_REVIEW_APPROVAL"": false}","[""G03_PRIMARY_OR_FOUNDATIONAL_EVIDENCE"", ""G04_REPRODUCIBLE_DEFINITION_AND_OPERATIONALIZATION"", ""G05_PUBLICATION_TIME"", ""G07_CURRENT_DATA_READY"", ""G11_DATA_QUALITY_PASS"", ""G12_NONCONSTANT"", ""G13_ENGLISH_FULLTEXT_FORMULA_EVIDENCE"", ""G14_INDEPENDENT_SECOND_REVIEW_APPROVAL""]",excluded,RECOVERED_GATE_FAILURE,exact_for_frozen_set_membership_not_original_per_gate_bytes,codex_session_log_nested_membership
EF0061,"{""G01_IN_SCOPE_ROLE"": true, ""G02_ARTICLE_LEVEL"": true, ""G03_PRIMARY_OR_FOUNDATIONAL_EVIDENCE"": false, ""G04_REPRODUCIBLE_DEFINITION_AND_OPERATIONALIZATION"": false, ""G05_PUBLICATION_TIME"": false, ""G06_NO_FUTURE_INFORMATION"": true, ""G07_CURRENT_DATA_READY"": false, ""G08_BIAS_GUARDRAIL"": true, ""G09_NO_FATAL_VALIDITY_CONCERN"": true, ""G10_OUTCOME_BLIND_SELECTION"": true, ""G11_DATA_QUALITY_PASS"": false, ""G12_NONCONSTANT"": false, ""G13_ENGLISH_FULLTEXT_FORMULA_EVIDENCE"": false, ""G14_INDEPENDENT_SECOND_REVIEW_APPROVAL"": false}","[""G03_PRIMARY_OR_FOUNDATIONAL_EVIDENCE"", ""G04_REPRODUCIBLE_DEFINITION_AND_OPERATIONALIZATION"", ""G05_PUBLICATION_TIME"", ""G07_CURRENT_DATA_READY"", ""G11_DATA_QUALITY_PASS"", ""G12_NONCONSTANT"", ""G13_ENGLISH_FULLTEXT_FORMULA_EVIDENCE"", ""G14_INDEPENDENT_SECOND_REVIEW_APPROVAL""]",excluded,RECOVERED_GATE_FAILURE,exact_for_frozen_set_membership_not_original_per_gate_bytes,codex_session_log_nested_membership
EF0062,"{""G01_IN_SCOPE_ROLE"": true, ""G02_ARTICLE_LEVEL"": true, ""G03_PRIMARY_OR_FOUNDATIONAL_EVIDENCE"": false, ""G04_REPRODUCIBLE_DEFINITION_AND_OPERATIONALIZATION"": false, ""G05_PUBLICATION_TIME"": true, ""G06_NO_FUTURE_INFORMATION"": true, ""G07_CURRENT_DATA_READY"": false, ""G08_BIAS_GUARDRAIL"": true, ""G09_NO_FATAL_VALIDITY_CONCERN"": true, ""G10_OUTCOME_BLIND_SELECTION"": true, ""G11_DATA_QUALITY_PASS"": false, ""G12_NONCONSTANT"": false, ""G13_ENGLISH_FULLTEXT_FORMULA_EVIDENCE"": false, ""G14_INDEPENDENT_SECOND_REVIEW_APPROVAL"": false}","[""G03_PRIMARY_OR_FOUNDATIONAL_EVIDENCE"", ""G04_REPRODUCIBLE_DEFINITION_AND_OPERATIONALIZATION"", ""G07_CURRENT_DATA_READY"", ""G11_DATA_QUALITY_PASS"", ""G12_NONCONSTANT"", ""G13_ENGLISH_FULLTEXT_FORMULA_EVIDENCE"", ""G14_INDEPENDENT_SECOND_REVIEW_APPROVAL""]",excluded,RECOVERED_GATE_FAILURE,exact_for_frozen_set_membership_not_original_per_gate_bytes,codex_session_log_nested_membership
EF0063,"{""G01_IN_SCOPE_ROLE"": true, ""G02_ARTICLE_LEVEL"": true, ""G03_PRIMARY_OR_FOUNDATIONAL_EVIDENCE"": true, ""G04_REPRODUCIBLE_DEFINITION_AND_OPERATIONALIZATION"": false, ""G05_PUBLICATION_TIME"": true, ""G06_NO_FUTURE_INFORMATION"": true, ""G07_CURRENT_DATA_READY"": false, ""G08_BIAS_GUARDRAIL"": true, ""G09_NO_FATAL_VALIDITY_CONCERN"": true, ""G10_OUTCOME_BLIND_SELECTION"": true, ""G11_DATA_QUALITY_PASS"": false, ""G12_NONCONSTANT"": false, ""G13_ENGLISH_FULLTEXT_FORMULA_EVIDENCE"": false, ""G14_INDEPENDENT_SECOND_REVIEW_APPROVAL"": false}","[""G04_REPRODUCIBLE_DEFINITION_AND_OPERATIONALIZATION"", ""G07_CURRENT_DATA_READY"", ""G11_DATA_QUALITY_PASS"", ""G12_NONCONSTANT"", ""G13_ENGLISH_FULLTEXT_FORMULA_EVIDENCE"", ""G14_INDEPENDENT_SECOND_REVIEW_APPROVAL""]",excluded,RECOVERED_GATE_FAILURE,exact_for_frozen_set_membership_not_original_per_gate_bytes,codex_session_log_nested_membership
EF0064,"{""G01_IN_SCOPE_ROLE"": true, ""G02_ARTICLE_LEVEL"": true, ""G03_PRIMARY_OR_FOUNDATIONAL_EVIDENCE"": false, ""G04_REPRODUCIBLE_DEFINITION_AND_OPERATIONALIZATION"": false, ""G05_PUBLICATION_TIME"": false, ""G06_NO_FUTURE_INFORMATION"": true, ""G07_CURRENT_DATA_READY"": false, ""G08_BIAS_GUARDRAIL"": true, ""G09_NO_FATAL_VALIDITY_CONCERN"": true, ""G10_OUTCOME_BLIND_SELECTION"": true, ""G11_DATA_QUALITY_PASS"": false, ""G12_NONCONSTANT"": false, ""G13_ENGLISH_FULLTEXT_FORMULA_EVIDENCE"": false, ""G14_INDEPENDENT_SECOND_REVIEW_APPROVAL"": false}","[""G03_PRIMARY_OR_FOUNDATIONAL_EVIDENCE"", ""G04_REPRODUCIBLE_DEFINITION_AND_OPERATIONALIZATION"", ""G05_PUBLICATION_TIME"", ""G07_CURRENT_DATA_READY"", ""G11_DATA_QUALITY_PASS"", ""G12_NONCONSTANT"", ""G13_ENGLISH_FULLTEXT_FORMULA_EVIDENCE"", ""G14_INDEPENDENT_SECOND_REVIEW_APPROVAL""]",excluded,RECOVERED_GATE_FAILURE,exact_for_frozen_set_membership_not_original_per_gate_bytes,codex_session_log_nested_membership
EF0065,"{""G01_IN_SCOPE_ROLE"": true, ""G02_ARTICLE_LEVEL"": true, ""G03_PRIMARY_OR_FOUNDATIONAL_EVIDENCE"": false, ""G04_REPRODUCIBLE_DEFINITION_AND_OPERATIONALIZATION"": false, ""G05_PUBLICATION_TIME"": false, ""G06_NO_FUTURE_INFORMATION"": true, ""G07_CURRENT_DATA_READY"": false, ""G08_BIAS_GUARDRAIL"": true, ""G09_NO_FATAL_VALIDITY_CONCERN"": true, ""G10_OUTCOME_BLIND_SELECTION"": true, ""G11_DATA_QUALITY_PASS"": false, ""G12_NONCONSTANT"": false, ""G13_ENGLISH_FULLTEXT_FORMULA_EVIDENCE"": false, ""G14_INDEPENDENT_SECOND_REVIEW_APPROVAL"": false}","[""G03_PRIMARY_OR_FOUNDATIONAL_EVIDENCE"", ""G04_REPRODUCIBLE_DEFINITION_AND_OPERATIONALIZATION"", ""G05_PUBLICATION_TIME"", ""G07_CURRENT_DATA_READY"", ""G11_DATA_QUALITY_PASS"", ""G12_NONCONSTANT"", ""G13_ENGLISH_FULLTEXT_FORMULA_EVIDENCE"", ""G14_INDEPENDENT_SECOND_REVIEW_APPROVAL""]",excluded,RECOVERED_GATE_FAILURE,exact_for_frozen_set_membership_not_original_per_gate_bytes,codex_session_log_nested_membership
EF0066,"{""G01_IN_SCOPE_ROLE"": true, ""G02_ARTICLE_LEVEL"": true, ""G03_PRIMARY_OR_FOUNDATIONAL_EVIDENCE"": false, ""G04_REPRODUCIBLE_DEFINITION_AND_OPERATIONALIZATION"": false, ""G05_PUBLICATION_TIME"": false, ""G06_NO_FUTURE_INFORMATION"": true, ""G07_CURRENT_DATA_READY"": false, ""G08_BIAS_GUARDRAIL"": true, ""G09_NO_FATAL_VALIDITY_CONCERN"": true, ""G10_OUTCOME_BLIND_SELECTION"": true, ""G11_DATA_QUALITY_PASS"": false, ""G12_NONCONSTANT"": false, ""G13_ENGLISH_FULLTEXT_FORMULA_EVIDENCE"": false, ""G14_INDEPENDENT_SECOND_REVIEW_APPROVAL"": false}","[""G03_PRIMARY_OR_FOUNDATIONAL_EVIDENCE"", ""G04_REPRODUCIBLE_DEFINITION_AND_OPERATIONALIZATION"", ""G05_PUBLICATION_TIME"", ""G07_CURRENT_DATA_READY"", ""G11_DATA_QUALITY_PASS"", ""G12_NONCONSTANT"", ""G13_ENGLISH_FULLTEXT_FORMULA_EVIDENCE"", ""G14_INDEPENDENT_SECOND_REVIEW_APPROVAL""]",excluded,RECOVERED_GATE_FAILURE,exact_for_frozen_set_membership_not_original_per_gate_bytes,codex_session_log_nested_membership
EF0067,"{""G01_IN_SCOPE_ROLE"": true, ""G02_ARTICLE_LEVEL"": true, ""G03_PRIMARY_OR_FOUNDATIONAL_EVIDENCE"": false, ""G04_REPRODUCIBLE_DEFINITION_AND_OPERATIONALIZATION"": false, ""G05_PUBLICATION_TIME"": false, ""G06_NO_FUTURE_INFORMATION"": true, ""G07_CURRENT_DATA_READY"": false, ""G08_BIAS_GUARDRAIL"": true, ""G09_NO_FATAL_VALIDITY_CONCERN"": true, ""G10_OUTCOME_BLIND_SELECTION"": true, ""G11_DATA_QUALITY_PASS"": false, ""G12_NONCONSTANT"": false, ""G13_ENGLISH_FULLTEXT_FORMULA_EVIDENCE"": false, ""G14_INDEPENDENT_SECOND_REVIEW_APPROVAL"": false}","[""G03_PRIMARY_OR_FOUNDATIONAL_EVIDENCE"", ""G04_REPRODUCIBLE_DEFINITION_AND_OPERATIONALIZATION"", ""G05_PUBLICATION_TIME"", ""G07_CURRENT_DATA_READY"", ""G11_DATA_QUALITY_PASS"", ""G12_NONCONSTANT"", ""G13_ENGLISH_FULLTEXT_FORMULA_EVIDENCE"", ""G14_INDEPENDENT_SECOND_REVIEW_APPROVAL""]",excluded,RECOVERED_GATE_FAILURE,exact_for_frozen_set_membership_not_original_per_gate_bytes,codex_session_log_nested_membership
EF0068,"{""G01_IN_SCOPE_ROLE"": true, ""G02_ARTICLE_LEVEL"": true, ""G03_PRIMARY_OR_FOUNDATIONAL_EVIDENCE"": false, ""G04_REPRODUCIBLE_DEFINITION_AND_OPERATIONALIZATION"": false, ""G05_PUBLICATION_TIME"": false, ""G06_NO_FUTURE_INFORMATION"": true, ""G07_CURRENT_DATA_READY"": false, ""G08_BIAS_GUARDRAIL"": true, ""G09_NO_FATAL_VALIDITY_CONCERN"": true, ""G10_OUTCOME_BLIND_SELECTION"": true, ""G11_DATA_QUALITY_PASS"": false, ""G12_NONCONSTANT"": false, ""G13_ENGLISH_FULLTEXT_FORMULA_EVIDENCE"": false, ""G14_INDEPENDENT_SECOND_REVIEW_APPROVAL"": false}","[""G03_PRIMARY_OR_FOUNDATIONAL_EVIDENCE"", ""G04_REPRODUCIBLE_DEFINITION_AND_OPERATIONALIZATION"", ""G05_PUBLICATION_TIME"", ""G07_CURRENT_DATA_READY"", ""G11_DATA_QUALITY_PASS"", ""G12_NONCONSTANT"", ""G13_ENGLISH_FULLTEXT_FORMULA_EVIDENCE"", ""G14_INDEPENDENT_SECOND_REVIEW_APPROVAL""]",excluded,RECOVERED_GATE_FAILURE,exact_for_frozen_set_membership_not_original_per_gate_bytes,codex_session_log_nested_membership
EF0069,"{""G01_IN_SCOPE_ROLE"": true, ""G02_ARTICLE_LEVEL"": true, ""G03_PRIMARY_OR_FOUNDATIONAL_EVIDENCE"": false, ""G04_REPRODUCIBLE_DEFINITION_AND_OPERATIONALIZATION"": false, ""G05_PUBLICATION_TIME"": false, ""G06_NO_FUTURE_INFORMATION"": true, ""G07_CURRENT_DATA_READY"": false, ""G08_BIAS_GUARDRAIL"": true, ""G09_NO_FATAL_VALIDITY_CONCERN"": true, ""G10_OUTCOME_BLIND_SELECTION"": true, ""G11_DATA_QUALITY_PASS"": false, ""G12_NONCONSTANT"": false, ""G13_ENGLISH_FULLTEXT_FORMULA_EVIDENCE"": false, ""G14_INDEPENDENT_SECOND_REVIEW_APPROVAL"": false}","[""G03_PRIMARY_OR_FOUNDATIONAL_EVIDENCE"", ""G04_REPRODUCIBLE_DEFINITION_AND_OPERATIONALIZATION"", ""G05_PUBLICATION_TIME"", ""G07_CURRENT_DATA_READY"", ""G11_DATA_QUALITY_PASS"", ""G12_NONCONSTANT"", ""G13_ENGLISH_FULLTEXT_FORMULA_EVIDENCE"", ""G14_INDEPENDENT_SECOND_REVIEW_APPROVAL""]",excluded,RECOVERED_GATE_FAILURE,exact_for_frozen_set_membership_not_original_per_gate_bytes,codex_session_log_nested_membership
EF0070,"{""G01_IN_SCOPE_ROLE"": true, ""G02_ARTICLE_LEVEL"": true, ""G03_PRIMARY_OR_FOUNDATIONAL_EVIDENCE"": true, ""G04_REPRODUCIBLE_DEFINITION_AND_OPERATIONALIZATION"": false, ""G05_PUBLICATION_TIME"": true, ""G06_NO_FUTURE_INFORMATION"": true, ""G07_CURRENT_DATA_READY"": false, ""G08_BIAS_GUARDRAIL"": true, ""G09_NO_FATAL_VALIDITY_CONCERN"": true, ""G10_OUTCOME_BLIND_SELECTION"": true, ""G11_DATA_QUALITY_PASS"": false, ""G12_NONCONSTANT"": false, ""G13_ENGLISH_FULLTEXT_FORMULA_EVIDENCE"": false, ""G14_INDEPENDENT_SECOND_REVIEW_APPROVAL"": false}","[""G04_REPRODUCIBLE_DEFINITION_AND_OPERATIONALIZATION"", ""G07_CURRENT_DATA_READY"", ""G11_DATA_QUALITY_PASS"", ""G12_NONCONSTANT"", ""G13_ENGLISH_FULLTEXT_FORMULA_EVIDENCE"", ""G14_INDEPENDENT_SECOND_REVIEW_APPROVAL""]",excluded,RECOVERED_GATE_FAILURE,exact_for_frozen_set_membership_not_original_per_gate_bytes,codex_session_log_nested_membership
EF0071,"{""G01_IN_SCOPE_ROLE"": true, ""G02_ARTICLE_LEVEL"": true, ""G03_PRIMARY_OR_FOUNDATIONAL_EVIDENCE"": false, ""G04_REPRODUCIBLE_DEFINITION_AND_OPERATIONALIZATION"": false, ""G05_PUBLICATION_TIME"": false, ""G06_NO_FUTURE_INFORMATION"": true, ""G07_CURRENT_DATA_READY"": false, ""G08_BIAS_GUARDRAIL"": true, ""G09_NO_FATAL_VALIDITY_CONCERN"": true, ""G10_OUTCOME_BLIND_SELECTION"": true, ""G11_DATA_QUALITY_PASS"": false, ""G12_NONCONSTANT"": false, ""G13_ENGLISH_FULLTEXT_FORMULA_EVIDENCE"": false, ""G14_INDEPENDENT_SECOND_REVIEW_APPROVAL"": false}","[""G03_PRIMARY_OR_FOUNDATIONAL_EVIDENCE"", ""G04_REPRODUCIBLE_DEFINITION_AND_OPERATIONALIZATION"", ""G05_PUBLICATION_TIME"", ""G07_CURRENT_DATA_READY"", ""G11_DATA_QUALITY_PASS"", ""G12_NONCONSTANT"", ""G13_ENGLISH_FULLTEXT_FORMULA_EVIDENCE"", ""G14_INDEPENDENT_SECOND_REVIEW_APPROVAL""]",excluded,RECOVERED_GATE_FAILURE,exact_for_frozen_set_membership_not_original_per_gate_bytes,codex_session_log_nested_membership
EF0072,"{""G01_IN_SCOPE_ROLE"": true, ""G02_ARTICLE_LEVEL"": true, ""G03_PRIMARY_OR_FOUNDATIONAL_EVIDENCE"": false, ""G04_REPRODUCIBLE_DEFINITION_AND_OPERATIONALIZATION"": false, ""G05_PUBLICATION_TIME"": false, ""G06_NO_FUTURE_INFORMATION"": true, ""G07_CURRENT_DATA_READY"": false, ""G08_BIAS_GUARDRAIL"": true, ""G09_NO_FATAL_VALIDITY_CONCERN"": true, ""G10_OUTCOME_BLIND_SELECTION"": true, ""G11_DATA_QUALITY_PASS"": false, ""G12_NONCONSTANT"": false, ""G13_ENGLISH_FULLTEXT_FORMULA_EVIDENCE"": false, ""G14_INDEPENDENT_SECOND_REVIEW_APPROVAL"": false}","[""G03_PRIMARY_OR_FOUNDATIONAL_EVIDENCE"", ""G04_REPRODUCIBLE_DEFINITION_AND_OPERATIONALIZATION"", ""G05_PUBLICATION_TIME"", ""G07_CURRENT_DATA_READY"", ""G11_DATA_QUALITY_PASS"", ""G12_NONCONSTANT"", ""G13_ENGLISH_FULLTEXT_FORMULA_EVIDENCE"", ""G14_INDEPENDENT_SECOND_REVIEW_APPROVAL""]",excluded,RECOVERED_GATE_FAILURE,exact_for_frozen_set_membership_not_original_per_gate_bytes,codex_session_log_nested_membership
EF0073,"{""G01_IN_SCOPE_ROLE"": true, ""G02_ARTICLE_LEVEL"": true, ""G03_PRIMARY_OR_FOUNDATIONAL_EVIDENCE"": false, ""G04_REPRODUCIBLE_DEFINITION_AND_OPERATIONALIZATION"": false, ""G05_PUBLICATION_TIME"": false, ""G06_NO_FUTURE_INFORMATION"": true, ""G07_CURRENT_DATA_READY"": false, ""G08_BIAS_GUARDRAIL"": true, ""G09_NO_FATAL_VALIDITY_CONCERN"": true, ""G10_OUTCOME_BLIND_SELECTION"": true, ""G11_DATA_QUALITY_PASS"": false, ""G12_NONCONSTANT"": false, ""G13_ENGLISH_FULLTEXT_FORMULA_EVIDENCE"": false, ""G14_INDEPENDENT_SECOND_REVIEW_APPROVAL"": false}","[""G03_PRIMARY_OR_FOUNDATIONAL_EVIDENCE"", ""G04_REPRODUCIBLE_DEFINITION_AND_OPERATIONALIZATION"", ""G05_PUBLICATION_TIME"", ""G07_CURRENT_DATA_READY"", ""G11_DATA_QUALITY_PASS"", ""G12_NONCONSTANT"", ""G13_ENGLISH_FULLTEXT_FORMULA_EVIDENCE"", ""G14_INDEPENDENT_SECOND_REVIEW_APPROVAL""]",excluded,RECOVERED_GATE_FAILURE,exact_for_frozen_set_membership_not_original_per_gate_bytes,codex_session_log_nested_membership
EF0074,"{""G01_IN_SCOPE_ROLE"": true, ""G02_ARTICLE_LEVEL"": true, ""G03_PRIMARY_OR_FOUNDATIONAL_EVIDENCE"": true, ""G04_REPRODUCIBLE_DEFINITION_AND_OPERATIONALIZATION"": false, ""G05_PUBLICATION_TIME"": true, ""G06_NO_FUTURE_INFORMATION"": true, ""G07_CURRENT_DATA_READY"": false, ""G08_BIAS_GUARDRAIL"": true, ""G09_NO_FATAL_VALIDITY_CONCERN"": true, ""G10_OUTCOME_BLIND_SELECTION"": true, ""G11_DATA_QUALITY_PASS"": false, ""G12_NONCONSTANT"": false, ""G13_ENGLISH_FULLTEXT_FORMULA_EVIDENCE"": false, ""G14_INDEPENDENT_SECOND_REVIEW_APPROVAL"": false}","[""G04_REPRODUCIBLE_DEFINITION_AND_OPERATIONALIZATION"", ""G07_CURRENT_DATA_READY"", ""G11_DATA_QUALITY_PASS"", ""G12_NONCONSTANT"", ""G13_ENGLISH_FULLTEXT_FORMULA_EVIDENCE"", ""G14_INDEPENDENT_SECOND_REVIEW_APPROVAL""]",excluded,RECOVERED_GATE_FAILURE,exact_for_frozen_set_membership_not_original_per_gate_bytes,codex_session_log_nested_membership
EF0075,"{""G01_IN_SCOPE_ROLE"": true, ""G02_ARTICLE_LEVEL"": true, ""G03_PRIMARY_OR_FOUNDATIONAL_EVIDENCE"": false, ""G04_REPRODUCIBLE_DEFINITION_AND_OPERATIONALIZATION"": false, ""G05_PUBLICATION_TIME"": false, ""G06_NO_FUTURE_INFORMATION"": true, ""G07_CURRENT_DATA_READY"": false, ""G08_BIAS_GUARDRAIL"": true, ""G09_NO_FATAL_VALIDITY_CONCERN"": true, ""G10_OUTCOME_BLIND_SELECTION"": true, ""G11_DATA_QUALITY_PASS"": false, ""G12_NONCONSTANT"": false, ""G13_ENGLISH_FULLTEXT_FORMULA_EVIDENCE"": false, ""G14_INDEPENDENT_SECOND_REVIEW_APPROVAL"": false}","[""G03_PRIMARY_OR_FOUNDATIONAL_EVIDENCE"", ""G04_REPRODUCIBLE_DEFINITION_AND_OPERATIONALIZATION"", ""G05_PUBLICATION_TIME"", ""G07_CURRENT_DATA_READY"", ""G11_DATA_QUALITY_PASS"", ""G12_NONCONSTANT"", ""G13_ENGLISH_FULLTEXT_FORMULA_EVIDENCE"", ""G14_INDEPENDENT_SECOND_REVIEW_APPROVAL""]",excluded,RECOVERED_GATE_FAILURE,exact_for_frozen_set_membership_not_original_per_gate_bytes,codex_session_log_nested_membership
EF0076,"{""G01_IN_SCOPE_ROLE"": true, ""G02_ARTICLE_LEVEL"": true, ""G03_PRIMARY_OR_FOUNDATIONAL_EVIDENCE"": true, ""G04_REPRODUCIBLE_DEFINITION_AND_OPERATIONALIZATION"": false, ""G05_PUBLICATION_TIME"": true, ""G06_NO_FUTURE_INFORMATION"": true, ""G07_CURRENT_DATA_READY"": false, ""G08_BIAS_GUARDRAIL"": true, ""G09_NO_FATAL_VALIDITY_CONCERN"": true, ""G10_OUTCOME_BLIND_SELECTION"": true, ""G11_DATA_QUALITY_PASS"": false, ""G12_NONCONSTANT"": false, ""G13_ENGLISH_FULLTEXT_FORMULA_EVIDENCE"": false, ""G14_INDEPENDENT_SECOND_REVIEW_APPROVAL"": false}","[""G04_REPRODUCIBLE_DEFINITION_AND_OPERATIONALIZATION"", ""G07_CURRENT_DATA_READY"", ""G11_DATA_QUALITY_PASS"", ""G12_NONCONSTANT"", ""G13_ENGLISH_FULLTEXT_FORMULA_EVIDENCE"", ""G14_INDEPENDENT_SECOND_REVIEW_APPROVAL""]",excluded,RECOVERED_GATE_FAILURE,exact_for_frozen_set_membership_not_original_per_gate_bytes,codex_session_log_nested_membership
EF0077,"{""G01_IN_SCOPE_ROLE"": true, ""G02_ARTICLE_LEVEL"": true, ""G03_PRIMARY_OR_FOUNDATIONAL_EVIDENCE"": true, ""G04_REPRODUCIBLE_DEFINITION_AND_OPERATIONALIZATION"": false, ""G05_PUBLICATION_TIME"": true, ""G06_NO_FUTURE_INFORMATION"": true, ""G07_CURRENT_DATA_READY"": false, ""G08_BIAS_GUARDRAIL"": true, ""G09_NO_FATAL_VALIDITY_CONCERN"": true, ""G10_OUTCOME_BLIND_SELECTION"": true, ""G11_DATA_QUALITY_PASS"": false, ""G12_NONCONSTANT"": false, ""G13_ENGLISH_FULLTEXT_FORMULA_EVIDENCE"": false, ""G14_INDEPENDENT_SECOND_REVIEW_APPROVAL"": false}","[""G04_REPRODUCIBLE_DEFINITION_AND_OPERATIONALIZATION"", ""G07_CURRENT_DATA_READY"", ""G11_DATA_QUALITY_PASS"", ""G12_NONCONSTANT"", ""G13_ENGLISH_FULLTEXT_FORMULA_EVIDENCE"", ""G14_INDEPENDENT_SECOND_REVIEW_APPROVAL""]",excluded,RECOVERED_GATE_FAILURE,exact_for_frozen_set_membership_not_original_per_gate_bytes,codex_session_log_nested_membership
EF0078,"{""G01_IN_SCOPE_ROLE"": true, ""G02_ARTICLE_LEVEL"": true, ""G03_PRIMARY_OR_FOUNDATIONAL_EVIDENCE"": true, ""G04_REPRODUCIBLE_DEFINITION_AND_OPERATIONALIZATION"": false, ""G05_PUBLICATION_TIME"": true, ""G06_NO_FUTURE_INFORMATION"": true, ""G07_CURRENT_DATA_READY"": false, ""G08_BIAS_GUARDRAIL"": true, ""G09_NO_FATAL_VALIDITY_CONCERN"": true, ""G10_OUTCOME_BLIND_SELECTION"": true, ""G11_DATA_QUALITY_PASS"": false, ""G12_NONCONSTANT"": false, ""G13_ENGLISH_FULLTEXT_FORMULA_EVIDENCE"": false, ""G14_INDEPENDENT_SECOND_REVIEW_APPROVAL"": false}","[""G04_REPRODUCIBLE_DEFINITION_AND_OPERATIONALIZATION"", ""G07_CURRENT_DATA_READY"", ""G11_DATA_QUALITY_PASS"", ""G12_NONCONSTANT"", ""G13_ENGLISH_FULLTEXT_FORMULA_EVIDENCE"", ""G14_INDEPENDENT_SECOND_REVIEW_APPROVAL""]",excluded,RECOVERED_GATE_FAILURE,exact_for_frozen_set_membership_not_original_per_gate_bytes,codex_session_log_nested_membership
EF0079,"{""G01_IN_SCOPE_ROLE"": true, ""G02_ARTICLE_LEVEL"": true, ""G03_PRIMARY_OR_FOUNDATIONAL_EVIDENCE"": true, ""G04_REPRODUCIBLE_DEFINITION_AND_OPERATIONALIZATION"": false, ""G05_PUBLICATION_TIME"": true, ""G06_NO_FUTURE_INFORMATION"": true, ""G07_CURRENT_DATA_READY"": false, ""G08_BIAS_GUARDRAIL"": true, ""G09_NO_FATAL_VALIDITY_CONCERN"": true, ""G10_OUTCOME_BLIND_SELECTION"": true, ""G11_DATA_QUALITY_PASS"": false, ""G12_NONCONSTANT"": false, ""G13_ENGLISH_FULLTEXT_FORMULA_EVIDENCE"": false, ""G14_INDEPENDENT_SECOND_REVIEW_APPROVAL"": false}","[""G04_REPRODUCIBLE_DEFINITION_AND_OPERATIONALIZATION"", ""G07_CURRENT_DATA_READY"", ""G11_DATA_QUALITY_PASS"", ""G12_NONCONSTANT"", ""G13_ENGLISH_FULLTEXT_FORMULA_EVIDENCE"", ""G14_INDEPENDENT_SECOND_REVIEW_APPROVAL""]",excluded,RECOVERED_GATE_FAILURE,exact_for_frozen_set_membership_not_original_per_gate_bytes,codex_session_log_nested_membership
EF0080,"{""G01_IN_SCOPE_ROLE"": true, ""G02_ARTICLE_LEVEL"": true, ""G03_PRIMARY_OR_FOUNDATIONAL_EVIDENCE"": true, ""G04_REPRODUCIBLE_DEFINITION_AND_OPERATIONALIZATION"": false, ""G05_PUBLICATION_TIME"": true, ""G06_NO_FUTURE_INFORMATION"": true, ""G07_CURRENT_DATA_READY"": false, ""G08_BIAS_GUARDRAIL"": true, ""G09_NO_FATAL_VALIDITY_CONCERN"": true, ""G10_OUTCOME_BLIND_SELECTION"": true, ""G11_DATA_QUALITY_PASS"": false, ""G12_NONCONSTANT"": false, ""G13_ENGLISH_FULLTEXT_FORMULA_EVIDENCE"": false, ""G14_INDEPENDENT_SECOND_REVIEW_APPROVAL"": false}","[""G04_REPRODUCIBLE_DEFINITION_AND_OPERATIONALIZATION"", ""G07_CURRENT_DATA_READY"", ""G11_DATA_QUALITY_PASS"", ""G12_NONCONSTANT"", ""G13_ENGLISH_FULLTEXT_FORMULA_EVIDENCE"", ""G14_INDEPENDENT_SECOND_REVIEW_APPROVAL""]",excluded,RECOVERED_GATE_FAILURE,exact_for_frozen_set_membership_not_original_per_gate_bytes,codex_session_log_nested_membership
EF0081,"{""G01_IN_SCOPE_ROLE"": true, ""G02_ARTICLE_LEVEL"": true, ""G03_PRIMARY_OR_FOUNDATIONAL_EVIDENCE"": false, ""G04_REPRODUCIBLE_DEFINITION_AND_OPERATIONALIZATION"": false, ""G05_PUBLICATION_TIME"": false, ""G06_NO_FUTURE_INFORMATION"": true, ""G07_CURRENT_DATA_READY"": false, ""G08_BIAS_GUARDRAIL"": true, ""G09_NO_FATAL_VALIDITY_CONCERN"": true, ""G10_OUTCOME_BLIND_SELECTION"": true, ""G11_DATA_QUALITY_PASS"": false, ""G12_NONCONSTANT"": false, ""G13_ENGLISH_FULLTEXT_FORMULA_EVIDENCE"": false, ""G14_INDEPENDENT_SECOND_REVIEW_APPROVAL"": false}","[""G03_PRIMARY_OR_FOUNDATIONAL_EVIDENCE"", ""G04_REPRODUCIBLE_DEFINITION_AND_OPERATIONALIZATION"", ""G05_PUBLICATION_TIME"", ""G07_CURRENT_DATA_READY"", ""G11_DATA_QUALITY_PASS"", ""G12_NONCONSTANT"", ""G13_ENGLISH_FULLTEXT_FORMULA_EVIDENCE"", ""G14_INDEPENDENT_SECOND_REVIEW_APPROVAL""]",excluded,RECOVERED_GATE_FAILURE,exact_for_frozen_set_membership_not_original_per_gate_bytes,codex_session_log_nested_membership
EF0082,"{""G01_IN_SCOPE_ROLE"": true, ""G02_ARTICLE_LEVEL"": true, ""G03_PRIMARY_OR_FOUNDATIONAL_EVIDENCE"": true, ""G04_REPRODUCIBLE_DEFINITION_AND_OPERATIONALIZATION"": false, ""G05_PUBLICATION_TIME"": true, ""G06_NO_FUTURE_INFORMATION"": true, ""G07_CURRENT_DATA_READY"": false, ""G08_BIAS_GUARDRAIL"": true, ""G09_NO_FATAL_VALIDITY_CONCERN"": true, ""G10_OUTCOME_BLIND_SELECTION"": true, ""G11_DATA_QUALITY_PASS"": false, ""G12_NONCONSTANT"": false, ""G13_ENGLISH_FULLTEXT_FORMULA_EVIDENCE"": false, ""G14_INDEPENDENT_SECOND_REVIEW_APPROVAL"": false}","[""G04_REPRODUCIBLE_DEFINITION_AND_OPERATIONALIZATION"", ""G07_CURRENT_DATA_READY"", ""G11_DATA_QUALITY_PASS"", ""G12_NONCONSTANT"", ""G13_ENGLISH_FULLTEXT_FORMULA_EVIDENCE"", ""G14_INDEPENDENT_SECOND_REVIEW_APPROVAL""]",excluded,RECOVERED_GATE_FAILURE,exact_for_frozen_set_membership_not_original_per_gate_bytes,codex_session_log_nested_membership
EF0083,"{""G01_IN_SCOPE_ROLE"": true, ""G02_ARTICLE_LEVEL"": true, ""G03_PRIMARY_OR_FOUNDATIONAL_EVIDENCE"": true, ""G04_REPRODUCIBLE_DEFINITION_AND_OPERATIONALIZATION"": false, ""G05_PUBLICATION_TIME"": true, ""G06_NO_FUTURE_INFORMATION"": true, ""G07_CURRENT_DATA_READY"": false, ""G08_BIAS_GUARDRAIL"": true, ""G09_NO_FATAL_VALIDITY_CONCERN"": true, ""G10_OUTCOME_BLIND_SELECTION"": true, ""G11_DATA_QUALITY_PASS"": false, ""G12_NONCONSTANT"": false, ""G13_ENGLISH_FULLTEXT_FORMULA_EVIDENCE"": true, ""G14_INDEPENDENT_SECOND_REVIEW_APPROVAL"": true}","[""G04_REPRODUCIBLE_DEFINITION_AND_OPERATIONALIZATION"", ""G07_CURRENT_DATA_READY"", ""G11_DATA_QUALITY_PASS"", ""G12_NONCONSTANT""]",excluded,RECOVERED_GATE_FAILURE,exact_for_frozen_set_membership_not_original_per_gate_bytes,codex_session_log_nested_membership
EF0084,"{""G01_IN_SCOPE_ROLE"": true, ""G02_ARTICLE_LEVEL"": true, ""G03_PRIMARY_OR_FOUNDATIONAL_EVIDENCE"": true, ""G04_REPRODUCIBLE_DEFINITION_AND_OPERATIONALIZATION"": false, ""G05_PUBLICATION_TIME"": true, ""G06_NO_FUTURE_INFORMATION"": true, ""G07_CURRENT_DATA_READY"": false, ""G08_BIAS_GUARDRAIL"": true, ""G09_NO_FATAL_VALIDITY_CONCERN"": true, ""G10_OUTCOME_BLIND_SELECTION"": true, ""G11_DATA_QUALITY_PASS"": false, ""G12_NONCONSTANT"": false, ""G13_ENGLISH_FULLTEXT_FORMULA_EVIDENCE"": false, ""G14_INDEPENDENT_SECOND_REVIEW_APPROVAL"": false}","[""G04_REPRODUCIBLE_DEFINITION_AND_OPERATIONALIZATION"", ""G07_CURRENT_DATA_READY"", ""G11_DATA_QUALITY_PASS"", ""G12_NONCONSTANT"", ""G13_ENGLISH_FULLTEXT_FORMULA_EVIDENCE"", ""G14_INDEPENDENT_SECOND_REVIEW_APPROVAL""]",excluded,RECOVERED_GATE_FAILURE,exact_for_frozen_set_membership_not_original_per_gate_bytes,codex_session_log_nested_membership
EF0085,"{""G01_IN_SCOPE_ROLE"": true, ""G02_ARTICLE_LEVEL"": true, ""G03_PRIMARY_OR_FOUNDATIONAL_EVIDENCE"": true, ""G04_REPRODUCIBLE_DEFINITION_AND_OPERATIONALIZATION"": false, ""G05_PUBLICATION_TIME"": true, ""G06_NO_FUTURE_INFORMATION"": true, ""G07_CURRENT_DATA_READY"": false, ""G08_BIAS_GUARDRAIL"": true, ""G09_NO_FATAL_VALIDITY_CONCERN"": true, ""G10_OUTCOME_BLIND_SELECTION"": true, ""G11_DATA_QUALITY_PASS"": false, ""G12_NONCONSTANT"": false, ""G13_ENGLISH_FULLTEXT_FORMULA_EVIDENCE"": false, ""G14_INDEPENDENT_SECOND_REVIEW_APPROVAL"": false}","[""G04_REPRODUCIBLE_DEFINITION_AND_OPERATIONALIZATION"", ""G07_CURRENT_DATA_READY"", ""G11_DATA_QUALITY_PASS"", ""G12_NONCONSTANT"", ""G13_ENGLISH_FULLTEXT_FORMULA_EVIDENCE"", ""G14_INDEPENDENT_SECOND_REVIEW_APPROVAL""]",excluded,RECOVERED_GATE_FAILURE,exact_for_frozen_set_membership_not_original_per_gate_bytes,codex_session_log_nested_membership
EF0086,"{""G01_IN_SCOPE_ROLE"": true, ""G02_ARTICLE_LEVEL"": true, ""G03_PRIMARY_OR_FOUNDATIONAL_EVIDENCE"": true, ""G04_REPRODUCIBLE_DEFINITION_AND_OPERATIONALIZATION"": false, ""G05_PUBLICATION_TIME"": true, ""G06_NO_FUTURE_INFORMATION"": true, ""G07_CURRENT_DATA_READY"": false, ""G08_BIAS_GUARDRAIL"": true, ""G09_NO_FATAL_VALIDITY_CONCERN"": true, ""G10_OUTCOME_BLIND_SELECTION"": true, ""G11_DATA_QUALITY_PASS"": false, ""G12_NONCONSTANT"": false, ""G13_ENGLISH_FULLTEXT_FORMULA_EVIDENCE"": false, ""G14_INDEPENDENT_SECOND_REVIEW_APPROVAL"": false}","[""G04_REPRODUCIBLE_DEFINITION_AND_OPERATIONALIZATION"", ""G07_CURRENT_DATA_READY"", ""G11_DATA_QUALITY_PASS"", ""G12_NONCONSTANT"", ""G13_ENGLISH_FULLTEXT_FORMULA_EVIDENCE"", ""G14_INDEPENDENT_SECOND_REVIEW_APPROVAL""]",excluded,RECOVERED_GATE_FAILURE,exact_for_frozen_set_membership_not_original_per_gate_bytes,codex_session_log_nested_membership
EF0087,"{""G01_IN_SCOPE_ROLE"": true, ""G02_ARTICLE_LEVEL"": true, ""G03_PRIMARY_OR_FOUNDATIONAL_EVIDENCE"": false, ""G04_REPRODUCIBLE_DEFINITION_AND_OPERATIONALIZATION"": false, ""G05_PUBLICATION_TIME"": false, ""G06_NO_FUTURE_INFORMATION"": true, ""G07_CURRENT_DATA_READY"": false, ""G08_BIAS_GUARDRAIL"": true, ""G09_NO_FATAL_VALIDITY_CONCERN"": true, ""G10_OUTCOME_BLIND_SELECTION"": true, ""G11_DATA_QUALITY_PASS"": false, ""G12_NONCONSTANT"": false, ""G13_ENGLISH_FULLTEXT_FORMULA_EVIDENCE"": false, ""G14_INDEPENDENT_SECOND_REVIEW_APPROVAL"": false}","[""G03_PRIMARY_OR_FOUNDATIONAL_EVIDENCE"", ""G04_REPRODUCIBLE_DEFINITION_AND_OPERATIONALIZATION"", ""G05_PUBLICATION_TIME"", ""G07_CURRENT_DATA_READY"", ""G11_DATA_QUALITY_PASS"", ""G12_NONCONSTANT"", ""G13_ENGLISH_FULLTEXT_FORMULA_EVIDENCE"", ""G14_INDEPENDENT_SECOND_REVIEW_APPROVAL""]",excluded,RECOVERED_GATE_FAILURE,exact_for_frozen_set_membership_not_original_per_gate_bytes,codex_session_log_nested_membership
EF0088,"{""G01_IN_SCOPE_ROLE"": true, ""G02_ARTICLE_LEVEL"": true, ""G03_PRIMARY_OR_FOUNDATIONAL_EVIDENCE"": false, ""G04_REPRODUCIBLE_DEFINITION_AND_OPERATIONALIZATION"": false, ""G05_PUBLICATION_TIME"": false, ""G06_NO_FUTURE_INFORMATION"": true, ""G07_CURRENT_DATA_READY"": false, ""G08_BIAS_GUARDRAIL"": true, ""G09_NO_FATAL_VALIDITY_CONCERN"": true, ""G10_OUTCOME_BLIND_SELECTION"": true, ""G11_DATA_QUALITY_PASS"": false, ""G12_NONCONSTANT"": false, ""G13_ENGLISH_FULLTEXT_FORMULA_EVIDENCE"": false, ""G14_INDEPENDENT_SECOND_REVIEW_APPROVAL"": false}","[""G03_PRIMARY_OR_FOUNDATIONAL_EVIDENCE"", ""G04_REPRODUCIBLE_DEFINITION_AND_OPERATIONALIZATION"", ""G05_PUBLICATION_TIME"", ""G07_CURRENT_DATA_READY"", ""G11_DATA_QUALITY_PASS"", ""G12_NONCONSTANT"", ""G13_ENGLISH_FULLTEXT_FORMULA_EVIDENCE"", ""G14_INDEPENDENT_SECOND_REVIEW_APPROVAL""]",excluded,RECOVERED_GATE_FAILURE,exact_for_frozen_set_membership_not_original_per_gate_bytes,codex_session_log_nested_membership
EF0089,"{""G01_IN_SCOPE_ROLE"": true, ""G02_ARTICLE_LEVEL"": true, ""G03_PRIMARY_OR_FOUNDATIONAL_EVIDENCE"": true, ""G04_REPRODUCIBLE_DEFINITION_AND_OPERATIONALIZATION"": false, ""G05_PUBLICATION_TIME"": true, ""G06_NO_FUTURE_INFORMATION"": true, ""G07_CURRENT_DATA_READY"": false, ""G08_BIAS_GUARDRAIL"": true, ""G09_NO_FATAL_VALIDITY_CONCERN"": true, ""G10_OUTCOME_BLIND_SELECTION"": true, ""G11_DATA_QUALITY_PASS"": false, ""G12_NONCONSTANT"": false, ""G13_ENGLISH_FULLTEXT_FORMULA_EVIDENCE"": false, ""G14_INDEPENDENT_SECOND_REVIEW_APPROVAL"": false}","[""G04_REPRODUCIBLE_DEFINITION_AND_OPERATIONALIZATION"", ""G07_CURRENT_DATA_READY"", ""G11_DATA_QUALITY_PASS"", ""G12_NONCONSTANT"", ""G13_ENGLISH_FULLTEXT_FORMULA_EVIDENCE"", ""G14_INDEPENDENT_SECOND_REVIEW_APPROVAL""]",excluded,RECOVERED_GATE_FAILURE,exact_for_frozen_set_membership_not_original_per_gate_bytes,codex_session_log_nested_membership
EF0090,"{""G01_IN_SCOPE_ROLE"": true, ""G02_ARTICLE_LEVEL"": true, ""G03_PRIMARY_OR_FOUNDATIONAL_EVIDENCE"": false, ""G04_REPRODUCIBLE_DEFINITION_AND_OPERATIONALIZATION"": false, ""G05_PUBLICATION_TIME"": false, ""G06_NO_FUTURE_INFORMATION"": true, ""G07_CURRENT_DATA_READY"": false, ""G08_BIAS_GUARDRAIL"": true, ""G09_NO_FATAL_VALIDITY_CONCERN"": true, ""G10_OUTCOME_BLIND_SELECTION"": true, ""G11_DATA_QUALITY_PASS"": false, ""G12_NONCONSTANT"": false, ""G13_ENGLISH_FULLTEXT_FORMULA_EVIDENCE"": false, ""G14_INDEPENDENT_SECOND_REVIEW_APPROVAL"": false}","[""G03_PRIMARY_OR_FOUNDATIONAL_EVIDENCE"", ""G04_REPRODUCIBLE_DEFINITION_AND_OPERATIONALIZATION"", ""G05_PUBLICATION_TIME"", ""G07_CURRENT_DATA_READY"", ""G11_DATA_QUALITY_PASS"", ""G12_NONCONSTANT"", ""G13_ENGLISH_FULLTEXT_FORMULA_EVIDENCE"", ""G14_INDEPENDENT_SECOND_REVIEW_APPROVAL""]",excluded,RECOVERED_GATE_FAILURE,exact_for_frozen_set_membership_not_original_per_gate_bytes,codex_session_log_nested_membership
EF0091,"{""G01_IN_SCOPE_ROLE"": true, ""G02_ARTICLE_LEVEL"": true, ""G03_PRIMARY_OR_FOUNDATIONAL_EVIDENCE"": false, ""G04_REPRODUCIBLE_DEFINITION_AND_OPERATIONALIZATION"": false, ""G05_PUBLICATION_TIME"": false, ""G06_NO_FUTURE_INFORMATION"": true, ""G07_CURRENT_DATA_READY"": false, ""G08_BIAS_GUARDRAIL"": true, ""G09_NO_FATAL_VALIDITY_CONCERN"": true, ""G10_OUTCOME_BLIND_SELECTION"": true, ""G11_DATA_QUALITY_PASS"": false, ""G12_NONCONSTANT"": false, ""G13_ENGLISH_FULLTEXT_FORMULA_EVIDENCE"": false, ""G14_INDEPENDENT_SECOND_REVIEW_APPROVAL"": false}","[""G03_PRIMARY_OR_FOUNDATIONAL_EVIDENCE"", ""G04_REPRODUCIBLE_DEFINITION_AND_OPERATIONALIZATION"", ""G05_PUBLICATION_TIME"", ""G07_CURRENT_DATA_READY"", ""G11_DATA_QUALITY_PASS"", ""G12_NONCONSTANT"", ""G13_ENGLISH_FULLTEXT_FORMULA_EVIDENCE"", ""G14_INDEPENDENT_SECOND_REVIEW_APPROVAL""]",excluded,RECOVERED_GATE_FAILURE,exact_for_frozen_set_membership_not_original_per_gate_bytes,codex_session_log_nested_membership
EF0092,"{""G01_IN_SCOPE_ROLE"": true, ""G02_ARTICLE_LEVEL"": true, ""G03_PRIMARY_OR_FOUNDATIONAL_EVIDENCE"": false, ""G04_REPRODUCIBLE_DEFINITION_AND_OPERATIONALIZATION"": false, ""G05_PUBLICATION_TIME"": false, ""G06_NO_FUTURE_INFORMATION"": true, ""G07_CURRENT_DATA_READY"": false, ""G08_BIAS_GUARDRAIL"": true, ""G09_NO_FATAL_VALIDITY_CONCERN"": true, ""G10_OUTCOME_BLIND_SELECTION"": true, ""G11_DATA_QUALITY_PASS"": false, ""G12_NONCONSTANT"": false, ""G13_ENGLISH_FULLTEXT_FORMULA_EVIDENCE"": false, ""G14_INDEPENDENT_SECOND_REVIEW_APPROVAL"": false}","[""G03_PRIMARY_OR_FOUNDATIONAL_EVIDENCE"", ""G04_REPRODUCIBLE_DEFINITION_AND_OPERATIONALIZATION"", ""G05_PUBLICATION_TIME"", ""G07_CURRENT_DATA_READY"", ""G11_DATA_QUALITY_PASS"", ""G12_NONCONSTANT"", ""G13_ENGLISH_FULLTEXT_FORMULA_EVIDENCE"", ""G14_INDEPENDENT_SECOND_REVIEW_APPROVAL""]",excluded,RECOVERED_GATE_FAILURE,exact_for_frozen_set_membership_not_original_per_gate_bytes,codex_session_log_nested_membership
EF0093,"{""G01_IN_SCOPE_ROLE"": true, ""G02_ARTICLE_LEVEL"": true, ""G03_PRIMARY_OR_FOUNDATIONAL_EVIDENCE"": true, ""G04_REPRODUCIBLE_DEFINITION_AND_OPERATIONALIZATION"": false, ""G05_PUBLICATION_TIME"": true, ""G06_NO_FUTURE_INFORMATION"": true, ""G07_CURRENT_DATA_READY"": false, ""G08_BIAS_GUARDRAIL"": true, ""G09_NO_FATAL_VALIDITY_CONCERN"": true, ""G10_OUTCOME_BLIND_SELECTION"": true, ""G11_DATA_QUALITY_PASS"": false, ""G12_NONCONSTANT"": false, ""G13_ENGLISH_FULLTEXT_FORMULA_EVIDENCE"": false, ""G14_INDEPENDENT_SECOND_REVIEW_APPROVAL"": false}","[""G04_REPRODUCIBLE_DEFINITION_AND_OPERATIONALIZATION"", ""G07_CURRENT_DATA_READY"", ""G11_DATA_QUALITY_PASS"", ""G12_NONCONSTANT"", ""G13_ENGLISH_FULLTEXT_FORMULA_EVIDENCE"", ""G14_INDEPENDENT_SECOND_REVIEW_APPROVAL""]",excluded,RECOVERED_GATE_FAILURE,exact_for_frozen_set_membership_not_original_per_gate_bytes,codex_session_log_nested_membership
EF0094,"{""G01_IN_SCOPE_ROLE"": true, ""G02_ARTICLE_LEVEL"": true, ""G03_PRIMARY_OR_FOUNDATIONAL_EVIDENCE"": true, ""G04_REPRODUCIBLE_DEFINITION_AND_OPERATIONALIZATION"": false, ""G05_PUBLICATION_TIME"": true, ""G06_NO_FUTURE_INFORMATION"": true, ""G07_CURRENT_DATA_READY"": false, ""G08_BIAS_GUARDRAIL"": true, ""G09_NO_FATAL_VALIDITY_CONCERN"": true, ""G10_OUTCOME_BLIND_SELECTION"": true, ""G11_DATA_QUALITY_PASS"": false, ""G12_NONCONSTANT"": false, ""G13_ENGLISH_FULLTEXT_FORMULA_EVIDENCE"": false, ""G14_INDEPENDENT_SECOND_REVIEW_APPROVAL"": false}","[""G04_REPRODUCIBLE_DEFINITION_AND_OPERATIONALIZATION"", ""G07_CURRENT_DATA_READY"", ""G11_DATA_QUALITY_PASS"", ""G12_NONCONSTANT"", ""G13_ENGLISH_FULLTEXT_FORMULA_EVIDENCE"", ""G14_INDEPENDENT_SECOND_REVIEW_APPROVAL""]",excluded,RECOVERED_GATE_FAILURE,exact_for_frozen_set_membership_not_original_per_gate_bytes,codex_session_log_nested_membership
EF0095,"{""G01_IN_SCOPE_ROLE"": true, ""G02_ARTICLE_LEVEL"": true, ""G03_PRIMARY_OR_FOUNDATIONAL_EVIDENCE"": false, ""G04_REPRODUCIBLE_DEFINITION_AND_OPERATIONALIZATION"": false, ""G05_PUBLICATION_TIME"": false, ""G06_NO_FUTURE_INFORMATION"": true, ""G07_CURRENT_DATA_READY"": false, ""G08_BIAS_GUARDRAIL"": true, ""G09_NO_FATAL_VALIDITY_CONCERN"": true, ""G10_OUTCOME_BLIND_SELECTION"": true, ""G11_DATA_QUALITY_PASS"": false, ""G12_NONCONSTANT"": false, ""G13_ENGLISH_FULLTEXT_FORMULA_EVIDENCE"": false, ""G14_INDEPENDENT_SECOND_REVIEW_APPROVAL"": false}","[""G03_PRIMARY_OR_FOUNDATIONAL_EVIDENCE"", ""G04_REPRODUCIBLE_DEFINITION_AND_OPERATIONALIZATION"", ""G05_PUBLICATION_TIME"", ""G07_CURRENT_DATA_READY"", ""G11_DATA_QUALITY_PASS"", ""G12_NONCONSTANT"", ""G13_ENGLISH_FULLTEXT_FORMULA_EVIDENCE"", ""G14_INDEPENDENT_SECOND_REVIEW_APPROVAL""]",excluded,RECOVERED_GATE_FAILURE,exact_for_frozen_set_membership_not_original_per_gate_bytes,codex_session_log_nested_membership
EF0096,"{""G01_IN_SCOPE_ROLE"": true, ""G02_ARTICLE_LEVEL"": true, ""G03_PRIMARY_OR_FOUNDATIONAL_EVIDENCE"": false, ""G04_REPRODUCIBLE_DEFINITION_AND_OPERATIONALIZATION"": false, ""G05_PUBLICATION_TIME"": false, ""G06_NO_FUTURE_INFORMATION"": true, ""G07_CURRENT_DATA_READY"": false, ""G08_BIAS_GUARDRAIL"": true, ""G09_NO_FATAL_VALIDITY_CONCERN"": true, ""G10_OUTCOME_BLIND_SELECTION"": true, ""G11_DATA_QUALITY_PASS"": false, ""G12_NONCONSTANT"": false, ""G13_ENGLISH_FULLTEXT_FORMULA_EVIDENCE"": false, ""G14_INDEPENDENT_SECOND_REVIEW_APPROVAL"": false}","[""G03_PRIMARY_OR_FOUNDATIONAL_EVIDENCE"", ""G04_REPRODUCIBLE_DEFINITION_AND_OPERATIONALIZATION"", ""G05_PUBLICATION_TIME"", ""G07_CURRENT_DATA_READY"", ""G11_DATA_QUALITY_PASS"", ""G12_NONCONSTANT"", ""G13_ENGLISH_FULLTEXT_FORMULA_EVIDENCE"", ""G14_INDEPENDENT_SECOND_REVIEW_APPROVAL""]",excluded,RECOVERED_GATE_FAILURE,exact_for_frozen_set_membership_not_original_per_gate_bytes,codex_session_log_nested_membership
EF0097,"{""G01_IN_SCOPE_ROLE"": true, ""G02_ARTICLE_LEVEL"": true, ""G03_PRIMARY_OR_FOUNDATIONAL_EVIDENCE"": false, ""G04_REPRODUCIBLE_DEFINITION_AND_OPERATIONALIZATION"": false, ""G05_PUBLICATION_TIME"": false, ""G06_NO_FUTURE_INFORMATION"": true, ""G07_CURRENT_DATA_READY"": false, ""G08_BIAS_GUARDRAIL"": true, ""G09_NO_FATAL_VALIDITY_CONCERN"": true, ""G10_OUTCOME_BLIND_SELECTION"": true, ""G11_DATA_QUALITY_PASS"": false, ""G12_NONCONSTANT"": false, ""G13_ENGLISH_FULLTEXT_FORMULA_EVIDENCE"": false, ""G14_INDEPENDENT_SECOND_REVIEW_APPROVAL"": false}","[""G03_PRIMARY_OR_FOUNDATIONAL_EVIDENCE"", ""G04_REPRODUCIBLE_DEFINITION_AND_OPERATIONALIZATION"", ""G05_PUBLICATION_TIME"", ""G07_CURRENT_DATA_READY"", ""G11_DATA_QUALITY_PASS"", ""G12_NONCONSTANT"", ""G13_ENGLISH_FULLTEXT_FORMULA_EVIDENCE"", ""G14_INDEPENDENT_SECOND_REVIEW_APPROVAL""]",excluded,RECOVERED_GATE_FAILURE,exact_for_frozen_set_membership_not_original_per_gate_bytes,codex_session_log_nested_membership
EF0098,"{""G01_IN_SCOPE_ROLE"": true, ""G02_ARTICLE_LEVEL"": true, ""G03_PRIMARY_OR_FOUNDATIONAL_EVIDENCE"": false, ""G04_REPRODUCIBLE_DEFINITION_AND_OPERATIONALIZATION"": false, ""G05_PUBLICATION_TIME"": false, ""G06_NO_FUTURE_INFORMATION"": true, ""G07_CURRENT_DATA_READY"": false, ""G08_BIAS_GUARDRAIL"": true, ""G09_NO_FATAL_VALIDITY_CONCERN"": true, ""G10_OUTCOME_BLIND_SELECTION"": true, ""G11_DATA_QUALITY_PASS"": false, ""G12_NONCONSTANT"": false, ""G13_ENGLISH_FULLTEXT_FORMULA_EVIDENCE"": false, ""G14_INDEPENDENT_SECOND_REVIEW_APPROVAL"": false}","[""G03_PRIMARY_OR_FOUNDATIONAL_EVIDENCE"", ""G04_REPRODUCIBLE_DEFINITION_AND_OPERATIONALIZATION"", ""G05_PUBLICATION_TIME"", ""G07_CURRENT_DATA_READY"", ""G11_DATA_QUALITY_PASS"", ""G12_NONCONSTANT"", ""G13_ENGLISH_FULLTEXT_FORMULA_EVIDENCE"", ""G14_INDEPENDENT_SECOND_REVIEW_APPROVAL""]",excluded,RECOVERED_GATE_FAILURE,exact_for_frozen_set_membership_not_original_per_gate_bytes,codex_session_log_nested_membership
EF0099,"{""G01_IN_SCOPE_ROLE"": true, ""G02_ARTICLE_LEVEL"": true, ""G03_PRIMARY_OR_FOUNDATIONAL_EVIDENCE"": true, ""G04_REPRODUCIBLE_DEFINITION_AND_OPERATIONALIZATION"": false, ""G05_PUBLICATION_TIME"": true, ""G06_NO_FUTURE_INFORMATION"": true, ""G07_CURRENT_DATA_READY"": false, ""G08_BIAS_GUARDRAIL"": true, ""G09_NO_FATAL_VALIDITY_CONCERN"": true, ""G10_OUTCOME_BLIND_SELECTION"": true, ""G11_DATA_QUALITY_PASS"": false, ""G12_NONCONSTANT"": false, ""G13_ENGLISH_FULLTEXT_FORMULA_EVIDENCE"": false, ""G14_INDEPENDENT_SECOND_REVIEW_APPROVAL"": false}","[""G04_REPRODUCIBLE_DEFINITION_AND_OPERATIONALIZATION"", ""G07_CURRENT_DATA_READY"", ""G11_DATA_QUALITY_PASS"", ""G12_NONCONSTANT"", ""G13_ENGLISH_FULLTEXT_FORMULA_EVIDENCE"", ""G14_INDEPENDENT_SECOND_REVIEW_APPROVAL""]",excluded,RECOVERED_GATE_FAILURE,exact_for_frozen_set_membership_not_original_per_gate_bytes,codex_session_log_nested_membership
EF0100,"{""G01_IN_SCOPE_ROLE"": true, ""G02_ARTICLE_LEVEL"": true, ""G03_PRIMARY_OR_FOUNDATIONAL_EVIDENCE"": false, ""G04_REPRODUCIBLE_DEFINITION_AND_OPERATIONALIZATION"": false, ""G05_PUBLICATION_TIME"": false, ""G06_NO_FUTURE_INFORMATION"": true, ""G07_CURRENT_DATA_READY"": false, ""G08_BIAS_GUARDRAIL"": true, ""G09_NO_FATAL_VALIDITY_CONCERN"": true, ""G10_OUTCOME_BLIND_SELECTION"": true, ""G11_DATA_QUALITY_PASS"": false, ""G12_NONCONSTANT"": false, ""G13_ENGLISH_FULLTEXT_FORMULA_EVIDENCE"": false, ""G14_INDEPENDENT_SECOND_REVIEW_APPROVAL"": false}","[""G03_PRIMARY_OR_FOUNDATIONAL_EVIDENCE"", ""G04_REPRODUCIBLE_DEFINITION_AND_OPERATIONALIZATION"", ""G05_PUBLICATION_TIME"", ""G07_CURRENT_DATA_READY"", ""G11_DATA_QUALITY_PASS"", ""G12_NONCONSTANT"", ""G13_ENGLISH_FULLTEXT_FORMULA_EVIDENCE"", ""G14_INDEPENDENT_SECOND_REVIEW_APPROVAL""]",excluded,RECOVERED_GATE_FAILURE,exact_for_frozen_set_membership_not_original_per_gate_bytes,codex_session_log_nested_membership
EF0101,"{""G01_IN_SCOPE_ROLE"": true, ""G02_ARTICLE_LEVEL"": true, ""G03_PRIMARY_OR_FOUNDATIONAL_EVIDENCE"": false, ""G04_REPRODUCIBLE_DEFINITION_AND_OPERATIONALIZATION"": false, ""G05_PUBLICATION_TIME"": false, ""G06_NO_FUTURE_INFORMATION"": true, ""G07_CURRENT_DATA_READY"": false, ""G08_BIAS_GUARDRAIL"": true, ""G09_NO_FATAL_VALIDITY_CONCERN"": true, ""G10_OUTCOME_BLIND_SELECTION"": true, ""G11_DATA_QUALITY_PASS"": false, ""G12_NONCONSTANT"": false, ""G13_ENGLISH_FULLTEXT_FORMULA_EVIDENCE"": false, ""G14_INDEPENDENT_SECOND_REVIEW_APPROVAL"": false}","[""G03_PRIMARY_OR_FOUNDATIONAL_EVIDENCE"", ""G04_REPRODUCIBLE_DEFINITION_AND_OPERATIONALIZATION"", ""G05_PUBLICATION_TIME"", ""G07_CURRENT_DATA_READY"", ""G11_DATA_QUALITY_PASS"", ""G12_NONCONSTANT"", ""G13_ENGLISH_FULLTEXT_FORMULA_EVIDENCE"", ""G14_INDEPENDENT_SECOND_REVIEW_APPROVAL""]",excluded,RECOVERED_GATE_FAILURE,exact_for_frozen_set_membership_not_original_per_gate_bytes,codex_session_log_nested_membership
EF0102,"{""G01_IN_SCOPE_ROLE"": true, ""G02_ARTICLE_LEVEL"": true, ""G03_PRIMARY_OR_FOUNDATIONAL_EVIDENCE"": true, ""G04_REPRODUCIBLE_DEFINITION_AND_OPERATIONALIZATION"": false, ""G05_PUBLICATION_TIME"": true, ""G06_NO_FUTURE_INFORMATION"": true, ""G07_CURRENT_DATA_READY"": false, ""G08_BIAS_GUARDRAIL"": true, ""G09_NO_FATAL_VALIDITY_CONCERN"": true, ""G10_OUTCOME_BLIND_SELECTION"": true, ""G11_DATA_QUALITY_PASS"": false, ""G12_NONCONSTANT"": false, ""G13_ENGLISH_FULLTEXT_FORMULA_EVIDENCE"": false, ""G14_INDEPENDENT_SECOND_REVIEW_APPROVAL"": false}","[""G04_REPRODUCIBLE_DEFINITION_AND_OPERATIONALIZATION"", ""G07_CURRENT_DATA_READY"", ""G11_DATA_QUALITY_PASS"", ""G12_NONCONSTANT"", ""G13_ENGLISH_FULLTEXT_FORMULA_EVIDENCE"", ""G14_INDEPENDENT_SECOND_REVIEW_APPROVAL""]",excluded,RECOVERED_GATE_FAILURE,exact_for_frozen_set_membership_not_original_per_gate_bytes,codex_session_log_nested_membership
EF0103,"{""G01_IN_SCOPE_ROLE"": true, ""G02_ARTICLE_LEVEL"": true, ""G03_PRIMARY_OR_FOUNDATIONAL_EVIDENCE"": false, ""G04_REPRODUCIBLE_DEFINITION_AND_OPERATIONALIZATION"": false, ""G05_PUBLICATION_TIME"": false, ""G06_NO_FUTURE_INFORMATION"": true, ""G07_CURRENT_DATA_READY"": false, ""G08_BIAS_GUARDRAIL"": true, ""G09_NO_FATAL_VALIDITY_CONCERN"": true, ""G10_OUTCOME_BLIND_SELECTION"": true, ""G11_DATA_QUALITY_PASS"": false, ""G12_NONCONSTANT"": false, ""G13_ENGLISH_FULLTEXT_FORMULA_EVIDENCE"": false, ""G14_INDEPENDENT_SECOND_REVIEW_APPROVAL"": false}","[""G03_PRIMARY_OR_FOUNDATIONAL_EVIDENCE"", ""G04_REPRODUCIBLE_DEFINITION_AND_OPERATIONALIZATION"", ""G05_PUBLICATION_TIME"", ""G07_CURRENT_DATA_READY"", ""G11_DATA_QUALITY_PASS"", ""G12_NONCONSTANT"", ""G13_ENGLISH_FULLTEXT_FORMULA_EVIDENCE"", ""G14_INDEPENDENT_SECOND_REVIEW_APPROVAL""]",excluded,RECOVERED_GATE_FAILURE,exact_for_frozen_set_membership_not_original_per_gate_bytes,codex_session_log_nested_membership
EF0104,"{""G01_IN_SCOPE_ROLE"": true, ""G02_ARTICLE_LEVEL"": true, ""G03_PRIMARY_OR_FOUNDATIONAL_EVIDENCE"": false, ""G04_REPRODUCIBLE_DEFINITION_AND_OPERATIONALIZATION"": false, ""G05_PUBLICATION_TIME"": false, ""G06_NO_FUTURE_INFORMATION"": true, ""G07_CURRENT_DATA_READY"": false, ""G08_BIAS_GUARDRAIL"": true, ""G09_NO_FATAL_VALIDITY_CONCERN"": true, ""G10_OUTCOME_BLIND_SELECTION"": true, ""G11_DATA_QUALITY_PASS"": false, ""G12_NONCONSTANT"": false, ""G13_ENGLISH_FULLTEXT_FORMULA_EVIDENCE"": false, ""G14_INDEPENDENT_SECOND_REVIEW_APPROVAL"": false}","[""G03_PRIMARY_OR_FOUNDATIONAL_EVIDENCE"", ""G04_REPRODUCIBLE_DEFINITION_AND_OPERATIONALIZATION"", ""G05_PUBLICATION_TIME"", ""G07_CURRENT_DATA_READY"", ""G11_DATA_QUALITY_PASS"", ""G12_NONCONSTANT"", ""G13_ENGLISH_FULLTEXT_FORMULA_EVIDENCE"", ""G14_INDEPENDENT_SECOND_REVIEW_APPROVAL""]",excluded,RECOVERED_GATE_FAILURE,exact_for_frozen_set_membership_not_original_per_gate_bytes,codex_session_log_nested_membership
EF0105,"{""G01_IN_SCOPE_ROLE"": true, ""G02_ARTICLE_LEVEL"": true, ""G03_PRIMARY_OR_FOUNDATIONAL_EVIDENCE"": false, ""G04_REPRODUCIBLE_DEFINITION_AND_OPERATIONALIZATION"": false, ""G05_PUBLICATION_TIME"": false, ""G06_NO_FUTURE_INFORMATION"": true, ""G07_CURRENT_DATA_READY"": false, ""G08_BIAS_GUARDRAIL"": true, ""G09_NO_FATAL_VALIDITY_CONCERN"": true, ""G10_OUTCOME_BLIND_SELECTION"": true, ""G11_DATA_QUALITY_PASS"": false, ""G12_NONCONSTANT"": false, ""G13_ENGLISH_FULLTEXT_FORMULA_EVIDENCE"": false, ""G14_INDEPENDENT_SECOND_REVIEW_APPROVAL"": false}","[""G03_PRIMARY_OR_FOUNDATIONAL_EVIDENCE"", ""G04_REPRODUCIBLE_DEFINITION_AND_OPERATIONALIZATION"", ""G05_PUBLICATION_TIME"", ""G07_CURRENT_DATA_READY"", ""G11_DATA_QUALITY_PASS"", ""G12_NONCONSTANT"", ""G13_ENGLISH_FULLTEXT_FORMULA_EVIDENCE"", ""G14_INDEPENDENT_SECOND_REVIEW_APPROVAL""]",excluded,RECOVERED_GATE_FAILURE,exact_for_frozen_set_membership_not_original_per_gate_bytes,codex_session_log_nested_membership
EF0106,"{""G01_IN_SCOPE_ROLE"": true, ""G02_ARTICLE_LEVEL"": true, ""G03_PRIMARY_OR_FOUNDATIONAL_EVIDENCE"": true, ""G04_REPRODUCIBLE_DEFINITION_AND_OPERATIONALIZATION"": false, ""G05_PUBLICATION_TIME"": true, ""G06_NO_FUTURE_INFORMATION"": true, ""G07_CURRENT_DATA_READY"": false, ""G08_BIAS_GUARDRAIL"": true, ""G09_NO_FATAL_VALIDITY_CONCERN"": true, ""G10_OUTCOME_BLIND_SELECTION"": true, ""G11_DATA_QUALITY_PASS"": false, ""G12_NONCONSTANT"": false, ""G13_ENGLISH_FULLTEXT_FORMULA_EVIDENCE"": false, ""G14_INDEPENDENT_SECOND_REVIEW_APPROVAL"": false}","[""G04_REPRODUCIBLE_DEFINITION_AND_OPERATIONALIZATION"", ""G07_CURRENT_DATA_READY"", ""G11_DATA_QUALITY_PASS"", ""G12_NONCONSTANT"", ""G13_ENGLISH_FULLTEXT_FORMULA_EVIDENCE"", ""G14_INDEPENDENT_SECOND_REVIEW_APPROVAL""]",excluded,RECOVERED_GATE_FAILURE,exact_for_frozen_set_membership_not_original_per_gate_bytes,codex_session_log_nested_membership
EF0107,"{""G01_IN_SCOPE_ROLE"": true, ""G02_ARTICLE_LEVEL"": true, ""G03_PRIMARY_OR_FOUNDATIONAL_EVIDENCE"": false, ""G04_REPRODUCIBLE_DEFINITION_AND_OPERATIONALIZATION"": false, ""G05_PUBLICATION_TIME"": false, ""G06_NO_FUTURE_INFORMATION"": true, ""G07_CURRENT_DATA_READY"": false, ""G08_BIAS_GUARDRAIL"": true, ""G09_NO_FATAL_VALIDITY_CONCERN"": true, ""G10_OUTCOME_BLIND_SELECTION"": true, ""G11_DATA_QUALITY_PASS"": false, ""G12_NONCONSTANT"": false, ""G13_ENGLISH_FULLTEXT_FORMULA_EVIDENCE"": false, ""G14_INDEPENDENT_SECOND_REVIEW_APPROVAL"": false}","[""G03_PRIMARY_OR_FOUNDATIONAL_EVIDENCE"", ""G04_REPRODUCIBLE_DEFINITION_AND_OPERATIONALIZATION"", ""G05_PUBLICATION_TIME"", ""G07_CURRENT_DATA_READY"", ""G11_DATA_QUALITY_PASS"", ""G12_NONCONSTANT"", ""G13_ENGLISH_FULLTEXT_FORMULA_EVIDENCE"", ""G14_INDEPENDENT_SECOND_REVIEW_APPROVAL""]",excluded,RECOVERED_GATE_FAILURE,exact_for_frozen_set_membership_not_original_per_gate_bytes,codex_session_log_nested_membership
EF0108,"{""G01_IN_SCOPE_ROLE"": true, ""G02_ARTICLE_LEVEL"": true, ""G03_PRIMARY_OR_FOUNDATIONAL_EVIDENCE"": false, ""G04_REPRODUCIBLE_DEFINITION_AND_OPERATIONALIZATION"": false, ""G05_PUBLICATION_TIME"": false, ""G06_NO_FUTURE_INFORMATION"": true, ""G07_CURRENT_DATA_READY"": false, ""G08_BIAS_GUARDRAIL"": true, ""G09_NO_FATAL_VALIDITY_CONCERN"": true, ""G10_OUTCOME_BLIND_SELECTION"": true, ""G11_DATA_QUALITY_PASS"": false, ""G12_NONCONSTANT"": false, ""G13_ENGLISH_FULLTEXT_FORMULA_EVIDENCE"": false, ""G14_INDEPENDENT_SECOND_REVIEW_APPROVAL"": false}","[""G03_PRIMARY_OR_FOUNDATIONAL_EVIDENCE"", ""G04_REPRODUCIBLE_DEFINITION_AND_OPERATIONALIZATION"", ""G05_PUBLICATION_TIME"", ""G07_CURRENT_DATA_READY"", ""G11_DATA_QUALITY_PASS"", ""G12_NONCONSTANT"", ""G13_ENGLISH_FULLTEXT_FORMULA_EVIDENCE"", ""G14_INDEPENDENT_SECOND_REVIEW_APPROVAL""]",excluded,RECOVERED_GATE_FAILURE,exact_for_frozen_set_membership_not_original_per_gate_bytes,codex_session_log_nested_membership
EF0109,"{""G01_IN_SCOPE_ROLE"": true, ""G02_ARTICLE_LEVEL"": true, ""G03_PRIMARY_OR_FOUNDATIONAL_EVIDENCE"": true, ""G04_REPRODUCIBLE_DEFINITION_AND_OPERATIONALIZATION"": false, ""G05_PUBLICATION_TIME"": true, ""G06_NO_FUTURE_INFORMATION"": true, ""G07_CURRENT_DATA_READY"": false, ""G08_BIAS_GUARDRAIL"": true, ""G09_NO_FATAL_VALIDITY_CONCERN"": true, ""G10_OUTCOME_BLIND_SELECTION"": true, ""G11_DATA_QUALITY_PASS"": false, ""G12_NONCONSTANT"": false, ""G13_ENGLISH_FULLTEXT_FORMULA_EVIDENCE"": false, ""G14_INDEPENDENT_SECOND_REVIEW_APPROVAL"": false}","[""G04_REPRODUCIBLE_DEFINITION_AND_OPERATIONALIZATION"", ""G07_CURRENT_DATA_READY"", ""G11_DATA_QUALITY_PASS"", ""G12_NONCONSTANT"", ""G13_ENGLISH_FULLTEXT_FORMULA_EVIDENCE"", ""G14_INDEPENDENT_SECOND_REVIEW_APPROVAL""]",excluded,RECOVERED_GATE_FAILURE,exact_for_frozen_set_membership_not_original_per_gate_bytes,codex_session_log_nested_membership
EF0110,"{""G01_IN_SCOPE_ROLE"": true, ""G02_ARTICLE_LEVEL"": true, ""G03_PRIMARY_OR_FOUNDATIONAL_EVIDENCE"": false, ""G04_REPRODUCIBLE_DEFINITION_AND_OPERATIONALIZATION"": false, ""G05_PUBLICATION_TIME"": true, ""G06_NO_FUTURE_INFORMATION"": true, ""G07_CURRENT_DATA_READY"": false, ""G08_BIAS_GUARDRAIL"": true, ""G09_NO_FATAL_VALIDITY_CONCERN"": true, ""G10_OUTCOME_BLIND_SELECTION"": true, ""G11_DATA_QUALITY_PASS"": false, ""G12_NONCONSTANT"": false, ""G13_ENGLISH_FULLTEXT_FORMULA_EVIDENCE"": false, ""G14_INDEPENDENT_SECOND_REVIEW_APPROVAL"": false}","[""G03_PRIMARY_OR_FOUNDATIONAL_EVIDENCE"", ""G04_REPRODUCIBLE_DEFINITION_AND_OPERATIONALIZATION"", ""G07_CURRENT_DATA_READY"", ""G11_DATA_QUALITY_PASS"", ""G12_NONCONSTANT"", ""G13_ENGLISH_FULLTEXT_FORMULA_EVIDENCE"", ""G14_INDEPENDENT_SECOND_REVIEW_APPROVAL""]",excluded,RECOVERED_GATE_FAILURE,exact_for_frozen_set_membership_not_original_per_gate_bytes,codex_session_log_nested_membership
EF0111,"{""G01_IN_SCOPE_ROLE"": true, ""G02_ARTICLE_LEVEL"": true, ""G03_PRIMARY_OR_FOUNDATIONAL_EVIDENCE"": true, ""G04_REPRODUCIBLE_DEFINITION_AND_OPERATIONALIZATION"": false, ""G05_PUBLICATION_TIME"": true, ""G06_NO_FUTURE_INFORMATION"": true, ""G07_CURRENT_DATA_READY"": false, ""G08_BIAS_GUARDRAIL"": true, ""G09_NO_FATAL_VALIDITY_CONCERN"": true, ""G10_OUTCOME_BLIND_SELECTION"": true, ""G11_DATA_QUALITY_PASS"": false, ""G12_NONCONSTANT"": false, ""G13_ENGLISH_FULLTEXT_FORMULA_EVIDENCE"": false, ""G14_INDEPENDENT_SECOND_REVIEW_APPROVAL"": false}","[""G04_REPRODUCIBLE_DEFINITION_AND_OPERATIONALIZATION"", ""G07_CURRENT_DATA_READY"", ""G11_DATA_QUALITY_PASS"", ""G12_NONCONSTANT"", ""G13_ENGLISH_FULLTEXT_FORMULA_EVIDENCE"", ""G14_INDEPENDENT_SECOND_REVIEW_APPROVAL""]",excluded,RECOVERED_GATE_FAILURE,exact_for_frozen_set_membership_not_original_per_gate_bytes,codex_session_log_nested_membership
EF0112,"{""G01_IN_SCOPE_ROLE"": true, ""G02_ARTICLE_LEVEL"": true, ""G03_PRIMARY_OR_FOUNDATIONAL_EVIDENCE"": false, ""G04_REPRODUCIBLE_DEFINITION_AND_OPERATIONALIZATION"": false, ""G05_PUBLICATION_TIME"": false, ""G06_NO_FUTURE_INFORMATION"": true, ""G07_CURRENT_DATA_READY"": false, ""G08_BIAS_GUARDRAIL"": true, ""G09_NO_FATAL_VALIDITY_CONCERN"": true, ""G10_OUTCOME_BLIND_SELECTION"": true, ""G11_DATA_QUALITY_PASS"": false, ""G12_NONCONSTANT"": false, ""G13_ENGLISH_FULLTEXT_FORMULA_EVIDENCE"": false, ""G14_INDEPENDENT_SECOND_REVIEW_APPROVAL"": false}","[""G03_PRIMARY_OR_FOUNDATIONAL_EVIDENCE"", ""G04_REPRODUCIBLE_DEFINITION_AND_OPERATIONALIZATION"", ""G05_PUBLICATION_TIME"", ""G07_CURRENT_DATA_READY"", ""G11_DATA_QUALITY_PASS"", ""G12_NONCONSTANT"", ""G13_ENGLISH_FULLTEXT_FORMULA_EVIDENCE"", ""G14_INDEPENDENT_SECOND_REVIEW_APPROVAL""]",excluded,RECOVERED_GATE_FAILURE,exact_for_frozen_set_membership_not_original_per_gate_bytes,codex_session_log_nested_membership
EF0113,"{""G01_IN_SCOPE_ROLE"": true, ""G02_ARTICLE_LEVEL"": true, ""G03_PRIMARY_OR_FOUNDATIONAL_EVIDENCE"": true, ""G04_REPRODUCIBLE_DEFINITION_AND_OPERATIONALIZATION"": false, ""G05_PUBLICATION_TIME"": true, ""G06_NO_FUTURE_INFORMATION"": true, ""G07_CURRENT_DATA_READY"": false, ""G08_BIAS_GUARDRAIL"": true, ""G09_NO_FATAL_VALIDITY_CONCERN"": true, ""G10_OUTCOME_BLIND_SELECTION"": true, ""G11_DATA_QUALITY_PASS"": false, ""G12_NONCONSTANT"": false, ""G13_ENGLISH_FULLTEXT_FORMULA_EVIDENCE"": false, ""G14_INDEPENDENT_SECOND_REVIEW_APPROVAL"": false}","[""G04_REPRODUCIBLE_DEFINITION_AND_OPERATIONALIZATION"", ""G07_CURRENT_DATA_READY"", ""G11_DATA_QUALITY_PASS"", ""G12_NONCONSTANT"", ""G13_ENGLISH_FULLTEXT_FORMULA_EVIDENCE"", ""G14_INDEPENDENT_SECOND_REVIEW_APPROVAL""]",excluded,RECOVERED_GATE_FAILURE,exact_for_frozen_set_membership_not_original_per_gate_bytes,codex_session_log_nested_membership
EF0114,"{""G01_IN_SCOPE_ROLE"": true, ""G02_ARTICLE_LEVEL"": true, ""G03_PRIMARY_OR_FOUNDATIONAL_EVIDENCE"": false, ""G04_REPRODUCIBLE_DEFINITION_AND_OPERATIONALIZATION"": false, ""G05_PUBLICATION_TIME"": false, ""G06_NO_FUTURE_INFORMATION"": true, ""G07_CURRENT_DATA_READY"": false, ""G08_BIAS_GUARDRAIL"": true, ""G09_NO_FATAL_VALIDITY_CONCERN"": true, ""G10_OUTCOME_BLIND_SELECTION"": true, ""G11_DATA_QUALITY_PASS"": false, ""G12_NONCONSTANT"": false, ""G13_ENGLISH_FULLTEXT_FORMULA_EVIDENCE"": false, ""G14_INDEPENDENT_SECOND_REVIEW_APPROVAL"": false}","[""G03_PRIMARY_OR_FOUNDATIONAL_EVIDENCE"", ""G04_REPRODUCIBLE_DEFINITION_AND_OPERATIONALIZATION"", ""G05_PUBLICATION_TIME"", ""G07_CURRENT_DATA_READY"", ""G11_DATA_QUALITY_PASS"", ""G12_NONCONSTANT"", ""G13_ENGLISH_FULLTEXT_FORMULA_EVIDENCE"", ""G14_INDEPENDENT_SECOND_REVIEW_APPROVAL""]",excluded,RECOVERED_GATE_FAILURE,exact_for_frozen_set_membership_not_original_per_gate_bytes,codex_session_log_nested_membership
EF0115,"{""G01_IN_SCOPE_ROLE"": true, ""G02_ARTICLE_LEVEL"": true, ""G03_PRIMARY_OR_FOUNDATIONAL_EVIDENCE"": false, ""G04_REPRODUCIBLE_DEFINITION_AND_OPERATIONALIZATION"": false, ""G05_PUBLICATION_TIME"": true, ""G06_NO_FUTURE_INFORMATION"": true, ""G07_CURRENT_DATA_READY"": false, ""G08_BIAS_GUARDRAIL"": true, ""G09_NO_FATAL_VALIDITY_CONCERN"": true, ""G10_OUTCOME_BLIND_SELECTION"": true, ""G11_DATA_QUALITY_PASS"": false, ""G12_NONCONSTANT"": false, ""G13_ENGLISH_FULLTEXT_FORMULA_EVIDENCE"": false, ""G14_INDEPENDENT_SECOND_REVIEW_APPROVAL"": false}","[""G03_PRIMARY_OR_FOUNDATIONAL_EVIDENCE"", ""G04_REPRODUCIBLE_DEFINITION_AND_OPERATIONALIZATION"", ""G07_CURRENT_DATA_READY"", ""G11_DATA_QUALITY_PASS"", ""G12_NONCONSTANT"", ""G13_ENGLISH_FULLTEXT_FORMULA_EVIDENCE"", ""G14_INDEPENDENT_SECOND_REVIEW_APPROVAL""]",excluded,RECOVERED_GATE_FAILURE,exact_for_frozen_set_membership_not_original_per_gate_bytes,codex_session_log_nested_membership
EF0116,"{""G01_IN_SCOPE_ROLE"": true, ""G02_ARTICLE_LEVEL"": true, ""G03_PRIMARY_OR_FOUNDATIONAL_EVIDENCE"": true, ""G04_REPRODUCIBLE_DEFINITION_AND_OPERATIONALIZATION"": false, ""G05_PUBLICATION_TIME"": true, ""G06_NO_FUTURE_INFORMATION"": true, ""G07_CURRENT_DATA_READY"": false, ""G08_BIAS_GUARDRAIL"": true, ""G09_NO_FATAL_VALIDITY_CONCERN"": true, ""G10_OUTCOME_BLIND_SELECTION"": true, ""G11_DATA_QUALITY_PASS"": false, ""G12_NONCONSTANT"": false, ""G13_ENGLISH_FULLTEXT_FORMULA_EVIDENCE"": false, ""G14_INDEPENDENT_SECOND_REVIEW_APPROVAL"": false}","[""G04_REPRODUCIBLE_DEFINITION_AND_OPERATIONALIZATION"", ""G07_CURRENT_DATA_READY"", ""G11_DATA_QUALITY_PASS"", ""G12_NONCONSTANT"", ""G13_ENGLISH_FULLTEXT_FORMULA_EVIDENCE"", ""G14_INDEPENDENT_SECOND_REVIEW_APPROVAL""]",excluded,RECOVERED_GATE_FAILURE,exact_for_frozen_set_membership_not_original_per_gate_bytes,codex_session_log_nested_membership
EF0117,"{""G01_IN_SCOPE_ROLE"": true, ""G02_ARTICLE_LEVEL"": true, ""G03_PRIMARY_OR_FOUNDATIONAL_EVIDENCE"": true, ""G04_REPRODUCIBLE_DEFINITION_AND_OPERATIONALIZATION"": false, ""G05_PUBLICATION_TIME"": true, ""G06_NO_FUTURE_INFORMATION"": true, ""G07_CURRENT_DATA_READY"": false, ""G08_BIAS_GUARDRAIL"": true, ""G09_NO_FATAL_VALIDITY_CONCERN"": true, ""G10_OUTCOME_BLIND_SELECTION"": true, ""G11_DATA_QUALITY_PASS"": false, ""G12_NONCONSTANT"": false, ""G13_ENGLISH_FULLTEXT_FORMULA_EVIDENCE"": false, ""G14_INDEPENDENT_SECOND_REVIEW_APPROVAL"": false}","[""G04_REPRODUCIBLE_DEFINITION_AND_OPERATIONALIZATION"", ""G07_CURRENT_DATA_READY"", ""G11_DATA_QUALITY_PASS"", ""G12_NONCONSTANT"", ""G13_ENGLISH_FULLTEXT_FORMULA_EVIDENCE"", ""G14_INDEPENDENT_SECOND_REVIEW_APPROVAL""]",excluded,RECOVERED_GATE_FAILURE,exact_for_frozen_set_membership_not_original_per_gate_bytes,codex_session_log_nested_membership
EF0118,"{""G01_IN_SCOPE_ROLE"": true, ""G02_ARTICLE_LEVEL"": true, ""G03_PRIMARY_OR_FOUNDATIONAL_EVIDENCE"": true, ""G04_REPRODUCIBLE_DEFINITION_AND_OPERATIONALIZATION"": false, ""G05_PUBLICATION_TIME"": true, ""G06_NO_FUTURE_INFORMATION"": true, ""G07_CURRENT_DATA_READY"": false, ""G08_BIAS_GUARDRAIL"": true, ""G09_NO_FATAL_VALIDITY_CONCERN"": true, ""G10_OUTCOME_BLIND_SELECTION"": true, ""G11_DATA_QUALITY_PASS"": false, ""G12_NONCONSTANT"": false, ""G13_ENGLISH_FULLTEXT_FORMULA_EVIDENCE"": false, ""G14_INDEPENDENT_SECOND_REVIEW_APPROVAL"": false}","[""G04_REPRODUCIBLE_DEFINITION_AND_OPERATIONALIZATION"", ""G07_CURRENT_DATA_READY"", ""G11_DATA_QUALITY_PASS"", ""G12_NONCONSTANT"", ""G13_ENGLISH_FULLTEXT_FORMULA_EVIDENCE"", ""G14_INDEPENDENT_SECOND_REVIEW_APPROVAL""]",excluded,RECOVERED_GATE_FAILURE,exact_for_frozen_set_membership_not_original_per_gate_bytes,codex_session_log_nested_membership
EF0119,"{""G01_IN_SCOPE_ROLE"": true, ""G02_ARTICLE_LEVEL"": true, ""G03_PRIMARY_OR_FOUNDATIONAL_EVIDENCE"": false, ""G04_REPRODUCIBLE_DEFINITION_AND_OPERATIONALIZATION"": false, ""G05_PUBLICATION_TIME"": false, ""G06_NO_FUTURE_INFORMATION"": true, ""G07_CURRENT_DATA_READY"": false, ""G08_BIAS_GUARDRAIL"": true, ""G09_NO_FATAL_VALIDITY_CONCERN"": true, ""G10_OUTCOME_BLIND_SELECTION"": true, ""G11_DATA_QUALITY_PASS"": false, ""G12_NONCONSTANT"": false, ""G13_ENGLISH_FULLTEXT_FORMULA_EVIDENCE"": false, ""G14_INDEPENDENT_SECOND_REVIEW_APPROVAL"": false}","[""G03_PRIMARY_OR_FOUNDATIONAL_EVIDENCE"", ""G04_REPRODUCIBLE_DEFINITION_AND_OPERATIONALIZATION"", ""G05_PUBLICATION_TIME"", ""G07_CURRENT_DATA_READY"", ""G11_DATA_QUALITY_PASS"", ""G12_NONCONSTANT"", ""G13_ENGLISH_FULLTEXT_FORMULA_EVIDENCE"", ""G14_INDEPENDENT_SECOND_REVIEW_APPROVAL""]",excluded,RECOVERED_GATE_FAILURE,exact_for_frozen_set_membership_not_original_per_gate_bytes,codex_session_log_nested_membership
EF0120,"{""G01_IN_SCOPE_ROLE"": true, ""G02_ARTICLE_LEVEL"": true, ""G03_PRIMARY_OR_FOUNDATIONAL_EVIDENCE"": false, ""G04_REPRODUCIBLE_DEFINITION_AND_OPERATIONALIZATION"": false, ""G05_PUBLICATION_TIME"": false, ""G06_NO_FUTURE_INFORMATION"": true, ""G07_CURRENT_DATA_READY"": false, ""G08_BIAS_GUARDRAIL"": true, ""G09_NO_FATAL_VALIDITY_CONCERN"": true, ""G10_OUTCOME_BLIND_SELECTION"": true, ""G11_DATA_QUALITY_PASS"": false, ""G12_NONCONSTANT"": false, ""G13_ENGLISH_FULLTEXT_FORMULA_EVIDENCE"": false, ""G14_INDEPENDENT_SECOND_REVIEW_APPROVAL"": false}","[""G03_PRIMARY_OR_FOUNDATIONAL_EVIDENCE"", ""G04_REPRODUCIBLE_DEFINITION_AND_OPERATIONALIZATION"", ""G05_PUBLICATION_TIME"", ""G07_CURRENT_DATA_READY"", ""G11_DATA_QUALITY_PASS"", ""G12_NONCONSTANT"", ""G13_ENGLISH_FULLTEXT_FORMULA_EVIDENCE"", ""G14_INDEPENDENT_SECOND_REVIEW_APPROVAL""]",excluded,RECOVERED_GATE_FAILURE,exact_for_frozen_set_membership_not_original_per_gate_bytes,codex_session_log_nested_membership
EF0121,"{""G01_IN_SCOPE_ROLE"": true, ""G02_ARTICLE_LEVEL"": true, ""G03_PRIMARY_OR_FOUNDATIONAL_EVIDENCE"": false, ""G04_REPRODUCIBLE_DEFINITION_AND_OPERATIONALIZATION"": false, ""G05_PUBLICATION_TIME"": true, ""G06_NO_FUTURE_INFORMATION"": true, ""G07_CURRENT_DATA_READY"": false, ""G08_BIAS_GUARDRAIL"": true, ""G09_NO_FATAL_VALIDITY_CONCERN"": true, ""G10_OUTCOME_BLIND_SELECTION"": true, ""G11_DATA_QUALITY_PASS"": false, ""G12_NONCONSTANT"": false, ""G13_ENGLISH_FULLTEXT_FORMULA_EVIDENCE"": false, ""G14_INDEPENDENT_SECOND_REVIEW_APPROVAL"": false}","[""G03_PRIMARY_OR_FOUNDATIONAL_EVIDENCE"", ""G04_REPRODUCIBLE_DEFINITION_AND_OPERATIONALIZATION"", ""G07_CURRENT_DATA_READY"", ""G11_DATA_QUALITY_PASS"", ""G12_NONCONSTANT"", ""G13_ENGLISH_FULLTEXT_FORMULA_EVIDENCE"", ""G14_INDEPENDENT_SECOND_REVIEW_APPROVAL""]",excluded,RECOVERED_GATE_FAILURE,exact_for_frozen_set_membership_not_original_per_gate_bytes,codex_session_log_nested_membership
EF0122,"{""G01_IN_SCOPE_ROLE"": true, ""G02_ARTICLE_LEVEL"": true, ""G03_PRIMARY_OR_FOUNDATIONAL_EVIDENCE"": false, ""G04_REPRODUCIBLE_DEFINITION_AND_OPERATIONALIZATION"": false, ""G05_PUBLICATION_TIME"": false, ""G06_NO_FUTURE_INFORMATION"": true, ""G07_CURRENT_DATA_READY"": false, ""G08_BIAS_GUARDRAIL"": true, ""G09_NO_FATAL_VALIDITY_CONCERN"": true, ""G10_OUTCOME_BLIND_SELECTION"": true, ""G11_DATA_QUALITY_PASS"": false, ""G12_NONCONSTANT"": false, ""G13_ENGLISH_FULLTEXT_FORMULA_EVIDENCE"": false, ""G14_INDEPENDENT_SECOND_REVIEW_APPROVAL"": false}","[""G03_PRIMARY_OR_FOUNDATIONAL_EVIDENCE"", ""G04_REPRODUCIBLE_DEFINITION_AND_OPERATIONALIZATION"", ""G05_PUBLICATION_TIME"", ""G07_CURRENT_DATA_READY"", ""G11_DATA_QUALITY_PASS"", ""G12_NONCONSTANT"", ""G13_ENGLISH_FULLTEXT_FORMULA_EVIDENCE"", ""G14_INDEPENDENT_SECOND_REVIEW_APPROVAL""]",excluded,RECOVERED_GATE_FAILURE,exact_for_frozen_set_membership_not_original_per_gate_bytes,codex_session_log_nested_membership
EF0123,"{""G01_IN_SCOPE_ROLE"": true, ""G02_ARTICLE_LEVEL"": true, ""G03_PRIMARY_OR_FOUNDATIONAL_EVIDENCE"": false, ""G04_REPRODUCIBLE_DEFINITION_AND_OPERATIONALIZATION"": false, ""G05_PUBLICATION_TIME"": false, ""G06_NO_FUTURE_INFORMATION"": true, ""G07_CURRENT_DATA_READY"": false, ""G08_BIAS_GUARDRAIL"": true, ""G09_NO_FATAL_VALIDITY_CONCERN"": true, ""G10_OUTCOME_BLIND_SELECTION"": true, ""G11_DATA_QUALITY_PASS"": false, ""G12_NONCONSTANT"": false, ""G13_ENGLISH_FULLTEXT_FORMULA_EVIDENCE"": false, ""G14_INDEPENDENT_SECOND_REVIEW_APPROVAL"": false}","[""G03_PRIMARY_OR_FOUNDATIONAL_EVIDENCE"", ""G04_REPRODUCIBLE_DEFINITION_AND_OPERATIONALIZATION"", ""G05_PUBLICATION_TIME"", ""G07_CURRENT_DATA_READY"", ""G11_DATA_QUALITY_PASS"", ""G12_NONCONSTANT"", ""G13_ENGLISH_FULLTEXT_FORMULA_EVIDENCE"", ""G14_INDEPENDENT_SECOND_REVIEW_APPROVAL""]",excluded,RECOVERED_GATE_FAILURE,exact_for_frozen_set_membership_not_original_per_gate_bytes,codex_session_log_nested_membership
EF0124,"{""G01_IN_SCOPE_ROLE"": true, ""G02_ARTICLE_LEVEL"": true, ""G03_PRIMARY_OR_FOUNDATIONAL_EVIDENCE"": false, ""G04_REPRODUCIBLE_DEFINITION_AND_OPERATIONALIZATION"": false, ""G05_PUBLICATION_TIME"": true, ""G06_NO_FUTURE_INFORMATION"": true, ""G07_CURRENT_DATA_READY"": false, ""G08_BIAS_GUARDRAIL"": true, ""G09_NO_FATAL_VALIDITY_CONCERN"": true, ""G10_OUTCOME_BLIND_SELECTION"": true, ""G11_DATA_QUALITY_PASS"": false, ""G12_NONCONSTANT"": false, ""G13_ENGLISH_FULLTEXT_FORMULA_EVIDENCE"": false, ""G14_INDEPENDENT_SECOND_REVIEW_APPROVAL"": false}","[""G03_PRIMARY_OR_FOUNDATIONAL_EVIDENCE"", ""G04_REPRODUCIBLE_DEFINITION_AND_OPERATIONALIZATION"", ""G07_CURRENT_DATA_READY"", ""G11_DATA_QUALITY_PASS"", ""G12_NONCONSTANT"", ""G13_ENGLISH_FULLTEXT_FORMULA_EVIDENCE"", ""G14_INDEPENDENT_SECOND_REVIEW_APPROVAL""]",excluded,RECOVERED_GATE_FAILURE,exact_for_frozen_set_membership_not_original_per_gate_bytes,codex_session_log_nested_membership
EF0125,"{""G01_IN_SCOPE_ROLE"": true, ""G02_ARTICLE_LEVEL"": true, ""G03_PRIMARY_OR_FOUNDATIONAL_EVIDENCE"": false, ""G04_REPRODUCIBLE_DEFINITION_AND_OPERATIONALIZATION"": false, ""G05_PUBLICATION_TIME"": false, ""G06_NO_FUTURE_INFORMATION"": true, ""G07_CURRENT_DATA_READY"": false, ""G08_BIAS_GUARDRAIL"": true, ""G09_NO_FATAL_VALIDITY_CONCERN"": true, ""G10_OUTCOME_BLIND_SELECTION"": true, ""G11_DATA_QUALITY_PASS"": false, ""G12_NONCONSTANT"": false, ""G13_ENGLISH_FULLTEXT_FORMULA_EVIDENCE"": false, ""G14_INDEPENDENT_SECOND_REVIEW_APPROVAL"": false}","[""G03_PRIMARY_OR_FOUNDATIONAL_EVIDENCE"", ""G04_REPRODUCIBLE_DEFINITION_AND_OPERATIONALIZATION"", ""G05_PUBLICATION_TIME"", ""G07_CURRENT_DATA_READY"", ""G11_DATA_QUALITY_PASS"", ""G12_NONCONSTANT"", ""G13_ENGLISH_FULLTEXT_FORMULA_EVIDENCE"", ""G14_INDEPENDENT_SECOND_REVIEW_APPROVAL""]",excluded,RECOVERED_GATE_FAILURE,exact_for_frozen_set_membership_not_original_per_gate_bytes,codex_session_log_nested_membership
EF0126,"{""G01_IN_SCOPE_ROLE"": true, ""G02_ARTICLE_LEVEL"": true, ""G03_PRIMARY_OR_FOUNDATIONAL_EVIDENCE"": false, ""G04_REPRODUCIBLE_DEFINITION_AND_OPERATIONALIZATION"": false, ""G05_PUBLICATION_TIME"": false, ""G06_NO_FUTURE_INFORMATION"": true, ""G07_CURRENT_DATA_READY"": false, ""G08_BIAS_GUARDRAIL"": true, ""G09_NO_FATAL_VALIDITY_CONCERN"": true, ""G10_OUTCOME_BLIND_SELECTION"": true, ""G11_DATA_QUALITY_PASS"": false, ""G12_NONCONSTANT"": false, ""G13_ENGLISH_FULLTEXT_FORMULA_EVIDENCE"": false, ""G14_INDEPENDENT_SECOND_REVIEW_APPROVAL"": false}","[""G03_PRIMARY_OR_FOUNDATIONAL_EVIDENCE"", ""G04_REPRODUCIBLE_DEFINITION_AND_OPERATIONALIZATION"", ""G05_PUBLICATION_TIME"", ""G07_CURRENT_DATA_READY"", ""G11_DATA_QUALITY_PASS"", ""G12_NONCONSTANT"", ""G13_ENGLISH_FULLTEXT_FORMULA_EVIDENCE"", ""G14_INDEPENDENT_SECOND_REVIEW_APPROVAL""]",excluded,RECOVERED_GATE_FAILURE,exact_for_frozen_set_membership_not_original_per_gate_bytes,codex_session_log_nested_membership
EF0127,"{""G01_IN_SCOPE_ROLE"": true, ""G02_ARTICLE_LEVEL"": true, ""G03_PRIMARY_OR_FOUNDATIONAL_EVIDENCE"": true, ""G04_REPRODUCIBLE_DEFINITION_AND_OPERATIONALIZATION"": false, ""G05_PUBLICATION_TIME"": true, ""G06_NO_FUTURE_INFORMATION"": true, ""G07_CURRENT_DATA_READY"": false, ""G08_BIAS_GUARDRAIL"": true, ""G09_NO_FATAL_VALIDITY_CONCERN"": true, ""G10_OUTCOME_BLIND_SELECTION"": true, ""G11_DATA_QUALITY_PASS"": false, ""G12_NONCONSTANT"": false, ""G13_ENGLISH_FULLTEXT_FORMULA_EVIDENCE"": false, ""G14_INDEPENDENT_SECOND_REVIEW_APPROVAL"": false}","[""G04_REPRODUCIBLE_DEFINITION_AND_OPERATIONALIZATION"", ""G07_CURRENT_DATA_READY"", ""G11_DATA_QUALITY_PASS"", ""G12_NONCONSTANT"", ""G13_ENGLISH_FULLTEXT_FORMULA_EVIDENCE"", ""G14_INDEPENDENT_SECOND_REVIEW_APPROVAL""]",excluded,RECOVERED_GATE_FAILURE,exact_for_frozen_set_membership_not_original_per_gate_bytes,codex_session_log_nested_membership
EF0128,"{""G01_IN_SCOPE_ROLE"": true, ""G02_ARTICLE_LEVEL"": true, ""G03_PRIMARY_OR_FOUNDATIONAL_EVIDENCE"": true, ""G04_REPRODUCIBLE_DEFINITION_AND_OPERATIONALIZATION"": false, ""G05_PUBLICATION_TIME"": true, ""G06_NO_FUTURE_INFORMATION"": true, ""G07_CURRENT_DATA_READY"": false, ""G08_BIAS_GUARDRAIL"": true, ""G09_NO_FATAL_VALIDITY_CONCERN"": true, ""G10_OUTCOME_BLIND_SELECTION"": true, ""G11_DATA_QUALITY_PASS"": false, ""G12_NONCONSTANT"": false, ""G13_ENGLISH_FULLTEXT_FORMULA_EVIDENCE"": false, ""G14_INDEPENDENT_SECOND_REVIEW_APPROVAL"": false}","[""G04_REPRODUCIBLE_DEFINITION_AND_OPERATIONALIZATION"", ""G07_CURRENT_DATA_READY"", ""G11_DATA_QUALITY_PASS"", ""G12_NONCONSTANT"", ""G13_ENGLISH_FULLTEXT_FORMULA_EVIDENCE"", ""G14_INDEPENDENT_SECOND_REVIEW_APPROVAL""]",excluded,RECOVERED_GATE_FAILURE,exact_for_frozen_set_membership_not_original_per_gate_bytes,codex_session_log_nested_membership
EF0129,"{""G01_IN_SCOPE_ROLE"": true, ""G02_ARTICLE_LEVEL"": true, ""G03_PRIMARY_OR_FOUNDATIONAL_EVIDENCE"": true, ""G04_REPRODUCIBLE_DEFINITION_AND_OPERATIONALIZATION"": false, ""G05_PUBLICATION_TIME"": true, ""G06_NO_FUTURE_INFORMATION"": true, ""G07_CURRENT_DATA_READY"": false, ""G08_BIAS_GUARDRAIL"": true, ""G09_NO_FATAL_VALIDITY_CONCERN"": true, ""G10_OUTCOME_BLIND_SELECTION"": true, ""G11_DATA_QUALITY_PASS"": false, ""G12_NONCONSTANT"": false, ""G13_ENGLISH_FULLTEXT_FORMULA_EVIDENCE"": false, ""G14_INDEPENDENT_SECOND_REVIEW_APPROVAL"": false}","[""G04_REPRODUCIBLE_DEFINITION_AND_OPERATIONALIZATION"", ""G07_CURRENT_DATA_READY"", ""G11_DATA_QUALITY_PASS"", ""G12_NONCONSTANT"", ""G13_ENGLISH_FULLTEXT_FORMULA_EVIDENCE"", ""G14_INDEPENDENT_SECOND_REVIEW_APPROVAL""]",excluded,RECOVERED_GATE_FAILURE,exact_for_frozen_set_membership_not_original_per_gate_bytes,codex_session_log_nested_membership
EF0130,"{""G01_IN_SCOPE_ROLE"": true, ""G02_ARTICLE_LEVEL"": true, ""G03_PRIMARY_OR_FOUNDATIONAL_EVIDENCE"": true, ""G04_REPRODUCIBLE_DEFINITION_AND_OPERATIONALIZATION"": false, ""G05_PUBLICATION_TIME"": true, ""G06_NO_FUTURE_INFORMATION"": true, ""G07_CURRENT_DATA_READY"": false, ""G08_BIAS_GUARDRAIL"": true, ""G09_NO_FATAL_VALIDITY_CONCERN"": true, ""G10_OUTCOME_BLIND_SELECTION"": true, ""G11_DATA_QUALITY_PASS"": false, ""G12_NONCONSTANT"": false, ""G13_ENGLISH_FULLTEXT_FORMULA_EVIDENCE"": false, ""G14_INDEPENDENT_SECOND_REVIEW_APPROVAL"": false}","[""G04_REPRODUCIBLE_DEFINITION_AND_OPERATIONALIZATION"", ""G07_CURRENT_DATA_READY"", ""G11_DATA_QUALITY_PASS"", ""G12_NONCONSTANT"", ""G13_ENGLISH_FULLTEXT_FORMULA_EVIDENCE"", ""G14_INDEPENDENT_SECOND_REVIEW_APPROVAL""]",excluded,RECOVERED_GATE_FAILURE,exact_for_frozen_set_membership_not_original_per_gate_bytes,codex_session_log_nested_membership
EF0131,"{""G01_IN_SCOPE_ROLE"": true, ""G02_ARTICLE_LEVEL"": true, ""G03_PRIMARY_OR_FOUNDATIONAL_EVIDENCE"": true, ""G04_REPRODUCIBLE_DEFINITION_AND_OPERATIONALIZATION"": false, ""G05_PUBLICATION_TIME"": true, ""G06_NO_FUTURE_INFORMATION"": true, ""G07_CURRENT_DATA_READY"": false, ""G08_BIAS_GUARDRAIL"": true, ""G09_NO_FATAL_VALIDITY_CONCERN"": true, ""G10_OUTCOME_BLIND_SELECTION"": true, ""G11_DATA_QUALITY_PASS"": false, ""G12_NONCONSTANT"": false, ""G13_ENGLISH_FULLTEXT_FORMULA_EVIDENCE"": false, ""G14_INDEPENDENT_SECOND_REVIEW_APPROVAL"": false}","[""G04_REPRODUCIBLE_DEFINITION_AND_OPERATIONALIZATION"", ""G07_CURRENT_DATA_READY"", ""G11_DATA_QUALITY_PASS"", ""G12_NONCONSTANT"", ""G13_ENGLISH_FULLTEXT_FORMULA_EVIDENCE"", ""G14_INDEPENDENT_SECOND_REVIEW_APPROVAL""]",excluded,RECOVERED_GATE_FAILURE,exact_for_frozen_set_membership_not_original_per_gate_bytes,codex_session_log_nested_membership
EF0132,"{""G01_IN_SCOPE_ROLE"": true, ""G02_ARTICLE_LEVEL"": true, ""G03_PRIMARY_OR_FOUNDATIONAL_EVIDENCE"": false, ""G04_REPRODUCIBLE_DEFINITION_AND_OPERATIONALIZATION"": false, ""G05_PUBLICATION_TIME"": false, ""G06_NO_FUTURE_INFORMATION"": true, ""G07_CURRENT_DATA_READY"": false, ""G08_BIAS_GUARDRAIL"": true, ""G09_NO_FATAL_VALIDITY_CONCERN"": true, ""G10_OUTCOME_BLIND_SELECTION"": true, ""G11_DATA_QUALITY_PASS"": false, ""G12_NONCONSTANT"": false, ""G13_ENGLISH_FULLTEXT_FORMULA_EVIDENCE"": false, ""G14_INDEPENDENT_SECOND_REVIEW_APPROVAL"": false}","[""G03_PRIMARY_OR_FOUNDATIONAL_EVIDENCE"", ""G04_REPRODUCIBLE_DEFINITION_AND_OPERATIONALIZATION"", ""G05_PUBLICATION_TIME"", ""G07_CURRENT_DATA_READY"", ""G11_DATA_QUALITY_PASS"", ""G12_NONCONSTANT"", ""G13_ENGLISH_FULLTEXT_FORMULA_EVIDENCE"", ""G14_INDEPENDENT_SECOND_REVIEW_APPROVAL""]",excluded,RECOVERED_GATE_FAILURE,exact_for_frozen_set_membership_not_original_per_gate_bytes,codex_session_log_nested_membership
EF0133,"{""G01_IN_SCOPE_ROLE"": true, ""G02_ARTICLE_LEVEL"": true, ""G03_PRIMARY_OR_FOUNDATIONAL_EVIDENCE"": false, ""G04_REPRODUCIBLE_DEFINITION_AND_OPERATIONALIZATION"": false, ""G05_PUBLICATION_TIME"": false, ""G06_NO_FUTURE_INFORMATION"": true, ""G07_CURRENT_DATA_READY"": false, ""G08_BIAS_GUARDRAIL"": true, ""G09_NO_FATAL_VALIDITY_CONCERN"": true, ""G10_OUTCOME_BLIND_SELECTION"": true, ""G11_DATA_QUALITY_PASS"": false, ""G12_NONCONSTANT"": false, ""G13_ENGLISH_FULLTEXT_FORMULA_EVIDENCE"": false, ""G14_INDEPENDENT_SECOND_REVIEW_APPROVAL"": false}","[""G03_PRIMARY_OR_FOUNDATIONAL_EVIDENCE"", ""G04_REPRODUCIBLE_DEFINITION_AND_OPERATIONALIZATION"", ""G05_PUBLICATION_TIME"", ""G07_CURRENT_DATA_READY"", ""G11_DATA_QUALITY_PASS"", ""G12_NONCONSTANT"", ""G13_ENGLISH_FULLTEXT_FORMULA_EVIDENCE"", ""G14_INDEPENDENT_SECOND_REVIEW_APPROVAL""]",excluded,RECOVERED_GATE_FAILURE,exact_for_frozen_set_membership_not_original_per_gate_bytes,codex_session_log_nested_membership
EF0134,"{""G01_IN_SCOPE_ROLE"": true, ""G02_ARTICLE_LEVEL"": true, ""G03_PRIMARY_OR_FOUNDATIONAL_EVIDENCE"": false, ""G04_REPRODUCIBLE_DEFINITION_AND_OPERATIONALIZATION"": false, ""G05_PUBLICATION_TIME"": true, ""G06_NO_FUTURE_INFORMATION"": true, ""G07_CURRENT_DATA_READY"": false, ""G08_BIAS_GUARDRAIL"": true, ""G09_NO_FATAL_VALIDITY_CONCERN"": true, ""G10_OUTCOME_BLIND_SELECTION"": true, ""G11_DATA_QUALITY_PASS"": false, ""G12_NONCONSTANT"": false, ""G13_ENGLISH_FULLTEXT_FORMULA_EVIDENCE"": false, ""G14_INDEPENDENT_SECOND_REVIEW_APPROVAL"": false}","[""G03_PRIMARY_OR_FOUNDATIONAL_EVIDENCE"", ""G04_REPRODUCIBLE_DEFINITION_AND_OPERATIONALIZATION"", ""G07_CURRENT_DATA_READY"", ""G11_DATA_QUALITY_PASS"", ""G12_NONCONSTANT"", ""G13_ENGLISH_FULLTEXT_FORMULA_EVIDENCE"", ""G14_INDEPENDENT_SECOND_REVIEW_APPROVAL""]",excluded,RECOVERED_GATE_FAILURE,exact_for_frozen_set_membership_not_original_per_gate_bytes,codex_session_log_nested_membership
EF0135,"{""G01_IN_SCOPE_ROLE"": true, ""G02_ARTICLE_LEVEL"": true, ""G03_PRIMARY_OR_FOUNDATIONAL_EVIDENCE"": false, ""G04_REPRODUCIBLE_DEFINITION_AND_OPERATIONALIZATION"": false, ""G05_PUBLICATION_TIME"": true, ""G06_NO_FUTURE_INFORMATION"": true, ""G07_CURRENT_DATA_READY"": false, ""G08_BIAS_GUARDRAIL"": true, ""G09_NO_FATAL_VALIDITY_CONCERN"": true, ""G10_OUTCOME_BLIND_SELECTION"": true, ""G11_DATA_QUALITY_PASS"": false, ""G12_NONCONSTANT"": false, ""G13_ENGLISH_FULLTEXT_FORMULA_EVIDENCE"": false, ""G14_INDEPENDENT_SECOND_REVIEW_APPROVAL"": false}","[""G03_PRIMARY_OR_FOUNDATIONAL_EVIDENCE"", ""G04_REPRODUCIBLE_DEFINITION_AND_OPERATIONALIZATION"", ""G07_CURRENT_DATA_READY"", ""G11_DATA_QUALITY_PASS"", ""G12_NONCONSTANT"", ""G13_ENGLISH_FULLTEXT_FORMULA_EVIDENCE"", ""G14_INDEPENDENT_SECOND_REVIEW_APPROVAL""]",excluded,RECOVERED_GATE_FAILURE,exact_for_frozen_set_membership_not_original_per_gate_bytes,codex_session_log_nested_membership
EF0136,"{""G01_IN_SCOPE_ROLE"": true, ""G02_ARTICLE_LEVEL"": true, ""G03_PRIMARY_OR_FOUNDATIONAL_EVIDENCE"": false, ""G04_REPRODUCIBLE_DEFINITION_AND_OPERATIONALIZATION"": false, ""G05_PUBLICATION_TIME"": true, ""G06_NO_FUTURE_INFORMATION"": true, ""G07_CURRENT_DATA_READY"": false, ""G08_BIAS_GUARDRAIL"": true, ""G09_NO_FATAL_VALIDITY_CONCERN"": true, ""G10_OUTCOME_BLIND_SELECTION"": true, ""G11_DATA_QUALITY_PASS"": false, ""G12_NONCONSTANT"": false, ""G13_ENGLISH_FULLTEXT_FORMULA_EVIDENCE"": false, ""G14_INDEPENDENT_SECOND_REVIEW_APPROVAL"": false}","[""G03_PRIMARY_OR_FOUNDATIONAL_EVIDENCE"", ""G04_REPRODUCIBLE_DEFINITION_AND_OPERATIONALIZATION"", ""G07_CURRENT_DATA_READY"", ""G11_DATA_QUALITY_PASS"", ""G12_NONCONSTANT"", ""G13_ENGLISH_FULLTEXT_FORMULA_EVIDENCE"", ""G14_INDEPENDENT_SECOND_REVIEW_APPROVAL""]",excluded,RECOVERED_GATE_FAILURE,exact_for_frozen_set_membership_not_original_per_gate_bytes,codex_session_log_nested_membership
EF0137,"{""G01_IN_SCOPE_ROLE"": true, ""G02_ARTICLE_LEVEL"": true, ""G03_PRIMARY_OR_FOUNDATIONAL_EVIDENCE"": false, ""G04_REPRODUCIBLE_DEFINITION_AND_OPERATIONALIZATION"": false, ""G05_PUBLICATION_TIME"": true, ""G06_NO_FUTURE_INFORMATION"": true, ""G07_CURRENT_DATA_READY"": false, ""G08_BIAS_GUARDRAIL"": true, ""G09_NO_FATAL_VALIDITY_CONCERN"": true, ""G10_OUTCOME_BLIND_SELECTION"": true, ""G11_DATA_QUALITY_PASS"": false, ""G12_NONCONSTANT"": false, ""G13_ENGLISH_FULLTEXT_FORMULA_EVIDENCE"": false, ""G14_INDEPENDENT_SECOND_REVIEW_APPROVAL"": false}","[""G03_PRIMARY_OR_FOUNDATIONAL_EVIDENCE"", ""G04_REPRODUCIBLE_DEFINITION_AND_OPERATIONALIZATION"", ""G07_CURRENT_DATA_READY"", ""G11_DATA_QUALITY_PASS"", ""G12_NONCONSTANT"", ""G13_ENGLISH_FULLTEXT_FORMULA_EVIDENCE"", ""G14_INDEPENDENT_SECOND_REVIEW_APPROVAL""]",excluded,RECOVERED_GATE_FAILURE,exact_for_frozen_set_membership_not_original_per_gate_bytes,codex_session_log_nested_membership
EF0138,"{""G01_IN_SCOPE_ROLE"": true, ""G02_ARTICLE_LEVEL"": true, ""G03_PRIMARY_OR_FOUNDATIONAL_EVIDENCE"": false, ""G04_REPRODUCIBLE_DEFINITION_AND_OPERATIONALIZATION"": false, ""G05_PUBLICATION_TIME"": false, ""G06_NO_FUTURE_INFORMATION"": true, ""G07_CURRENT_DATA_READY"": false, ""G08_BIAS_GUARDRAIL"": true, ""G09_NO_FATAL_VALIDITY_CONCERN"": true, ""G10_OUTCOME_BLIND_SELECTION"": true, ""G11_DATA_QUALITY_PASS"": false, ""G12_NONCONSTANT"": false, ""G13_ENGLISH_FULLTEXT_FORMULA_EVIDENCE"": false, ""G14_INDEPENDENT_SECOND_REVIEW_APPROVAL"": false}","[""G03_PRIMARY_OR_FOUNDATIONAL_EVIDENCE"", ""G04_REPRODUCIBLE_DEFINITION_AND_OPERATIONALIZATION"", ""G05_PUBLICATION_TIME"", ""G07_CURRENT_DATA_READY"", ""G11_DATA_QUALITY_PASS"", ""G12_NONCONSTANT"", ""G13_ENGLISH_FULLTEXT_FORMULA_EVIDENCE"", ""G14_INDEPENDENT_SECOND_REVIEW_APPROVAL""]",excluded,RECOVERED_GATE_FAILURE,exact_for_frozen_set_membership_not_original_per_gate_bytes,codex_session_log_nested_membership
EF0139,"{""G01_IN_SCOPE_ROLE"": true, ""G02_ARTICLE_LEVEL"": true, ""G03_PRIMARY_OR_FOUNDATIONAL_EVIDENCE"": false, ""G04_REPRODUCIBLE_DEFINITION_AND_OPERATIONALIZATION"": false, ""G05_PUBLICATION_TIME"": false, ""G06_NO_FUTURE_INFORMATION"": true, ""G07_CURRENT_DATA_READY"": false, ""G08_BIAS_GUARDRAIL"": true, ""G09_NO_FATAL_VALIDITY_CONCERN"": true, ""G10_OUTCOME_BLIND_SELECTION"": true, ""G11_DATA_QUALITY_PASS"": false, ""G12_NONCONSTANT"": false, ""G13_ENGLISH_FULLTEXT_FORMULA_EVIDENCE"": false, ""G14_INDEPENDENT_SECOND_REVIEW_APPROVAL"": false}","[""G03_PRIMARY_OR_FOUNDATIONAL_EVIDENCE"", ""G04_REPRODUCIBLE_DEFINITION_AND_OPERATIONALIZATION"", ""G05_PUBLICATION_TIME"", ""G07_CURRENT_DATA_READY"", ""G11_DATA_QUALITY_PASS"", ""G12_NONCONSTANT"", ""G13_ENGLISH_FULLTEXT_FORMULA_EVIDENCE"", ""G14_INDEPENDENT_SECOND_REVIEW_APPROVAL""]",excluded,RECOVERED_GATE_FAILURE,exact_for_frozen_set_membership_not_original_per_gate_bytes,codex_session_log_nested_membership
EF0140,"{""G01_IN_SCOPE_ROLE"": true, ""G02_ARTICLE_LEVEL"": true, ""G03_PRIMARY_OR_FOUNDATIONAL_EVIDENCE"": true, ""G04_REPRODUCIBLE_DEFINITION_AND_OPERATIONALIZATION"": false, ""G05_PUBLICATION_TIME"": true, ""G06_NO_FUTURE_INFORMATION"": true, ""G07_CURRENT_DATA_READY"": false, ""G08_BIAS_GUARDRAIL"": true, ""G09_NO_FATAL_VALIDITY_CONCERN"": true, ""G10_OUTCOME_BLIND_SELECTION"": true, ""G11_DATA_QUALITY_PASS"": false, ""G12_NONCONSTANT"": false, ""G13_ENGLISH_FULLTEXT_FORMULA_EVIDENCE"": false, ""G14_INDEPENDENT_SECOND_REVIEW_APPROVAL"": false}","[""G04_REPRODUCIBLE_DEFINITION_AND_OPERATIONALIZATION"", ""G07_CURRENT_DATA_READY"", ""G11_DATA_QUALITY_PASS"", ""G12_NONCONSTANT"", ""G13_ENGLISH_FULLTEXT_FORMULA_EVIDENCE"", ""G14_INDEPENDENT_SECOND_REVIEW_APPROVAL""]",excluded,RECOVERED_GATE_FAILURE,exact_for_frozen_set_membership_not_original_per_gate_bytes,codex_session_log_nested_membership
EF0141,"{""G01_IN_SCOPE_ROLE"": true, ""G02_ARTICLE_LEVEL"": true, ""G03_PRIMARY_OR_FOUNDATIONAL_EVIDENCE"": false, ""G04_REPRODUCIBLE_DEFINITION_AND_OPERATIONALIZATION"": false, ""G05_PUBLICATION_TIME"": false, ""G06_NO_FUTURE_INFORMATION"": true, ""G07_CURRENT_DATA_READY"": false, ""G08_BIAS_GUARDRAIL"": true, ""G09_NO_FATAL_VALIDITY_CONCERN"": true, ""G10_OUTCOME_BLIND_SELECTION"": true, ""G11_DATA_QUALITY_PASS"": false, ""G12_NONCONSTANT"": false, ""G13_ENGLISH_FULLTEXT_FORMULA_EVIDENCE"": false, ""G14_INDEPENDENT_SECOND_REVIEW_APPROVAL"": false}","[""G03_PRIMARY_OR_FOUNDATIONAL_EVIDENCE"", ""G04_REPRODUCIBLE_DEFINITION_AND_OPERATIONALIZATION"", ""G05_PUBLICATION_TIME"", ""G07_CURRENT_DATA_READY"", ""G11_DATA_QUALITY_PASS"", ""G12_NONCONSTANT"", ""G13_ENGLISH_FULLTEXT_FORMULA_EVIDENCE"", ""G14_INDEPENDENT_SECOND_REVIEW_APPROVAL""]",excluded,RECOVERED_GATE_FAILURE,exact_for_frozen_set_membership_not_original_per_gate_bytes,codex_session_log_nested_membership
EF0142,"{""G01_IN_SCOPE_ROLE"": true, ""G02_ARTICLE_LEVEL"": true, ""G03_PRIMARY_OR_FOUNDATIONAL_EVIDENCE"": false, ""G04_REPRODUCIBLE_DEFINITION_AND_OPERATIONALIZATION"": false, ""G05_PUBLICATION_TIME"": false, ""G06_NO_FUTURE_INFORMATION"": true, ""G07_CURRENT_DATA_READY"": false, ""G08_BIAS_GUARDRAIL"": true, ""G09_NO_FATAL_VALIDITY_CONCERN"": true, ""G10_OUTCOME_BLIND_SELECTION"": true, ""G11_DATA_QUALITY_PASS"": false, ""G12_NONCONSTANT"": false, ""G13_ENGLISH_FULLTEXT_FORMULA_EVIDENCE"": false, ""G14_INDEPENDENT_SECOND_REVIEW_APPROVAL"": false}","[""G03_PRIMARY_OR_FOUNDATIONAL_EVIDENCE"", ""G04_REPRODUCIBLE_DEFINITION_AND_OPERATIONALIZATION"", ""G05_PUBLICATION_TIME"", ""G07_CURRENT_DATA_READY"", ""G11_DATA_QUALITY_PASS"", ""G12_NONCONSTANT"", ""G13_ENGLISH_FULLTEXT_FORMULA_EVIDENCE"", ""G14_INDEPENDENT_SECOND_REVIEW_APPROVAL""]",excluded,RECOVERED_GATE_FAILURE,exact_for_frozen_set_membership_not_original_per_gate_bytes,codex_session_log_nested_membership
EF0143,"{""G01_IN_SCOPE_ROLE"": true, ""G02_ARTICLE_LEVEL"": true, ""G03_PRIMARY_OR_FOUNDATIONAL_EVIDENCE"": false, ""G04_REPRODUCIBLE_DEFINITION_AND_OPERATIONALIZATION"": false, ""G05_PUBLICATION_TIME"": false, ""G06_NO_FUTURE_INFORMATION"": true, ""G07_CURRENT_DATA_READY"": false, ""G08_BIAS_GUARDRAIL"": true, ""G09_NO_FATAL_VALIDITY_CONCERN"": true, ""G10_OUTCOME_BLIND_SELECTION"": true, ""G11_DATA_QUALITY_PASS"": false, ""G12_NONCONSTANT"": false, ""G13_ENGLISH_FULLTEXT_FORMULA_EVIDENCE"": false, ""G14_INDEPENDENT_SECOND_REVIEW_APPROVAL"": false}","[""G03_PRIMARY_OR_FOUNDATIONAL_EVIDENCE"", ""G04_REPRODUCIBLE_DEFINITION_AND_OPERATIONALIZATION"", ""G05_PUBLICATION_TIME"", ""G07_CURRENT_DATA_READY"", ""G11_DATA_QUALITY_PASS"", ""G12_NONCONSTANT"", ""G13_ENGLISH_FULLTEXT_FORMULA_EVIDENCE"", ""G14_INDEPENDENT_SECOND_REVIEW_APPROVAL""]",excluded,RECOVERED_GATE_FAILURE,exact_for_frozen_set_membership_not_original_per_gate_bytes,codex_session_log_nested_membership
EF0144,"{""G01_IN_SCOPE_ROLE"": true, ""G02_ARTICLE_LEVEL"": true, ""G03_PRIMARY_OR_FOUNDATIONAL_EVIDENCE"": false, ""G04_REPRODUCIBLE_DEFINITION_AND_OPERATIONALIZATION"": false, ""G05_PUBLICATION_TIME"": false, ""G06_NO_FUTURE_INFORMATION"": true, ""G07_CURRENT_DATA_READY"": false, ""G08_BIAS_GUARDRAIL"": true, ""G09_NO_FATAL_VALIDITY_CONCERN"": true, ""G10_OUTCOME_BLIND_SELECTION"": true, ""G11_DATA_QUALITY_PASS"": false, ""G12_NONCONSTANT"": false, ""G13_ENGLISH_FULLTEXT_FORMULA_EVIDENCE"": false, ""G14_INDEPENDENT_SECOND_REVIEW_APPROVAL"": false}","[""G03_PRIMARY_OR_FOUNDATIONAL_EVIDENCE"", ""G04_REPRODUCIBLE_DEFINITION_AND_OPERATIONALIZATION"", ""G05_PUBLICATION_TIME"", ""G07_CURRENT_DATA_READY"", ""G11_DATA_QUALITY_PASS"", ""G12_NONCONSTANT"", ""G13_ENGLISH_FULLTEXT_FORMULA_EVIDENCE"", ""G14_INDEPENDENT_SECOND_REVIEW_APPROVAL""]",excluded,RECOVERED_GATE_FAILURE,exact_for_frozen_set_membership_not_original_per_gate_bytes,codex_session_log_nested_membership
EF0145,"{""G01_IN_SCOPE_ROLE"": true, ""G02_ARTICLE_LEVEL"": true, ""G03_PRIMARY_OR_FOUNDATIONAL_EVIDENCE"": false, ""G04_REPRODUCIBLE_DEFINITION_AND_OPERATIONALIZATION"": false, ""G05_PUBLICATION_TIME"": false, ""G06_NO_FUTURE_INFORMATION"": true, ""G07_CURRENT_DATA_READY"": false, ""G08_BIAS_GUARDRAIL"": true, ""G09_NO_FATAL_VALIDITY_CONCERN"": true, ""G10_OUTCOME_BLIND_SELECTION"": true, ""G11_DATA_QUALITY_PASS"": false, ""G12_NONCONSTANT"": false, ""G13_ENGLISH_FULLTEXT_FORMULA_EVIDENCE"": false, ""G14_INDEPENDENT_SECOND_REVIEW_APPROVAL"": false}","[""G03_PRIMARY_OR_FOUNDATIONAL_EVIDENCE"", ""G04_REPRODUCIBLE_DEFINITION_AND_OPERATIONALIZATION"", ""G05_PUBLICATION_TIME"", ""G07_CURRENT_DATA_READY"", ""G11_DATA_QUALITY_PASS"", ""G12_NONCONSTANT"", ""G13_ENGLISH_FULLTEXT_FORMULA_EVIDENCE"", ""G14_INDEPENDENT_SECOND_REVIEW_APPROVAL""]",excluded,RECOVERED_GATE_FAILURE,exact_for_frozen_set_membership_not_original_per_gate_bytes,codex_session_log_nested_membership
EF0146,"{""G01_IN_SCOPE_ROLE"": true, ""G02_ARTICLE_LEVEL"": true, ""G03_PRIMARY_OR_FOUNDATIONAL_EVIDENCE"": false, ""G04_REPRODUCIBLE_DEFINITION_AND_OPERATIONALIZATION"": false, ""G05_PUBLICATION_TIME"": false, ""G06_NO_FUTURE_INFORMATION"": true, ""G07_CURRENT_DATA_READY"": false, ""G08_BIAS_GUARDRAIL"": true, ""G09_NO_FATAL_VALIDITY_CONCERN"": true, ""G10_OUTCOME_BLIND_SELECTION"": true, ""G11_DATA_QUALITY_PASS"": false, ""G12_NONCONSTANT"": false, ""G13_ENGLISH_FULLTEXT_FORMULA_EVIDENCE"": false, ""G14_INDEPENDENT_SECOND_REVIEW_APPROVAL"": false}","[""G03_PRIMARY_OR_FOUNDATIONAL_EVIDENCE"", ""G04_REPRODUCIBLE_DEFINITION_AND_OPERATIONALIZATION"", ""G05_PUBLICATION_TIME"", ""G07_CURRENT_DATA_READY"", ""G11_DATA_QUALITY_PASS"", ""G12_NONCONSTANT"", ""G13_ENGLISH_FULLTEXT_FORMULA_EVIDENCE"", ""G14_INDEPENDENT_SECOND_REVIEW_APPROVAL""]",excluded,RECOVERED_GATE_FAILURE,exact_for_frozen_set_membership_not_original_per_gate_bytes,codex_session_log_nested_membership
EF0147,"{""G01_IN_SCOPE_ROLE"": true, ""G02_ARTICLE_LEVEL"": true, ""G03_PRIMARY_OR_FOUNDATIONAL_EVIDENCE"": false, ""G04_REPRODUCIBLE_DEFINITION_AND_OPERATIONALIZATION"": false, ""G05_PUBLICATION_TIME"": false, ""G06_NO_FUTURE_INFORMATION"": true, ""G07_CURRENT_DATA_READY"": false, ""G08_BIAS_GUARDRAIL"": true, ""G09_NO_FATAL_VALIDITY_CONCERN"": true, ""G10_OUTCOME_BLIND_SELECTION"": true, ""G11_DATA_QUALITY_PASS"": false, ""G12_NONCONSTANT"": false, ""G13_ENGLISH_FULLTEXT_FORMULA_EVIDENCE"": false, ""G14_INDEPENDENT_SECOND_REVIEW_APPROVAL"": false}","[""G03_PRIMARY_OR_FOUNDATIONAL_EVIDENCE"", ""G04_REPRODUCIBLE_DEFINITION_AND_OPERATIONALIZATION"", ""G05_PUBLICATION_TIME"", ""G07_CURRENT_DATA_READY"", ""G11_DATA_QUALITY_PASS"", ""G12_NONCONSTANT"", ""G13_ENGLISH_FULLTEXT_FORMULA_EVIDENCE"", ""G14_INDEPENDENT_SECOND_REVIEW_APPROVAL""]",excluded,RECOVERED_GATE_FAILURE,exact_for_frozen_set_membership_not_original_per_gate_bytes,codex_session_log_nested_membership
EF0148,"{""G01_IN_SCOPE_ROLE"": true, ""G02_ARTICLE_LEVEL"": true, ""G03_PRIMARY_OR_FOUNDATIONAL_EVIDENCE"": true, ""G04_REPRODUCIBLE_DEFINITION_AND_OPERATIONALIZATION"": false, ""G05_PUBLICATION_TIME"": true, ""G06_NO_FUTURE_INFORMATION"": true, ""G07_CURRENT_DATA_READY"": false, ""G08_BIAS_GUARDRAIL"": true, ""G09_NO_FATAL_VALIDITY_CONCERN"": true, ""G10_OUTCOME_BLIND_SELECTION"": true, ""G11_DATA_QUALITY_PASS"": false, ""G12_NONCONSTANT"": false, ""G13_ENGLISH_FULLTEXT_FORMULA_EVIDENCE"": false, ""G14_INDEPENDENT_SECOND_REVIEW_APPROVAL"": false}","[""G04_REPRODUCIBLE_DEFINITION_AND_OPERATIONALIZATION"", ""G07_CURRENT_DATA_READY"", ""G11_DATA_QUALITY_PASS"", ""G12_NONCONSTANT"", ""G13_ENGLISH_FULLTEXT_FORMULA_EVIDENCE"", ""G14_INDEPENDENT_SECOND_REVIEW_APPROVAL""]",excluded,RECOVERED_GATE_FAILURE,exact_for_frozen_set_membership_not_original_per_gate_bytes,codex_session_log_nested_membership
EF0149,"{""G01_IN_SCOPE_ROLE"": true, ""G02_ARTICLE_LEVEL"": true, ""G03_PRIMARY_OR_FOUNDATIONAL_EVIDENCE"": true, ""G04_REPRODUCIBLE_DEFINITION_AND_OPERATIONALIZATION"": false, ""G05_PUBLICATION_TIME"": true, ""G06_NO_FUTURE_INFORMATION"": true, ""G07_CURRENT_DATA_READY"": false, ""G08_BIAS_GUARDRAIL"": true, ""G09_NO_FATAL_VALIDITY_CONCERN"": true, ""G10_OUTCOME_BLIND_SELECTION"": true, ""G11_DATA_QUALITY_PASS"": false, ""G12_NONCONSTANT"": false, ""G13_ENGLISH_FULLTEXT_FORMULA_EVIDENCE"": false, ""G14_INDEPENDENT_SECOND_REVIEW_APPROVAL"": false}","[""G04_REPRODUCIBLE_DEFINITION_AND_OPERATIONALIZATION"", ""G07_CURRENT_DATA_READY"", ""G11_DATA_QUALITY_PASS"", ""G12_NONCONSTANT"", ""G13_ENGLISH_FULLTEXT_FORMULA_EVIDENCE"", ""G14_INDEPENDENT_SECOND_REVIEW_APPROVAL""]",excluded,RECOVERED_GATE_FAILURE,exact_for_frozen_set_membership_not_original_per_gate_bytes,codex_session_log_nested_membership
EF0150,"{""G01_IN_SCOPE_ROLE"": true, ""G02_ARTICLE_LEVEL"": true, ""G03_PRIMARY_OR_FOUNDATIONAL_EVIDENCE"": false, ""G04_REPRODUCIBLE_DEFINITION_AND_OPERATIONALIZATION"": false, ""G05_PUBLICATION_TIME"": false, ""G06_NO_FUTURE_INFORMATION"": true, ""G07_CURRENT_DATA_READY"": false, ""G08_BIAS_GUARDRAIL"": true, ""G09_NO_FATAL_VALIDITY_CONCERN"": true, ""G10_OUTCOME_BLIND_SELECTION"": true, ""G11_DATA_QUALITY_PASS"": false, ""G12_NONCONSTANT"": false, ""G13_ENGLISH_FULLTEXT_FORMULA_EVIDENCE"": false, ""G14_INDEPENDENT_SECOND_REVIEW_APPROVAL"": false}","[""G03_PRIMARY_OR_FOUNDATIONAL_EVIDENCE"", ""G04_REPRODUCIBLE_DEFINITION_AND_OPERATIONALIZATION"", ""G05_PUBLICATION_TIME"", ""G07_CURRENT_DATA_READY"", ""G11_DATA_QUALITY_PASS"", ""G12_NONCONSTANT"", ""G13_ENGLISH_FULLTEXT_FORMULA_EVIDENCE"", ""G14_INDEPENDENT_SECOND_REVIEW_APPROVAL""]",excluded,RECOVERED_GATE_FAILURE,exact_for_frozen_set_membership_not_original_per_gate_bytes,codex_session_log_nested_membership
EF0151,"{""G01_IN_SCOPE_ROLE"": true, ""G02_ARTICLE_LEVEL"": true, ""G03_PRIMARY_OR_FOUNDATIONAL_EVIDENCE"": true, ""G04_REPRODUCIBLE_DEFINITION_AND_OPERATIONALIZATION"": false, ""G05_PUBLICATION_TIME"": true, ""G06_NO_FUTURE_INFORMATION"": true, ""G07_CURRENT_DATA_READY"": false, ""G08_BIAS_GUARDRAIL"": true, ""G09_NO_FATAL_VALIDITY_CONCERN"": true, ""G10_OUTCOME_BLIND_SELECTION"": true, ""G11_DATA_QUALITY_PASS"": false, ""G12_NONCONSTANT"": false, ""G13_ENGLISH_FULLTEXT_FORMULA_EVIDENCE"": false, ""G14_INDEPENDENT_SECOND_REVIEW_APPROVAL"": false}","[""G04_REPRODUCIBLE_DEFINITION_AND_OPERATIONALIZATION"", ""G07_CURRENT_DATA_READY"", ""G11_DATA_QUALITY_PASS"", ""G12_NONCONSTANT"", ""G13_ENGLISH_FULLTEXT_FORMULA_EVIDENCE"", ""G14_INDEPENDENT_SECOND_REVIEW_APPROVAL""]",excluded,RECOVERED_GATE_FAILURE,exact_for_frozen_set_membership_not_original_per_gate_bytes,codex_session_log_nested_membership
EF0152,"{""G01_IN_SCOPE_ROLE"": true, ""G02_ARTICLE_LEVEL"": true, ""G03_PRIMARY_OR_FOUNDATIONAL_EVIDENCE"": false, ""G04_REPRODUCIBLE_DEFINITION_AND_OPERATIONALIZATION"": false, ""G05_PUBLICATION_TIME"": false, ""G06_NO_FUTURE_INFORMATION"": true, ""G07_CURRENT_DATA_READY"": false, ""G08_BIAS_GUARDRAIL"": true, ""G09_NO_FATAL_VALIDITY_CONCERN"": true, ""G10_OUTCOME_BLIND_SELECTION"": true, ""G11_DATA_QUALITY_PASS"": false, ""G12_NONCONSTANT"": false, ""G13_ENGLISH_FULLTEXT_FORMULA_EVIDENCE"": false, ""G14_INDEPENDENT_SECOND_REVIEW_APPROVAL"": false}","[""G03_PRIMARY_OR_FOUNDATIONAL_EVIDENCE"", ""G04_REPRODUCIBLE_DEFINITION_AND_OPERATIONALIZATION"", ""G05_PUBLICATION_TIME"", ""G07_CURRENT_DATA_READY"", ""G11_DATA_QUALITY_PASS"", ""G12_NONCONSTANT"", ""G13_ENGLISH_FULLTEXT_FORMULA_EVIDENCE"", ""G14_INDEPENDENT_SECOND_REVIEW_APPROVAL""]",excluded,RECOVERED_GATE_FAILURE,exact_for_frozen_set_membership_not_original_per_gate_bytes,codex_session_log_nested_membership
EF0153,"{""G01_IN_SCOPE_ROLE"": true, ""G02_ARTICLE_LEVEL"": true, ""G03_PRIMARY_OR_FOUNDATIONAL_EVIDENCE"": false, ""G04_REPRODUCIBLE_DEFINITION_AND_OPERATIONALIZATION"": false, ""G05_PUBLICATION_TIME"": false, ""G06_NO_FUTURE_INFORMATION"": true, ""G07_CURRENT_DATA_READY"": false, ""G08_BIAS_GUARDRAIL"": true, ""G09_NO_FATAL_VALIDITY_CONCERN"": true, ""G10_OUTCOME_BLIND_SELECTION"": true, ""G11_DATA_QUALITY_PASS"": false, ""G12_NONCONSTANT"": false, ""G13_ENGLISH_FULLTEXT_FORMULA_EVIDENCE"": false, ""G14_INDEPENDENT_SECOND_REVIEW_APPROVAL"": false}","[""G03_PRIMARY_OR_FOUNDATIONAL_EVIDENCE"", ""G04_REPRODUCIBLE_DEFINITION_AND_OPERATIONALIZATION"", ""G05_PUBLICATION_TIME"", ""G07_CURRENT_DATA_READY"", ""G11_DATA_QUALITY_PASS"", ""G12_NONCONSTANT"", ""G13_ENGLISH_FULLTEXT_FORMULA_EVIDENCE"", ""G14_INDEPENDENT_SECOND_REVIEW_APPROVAL""]",excluded,RECOVERED_GATE_FAILURE,exact_for_frozen_set_membership_not_original_per_gate_bytes,codex_session_log_nested_membership
EF0154,"{""G01_IN_SCOPE_ROLE"": true, ""G02_ARTICLE_LEVEL"": true, ""G03_PRIMARY_OR_FOUNDATIONAL_EVIDENCE"": false, ""G04_REPRODUCIBLE_DEFINITION_AND_OPERATIONALIZATION"": false, ""G05_PUBLICATION_TIME"": false, ""G06_NO_FUTURE_INFORMATION"": true, ""G07_CURRENT_DATA_READY"": false, ""G08_BIAS_GUARDRAIL"": true, ""G09_NO_FATAL_VALIDITY_CONCERN"": true, ""G10_OUTCOME_BLIND_SELECTION"": true, ""G11_DATA_QUALITY_PASS"": false, ""G12_NONCONSTANT"": false, ""G13_ENGLISH_FULLTEXT_FORMULA_EVIDENCE"": false, ""G14_INDEPENDENT_SECOND_REVIEW_APPROVAL"": false}","[""G03_PRIMARY_OR_FOUNDATIONAL_EVIDENCE"", ""G04_REPRODUCIBLE_DEFINITION_AND_OPERATIONALIZATION"", ""G05_PUBLICATION_TIME"", ""G07_CURRENT_DATA_READY"", ""G11_DATA_QUALITY_PASS"", ""G12_NONCONSTANT"", ""G13_ENGLISH_FULLTEXT_FORMULA_EVIDENCE"", ""G14_INDEPENDENT_SECOND_REVIEW_APPROVAL""]",excluded,RECOVERED_GATE_FAILURE,exact_for_frozen_set_membership_not_original_per_gate_bytes,codex_session_log_nested_membership
EF0155,"{""G01_IN_SCOPE_ROLE"": true, ""G02_ARTICLE_LEVEL"": true, ""G03_PRIMARY_OR_FOUNDATIONAL_EVIDENCE"": true, ""G04_REPRODUCIBLE_DEFINITION_AND_OPERATIONALIZATION"": false, ""G05_PUBLICATION_TIME"": true, ""G06_NO_FUTURE_INFORMATION"": true, ""G07_CURRENT_DATA_READY"": false, ""G08_BIAS_GUARDRAIL"": true, ""G09_NO_FATAL_VALIDITY_CONCERN"": true, ""G10_OUTCOME_BLIND_SELECTION"": true, ""G11_DATA_QUALITY_PASS"": false, ""G12_NONCONSTANT"": false, ""G13_ENGLISH_FULLTEXT_FORMULA_EVIDENCE"": false, ""G14_INDEPENDENT_SECOND_REVIEW_APPROVAL"": false}","[""G04_REPRODUCIBLE_DEFINITION_AND_OPERATIONALIZATION"", ""G07_CURRENT_DATA_READY"", ""G11_DATA_QUALITY_PASS"", ""G12_NONCONSTANT"", ""G13_ENGLISH_FULLTEXT_FORMULA_EVIDENCE"", ""G14_INDEPENDENT_SECOND_REVIEW_APPROVAL""]",excluded,RECOVERED_GATE_FAILURE,exact_for_frozen_set_membership_not_original_per_gate_bytes,codex_session_log_nested_membership
EF0156,"{""G01_IN_SCOPE_ROLE"": true, ""G02_ARTICLE_LEVEL"": true, ""G03_PRIMARY_OR_FOUNDATIONAL_EVIDENCE"": false, ""G04_REPRODUCIBLE_DEFINITION_AND_OPERATIONALIZATION"": false, ""G05_PUBLICATION_TIME"": false, ""G06_NO_FUTURE_INFORMATION"": true, ""G07_CURRENT_DATA_READY"": false, ""G08_BIAS_GUARDRAIL"": true, ""G09_NO_FATAL_VALIDITY_CONCERN"": true, ""G10_OUTCOME_BLIND_SELECTION"": true, ""G11_DATA_QUALITY_PASS"": false, ""G12_NONCONSTANT"": false, ""G13_ENGLISH_FULLTEXT_FORMULA_EVIDENCE"": false, ""G14_INDEPENDENT_SECOND_REVIEW_APPROVAL"": false}","[""G03_PRIMARY_OR_FOUNDATIONAL_EVIDENCE"", ""G04_REPRODUCIBLE_DEFINITION_AND_OPERATIONALIZATION"", ""G05_PUBLICATION_TIME"", ""G07_CURRENT_DATA_READY"", ""G11_DATA_QUALITY_PASS"", ""G12_NONCONSTANT"", ""G13_ENGLISH_FULLTEXT_FORMULA_EVIDENCE"", ""G14_INDEPENDENT_SECOND_REVIEW_APPROVAL""]",excluded,RECOVERED_GATE_FAILURE,exact_for_frozen_set_membership_not_original_per_gate_bytes,codex_session_log_nested_membership
EF0157,"{""G01_IN_SCOPE_ROLE"": true, ""G02_ARTICLE_LEVEL"": true, ""G03_PRIMARY_OR_FOUNDATIONAL_EVIDENCE"": false, ""G04_REPRODUCIBLE_DEFINITION_AND_OPERATIONALIZATION"": false, ""G05_PUBLICATION_TIME"": false, ""G06_NO_FUTURE_INFORMATION"": true, ""G07_CURRENT_DATA_READY"": false, ""G08_BIAS_GUARDRAIL"": true, ""G09_NO_FATAL_VALIDITY_CONCERN"": true, ""G10_OUTCOME_BLIND_SELECTION"": true, ""G11_DATA_QUALITY_PASS"": false, ""G12_NONCONSTANT"": false, ""G13_ENGLISH_FULLTEXT_FORMULA_EVIDENCE"": false, ""G14_INDEPENDENT_SECOND_REVIEW_APPROVAL"": false}","[""G03_PRIMARY_OR_FOUNDATIONAL_EVIDENCE"", ""G04_REPRODUCIBLE_DEFINITION_AND_OPERATIONALIZATION"", ""G05_PUBLICATION_TIME"", ""G07_CURRENT_DATA_READY"", ""G11_DATA_QUALITY_PASS"", ""G12_NONCONSTANT"", ""G13_ENGLISH_FULLTEXT_FORMULA_EVIDENCE"", ""G14_INDEPENDENT_SECOND_REVIEW_APPROVAL""]",excluded,RECOVERED_GATE_FAILURE,exact_for_frozen_set_membership_not_original_per_gate_bytes,codex_session_log_nested_membership
EF0158,"{""G01_IN_SCOPE_ROLE"": true, ""G02_ARTICLE_LEVEL"": true, ""G03_PRIMARY_OR_FOUNDATIONAL_EVIDENCE"": false, ""G04_REPRODUCIBLE_DEFINITION_AND_OPERATIONALIZATION"": false, ""G05_PUBLICATION_TIME"": false, ""G06_NO_FUTURE_INFORMATION"": true, ""G07_CURRENT_DATA_READY"": false, ""G08_BIAS_GUARDRAIL"": true, ""G09_NO_FATAL_VALIDITY_CONCERN"": true, ""G10_OUTCOME_BLIND_SELECTION"": true, ""G11_DATA_QUALITY_PASS"": false, ""G12_NONCONSTANT"": false, ""G13_ENGLISH_FULLTEXT_FORMULA_EVIDENCE"": false, ""G14_INDEPENDENT_SECOND_REVIEW_APPROVAL"": false}","[""G03_PRIMARY_OR_FOUNDATIONAL_EVIDENCE"", ""G04_REPRODUCIBLE_DEFINITION_AND_OPERATIONALIZATION"", ""G05_PUBLICATION_TIME"", ""G07_CURRENT_DATA_READY"", ""G11_DATA_QUALITY_PASS"", ""G12_NONCONSTANT"", ""G13_ENGLISH_FULLTEXT_FORMULA_EVIDENCE"", ""G14_INDEPENDENT_SECOND_REVIEW_APPROVAL""]",excluded,RECOVERED_GATE_FAILURE,exact_for_frozen_set_membership_not_original_per_gate_bytes,codex_session_log_nested_membership
EF0159,"{""G01_IN_SCOPE_ROLE"": true, ""G02_ARTICLE_LEVEL"": true, ""G03_PRIMARY_OR_FOUNDATIONAL_EVIDENCE"": true, ""G04_REPRODUCIBLE_DEFINITION_AND_OPERATIONALIZATION"": false, ""G05_PUBLICATION_TIME"": true, ""G06_NO_FUTURE_INFORMATION"": true, ""G07_CURRENT_DATA_READY"": false, ""G08_BIAS_GUARDRAIL"": true, ""G09_NO_FATAL_VALIDITY_CONCERN"": true, ""G10_OUTCOME_BLIND_SELECTION"": true, ""G11_DATA_QUALITY_PASS"": false, ""G12_NONCONSTANT"": false, ""G13_ENGLISH_FULLTEXT_FORMULA_EVIDENCE"": false, ""G14_INDEPENDENT_SECOND_REVIEW_APPROVAL"": false}","[""G04_REPRODUCIBLE_DEFINITION_AND_OPERATIONALIZATION"", ""G07_CURRENT_DATA_READY"", ""G11_DATA_QUALITY_PASS"", ""G12_NONCONSTANT"", ""G13_ENGLISH_FULLTEXT_FORMULA_EVIDENCE"", ""G14_INDEPENDENT_SECOND_REVIEW_APPROVAL""]",excluded,RECOVERED_GATE_FAILURE,exact_for_frozen_set_membership_not_original_per_gate_bytes,codex_session_log_nested_membership
EF0160,"{""G01_IN_SCOPE_ROLE"": true, ""G02_ARTICLE_LEVEL"": true, ""G03_PRIMARY_OR_FOUNDATIONAL_EVIDENCE"": true, ""G04_REPRODUCIBLE_DEFINITION_AND_OPERATIONALIZATION"": false, ""G05_PUBLICATION_TIME"": true, ""G06_NO_FUTURE_INFORMATION"": true, ""G07_CURRENT_DATA_READY"": false, ""G08_BIAS_GUARDRAIL"": true, ""G09_NO_FATAL_VALIDITY_CONCERN"": true, ""G10_OUTCOME_BLIND_SELECTION"": true, ""G11_DATA_QUALITY_PASS"": false, ""G12_NONCONSTANT"": false, ""G13_ENGLISH_FULLTEXT_FORMULA_EVIDENCE"": false, ""G14_INDEPENDENT_SECOND_REVIEW_APPROVAL"": false}","[""G04_REPRODUCIBLE_DEFINITION_AND_OPERATIONALIZATION"", ""G07_CURRENT_DATA_READY"", ""G11_DATA_QUALITY_PASS"", ""G12_NONCONSTANT"", ""G13_ENGLISH_FULLTEXT_FORMULA_EVIDENCE"", ""G14_INDEPENDENT_SECOND_REVIEW_APPROVAL""]",excluded,RECOVERED_GATE_FAILURE,exact_for_frozen_set_membership_not_original_per_gate_bytes,codex_session_log_nested_membership
EF0161,"{""G01_IN_SCOPE_ROLE"": true, ""G02_ARTICLE_LEVEL"": true, ""G03_PRIMARY_OR_FOUNDATIONAL_EVIDENCE"": false, ""G04_REPRODUCIBLE_DEFINITION_AND_OPERATIONALIZATION"": false, ""G05_PUBLICATION_TIME"": false, ""G06_NO_FUTURE_INFORMATION"": true, ""G07_CURRENT_DATA_READY"": false, ""G08_BIAS_GUARDRAIL"": true, ""G09_NO_FATAL_VALIDITY_CONCERN"": true, ""G10_OUTCOME_BLIND_SELECTION"": true, ""G11_DATA_QUALITY_PASS"": false, ""G12_NONCONSTANT"": false, ""G13_ENGLISH_FULLTEXT_FORMULA_EVIDENCE"": false, ""G14_INDEPENDENT_SECOND_REVIEW_APPROVAL"": false}","[""G03_PRIMARY_OR_FOUNDATIONAL_EVIDENCE"", ""G04_REPRODUCIBLE_DEFINITION_AND_OPERATIONALIZATION"", ""G05_PUBLICATION_TIME"", ""G07_CURRENT_DATA_READY"", ""G11_DATA_QUALITY_PASS"", ""G12_NONCONSTANT"", ""G13_ENGLISH_FULLTEXT_FORMULA_EVIDENCE"", ""G14_INDEPENDENT_SECOND_REVIEW_APPROVAL""]",excluded,RECOVERED_GATE_FAILURE,exact_for_frozen_set_membership_not_original_per_gate_bytes,codex_session_log_nested_membership
EF0162,"{""G01_IN_SCOPE_ROLE"": true, ""G02_ARTICLE_LEVEL"": true, ""G03_PRIMARY_OR_FOUNDATIONAL_EVIDENCE"": false, ""G04_REPRODUCIBLE_DEFINITION_AND_OPERATIONALIZATION"": false, ""G05_PUBLICATION_TIME"": true, ""G06_NO_FUTURE_INFORMATION"": true, ""G07_CURRENT_DATA_READY"": false, ""G08_BIAS_GUARDRAIL"": true, ""G09_NO_FATAL_VALIDITY_CONCERN"": true, ""G10_OUTCOME_BLIND_SELECTION"": true, ""G11_DATA_QUALITY_PASS"": false, ""G12_NONCONSTANT"": false, ""G13_ENGLISH_FULLTEXT_FORMULA_EVIDENCE"": false, ""G14_INDEPENDENT_SECOND_REVIEW_APPROVAL"": false}","[""G03_PRIMARY_OR_FOUNDATIONAL_EVIDENCE"", ""G04_REPRODUCIBLE_DEFINITION_AND_OPERATIONALIZATION"", ""G07_CURRENT_DATA_READY"", ""G11_DATA_QUALITY_PASS"", ""G12_NONCONSTANT"", ""G13_ENGLISH_FULLTEXT_FORMULA_EVIDENCE"", ""G14_INDEPENDENT_SECOND_REVIEW_APPROVAL""]",excluded,RECOVERED_GATE_FAILURE,exact_for_frozen_set_membership_not_original_per_gate_bytes,codex_session_log_nested_membership
EF0163,"{""G01_IN_SCOPE_ROLE"": true, ""G02_ARTICLE_LEVEL"": true, ""G03_PRIMARY_OR_FOUNDATIONAL_EVIDENCE"": false, ""G04_REPRODUCIBLE_DEFINITION_AND_OPERATIONALIZATION"": false, ""G05_PUBLICATION_TIME"": false, ""G06_NO_FUTURE_INFORMATION"": true, ""G07_CURRENT_DATA_READY"": false, ""G08_BIAS_GUARDRAIL"": true, ""G09_NO_FATAL_VALIDITY_CONCERN"": true, ""G10_OUTCOME_BLIND_SELECTION"": true, ""G11_DATA_QUALITY_PASS"": false, ""G12_NONCONSTANT"": false, ""G13_ENGLISH_FULLTEXT_FORMULA_EVIDENCE"": false, ""G14_INDEPENDENT_SECOND_REVIEW_APPROVAL"": false}","[""G03_PRIMARY_OR_FOUNDATIONAL_EVIDENCE"", ""G04_REPRODUCIBLE_DEFINITION_AND_OPERATIONALIZATION"", ""G05_PUBLICATION_TIME"", ""G07_CURRENT_DATA_READY"", ""G11_DATA_QUALITY_PASS"", ""G12_NONCONSTANT"", ""G13_ENGLISH_FULLTEXT_FORMULA_EVIDENCE"", ""G14_INDEPENDENT_SECOND_REVIEW_APPROVAL""]",excluded,RECOVERED_GATE_FAILURE,exact_for_frozen_set_membership_not_original_per_gate_bytes,codex_session_log_nested_membership
EF0164,"{""G01_IN_SCOPE_ROLE"": true, ""G02_ARTICLE_LEVEL"": true, ""G03_PRIMARY_OR_FOUNDATIONAL_EVIDENCE"": true, ""G04_REPRODUCIBLE_DEFINITION_AND_OPERATIONALIZATION"": false, ""G05_PUBLICATION_TIME"": true, ""G06_NO_FUTURE_INFORMATION"": true, ""G07_CURRENT_DATA_READY"": false, ""G08_BIAS_GUARDRAIL"": true, ""G09_NO_FATAL_VALIDITY_CONCERN"": true, ""G10_OUTCOME_BLIND_SELECTION"": true, ""G11_DATA_QUALITY_PASS"": false, ""G12_NONCONSTANT"": false, ""G13_ENGLISH_FULLTEXT_FORMULA_EVIDENCE"": false, ""G14_INDEPENDENT_SECOND_REVIEW_APPROVAL"": false}","[""G04_REPRODUCIBLE_DEFINITION_AND_OPERATIONALIZATION"", ""G07_CURRENT_DATA_READY"", ""G11_DATA_QUALITY_PASS"", ""G12_NONCONSTANT"", ""G13_ENGLISH_FULLTEXT_FORMULA_EVIDENCE"", ""G14_INDEPENDENT_SECOND_REVIEW_APPROVAL""]",excluded,RECOVERED_GATE_FAILURE,exact_for_frozen_set_membership_not_original_per_gate_bytes,codex_session_log_nested_membership
EF0165,"{""G01_IN_SCOPE_ROLE"": true, ""G02_ARTICLE_LEVEL"": true, ""G03_PRIMARY_OR_FOUNDATIONAL_EVIDENCE"": false, ""G04_REPRODUCIBLE_DEFINITION_AND_OPERATIONALIZATION"": false, ""G05_PUBLICATION_TIME"": true, ""G06_NO_FUTURE_INFORMATION"": true, ""G07_CURRENT_DATA_READY"": false, ""G08_BIAS_GUARDRAIL"": true, ""G09_NO_FATAL_VALIDITY_CONCERN"": true, ""G10_OUTCOME_BLIND_SELECTION"": true, ""G11_DATA_QUALITY_PASS"": false, ""G12_NONCONSTANT"": false, ""G13_ENGLISH_FULLTEXT_FORMULA_EVIDENCE"": false, ""G14_INDEPENDENT_SECOND_REVIEW_APPROVAL"": false}","[""G03_PRIMARY_OR_FOUNDATIONAL_EVIDENCE"", ""G04_REPRODUCIBLE_DEFINITION_AND_OPERATIONALIZATION"", ""G07_CURRENT_DATA_READY"", ""G11_DATA_QUALITY_PASS"", ""G12_NONCONSTANT"", ""G13_ENGLISH_FULLTEXT_FORMULA_EVIDENCE"", ""G14_INDEPENDENT_SECOND_REVIEW_APPROVAL""]",excluded,RECOVERED_GATE_FAILURE,exact_for_frozen_set_membership_not_original_per_gate_bytes,codex_session_log_nested_membership
EF0166,"{""G01_IN_SCOPE_ROLE"": true, ""G02_ARTICLE_LEVEL"": true, ""G03_PRIMARY_OR_FOUNDATIONAL_EVIDENCE"": false, ""G04_REPRODUCIBLE_DEFINITION_AND_OPERATIONALIZATION"": false, ""G05_PUBLICATION_TIME"": true, ""G06_NO_FUTURE_INFORMATION"": true, ""G07_CURRENT_DATA_READY"": false, ""G08_BIAS_GUARDRAIL"": true, ""G09_NO_FATAL_VALIDITY_CONCERN"": true, ""G10_OUTCOME_BLIND_SELECTION"": true, ""G11_DATA_QUALITY_PASS"": false, ""G12_NONCONSTANT"": false, ""G13_ENGLISH_FULLTEXT_FORMULA_EVIDENCE"": false, ""G14_INDEPENDENT_SECOND_REVIEW_APPROVAL"": false}","[""G03_PRIMARY_OR_FOUNDATIONAL_EVIDENCE"", ""G04_REPRODUCIBLE_DEFINITION_AND_OPERATIONALIZATION"", ""G07_CURRENT_DATA_READY"", ""G11_DATA_QUALITY_PASS"", ""G12_NONCONSTANT"", ""G13_ENGLISH_FULLTEXT_FORMULA_EVIDENCE"", ""G14_INDEPENDENT_SECOND_REVIEW_APPROVAL""]",excluded,RECOVERED_GATE_FAILURE,exact_for_frozen_set_membership_not_original_per_gate_bytes,codex_session_log_nested_membership
EF0167,"{""G01_IN_SCOPE_ROLE"": true, ""G02_ARTICLE_LEVEL"": true, ""G03_PRIMARY_OR_FOUNDATIONAL_EVIDENCE"": false, ""G04_REPRODUCIBLE_DEFINITION_AND_OPERATIONALIZATION"": false, ""G05_PUBLICATION_TIME"": false, ""G06_NO_FUTURE_INFORMATION"": true, ""G07_CURRENT_DATA_READY"": false, ""G08_BIAS_GUARDRAIL"": true, ""G09_NO_FATAL_VALIDITY_CONCERN"": true, ""G10_OUTCOME_BLIND_SELECTION"": true, ""G11_DATA_QUALITY_PASS"": false, ""G12_NONCONSTANT"": false, ""G13_ENGLISH_FULLTEXT_FORMULA_EVIDENCE"": false, ""G14_INDEPENDENT_SECOND_REVIEW_APPROVAL"": false}","[""G03_PRIMARY_OR_FOUNDATIONAL_EVIDENCE"", ""G04_REPRODUCIBLE_DEFINITION_AND_OPERATIONALIZATION"", ""G05_PUBLICATION_TIME"", ""G07_CURRENT_DATA_READY"", ""G11_DATA_QUALITY_PASS"", ""G12_NONCONSTANT"", ""G13_ENGLISH_FULLTEXT_FORMULA_EVIDENCE"", ""G14_INDEPENDENT_SECOND_REVIEW_APPROVAL""]",excluded,RECOVERED_GATE_FAILURE,exact_for_frozen_set_membership_not_original_per_gate_bytes,codex_session_log_nested_membership
EF0168,"{""G01_IN_SCOPE_ROLE"": true, ""G02_ARTICLE_LEVEL"": true, ""G03_PRIMARY_OR_FOUNDATIONAL_EVIDENCE"": false, ""G04_REPRODUCIBLE_DEFINITION_AND_OPERATIONALIZATION"": false, ""G05_PUBLICATION_TIME"": false, ""G06_NO_FUTURE_INFORMATION"": true, ""G07_CURRENT_DATA_READY"": false, ""G08_BIAS_GUARDRAIL"": true, ""G09_NO_FATAL_VALIDITY_CONCERN"": true, ""G10_OUTCOME_BLIND_SELECTION"": true, ""G11_DATA_QUALITY_PASS"": false, ""G12_NONCONSTANT"": false, ""G13_ENGLISH_FULLTEXT_FORMULA_EVIDENCE"": false, ""G14_INDEPENDENT_SECOND_REVIEW_APPROVAL"": false}","[""G03_PRIMARY_OR_FOUNDATIONAL_EVIDENCE"", ""G04_REPRODUCIBLE_DEFINITION_AND_OPERATIONALIZATION"", ""G05_PUBLICATION_TIME"", ""G07_CURRENT_DATA_READY"", ""G11_DATA_QUALITY_PASS"", ""G12_NONCONSTANT"", ""G13_ENGLISH_FULLTEXT_FORMULA_EVIDENCE"", ""G14_INDEPENDENT_SECOND_REVIEW_APPROVAL""]",excluded,RECOVERED_GATE_FAILURE,exact_for_frozen_set_membership_not_original_per_gate_bytes,codex_session_log_nested_membership
EF0169,"{""G01_IN_SCOPE_ROLE"": true, ""G02_ARTICLE_LEVEL"": true, ""G03_PRIMARY_OR_FOUNDATIONAL_EVIDENCE"": false, ""G04_REPRODUCIBLE_DEFINITION_AND_OPERATIONALIZATION"": false, ""G05_PUBLICATION_TIME"": false, ""G06_NO_FUTURE_INFORMATION"": true, ""G07_CURRENT_DATA_READY"": false, ""G08_BIAS_GUARDRAIL"": true, ""G09_NO_FATAL_VALIDITY_CONCERN"": true, ""G10_OUTCOME_BLIND_SELECTION"": true, ""G11_DATA_QUALITY_PASS"": false, ""G12_NONCONSTANT"": false, ""G13_ENGLISH_FULLTEXT_FORMULA_EVIDENCE"": false, ""G14_INDEPENDENT_SECOND_REVIEW_APPROVAL"": false}","[""G03_PRIMARY_OR_FOUNDATIONAL_EVIDENCE"", ""G04_REPRODUCIBLE_DEFINITION_AND_OPERATIONALIZATION"", ""G05_PUBLICATION_TIME"", ""G07_CURRENT_DATA_READY"", ""G11_DATA_QUALITY_PASS"", ""G12_NONCONSTANT"", ""G13_ENGLISH_FULLTEXT_FORMULA_EVIDENCE"", ""G14_INDEPENDENT_SECOND_REVIEW_APPROVAL""]",excluded,RECOVERED_GATE_FAILURE,exact_for_frozen_set_membership_not_original_per_gate_bytes,codex_session_log_nested_membership
EF0170,"{""G01_IN_SCOPE_ROLE"": true, ""G02_ARTICLE_LEVEL"": true, ""G03_PRIMARY_OR_FOUNDATIONAL_EVIDENCE"": false, ""G04_REPRODUCIBLE_DEFINITION_AND_OPERATIONALIZATION"": false, ""G05_PUBLICATION_TIME"": false, ""G06_NO_FUTURE_INFORMATION"": true, ""G07_CURRENT_DATA_READY"": false, ""G08_BIAS_GUARDRAIL"": true, ""G09_NO_FATAL_VALIDITY_CONCERN"": true, ""G10_OUTCOME_BLIND_SELECTION"": true, ""G11_DATA_QUALITY_PASS"": false, ""G12_NONCONSTANT"": false, ""G13_ENGLISH_FULLTEXT_FORMULA_EVIDENCE"": false, ""G14_INDEPENDENT_SECOND_REVIEW_APPROVAL"": false}","[""G03_PRIMARY_OR_FOUNDATIONAL_EVIDENCE"", ""G04_REPRODUCIBLE_DEFINITION_AND_OPERATIONALIZATION"", ""G05_PUBLICATION_TIME"", ""G07_CURRENT_DATA_READY"", ""G11_DATA_QUALITY_PASS"", ""G12_NONCONSTANT"", ""G13_ENGLISH_FULLTEXT_FORMULA_EVIDENCE"", ""G14_INDEPENDENT_SECOND_REVIEW_APPROVAL""]",excluded,RECOVERED_GATE_FAILURE,exact_for_frozen_set_membership_not_original_per_gate_bytes,codex_session_log_nested_membership
EF0171,"{""G01_IN_SCOPE_ROLE"": true, ""G02_ARTICLE_LEVEL"": true, ""G03_PRIMARY_OR_FOUNDATIONAL_EVIDENCE"": false, ""G04_REPRODUCIBLE_DEFINITION_AND_OPERATIONALIZATION"": false, ""G05_PUBLICATION_TIME"": false, ""G06_NO_FUTURE_INFORMATION"": true, ""G07_CURRENT_DATA_READY"": false, ""G08_BIAS_GUARDRAIL"": true, ""G09_NO_FATAL_VALIDITY_CONCERN"": true, ""G10_OUTCOME_BLIND_SELECTION"": true, ""G11_DATA_QUALITY_PASS"": false, ""G12_NONCONSTANT"": false, ""G13_ENGLISH_FULLTEXT_FORMULA_EVIDENCE"": false, ""G14_INDEPENDENT_SECOND_REVIEW_APPROVAL"": false}","[""G03_PRIMARY_OR_FOUNDATIONAL_EVIDENCE"", ""G04_REPRODUCIBLE_DEFINITION_AND_OPERATIONALIZATION"", ""G05_PUBLICATION_TIME"", ""G07_CURRENT_DATA_READY"", ""G11_DATA_QUALITY_PASS"", ""G12_NONCONSTANT"", ""G13_ENGLISH_FULLTEXT_FORMULA_EVIDENCE"", ""G14_INDEPENDENT_SECOND_REVIEW_APPROVAL""]",excluded,RECOVERED_GATE_FAILURE,exact_for_frozen_set_membership_not_original_per_gate_bytes,codex_session_log_nested_membership
EF0172,"{""G01_IN_SCOPE_ROLE"": true, ""G02_ARTICLE_LEVEL"": true, ""G03_PRIMARY_OR_FOUNDATIONAL_EVIDENCE"": false, ""G04_REPRODUCIBLE_DEFINITION_AND_OPERATIONALIZATION"": false, ""G05_PUBLICATION_TIME"": false, ""G06_NO_FUTURE_INFORMATION"": true, ""G07_CURRENT_DATA_READY"": false, ""G08_BIAS_GUARDRAIL"": true, ""G09_NO_FATAL_VALIDITY_CONCERN"": true, ""G10_OUTCOME_BLIND_SELECTION"": true, ""G11_DATA_QUALITY_PASS"": false, ""G12_NONCONSTANT"": false, ""G13_ENGLISH_FULLTEXT_FORMULA_EVIDENCE"": false, ""G14_INDEPENDENT_SECOND_REVIEW_APPROVAL"": false}","[""G03_PRIMARY_OR_FOUNDATIONAL_EVIDENCE"", ""G04_REPRODUCIBLE_DEFINITION_AND_OPERATIONALIZATION"", ""G05_PUBLICATION_TIME"", ""G07_CURRENT_DATA_READY"", ""G11_DATA_QUALITY_PASS"", ""G12_NONCONSTANT"", ""G13_ENGLISH_FULLTEXT_FORMULA_EVIDENCE"", ""G14_INDEPENDENT_SECOND_REVIEW_APPROVAL""]",excluded,RECOVERED_GATE_FAILURE,exact_for_frozen_set_membership_not_original_per_gate_bytes,codex_session_log_nested_membership
EF0173,"{""G01_IN_SCOPE_ROLE"": true, ""G02_ARTICLE_LEVEL"": true, ""G03_PRIMARY_OR_FOUNDATIONAL_EVIDENCE"": false, ""G04_REPRODUCIBLE_DEFINITION_AND_OPERATIONALIZATION"": false, ""G05_PUBLICATION_TIME"": true, ""G06_NO_FUTURE_INFORMATION"": true, ""G07_CURRENT_DATA_READY"": false, ""G08_BIAS_GUARDRAIL"": true, ""G09_NO_FATAL_VALIDITY_CONCERN"": true, ""G10_OUTCOME_BLIND_SELECTION"": true, ""G11_DATA_QUALITY_PASS"": false, ""G12_NONCONSTANT"": false, ""G13_ENGLISH_FULLTEXT_FORMULA_EVIDENCE"": false, ""G14_INDEPENDENT_SECOND_REVIEW_APPROVAL"": false}","[""G03_PRIMARY_OR_FOUNDATIONAL_EVIDENCE"", ""G04_REPRODUCIBLE_DEFINITION_AND_OPERATIONALIZATION"", ""G07_CURRENT_DATA_READY"", ""G11_DATA_QUALITY_PASS"", ""G12_NONCONSTANT"", ""G13_ENGLISH_FULLTEXT_FORMULA_EVIDENCE"", ""G14_INDEPENDENT_SECOND_REVIEW_APPROVAL""]",excluded,RECOVERED_GATE_FAILURE,exact_for_frozen_set_membership_not_original_per_gate_bytes,codex_session_log_nested_membership
EF0174,"{""G01_IN_SCOPE_ROLE"": true, ""G02_ARTICLE_LEVEL"": true, ""G03_PRIMARY_OR_FOUNDATIONAL_EVIDENCE"": false, ""G04_REPRODUCIBLE_DEFINITION_AND_OPERATIONALIZATION"": false, ""G05_PUBLICATION_TIME"": false, ""G06_NO_FUTURE_INFORMATION"": true, ""G07_CURRENT_DATA_READY"": false, ""G08_BIAS_GUARDRAIL"": true, ""G09_NO_FATAL_VALIDITY_CONCERN"": true, ""G10_OUTCOME_BLIND_SELECTION"": true, ""G11_DATA_QUALITY_PASS"": false, ""G12_NONCONSTANT"": false, ""G13_ENGLISH_FULLTEXT_FORMULA_EVIDENCE"": false, ""G14_INDEPENDENT_SECOND_REVIEW_APPROVAL"": false}","[""G03_PRIMARY_OR_FOUNDATIONAL_EVIDENCE"", ""G04_REPRODUCIBLE_DEFINITION_AND_OPERATIONALIZATION"", ""G05_PUBLICATION_TIME"", ""G07_CURRENT_DATA_READY"", ""G11_DATA_QUALITY_PASS"", ""G12_NONCONSTANT"", ""G13_ENGLISH_FULLTEXT_FORMULA_EVIDENCE"", ""G14_INDEPENDENT_SECOND_REVIEW_APPROVAL""]",excluded,RECOVERED_GATE_FAILURE,exact_for_frozen_set_membership_not_original_per_gate_bytes,codex_session_log_nested_membership
EF0175,"{""G01_IN_SCOPE_ROLE"": true, ""G02_ARTICLE_LEVEL"": true, ""G03_PRIMARY_OR_FOUNDATIONAL_EVIDENCE"": false, ""G04_REPRODUCIBLE_DEFINITION_AND_OPERATIONALIZATION"": false, ""G05_PUBLICATION_TIME"": false, ""G06_NO_FUTURE_INFORMATION"": true, ""G07_CURRENT_DATA_READY"": false, ""G08_BIAS_GUARDRAIL"": true, ""G09_NO_FATAL_VALIDITY_CONCERN"": true, ""G10_OUTCOME_BLIND_SELECTION"": true, ""G11_DATA_QUALITY_PASS"": false, ""G12_NONCONSTANT"": false, ""G13_ENGLISH_FULLTEXT_FORMULA_EVIDENCE"": false, ""G14_INDEPENDENT_SECOND_REVIEW_APPROVAL"": false}","[""G03_PRIMARY_OR_FOUNDATIONAL_EVIDENCE"", ""G04_REPRODUCIBLE_DEFINITION_AND_OPERATIONALIZATION"", ""G05_PUBLICATION_TIME"", ""G07_CURRENT_DATA_READY"", ""G11_DATA_QUALITY_PASS"", ""G12_NONCONSTANT"", ""G13_ENGLISH_FULLTEXT_FORMULA_EVIDENCE"", ""G14_INDEPENDENT_SECOND_REVIEW_APPROVAL""]",excluded,RECOVERED_GATE_FAILURE,exact_for_frozen_set_membership_not_original_per_gate_bytes,codex_session_log_nested_membership
EF0176,"{""G01_IN_SCOPE_ROLE"": true, ""G02_ARTICLE_LEVEL"": true, ""G03_PRIMARY_OR_FOUNDATIONAL_EVIDENCE"": false, ""G04_REPRODUCIBLE_DEFINITION_AND_OPERATIONALIZATION"": false, ""G05_PUBLICATION_TIME"": false, ""G06_NO_FUTURE_INFORMATION"": true, ""G07_CURRENT_DATA_READY"": false, ""G08_BIAS_GUARDRAIL"": true, ""G09_NO_FATAL_VALIDITY_CONCERN"": true, ""G10_OUTCOME_BLIND_SELECTION"": true, ""G11_DATA_QUALITY_PASS"": false, ""G12_NONCONSTANT"": false, ""G13_ENGLISH_FULLTEXT_FORMULA_EVIDENCE"": false, ""G14_INDEPENDENT_SECOND_REVIEW_APPROVAL"": false}","[""G03_PRIMARY_OR_FOUNDATIONAL_EVIDENCE"", ""G04_REPRODUCIBLE_DEFINITION_AND_OPERATIONALIZATION"", ""G05_PUBLICATION_TIME"", ""G07_CURRENT_DATA_READY"", ""G11_DATA_QUALITY_PASS"", ""G12_NONCONSTANT"", ""G13_ENGLISH_FULLTEXT_FORMULA_EVIDENCE"", ""G14_INDEPENDENT_SECOND_REVIEW_APPROVAL""]",excluded,RECOVERED_GATE_FAILURE,exact_for_frozen_set_membership_not_original_per_gate_bytes,codex_session_log_nested_membership
EF0177,"{""G01_IN_SCOPE_ROLE"": true, ""G02_ARTICLE_LEVEL"": true, ""G03_PRIMARY_OR_FOUNDATIONAL_EVIDENCE"": false, ""G04_REPRODUCIBLE_DEFINITION_AND_OPERATIONALIZATION"": false, ""G05_PUBLICATION_TIME"": false, ""G06_NO_FUTURE_INFORMATION"": true, ""G07_CURRENT_DATA_READY"": false, ""G08_BIAS_GUARDRAIL"": true, ""G09_NO_FATAL_VALIDITY_CONCERN"": true, ""G10_OUTCOME_BLIND_SELECTION"": true, ""G11_DATA_QUALITY_PASS"": false, ""G12_NONCONSTANT"": false, ""G13_ENGLISH_FULLTEXT_FORMULA_EVIDENCE"": false, ""G14_INDEPENDENT_SECOND_REVIEW_APPROVAL"": false}","[""G03_PRIMARY_OR_FOUNDATIONAL_EVIDENCE"", ""G04_REPRODUCIBLE_DEFINITION_AND_OPERATIONALIZATION"", ""G05_PUBLICATION_TIME"", ""G07_CURRENT_DATA_READY"", ""G11_DATA_QUALITY_PASS"", ""G12_NONCONSTANT"", ""G13_ENGLISH_FULLTEXT_FORMULA_EVIDENCE"", ""G14_INDEPENDENT_SECOND_REVIEW_APPROVAL""]",excluded,RECOVERED_GATE_FAILURE,exact_for_frozen_set_membership_not_original_per_gate_bytes,codex_session_log_nested_membership
EF0178,"{""G01_IN_SCOPE_ROLE"": true, ""G02_ARTICLE_LEVEL"": true, ""G03_PRIMARY_OR_FOUNDATIONAL_EVIDENCE"": false, ""G04_REPRODUCIBLE_DEFINITION_AND_OPERATIONALIZATION"": false, ""G05_PUBLICATION_TIME"": false, ""G06_NO_FUTURE_INFORMATION"": true, ""G07_CURRENT_DATA_READY"": false, ""G08_BIAS_GUARDRAIL"": true, ""G09_NO_FATAL_VALIDITY_CONCERN"": true, ""G10_OUTCOME_BLIND_SELECTION"": true, ""G11_DATA_QUALITY_PASS"": false, ""G12_NONCONSTANT"": false, ""G13_ENGLISH_FULLTEXT_FORMULA_EVIDENCE"": false, ""G14_INDEPENDENT_SECOND_REVIEW_APPROVAL"": false}","[""G03_PRIMARY_OR_FOUNDATIONAL_EVIDENCE"", ""G04_REPRODUCIBLE_DEFINITION_AND_OPERATIONALIZATION"", ""G05_PUBLICATION_TIME"", ""G07_CURRENT_DATA_READY"", ""G11_DATA_QUALITY_PASS"", ""G12_NONCONSTANT"", ""G13_ENGLISH_FULLTEXT_FORMULA_EVIDENCE"", ""G14_INDEPENDENT_SECOND_REVIEW_APPROVAL""]",excluded,RECOVERED_GATE_FAILURE,exact_for_frozen_set_membership_not_original_per_gate_bytes,codex_session_log_nested_membership
EF0179,"{""G01_IN_SCOPE_ROLE"": true, ""G02_ARTICLE_LEVEL"": true, ""G03_PRIMARY_OR_FOUNDATIONAL_EVIDENCE"": false, ""G04_REPRODUCIBLE_DEFINITION_AND_OPERATIONALIZATION"": false, ""G05_PUBLICATION_TIME"": false, ""G06_NO_FUTURE_INFORMATION"": true, ""G07_CURRENT_DATA_READY"": false, ""G08_BIAS_GUARDRAIL"": true, ""G09_NO_FATAL_VALIDITY_CONCERN"": true, ""G10_OUTCOME_BLIND_SELECTION"": true, ""G11_DATA_QUALITY_PASS"": false, ""G12_NONCONSTANT"": false, ""G13_ENGLISH_FULLTEXT_FORMULA_EVIDENCE"": false, ""G14_INDEPENDENT_SECOND_REVIEW_APPROVAL"": false}","[""G03_PRIMARY_OR_FOUNDATIONAL_EVIDENCE"", ""G04_REPRODUCIBLE_DEFINITION_AND_OPERATIONALIZATION"", ""G05_PUBLICATION_TIME"", ""G07_CURRENT_DATA_READY"", ""G11_DATA_QUALITY_PASS"", ""G12_NONCONSTANT"", ""G13_ENGLISH_FULLTEXT_FORMULA_EVIDENCE"", ""G14_INDEPENDENT_SECOND_REVIEW_APPROVAL""]",excluded,RECOVERED_GATE_FAILURE,exact_for_frozen_set_membership_not_original_per_gate_bytes,codex_session_log_nested_membership
EF0180,"{""G01_IN_SCOPE_ROLE"": true, ""G02_ARTICLE_LEVEL"": true, ""G03_PRIMARY_OR_FOUNDATIONAL_EVIDENCE"": true, ""G04_REPRODUCIBLE_DEFINITION_AND_OPERATIONALIZATION"": false, ""G05_PUBLICATION_TIME"": true, ""G06_NO_FUTURE_INFORMATION"": true, ""G07_CURRENT_DATA_READY"": false, ""G08_BIAS_GUARDRAIL"": true, ""G09_NO_FATAL_VALIDITY_CONCERN"": true, ""G10_OUTCOME_BLIND_SELECTION"": true, ""G11_DATA_QUALITY_PASS"": false, ""G12_NONCONSTANT"": false, ""G13_ENGLISH_FULLTEXT_FORMULA_EVIDENCE"": false, ""G14_INDEPENDENT_SECOND_REVIEW_APPROVAL"": false}","[""G04_REPRODUCIBLE_DEFINITION_AND_OPERATIONALIZATION"", ""G07_CURRENT_DATA_READY"", ""G11_DATA_QUALITY_PASS"", ""G12_NONCONSTANT"", ""G13_ENGLISH_FULLTEXT_FORMULA_EVIDENCE"", ""G14_INDEPENDENT_SECOND_REVIEW_APPROVAL""]",excluded,RECOVERED_GATE_FAILURE,exact_for_frozen_set_membership_not_original_per_gate_bytes,codex_session_log_nested_membership
EF0181,"{""G01_IN_SCOPE_ROLE"": true, ""G02_ARTICLE_LEVEL"": true, ""G03_PRIMARY_OR_FOUNDATIONAL_EVIDENCE"": false, ""G04_REPRODUCIBLE_DEFINITION_AND_OPERATIONALIZATION"": false, ""G05_PUBLICATION_TIME"": false, ""G06_NO_FUTURE_INFORMATION"": true, ""G07_CURRENT_DATA_READY"": false, ""G08_BIAS_GUARDRAIL"": true, ""G09_NO_FATAL_VALIDITY_CONCERN"": true, ""G10_OUTCOME_BLIND_SELECTION"": true, ""G11_DATA_QUALITY_PASS"": false, ""G12_NONCONSTANT"": false, ""G13_ENGLISH_FULLTEXT_FORMULA_EVIDENCE"": false, ""G14_INDEPENDENT_SECOND_REVIEW_APPROVAL"": false}","[""G03_PRIMARY_OR_FOUNDATIONAL_EVIDENCE"", ""G04_REPRODUCIBLE_DEFINITION_AND_OPERATIONALIZATION"", ""G05_PUBLICATION_TIME"", ""G07_CURRENT_DATA_READY"", ""G11_DATA_QUALITY_PASS"", ""G12_NONCONSTANT"", ""G13_ENGLISH_FULLTEXT_FORMULA_EVIDENCE"", ""G14_INDEPENDENT_SECOND_REVIEW_APPROVAL""]",excluded,RECOVERED_GATE_FAILURE,exact_for_frozen_set_membership_not_original_per_gate_bytes,codex_session_log_nested_membership
EF0182,"{""G01_IN_SCOPE_ROLE"": true, ""G02_ARTICLE_LEVEL"": true, ""G03_PRIMARY_OR_FOUNDATIONAL_EVIDENCE"": true, ""G04_REPRODUCIBLE_DEFINITION_AND_OPERATIONALIZATION"": false, ""G05_PUBLICATION_TIME"": true, ""G06_NO_FUTURE_INFORMATION"": true, ""G07_CURRENT_DATA_READY"": false, ""G08_BIAS_GUARDRAIL"": true, ""G09_NO_FATAL_VALIDITY_CONCERN"": true, ""G10_OUTCOME_BLIND_SELECTION"": true, ""G11_DATA_QUALITY_PASS"": false, ""G12_NONCONSTANT"": false, ""G13_ENGLISH_FULLTEXT_FORMULA_EVIDENCE"": false, ""G14_INDEPENDENT_SECOND_REVIEW_APPROVAL"": false}","[""G04_REPRODUCIBLE_DEFINITION_AND_OPERATIONALIZATION"", ""G07_CURRENT_DATA_READY"", ""G11_DATA_QUALITY_PASS"", ""G12_NONCONSTANT"", ""G13_ENGLISH_FULLTEXT_FORMULA_EVIDENCE"", ""G14_INDEPENDENT_SECOND_REVIEW_APPROVAL""]",excluded,RECOVERED_GATE_FAILURE,exact_for_frozen_set_membership_not_original_per_gate_bytes,codex_session_log_nested_membership
EF0183,"{""G01_IN_SCOPE_ROLE"": true, ""G02_ARTICLE_LEVEL"": true, ""G03_PRIMARY_OR_FOUNDATIONAL_EVIDENCE"": false, ""G04_REPRODUCIBLE_DEFINITION_AND_OPERATIONALIZATION"": false, ""G05_PUBLICATION_TIME"": false, ""G06_NO_FUTURE_INFORMATION"": true, ""G07_CURRENT_DATA_READY"": false, ""G08_BIAS_GUARDRAIL"": true, ""G09_NO_FATAL_VALIDITY_CONCERN"": true, ""G10_OUTCOME_BLIND_SELECTION"": true, ""G11_DATA_QUALITY_PASS"": false, ""G12_NONCONSTANT"": false, ""G13_ENGLISH_FULLTEXT_FORMULA_EVIDENCE"": false, ""G14_INDEPENDENT_SECOND_REVIEW_APPROVAL"": false}","[""G03_PRIMARY_OR_FOUNDATIONAL_EVIDENCE"", ""G04_REPRODUCIBLE_DEFINITION_AND_OPERATIONALIZATION"", ""G05_PUBLICATION_TIME"", ""G07_CURRENT_DATA_READY"", ""G11_DATA_QUALITY_PASS"", ""G12_NONCONSTANT"", ""G13_ENGLISH_FULLTEXT_FORMULA_EVIDENCE"", ""G14_INDEPENDENT_SECOND_REVIEW_APPROVAL""]",excluded,RECOVERED_GATE_FAILURE,exact_for_frozen_set_membership_not_original_per_gate_bytes,codex_session_log_nested_membership
EF0184,"{""G01_IN_SCOPE_ROLE"": true, ""G02_ARTICLE_LEVEL"": true, ""G03_PRIMARY_OR_FOUNDATIONAL_EVIDENCE"": false, ""G04_REPRODUCIBLE_DEFINITION_AND_OPERATIONALIZATION"": false, ""G05_PUBLICATION_TIME"": false, ""G06_NO_FUTURE_INFORMATION"": true, ""G07_CURRENT_DATA_READY"": false, ""G08_BIAS_GUARDRAIL"": true, ""G09_NO_FATAL_VALIDITY_CONCERN"": true, ""G10_OUTCOME_BLIND_SELECTION"": true, ""G11_DATA_QUALITY_PASS"": false, ""G12_NONCONSTANT"": false, ""G13_ENGLISH_FULLTEXT_FORMULA_EVIDENCE"": false, ""G14_INDEPENDENT_SECOND_REVIEW_APPROVAL"": false}","[""G03_PRIMARY_OR_FOUNDATIONAL_EVIDENCE"", ""G04_REPRODUCIBLE_DEFINITION_AND_OPERATIONALIZATION"", ""G05_PUBLICATION_TIME"", ""G07_CURRENT_DATA_READY"", ""G11_DATA_QUALITY_PASS"", ""G12_NONCONSTANT"", ""G13_ENGLISH_FULLTEXT_FORMULA_EVIDENCE"", ""G14_INDEPENDENT_SECOND_REVIEW_APPROVAL""]",excluded,RECOVERED_GATE_FAILURE,exact_for_frozen_set_membership_not_original_per_gate_bytes,codex_session_log_nested_membership
EF0185,"{""G01_IN_SCOPE_ROLE"": true, ""G02_ARTICLE_LEVEL"": true, ""G03_PRIMARY_OR_FOUNDATIONAL_EVIDENCE"": false, ""G04_REPRODUCIBLE_DEFINITION_AND_OPERATIONALIZATION"": false, ""G05_PUBLICATION_TIME"": false, ""G06_NO_FUTURE_INFORMATION"": true, ""G07_CURRENT_DATA_READY"": false, ""G08_BIAS_GUARDRAIL"": true, ""G09_NO_FATAL_VALIDITY_CONCERN"": true, ""G10_OUTCOME_BLIND_SELECTION"": true, ""G11_DATA_QUALITY_PASS"": false, ""G12_NONCONSTANT"": false, ""G13_ENGLISH_FULLTEXT_FORMULA_EVIDENCE"": false, ""G14_INDEPENDENT_SECOND_REVIEW_APPROVAL"": false}","[""G03_PRIMARY_OR_FOUNDATIONAL_EVIDENCE"", ""G04_REPRODUCIBLE_DEFINITION_AND_OPERATIONALIZATION"", ""G05_PUBLICATION_TIME"", ""G07_CURRENT_DATA_READY"", ""G11_DATA_QUALITY_PASS"", ""G12_NONCONSTANT"", ""G13_ENGLISH_FULLTEXT_FORMULA_EVIDENCE"", ""G14_INDEPENDENT_SECOND_REVIEW_APPROVAL""]",excluded,RECOVERED_GATE_FAILURE,exact_for_frozen_set_membership_not_original_per_gate_bytes,codex_session_log_nested_membership
EF0186,"{""G01_IN_SCOPE_ROLE"": true, ""G02_ARTICLE_LEVEL"": true, ""G03_PRIMARY_OR_FOUNDATIONAL_EVIDENCE"": true, ""G04_REPRODUCIBLE_DEFINITION_AND_OPERATIONALIZATION"": true, ""G05_PUBLICATION_TIME"": true, ""G06_NO_FUTURE_INFORMATION"": true, ""G07_CURRENT_DATA_READY"": true, ""G08_BIAS_GUARDRAIL"": true, ""G09_NO_FATAL_VALIDITY_CONCERN"": true, ""G10_OUTCOME_BLIND_SELECTION"": true, ""G11_DATA_QUALITY_PASS"": true, ""G12_NONCONSTANT"": true, ""G13_ENGLISH_FULLTEXT_FORMULA_EVIDENCE"": true, ""G14_INDEPENDENT_SECOND_REVIEW_APPROVAL"": true}",[],t0_opportunity,PASS,exact_for_frozen_set_membership_not_original_per_gate_bytes,codex_session_log_nested_membership
EF0187,"{""G01_IN_SCOPE_ROLE"": true, ""G02_ARTICLE_LEVEL"": true, ""G03_PRIMARY_OR_FOUNDATIONAL_EVIDENCE"": true, ""G04_REPRODUCIBLE_DEFINITION_AND_OPERATIONALIZATION"": false, ""G05_PUBLICATION_TIME"": true, ""G06_NO_FUTURE_INFORMATION"": true, ""G07_CURRENT_DATA_READY"": false, ""G08_BIAS_GUARDRAIL"": true, ""G09_NO_FATAL_VALIDITY_CONCERN"": true, ""G10_OUTCOME_BLIND_SELECTION"": true, ""G11_DATA_QUALITY_PASS"": false, ""G12_NONCONSTANT"": false, ""G13_ENGLISH_FULLTEXT_FORMULA_EVIDENCE"": false, ""G14_INDEPENDENT_SECOND_REVIEW_APPROVAL"": false}","[""G04_REPRODUCIBLE_DEFINITION_AND_OPERATIONALIZATION"", ""G07_CURRENT_DATA_READY"", ""G11_DATA_QUALITY_PASS"", ""G12_NONCONSTANT"", ""G13_ENGLISH_FULLTEXT_FORMULA_EVIDENCE"", ""G14_INDEPENDENT_SECOND_REVIEW_APPROVAL""]",excluded,RECOVERED_GATE_FAILURE,exact_for_frozen_set_membership_not_original_per_gate_bytes,codex_session_log_nested_membership
EF0188,"{""G01_IN_SCOPE_ROLE"": true, ""G02_ARTICLE_LEVEL"": true, ""G03_PRIMARY_OR_FOUNDATIONAL_EVIDENCE"": true, ""G04_REPRODUCIBLE_DEFINITION_AND_OPERATIONALIZATION"": true, ""G05_PUBLICATION_TIME"": true, ""G06_NO_FUTURE_INFORMATION"": true, ""G07_CURRENT_DATA_READY"": true, ""G08_BIAS_GUARDRAIL"": true, ""G09_NO_FATAL_VALIDITY_CONCERN"": true, ""G10_OUTCOME_BLIND_SELECTION"": true, ""G11_DATA_QUALITY_PASS"": true, ""G12_NONCONSTANT"": true, ""G13_ENGLISH_FULLTEXT_FORMULA_EVIDENCE"": true, ""G14_INDEPENDENT_SECOND_REVIEW_APPROVAL"": true}",[],t0_opportunity,PASS,exact_for_frozen_set_membership_not_original_per_gate_bytes,codex_session_log_nested_membership
EF0189,"{""G01_IN_SCOPE_ROLE"": true, ""G02_ARTICLE_LEVEL"": true, ""G03_PRIMARY_OR_FOUNDATIONAL_EVIDENCE"": true, ""G04_REPRODUCIBLE_DEFINITION_AND_OPERATIONALIZATION"": false, ""G05_PUBLICATION_TIME"": true, ""G06_NO_FUTURE_INFORMATION"": true, ""G07_CURRENT_DATA_READY"": false, ""G08_BIAS_GUARDRAIL"": true, ""G09_NO_FATAL_VALIDITY_CONCERN"": true, ""G10_OUTCOME_BLIND_SELECTION"": true, ""G11_DATA_QUALITY_PASS"": false, ""G12_NONCONSTANT"": false, ""G13_ENGLISH_FULLTEXT_FORMULA_EVIDENCE"": false, ""G14_INDEPENDENT_SECOND_REVIEW_APPROVAL"": false}","[""G04_REPRODUCIBLE_DEFINITION_AND_OPERATIONALIZATION"", ""G07_CURRENT_DATA_READY"", ""G11_DATA_QUALITY_PASS"", ""G12_NONCONSTANT"", ""G13_ENGLISH_FULLTEXT_FORMULA_EVIDENCE"", ""G14_INDEPENDENT_SECOND_REVIEW_APPROVAL""]",excluded,RECOVERED_GATE_FAILURE,exact_for_frozen_set_membership_not_original_per_gate_bytes,codex_session_log_nested_membership
EF0190,"{""G01_IN_SCOPE_ROLE"": true, ""G02_ARTICLE_LEVEL"": true, ""G03_PRIMARY_OR_FOUNDATIONAL_EVIDENCE"": true, ""G04_REPRODUCIBLE_DEFINITION_AND_OPERATIONALIZATION"": false, ""G05_PUBLICATION_TIME"": true, ""G06_NO_FUTURE_INFORMATION"": true, ""G07_CURRENT_DATA_READY"": false, ""G08_BIAS_GUARDRAIL"": true, ""G09_NO_FATAL_VALIDITY_CONCERN"": true, ""G10_OUTCOME_BLIND_SELECTION"": true, ""G11_DATA_QUALITY_PASS"": false, ""G12_NONCONSTANT"": false, ""G13_ENGLISH_FULLTEXT_FORMULA_EVIDENCE"": false, ""G14_INDEPENDENT_SECOND_REVIEW_APPROVAL"": false}","[""G04_REPRODUCIBLE_DEFINITION_AND_OPERATIONALIZATION"", ""G07_CURRENT_DATA_READY"", ""G11_DATA_QUALITY_PASS"", ""G12_NONCONSTANT"", ""G13_ENGLISH_FULLTEXT_FORMULA_EVIDENCE"", ""G14_INDEPENDENT_SECOND_REVIEW_APPROVAL""]",excluded,RECOVERED_GATE_FAILURE,exact_for_frozen_set_membership_not_original_per_gate_bytes,codex_session_log_nested_membership
EF0191,"{""G01_IN_SCOPE_ROLE"": true, ""G02_ARTICLE_LEVEL"": true, ""G03_PRIMARY_OR_FOUNDATIONAL_EVIDENCE"": true, ""G04_REPRODUCIBLE_DEFINITION_AND_OPERATIONALIZATION"": false, ""G05_PUBLICATION_TIME"": true, ""G06_NO_FUTURE_INFORMATION"": true, ""G07_CURRENT_DATA_READY"": false, ""G08_BIAS_GUARDRAIL"": true, ""G09_NO_FATAL_VALIDITY_CONCERN"": true, ""G10_OUTCOME_BLIND_SELECTION"": true, ""G11_DATA_QUALITY_PASS"": false, ""G12_NONCONSTANT"": false, ""G13_ENGLISH_FULLTEXT_FORMULA_EVIDENCE"": false, ""G14_INDEPENDENT_SECOND_REVIEW_APPROVAL"": false}","[""G04_REPRODUCIBLE_DEFINITION_AND_OPERATIONALIZATION"", ""G07_CURRENT_DATA_READY"", ""G11_DATA_QUALITY_PASS"", ""G12_NONCONSTANT"", ""G13_ENGLISH_FULLTEXT_FORMULA_EVIDENCE"", ""G14_INDEPENDENT_SECOND_REVIEW_APPROVAL""]",excluded,RECOVERED_GATE_FAILURE,exact_for_frozen_set_membership_not_original_per_gate_bytes,codex_session_log_nested_membership
EF0192,"{""G01_IN_SCOPE_ROLE"": true, ""G02_ARTICLE_LEVEL"": true, ""G03_PRIMARY_OR_FOUNDATIONAL_EVIDENCE"": false, ""G04_REPRODUCIBLE_DEFINITION_AND_OPERATIONALIZATION"": false, ""G05_PUBLICATION_TIME"": false, ""G06_NO_FUTURE_INFORMATION"": true, ""G07_CURRENT_DATA_READY"": false, ""G08_BIAS_GUARDRAIL"": true, ""G09_NO_FATAL_VALIDITY_CONCERN"": true, ""G10_OUTCOME_BLIND_SELECTION"": true, ""G11_DATA_QUALITY_PASS"": false, ""G12_NONCONSTANT"": false, ""G13_ENGLISH_FULLTEXT_FORMULA_EVIDENCE"": false, ""G14_INDEPENDENT_SECOND_REVIEW_APPROVAL"": false}","[""G03_PRIMARY_OR_FOUNDATIONAL_EVIDENCE"", ""G04_REPRODUCIBLE_DEFINITION_AND_OPERATIONALIZATION"", ""G05_PUBLICATION_TIME"", ""G07_CURRENT_DATA_READY"", ""G11_DATA_QUALITY_PASS"", ""G12_NONCONSTANT"", ""G13_ENGLISH_FULLTEXT_FORMULA_EVIDENCE"", ""G14_INDEPENDENT_SECOND_REVIEW_APPROVAL""]",excluded,RECOVERED_GATE_FAILURE,exact_for_frozen_set_membership_not_original_per_gate_bytes,codex_session_log_nested_membership
EF0193,"{""G01_IN_SCOPE_ROLE"": true, ""G02_ARTICLE_LEVEL"": true, ""G03_PRIMARY_OR_FOUNDATIONAL_EVIDENCE"": false, ""G04_REPRODUCIBLE_DEFINITION_AND_OPERATIONALIZATION"": false, ""G05_PUBLICATION_TIME"": false, ""G06_NO_FUTURE_INFORMATION"": true, ""G07_CURRENT_DATA_READY"": false, ""G08_BIAS_GUARDRAIL"": true, ""G09_NO_FATAL_VALIDITY_CONCERN"": true, ""G10_OUTCOME_BLIND_SELECTION"": true, ""G11_DATA_QUALITY_PASS"": false, ""G12_NONCONSTANT"": false, ""G13_ENGLISH_FULLTEXT_FORMULA_EVIDENCE"": false, ""G14_INDEPENDENT_SECOND_REVIEW_APPROVAL"": false}","[""G03_PRIMARY_OR_FOUNDATIONAL_EVIDENCE"", ""G04_REPRODUCIBLE_DEFINITION_AND_OPERATIONALIZATION"", ""G05_PUBLICATION_TIME"", ""G07_CURRENT_DATA_READY"", ""G11_DATA_QUALITY_PASS"", ""G12_NONCONSTANT"", ""G13_ENGLISH_FULLTEXT_FORMULA_EVIDENCE"", ""G14_INDEPENDENT_SECOND_REVIEW_APPROVAL""]",excluded,RECOVERED_GATE_FAILURE,exact_for_frozen_set_membership_not_original_per_gate_bytes,codex_session_log_nested_membership
EF0194,"{""G01_IN_SCOPE_ROLE"": true, ""G02_ARTICLE_LEVEL"": true, ""G03_PRIMARY_OR_FOUNDATIONAL_EVIDENCE"": false, ""G04_REPRODUCIBLE_DEFINITION_AND_OPERATIONALIZATION"": false, ""G05_PUBLICATION_TIME"": false, ""G06_NO_FUTURE_INFORMATION"": true, ""G07_CURRENT_DATA_READY"": false, ""G08_BIAS_GUARDRAIL"": true, ""G09_NO_FATAL_VALIDITY_CONCERN"": true, ""G10_OUTCOME_BLIND_SELECTION"": true, ""G11_DATA_QUALITY_PASS"": false, ""G12_NONCONSTANT"": false, ""G13_ENGLISH_FULLTEXT_FORMULA_EVIDENCE"": false, ""G14_INDEPENDENT_SECOND_REVIEW_APPROVAL"": false}","[""G03_PRIMARY_OR_FOUNDATIONAL_EVIDENCE"", ""G04_REPRODUCIBLE_DEFINITION_AND_OPERATIONALIZATION"", ""G05_PUBLICATION_TIME"", ""G07_CURRENT_DATA_READY"", ""G11_DATA_QUALITY_PASS"", ""G12_NONCONSTANT"", ""G13_ENGLISH_FULLTEXT_FORMULA_EVIDENCE"", ""G14_INDEPENDENT_SECOND_REVIEW_APPROVAL""]",excluded,RECOVERED_GATE_FAILURE,exact_for_frozen_set_membership_not_original_per_gate_bytes,codex_session_log_nested_membership
EF0195,"{""G01_IN_SCOPE_ROLE"": true, ""G02_ARTICLE_LEVEL"": true, ""G03_PRIMARY_OR_FOUNDATIONAL_EVIDENCE"": false, ""G04_REPRODUCIBLE_DEFINITION_AND_OPERATIONALIZATION"": false, ""G05_PUBLICATION_TIME"": false, ""G06_NO_FUTURE_INFORMATION"": true, ""G07_CURRENT_DATA_READY"": false, ""G08_BIAS_GUARDRAIL"": true, ""G09_NO_FATAL_VALIDITY_CONCERN"": true, ""G10_OUTCOME_BLIND_SELECTION"": true, ""G11_DATA_QUALITY_PASS"": false, ""G12_NONCONSTANT"": false, ""G13_ENGLISH_FULLTEXT_FORMULA_EVIDENCE"": false, ""G14_INDEPENDENT_SECOND_REVIEW_APPROVAL"": false}","[""G03_PRIMARY_OR_FOUNDATIONAL_EVIDENCE"", ""G04_REPRODUCIBLE_DEFINITION_AND_OPERATIONALIZATION"", ""G05_PUBLICATION_TIME"", ""G07_CURRENT_DATA_READY"", ""G11_DATA_QUALITY_PASS"", ""G12_NONCONSTANT"", ""G13_ENGLISH_FULLTEXT_FORMULA_EVIDENCE"", ""G14_INDEPENDENT_SECOND_REVIEW_APPROVAL""]",excluded,RECOVERED_GATE_FAILURE,exact_for_frozen_set_membership_not_original_per_gate_bytes,codex_session_log_nested_membership
EF0196,"{""G01_IN_SCOPE_ROLE"": true, ""G02_ARTICLE_LEVEL"": true, ""G03_PRIMARY_OR_FOUNDATIONAL_EVIDENCE"": true, ""G04_REPRODUCIBLE_DEFINITION_AND_OPERATIONALIZATION"": false, ""G05_PUBLICATION_TIME"": true, ""G06_NO_FUTURE_INFORMATION"": true, ""G07_CURRENT_DATA_READY"": false, ""G08_BIAS_GUARDRAIL"": true, ""G09_NO_FATAL_VALIDITY_CONCERN"": true, ""G10_OUTCOME_BLIND_SELECTION"": true, ""G11_DATA_QUALITY_PASS"": false, ""G12_NONCONSTANT"": false, ""G13_ENGLISH_FULLTEXT_FORMULA_EVIDENCE"": false, ""G14_INDEPENDENT_SECOND_REVIEW_APPROVAL"": false}","[""G04_REPRODUCIBLE_DEFINITION_AND_OPERATIONALIZATION"", ""G07_CURRENT_DATA_READY"", ""G11_DATA_QUALITY_PASS"", ""G12_NONCONSTANT"", ""G13_ENGLISH_FULLTEXT_FORMULA_EVIDENCE"", ""G14_INDEPENDENT_SECOND_REVIEW_APPROVAL""]",excluded,RECOVERED_GATE_FAILURE,exact_for_frozen_set_membership_not_original_per_gate_bytes,codex_session_log_nested_membership
EF0197,"{""G01_IN_SCOPE_ROLE"": true, ""G02_ARTICLE_LEVEL"": true, ""G03_PRIMARY_OR_FOUNDATIONAL_EVIDENCE"": true, ""G04_REPRODUCIBLE_DEFINITION_AND_OPERATIONALIZATION"": true, ""G05_PUBLICATION_TIME"": true, ""G06_NO_FUTURE_INFORMATION"": true, ""G07_CURRENT_DATA_READY"": true, ""G08_BIAS_GUARDRAIL"": true, ""G09_NO_FATAL_VALIDITY_CONCERN"": true, ""G10_OUTCOME_BLIND_SELECTION"": true, ""G11_DATA_QUALITY_PASS"": true, ""G12_NONCONSTANT"": true, ""G13_ENGLISH_FULLTEXT_FORMULA_EVIDENCE"": true, ""G14_INDEPENDENT_SECOND_REVIEW_APPROVAL"": true}",[],context_control,PASS,exact_for_frozen_set_membership_not_original_per_gate_bytes,codex_session_log_nested_membership
EF0198,"{""G01_IN_SCOPE_ROLE"": true, ""G02_ARTICLE_LEVEL"": true, ""G03_PRIMARY_OR_FOUNDATIONAL_EVIDENCE"": false, ""G04_REPRODUCIBLE_DEFINITION_AND_OPERATIONALIZATION"": false, ""G05_PUBLICATION_TIME"": false, ""G06_NO_FUTURE_INFORMATION"": true, ""G07_CURRENT_DATA_READY"": false, ""G08_BIAS_GUARDRAIL"": true, ""G09_NO_FATAL_VALIDITY_CONCERN"": true, ""G10_OUTCOME_BLIND_SELECTION"": true, ""G11_DATA_QUALITY_PASS"": false, ""G12_NONCONSTANT"": false, ""G13_ENGLISH_FULLTEXT_FORMULA_EVIDENCE"": false, ""G14_INDEPENDENT_SECOND_REVIEW_APPROVAL"": false}","[""G03_PRIMARY_OR_FOUNDATIONAL_EVIDENCE"", ""G04_REPRODUCIBLE_DEFINITION_AND_OPERATIONALIZATION"", ""G05_PUBLICATION_TIME"", ""G07_CURRENT_DATA_READY"", ""G11_DATA_QUALITY_PASS"", ""G12_NONCONSTANT"", ""G13_ENGLISH_FULLTEXT_FORMULA_EVIDENCE"", ""G14_INDEPENDENT_SECOND_REVIEW_APPROVAL""]",excluded,RECOVERED_GATE_FAILURE,exact_for_frozen_set_membership_not_original_per_gate_bytes,codex_session_log_nested_membership
EF0199,"{""G01_IN_SCOPE_ROLE"": true, ""G02_ARTICLE_LEVEL"": true, ""G03_PRIMARY_OR_FOUNDATIONAL_EVIDENCE"": false, ""G04_REPRODUCIBLE_DEFINITION_AND_OPERATIONALIZATION"": false, ""G05_PUBLICATION_TIME"": false, ""G06_NO_FUTURE_INFORMATION"": true, ""G07_CURRENT_DATA_READY"": false, ""G08_BIAS_GUARDRAIL"": true, ""G09_NO_FATAL_VALIDITY_CONCERN"": true, ""G10_OUTCOME_BLIND_SELECTION"": true, ""G11_DATA_QUALITY_PASS"": false, ""G12_NONCONSTANT"": false, ""G13_ENGLISH_FULLTEXT_FORMULA_EVIDENCE"": false, ""G14_INDEPENDENT_SECOND_REVIEW_APPROVAL"": false}","[""G03_PRIMARY_OR_FOUNDATIONAL_EVIDENCE"", ""G04_REPRODUCIBLE_DEFINITION_AND_OPERATIONALIZATION"", ""G05_PUBLICATION_TIME"", ""G07_CURRENT_DATA_READY"", ""G11_DATA_QUALITY_PASS"", ""G12_NONCONSTANT"", ""G13_ENGLISH_FULLTEXT_FORMULA_EVIDENCE"", ""G14_INDEPENDENT_SECOND_REVIEW_APPROVAL""]",excluded,RECOVERED_GATE_FAILURE,exact_for_frozen_set_membership_not_original_per_gate_bytes,codex_session_log_nested_membership
EF0200,"{""G01_IN_SCOPE_ROLE"": true, ""G02_ARTICLE_LEVEL"": true, ""G03_PRIMARY_OR_FOUNDATIONAL_EVIDENCE"": true, ""G04_REPRODUCIBLE_DEFINITION_AND_OPERATIONALIZATION"": false, ""G05_PUBLICATION_TIME"": true, ""G06_NO_FUTURE_INFORMATION"": true, ""G07_CURRENT_DATA_READY"": false, ""G08_BIAS_GUARDRAIL"": true, ""G09_NO_FATAL_VALIDITY_CONCERN"": true, ""G10_OUTCOME_BLIND_SELECTION"": true, ""G11_DATA_QUALITY_PASS"": false, ""G12_NONCONSTANT"": false, ""G13_ENGLISH_FULLTEXT_FORMULA_EVIDENCE"": false, ""G14_INDEPENDENT_SECOND_REVIEW_APPROVAL"": false}","[""G04_REPRODUCIBLE_DEFINITION_AND_OPERATIONALIZATION"", ""G07_CURRENT_DATA_READY"", ""G11_DATA_QUALITY_PASS"", ""G12_NONCONSTANT"", ""G13_ENGLISH_FULLTEXT_FORMULA_EVIDENCE"", ""G14_INDEPENDENT_SECOND_REVIEW_APPROVAL""]",excluded,RECOVERED_GATE_FAILURE,exact_for_frozen_set_membership_not_original_per_gate_bytes,codex_session_log_nested_membership
EF0201,"{""G01_IN_SCOPE_ROLE"": true, ""G02_ARTICLE_LEVEL"": true, ""G03_PRIMARY_OR_FOUNDATIONAL_EVIDENCE"": true, ""G04_REPRODUCIBLE_DEFINITION_AND_OPERATIONALIZATION"": false, ""G05_PUBLICATION_TIME"": true, ""G06_NO_FUTURE_INFORMATION"": true, ""G07_CURRENT_DATA_READY"": false, ""G08_BIAS_GUARDRAIL"": true, ""G09_NO_FATAL_VALIDITY_CONCERN"": true, ""G10_OUTCOME_BLIND_SELECTION"": true, ""G11_DATA_QUALITY_PASS"": false, ""G12_NONCONSTANT"": false, ""G13_ENGLISH_FULLTEXT_FORMULA_EVIDENCE"": false, ""G14_INDEPENDENT_SECOND_REVIEW_APPROVAL"": false}","[""G04_REPRODUCIBLE_DEFINITION_AND_OPERATIONALIZATION"", ""G07_CURRENT_DATA_READY"", ""G11_DATA_QUALITY_PASS"", ""G12_NONCONSTANT"", ""G13_ENGLISH_FULLTEXT_FORMULA_EVIDENCE"", ""G14_INDEPENDENT_SECOND_REVIEW_APPROVAL""]",excluded,RECOVERED_GATE_FAILURE,exact_for_frozen_set_membership_not_original_per_gate_bytes,codex_session_log_nested_membership
EF0202,"{""G01_IN_SCOPE_ROLE"": true, ""G02_ARTICLE_LEVEL"": true, ""G03_PRIMARY_OR_FOUNDATIONAL_EVIDENCE"": false, ""G04_REPRODUCIBLE_DEFINITION_AND_OPERATIONALIZATION"": false, ""G05_PUBLICATION_TIME"": true, ""G06_NO_FUTURE_INFORMATION"": true, ""G07_CURRENT_DATA_READY"": false, ""G08_BIAS_GUARDRAIL"": true, ""G09_NO_FATAL_VALIDITY_CONCERN"": true, ""G10_OUTCOME_BLIND_SELECTION"": true, ""G11_DATA_QUALITY_PASS"": false, ""G12_NONCONSTANT"": false, ""G13_ENGLISH_FULLTEXT_FORMULA_EVIDENCE"": false, ""G14_INDEPENDENT_SECOND_REVIEW_APPROVAL"": false}","[""G03_PRIMARY_OR_FOUNDATIONAL_EVIDENCE"", ""G04_REPRODUCIBLE_DEFINITION_AND_OPERATIONALIZATION"", ""G07_CURRENT_DATA_READY"", ""G11_DATA_QUALITY_PASS"", ""G12_NONCONSTANT"", ""G13_ENGLISH_FULLTEXT_FORMULA_EVIDENCE"", ""G14_INDEPENDENT_SECOND_REVIEW_APPROVAL""]",excluded,RECOVERED_GATE_FAILURE,exact_for_frozen_set_membership_not_original_per_gate_bytes,codex_session_log_nested_membership
EF0203,"{""G01_IN_SCOPE_ROLE"": true, ""G02_ARTICLE_LEVEL"": true, ""G03_PRIMARY_OR_FOUNDATIONAL_EVIDENCE"": false, ""G04_REPRODUCIBLE_DEFINITION_AND_OPERATIONALIZATION"": false, ""G05_PUBLICATION_TIME"": false, ""G06_NO_FUTURE_INFORMATION"": true, ""G07_CURRENT_DATA_READY"": false, ""G08_BIAS_GUARDRAIL"": true, ""G09_NO_FATAL_VALIDITY_CONCERN"": true, ""G10_OUTCOME_BLIND_SELECTION"": true, ""G11_DATA_QUALITY_PASS"": false, ""G12_NONCONSTANT"": false, ""G13_ENGLISH_FULLTEXT_FORMULA_EVIDENCE"": false, ""G14_INDEPENDENT_SECOND_REVIEW_APPROVAL"": false}","[""G03_PRIMARY_OR_FOUNDATIONAL_EVIDENCE"", ""G04_REPRODUCIBLE_DEFINITION_AND_OPERATIONALIZATION"", ""G05_PUBLICATION_TIME"", ""G07_CURRENT_DATA_READY"", ""G11_DATA_QUALITY_PASS"", ""G12_NONCONSTANT"", ""G13_ENGLISH_FULLTEXT_FORMULA_EVIDENCE"", ""G14_INDEPENDENT_SECOND_REVIEW_APPROVAL""]",excluded,RECOVERED_GATE_FAILURE,exact_for_frozen_set_membership_not_original_per_gate_bytes,codex_session_log_nested_membership
EF0204,"{""G01_IN_SCOPE_ROLE"": true, ""G02_ARTICLE_LEVEL"": true, ""G03_PRIMARY_OR_FOUNDATIONAL_EVIDENCE"": true, ""G04_REPRODUCIBLE_DEFINITION_AND_OPERATIONALIZATION"": false, ""G05_PUBLICATION_TIME"": true, ""G06_NO_FUTURE_INFORMATION"": true, ""G07_CURRENT_DATA_READY"": false, ""G08_BIAS_GUARDRAIL"": true, ""G09_NO_FATAL_VALIDITY_CONCERN"": true, ""G10_OUTCOME_BLIND_SELECTION"": true, ""G11_DATA_QUALITY_PASS"": false, ""G12_NONCONSTANT"": false, ""G13_ENGLISH_FULLTEXT_FORMULA_EVIDENCE"": false, ""G14_INDEPENDENT_SECOND_REVIEW_APPROVAL"": false}","[""G04_REPRODUCIBLE_DEFINITION_AND_OPERATIONALIZATION"", ""G07_CURRENT_DATA_READY"", ""G11_DATA_QUALITY_PASS"", ""G12_NONCONSTANT"", ""G13_ENGLISH_FULLTEXT_FORMULA_EVIDENCE"", ""G14_INDEPENDENT_SECOND_REVIEW_APPROVAL""]",excluded,RECOVERED_GATE_FAILURE,exact_for_frozen_set_membership_not_original_per_gate_bytes,codex_session_log_nested_membership
EF0205,"{""G01_IN_SCOPE_ROLE"": true, ""G02_ARTICLE_LEVEL"": true, ""G03_PRIMARY_OR_FOUNDATIONAL_EVIDENCE"": false, ""G04_REPRODUCIBLE_DEFINITION_AND_OPERATIONALIZATION"": false, ""G05_PUBLICATION_TIME"": false, ""G06_NO_FUTURE_INFORMATION"": true, ""G07_CURRENT_DATA_READY"": false, ""G08_BIAS_GUARDRAIL"": true, ""G09_NO_FATAL_VALIDITY_CONCERN"": true, ""G10_OUTCOME_BLIND_SELECTION"": true, ""G11_DATA_QUALITY_PASS"": false, ""G12_NONCONSTANT"": false, ""G13_ENGLISH_FULLTEXT_FORMULA_EVIDENCE"": false, ""G14_INDEPENDENT_SECOND_REVIEW_APPROVAL"": false}","[""G03_PRIMARY_OR_FOUNDATIONAL_EVIDENCE"", ""G04_REPRODUCIBLE_DEFINITION_AND_OPERATIONALIZATION"", ""G05_PUBLICATION_TIME"", ""G07_CURRENT_DATA_READY"", ""G11_DATA_QUALITY_PASS"", ""G12_NONCONSTANT"", ""G13_ENGLISH_FULLTEXT_FORMULA_EVIDENCE"", ""G14_INDEPENDENT_SECOND_REVIEW_APPROVAL""]",excluded,RECOVERED_GATE_FAILURE,exact_for_frozen_set_membership_not_original_per_gate_bytes,codex_session_log_nested_membership
EF0206,"{""G01_IN_SCOPE_ROLE"": true, ""G02_ARTICLE_LEVEL"": true, ""G03_PRIMARY_OR_FOUNDATIONAL_EVIDENCE"": false, ""G04_REPRODUCIBLE_DEFINITION_AND_OPERATIONALIZATION"": false, ""G05_PUBLICATION_TIME"": false, ""G06_NO_FUTURE_INFORMATION"": true, ""G07_CURRENT_DATA_READY"": false, ""G08_BIAS_GUARDRAIL"": true, ""G09_NO_FATAL_VALIDITY_CONCERN"": true, ""G10_OUTCOME_BLIND_SELECTION"": true, ""G11_DATA_QUALITY_PASS"": false, ""G12_NONCONSTANT"": false, ""G13_ENGLISH_FULLTEXT_FORMULA_EVIDENCE"": false, ""G14_INDEPENDENT_SECOND_REVIEW_APPROVAL"": false}","[""G03_PRIMARY_OR_FOUNDATIONAL_EVIDENCE"", ""G04_REPRODUCIBLE_DEFINITION_AND_OPERATIONALIZATION"", ""G05_PUBLICATION_TIME"", ""G07_CURRENT_DATA_READY"", ""G11_DATA_QUALITY_PASS"", ""G12_NONCONSTANT"", ""G13_ENGLISH_FULLTEXT_FORMULA_EVIDENCE"", ""G14_INDEPENDENT_SECOND_REVIEW_APPROVAL""]",excluded,RECOVERED_GATE_FAILURE,exact_for_frozen_set_membership_not_original_per_gate_bytes,codex_session_log_nested_membership
EF0207,"{""G01_IN_SCOPE_ROLE"": true, ""G02_ARTICLE_LEVEL"": true, ""G03_PRIMARY_OR_FOUNDATIONAL_EVIDENCE"": true, ""G04_REPRODUCIBLE_DEFINITION_AND_OPERATIONALIZATION"": false, ""G05_PUBLICATION_TIME"": true, ""G06_NO_FUTURE_INFORMATION"": true, ""G07_CURRENT_DATA_READY"": false, ""G08_BIAS_GUARDRAIL"": true, ""G09_NO_FATAL_VALIDITY_CONCERN"": true, ""G10_OUTCOME_BLIND_SELECTION"": true, ""G11_DATA_QUALITY_PASS"": false, ""G12_NONCONSTANT"": false, ""G13_ENGLISH_FULLTEXT_FORMULA_EVIDENCE"": false, ""G14_INDEPENDENT_SECOND_REVIEW_APPROVAL"": false}","[""G04_REPRODUCIBLE_DEFINITION_AND_OPERATIONALIZATION"", ""G07_CURRENT_DATA_READY"", ""G11_DATA_QUALITY_PASS"", ""G12_NONCONSTANT"", ""G13_ENGLISH_FULLTEXT_FORMULA_EVIDENCE"", ""G14_INDEPENDENT_SECOND_REVIEW_APPROVAL""]",excluded,RECOVERED_GATE_FAILURE,exact_for_frozen_set_membership_not_original_per_gate_bytes,codex_session_log_nested_membership
EF0208,"{""G01_IN_SCOPE_ROLE"": true, ""G02_ARTICLE_LEVEL"": true, ""G03_PRIMARY_OR_FOUNDATIONAL_EVIDENCE"": false, ""G04_REPRODUCIBLE_DEFINITION_AND_OPERATIONALIZATION"": false, ""G05_PUBLICATION_TIME"": false, ""G06_NO_FUTURE_INFORMATION"": true, ""G07_CURRENT_DATA_READY"": false, ""G08_BIAS_GUARDRAIL"": true, ""G09_NO_FATAL_VALIDITY_CONCERN"": true, ""G10_OUTCOME_BLIND_SELECTION"": true, ""G11_DATA_QUALITY_PASS"": false, ""G12_NONCONSTANT"": false, ""G13_ENGLISH_FULLTEXT_FORMULA_EVIDENCE"": false, ""G14_INDEPENDENT_SECOND_REVIEW_APPROVAL"": false}","[""G03_PRIMARY_OR_FOUNDATIONAL_EVIDENCE"", ""G04_REPRODUCIBLE_DEFINITION_AND_OPERATIONALIZATION"", ""G05_PUBLICATION_TIME"", ""G07_CURRENT_DATA_READY"", ""G11_DATA_QUALITY_PASS"", ""G12_NONCONSTANT"", ""G13_ENGLISH_FULLTEXT_FORMULA_EVIDENCE"", ""G14_INDEPENDENT_SECOND_REVIEW_APPROVAL""]",excluded,RECOVERED_GATE_FAILURE,exact_for_frozen_set_membership_not_original_per_gate_bytes,codex_session_log_nested_membership
EF0209,"{""G01_IN_SCOPE_ROLE"": true, ""G02_ARTICLE_LEVEL"": true, ""G03_PRIMARY_OR_FOUNDATIONAL_EVIDENCE"": true, ""G04_REPRODUCIBLE_DEFINITION_AND_OPERATIONALIZATION"": false, ""G05_PUBLICATION_TIME"": true, ""G06_NO_FUTURE_INFORMATION"": true, ""G07_CURRENT_DATA_READY"": false, ""G08_BIAS_GUARDRAIL"": true, ""G09_NO_FATAL_VALIDITY_CONCERN"": true, ""G10_OUTCOME_BLIND_SELECTION"": true, ""G11_DATA_QUALITY_PASS"": false, ""G12_NONCONSTANT"": false, ""G13_ENGLISH_FULLTEXT_FORMULA_EVIDENCE"": false, ""G14_INDEPENDENT_SECOND_REVIEW_APPROVAL"": false}","[""G04_REPRODUCIBLE_DEFINITION_AND_OPERATIONALIZATION"", ""G07_CURRENT_DATA_READY"", ""G11_DATA_QUALITY_PASS"", ""G12_NONCONSTANT"", ""G13_ENGLISH_FULLTEXT_FORMULA_EVIDENCE"", ""G14_INDEPENDENT_SECOND_REVIEW_APPROVAL""]",excluded,RECOVERED_GATE_FAILURE,exact_for_frozen_set_membership_not_original_per_gate_bytes,codex_session_log_nested_membership
EF0210,"{""G01_IN_SCOPE_ROLE"": true, ""G02_ARTICLE_LEVEL"": true, ""G03_PRIMARY_OR_FOUNDATIONAL_EVIDENCE"": false, ""G04_REPRODUCIBLE_DEFINITION_AND_OPERATIONALIZATION"": false, ""G05_PUBLICATION_TIME"": false, ""G06_NO_FUTURE_INFORMATION"": true, ""G07_CURRENT_DATA_READY"": false, ""G08_BIAS_GUARDRAIL"": true, ""G09_NO_FATAL_VALIDITY_CONCERN"": true, ""G10_OUTCOME_BLIND_SELECTION"": true, ""G11_DATA_QUALITY_PASS"": false, ""G12_NONCONSTANT"": false, ""G13_ENGLISH_FULLTEXT_FORMULA_EVIDENCE"": false, ""G14_INDEPENDENT_SECOND_REVIEW_APPROVAL"": false}","[""G03_PRIMARY_OR_FOUNDATIONAL_EVIDENCE"", ""G04_REPRODUCIBLE_DEFINITION_AND_OPERATIONALIZATION"", ""G05_PUBLICATION_TIME"", ""G07_CURRENT_DATA_READY"", ""G11_DATA_QUALITY_PASS"", ""G12_NONCONSTANT"", ""G13_ENGLISH_FULLTEXT_FORMULA_EVIDENCE"", ""G14_INDEPENDENT_SECOND_REVIEW_APPROVAL""]",excluded,RECOVERED_GATE_FAILURE,exact_for_frozen_set_membership_not_original_per_gate_bytes,codex_session_log_nested_membership
EF0211,"{""G01_IN_SCOPE_ROLE"": true, ""G02_ARTICLE_LEVEL"": true, ""G03_PRIMARY_OR_FOUNDATIONAL_EVIDENCE"": true, ""G04_REPRODUCIBLE_DEFINITION_AND_OPERATIONALIZATION"": false, ""G05_PUBLICATION_TIME"": true, ""G06_NO_FUTURE_INFORMATION"": true, ""G07_CURRENT_DATA_READY"": false, ""G08_BIAS_GUARDRAIL"": true, ""G09_NO_FATAL_VALIDITY_CONCERN"": true, ""G10_OUTCOME_BLIND_SELECTION"": true, ""G11_DATA_QUALITY_PASS"": false, ""G12_NONCONSTANT"": false, ""G13_ENGLISH_FULLTEXT_FORMULA_EVIDENCE"": false, ""G14_INDEPENDENT_SECOND_REVIEW_APPROVAL"": false}","[""G04_REPRODUCIBLE_DEFINITION_AND_OPERATIONALIZATION"", ""G07_CURRENT_DATA_READY"", ""G11_DATA_QUALITY_PASS"", ""G12_NONCONSTANT"", ""G13_ENGLISH_FULLTEXT_FORMULA_EVIDENCE"", ""G14_INDEPENDENT_SECOND_REVIEW_APPROVAL""]",excluded,RECOVERED_GATE_FAILURE,exact_for_frozen_set_membership_not_original_per_gate_bytes,codex_session_log_nested_membership
EF0212,"{""G01_IN_SCOPE_ROLE"": true, ""G02_ARTICLE_LEVEL"": true, ""G03_PRIMARY_OR_FOUNDATIONAL_EVIDENCE"": false, ""G04_REPRODUCIBLE_DEFINITION_AND_OPERATIONALIZATION"": false, ""G05_PUBLICATION_TIME"": false, ""G06_NO_FUTURE_INFORMATION"": true, ""G07_CURRENT_DATA_READY"": false, ""G08_BIAS_GUARDRAIL"": true, ""G09_NO_FATAL_VALIDITY_CONCERN"": true, ""G10_OUTCOME_BLIND_SELECTION"": true, ""G11_DATA_QUALITY_PASS"": false, ""G12_NONCONSTANT"": false, ""G13_ENGLISH_FULLTEXT_FORMULA_EVIDENCE"": false, ""G14_INDEPENDENT_SECOND_REVIEW_APPROVAL"": false}","[""G03_PRIMARY_OR_FOUNDATIONAL_EVIDENCE"", ""G04_REPRODUCIBLE_DEFINITION_AND_OPERATIONALIZATION"", ""G05_PUBLICATION_TIME"", ""G07_CURRENT_DATA_READY"", ""G11_DATA_QUALITY_PASS"", ""G12_NONCONSTANT"", ""G13_ENGLISH_FULLTEXT_FORMULA_EVIDENCE"", ""G14_INDEPENDENT_SECOND_REVIEW_APPROVAL""]",excluded,RECOVERED_GATE_FAILURE,exact_for_frozen_set_membership_not_original_per_gate_bytes,codex_session_log_nested_membership
EF0213,"{""G01_IN_SCOPE_ROLE"": true, ""G02_ARTICLE_LEVEL"": true, ""G03_PRIMARY_OR_FOUNDATIONAL_EVIDENCE"": true, ""G04_REPRODUCIBLE_DEFINITION_AND_OPERATIONALIZATION"": false, ""G05_PUBLICATION_TIME"": true, ""G06_NO_FUTURE_INFORMATION"": true, ""G07_CURRENT_DATA_READY"": false, ""G08_BIAS_GUARDRAIL"": true, ""G09_NO_FATAL_VALIDITY_CONCERN"": true, ""G10_OUTCOME_BLIND_SELECTION"": true, ""G11_DATA_QUALITY_PASS"": false, ""G12_NONCONSTANT"": false, ""G13_ENGLISH_FULLTEXT_FORMULA_EVIDENCE"": false, ""G14_INDEPENDENT_SECOND_REVIEW_APPROVAL"": false}","[""G04_REPRODUCIBLE_DEFINITION_AND_OPERATIONALIZATION"", ""G07_CURRENT_DATA_READY"", ""G11_DATA_QUALITY_PASS"", ""G12_NONCONSTANT"", ""G13_ENGLISH_FULLTEXT_FORMULA_EVIDENCE"", ""G14_INDEPENDENT_SECOND_REVIEW_APPROVAL""]",excluded,RECOVERED_GATE_FAILURE,exact_for_frozen_set_membership_not_original_per_gate_bytes,codex_session_log_nested_membership
EF0214,"{""G01_IN_SCOPE_ROLE"": true, ""G02_ARTICLE_LEVEL"": true, ""G03_PRIMARY_OR_FOUNDATIONAL_EVIDENCE"": false, ""G04_REPRODUCIBLE_DEFINITION_AND_OPERATIONALIZATION"": false, ""G05_PUBLICATION_TIME"": false, ""G06_NO_FUTURE_INFORMATION"": true, ""G07_CURRENT_DATA_READY"": false, ""G08_BIAS_GUARDRAIL"": true, ""G09_NO_FATAL_VALIDITY_CONCERN"": true, ""G10_OUTCOME_BLIND_SELECTION"": true, ""G11_DATA_QUALITY_PASS"": false, ""G12_NONCONSTANT"": false, ""G13_ENGLISH_FULLTEXT_FORMULA_EVIDENCE"": false, ""G14_INDEPENDENT_SECOND_REVIEW_APPROVAL"": false}","[""G03_PRIMARY_OR_FOUNDATIONAL_EVIDENCE"", ""G04_REPRODUCIBLE_DEFINITION_AND_OPERATIONALIZATION"", ""G05_PUBLICATION_TIME"", ""G07_CURRENT_DATA_READY"", ""G11_DATA_QUALITY_PASS"", ""G12_NONCONSTANT"", ""G13_ENGLISH_FULLTEXT_FORMULA_EVIDENCE"", ""G14_INDEPENDENT_SECOND_REVIEW_APPROVAL""]",excluded,RECOVERED_GATE_FAILURE,exact_for_frozen_set_membership_not_original_per_gate_bytes,codex_session_log_nested_membership
EF0215,"{""G01_IN_SCOPE_ROLE"": true, ""G02_ARTICLE_LEVEL"": true, ""G03_PRIMARY_OR_FOUNDATIONAL_EVIDENCE"": false, ""G04_REPRODUCIBLE_DEFINITION_AND_OPERATIONALIZATION"": false, ""G05_PUBLICATION_TIME"": true, ""G06_NO_FUTURE_INFORMATION"": true, ""G07_CURRENT_DATA_READY"": false, ""G08_BIAS_GUARDRAIL"": true, ""G09_NO_FATAL_VALIDITY_CONCERN"": true, ""G10_OUTCOME_BLIND_SELECTION"": true, ""G11_DATA_QUALITY_PASS"": false, ""G12_NONCONSTANT"": false, ""G13_ENGLISH_FULLTEXT_FORMULA_EVIDENCE"": false, ""G14_INDEPENDENT_SECOND_REVIEW_APPROVAL"": false}","[""G03_PRIMARY_OR_FOUNDATIONAL_EVIDENCE"", ""G04_REPRODUCIBLE_DEFINITION_AND_OPERATIONALIZATION"", ""G07_CURRENT_DATA_READY"", ""G11_DATA_QUALITY_PASS"", ""G12_NONCONSTANT"", ""G13_ENGLISH_FULLTEXT_FORMULA_EVIDENCE"", ""G14_INDEPENDENT_SECOND_REVIEW_APPROVAL""]",excluded,RECOVERED_GATE_FAILURE,exact_for_frozen_set_membership_not_original_per_gate_bytes,codex_session_log_nested_membership
EF0216,"{""G01_IN_SCOPE_ROLE"": true, ""G02_ARTICLE_LEVEL"": true, ""G03_PRIMARY_OR_FOUNDATIONAL_EVIDENCE"": true, ""G04_REPRODUCIBLE_DEFINITION_AND_OPERATIONALIZATION"": false, ""G05_PUBLICATION_TIME"": true, ""G06_NO_FUTURE_INFORMATION"": true, ""G07_CURRENT_DATA_READY"": false, ""G08_BIAS_GUARDRAIL"": true, ""G09_NO_FATAL_VALIDITY_CONCERN"": true, ""G10_OUTCOME_BLIND_SELECTION"": true, ""G11_DATA_QUALITY_PASS"": false, ""G12_NONCONSTANT"": false, ""G13_ENGLISH_FULLTEXT_FORMULA_EVIDENCE"": false, ""G14_INDEPENDENT_SECOND_REVIEW_APPROVAL"": false}","[""G04_REPRODUCIBLE_DEFINITION_AND_OPERATIONALIZATION"", ""G07_CURRENT_DATA_READY"", ""G11_DATA_QUALITY_PASS"", ""G12_NONCONSTANT"", ""G13_ENGLISH_FULLTEXT_FORMULA_EVIDENCE"", ""G14_INDEPENDENT_SECOND_REVIEW_APPROVAL""]",excluded,RECOVERED_GATE_FAILURE,exact_for_frozen_set_membership_not_original_per_gate_bytes,codex_session_log_nested_membership
EF0217,"{""G01_IN_SCOPE_ROLE"": true, ""G02_ARTICLE_LEVEL"": true, ""G03_PRIMARY_OR_FOUNDATIONAL_EVIDENCE"": false, ""G04_REPRODUCIBLE_DEFINITION_AND_OPERATIONALIZATION"": false, ""G05_PUBLICATION_TIME"": true, ""G06_NO_FUTURE_INFORMATION"": true, ""G07_CURRENT_DATA_READY"": false, ""G08_BIAS_GUARDRAIL"": true, ""G09_NO_FATAL_VALIDITY_CONCERN"": true, ""G10_OUTCOME_BLIND_SELECTION"": true, ""G11_DATA_QUALITY_PASS"": false, ""G12_NONCONSTANT"": false, ""G13_ENGLISH_FULLTEXT_FORMULA_EVIDENCE"": false, ""G14_INDEPENDENT_SECOND_REVIEW_APPROVAL"": false}","[""G03_PRIMARY_OR_FOUNDATIONAL_EVIDENCE"", ""G04_REPRODUCIBLE_DEFINITION_AND_OPERATIONALIZATION"", ""G07_CURRENT_DATA_READY"", ""G11_DATA_QUALITY_PASS"", ""G12_NONCONSTANT"", ""G13_ENGLISH_FULLTEXT_FORMULA_EVIDENCE"", ""G14_INDEPENDENT_SECOND_REVIEW_APPROVAL""]",excluded,RECOVERED_GATE_FAILURE,exact_for_frozen_set_membership_not_original_per_gate_bytes,codex_session_log_nested_membership
EF0218,"{""G01_IN_SCOPE_ROLE"": true, ""G02_ARTICLE_LEVEL"": true, ""G03_PRIMARY_OR_FOUNDATIONAL_EVIDENCE"": false, ""G04_REPRODUCIBLE_DEFINITION_AND_OPERATIONALIZATION"": false, ""G05_PUBLICATION_TIME"": false, ""G06_NO_FUTURE_INFORMATION"": true, ""G07_CURRENT_DATA_READY"": false, ""G08_BIAS_GUARDRAIL"": true, ""G09_NO_FATAL_VALIDITY_CONCERN"": true, ""G10_OUTCOME_BLIND_SELECTION"": true, ""G11_DATA_QUALITY_PASS"": false, ""G12_NONCONSTANT"": false, ""G13_ENGLISH_FULLTEXT_FORMULA_EVIDENCE"": false, ""G14_INDEPENDENT_SECOND_REVIEW_APPROVAL"": false}","[""G03_PRIMARY_OR_FOUNDATIONAL_EVIDENCE"", ""G04_REPRODUCIBLE_DEFINITION_AND_OPERATIONALIZATION"", ""G05_PUBLICATION_TIME"", ""G07_CURRENT_DATA_READY"", ""G11_DATA_QUALITY_PASS"", ""G12_NONCONSTANT"", ""G13_ENGLISH_FULLTEXT_FORMULA_EVIDENCE"", ""G14_INDEPENDENT_SECOND_REVIEW_APPROVAL""]",excluded,RECOVERED_GATE_FAILURE,exact_for_frozen_set_membership_not_original_per_gate_bytes,codex_session_log_nested_membership
EF0219,"{""G01_IN_SCOPE_ROLE"": true, ""G02_ARTICLE_LEVEL"": true, ""G03_PRIMARY_OR_FOUNDATIONAL_EVIDENCE"": false, ""G04_REPRODUCIBLE_DEFINITION_AND_OPERATIONALIZATION"": false, ""G05_PUBLICATION_TIME"": false, ""G06_NO_FUTURE_INFORMATION"": true, ""G07_CURRENT_DATA_READY"": false, ""G08_BIAS_GUARDRAIL"": true, ""G09_NO_FATAL_VALIDITY_CONCERN"": true, ""G10_OUTCOME_BLIND_SELECTION"": true, ""G11_DATA_QUALITY_PASS"": false, ""G12_NONCONSTANT"": false, ""G13_ENGLISH_FULLTEXT_FORMULA_EVIDENCE"": false, ""G14_INDEPENDENT_SECOND_REVIEW_APPROVAL"": false}","[""G03_PRIMARY_OR_FOUNDATIONAL_EVIDENCE"", ""G04_REPRODUCIBLE_DEFINITION_AND_OPERATIONALIZATION"", ""G05_PUBLICATION_TIME"", ""G07_CURRENT_DATA_READY"", ""G11_DATA_QUALITY_PASS"", ""G12_NONCONSTANT"", ""G13_ENGLISH_FULLTEXT_FORMULA_EVIDENCE"", ""G14_INDEPENDENT_SECOND_REVIEW_APPROVAL""]",excluded,RECOVERED_GATE_FAILURE,exact_for_frozen_set_membership_not_original_per_gate_bytes,codex_session_log_nested_membership
EF0220,"{""G01_IN_SCOPE_ROLE"": true, ""G02_ARTICLE_LEVEL"": true, ""G03_PRIMARY_OR_FOUNDATIONAL_EVIDENCE"": false, ""G04_REPRODUCIBLE_DEFINITION_AND_OPERATIONALIZATION"": false, ""G05_PUBLICATION_TIME"": false, ""G06_NO_FUTURE_INFORMATION"": true, ""G07_CURRENT_DATA_READY"": false, ""G08_BIAS_GUARDRAIL"": true, ""G09_NO_FATAL_VALIDITY_CONCERN"": true, ""G10_OUTCOME_BLIND_SELECTION"": true, ""G11_DATA_QUALITY_PASS"": false, ""G12_NONCONSTANT"": false, ""G13_ENGLISH_FULLTEXT_FORMULA_EVIDENCE"": false, ""G14_INDEPENDENT_SECOND_REVIEW_APPROVAL"": false}","[""G03_PRIMARY_OR_FOUNDATIONAL_EVIDENCE"", ""G04_REPRODUCIBLE_DEFINITION_AND_OPERATIONALIZATION"", ""G05_PUBLICATION_TIME"", ""G07_CURRENT_DATA_READY"", ""G11_DATA_QUALITY_PASS"", ""G12_NONCONSTANT"", ""G13_ENGLISH_FULLTEXT_FORMULA_EVIDENCE"", ""G14_INDEPENDENT_SECOND_REVIEW_APPROVAL""]",excluded,RECOVERED_GATE_FAILURE,exact_for_frozen_set_membership_not_original_per_gate_bytes,codex_session_log_nested_membership
EF0221,"{""G01_IN_SCOPE_ROLE"": true, ""G02_ARTICLE_LEVEL"": true, ""G03_PRIMARY_OR_FOUNDATIONAL_EVIDENCE"": false, ""G04_REPRODUCIBLE_DEFINITION_AND_OPERATIONALIZATION"": false, ""G05_PUBLICATION_TIME"": true, ""G06_NO_FUTURE_INFORMATION"": true, ""G07_CURRENT_DATA_READY"": false, ""G08_BIAS_GUARDRAIL"": true, ""G09_NO_FATAL_VALIDITY_CONCERN"": true, ""G10_OUTCOME_BLIND_SELECTION"": true, ""G11_DATA_QUALITY_PASS"": false, ""G12_NONCONSTANT"": false, ""G13_ENGLISH_FULLTEXT_FORMULA_EVIDENCE"": false, ""G14_INDEPENDENT_SECOND_REVIEW_APPROVAL"": false}","[""G03_PRIMARY_OR_FOUNDATIONAL_EVIDENCE"", ""G04_REPRODUCIBLE_DEFINITION_AND_OPERATIONALIZATION"", ""G07_CURRENT_DATA_READY"", ""G11_DATA_QUALITY_PASS"", ""G12_NONCONSTANT"", ""G13_ENGLISH_FULLTEXT_FORMULA_EVIDENCE"", ""G14_INDEPENDENT_SECOND_REVIEW_APPROVAL""]",excluded,RECOVERED_GATE_FAILURE,exact_for_frozen_set_membership_not_original_per_gate_bytes,codex_session_log_nested_membership
EF0222,"{""G01_IN_SCOPE_ROLE"": true, ""G02_ARTICLE_LEVEL"": true, ""G03_PRIMARY_OR_FOUNDATIONAL_EVIDENCE"": false, ""G04_REPRODUCIBLE_DEFINITION_AND_OPERATIONALIZATION"": false, ""G05_PUBLICATION_TIME"": false, ""G06_NO_FUTURE_INFORMATION"": true, ""G07_CURRENT_DATA_READY"": false, ""G08_BIAS_GUARDRAIL"": true, ""G09_NO_FATAL_VALIDITY_CONCERN"": true, ""G10_OUTCOME_BLIND_SELECTION"": true, ""G11_DATA_QUALITY_PASS"": false, ""G12_NONCONSTANT"": false, ""G13_ENGLISH_FULLTEXT_FORMULA_EVIDENCE"": false, ""G14_INDEPENDENT_SECOND_REVIEW_APPROVAL"": false}","[""G03_PRIMARY_OR_FOUNDATIONAL_EVIDENCE"", ""G04_REPRODUCIBLE_DEFINITION_AND_OPERATIONALIZATION"", ""G05_PUBLICATION_TIME"", ""G07_CURRENT_DATA_READY"", ""G11_DATA_QUALITY_PASS"", ""G12_NONCONSTANT"", ""G13_ENGLISH_FULLTEXT_FORMULA_EVIDENCE"", ""G14_INDEPENDENT_SECOND_REVIEW_APPROVAL""]",excluded,RECOVERED_GATE_FAILURE,exact_for_frozen_set_membership_not_original_per_gate_bytes,codex_session_log_nested_membership
EF0223,"{""G01_IN_SCOPE_ROLE"": true, ""G02_ARTICLE_LEVEL"": true, ""G03_PRIMARY_OR_FOUNDATIONAL_EVIDENCE"": false, ""G04_REPRODUCIBLE_DEFINITION_AND_OPERATIONALIZATION"": false, ""G05_PUBLICATION_TIME"": false, ""G06_NO_FUTURE_INFORMATION"": true, ""G07_CURRENT_DATA_READY"": false, ""G08_BIAS_GUARDRAIL"": true, ""G09_NO_FATAL_VALIDITY_CONCERN"": true, ""G10_OUTCOME_BLIND_SELECTION"": true, ""G11_DATA_QUALITY_PASS"": false, ""G12_NONCONSTANT"": false, ""G13_ENGLISH_FULLTEXT_FORMULA_EVIDENCE"": false, ""G14_INDEPENDENT_SECOND_REVIEW_APPROVAL"": false}","[""G03_PRIMARY_OR_FOUNDATIONAL_EVIDENCE"", ""G04_REPRODUCIBLE_DEFINITION_AND_OPERATIONALIZATION"", ""G05_PUBLICATION_TIME"", ""G07_CURRENT_DATA_READY"", ""G11_DATA_QUALITY_PASS"", ""G12_NONCONSTANT"", ""G13_ENGLISH_FULLTEXT_FORMULA_EVIDENCE"", ""G14_INDEPENDENT_SECOND_REVIEW_APPROVAL""]",excluded,RECOVERED_GATE_FAILURE,exact_for_frozen_set_membership_not_original_per_gate_bytes,codex_session_log_nested_membership
EF0224,"{""G01_IN_SCOPE_ROLE"": true, ""G02_ARTICLE_LEVEL"": true, ""G03_PRIMARY_OR_FOUNDATIONAL_EVIDENCE"": false, ""G04_REPRODUCIBLE_DEFINITION_AND_OPERATIONALIZATION"": false, ""G05_PUBLICATION_TIME"": true, ""G06_NO_FUTURE_INFORMATION"": true, ""G07_CURRENT_DATA_READY"": false, ""G08_BIAS_GUARDRAIL"": true, ""G09_NO_FATAL_VALIDITY_CONCERN"": true, ""G10_OUTCOME_BLIND_SELECTION"": true, ""G11_DATA_QUALITY_PASS"": false, ""G12_NONCONSTANT"": false, ""G13_ENGLISH_FULLTEXT_FORMULA_EVIDENCE"": false, ""G14_INDEPENDENT_SECOND_REVIEW_APPROVAL"": false}","[""G03_PRIMARY_OR_FOUNDATIONAL_EVIDENCE"", ""G04_REPRODUCIBLE_DEFINITION_AND_OPERATIONALIZATION"", ""G07_CURRENT_DATA_READY"", ""G11_DATA_QUALITY_PASS"", ""G12_NONCONSTANT"", ""G13_ENGLISH_FULLTEXT_FORMULA_EVIDENCE"", ""G14_INDEPENDENT_SECOND_REVIEW_APPROVAL""]",excluded,RECOVERED_GATE_FAILURE,exact_for_frozen_set_membership_not_original_per_gate_bytes,codex_session_log_nested_membership
EF0225,"{""G01_IN_SCOPE_ROLE"": true, ""G02_ARTICLE_LEVEL"": true, ""G03_PRIMARY_OR_FOUNDATIONAL_EVIDENCE"": false, ""G04_REPRODUCIBLE_DEFINITION_AND_OPERATIONALIZATION"": false, ""G05_PUBLICATION_TIME"": false, ""G06_NO_FUTURE_INFORMATION"": true, ""G07_CURRENT_DATA_READY"": false, ""G08_BIAS_GUARDRAIL"": true, ""G09_NO_FATAL_VALIDITY_CONCERN"": true, ""G10_OUTCOME_BLIND_SELECTION"": true, ""G11_DATA_QUALITY_PASS"": false, ""G12_NONCONSTANT"": false, ""G13_ENGLISH_FULLTEXT_FORMULA_EVIDENCE"": false, ""G14_INDEPENDENT_SECOND_REVIEW_APPROVAL"": false}","[""G03_PRIMARY_OR_FOUNDATIONAL_EVIDENCE"", ""G04_REPRODUCIBLE_DEFINITION_AND_OPERATIONALIZATION"", ""G05_PUBLICATION_TIME"", ""G07_CURRENT_DATA_READY"", ""G11_DATA_QUALITY_PASS"", ""G12_NONCONSTANT"", ""G13_ENGLISH_FULLTEXT_FORMULA_EVIDENCE"", ""G14_INDEPENDENT_SECOND_REVIEW_APPROVAL""]",excluded,RECOVERED_GATE_FAILURE,exact_for_frozen_set_membership_not_original_per_gate_bytes,codex_session_log_nested_membership
EF0226,"{""G01_IN_SCOPE_ROLE"": true, ""G02_ARTICLE_LEVEL"": true, ""G03_PRIMARY_OR_FOUNDATIONAL_EVIDENCE"": false, ""G04_REPRODUCIBLE_DEFINITION_AND_OPERATIONALIZATION"": false, ""G05_PUBLICATION_TIME"": false, ""G06_NO_FUTURE_INFORMATION"": true, ""G07_CURRENT_DATA_READY"": false, ""G08_BIAS_GUARDRAIL"": true, ""G09_NO_FATAL_VALIDITY_CONCERN"": true, ""G10_OUTCOME_BLIND_SELECTION"": true, ""G11_DATA_QUALITY_PASS"": false, ""G12_NONCONSTANT"": false, ""G13_ENGLISH_FULLTEXT_FORMULA_EVIDENCE"": false, ""G14_INDEPENDENT_SECOND_REVIEW_APPROVAL"": false}","[""G03_PRIMARY_OR_FOUNDATIONAL_EVIDENCE"", ""G04_REPRODUCIBLE_DEFINITION_AND_OPERATIONALIZATION"", ""G05_PUBLICATION_TIME"", ""G07_CURRENT_DATA_READY"", ""G11_DATA_QUALITY_PASS"", ""G12_NONCONSTANT"", ""G13_ENGLISH_FULLTEXT_FORMULA_EVIDENCE"", ""G14_INDEPENDENT_SECOND_REVIEW_APPROVAL""]",excluded,RECOVERED_GATE_FAILURE,exact_for_frozen_set_membership_not_original_per_gate_bytes,codex_session_log_nested_membership
EF0227,"{""G01_IN_SCOPE_ROLE"": true, ""G02_ARTICLE_LEVEL"": true, ""G03_PRIMARY_OR_FOUNDATIONAL_EVIDENCE"": false, ""G04_REPRODUCIBLE_DEFINITION_AND_OPERATIONALIZATION"": false, ""G05_PUBLICATION_TIME"": false, ""G06_NO_FUTURE_INFORMATION"": true, ""G07_CURRENT_DATA_READY"": false, ""G08_BIAS_GUARDRAIL"": true, ""G09_NO_FATAL_VALIDITY_CONCERN"": true, ""G10_OUTCOME_BLIND_SELECTION"": true, ""G11_DATA_QUALITY_PASS"": false, ""G12_NONCONSTANT"": false, ""G13_ENGLISH_FULLTEXT_FORMULA_EVIDENCE"": false, ""G14_INDEPENDENT_SECOND_REVIEW_APPROVAL"": false}","[""G03_PRIMARY_OR_FOUNDATIONAL_EVIDENCE"", ""G04_REPRODUCIBLE_DEFINITION_AND_OPERATIONALIZATION"", ""G05_PUBLICATION_TIME"", ""G07_CURRENT_DATA_READY"", ""G11_DATA_QUALITY_PASS"", ""G12_NONCONSTANT"", ""G13_ENGLISH_FULLTEXT_FORMULA_EVIDENCE"", ""G14_INDEPENDENT_SECOND_REVIEW_APPROVAL""]",excluded,RECOVERED_GATE_FAILURE,exact_for_frozen_set_membership_not_original_per_gate_bytes,codex_session_log_nested_membership
EF0228,"{""G01_IN_SCOPE_ROLE"": true, ""G02_ARTICLE_LEVEL"": true, ""G03_PRIMARY_OR_FOUNDATIONAL_EVIDENCE"": true, ""G04_REPRODUCIBLE_DEFINITION_AND_OPERATIONALIZATION"": false, ""G05_PUBLICATION_TIME"": true, ""G06_NO_FUTURE_INFORMATION"": true, ""G07_CURRENT_DATA_READY"": false, ""G08_BIAS_GUARDRAIL"": true, ""G09_NO_FATAL_VALIDITY_CONCERN"": true, ""G10_OUTCOME_BLIND_SELECTION"": true, ""G11_DATA_QUALITY_PASS"": false, ""G12_NONCONSTANT"": false, ""G13_ENGLISH_FULLTEXT_FORMULA_EVIDENCE"": false, ""G14_INDEPENDENT_SECOND_REVIEW_APPROVAL"": false}","[""G04_REPRODUCIBLE_DEFINITION_AND_OPERATIONALIZATION"", ""G07_CURRENT_DATA_READY"", ""G11_DATA_QUALITY_PASS"", ""G12_NONCONSTANT"", ""G13_ENGLISH_FULLTEXT_FORMULA_EVIDENCE"", ""G14_INDEPENDENT_SECOND_REVIEW_APPROVAL""]",excluded,RECOVERED_GATE_FAILURE,exact_for_frozen_set_membership_not_original_per_gate_bytes,codex_session_log_nested_membership
EF0229,"{""G01_IN_SCOPE_ROLE"": true, ""G02_ARTICLE_LEVEL"": true, ""G03_PRIMARY_OR_FOUNDATIONAL_EVIDENCE"": false, ""G04_REPRODUCIBLE_DEFINITION_AND_OPERATIONALIZATION"": false, ""G05_PUBLICATION_TIME"": true, ""G06_NO_FUTURE_INFORMATION"": true, ""G07_CURRENT_DATA_READY"": false, ""G08_BIAS_GUARDRAIL"": true, ""G09_NO_FATAL_VALIDITY_CONCERN"": true, ""G10_OUTCOME_BLIND_SELECTION"": true, ""G11_DATA_QUALITY_PASS"": false, ""G12_NONCONSTANT"": false, ""G13_ENGLISH_FULLTEXT_FORMULA_EVIDENCE"": false, ""G14_INDEPENDENT_SECOND_REVIEW_APPROVAL"": false}","[""G03_PRIMARY_OR_FOUNDATIONAL_EVIDENCE"", ""G04_REPRODUCIBLE_DEFINITION_AND_OPERATIONALIZATION"", ""G07_CURRENT_DATA_READY"", ""G11_DATA_QUALITY_PASS"", ""G12_NONCONSTANT"", ""G13_ENGLISH_FULLTEXT_FORMULA_EVIDENCE"", ""G14_INDEPENDENT_SECOND_REVIEW_APPROVAL""]",excluded,RECOVERED_GATE_FAILURE,exact_for_frozen_set_membership_not_original_per_gate_bytes,codex_session_log_nested_membership
EF0230,"{""G01_IN_SCOPE_ROLE"": true, ""G02_ARTICLE_LEVEL"": true, ""G03_PRIMARY_OR_FOUNDATIONAL_EVIDENCE"": true, ""G04_REPRODUCIBLE_DEFINITION_AND_OPERATIONALIZATION"": false, ""G05_PUBLICATION_TIME"": true, ""G06_NO_FUTURE_INFORMATION"": true, ""G07_CURRENT_DATA_READY"": false, ""G08_BIAS_GUARDRAIL"": true, ""G09_NO_FATAL_VALIDITY_CONCERN"": true, ""G10_OUTCOME_BLIND_SELECTION"": true, ""G11_DATA_QUALITY_PASS"": false, ""G12_NONCONSTANT"": false, ""G13_ENGLISH_FULLTEXT_FORMULA_EVIDENCE"": false, ""G14_INDEPENDENT_SECOND_REVIEW_APPROVAL"": false}","[""G04_REPRODUCIBLE_DEFINITION_AND_OPERATIONALIZATION"", ""G07_CURRENT_DATA_READY"", ""G11_DATA_QUALITY_PASS"", ""G12_NONCONSTANT"", ""G13_ENGLISH_FULLTEXT_FORMULA_EVIDENCE"", ""G14_INDEPENDENT_SECOND_REVIEW_APPROVAL""]",excluded,RECOVERED_GATE_FAILURE,exact_for_frozen_set_membership_not_original_per_gate_bytes,codex_session_log_nested_membership
EF0231,"{""G01_IN_SCOPE_ROLE"": true, ""G02_ARTICLE_LEVEL"": true, ""G03_PRIMARY_OR_FOUNDATIONAL_EVIDENCE"": false, ""G04_REPRODUCIBLE_DEFINITION_AND_OPERATIONALIZATION"": false, ""G05_PUBLICATION_TIME"": true, ""G06_NO_FUTURE_INFORMATION"": true, ""G07_CURRENT_DATA_READY"": false, ""G08_BIAS_GUARDRAIL"": true, ""G09_NO_FATAL_VALIDITY_CONCERN"": true, ""G10_OUTCOME_BLIND_SELECTION"": true, ""G11_DATA_QUALITY_PASS"": false, ""G12_NONCONSTANT"": false, ""G13_ENGLISH_FULLTEXT_FORMULA_EVIDENCE"": false, ""G14_INDEPENDENT_SECOND_REVIEW_APPROVAL"": false}","[""G03_PRIMARY_OR_FOUNDATIONAL_EVIDENCE"", ""G04_REPRODUCIBLE_DEFINITION_AND_OPERATIONALIZATION"", ""G07_CURRENT_DATA_READY"", ""G11_DATA_QUALITY_PASS"", ""G12_NONCONSTANT"", ""G13_ENGLISH_FULLTEXT_FORMULA_EVIDENCE"", ""G14_INDEPENDENT_SECOND_REVIEW_APPROVAL""]",excluded,RECOVERED_GATE_FAILURE,exact_for_frozen_set_membership_not_original_per_gate_bytes,codex_session_log_nested_membership
EF0232,"{""G01_IN_SCOPE_ROLE"": true, ""G02_ARTICLE_LEVEL"": true, ""G03_PRIMARY_OR_FOUNDATIONAL_EVIDENCE"": true, ""G04_REPRODUCIBLE_DEFINITION_AND_OPERATIONALIZATION"": false, ""G05_PUBLICATION_TIME"": true, ""G06_NO_FUTURE_INFORMATION"": true, ""G07_CURRENT_DATA_READY"": false, ""G08_BIAS_GUARDRAIL"": true, ""G09_NO_FATAL_VALIDITY_CONCERN"": true, ""G10_OUTCOME_BLIND_SELECTION"": true, ""G11_DATA_QUALITY_PASS"": false, ""G12_NONCONSTANT"": false, ""G13_ENGLISH_FULLTEXT_FORMULA_EVIDENCE"": false, ""G14_INDEPENDENT_SECOND_REVIEW_APPROVAL"": false}","[""G04_REPRODUCIBLE_DEFINITION_AND_OPERATIONALIZATION"", ""G07_CURRENT_DATA_READY"", ""G11_DATA_QUALITY_PASS"", ""G12_NONCONSTANT"", ""G13_ENGLISH_FULLTEXT_FORMULA_EVIDENCE"", ""G14_INDEPENDENT_SECOND_REVIEW_APPROVAL""]",excluded,RECOVERED_GATE_FAILURE,exact_for_frozen_set_membership_not_original_per_gate_bytes,codex_session_log_nested_membership
EF0233,"{""G01_IN_SCOPE_ROLE"": true, ""G02_ARTICLE_LEVEL"": true, ""G03_PRIMARY_OR_FOUNDATIONAL_EVIDENCE"": false, ""G04_REPRODUCIBLE_DEFINITION_AND_OPERATIONALIZATION"": false, ""G05_PUBLICATION_TIME"": false, ""G06_NO_FUTURE_INFORMATION"": true, ""G07_CURRENT_DATA_READY"": false, ""G08_BIAS_GUARDRAIL"": true, ""G09_NO_FATAL_VALIDITY_CONCERN"": true, ""G10_OUTCOME_BLIND_SELECTION"": true, ""G11_DATA_QUALITY_PASS"": false, ""G12_NONCONSTANT"": false, ""G13_ENGLISH_FULLTEXT_FORMULA_EVIDENCE"": false, ""G14_INDEPENDENT_SECOND_REVIEW_APPROVAL"": false}","[""G03_PRIMARY_OR_FOUNDATIONAL_EVIDENCE"", ""G04_REPRODUCIBLE_DEFINITION_AND_OPERATIONALIZATION"", ""G05_PUBLICATION_TIME"", ""G07_CURRENT_DATA_READY"", ""G11_DATA_QUALITY_PASS"", ""G12_NONCONSTANT"", ""G13_ENGLISH_FULLTEXT_FORMULA_EVIDENCE"", ""G14_INDEPENDENT_SECOND_REVIEW_APPROVAL""]",excluded,RECOVERED_GATE_FAILURE,exact_for_frozen_set_membership_not_original_per_gate_bytes,codex_session_log_nested_membership
EF0234,"{""G01_IN_SCOPE_ROLE"": true, ""G02_ARTICLE_LEVEL"": true, ""G03_PRIMARY_OR_FOUNDATIONAL_EVIDENCE"": true, ""G04_REPRODUCIBLE_DEFINITION_AND_OPERATIONALIZATION"": false, ""G05_PUBLICATION_TIME"": true, ""G06_NO_FUTURE_INFORMATION"": true, ""G07_CURRENT_DATA_READY"": false, ""G08_BIAS_GUARDRAIL"": true, ""G09_NO_FATAL_VALIDITY_CONCERN"": true, ""G10_OUTCOME_BLIND_SELECTION"": true, ""G11_DATA_QUALITY_PASS"": false, ""G12_NONCONSTANT"": false, ""G13_ENGLISH_FULLTEXT_FORMULA_EVIDENCE"": false, ""G14_INDEPENDENT_SECOND_REVIEW_APPROVAL"": false}","[""G04_REPRODUCIBLE_DEFINITION_AND_OPERATIONALIZATION"", ""G07_CURRENT_DATA_READY"", ""G11_DATA_QUALITY_PASS"", ""G12_NONCONSTANT"", ""G13_ENGLISH_FULLTEXT_FORMULA_EVIDENCE"", ""G14_INDEPENDENT_SECOND_REVIEW_APPROVAL""]",excluded,RECOVERED_GATE_FAILURE,exact_for_frozen_set_membership_not_original_per_gate_bytes,codex_session_log_nested_membership
EF0235,"{""G01_IN_SCOPE_ROLE"": true, ""G02_ARTICLE_LEVEL"": true, ""G03_PRIMARY_OR_FOUNDATIONAL_EVIDENCE"": true, ""G04_REPRODUCIBLE_DEFINITION_AND_OPERATIONALIZATION"": false, ""G05_PUBLICATION_TIME"": true, ""G06_NO_FUTURE_INFORMATION"": true, ""G07_CURRENT_DATA_READY"": false, ""G08_BIAS_GUARDRAIL"": true, ""G09_NO_FATAL_VALIDITY_CONCERN"": true, ""G10_OUTCOME_BLIND_SELECTION"": true, ""G11_DATA_QUALITY_PASS"": false, ""G12_NONCONSTANT"": false, ""G13_ENGLISH_FULLTEXT_FORMULA_EVIDENCE"": false, ""G14_INDEPENDENT_SECOND_REVIEW_APPROVAL"": false}","[""G04_REPRODUCIBLE_DEFINITION_AND_OPERATIONALIZATION"", ""G07_CURRENT_DATA_READY"", ""G11_DATA_QUALITY_PASS"", ""G12_NONCONSTANT"", ""G13_ENGLISH_FULLTEXT_FORMULA_EVIDENCE"", ""G14_INDEPENDENT_SECOND_REVIEW_APPROVAL""]",excluded,RECOVERED_GATE_FAILURE,exact_for_frozen_set_membership_not_original_per_gate_bytes,codex_session_log_nested_membership
EF0236,"{""G01_IN_SCOPE_ROLE"": true, ""G02_ARTICLE_LEVEL"": true, ""G03_PRIMARY_OR_FOUNDATIONAL_EVIDENCE"": false, ""G04_REPRODUCIBLE_DEFINITION_AND_OPERATIONALIZATION"": false, ""G05_PUBLICATION_TIME"": false, ""G06_NO_FUTURE_INFORMATION"": true, ""G07_CURRENT_DATA_READY"": false, ""G08_BIAS_GUARDRAIL"": true, ""G09_NO_FATAL_VALIDITY_CONCERN"": true, ""G10_OUTCOME_BLIND_SELECTION"": true, ""G11_DATA_QUALITY_PASS"": false, ""G12_NONCONSTANT"": false, ""G13_ENGLISH_FULLTEXT_FORMULA_EVIDENCE"": false, ""G14_INDEPENDENT_SECOND_REVIEW_APPROVAL"": false}","[""G03_PRIMARY_OR_FOUNDATIONAL_EVIDENCE"", ""G04_REPRODUCIBLE_DEFINITION_AND_OPERATIONALIZATION"", ""G05_PUBLICATION_TIME"", ""G07_CURRENT_DATA_READY"", ""G11_DATA_QUALITY_PASS"", ""G12_NONCONSTANT"", ""G13_ENGLISH_FULLTEXT_FORMULA_EVIDENCE"", ""G14_INDEPENDENT_SECOND_REVIEW_APPROVAL""]",excluded,RECOVERED_GATE_FAILURE,exact_for_frozen_set_membership_not_original_per_gate_bytes,codex_session_log_nested_membership
EF0237,"{""G01_IN_SCOPE_ROLE"": true, ""G02_ARTICLE_LEVEL"": true, ""G03_PRIMARY_OR_FOUNDATIONAL_EVIDENCE"": true, ""G04_REPRODUCIBLE_DEFINITION_AND_OPERATIONALIZATION"": false, ""G05_PUBLICATION_TIME"": true, ""G06_NO_FUTURE_INFORMATION"": true, ""G07_CURRENT_DATA_READY"": false, ""G08_BIAS_GUARDRAIL"": true, ""G09_NO_FATAL_VALIDITY_CONCERN"": true, ""G10_OUTCOME_BLIND_SELECTION"": true, ""G11_DATA_QUALITY_PASS"": false, ""G12_NONCONSTANT"": false, ""G13_ENGLISH_FULLTEXT_FORMULA_EVIDENCE"": false, ""G14_INDEPENDENT_SECOND_REVIEW_APPROVAL"": false}","[""G04_REPRODUCIBLE_DEFINITION_AND_OPERATIONALIZATION"", ""G07_CURRENT_DATA_READY"", ""G11_DATA_QUALITY_PASS"", ""G12_NONCONSTANT"", ""G13_ENGLISH_FULLTEXT_FORMULA_EVIDENCE"", ""G14_INDEPENDENT_SECOND_REVIEW_APPROVAL""]",excluded,RECOVERED_GATE_FAILURE,exact_for_frozen_set_membership_not_original_per_gate_bytes,codex_session_log_nested_membership
EF0238,"{""G01_IN_SCOPE_ROLE"": true, ""G02_ARTICLE_LEVEL"": true, ""G03_PRIMARY_OR_FOUNDATIONAL_EVIDENCE"": true, ""G04_REPRODUCIBLE_DEFINITION_AND_OPERATIONALIZATION"": false, ""G05_PUBLICATION_TIME"": true, ""G06_NO_FUTURE_INFORMATION"": true, ""G07_CURRENT_DATA_READY"": false, ""G08_BIAS_GUARDRAIL"": true, ""G09_NO_FATAL_VALIDITY_CONCERN"": true, ""G10_OUTCOME_BLIND_SELECTION"": true, ""G11_DATA_QUALITY_PASS"": false, ""G12_NONCONSTANT"": false, ""G13_ENGLISH_FULLTEXT_FORMULA_EVIDENCE"": true, ""G14_INDEPENDENT_SECOND_REVIEW_APPROVAL"": true}","[""G04_REPRODUCIBLE_DEFINITION_AND_OPERATIONALIZATION"", ""G07_CURRENT_DATA_READY"", ""G11_DATA_QUALITY_PASS"", ""G12_NONCONSTANT""]",excluded,RECOVERED_GATE_FAILURE,exact_for_frozen_set_membership_not_original_per_gate_bytes,codex_session_log_nested_membership
EF0239,"{""G01_IN_SCOPE_ROLE"": true, ""G02_ARTICLE_LEVEL"": true, ""G03_PRIMARY_OR_FOUNDATIONAL_EVIDENCE"": true, ""G04_REPRODUCIBLE_DEFINITION_AND_OPERATIONALIZATION"": false, ""G05_PUBLICATION_TIME"": true, ""G06_NO_FUTURE_INFORMATION"": true, ""G07_CURRENT_DATA_READY"": false, ""G08_BIAS_GUARDRAIL"": true, ""G09_NO_FATAL_VALIDITY_CONCERN"": true, ""G10_OUTCOME_BLIND_SELECTION"": true, ""G11_DATA_QUALITY_PASS"": false, ""G12_NONCONSTANT"": false, ""G13_ENGLISH_FULLTEXT_FORMULA_EVIDENCE"": false, ""G14_INDEPENDENT_SECOND_REVIEW_APPROVAL"": false}","[""G04_REPRODUCIBLE_DEFINITION_AND_OPERATIONALIZATION"", ""G07_CURRENT_DATA_READY"", ""G11_DATA_QUALITY_PASS"", ""G12_NONCONSTANT"", ""G13_ENGLISH_FULLTEXT_FORMULA_EVIDENCE"", ""G14_INDEPENDENT_SECOND_REVIEW_APPROVAL""]",excluded,RECOVERED_GATE_FAILURE,exact_for_frozen_set_membership_not_original_per_gate_bytes,codex_session_log_nested_membership
EF0240,"{""G01_IN_SCOPE_ROLE"": true, ""G02_ARTICLE_LEVEL"": true, ""G03_PRIMARY_OR_FOUNDATIONAL_EVIDENCE"": true, ""G04_REPRODUCIBLE_DEFINITION_AND_OPERATIONALIZATION"": false, ""G05_PUBLICATION_TIME"": true, ""G06_NO_FUTURE_INFORMATION"": true, ""G07_CURRENT_DATA_READY"": false, ""G08_BIAS_GUARDRAIL"": true, ""G09_NO_FATAL_VALIDITY_CONCERN"": true, ""G10_OUTCOME_BLIND_SELECTION"": true, ""G11_DATA_QUALITY_PASS"": false, ""G12_NONCONSTANT"": false, ""G13_ENGLISH_FULLTEXT_FORMULA_EVIDENCE"": true, ""G14_INDEPENDENT_SECOND_REVIEW_APPROVAL"": true}","[""G04_REPRODUCIBLE_DEFINITION_AND_OPERATIONALIZATION"", ""G07_CURRENT_DATA_READY"", ""G11_DATA_QUALITY_PASS"", ""G12_NONCONSTANT""]",excluded,RECOVERED_GATE_FAILURE,exact_for_frozen_set_membership_not_original_per_gate_bytes,codex_session_log_nested_membership
EF0241,"{""G01_IN_SCOPE_ROLE"": true, ""G02_ARTICLE_LEVEL"": true, ""G03_PRIMARY_OR_FOUNDATIONAL_EVIDENCE"": false, ""G04_REPRODUCIBLE_DEFINITION_AND_OPERATIONALIZATION"": false, ""G05_PUBLICATION_TIME"": true, ""G06_NO_FUTURE_INFORMATION"": true, ""G07_CURRENT_DATA_READY"": false, ""G08_BIAS_GUARDRAIL"": true, ""G09_NO_FATAL_VALIDITY_CONCERN"": true, ""G10_OUTCOME_BLIND_SELECTION"": true, ""G11_DATA_QUALITY_PASS"": false, ""G12_NONCONSTANT"": false, ""G13_ENGLISH_FULLTEXT_FORMULA_EVIDENCE"": false, ""G14_INDEPENDENT_SECOND_REVIEW_APPROVAL"": false}","[""G03_PRIMARY_OR_FOUNDATIONAL_EVIDENCE"", ""G04_REPRODUCIBLE_DEFINITION_AND_OPERATIONALIZATION"", ""G07_CURRENT_DATA_READY"", ""G11_DATA_QUALITY_PASS"", ""G12_NONCONSTANT"", ""G13_ENGLISH_FULLTEXT_FORMULA_EVIDENCE"", ""G14_INDEPENDENT_SECOND_REVIEW_APPROVAL""]",excluded,RECOVERED_GATE_FAILURE,exact_for_frozen_set_membership_not_original_per_gate_bytes,codex_session_log_nested_membership
EF0242,"{""G01_IN_SCOPE_ROLE"": true, ""G02_ARTICLE_LEVEL"": true, ""G03_PRIMARY_OR_FOUNDATIONAL_EVIDENCE"": false, ""G04_REPRODUCIBLE_DEFINITION_AND_OPERATIONALIZATION"": false, ""G05_PUBLICATION_TIME"": false, ""G06_NO_FUTURE_INFORMATION"": true, ""G07_CURRENT_DATA_READY"": false, ""G08_BIAS_GUARDRAIL"": true, ""G09_NO_FATAL_VALIDITY_CONCERN"": true, ""G10_OUTCOME_BLIND_SELECTION"": true, ""G11_DATA_QUALITY_PASS"": false, ""G12_NONCONSTANT"": false, ""G13_ENGLISH_FULLTEXT_FORMULA_EVIDENCE"": false, ""G14_INDEPENDENT_SECOND_REVIEW_APPROVAL"": false}","[""G03_PRIMARY_OR_FOUNDATIONAL_EVIDENCE"", ""G04_REPRODUCIBLE_DEFINITION_AND_OPERATIONALIZATION"", ""G05_PUBLICATION_TIME"", ""G07_CURRENT_DATA_READY"", ""G11_DATA_QUALITY_PASS"", ""G12_NONCONSTANT"", ""G13_ENGLISH_FULLTEXT_FORMULA_EVIDENCE"", ""G14_INDEPENDENT_SECOND_REVIEW_APPROVAL""]",excluded,RECOVERED_GATE_FAILURE,exact_for_frozen_set_membership_not_original_per_gate_bytes,codex_session_log_nested_membership
EF0243,"{""G01_IN_SCOPE_ROLE"": true, ""G02_ARTICLE_LEVEL"": true, ""G03_PRIMARY_OR_FOUNDATIONAL_EVIDENCE"": false, ""G04_REPRODUCIBLE_DEFINITION_AND_OPERATIONALIZATION"": false, ""G05_PUBLICATION_TIME"": false, ""G06_NO_FUTURE_INFORMATION"": true, ""G07_CURRENT_DATA_READY"": false, ""G08_BIAS_GUARDRAIL"": true, ""G09_NO_FATAL_VALIDITY_CONCERN"": true, ""G10_OUTCOME_BLIND_SELECTION"": true, ""G11_DATA_QUALITY_PASS"": false, ""G12_NONCONSTANT"": false, ""G13_ENGLISH_FULLTEXT_FORMULA_EVIDENCE"": false, ""G14_INDEPENDENT_SECOND_REVIEW_APPROVAL"": false}","[""G03_PRIMARY_OR_FOUNDATIONAL_EVIDENCE"", ""G04_REPRODUCIBLE_DEFINITION_AND_OPERATIONALIZATION"", ""G05_PUBLICATION_TIME"", ""G07_CURRENT_DATA_READY"", ""G11_DATA_QUALITY_PASS"", ""G12_NONCONSTANT"", ""G13_ENGLISH_FULLTEXT_FORMULA_EVIDENCE"", ""G14_INDEPENDENT_SECOND_REVIEW_APPROVAL""]",excluded,RECOVERED_GATE_FAILURE,exact_for_frozen_set_membership_not_original_per_gate_bytes,codex_session_log_nested_membership
EF0244,"{""G01_IN_SCOPE_ROLE"": true, ""G02_ARTICLE_LEVEL"": true, ""G03_PRIMARY_OR_FOUNDATIONAL_EVIDENCE"": false, ""G04_REPRODUCIBLE_DEFINITION_AND_OPERATIONALIZATION"": false, ""G05_PUBLICATION_TIME"": false, ""G06_NO_FUTURE_INFORMATION"": true, ""G07_CURRENT_DATA_READY"": false, ""G08_BIAS_GUARDRAIL"": true, ""G09_NO_FATAL_VALIDITY_CONCERN"": true, ""G10_OUTCOME_BLIND_SELECTION"": true, ""G11_DATA_QUALITY_PASS"": false, ""G12_NONCONSTANT"": false, ""G13_ENGLISH_FULLTEXT_FORMULA_EVIDENCE"": false, ""G14_INDEPENDENT_SECOND_REVIEW_APPROVAL"": false}","[""G03_PRIMARY_OR_FOUNDATIONAL_EVIDENCE"", ""G04_REPRODUCIBLE_DEFINITION_AND_OPERATIONALIZATION"", ""G05_PUBLICATION_TIME"", ""G07_CURRENT_DATA_READY"", ""G11_DATA_QUALITY_PASS"", ""G12_NONCONSTANT"", ""G13_ENGLISH_FULLTEXT_FORMULA_EVIDENCE"", ""G14_INDEPENDENT_SECOND_REVIEW_APPROVAL""]",excluded,RECOVERED_GATE_FAILURE,exact_for_frozen_set_membership_not_original_per_gate_bytes,codex_session_log_nested_membership
EF0245,"{""G01_IN_SCOPE_ROLE"": true, ""G02_ARTICLE_LEVEL"": true, ""G03_PRIMARY_OR_FOUNDATIONAL_EVIDENCE"": true, ""G04_REPRODUCIBLE_DEFINITION_AND_OPERATIONALIZATION"": false, ""G05_PUBLICATION_TIME"": true, ""G06_NO_FUTURE_INFORMATION"": true, ""G07_CURRENT_DATA_READY"": false, ""G08_BIAS_GUARDRAIL"": true, ""G09_NO_FATAL_VALIDITY_CONCERN"": true, ""G10_OUTCOME_BLIND_SELECTION"": true, ""G11_DATA_QUALITY_PASS"": false, ""G12_NONCONSTANT"": false, ""G13_ENGLISH_FULLTEXT_FORMULA_EVIDENCE"": false, ""G14_INDEPENDENT_SECOND_REVIEW_APPROVAL"": false}","[""G04_REPRODUCIBLE_DEFINITION_AND_OPERATIONALIZATION"", ""G07_CURRENT_DATA_READY"", ""G11_DATA_QUALITY_PASS"", ""G12_NONCONSTANT"", ""G13_ENGLISH_FULLTEXT_FORMULA_EVIDENCE"", ""G14_INDEPENDENT_SECOND_REVIEW_APPROVAL""]",excluded,RECOVERED_GATE_FAILURE,exact_for_frozen_set_membership_not_original_per_gate_bytes,codex_session_log_nested_membership
EF0246,"{""G01_IN_SCOPE_ROLE"": true, ""G02_ARTICLE_LEVEL"": true, ""G03_PRIMARY_OR_FOUNDATIONAL_EVIDENCE"": false, ""G04_REPRODUCIBLE_DEFINITION_AND_OPERATIONALIZATION"": false, ""G05_PUBLICATION_TIME"": true, ""G06_NO_FUTURE_INFORMATION"": true, ""G07_CURRENT_DATA_READY"": false, ""G08_BIAS_GUARDRAIL"": true, ""G09_NO_FATAL_VALIDITY_CONCERN"": true, ""G10_OUTCOME_BLIND_SELECTION"": true, ""G11_DATA_QUALITY_PASS"": false, ""G12_NONCONSTANT"": false, ""G13_ENGLISH_FULLTEXT_FORMULA_EVIDENCE"": false, ""G14_INDEPENDENT_SECOND_REVIEW_APPROVAL"": false}","[""G03_PRIMARY_OR_FOUNDATIONAL_EVIDENCE"", ""G04_REPRODUCIBLE_DEFINITION_AND_OPERATIONALIZATION"", ""G07_CURRENT_DATA_READY"", ""G11_DATA_QUALITY_PASS"", ""G12_NONCONSTANT"", ""G13_ENGLISH_FULLTEXT_FORMULA_EVIDENCE"", ""G14_INDEPENDENT_SECOND_REVIEW_APPROVAL""]",excluded,RECOVERED_GATE_FAILURE,exact_for_frozen_set_membership_not_original_per_gate_bytes,codex_session_log_nested_membership
EF0247,"{""G01_IN_SCOPE_ROLE"": true, ""G02_ARTICLE_LEVEL"": true, ""G03_PRIMARY_OR_FOUNDATIONAL_EVIDENCE"": false, ""G04_REPRODUCIBLE_DEFINITION_AND_OPERATIONALIZATION"": false, ""G05_PUBLICATION_TIME"": false, ""G06_NO_FUTURE_INFORMATION"": true, ""G07_CURRENT_DATA_READY"": false, ""G08_BIAS_GUARDRAIL"": true, ""G09_NO_FATAL_VALIDITY_CONCERN"": true, ""G10_OUTCOME_BLIND_SELECTION"": true, ""G11_DATA_QUALITY_PASS"": false, ""G12_NONCONSTANT"": false, ""G13_ENGLISH_FULLTEXT_FORMULA_EVIDENCE"": false, ""G14_INDEPENDENT_SECOND_REVIEW_APPROVAL"": false}","[""G03_PRIMARY_OR_FOUNDATIONAL_EVIDENCE"", ""G04_REPRODUCIBLE_DEFINITION_AND_OPERATIONALIZATION"", ""G05_PUBLICATION_TIME"", ""G07_CURRENT_DATA_READY"", ""G11_DATA_QUALITY_PASS"", ""G12_NONCONSTANT"", ""G13_ENGLISH_FULLTEXT_FORMULA_EVIDENCE"", ""G14_INDEPENDENT_SECOND_REVIEW_APPROVAL""]",excluded,RECOVERED_GATE_FAILURE,exact_for_frozen_set_membership_not_original_per_gate_bytes,codex_session_log_nested_membership
EF0248,"{""G01_IN_SCOPE_ROLE"": true, ""G02_ARTICLE_LEVEL"": true, ""G03_PRIMARY_OR_FOUNDATIONAL_EVIDENCE"": false, ""G04_REPRODUCIBLE_DEFINITION_AND_OPERATIONALIZATION"": false, ""G05_PUBLICATION_TIME"": false, ""G06_NO_FUTURE_INFORMATION"": true, ""G07_CURRENT_DATA_READY"": false, ""G08_BIAS_GUARDRAIL"": true, ""G09_NO_FATAL_VALIDITY_CONCERN"": true, ""G10_OUTCOME_BLIND_SELECTION"": true, ""G11_DATA_QUALITY_PASS"": false, ""G12_NONCONSTANT"": false, ""G13_ENGLISH_FULLTEXT_FORMULA_EVIDENCE"": false, ""G14_INDEPENDENT_SECOND_REVIEW_APPROVAL"": false}","[""G03_PRIMARY_OR_FOUNDATIONAL_EVIDENCE"", ""G04_REPRODUCIBLE_DEFINITION_AND_OPERATIONALIZATION"", ""G05_PUBLICATION_TIME"", ""G07_CURRENT_DATA_READY"", ""G11_DATA_QUALITY_PASS"", ""G12_NONCONSTANT"", ""G13_ENGLISH_FULLTEXT_FORMULA_EVIDENCE"", ""G14_INDEPENDENT_SECOND_REVIEW_APPROVAL""]",excluded,RECOVERED_GATE_FAILURE,exact_for_frozen_set_membership_not_original_per_gate_bytes,codex_session_log_nested_membership
EF0249,"{""G01_IN_SCOPE_ROLE"": true, ""G02_ARTICLE_LEVEL"": true, ""G03_PRIMARY_OR_FOUNDATIONAL_EVIDENCE"": true, ""G04_REPRODUCIBLE_DEFINITION_AND_OPERATIONALIZATION"": false, ""G05_PUBLICATION_TIME"": true, ""G06_NO_FUTURE_INFORMATION"": true, ""G07_CURRENT_DATA_READY"": false, ""G08_BIAS_GUARDRAIL"": true, ""G09_NO_FATAL_VALIDITY_CONCERN"": true, ""G10_OUTCOME_BLIND_SELECTION"": true, ""G11_DATA_QUALITY_PASS"": false, ""G12_NONCONSTANT"": false, ""G13_ENGLISH_FULLTEXT_FORMULA_EVIDENCE"": false, ""G14_INDEPENDENT_SECOND_REVIEW_APPROVAL"": false}","[""G04_REPRODUCIBLE_DEFINITION_AND_OPERATIONALIZATION"", ""G07_CURRENT_DATA_READY"", ""G11_DATA_QUALITY_PASS"", ""G12_NONCONSTANT"", ""G13_ENGLISH_FULLTEXT_FORMULA_EVIDENCE"", ""G14_INDEPENDENT_SECOND_REVIEW_APPROVAL""]",excluded,RECOVERED_GATE_FAILURE,exact_for_frozen_set_membership_not_original_per_gate_bytes,codex_session_log_nested_membership
EF0250,"{""G01_IN_SCOPE_ROLE"": true, ""G02_ARTICLE_LEVEL"": true, ""G03_PRIMARY_OR_FOUNDATIONAL_EVIDENCE"": true, ""G04_REPRODUCIBLE_DEFINITION_AND_OPERATIONALIZATION"": false, ""G05_PUBLICATION_TIME"": true, ""G06_NO_FUTURE_INFORMATION"": true, ""G07_CURRENT_DATA_READY"": false, ""G08_BIAS_GUARDRAIL"": true, ""G09_NO_FATAL_VALIDITY_CONCERN"": true, ""G10_OUTCOME_BLIND_SELECTION"": true, ""G11_DATA_QUALITY_PASS"": false, ""G12_NONCONSTANT"": false, ""G13_ENGLISH_FULLTEXT_FORMULA_EVIDENCE"": false, ""G14_INDEPENDENT_SECOND_REVIEW_APPROVAL"": false}","[""G04_REPRODUCIBLE_DEFINITION_AND_OPERATIONALIZATION"", ""G07_CURRENT_DATA_READY"", ""G11_DATA_QUALITY_PASS"", ""G12_NONCONSTANT"", ""G13_ENGLISH_FULLTEXT_FORMULA_EVIDENCE"", ""G14_INDEPENDENT_SECOND_REVIEW_APPROVAL""]",excluded,RECOVERED_GATE_FAILURE,exact_for_frozen_set_membership_not_original_per_gate_bytes,codex_session_log_nested_membership
EF0251,"{""G01_IN_SCOPE_ROLE"": true, ""G02_ARTICLE_LEVEL"": true, ""G03_PRIMARY_OR_FOUNDATIONAL_EVIDENCE"": false, ""G04_REPRODUCIBLE_DEFINITION_AND_OPERATIONALIZATION"": false, ""G05_PUBLICATION_TIME"": true, ""G06_NO_FUTURE_INFORMATION"": true, ""G07_CURRENT_DATA_READY"": false, ""G08_BIAS_GUARDRAIL"": true, ""G09_NO_FATAL_VALIDITY_CONCERN"": true, ""G10_OUTCOME_BLIND_SELECTION"": true, ""G11_DATA_QUALITY_PASS"": false, ""G12_NONCONSTANT"": false, ""G13_ENGLISH_FULLTEXT_FORMULA_EVIDENCE"": false, ""G14_INDEPENDENT_SECOND_REVIEW_APPROVAL"": false}","[""G03_PRIMARY_OR_FOUNDATIONAL_EVIDENCE"", ""G04_REPRODUCIBLE_DEFINITION_AND_OPERATIONALIZATION"", ""G07_CURRENT_DATA_READY"", ""G11_DATA_QUALITY_PASS"", ""G12_NONCONSTANT"", ""G13_ENGLISH_FULLTEXT_FORMULA_EVIDENCE"", ""G14_INDEPENDENT_SECOND_REVIEW_APPROVAL""]",excluded,RECOVERED_GATE_FAILURE,exact_for_frozen_set_membership_not_original_per_gate_bytes,codex_session_log_nested_membership
EF0252,"{""G01_IN_SCOPE_ROLE"": true, ""G02_ARTICLE_LEVEL"": true, ""G03_PRIMARY_OR_FOUNDATIONAL_EVIDENCE"": false, ""G04_REPRODUCIBLE_DEFINITION_AND_OPERATIONALIZATION"": false, ""G05_PUBLICATION_TIME"": false, ""G06_NO_FUTURE_INFORMATION"": true, ""G07_CURRENT_DATA_READY"": false, ""G08_BIAS_GUARDRAIL"": true, ""G09_NO_FATAL_VALIDITY_CONCERN"": true, ""G10_OUTCOME_BLIND_SELECTION"": true, ""G11_DATA_QUALITY_PASS"": false, ""G12_NONCONSTANT"": false, ""G13_ENGLISH_FULLTEXT_FORMULA_EVIDENCE"": false, ""G14_INDEPENDENT_SECOND_REVIEW_APPROVAL"": false}","[""G03_PRIMARY_OR_FOUNDATIONAL_EVIDENCE"", ""G04_REPRODUCIBLE_DEFINITION_AND_OPERATIONALIZATION"", ""G05_PUBLICATION_TIME"", ""G07_CURRENT_DATA_READY"", ""G11_DATA_QUALITY_PASS"", ""G12_NONCONSTANT"", ""G13_ENGLISH_FULLTEXT_FORMULA_EVIDENCE"", ""G14_INDEPENDENT_SECOND_REVIEW_APPROVAL""]",excluded,RECOVERED_GATE_FAILURE,exact_for_frozen_set_membership_not_original_per_gate_bytes,codex_session_log_nested_membership
EF0253,"{""G01_IN_SCOPE_ROLE"": true, ""G02_ARTICLE_LEVEL"": true, ""G03_PRIMARY_OR_FOUNDATIONAL_EVIDENCE"": false, ""G04_REPRODUCIBLE_DEFINITION_AND_OPERATIONALIZATION"": false, ""G05_PUBLICATION_TIME"": false, ""G06_NO_FUTURE_INFORMATION"": true, ""G07_CURRENT_DATA_READY"": false, ""G08_BIAS_GUARDRAIL"": true, ""G09_NO_FATAL_VALIDITY_CONCERN"": true, ""G10_OUTCOME_BLIND_SELECTION"": true, ""G11_DATA_QUALITY_PASS"": false, ""G12_NONCONSTANT"": false, ""G13_ENGLISH_FULLTEXT_FORMULA_EVIDENCE"": false, ""G14_INDEPENDENT_SECOND_REVIEW_APPROVAL"": false}","[""G03_PRIMARY_OR_FOUNDATIONAL_EVIDENCE"", ""G04_REPRODUCIBLE_DEFINITION_AND_OPERATIONALIZATION"", ""G05_PUBLICATION_TIME"", ""G07_CURRENT_DATA_READY"", ""G11_DATA_QUALITY_PASS"", ""G12_NONCONSTANT"", ""G13_ENGLISH_FULLTEXT_FORMULA_EVIDENCE"", ""G14_INDEPENDENT_SECOND_REVIEW_APPROVAL""]",excluded,RECOVERED_GATE_FAILURE,exact_for_frozen_set_membership_not_original_per_gate_bytes,codex_session_log_nested_membership
EF0254,"{""G01_IN_SCOPE_ROLE"": true, ""G02_ARTICLE_LEVEL"": true, ""G03_PRIMARY_OR_FOUNDATIONAL_EVIDENCE"": false, ""G04_REPRODUCIBLE_DEFINITION_AND_OPERATIONALIZATION"": false, ""G05_PUBLICATION_TIME"": false, ""G06_NO_FUTURE_INFORMATION"": true, ""G07_CURRENT_DATA_READY"": false, ""G08_BIAS_GUARDRAIL"": true, ""G09_NO_FATAL_VALIDITY_CONCERN"": true, ""G10_OUTCOME_BLIND_SELECTION"": true, ""G11_DATA_QUALITY_PASS"": false, ""G12_NONCONSTANT"": false, ""G13_ENGLISH_FULLTEXT_FORMULA_EVIDENCE"": false, ""G14_INDEPENDENT_SECOND_REVIEW_APPROVAL"": false}","[""G03_PRIMARY_OR_FOUNDATIONAL_EVIDENCE"", ""G04_REPRODUCIBLE_DEFINITION_AND_OPERATIONALIZATION"", ""G05_PUBLICATION_TIME"", ""G07_CURRENT_DATA_READY"", ""G11_DATA_QUALITY_PASS"", ""G12_NONCONSTANT"", ""G13_ENGLISH_FULLTEXT_FORMULA_EVIDENCE"", ""G14_INDEPENDENT_SECOND_REVIEW_APPROVAL""]",excluded,RECOVERED_GATE_FAILURE,exact_for_frozen_set_membership_not_original_per_gate_bytes,codex_session_log_nested_membership
EF0255,"{""G01_IN_SCOPE_ROLE"": true, ""G02_ARTICLE_LEVEL"": true, ""G03_PRIMARY_OR_FOUNDATIONAL_EVIDENCE"": false, ""G04_REPRODUCIBLE_DEFINITION_AND_OPERATIONALIZATION"": false, ""G05_PUBLICATION_TIME"": false, ""G06_NO_FUTURE_INFORMATION"": true, ""G07_CURRENT_DATA_READY"": false, ""G08_BIAS_GUARDRAIL"": true, ""G09_NO_FATAL_VALIDITY_CONCERN"": true, ""G10_OUTCOME_BLIND_SELECTION"": true, ""G11_DATA_QUALITY_PASS"": false, ""G12_NONCONSTANT"": false, ""G13_ENGLISH_FULLTEXT_FORMULA_EVIDENCE"": false, ""G14_INDEPENDENT_SECOND_REVIEW_APPROVAL"": false}","[""G03_PRIMARY_OR_FOUNDATIONAL_EVIDENCE"", ""G04_REPRODUCIBLE_DEFINITION_AND_OPERATIONALIZATION"", ""G05_PUBLICATION_TIME"", ""G07_CURRENT_DATA_READY"", ""G11_DATA_QUALITY_PASS"", ""G12_NONCONSTANT"", ""G13_ENGLISH_FULLTEXT_FORMULA_EVIDENCE"", ""G14_INDEPENDENT_SECOND_REVIEW_APPROVAL""]",excluded,RECOVERED_GATE_FAILURE,exact_for_frozen_set_membership_not_original_per_gate_bytes,codex_session_log_nested_membership
EF0256,"{""G01_IN_SCOPE_ROLE"": true, ""G02_ARTICLE_LEVEL"": true, ""G03_PRIMARY_OR_FOUNDATIONAL_EVIDENCE"": false, ""G04_REPRODUCIBLE_DEFINITION_AND_OPERATIONALIZATION"": false, ""G05_PUBLICATION_TIME"": false, ""G06_NO_FUTURE_INFORMATION"": true, ""G07_CURRENT_DATA_READY"": false, ""G08_BIAS_GUARDRAIL"": true, ""G09_NO_FATAL_VALIDITY_CONCERN"": true, ""G10_OUTCOME_BLIND_SELECTION"": true, ""G11_DATA_QUALITY_PASS"": false, ""G12_NONCONSTANT"": false, ""G13_ENGLISH_FULLTEXT_FORMULA_EVIDENCE"": false, ""G14_INDEPENDENT_SECOND_REVIEW_APPROVAL"": false}","[""G03_PRIMARY_OR_FOUNDATIONAL_EVIDENCE"", ""G04_REPRODUCIBLE_DEFINITION_AND_OPERATIONALIZATION"", ""G05_PUBLICATION_TIME"", ""G07_CURRENT_DATA_READY"", ""G11_DATA_QUALITY_PASS"", ""G12_NONCONSTANT"", ""G13_ENGLISH_FULLTEXT_FORMULA_EVIDENCE"", ""G14_INDEPENDENT_SECOND_REVIEW_APPROVAL""]",excluded,RECOVERED_GATE_FAILURE,exact_for_frozen_set_membership_not_original_per_gate_bytes,codex_session_log_nested_membership
EF0257,"{""G01_IN_SCOPE_ROLE"": true, ""G02_ARTICLE_LEVEL"": true, ""G03_PRIMARY_OR_FOUNDATIONAL_EVIDENCE"": true, ""G04_REPRODUCIBLE_DEFINITION_AND_OPERATIONALIZATION"": false, ""G05_PUBLICATION_TIME"": true, ""G06_NO_FUTURE_INFORMATION"": true, ""G07_CURRENT_DATA_READY"": false, ""G08_BIAS_GUARDRAIL"": true, ""G09_NO_FATAL_VALIDITY_CONCERN"": true, ""G10_OUTCOME_BLIND_SELECTION"": true, ""G11_DATA_QUALITY_PASS"": false, ""G12_NONCONSTANT"": false, ""G13_ENGLISH_FULLTEXT_FORMULA_EVIDENCE"": false, ""G14_INDEPENDENT_SECOND_REVIEW_APPROVAL"": false}","[""G04_REPRODUCIBLE_DEFINITION_AND_OPERATIONALIZATION"", ""G07_CURRENT_DATA_READY"", ""G11_DATA_QUALITY_PASS"", ""G12_NONCONSTANT"", ""G13_ENGLISH_FULLTEXT_FORMULA_EVIDENCE"", ""G14_INDEPENDENT_SECOND_REVIEW_APPROVAL""]",excluded,RECOVERED_GATE_FAILURE,exact_for_frozen_set_membership_not_original_per_gate_bytes,codex_session_log_nested_membership
EF0258,"{""G01_IN_SCOPE_ROLE"": true, ""G02_ARTICLE_LEVEL"": true, ""G03_PRIMARY_OR_FOUNDATIONAL_EVIDENCE"": true, ""G04_REPRODUCIBLE_DEFINITION_AND_OPERATIONALIZATION"": false, ""G05_PUBLICATION_TIME"": true, ""G06_NO_FUTURE_INFORMATION"": true, ""G07_CURRENT_DATA_READY"": false, ""G08_BIAS_GUARDRAIL"": true, ""G09_NO_FATAL_VALIDITY_CONCERN"": true, ""G10_OUTCOME_BLIND_SELECTION"": true, ""G11_DATA_QUALITY_PASS"": false, ""G12_NONCONSTANT"": false, ""G13_ENGLISH_FULLTEXT_FORMULA_EVIDENCE"": false, ""G14_INDEPENDENT_SECOND_REVIEW_APPROVAL"": false}","[""G04_REPRODUCIBLE_DEFINITION_AND_OPERATIONALIZATION"", ""G07_CURRENT_DATA_READY"", ""G11_DATA_QUALITY_PASS"", ""G12_NONCONSTANT"", ""G13_ENGLISH_FULLTEXT_FORMULA_EVIDENCE"", ""G14_INDEPENDENT_SECOND_REVIEW_APPROVAL""]",excluded,RECOVERED_GATE_FAILURE,exact_for_frozen_set_membership_not_original_per_gate_bytes,codex_session_log_nested_membership
EF0259,"{""G01_IN_SCOPE_ROLE"": true, ""G02_ARTICLE_LEVEL"": true, ""G03_PRIMARY_OR_FOUNDATIONAL_EVIDENCE"": true, ""G04_REPRODUCIBLE_DEFINITION_AND_OPERATIONALIZATION"": false, ""G05_PUBLICATION_TIME"": true, ""G06_NO_FUTURE_INFORMATION"": true, ""G07_CURRENT_DATA_READY"": false, ""G08_BIAS_GUARDRAIL"": true, ""G09_NO_FATAL_VALIDITY_CONCERN"": true, ""G10_OUTCOME_BLIND_SELECTION"": true, ""G11_DATA_QUALITY_PASS"": false, ""G12_NONCONSTANT"": false, ""G13_ENGLISH_FULLTEXT_FORMULA_EVIDENCE"": false, ""G14_INDEPENDENT_SECOND_REVIEW_APPROVAL"": false}","[""G04_REPRODUCIBLE_DEFINITION_AND_OPERATIONALIZATION"", ""G07_CURRENT_DATA_READY"", ""G11_DATA_QUALITY_PASS"", ""G12_NONCONSTANT"", ""G13_ENGLISH_FULLTEXT_FORMULA_EVIDENCE"", ""G14_INDEPENDENT_SECOND_REVIEW_APPROVAL""]",excluded,RECOVERED_GATE_FAILURE,exact_for_frozen_set_membership_not_original_per_gate_bytes,codex_session_log_nested_membership
EF0260,"{""G01_IN_SCOPE_ROLE"": true, ""G02_ARTICLE_LEVEL"": true, ""G03_PRIMARY_OR_FOUNDATIONAL_EVIDENCE"": true, ""G04_REPRODUCIBLE_DEFINITION_AND_OPERATIONALIZATION"": false, ""G05_PUBLICATION_TIME"": true, ""G06_NO_FUTURE_INFORMATION"": true, ""G07_CURRENT_DATA_READY"": false, ""G08_BIAS_GUARDRAIL"": true, ""G09_NO_FATAL_VALIDITY_CONCERN"": true, ""G10_OUTCOME_BLIND_SELECTION"": true, ""G11_DATA_QUALITY_PASS"": false, ""G12_NONCONSTANT"": false, ""G13_ENGLISH_FULLTEXT_FORMULA_EVIDENCE"": false, ""G14_INDEPENDENT_SECOND_REVIEW_APPROVAL"": false}","[""G04_REPRODUCIBLE_DEFINITION_AND_OPERATIONALIZATION"", ""G07_CURRENT_DATA_READY"", ""G11_DATA_QUALITY_PASS"", ""G12_NONCONSTANT"", ""G13_ENGLISH_FULLTEXT_FORMULA_EVIDENCE"", ""G14_INDEPENDENT_SECOND_REVIEW_APPROVAL""]",excluded,RECOVERED_GATE_FAILURE,exact_for_frozen_set_membership_not_original_per_gate_bytes,codex_session_log_nested_membership
EF0261,"{""G01_IN_SCOPE_ROLE"": true, ""G02_ARTICLE_LEVEL"": true, ""G03_PRIMARY_OR_FOUNDATIONAL_EVIDENCE"": false, ""G04_REPRODUCIBLE_DEFINITION_AND_OPERATIONALIZATION"": false, ""G05_PUBLICATION_TIME"": false, ""G06_NO_FUTURE_INFORMATION"": true, ""G07_CURRENT_DATA_READY"": false, ""G08_BIAS_GUARDRAIL"": true, ""G09_NO_FATAL_VALIDITY_CONCERN"": true, ""G10_OUTCOME_BLIND_SELECTION"": true, ""G11_DATA_QUALITY_PASS"": false, ""G12_NONCONSTANT"": false, ""G13_ENGLISH_FULLTEXT_FORMULA_EVIDENCE"": false, ""G14_INDEPENDENT_SECOND_REVIEW_APPROVAL"": false}","[""G03_PRIMARY_OR_FOUNDATIONAL_EVIDENCE"", ""G04_REPRODUCIBLE_DEFINITION_AND_OPERATIONALIZATION"", ""G05_PUBLICATION_TIME"", ""G07_CURRENT_DATA_READY"", ""G11_DATA_QUALITY_PASS"", ""G12_NONCONSTANT"", ""G13_ENGLISH_FULLTEXT_FORMULA_EVIDENCE"", ""G14_INDEPENDENT_SECOND_REVIEW_APPROVAL""]",excluded,RECOVERED_GATE_FAILURE,exact_for_frozen_set_membership_not_original_per_gate_bytes,codex_session_log_nested_membership
EF0262,"{""G01_IN_SCOPE_ROLE"": true, ""G02_ARTICLE_LEVEL"": true, ""G03_PRIMARY_OR_FOUNDATIONAL_EVIDENCE"": false, ""G04_REPRODUCIBLE_DEFINITION_AND_OPERATIONALIZATION"": false, ""G05_PUBLICATION_TIME"": false, ""G06_NO_FUTURE_INFORMATION"": true, ""G07_CURRENT_DATA_READY"": false, ""G08_BIAS_GUARDRAIL"": true, ""G09_NO_FATAL_VALIDITY_CONCERN"": true, ""G10_OUTCOME_BLIND_SELECTION"": true, ""G11_DATA_QUALITY_PASS"": false, ""G12_NONCONSTANT"": false, ""G13_ENGLISH_FULLTEXT_FORMULA_EVIDENCE"": false, ""G14_INDEPENDENT_SECOND_REVIEW_APPROVAL"": false}","[""G03_PRIMARY_OR_FOUNDATIONAL_EVIDENCE"", ""G04_REPRODUCIBLE_DEFINITION_AND_OPERATIONALIZATION"", ""G05_PUBLICATION_TIME"", ""G07_CURRENT_DATA_READY"", ""G11_DATA_QUALITY_PASS"", ""G12_NONCONSTANT"", ""G13_ENGLISH_FULLTEXT_FORMULA_EVIDENCE"", ""G14_INDEPENDENT_SECOND_REVIEW_APPROVAL""]",excluded,RECOVERED_GATE_FAILURE,exact_for_frozen_set_membership_not_original_per_gate_bytes,codex_session_log_nested_membership
EF0263,"{""G01_IN_SCOPE_ROLE"": true, ""G02_ARTICLE_LEVEL"": true, ""G03_PRIMARY_OR_FOUNDATIONAL_EVIDENCE"": false, ""G04_REPRODUCIBLE_DEFINITION_AND_OPERATIONALIZATION"": false, ""G05_PUBLICATION_TIME"": false, ""G06_NO_FUTURE_INFORMATION"": true, ""G07_CURRENT_DATA_READY"": false, ""G08_BIAS_GUARDRAIL"": true, ""G09_NO_FATAL_VALIDITY_CONCERN"": true, ""G10_OUTCOME_BLIND_SELECTION"": true, ""G11_DATA_QUALITY_PASS"": false, ""G12_NONCONSTANT"": false, ""G13_ENGLISH_FULLTEXT_FORMULA_EVIDENCE"": false, ""G14_INDEPENDENT_SECOND_REVIEW_APPROVAL"": false}","[""G03_PRIMARY_OR_FOUNDATIONAL_EVIDENCE"", ""G04_REPRODUCIBLE_DEFINITION_AND_OPERATIONALIZATION"", ""G05_PUBLICATION_TIME"", ""G07_CURRENT_DATA_READY"", ""G11_DATA_QUALITY_PASS"", ""G12_NONCONSTANT"", ""G13_ENGLISH_FULLTEXT_FORMULA_EVIDENCE"", ""G14_INDEPENDENT_SECOND_REVIEW_APPROVAL""]",excluded,RECOVERED_GATE_FAILURE,exact_for_frozen_set_membership_not_original_per_gate_bytes,codex_session_log_nested_membership
EF0264,"{""G01_IN_SCOPE_ROLE"": true, ""G02_ARTICLE_LEVEL"": true, ""G03_PRIMARY_OR_FOUNDATIONAL_EVIDENCE"": false, ""G04_REPRODUCIBLE_DEFINITION_AND_OPERATIONALIZATION"": false, ""G05_PUBLICATION_TIME"": false, ""G06_NO_FUTURE_INFORMATION"": true, ""G07_CURRENT_DATA_READY"": false, ""G08_BIAS_GUARDRAIL"": true, ""G09_NO_FATAL_VALIDITY_CONCERN"": true, ""G10_OUTCOME_BLIND_SELECTION"": true, ""G11_DATA_QUALITY_PASS"": false, ""G12_NONCONSTANT"": false, ""G13_ENGLISH_FULLTEXT_FORMULA_EVIDENCE"": false, ""G14_INDEPENDENT_SECOND_REVIEW_APPROVAL"": false}","[""G03_PRIMARY_OR_FOUNDATIONAL_EVIDENCE"", ""G04_REPRODUCIBLE_DEFINITION_AND_OPERATIONALIZATION"", ""G05_PUBLICATION_TIME"", ""G07_CURRENT_DATA_READY"", ""G11_DATA_QUALITY_PASS"", ""G12_NONCONSTANT"", ""G13_ENGLISH_FULLTEXT_FORMULA_EVIDENCE"", ""G14_INDEPENDENT_SECOND_REVIEW_APPROVAL""]",excluded,RECOVERED_GATE_FAILURE,exact_for_frozen_set_membership_not_original_per_gate_bytes,codex_session_log_nested_membership
EF0265,"{""G01_IN_SCOPE_ROLE"": true, ""G02_ARTICLE_LEVEL"": true, ""G03_PRIMARY_OR_FOUNDATIONAL_EVIDENCE"": false, ""G04_REPRODUCIBLE_DEFINITION_AND_OPERATIONALIZATION"": false, ""G05_PUBLICATION_TIME"": false, ""G06_NO_FUTURE_INFORMATION"": true, ""G07_CURRENT_DATA_READY"": false, ""G08_BIAS_GUARDRAIL"": true, ""G09_NO_FATAL_VALIDITY_CONCERN"": true, ""G10_OUTCOME_BLIND_SELECTION"": true, ""G11_DATA_QUALITY_PASS"": false, ""G12_NONCONSTANT"": false, ""G13_ENGLISH_FULLTEXT_FORMULA_EVIDENCE"": false, ""G14_INDEPENDENT_SECOND_REVIEW_APPROVAL"": false}","[""G03_PRIMARY_OR_FOUNDATIONAL_EVIDENCE"", ""G04_REPRODUCIBLE_DEFINITION_AND_OPERATIONALIZATION"", ""G05_PUBLICATION_TIME"", ""G07_CURRENT_DATA_READY"", ""G11_DATA_QUALITY_PASS"", ""G12_NONCONSTANT"", ""G13_ENGLISH_FULLTEXT_FORMULA_EVIDENCE"", ""G14_INDEPENDENT_SECOND_REVIEW_APPROVAL""]",excluded,RECOVERED_GATE_FAILURE,exact_for_frozen_set_membership_not_original_per_gate_bytes,codex_session_log_nested_membership
EF0266,"{""G01_IN_SCOPE_ROLE"": true, ""G02_ARTICLE_LEVEL"": true, ""G03_PRIMARY_OR_FOUNDATIONAL_EVIDENCE"": false, ""G04_REPRODUCIBLE_DEFINITION_AND_OPERATIONALIZATION"": false, ""G05_PUBLICATION_TIME"": true, ""G06_NO_FUTURE_INFORMATION"": true, ""G07_CURRENT_DATA_READY"": false, ""G08_BIAS_GUARDRAIL"": true, ""G09_NO_FATAL_VALIDITY_CONCERN"": true, ""G10_OUTCOME_BLIND_SELECTION"": true, ""G11_DATA_QUALITY_PASS"": false, ""G12_NONCONSTANT"": false, ""G13_ENGLISH_FULLTEXT_FORMULA_EVIDENCE"": false, ""G14_INDEPENDENT_SECOND_REVIEW_APPROVAL"": false}","[""G03_PRIMARY_OR_FOUNDATIONAL_EVIDENCE"", ""G04_REPRODUCIBLE_DEFINITION_AND_OPERATIONALIZATION"", ""G07_CURRENT_DATA_READY"", ""G11_DATA_QUALITY_PASS"", ""G12_NONCONSTANT"", ""G13_ENGLISH_FULLTEXT_FORMULA_EVIDENCE"", ""G14_INDEPENDENT_SECOND_REVIEW_APPROVAL""]",excluded,RECOVERED_GATE_FAILURE,exact_for_frozen_set_membership_not_original_per_gate_bytes,codex_session_log_nested_membership
EF0267,"{""G01_IN_SCOPE_ROLE"": true, ""G02_ARTICLE_LEVEL"": true, ""G03_PRIMARY_OR_FOUNDATIONAL_EVIDENCE"": false, ""G04_REPRODUCIBLE_DEFINITION_AND_OPERATIONALIZATION"": false, ""G05_PUBLICATION_TIME"": true, ""G06_NO_FUTURE_INFORMATION"": true, ""G07_CURRENT_DATA_READY"": false, ""G08_BIAS_GUARDRAIL"": true, ""G09_NO_FATAL_VALIDITY_CONCERN"": true, ""G10_OUTCOME_BLIND_SELECTION"": true, ""G11_DATA_QUALITY_PASS"": false, ""G12_NONCONSTANT"": false, ""G13_ENGLISH_FULLTEXT_FORMULA_EVIDENCE"": false, ""G14_INDEPENDENT_SECOND_REVIEW_APPROVAL"": false}","[""G03_PRIMARY_OR_FOUNDATIONAL_EVIDENCE"", ""G04_REPRODUCIBLE_DEFINITION_AND_OPERATIONALIZATION"", ""G07_CURRENT_DATA_READY"", ""G11_DATA_QUALITY_PASS"", ""G12_NONCONSTANT"", ""G13_ENGLISH_FULLTEXT_FORMULA_EVIDENCE"", ""G14_INDEPENDENT_SECOND_REVIEW_APPROVAL""]",excluded,RECOVERED_GATE_FAILURE,exact_for_frozen_set_membership_not_original_per_gate_bytes,codex_session_log_nested_membership
EF0268,"{""G01_IN_SCOPE_ROLE"": true, ""G02_ARTICLE_LEVEL"": true, ""G03_PRIMARY_OR_FOUNDATIONAL_EVIDENCE"": false, ""G04_REPRODUCIBLE_DEFINITION_AND_OPERATIONALIZATION"": false, ""G05_PUBLICATION_TIME"": false, ""G06_NO_FUTURE_INFORMATION"": true, ""G07_CURRENT_DATA_READY"": false, ""G08_BIAS_GUARDRAIL"": true, ""G09_NO_FATAL_VALIDITY_CONCERN"": true, ""G10_OUTCOME_BLIND_SELECTION"": true, ""G11_DATA_QUALITY_PASS"": false, ""G12_NONCONSTANT"": false, ""G13_ENGLISH_FULLTEXT_FORMULA_EVIDENCE"": false, ""G14_INDEPENDENT_SECOND_REVIEW_APPROVAL"": false}","[""G03_PRIMARY_OR_FOUNDATIONAL_EVIDENCE"", ""G04_REPRODUCIBLE_DEFINITION_AND_OPERATIONALIZATION"", ""G05_PUBLICATION_TIME"", ""G07_CURRENT_DATA_READY"", ""G11_DATA_QUALITY_PASS"", ""G12_NONCONSTANT"", ""G13_ENGLISH_FULLTEXT_FORMULA_EVIDENCE"", ""G14_INDEPENDENT_SECOND_REVIEW_APPROVAL""]",excluded,RECOVERED_GATE_FAILURE,exact_for_frozen_set_membership_not_original_per_gate_bytes,codex_session_log_nested_membership
EF0269,"{""G01_IN_SCOPE_ROLE"": true, ""G02_ARTICLE_LEVEL"": true, ""G03_PRIMARY_OR_FOUNDATIONAL_EVIDENCE"": false, ""G04_REPRODUCIBLE_DEFINITION_AND_OPERATIONALIZATION"": false, ""G05_PUBLICATION_TIME"": false, ""G06_NO_FUTURE_INFORMATION"": true, ""G07_CURRENT_DATA_READY"": false, ""G08_BIAS_GUARDRAIL"": true, ""G09_NO_FATAL_VALIDITY_CONCERN"": true, ""G10_OUTCOME_BLIND_SELECTION"": true, ""G11_DATA_QUALITY_PASS"": false, ""G12_NONCONSTANT"": false, ""G13_ENGLISH_FULLTEXT_FORMULA_EVIDENCE"": false, ""G14_INDEPENDENT_SECOND_REVIEW_APPROVAL"": false}","[""G03_PRIMARY_OR_FOUNDATIONAL_EVIDENCE"", ""G04_REPRODUCIBLE_DEFINITION_AND_OPERATIONALIZATION"", ""G05_PUBLICATION_TIME"", ""G07_CURRENT_DATA_READY"", ""G11_DATA_QUALITY_PASS"", ""G12_NONCONSTANT"", ""G13_ENGLISH_FULLTEXT_FORMULA_EVIDENCE"", ""G14_INDEPENDENT_SECOND_REVIEW_APPROVAL""]",excluded,RECOVERED_GATE_FAILURE,exact_for_frozen_set_membership_not_original_per_gate_bytes,codex_session_log_nested_membership
EF0270,"{""G01_IN_SCOPE_ROLE"": true, ""G02_ARTICLE_LEVEL"": true, ""G03_PRIMARY_OR_FOUNDATIONAL_EVIDENCE"": false, ""G04_REPRODUCIBLE_DEFINITION_AND_OPERATIONALIZATION"": false, ""G05_PUBLICATION_TIME"": false, ""G06_NO_FUTURE_INFORMATION"": true, ""G07_CURRENT_DATA_READY"": false, ""G08_BIAS_GUARDRAIL"": true, ""G09_NO_FATAL_VALIDITY_CONCERN"": true, ""G10_OUTCOME_BLIND_SELECTION"": true, ""G11_DATA_QUALITY_PASS"": false, ""G12_NONCONSTANT"": false, ""G13_ENGLISH_FULLTEXT_FORMULA_EVIDENCE"": false, ""G14_INDEPENDENT_SECOND_REVIEW_APPROVAL"": false}","[""G03_PRIMARY_OR_FOUNDATIONAL_EVIDENCE"", ""G04_REPRODUCIBLE_DEFINITION_AND_OPERATIONALIZATION"", ""G05_PUBLICATION_TIME"", ""G07_CURRENT_DATA_READY"", ""G11_DATA_QUALITY_PASS"", ""G12_NONCONSTANT"", ""G13_ENGLISH_FULLTEXT_FORMULA_EVIDENCE"", ""G14_INDEPENDENT_SECOND_REVIEW_APPROVAL""]",excluded,RECOVERED_GATE_FAILURE,exact_for_frozen_set_membership_not_original_per_gate_bytes,codex_session_log_nested_membership
EF0271,"{""G01_IN_SCOPE_ROLE"": true, ""G02_ARTICLE_LEVEL"": true, ""G03_PRIMARY_OR_FOUNDATIONAL_EVIDENCE"": false, ""G04_REPRODUCIBLE_DEFINITION_AND_OPERATIONALIZATION"": false, ""G05_PUBLICATION_TIME"": true, ""G06_NO_FUTURE_INFORMATION"": true, ""G07_CURRENT_DATA_READY"": false, ""G08_BIAS_GUARDRAIL"": true, ""G09_NO_FATAL_VALIDITY_CONCERN"": true, ""G10_OUTCOME_BLIND_SELECTION"": true, ""G11_DATA_QUALITY_PASS"": false, ""G12_NONCONSTANT"": false, ""G13_ENGLISH_FULLTEXT_FORMULA_EVIDENCE"": false, ""G14_INDEPENDENT_SECOND_REVIEW_APPROVAL"": false}","[""G03_PRIMARY_OR_FOUNDATIONAL_EVIDENCE"", ""G04_REPRODUCIBLE_DEFINITION_AND_OPERATIONALIZATION"", ""G07_CURRENT_DATA_READY"", ""G11_DATA_QUALITY_PASS"", ""G12_NONCONSTANT"", ""G13_ENGLISH_FULLTEXT_FORMULA_EVIDENCE"", ""G14_INDEPENDENT_SECOND_REVIEW_APPROVAL""]",excluded,RECOVERED_GATE_FAILURE,exact_for_frozen_set_membership_not_original_per_gate_bytes,codex_session_log_nested_membership
EF0272,"{""G01_IN_SCOPE_ROLE"": true, ""G02_ARTICLE_LEVEL"": true, ""G03_PRIMARY_OR_FOUNDATIONAL_EVIDENCE"": true, ""G04_REPRODUCIBLE_DEFINITION_AND_OPERATIONALIZATION"": false, ""G05_PUBLICATION_TIME"": true, ""G06_NO_FUTURE_INFORMATION"": true, ""G07_CURRENT_DATA_READY"": false, ""G08_BIAS_GUARDRAIL"": true, ""G09_NO_FATAL_VALIDITY_CONCERN"": true, ""G10_OUTCOME_BLIND_SELECTION"": true, ""G11_DATA_QUALITY_PASS"": false, ""G12_NONCONSTANT"": false, ""G13_ENGLISH_FULLTEXT_FORMULA_EVIDENCE"": false, ""G14_INDEPENDENT_SECOND_REVIEW_APPROVAL"": false}","[""G04_REPRODUCIBLE_DEFINITION_AND_OPERATIONALIZATION"", ""G07_CURRENT_DATA_READY"", ""G11_DATA_QUALITY_PASS"", ""G12_NONCONSTANT"", ""G13_ENGLISH_FULLTEXT_FORMULA_EVIDENCE"", ""G14_INDEPENDENT_SECOND_REVIEW_APPROVAL""]",excluded,RECOVERED_GATE_FAILURE,exact_for_frozen_set_membership_not_original_per_gate_bytes,codex_session_log_nested_membership
EF0273,"{""G01_IN_SCOPE_ROLE"": true, ""G02_ARTICLE_LEVEL"": true, ""G03_PRIMARY_OR_FOUNDATIONAL_EVIDENCE"": false, ""G04_REPRODUCIBLE_DEFINITION_AND_OPERATIONALIZATION"": false, ""G05_PUBLICATION_TIME"": true, ""G06_NO_FUTURE_INFORMATION"": true, ""G07_CURRENT_DATA_READY"": false, ""G08_BIAS_GUARDRAIL"": true, ""G09_NO_FATAL_VALIDITY_CONCERN"": true, ""G10_OUTCOME_BLIND_SELECTION"": true, ""G11_DATA_QUALITY_PASS"": false, ""G12_NONCONSTANT"": false, ""G13_ENGLISH_FULLTEXT_FORMULA_EVIDENCE"": false, ""G14_INDEPENDENT_SECOND_REVIEW_APPROVAL"": false}","[""G03_PRIMARY_OR_FOUNDATIONAL_EVIDENCE"", ""G04_REPRODUCIBLE_DEFINITION_AND_OPERATIONALIZATION"", ""G07_CURRENT_DATA_READY"", ""G11_DATA_QUALITY_PASS"", ""G12_NONCONSTANT"", ""G13_ENGLISH_FULLTEXT_FORMULA_EVIDENCE"", ""G14_INDEPENDENT_SECOND_REVIEW_APPROVAL""]",excluded,RECOVERED_GATE_FAILURE,exact_for_frozen_set_membership_not_original_per_gate_bytes,codex_session_log_nested_membership
EF0274,"{""G01_IN_SCOPE_ROLE"": true, ""G02_ARTICLE_LEVEL"": true, ""G03_PRIMARY_OR_FOUNDATIONAL_EVIDENCE"": false, ""G04_REPRODUCIBLE_DEFINITION_AND_OPERATIONALIZATION"": false, ""G05_PUBLICATION_TIME"": false, ""G06_NO_FUTURE_INFORMATION"": true, ""G07_CURRENT_DATA_READY"": false, ""G08_BIAS_GUARDRAIL"": true, ""G09_NO_FATAL_VALIDITY_CONCERN"": true, ""G10_OUTCOME_BLIND_SELECTION"": true, ""G11_DATA_QUALITY_PASS"": false, ""G12_NONCONSTANT"": false, ""G13_ENGLISH_FULLTEXT_FORMULA_EVIDENCE"": false, ""G14_INDEPENDENT_SECOND_REVIEW_APPROVAL"": false}","[""G03_PRIMARY_OR_FOUNDATIONAL_EVIDENCE"", ""G04_REPRODUCIBLE_DEFINITION_AND_OPERATIONALIZATION"", ""G05_PUBLICATION_TIME"", ""G07_CURRENT_DATA_READY"", ""G11_DATA_QUALITY_PASS"", ""G12_NONCONSTANT"", ""G13_ENGLISH_FULLTEXT_FORMULA_EVIDENCE"", ""G14_INDEPENDENT_SECOND_REVIEW_APPROVAL""]",excluded,RECOVERED_GATE_FAILURE,exact_for_frozen_set_membership_not_original_per_gate_bytes,codex_session_log_nested_membership
EF0275,"{""G01_IN_SCOPE_ROLE"": true, ""G02_ARTICLE_LEVEL"": true, ""G03_PRIMARY_OR_FOUNDATIONAL_EVIDENCE"": false, ""G04_REPRODUCIBLE_DEFINITION_AND_OPERATIONALIZATION"": false, ""G05_PUBLICATION_TIME"": false, ""G06_NO_FUTURE_INFORMATION"": true, ""G07_CURRENT_DATA_READY"": false, ""G08_BIAS_GUARDRAIL"": true, ""G09_NO_FATAL_VALIDITY_CONCERN"": true, ""G10_OUTCOME_BLIND_SELECTION"": true, ""G11_DATA_QUALITY_PASS"": false, ""G12_NONCONSTANT"": false, ""G13_ENGLISH_FULLTEXT_FORMULA_EVIDENCE"": false, ""G14_INDEPENDENT_SECOND_REVIEW_APPROVAL"": false}","[""G03_PRIMARY_OR_FOUNDATIONAL_EVIDENCE"", ""G04_REPRODUCIBLE_DEFINITION_AND_OPERATIONALIZATION"", ""G05_PUBLICATION_TIME"", ""G07_CURRENT_DATA_READY"", ""G11_DATA_QUALITY_PASS"", ""G12_NONCONSTANT"", ""G13_ENGLISH_FULLTEXT_FORMULA_EVIDENCE"", ""G14_INDEPENDENT_SECOND_REVIEW_APPROVAL""]",excluded,RECOVERED_GATE_FAILURE,exact_for_frozen_set_membership_not_original_per_gate_bytes,codex_session_log_nested_membership
EF0276,"{""G01_IN_SCOPE_ROLE"": true, ""G02_ARTICLE_LEVEL"": true, ""G03_PRIMARY_OR_FOUNDATIONAL_EVIDENCE"": false, ""G04_REPRODUCIBLE_DEFINITION_AND_OPERATIONALIZATION"": false, ""G05_PUBLICATION_TIME"": true, ""G06_NO_FUTURE_INFORMATION"": true, ""G07_CURRENT_DATA_READY"": false, ""G08_BIAS_GUARDRAIL"": true, ""G09_NO_FATAL_VALIDITY_CONCERN"": true, ""G10_OUTCOME_BLIND_SELECTION"": true, ""G11_DATA_QUALITY_PASS"": false, ""G12_NONCONSTANT"": false, ""G13_ENGLISH_FULLTEXT_FORMULA_EVIDENCE"": false, ""G14_INDEPENDENT_SECOND_REVIEW_APPROVAL"": false}","[""G03_PRIMARY_OR_FOUNDATIONAL_EVIDENCE"", ""G04_REPRODUCIBLE_DEFINITION_AND_OPERATIONALIZATION"", ""G07_CURRENT_DATA_READY"", ""G11_DATA_QUALITY_PASS"", ""G12_NONCONSTANT"", ""G13_ENGLISH_FULLTEXT_FORMULA_EVIDENCE"", ""G14_INDEPENDENT_SECOND_REVIEW_APPROVAL""]",excluded,RECOVERED_GATE_FAILURE,exact_for_frozen_set_membership_not_original_per_gate_bytes,codex_session_log_nested_membership
EF0277,"{""G01_IN_SCOPE_ROLE"": true, ""G02_ARTICLE_LEVEL"": true, ""G03_PRIMARY_OR_FOUNDATIONAL_EVIDENCE"": false, ""G04_REPRODUCIBLE_DEFINITION_AND_OPERATIONALIZATION"": false, ""G05_PUBLICATION_TIME"": false, ""G06_NO_FUTURE_INFORMATION"": true, ""G07_CURRENT_DATA_READY"": false, ""G08_BIAS_GUARDRAIL"": true, ""G09_NO_FATAL_VALIDITY_CONCERN"": true, ""G10_OUTCOME_BLIND_SELECTION"": true, ""G11_DATA_QUALITY_PASS"": false, ""G12_NONCONSTANT"": false, ""G13_ENGLISH_FULLTEXT_FORMULA_EVIDENCE"": false, ""G14_INDEPENDENT_SECOND_REVIEW_APPROVAL"": false}","[""G03_PRIMARY_OR_FOUNDATIONAL_EVIDENCE"", ""G04_REPRODUCIBLE_DEFINITION_AND_OPERATIONALIZATION"", ""G05_PUBLICATION_TIME"", ""G07_CURRENT_DATA_READY"", ""G11_DATA_QUALITY_PASS"", ""G12_NONCONSTANT"", ""G13_ENGLISH_FULLTEXT_FORMULA_EVIDENCE"", ""G14_INDEPENDENT_SECOND_REVIEW_APPROVAL""]",excluded,RECOVERED_GATE_FAILURE,exact_for_frozen_set_membership_not_original_per_gate_bytes,codex_session_log_nested_membership
EF0278,"{""G01_IN_SCOPE_ROLE"": true, ""G02_ARTICLE_LEVEL"": true, ""G03_PRIMARY_OR_FOUNDATIONAL_EVIDENCE"": false, ""G04_REPRODUCIBLE_DEFINITION_AND_OPERATIONALIZATION"": false, ""G05_PUBLICATION_TIME"": false, ""G06_NO_FUTURE_INFORMATION"": true, ""G07_CURRENT_DATA_READY"": false, ""G08_BIAS_GUARDRAIL"": true, ""G09_NO_FATAL_VALIDITY_CONCERN"": true, ""G10_OUTCOME_BLIND_SELECTION"": true, ""G11_DATA_QUALITY_PASS"": false, ""G12_NONCONSTANT"": false, ""G13_ENGLISH_FULLTEXT_FORMULA_EVIDENCE"": false, ""G14_INDEPENDENT_SECOND_REVIEW_APPROVAL"": false}","[""G03_PRIMARY_OR_FOUNDATIONAL_EVIDENCE"", ""G04_REPRODUCIBLE_DEFINITION_AND_OPERATIONALIZATION"", ""G05_PUBLICATION_TIME"", ""G07_CURRENT_DATA_READY"", ""G11_DATA_QUALITY_PASS"", ""G12_NONCONSTANT"", ""G13_ENGLISH_FULLTEXT_FORMULA_EVIDENCE"", ""G14_INDEPENDENT_SECOND_REVIEW_APPROVAL""]",excluded,RECOVERED_GATE_FAILURE,exact_for_frozen_set_membership_not_original_per_gate_bytes,codex_session_log_nested_membership
EF0279,"{""G01_IN_SCOPE_ROLE"": true, ""G02_ARTICLE_LEVEL"": true, ""G03_PRIMARY_OR_FOUNDATIONAL_EVIDENCE"": true, ""G04_REPRODUCIBLE_DEFINITION_AND_OPERATIONALIZATION"": false, ""G05_PUBLICATION_TIME"": true, ""G06_NO_FUTURE_INFORMATION"": true, ""G07_CURRENT_DATA_READY"": false, ""G08_BIAS_GUARDRAIL"": true, ""G09_NO_FATAL_VALIDITY_CONCERN"": true, ""G10_OUTCOME_BLIND_SELECTION"": true, ""G11_DATA_QUALITY_PASS"": false, ""G12_NONCONSTANT"": false, ""G13_ENGLISH_FULLTEXT_FORMULA_EVIDENCE"": false, ""G14_INDEPENDENT_SECOND_REVIEW_APPROVAL"": false}","[""G04_REPRODUCIBLE_DEFINITION_AND_OPERATIONALIZATION"", ""G07_CURRENT_DATA_READY"", ""G11_DATA_QUALITY_PASS"", ""G12_NONCONSTANT"", ""G13_ENGLISH_FULLTEXT_FORMULA_EVIDENCE"", ""G14_INDEPENDENT_SECOND_REVIEW_APPROVAL""]",excluded,RECOVERED_GATE_FAILURE,exact_for_frozen_set_membership_not_original_per_gate_bytes,codex_session_log_nested_membership
EF0280,"{""G01_IN_SCOPE_ROLE"": true, ""G02_ARTICLE_LEVEL"": true, ""G03_PRIMARY_OR_FOUNDATIONAL_EVIDENCE"": false, ""G04_REPRODUCIBLE_DEFINITION_AND_OPERATIONALIZATION"": false, ""G05_PUBLICATION_TIME"": true, ""G06_NO_FUTURE_INFORMATION"": true, ""G07_CURRENT_DATA_READY"": false, ""G08_BIAS_GUARDRAIL"": true, ""G09_NO_FATAL_VALIDITY_CONCERN"": true, ""G10_OUTCOME_BLIND_SELECTION"": true, ""G11_DATA_QUALITY_PASS"": false, ""G12_NONCONSTANT"": false, ""G13_ENGLISH_FULLTEXT_FORMULA_EVIDENCE"": false, ""G14_INDEPENDENT_SECOND_REVIEW_APPROVAL"": false}","[""G03_PRIMARY_OR_FOUNDATIONAL_EVIDENCE"", ""G04_REPRODUCIBLE_DEFINITION_AND_OPERATIONALIZATION"", ""G07_CURRENT_DATA_READY"", ""G11_DATA_QUALITY_PASS"", ""G12_NONCONSTANT"", ""G13_ENGLISH_FULLTEXT_FORMULA_EVIDENCE"", ""G14_INDEPENDENT_SECOND_REVIEW_APPROVAL""]",excluded,RECOVERED_GATE_FAILURE,exact_for_frozen_set_membership_not_original_per_gate_bytes,codex_session_log_nested_membership
EF0281,"{""G01_IN_SCOPE_ROLE"": true, ""G02_ARTICLE_LEVEL"": true, ""G03_PRIMARY_OR_FOUNDATIONAL_EVIDENCE"": false, ""G04_REPRODUCIBLE_DEFINITION_AND_OPERATIONALIZATION"": false, ""G05_PUBLICATION_TIME"": true, ""G06_NO_FUTURE_INFORMATION"": true, ""G07_CURRENT_DATA_READY"": false, ""G08_BIAS_GUARDRAIL"": true, ""G09_NO_FATAL_VALIDITY_CONCERN"": true, ""G10_OUTCOME_BLIND_SELECTION"": true, ""G11_DATA_QUALITY_PASS"": false, ""G12_NONCONSTANT"": false, ""G13_ENGLISH_FULLTEXT_FORMULA_EVIDENCE"": false, ""G14_INDEPENDENT_SECOND_REVIEW_APPROVAL"": false}","[""G03_PRIMARY_OR_FOUNDATIONAL_EVIDENCE"", ""G04_REPRODUCIBLE_DEFINITION_AND_OPERATIONALIZATION"", ""G07_CURRENT_DATA_READY"", ""G11_DATA_QUALITY_PASS"", ""G12_NONCONSTANT"", ""G13_ENGLISH_FULLTEXT_FORMULA_EVIDENCE"", ""G14_INDEPENDENT_SECOND_REVIEW_APPROVAL""]",excluded,RECOVERED_GATE_FAILURE,exact_for_frozen_set_membership_not_original_per_gate_bytes,codex_session_log_nested_membership
EF0282,"{""G01_IN_SCOPE_ROLE"": true, ""G02_ARTICLE_LEVEL"": true, ""G03_PRIMARY_OR_FOUNDATIONAL_EVIDENCE"": true, ""G04_REPRODUCIBLE_DEFINITION_AND_OPERATIONALIZATION"": false, ""G05_PUBLICATION_TIME"": true, ""G06_NO_FUTURE_INFORMATION"": true, ""G07_CURRENT_DATA_READY"": false, ""G08_BIAS_GUARDRAIL"": true, ""G09_NO_FATAL_VALIDITY_CONCERN"": true, ""G10_OUTCOME_BLIND_SELECTION"": true, ""G11_DATA_QUALITY_PASS"": false, ""G12_NONCONSTANT"": false, ""G13_ENGLISH_FULLTEXT_FORMULA_EVIDENCE"": false, ""G14_INDEPENDENT_SECOND_REVIEW_APPROVAL"": false}","[""G04_REPRODUCIBLE_DEFINITION_AND_OPERATIONALIZATION"", ""G07_CURRENT_DATA_READY"", ""G11_DATA_QUALITY_PASS"", ""G12_NONCONSTANT"", ""G13_ENGLISH_FULLTEXT_FORMULA_EVIDENCE"", ""G14_INDEPENDENT_SECOND_REVIEW_APPROVAL""]",excluded,RECOVERED_GATE_FAILURE,exact_for_frozen_set_membership_not_original_per_gate_bytes,codex_session_log_nested_membership
EF0283,"{""G01_IN_SCOPE_ROLE"": true, ""G02_ARTICLE_LEVEL"": true, ""G03_PRIMARY_OR_FOUNDATIONAL_EVIDENCE"": true, ""G04_REPRODUCIBLE_DEFINITION_AND_OPERATIONALIZATION"": false, ""G05_PUBLICATION_TIME"": true, ""G06_NO_FUTURE_INFORMATION"": true, ""G07_CURRENT_DATA_READY"": false, ""G08_BIAS_GUARDRAIL"": true, ""G09_NO_FATAL_VALIDITY_CONCERN"": true, ""G10_OUTCOME_BLIND_SELECTION"": true, ""G11_DATA_QUALITY_PASS"": false, ""G12_NONCONSTANT"": false, ""G13_ENGLISH_FULLTEXT_FORMULA_EVIDENCE"": false, ""G14_INDEPENDENT_SECOND_REVIEW_APPROVAL"": false}","[""G04_REPRODUCIBLE_DEFINITION_AND_OPERATIONALIZATION"", ""G07_CURRENT_DATA_READY"", ""G11_DATA_QUALITY_PASS"", ""G12_NONCONSTANT"", ""G13_ENGLISH_FULLTEXT_FORMULA_EVIDENCE"", ""G14_INDEPENDENT_SECOND_REVIEW_APPROVAL""]",excluded,RECOVERED_GATE_FAILURE,exact_for_frozen_set_membership_not_original_per_gate_bytes,codex_session_log_nested_membership
EF0284,"{""G01_IN_SCOPE_ROLE"": true, ""G02_ARTICLE_LEVEL"": true, ""G03_PRIMARY_OR_FOUNDATIONAL_EVIDENCE"": true, ""G04_REPRODUCIBLE_DEFINITION_AND_OPERATIONALIZATION"": false, ""G05_PUBLICATION_TIME"": true, ""G06_NO_FUTURE_INFORMATION"": true, ""G07_CURRENT_DATA_READY"": false, ""G08_BIAS_GUARDRAIL"": true, ""G09_NO_FATAL_VALIDITY_CONCERN"": true, ""G10_OUTCOME_BLIND_SELECTION"": true, ""G11_DATA_QUALITY_PASS"": false, ""G12_NONCONSTANT"": false, ""G13_ENGLISH_FULLTEXT_FORMULA_EVIDENCE"": false, ""G14_INDEPENDENT_SECOND_REVIEW_APPROVAL"": false}","[""G04_REPRODUCIBLE_DEFINITION_AND_OPERATIONALIZATION"", ""G07_CURRENT_DATA_READY"", ""G11_DATA_QUALITY_PASS"", ""G12_NONCONSTANT"", ""G13_ENGLISH_FULLTEXT_FORMULA_EVIDENCE"", ""G14_INDEPENDENT_SECOND_REVIEW_APPROVAL""]",excluded,RECOVERED_GATE_FAILURE,exact_for_frozen_set_membership_not_original_per_gate_bytes,codex_session_log_nested_membership
EF0285,"{""G01_IN_SCOPE_ROLE"": true, ""G02_ARTICLE_LEVEL"": true, ""G03_PRIMARY_OR_FOUNDATIONAL_EVIDENCE"": false, ""G04_REPRODUCIBLE_DEFINITION_AND_OPERATIONALIZATION"": false, ""G05_PUBLICATION_TIME"": false, ""G06_NO_FUTURE_INFORMATION"": true, ""G07_CURRENT_DATA_READY"": false, ""G08_BIAS_GUARDRAIL"": true, ""G09_NO_FATAL_VALIDITY_CONCERN"": true, ""G10_OUTCOME_BLIND_SELECTION"": true, ""G11_DATA_QUALITY_PASS"": false, ""G12_NONCONSTANT"": false, ""G13_ENGLISH_FULLTEXT_FORMULA_EVIDENCE"": false, ""G14_INDEPENDENT_SECOND_REVIEW_APPROVAL"": false}","[""G03_PRIMARY_OR_FOUNDATIONAL_EVIDENCE"", ""G04_REPRODUCIBLE_DEFINITION_AND_OPERATIONALIZATION"", ""G05_PUBLICATION_TIME"", ""G07_CURRENT_DATA_READY"", ""G11_DATA_QUALITY_PASS"", ""G12_NONCONSTANT"", ""G13_ENGLISH_FULLTEXT_FORMULA_EVIDENCE"", ""G14_INDEPENDENT_SECOND_REVIEW_APPROVAL""]",excluded,RECOVERED_GATE_FAILURE,exact_for_frozen_set_membership_not_original_per_gate_bytes,codex_session_log_nested_membership
EF0286,"{""G01_IN_SCOPE_ROLE"": true, ""G02_ARTICLE_LEVEL"": true, ""G03_PRIMARY_OR_FOUNDATIONAL_EVIDENCE"": false, ""G04_REPRODUCIBLE_DEFINITION_AND_OPERATIONALIZATION"": false, ""G05_PUBLICATION_TIME"": false, ""G06_NO_FUTURE_INFORMATION"": true, ""G07_CURRENT_DATA_READY"": false, ""G08_BIAS_GUARDRAIL"": true, ""G09_NO_FATAL_VALIDITY_CONCERN"": true, ""G10_OUTCOME_BLIND_SELECTION"": true, ""G11_DATA_QUALITY_PASS"": false, ""G12_NONCONSTANT"": false, ""G13_ENGLISH_FULLTEXT_FORMULA_EVIDENCE"": false, ""G14_INDEPENDENT_SECOND_REVIEW_APPROVAL"": false}","[""G03_PRIMARY_OR_FOUNDATIONAL_EVIDENCE"", ""G04_REPRODUCIBLE_DEFINITION_AND_OPERATIONALIZATION"", ""G05_PUBLICATION_TIME"", ""G07_CURRENT_DATA_READY"", ""G11_DATA_QUALITY_PASS"", ""G12_NONCONSTANT"", ""G13_ENGLISH_FULLTEXT_FORMULA_EVIDENCE"", ""G14_INDEPENDENT_SECOND_REVIEW_APPROVAL""]",excluded,RECOVERED_GATE_FAILURE,exact_for_frozen_set_membership_not_original_per_gate_bytes,codex_session_log_nested_membership
EF0287,"{""G01_IN_SCOPE_ROLE"": true, ""G02_ARTICLE_LEVEL"": true, ""G03_PRIMARY_OR_FOUNDATIONAL_EVIDENCE"": true, ""G04_REPRODUCIBLE_DEFINITION_AND_OPERATIONALIZATION"": false, ""G05_PUBLICATION_TIME"": true, ""G06_NO_FUTURE_INFORMATION"": true, ""G07_CURRENT_DATA_READY"": false, ""G08_BIAS_GUARDRAIL"": true, ""G09_NO_FATAL_VALIDITY_CONCERN"": true, ""G10_OUTCOME_BLIND_SELECTION"": true, ""G11_DATA_QUALITY_PASS"": false, ""G12_NONCONSTANT"": false, ""G13_ENGLISH_FULLTEXT_FORMULA_EVIDENCE"": false, ""G14_INDEPENDENT_SECOND_REVIEW_APPROVAL"": false}","[""G04_REPRODUCIBLE_DEFINITION_AND_OPERATIONALIZATION"", ""G07_CURRENT_DATA_READY"", ""G11_DATA_QUALITY_PASS"", ""G12_NONCONSTANT"", ""G13_ENGLISH_FULLTEXT_FORMULA_EVIDENCE"", ""G14_INDEPENDENT_SECOND_REVIEW_APPROVAL""]",excluded,RECOVERED_GATE_FAILURE,exact_for_frozen_set_membership_not_original_per_gate_bytes,codex_session_log_nested_membership
EF0288,"{""G01_IN_SCOPE_ROLE"": true, ""G02_ARTICLE_LEVEL"": true, ""G03_PRIMARY_OR_FOUNDATIONAL_EVIDENCE"": false, ""G04_REPRODUCIBLE_DEFINITION_AND_OPERATIONALIZATION"": false, ""G05_PUBLICATION_TIME"": true, ""G06_NO_FUTURE_INFORMATION"": true, ""G07_CURRENT_DATA_READY"": false, ""G08_BIAS_GUARDRAIL"": true, ""G09_NO_FATAL_VALIDITY_CONCERN"": true, ""G10_OUTCOME_BLIND_SELECTION"": true, ""G11_DATA_QUALITY_PASS"": false, ""G12_NONCONSTANT"": false, ""G13_ENGLISH_FULLTEXT_FORMULA_EVIDENCE"": false, ""G14_INDEPENDENT_SECOND_REVIEW_APPROVAL"": false}","[""G03_PRIMARY_OR_FOUNDATIONAL_EVIDENCE"", ""G04_REPRODUCIBLE_DEFINITION_AND_OPERATIONALIZATION"", ""G07_CURRENT_DATA_READY"", ""G11_DATA_QUALITY_PASS"", ""G12_NONCONSTANT"", ""G13_ENGLISH_FULLTEXT_FORMULA_EVIDENCE"", ""G14_INDEPENDENT_SECOND_REVIEW_APPROVAL""]",excluded,RECOVERED_GATE_FAILURE,exact_for_frozen_set_membership_not_original_per_gate_bytes,codex_session_log_nested_membership
EF0289,"{""G01_IN_SCOPE_ROLE"": true, ""G02_ARTICLE_LEVEL"": true, ""G03_PRIMARY_OR_FOUNDATIONAL_EVIDENCE"": true, ""G04_REPRODUCIBLE_DEFINITION_AND_OPERATIONALIZATION"": false, ""G05_PUBLICATION_TIME"": true, ""G06_NO_FUTURE_INFORMATION"": true, ""G07_CURRENT_DATA_READY"": false, ""G08_BIAS_GUARDRAIL"": true, ""G09_NO_FATAL_VALIDITY_CONCERN"": true, ""G10_OUTCOME_BLIND_SELECTION"": true, ""G11_DATA_QUALITY_PASS"": false, ""G12_NONCONSTANT"": false, ""G13_ENGLISH_FULLTEXT_FORMULA_EVIDENCE"": false, ""G14_INDEPENDENT_SECOND_REVIEW_APPROVAL"": false}","[""G04_REPRODUCIBLE_DEFINITION_AND_OPERATIONALIZATION"", ""G07_CURRENT_DATA_READY"", ""G11_DATA_QUALITY_PASS"", ""G12_NONCONSTANT"", ""G13_ENGLISH_FULLTEXT_FORMULA_EVIDENCE"", ""G14_INDEPENDENT_SECOND_REVIEW_APPROVAL""]",excluded,RECOVERED_GATE_FAILURE,exact_for_frozen_set_membership_not_original_per_gate_bytes,codex_session_log_nested_membership
EF0290,"{""G01_IN_SCOPE_ROLE"": true, ""G02_ARTICLE_LEVEL"": true, ""G03_PRIMARY_OR_FOUNDATIONAL_EVIDENCE"": false, ""G04_REPRODUCIBLE_DEFINITION_AND_OPERATIONALIZATION"": false, ""G05_PUBLICATION_TIME"": false, ""G06_NO_FUTURE_INFORMATION"": true, ""G07_CURRENT_DATA_READY"": false, ""G08_BIAS_GUARDRAIL"": true, ""G09_NO_FATAL_VALIDITY_CONCERN"": true, ""G10_OUTCOME_BLIND_SELECTION"": true, ""G11_DATA_QUALITY_PASS"": false, ""G12_NONCONSTANT"": false, ""G13_ENGLISH_FULLTEXT_FORMULA_EVIDENCE"": false, ""G14_INDEPENDENT_SECOND_REVIEW_APPROVAL"": false}","[""G03_PRIMARY_OR_FOUNDATIONAL_EVIDENCE"", ""G04_REPRODUCIBLE_DEFINITION_AND_OPERATIONALIZATION"", ""G05_PUBLICATION_TIME"", ""G07_CURRENT_DATA_READY"", ""G11_DATA_QUALITY_PASS"", ""G12_NONCONSTANT"", ""G13_ENGLISH_FULLTEXT_FORMULA_EVIDENCE"", ""G14_INDEPENDENT_SECOND_REVIEW_APPROVAL""]",excluded,RECOVERED_GATE_FAILURE,exact_for_frozen_set_membership_not_original_per_gate_bytes,codex_session_log_nested_membership
EF0291,"{""G01_IN_SCOPE_ROLE"": true, ""G02_ARTICLE_LEVEL"": true, ""G03_PRIMARY_OR_FOUNDATIONAL_EVIDENCE"": false, ""G04_REPRODUCIBLE_DEFINITION_AND_OPERATIONALIZATION"": false, ""G05_PUBLICATION_TIME"": false, ""G06_NO_FUTURE_INFORMATION"": true, ""G07_CURRENT_DATA_READY"": false, ""G08_BIAS_GUARDRAIL"": true, ""G09_NO_FATAL_VALIDITY_CONCERN"": true, ""G10_OUTCOME_BLIND_SELECTION"": true, ""G11_DATA_QUALITY_PASS"": false, ""G12_NONCONSTANT"": false, ""G13_ENGLISH_FULLTEXT_FORMULA_EVIDENCE"": false, ""G14_INDEPENDENT_SECOND_REVIEW_APPROVAL"": false}","[""G03_PRIMARY_OR_FOUNDATIONAL_EVIDENCE"", ""G04_REPRODUCIBLE_DEFINITION_AND_OPERATIONALIZATION"", ""G05_PUBLICATION_TIME"", ""G07_CURRENT_DATA_READY"", ""G11_DATA_QUALITY_PASS"", ""G12_NONCONSTANT"", ""G13_ENGLISH_FULLTEXT_FORMULA_EVIDENCE"", ""G14_INDEPENDENT_SECOND_REVIEW_APPROVAL""]",excluded,RECOVERED_GATE_FAILURE,exact_for_frozen_set_membership_not_original_per_gate_bytes,codex_session_log_nested_membership
EF0292,"{""G01_IN_SCOPE_ROLE"": true, ""G02_ARTICLE_LEVEL"": true, ""G03_PRIMARY_OR_FOUNDATIONAL_EVIDENCE"": false, ""G04_REPRODUCIBLE_DEFINITION_AND_OPERATIONALIZATION"": false, ""G05_PUBLICATION_TIME"": false, ""G06_NO_FUTURE_INFORMATION"": true, ""G07_CURRENT_DATA_READY"": false, ""G08_BIAS_GUARDRAIL"": true, ""G09_NO_FATAL_VALIDITY_CONCERN"": true, ""G10_OUTCOME_BLIND_SELECTION"": true, ""G11_DATA_QUALITY_PASS"": false, ""G12_NONCONSTANT"": false, ""G13_ENGLISH_FULLTEXT_FORMULA_EVIDENCE"": false, ""G14_INDEPENDENT_SECOND_REVIEW_APPROVAL"": false}","[""G03_PRIMARY_OR_FOUNDATIONAL_EVIDENCE"", ""G04_REPRODUCIBLE_DEFINITION_AND_OPERATIONALIZATION"", ""G05_PUBLICATION_TIME"", ""G07_CURRENT_DATA_READY"", ""G11_DATA_QUALITY_PASS"", ""G12_NONCONSTANT"", ""G13_ENGLISH_FULLTEXT_FORMULA_EVIDENCE"", ""G14_INDEPENDENT_SECOND_REVIEW_APPROVAL""]",excluded,RECOVERED_GATE_FAILURE,exact_for_frozen_set_membership_not_original_per_gate_bytes,codex_session_log_nested_membership
EF0293,"{""G01_IN_SCOPE_ROLE"": true, ""G02_ARTICLE_LEVEL"": true, ""G03_PRIMARY_OR_FOUNDATIONAL_EVIDENCE"": false, ""G04_REPRODUCIBLE_DEFINITION_AND_OPERATIONALIZATION"": false, ""G05_PUBLICATION_TIME"": false, ""G06_NO_FUTURE_INFORMATION"": true, ""G07_CURRENT_DATA_READY"": false, ""G08_BIAS_GUARDRAIL"": true, ""G09_NO_FATAL_VALIDITY_CONCERN"": true, ""G10_OUTCOME_BLIND_SELECTION"": true, ""G11_DATA_QUALITY_PASS"": false, ""G12_NONCONSTANT"": false, ""G13_ENGLISH_FULLTEXT_FORMULA_EVIDENCE"": false, ""G14_INDEPENDENT_SECOND_REVIEW_APPROVAL"": false}","[""G03_PRIMARY_OR_FOUNDATIONAL_EVIDENCE"", ""G04_REPRODUCIBLE_DEFINITION_AND_OPERATIONALIZATION"", ""G05_PUBLICATION_TIME"", ""G07_CURRENT_DATA_READY"", ""G11_DATA_QUALITY_PASS"", ""G12_NONCONSTANT"", ""G13_ENGLISH_FULLTEXT_FORMULA_EVIDENCE"", ""G14_INDEPENDENT_SECOND_REVIEW_APPROVAL""]",excluded,RECOVERED_GATE_FAILURE,exact_for_frozen_set_membership_not_original_per_gate_bytes,codex_session_log_nested_membership
EF0294,"{""G01_IN_SCOPE_ROLE"": true, ""G02_ARTICLE_LEVEL"": true, ""G03_PRIMARY_OR_FOUNDATIONAL_EVIDENCE"": false, ""G04_REPRODUCIBLE_DEFINITION_AND_OPERATIONALIZATION"": false, ""G05_PUBLICATION_TIME"": false, ""G06_NO_FUTURE_INFORMATION"": true, ""G07_CURRENT_DATA_READY"": false, ""G08_BIAS_GUARDRAIL"": true, ""G09_NO_FATAL_VALIDITY_CONCERN"": true, ""G10_OUTCOME_BLIND_SELECTION"": true, ""G11_DATA_QUALITY_PASS"": false, ""G12_NONCONSTANT"": false, ""G13_ENGLISH_FULLTEXT_FORMULA_EVIDENCE"": false, ""G14_INDEPENDENT_SECOND_REVIEW_APPROVAL"": false}","[""G03_PRIMARY_OR_FOUNDATIONAL_EVIDENCE"", ""G04_REPRODUCIBLE_DEFINITION_AND_OPERATIONALIZATION"", ""G05_PUBLICATION_TIME"", ""G07_CURRENT_DATA_READY"", ""G11_DATA_QUALITY_PASS"", ""G12_NONCONSTANT"", ""G13_ENGLISH_FULLTEXT_FORMULA_EVIDENCE"", ""G14_INDEPENDENT_SECOND_REVIEW_APPROVAL""]",excluded,RECOVERED_GATE_FAILURE,exact_for_frozen_set_membership_not_original_per_gate_bytes,codex_session_log_nested_membership
EF0295,"{""G01_IN_SCOPE_ROLE"": true, ""G02_ARTICLE_LEVEL"": true, ""G03_PRIMARY_OR_FOUNDATIONAL_EVIDENCE"": false, ""G04_REPRODUCIBLE_DEFINITION_AND_OPERATIONALIZATION"": false, ""G05_PUBLICATION_TIME"": false, ""G06_NO_FUTURE_INFORMATION"": true, ""G07_CURRENT_DATA_READY"": false, ""G08_BIAS_GUARDRAIL"": true, ""G09_NO_FATAL_VALIDITY_CONCERN"": true, ""G10_OUTCOME_BLIND_SELECTION"": true, ""G11_DATA_QUALITY_PASS"": false, ""G12_NONCONSTANT"": false, ""G13_ENGLISH_FULLTEXT_FORMULA_EVIDENCE"": false, ""G14_INDEPENDENT_SECOND_REVIEW_APPROVAL"": false}","[""G03_PRIMARY_OR_FOUNDATIONAL_EVIDENCE"", ""G04_REPRODUCIBLE_DEFINITION_AND_OPERATIONALIZATION"", ""G05_PUBLICATION_TIME"", ""G07_CURRENT_DATA_READY"", ""G11_DATA_QUALITY_PASS"", ""G12_NONCONSTANT"", ""G13_ENGLISH_FULLTEXT_FORMULA_EVIDENCE"", ""G14_INDEPENDENT_SECOND_REVIEW_APPROVAL""]",excluded,RECOVERED_GATE_FAILURE,exact_for_frozen_set_membership_not_original_per_gate_bytes,codex_session_log_nested_membership
EF0296,"{""G01_IN_SCOPE_ROLE"": true, ""G02_ARTICLE_LEVEL"": true, ""G03_PRIMARY_OR_FOUNDATIONAL_EVIDENCE"": false, ""G04_REPRODUCIBLE_DEFINITION_AND_OPERATIONALIZATION"": false, ""G05_PUBLICATION_TIME"": false, ""G06_NO_FUTURE_INFORMATION"": true, ""G07_CURRENT_DATA_READY"": false, ""G08_BIAS_GUARDRAIL"": true, ""G09_NO_FATAL_VALIDITY_CONCERN"": true, ""G10_OUTCOME_BLIND_SELECTION"": true, ""G11_DATA_QUALITY_PASS"": false, ""G12_NONCONSTANT"": false, ""G13_ENGLISH_FULLTEXT_FORMULA_EVIDENCE"": false, ""G14_INDEPENDENT_SECOND_REVIEW_APPROVAL"": false}","[""G03_PRIMARY_OR_FOUNDATIONAL_EVIDENCE"", ""G04_REPRODUCIBLE_DEFINITION_AND_OPERATIONALIZATION"", ""G05_PUBLICATION_TIME"", ""G07_CURRENT_DATA_READY"", ""G11_DATA_QUALITY_PASS"", ""G12_NONCONSTANT"", ""G13_ENGLISH_FULLTEXT_FORMULA_EVIDENCE"", ""G14_INDEPENDENT_SECOND_REVIEW_APPROVAL""]",excluded,RECOVERED_GATE_FAILURE,exact_for_frozen_set_membership_not_original_per_gate_bytes,codex_session_log_nested_membership
EF0297,"{""G01_IN_SCOPE_ROLE"": true, ""G02_ARTICLE_LEVEL"": true, ""G03_PRIMARY_OR_FOUNDATIONAL_EVIDENCE"": false, ""G04_REPRODUCIBLE_DEFINITION_AND_OPERATIONALIZATION"": false, ""G05_PUBLICATION_TIME"": false, ""G06_NO_FUTURE_INFORMATION"": true, ""G07_CURRENT_DATA_READY"": false, ""G08_BIAS_GUARDRAIL"": true, ""G09_NO_FATAL_VALIDITY_CONCERN"": true, ""G10_OUTCOME_BLIND_SELECTION"": true, ""G11_DATA_QUALITY_PASS"": false, ""G12_NONCONSTANT"": false, ""G13_ENGLISH_FULLTEXT_FORMULA_EVIDENCE"": false, ""G14_INDEPENDENT_SECOND_REVIEW_APPROVAL"": false}","[""G03_PRIMARY_OR_FOUNDATIONAL_EVIDENCE"", ""G04_REPRODUCIBLE_DEFINITION_AND_OPERATIONALIZATION"", ""G05_PUBLICATION_TIME"", ""G07_CURRENT_DATA_READY"", ""G11_DATA_QUALITY_PASS"", ""G12_NONCONSTANT"", ""G13_ENGLISH_FULLTEXT_FORMULA_EVIDENCE"", ""G14_INDEPENDENT_SECOND_REVIEW_APPROVAL""]",excluded,RECOVERED_GATE_FAILURE,exact_for_frozen_set_membership_not_original_per_gate_bytes,codex_session_log_nested_membership
EF0298,"{""G01_IN_SCOPE_ROLE"": true, ""G02_ARTICLE_LEVEL"": true, ""G03_PRIMARY_OR_FOUNDATIONAL_EVIDENCE"": false, ""G04_REPRODUCIBLE_DEFINITION_AND_OPERATIONALIZATION"": false, ""G05_PUBLICATION_TIME"": false, ""G06_NO_FUTURE_INFORMATION"": true, ""G07_CURRENT_DATA_READY"": false, ""G08_BIAS_GUARDRAIL"": true, ""G09_NO_FATAL_VALIDITY_CONCERN"": true, ""G10_OUTCOME_BLIND_SELECTION"": true, ""G11_DATA_QUALITY_PASS"": false, ""G12_NONCONSTANT"": false, ""G13_ENGLISH_FULLTEXT_FORMULA_EVIDENCE"": false, ""G14_INDEPENDENT_SECOND_REVIEW_APPROVAL"": false}","[""G03_PRIMARY_OR_FOUNDATIONAL_EVIDENCE"", ""G04_REPRODUCIBLE_DEFINITION_AND_OPERATIONALIZATION"", ""G05_PUBLICATION_TIME"", ""G07_CURRENT_DATA_READY"", ""G11_DATA_QUALITY_PASS"", ""G12_NONCONSTANT"", ""G13_ENGLISH_FULLTEXT_FORMULA_EVIDENCE"", ""G14_INDEPENDENT_SECOND_REVIEW_APPROVAL""]",excluded,RECOVERED_GATE_FAILURE,exact_for_frozen_set_membership_not_original_per_gate_bytes,codex_session_log_nested_membership
EF0299,"{""G01_IN_SCOPE_ROLE"": true, ""G02_ARTICLE_LEVEL"": true, ""G03_PRIMARY_OR_FOUNDATIONAL_EVIDENCE"": false, ""G04_REPRODUCIBLE_DEFINITION_AND_OPERATIONALIZATION"": false, ""G05_PUBLICATION_TIME"": true, ""G06_NO_FUTURE_INFORMATION"": true, ""G07_CURRENT_DATA_READY"": false, ""G08_BIAS_GUARDRAIL"": true, ""G09_NO_FATAL_VALIDITY_CONCERN"": true, ""G10_OUTCOME_BLIND_SELECTION"": true, ""G11_DATA_QUALITY_PASS"": false, ""G12_NONCONSTANT"": false, ""G13_ENGLISH_FULLTEXT_FORMULA_EVIDENCE"": false, ""G14_INDEPENDENT_SECOND_REVIEW_APPROVAL"": false}","[""G03_PRIMARY_OR_FOUNDATIONAL_EVIDENCE"", ""G04_REPRODUCIBLE_DEFINITION_AND_OPERATIONALIZATION"", ""G07_CURRENT_DATA_READY"", ""G11_DATA_QUALITY_PASS"", ""G12_NONCONSTANT"", ""G13_ENGLISH_FULLTEXT_FORMULA_EVIDENCE"", ""G14_INDEPENDENT_SECOND_REVIEW_APPROVAL""]",excluded,RECOVERED_GATE_FAILURE,exact_for_frozen_set_membership_not_original_per_gate_bytes,codex_session_log_nested_membership
EF0300,"{""G01_IN_SCOPE_ROLE"": true, ""G02_ARTICLE_LEVEL"": true, ""G03_PRIMARY_OR_FOUNDATIONAL_EVIDENCE"": false, ""G04_REPRODUCIBLE_DEFINITION_AND_OPERATIONALIZATION"": false, ""G05_PUBLICATION_TIME"": true, ""G06_NO_FUTURE_INFORMATION"": true, ""G07_CURRENT_DATA_READY"": false, ""G08_BIAS_GUARDRAIL"": true, ""G09_NO_FATAL_VALIDITY_CONCERN"": true, ""G10_OUTCOME_BLIND_SELECTION"": true, ""G11_DATA_QUALITY_PASS"": false, ""G12_NONCONSTANT"": false, ""G13_ENGLISH_FULLTEXT_FORMULA_EVIDENCE"": false, ""G14_INDEPENDENT_SECOND_REVIEW_APPROVAL"": false}","[""G03_PRIMARY_OR_FOUNDATIONAL_EVIDENCE"", ""G04_REPRODUCIBLE_DEFINITION_AND_OPERATIONALIZATION"", ""G07_CURRENT_DATA_READY"", ""G11_DATA_QUALITY_PASS"", ""G12_NONCONSTANT"", ""G13_ENGLISH_FULLTEXT_FORMULA_EVIDENCE"", ""G14_INDEPENDENT_SECOND_REVIEW_APPROVAL""]",excluded,RECOVERED_GATE_FAILURE,exact_for_frozen_set_membership_not_original_per_gate_bytes,codex_session_log_nested_membership
EF0301,"{""G01_IN_SCOPE_ROLE"": true, ""G02_ARTICLE_LEVEL"": true, ""G03_PRIMARY_OR_FOUNDATIONAL_EVIDENCE"": true, ""G04_REPRODUCIBLE_DEFINITION_AND_OPERATIONALIZATION"": false, ""G05_PUBLICATION_TIME"": true, ""G06_NO_FUTURE_INFORMATION"": true, ""G07_CURRENT_DATA_READY"": false, ""G08_BIAS_GUARDRAIL"": true, ""G09_NO_FATAL_VALIDITY_CONCERN"": true, ""G10_OUTCOME_BLIND_SELECTION"": true, ""G11_DATA_QUALITY_PASS"": false, ""G12_NONCONSTANT"": false, ""G13_ENGLISH_FULLTEXT_FORMULA_EVIDENCE"": false, ""G14_INDEPENDENT_SECOND_REVIEW_APPROVAL"": false}","[""G04_REPRODUCIBLE_DEFINITION_AND_OPERATIONALIZATION"", ""G07_CURRENT_DATA_READY"", ""G11_DATA_QUALITY_PASS"", ""G12_NONCONSTANT"", ""G13_ENGLISH_FULLTEXT_FORMULA_EVIDENCE"", ""G14_INDEPENDENT_SECOND_REVIEW_APPROVAL""]",excluded,RECOVERED_GATE_FAILURE,exact_for_frozen_set_membership_not_original_per_gate_bytes,codex_session_log_nested_membership
EF0302,"{""G01_IN_SCOPE_ROLE"": true, ""G02_ARTICLE_LEVEL"": true, ""G03_PRIMARY_OR_FOUNDATIONAL_EVIDENCE"": false, ""G04_REPRODUCIBLE_DEFINITION_AND_OPERATIONALIZATION"": false, ""G05_PUBLICATION_TIME"": false, ""G06_NO_FUTURE_INFORMATION"": true, ""G07_CURRENT_DATA_READY"": false, ""G08_BIAS_GUARDRAIL"": true, ""G09_NO_FATAL_VALIDITY_CONCERN"": true, ""G10_OUTCOME_BLIND_SELECTION"": true, ""G11_DATA_QUALITY_PASS"": false, ""G12_NONCONSTANT"": false, ""G13_ENGLISH_FULLTEXT_FORMULA_EVIDENCE"": false, ""G14_INDEPENDENT_SECOND_REVIEW_APPROVAL"": false}","[""G03_PRIMARY_OR_FOUNDATIONAL_EVIDENCE"", ""G04_REPRODUCIBLE_DEFINITION_AND_OPERATIONALIZATION"", ""G05_PUBLICATION_TIME"", ""G07_CURRENT_DATA_READY"", ""G11_DATA_QUALITY_PASS"", ""G12_NONCONSTANT"", ""G13_ENGLISH_FULLTEXT_FORMULA_EVIDENCE"", ""G14_INDEPENDENT_SECOND_REVIEW_APPROVAL""]",excluded,RECOVERED_GATE_FAILURE,exact_for_frozen_set_membership_not_original_per_gate_bytes,codex_session_log_nested_membership
EF0303,"{""G01_IN_SCOPE_ROLE"": true, ""G02_ARTICLE_LEVEL"": true, ""G03_PRIMARY_OR_FOUNDATIONAL_EVIDENCE"": true, ""G04_REPRODUCIBLE_DEFINITION_AND_OPERATIONALIZATION"": false, ""G05_PUBLICATION_TIME"": true, ""G06_NO_FUTURE_INFORMATION"": true, ""G07_CURRENT_DATA_READY"": false, ""G08_BIAS_GUARDRAIL"": true, ""G09_NO_FATAL_VALIDITY_CONCERN"": true, ""G10_OUTCOME_BLIND_SELECTION"": true, ""G11_DATA_QUALITY_PASS"": false, ""G12_NONCONSTANT"": false, ""G13_ENGLISH_FULLTEXT_FORMULA_EVIDENCE"": false, ""G14_INDEPENDENT_SECOND_REVIEW_APPROVAL"": false}","[""G04_REPRODUCIBLE_DEFINITION_AND_OPERATIONALIZATION"", ""G07_CURRENT_DATA_READY"", ""G11_DATA_QUALITY_PASS"", ""G12_NONCONSTANT"", ""G13_ENGLISH_FULLTEXT_FORMULA_EVIDENCE"", ""G14_INDEPENDENT_SECOND_REVIEW_APPROVAL""]",excluded,RECOVERED_GATE_FAILURE,exact_for_frozen_set_membership_not_original_per_gate_bytes,codex_session_log_nested_membership
EF0304,"{""G01_IN_SCOPE_ROLE"": true, ""G02_ARTICLE_LEVEL"": true, ""G03_PRIMARY_OR_FOUNDATIONAL_EVIDENCE"": false, ""G04_REPRODUCIBLE_DEFINITION_AND_OPERATIONALIZATION"": false, ""G05_PUBLICATION_TIME"": true, ""G06_NO_FUTURE_INFORMATION"": true, ""G07_CURRENT_DATA_READY"": false, ""G08_BIAS_GUARDRAIL"": true, ""G09_NO_FATAL_VALIDITY_CONCERN"": true, ""G10_OUTCOME_BLIND_SELECTION"": true, ""G11_DATA_QUALITY_PASS"": false, ""G12_NONCONSTANT"": false, ""G13_ENGLISH_FULLTEXT_FORMULA_EVIDENCE"": false, ""G14_INDEPENDENT_SECOND_REVIEW_APPROVAL"": false}","[""G03_PRIMARY_OR_FOUNDATIONAL_EVIDENCE"", ""G04_REPRODUCIBLE_DEFINITION_AND_OPERATIONALIZATION"", ""G07_CURRENT_DATA_READY"", ""G11_DATA_QUALITY_PASS"", ""G12_NONCONSTANT"", ""G13_ENGLISH_FULLTEXT_FORMULA_EVIDENCE"", ""G14_INDEPENDENT_SECOND_REVIEW_APPROVAL""]",excluded,RECOVERED_GATE_FAILURE,exact_for_frozen_set_membership_not_original_per_gate_bytes,codex_session_log_nested_membership
EF0305,"{""G01_IN_SCOPE_ROLE"": true, ""G02_ARTICLE_LEVEL"": true, ""G03_PRIMARY_OR_FOUNDATIONAL_EVIDENCE"": false, ""G04_REPRODUCIBLE_DEFINITION_AND_OPERATIONALIZATION"": false, ""G05_PUBLICATION_TIME"": false, ""G06_NO_FUTURE_INFORMATION"": true, ""G07_CURRENT_DATA_READY"": false, ""G08_BIAS_GUARDRAIL"": true, ""G09_NO_FATAL_VALIDITY_CONCERN"": true, ""G10_OUTCOME_BLIND_SELECTION"": true, ""G11_DATA_QUALITY_PASS"": false, ""G12_NONCONSTANT"": false, ""G13_ENGLISH_FULLTEXT_FORMULA_EVIDENCE"": false, ""G14_INDEPENDENT_SECOND_REVIEW_APPROVAL"": false}","[""G03_PRIMARY_OR_FOUNDATIONAL_EVIDENCE"", ""G04_REPRODUCIBLE_DEFINITION_AND_OPERATIONALIZATION"", ""G05_PUBLICATION_TIME"", ""G07_CURRENT_DATA_READY"", ""G11_DATA_QUALITY_PASS"", ""G12_NONCONSTANT"", ""G13_ENGLISH_FULLTEXT_FORMULA_EVIDENCE"", ""G14_INDEPENDENT_SECOND_REVIEW_APPROVAL""]",excluded,RECOVERED_GATE_FAILURE,exact_for_frozen_set_membership_not_original_per_gate_bytes,codex_session_log_nested_membership
EF0306,"{""G01_IN_SCOPE_ROLE"": true, ""G02_ARTICLE_LEVEL"": true, ""G03_PRIMARY_OR_FOUNDATIONAL_EVIDENCE"": true, ""G04_REPRODUCIBLE_DEFINITION_AND_OPERATIONALIZATION"": false, ""G05_PUBLICATION_TIME"": true, ""G06_NO_FUTURE_INFORMATION"": true, ""G07_CURRENT_DATA_READY"": false, ""G08_BIAS_GUARDRAIL"": true, ""G09_NO_FATAL_VALIDITY_CONCERN"": true, ""G10_OUTCOME_BLIND_SELECTION"": true, ""G11_DATA_QUALITY_PASS"": false, ""G12_NONCONSTANT"": false, ""G13_ENGLISH_FULLTEXT_FORMULA_EVIDENCE"": false, ""G14_INDEPENDENT_SECOND_REVIEW_APPROVAL"": false}","[""G04_REPRODUCIBLE_DEFINITION_AND_OPERATIONALIZATION"", ""G07_CURRENT_DATA_READY"", ""G11_DATA_QUALITY_PASS"", ""G12_NONCONSTANT"", ""G13_ENGLISH_FULLTEXT_FORMULA_EVIDENCE"", ""G14_INDEPENDENT_SECOND_REVIEW_APPROVAL""]",excluded,RECOVERED_GATE_FAILURE,exact_for_frozen_set_membership_not_original_per_gate_bytes,codex_session_log_nested_membership
EF0307,"{""G01_IN_SCOPE_ROLE"": true, ""G02_ARTICLE_LEVEL"": true, ""G03_PRIMARY_OR_FOUNDATIONAL_EVIDENCE"": true, ""G04_REPRODUCIBLE_DEFINITION_AND_OPERATIONALIZATION"": true, ""G05_PUBLICATION_TIME"": true, ""G06_NO_FUTURE_INFORMATION"": true, ""G07_CURRENT_DATA_READY"": true, ""G08_BIAS_GUARDRAIL"": true, ""G09_NO_FATAL_VALIDITY_CONCERN"": true, ""G10_OUTCOME_BLIND_SELECTION"": true, ""G11_DATA_QUALITY_PASS"": true, ""G12_NONCONSTANT"": true, ""G13_ENGLISH_FULLTEXT_FORMULA_EVIDENCE"": true, ""G14_INDEPENDENT_SECOND_REVIEW_APPROVAL"": true}",[],context_control,PASS,exact_for_frozen_set_membership_not_original_per_gate_bytes,codex_session_log_nested_membership
EF0308,"{""G01_IN_SCOPE_ROLE"": true, ""G02_ARTICLE_LEVEL"": true, ""G03_PRIMARY_OR_FOUNDATIONAL_EVIDENCE"": false, ""G04_REPRODUCIBLE_DEFINITION_AND_OPERATIONALIZATION"": false, ""G05_PUBLICATION_TIME"": true, ""G06_NO_FUTURE_INFORMATION"": true, ""G07_CURRENT_DATA_READY"": false, ""G08_BIAS_GUARDRAIL"": true, ""G09_NO_FATAL_VALIDITY_CONCERN"": true, ""G10_OUTCOME_BLIND_SELECTION"": true, ""G11_DATA_QUALITY_PASS"": false, ""G12_NONCONSTANT"": false, ""G13_ENGLISH_FULLTEXT_FORMULA_EVIDENCE"": false, ""G14_INDEPENDENT_SECOND_REVIEW_APPROVAL"": false}","[""G03_PRIMARY_OR_FOUNDATIONAL_EVIDENCE"", ""G04_REPRODUCIBLE_DEFINITION_AND_OPERATIONALIZATION"", ""G07_CURRENT_DATA_READY"", ""G11_DATA_QUALITY_PASS"", ""G12_NONCONSTANT"", ""G13_ENGLISH_FULLTEXT_FORMULA_EVIDENCE"", ""G14_INDEPENDENT_SECOND_REVIEW_APPROVAL""]",excluded,RECOVERED_GATE_FAILURE,exact_for_frozen_set_membership_not_original_per_gate_bytes,codex_session_log_nested_membership
EF0309,"{""G01_IN_SCOPE_ROLE"": true, ""G02_ARTICLE_LEVEL"": true, ""G03_PRIMARY_OR_FOUNDATIONAL_EVIDENCE"": true, ""G04_REPRODUCIBLE_DEFINITION_AND_OPERATIONALIZATION"": false, ""G05_PUBLICATION_TIME"": true, ""G06_NO_FUTURE_INFORMATION"": true, ""G07_CURRENT_DATA_READY"": false, ""G08_BIAS_GUARDRAIL"": true, ""G09_NO_FATAL_VALIDITY_CONCERN"": true, ""G10_OUTCOME_BLIND_SELECTION"": true, ""G11_DATA_QUALITY_PASS"": false, ""G12_NONCONSTANT"": false, ""G13_ENGLISH_FULLTEXT_FORMULA_EVIDENCE"": true, ""G14_INDEPENDENT_SECOND_REVIEW_APPROVAL"": true}","[""G04_REPRODUCIBLE_DEFINITION_AND_OPERATIONALIZATION"", ""G07_CURRENT_DATA_READY"", ""G11_DATA_QUALITY_PASS"", ""G12_NONCONSTANT""]",excluded,RECOVERED_GATE_FAILURE,exact_for_frozen_set_membership_not_original_per_gate_bytes,codex_session_log_nested_membership
EF0310,"{""G01_IN_SCOPE_ROLE"": true, ""G02_ARTICLE_LEVEL"": true, ""G03_PRIMARY_OR_FOUNDATIONAL_EVIDENCE"": true, ""G04_REPRODUCIBLE_DEFINITION_AND_OPERATIONALIZATION"": false, ""G05_PUBLICATION_TIME"": true, ""G06_NO_FUTURE_INFORMATION"": true, ""G07_CURRENT_DATA_READY"": false, ""G08_BIAS_GUARDRAIL"": true, ""G09_NO_FATAL_VALIDITY_CONCERN"": true, ""G10_OUTCOME_BLIND_SELECTION"": true, ""G11_DATA_QUALITY_PASS"": false, ""G12_NONCONSTANT"": false, ""G13_ENGLISH_FULLTEXT_FORMULA_EVIDENCE"": false, ""G14_INDEPENDENT_SECOND_REVIEW_APPROVAL"": false}","[""G04_REPRODUCIBLE_DEFINITION_AND_OPERATIONALIZATION"", ""G07_CURRENT_DATA_READY"", ""G11_DATA_QUALITY_PASS"", ""G12_NONCONSTANT"", ""G13_ENGLISH_FULLTEXT_FORMULA_EVIDENCE"", ""G14_INDEPENDENT_SECOND_REVIEW_APPROVAL""]",excluded,RECOVERED_GATE_FAILURE,exact_for_frozen_set_membership_not_original_per_gate_bytes,codex_session_log_nested_membership
EF0311,"{""G01_IN_SCOPE_ROLE"": true, ""G02_ARTICLE_LEVEL"": true, ""G03_PRIMARY_OR_FOUNDATIONAL_EVIDENCE"": true, ""G04_REPRODUCIBLE_DEFINITION_AND_OPERATIONALIZATION"": false, ""G05_PUBLICATION_TIME"": true, ""G06_NO_FUTURE_INFORMATION"": true, ""G07_CURRENT_DATA_READY"": false, ""G08_BIAS_GUARDRAIL"": true, ""G09_NO_FATAL_VALIDITY_CONCERN"": true, ""G10_OUTCOME_BLIND_SELECTION"": true, ""G11_DATA_QUALITY_PASS"": false, ""G12_NONCONSTANT"": false, ""G13_ENGLISH_FULLTEXT_FORMULA_EVIDENCE"": false, ""G14_INDEPENDENT_SECOND_REVIEW_APPROVAL"": false}","[""G04_REPRODUCIBLE_DEFINITION_AND_OPERATIONALIZATION"", ""G07_CURRENT_DATA_READY"", ""G11_DATA_QUALITY_PASS"", ""G12_NONCONSTANT"", ""G13_ENGLISH_FULLTEXT_FORMULA_EVIDENCE"", ""G14_INDEPENDENT_SECOND_REVIEW_APPROVAL""]",excluded,RECOVERED_GATE_FAILURE,exact_for_frozen_set_membership_not_original_per_gate_bytes,codex_session_log_nested_membership
EF0312,"{""G01_IN_SCOPE_ROLE"": true, ""G02_ARTICLE_LEVEL"": true, ""G03_PRIMARY_OR_FOUNDATIONAL_EVIDENCE"": true, ""G04_REPRODUCIBLE_DEFINITION_AND_OPERATIONALIZATION"": true, ""G05_PUBLICATION_TIME"": true, ""G06_NO_FUTURE_INFORMATION"": true, ""G07_CURRENT_DATA_READY"": true, ""G08_BIAS_GUARDRAIL"": true, ""G09_NO_FATAL_VALIDITY_CONCERN"": true, ""G10_OUTCOME_BLIND_SELECTION"": true, ""G11_DATA_QUALITY_PASS"": true, ""G12_NONCONSTANT"": true, ""G13_ENGLISH_FULLTEXT_FORMULA_EVIDENCE"": true, ""G14_INDEPENDENT_SECOND_REVIEW_APPROVAL"": true}",[],t0_substantive,PASS,exact_for_frozen_set_membership_not_original_per_gate_bytes,codex_session_log_nested_membership
EF0313,"{""G01_IN_SCOPE_ROLE"": true, ""G02_ARTICLE_LEVEL"": true, ""G03_PRIMARY_OR_FOUNDATIONAL_EVIDENCE"": false, ""G04_REPRODUCIBLE_DEFINITION_AND_OPERATIONALIZATION"": false, ""G05_PUBLICATION_TIME"": false, ""G06_NO_FUTURE_INFORMATION"": true, ""G07_CURRENT_DATA_READY"": false, ""G08_BIAS_GUARDRAIL"": true, ""G09_NO_FATAL_VALIDITY_CONCERN"": true, ""G10_OUTCOME_BLIND_SELECTION"": true, ""G11_DATA_QUALITY_PASS"": false, ""G12_NONCONSTANT"": false, ""G13_ENGLISH_FULLTEXT_FORMULA_EVIDENCE"": false, ""G14_INDEPENDENT_SECOND_REVIEW_APPROVAL"": false}","[""G03_PRIMARY_OR_FOUNDATIONAL_EVIDENCE"", ""G04_REPRODUCIBLE_DEFINITION_AND_OPERATIONALIZATION"", ""G05_PUBLICATION_TIME"", ""G07_CURRENT_DATA_READY"", ""G11_DATA_QUALITY_PASS"", ""G12_NONCONSTANT"", ""G13_ENGLISH_FULLTEXT_FORMULA_EVIDENCE"", ""G14_INDEPENDENT_SECOND_REVIEW_APPROVAL""]",excluded,RECOVERED_GATE_FAILURE,exact_for_frozen_set_membership_not_original_per_gate_bytes,codex_session_log_nested_membership
EF0314,"{""G01_IN_SCOPE_ROLE"": true, ""G02_ARTICLE_LEVEL"": true, ""G03_PRIMARY_OR_FOUNDATIONAL_EVIDENCE"": true, ""G04_REPRODUCIBLE_DEFINITION_AND_OPERATIONALIZATION"": false, ""G05_PUBLICATION_TIME"": true, ""G06_NO_FUTURE_INFORMATION"": true, ""G07_CURRENT_DATA_READY"": false, ""G08_BIAS_GUARDRAIL"": true, ""G09_NO_FATAL_VALIDITY_CONCERN"": true, ""G10_OUTCOME_BLIND_SELECTION"": true, ""G11_DATA_QUALITY_PASS"": false, ""G12_NONCONSTANT"": false, ""G13_ENGLISH_FULLTEXT_FORMULA_EVIDENCE"": true, ""G14_INDEPENDENT_SECOND_REVIEW_APPROVAL"": true}","[""G04_REPRODUCIBLE_DEFINITION_AND_OPERATIONALIZATION"", ""G07_CURRENT_DATA_READY"", ""G11_DATA_QUALITY_PASS"", ""G12_NONCONSTANT""]",excluded,RECOVERED_GATE_FAILURE,exact_for_frozen_set_membership_not_original_per_gate_bytes,codex_session_log_nested_membership
EF0315,"{""G01_IN_SCOPE_ROLE"": true, ""G02_ARTICLE_LEVEL"": true, ""G03_PRIMARY_OR_FOUNDATIONAL_EVIDENCE"": true, ""G04_REPRODUCIBLE_DEFINITION_AND_OPERATIONALIZATION"": false, ""G05_PUBLICATION_TIME"": true, ""G06_NO_FUTURE_INFORMATION"": true, ""G07_CURRENT_DATA_READY"": false, ""G08_BIAS_GUARDRAIL"": true, ""G09_NO_FATAL_VALIDITY_CONCERN"": true, ""G10_OUTCOME_BLIND_SELECTION"": true, ""G11_DATA_QUALITY_PASS"": false, ""G12_NONCONSTANT"": false, ""G13_ENGLISH_FULLTEXT_FORMULA_EVIDENCE"": true, ""G14_INDEPENDENT_SECOND_REVIEW_APPROVAL"": true}","[""G04_REPRODUCIBLE_DEFINITION_AND_OPERATIONALIZATION"", ""G07_CURRENT_DATA_READY"", ""G11_DATA_QUALITY_PASS"", ""G12_NONCONSTANT""]",excluded,RECOVERED_GATE_FAILURE,exact_for_frozen_set_membership_not_original_per_gate_bytes,codex_session_log_nested_membership
EF0316,"{""G01_IN_SCOPE_ROLE"": true, ""G02_ARTICLE_LEVEL"": true, ""G03_PRIMARY_OR_FOUNDATIONAL_EVIDENCE"": true, ""G04_REPRODUCIBLE_DEFINITION_AND_OPERATIONALIZATION"": false, ""G05_PUBLICATION_TIME"": true, ""G06_NO_FUTURE_INFORMATION"": true, ""G07_CURRENT_DATA_READY"": false, ""G08_BIAS_GUARDRAIL"": true, ""G09_NO_FATAL_VALIDITY_CONCERN"": true, ""G10_OUTCOME_BLIND_SELECTION"": true, ""G11_DATA_QUALITY_PASS"": false, ""G12_NONCONSTANT"": false, ""G13_ENGLISH_FULLTEXT_FORMULA_EVIDENCE"": false, ""G14_INDEPENDENT_SECOND_REVIEW_APPROVAL"": false}","[""G04_REPRODUCIBLE_DEFINITION_AND_OPERATIONALIZATION"", ""G07_CURRENT_DATA_READY"", ""G11_DATA_QUALITY_PASS"", ""G12_NONCONSTANT"", ""G13_ENGLISH_FULLTEXT_FORMULA_EVIDENCE"", ""G14_INDEPENDENT_SECOND_REVIEW_APPROVAL""]",excluded,RECOVERED_GATE_FAILURE,exact_for_frozen_set_membership_not_original_per_gate_bytes,codex_session_log_nested_membership
EF0317,"{""G01_IN_SCOPE_ROLE"": true, ""G02_ARTICLE_LEVEL"": true, ""G03_PRIMARY_OR_FOUNDATIONAL_EVIDENCE"": true, ""G04_REPRODUCIBLE_DEFINITION_AND_OPERATIONALIZATION"": false, ""G05_PUBLICATION_TIME"": true, ""G06_NO_FUTURE_INFORMATION"": true, ""G07_CURRENT_DATA_READY"": false, ""G08_BIAS_GUARDRAIL"": true, ""G09_NO_FATAL_VALIDITY_CONCERN"": true, ""G10_OUTCOME_BLIND_SELECTION"": true, ""G11_DATA_QUALITY_PASS"": false, ""G12_NONCONSTANT"": false, ""G13_ENGLISH_FULLTEXT_FORMULA_EVIDENCE"": false, ""G14_INDEPENDENT_SECOND_REVIEW_APPROVAL"": false}","[""G04_REPRODUCIBLE_DEFINITION_AND_OPERATIONALIZATION"", ""G07_CURRENT_DATA_READY"", ""G11_DATA_QUALITY_PASS"", ""G12_NONCONSTANT"", ""G13_ENGLISH_FULLTEXT_FORMULA_EVIDENCE"", ""G14_INDEPENDENT_SECOND_REVIEW_APPROVAL""]",excluded,RECOVERED_GATE_FAILURE,exact_for_frozen_set_membership_not_original_per_gate_bytes,codex_session_log_nested_membership
EF0318,"{""G01_IN_SCOPE_ROLE"": true, ""G02_ARTICLE_LEVEL"": true, ""G03_PRIMARY_OR_FOUNDATIONAL_EVIDENCE"": true, ""G04_REPRODUCIBLE_DEFINITION_AND_OPERATIONALIZATION"": true, ""G05_PUBLICATION_TIME"": true, ""G06_NO_FUTURE_INFORMATION"": true, ""G07_CURRENT_DATA_READY"": true, ""G08_BIAS_GUARDRAIL"": true, ""G09_NO_FATAL_VALIDITY_CONCERN"": true, ""G10_OUTCOME_BLIND_SELECTION"": true, ""G11_DATA_QUALITY_PASS"": true, ""G12_NONCONSTANT"": true, ""G13_ENGLISH_FULLTEXT_FORMULA_EVIDENCE"": true, ""G14_INDEPENDENT_SECOND_REVIEW_APPROVAL"": true}",[],t0_substantive,PASS,exact_for_frozen_set_membership_not_original_per_gate_bytes,codex_session_log_nested_membership
EF0319,"{""G01_IN_SCOPE_ROLE"": true, ""G02_ARTICLE_LEVEL"": true, ""G03_PRIMARY_OR_FOUNDATIONAL_EVIDENCE"": true, ""G04_REPRODUCIBLE_DEFINITION_AND_OPERATIONALIZATION"": false, ""G05_PUBLICATION_TIME"": true, ""G06_NO_FUTURE_INFORMATION"": true, ""G07_CURRENT_DATA_READY"": false, ""G08_BIAS_GUARDRAIL"": true, ""G09_NO_FATAL_VALIDITY_CONCERN"": true, ""G10_OUTCOME_BLIND_SELECTION"": true, ""G11_DATA_QUALITY_PASS"": false, ""G12_NONCONSTANT"": false, ""G13_ENGLISH_FULLTEXT_FORMULA_EVIDENCE"": true, ""G14_INDEPENDENT_SECOND_REVIEW_APPROVAL"": true}","[""G04_REPRODUCIBLE_DEFINITION_AND_OPERATIONALIZATION"", ""G07_CURRENT_DATA_READY"", ""G11_DATA_QUALITY_PASS"", ""G12_NONCONSTANT""]",excluded,RECOVERED_GATE_FAILURE,exact_for_frozen_set_membership_not_original_per_gate_bytes,codex_session_log_nested_membership
EF0320,"{""G01_IN_SCOPE_ROLE"": true, ""G02_ARTICLE_LEVEL"": true, ""G03_PRIMARY_OR_FOUNDATIONAL_EVIDENCE"": true, ""G04_REPRODUCIBLE_DEFINITION_AND_OPERATIONALIZATION"": false, ""G05_PUBLICATION_TIME"": true, ""G06_NO_FUTURE_INFORMATION"": true, ""G07_CURRENT_DATA_READY"": false, ""G08_BIAS_GUARDRAIL"": true, ""G09_NO_FATAL_VALIDITY_CONCERN"": true, ""G10_OUTCOME_BLIND_SELECTION"": true, ""G11_DATA_QUALITY_PASS"": false, ""G12_NONCONSTANT"": false, ""G13_ENGLISH_FULLTEXT_FORMULA_EVIDENCE"": false, ""G14_INDEPENDENT_SECOND_REVIEW_APPROVAL"": false}","[""G04_REPRODUCIBLE_DEFINITION_AND_OPERATIONALIZATION"", ""G07_CURRENT_DATA_READY"", ""G11_DATA_QUALITY_PASS"", ""G12_NONCONSTANT"", ""G13_ENGLISH_FULLTEXT_FORMULA_EVIDENCE"", ""G14_INDEPENDENT_SECOND_REVIEW_APPROVAL""]",excluded,RECOVERED_GATE_FAILURE,exact_for_frozen_set_membership_not_original_per_gate_bytes,codex_session_log_nested_membership
EF0321,"{""G01_IN_SCOPE_ROLE"": true, ""G02_ARTICLE_LEVEL"": true, ""G03_PRIMARY_OR_FOUNDATIONAL_EVIDENCE"": false, ""G04_REPRODUCIBLE_DEFINITION_AND_OPERATIONALIZATION"": false, ""G05_PUBLICATION_TIME"": false, ""G06_NO_FUTURE_INFORMATION"": true, ""G07_CURRENT_DATA_READY"": false, ""G08_BIAS_GUARDRAIL"": true, ""G09_NO_FATAL_VALIDITY_CONCERN"": true, ""G10_OUTCOME_BLIND_SELECTION"": true, ""G11_DATA_QUALITY_PASS"": false, ""G12_NONCONSTANT"": false, ""G13_ENGLISH_FULLTEXT_FORMULA_EVIDENCE"": false, ""G14_INDEPENDENT_SECOND_REVIEW_APPROVAL"": false}","[""G03_PRIMARY_OR_FOUNDATIONAL_EVIDENCE"", ""G04_REPRODUCIBLE_DEFINITION_AND_OPERATIONALIZATION"", ""G05_PUBLICATION_TIME"", ""G07_CURRENT_DATA_READY"", ""G11_DATA_QUALITY_PASS"", ""G12_NONCONSTANT"", ""G13_ENGLISH_FULLTEXT_FORMULA_EVIDENCE"", ""G14_INDEPENDENT_SECOND_REVIEW_APPROVAL""]",excluded,RECOVERED_GATE_FAILURE,exact_for_frozen_set_membership_not_original_per_gate_bytes,codex_session_log_nested_membership
EF0322,"{""G01_IN_SCOPE_ROLE"": true, ""G02_ARTICLE_LEVEL"": true, ""G03_PRIMARY_OR_FOUNDATIONAL_EVIDENCE"": true, ""G04_REPRODUCIBLE_DEFINITION_AND_OPERATIONALIZATION"": false, ""G05_PUBLICATION_TIME"": true, ""G06_NO_FUTURE_INFORMATION"": true, ""G07_CURRENT_DATA_READY"": false, ""G08_BIAS_GUARDRAIL"": true, ""G09_NO_FATAL_VALIDITY_CONCERN"": true, ""G10_OUTCOME_BLIND_SELECTION"": true, ""G11_DATA_QUALITY_PASS"": false, ""G12_NONCONSTANT"": false, ""G13_ENGLISH_FULLTEXT_FORMULA_EVIDENCE"": false, ""G14_INDEPENDENT_SECOND_REVIEW_APPROVAL"": false}","[""G04_REPRODUCIBLE_DEFINITION_AND_OPERATIONALIZATION"", ""G07_CURRENT_DATA_READY"", ""G11_DATA_QUALITY_PASS"", ""G12_NONCONSTANT"", ""G13_ENGLISH_FULLTEXT_FORMULA_EVIDENCE"", ""G14_INDEPENDENT_SECOND_REVIEW_APPROVAL""]",excluded,RECOVERED_GATE_FAILURE,exact_for_frozen_set_membership_not_original_per_gate_bytes,codex_session_log_nested_membership
EF0323,"{""G01_IN_SCOPE_ROLE"": true, ""G02_ARTICLE_LEVEL"": true, ""G03_PRIMARY_OR_FOUNDATIONAL_EVIDENCE"": true, ""G04_REPRODUCIBLE_DEFINITION_AND_OPERATIONALIZATION"": false, ""G05_PUBLICATION_TIME"": true, ""G06_NO_FUTURE_INFORMATION"": true, ""G07_CURRENT_DATA_READY"": false, ""G08_BIAS_GUARDRAIL"": true, ""G09_NO_FATAL_VALIDITY_CONCERN"": true, ""G10_OUTCOME_BLIND_SELECTION"": true, ""G11_DATA_QUALITY_PASS"": false, ""G12_NONCONSTANT"": false, ""G13_ENGLISH_FULLTEXT_FORMULA_EVIDENCE"": false, ""G14_INDEPENDENT_SECOND_REVIEW_APPROVAL"": false}","[""G04_REPRODUCIBLE_DEFINITION_AND_OPERATIONALIZATION"", ""G07_CURRENT_DATA_READY"", ""G11_DATA_QUALITY_PASS"", ""G12_NONCONSTANT"", ""G13_ENGLISH_FULLTEXT_FORMULA_EVIDENCE"", ""G14_INDEPENDENT_SECOND_REVIEW_APPROVAL""]",excluded,RECOVERED_GATE_FAILURE,exact_for_frozen_set_membership_not_original_per_gate_bytes,codex_session_log_nested_membership
EF0324,"{""G01_IN_SCOPE_ROLE"": true, ""G02_ARTICLE_LEVEL"": true, ""G03_PRIMARY_OR_FOUNDATIONAL_EVIDENCE"": false, ""G04_REPRODUCIBLE_DEFINITION_AND_OPERATIONALIZATION"": false, ""G05_PUBLICATION_TIME"": false, ""G06_NO_FUTURE_INFORMATION"": true, ""G07_CURRENT_DATA_READY"": false, ""G08_BIAS_GUARDRAIL"": true, ""G09_NO_FATAL_VALIDITY_CONCERN"": true, ""G10_OUTCOME_BLIND_SELECTION"": true, ""G11_DATA_QUALITY_PASS"": false, ""G12_NONCONSTANT"": false, ""G13_ENGLISH_FULLTEXT_FORMULA_EVIDENCE"": false, ""G14_INDEPENDENT_SECOND_REVIEW_APPROVAL"": false}","[""G03_PRIMARY_OR_FOUNDATIONAL_EVIDENCE"", ""G04_REPRODUCIBLE_DEFINITION_AND_OPERATIONALIZATION"", ""G05_PUBLICATION_TIME"", ""G07_CURRENT_DATA_READY"", ""G11_DATA_QUALITY_PASS"", ""G12_NONCONSTANT"", ""G13_ENGLISH_FULLTEXT_FORMULA_EVIDENCE"", ""G14_INDEPENDENT_SECOND_REVIEW_APPROVAL""]",excluded,RECOVERED_GATE_FAILURE,exact_for_frozen_set_membership_not_original_per_gate_bytes,codex_session_log_nested_membership
EF0325,"{""G01_IN_SCOPE_ROLE"": true, ""G02_ARTICLE_LEVEL"": true, ""G03_PRIMARY_OR_FOUNDATIONAL_EVIDENCE"": false, ""G04_REPRODUCIBLE_DEFINITION_AND_OPERATIONALIZATION"": false, ""G05_PUBLICATION_TIME"": false, ""G06_NO_FUTURE_INFORMATION"": true, ""G07_CURRENT_DATA_READY"": false, ""G08_BIAS_GUARDRAIL"": true, ""G09_NO_FATAL_VALIDITY_CONCERN"": true, ""G10_OUTCOME_BLIND_SELECTION"": true, ""G11_DATA_QUALITY_PASS"": false, ""G12_NONCONSTANT"": false, ""G13_ENGLISH_FULLTEXT_FORMULA_EVIDENCE"": false, ""G14_INDEPENDENT_SECOND_REVIEW_APPROVAL"": false}","[""G03_PRIMARY_OR_FOUNDATIONAL_EVIDENCE"", ""G04_REPRODUCIBLE_DEFINITION_AND_OPERATIONALIZATION"", ""G05_PUBLICATION_TIME"", ""G07_CURRENT_DATA_READY"", ""G11_DATA_QUALITY_PASS"", ""G12_NONCONSTANT"", ""G13_ENGLISH_FULLTEXT_FORMULA_EVIDENCE"", ""G14_INDEPENDENT_SECOND_REVIEW_APPROVAL""]",excluded,RECOVERED_GATE_FAILURE,exact_for_frozen_set_membership_not_original_per_gate_bytes,codex_session_log_nested_membership
EF0326,"{""G01_IN_SCOPE_ROLE"": true, ""G02_ARTICLE_LEVEL"": true, ""G03_PRIMARY_OR_FOUNDATIONAL_EVIDENCE"": false, ""G04_REPRODUCIBLE_DEFINITION_AND_OPERATIONALIZATION"": false, ""G05_PUBLICATION_TIME"": false, ""G06_NO_FUTURE_INFORMATION"": true, ""G07_CURRENT_DATA_READY"": false, ""G08_BIAS_GUARDRAIL"": true, ""G09_NO_FATAL_VALIDITY_CONCERN"": true, ""G10_OUTCOME_BLIND_SELECTION"": true, ""G11_DATA_QUALITY_PASS"": false, ""G12_NONCONSTANT"": false, ""G13_ENGLISH_FULLTEXT_FORMULA_EVIDENCE"": false, ""G14_INDEPENDENT_SECOND_REVIEW_APPROVAL"": false}","[""G03_PRIMARY_OR_FOUNDATIONAL_EVIDENCE"", ""G04_REPRODUCIBLE_DEFINITION_AND_OPERATIONALIZATION"", ""G05_PUBLICATION_TIME"", ""G07_CURRENT_DATA_READY"", ""G11_DATA_QUALITY_PASS"", ""G12_NONCONSTANT"", ""G13_ENGLISH_FULLTEXT_FORMULA_EVIDENCE"", ""G14_INDEPENDENT_SECOND_REVIEW_APPROVAL""]",excluded,RECOVERED_GATE_FAILURE,exact_for_frozen_set_membership_not_original_per_gate_bytes,codex_session_log_nested_membership
EF0327,"{""G01_IN_SCOPE_ROLE"": true, ""G02_ARTICLE_LEVEL"": true, ""G03_PRIMARY_OR_FOUNDATIONAL_EVIDENCE"": true, ""G04_REPRODUCIBLE_DEFINITION_AND_OPERATIONALIZATION"": false, ""G05_PUBLICATION_TIME"": true, ""G06_NO_FUTURE_INFORMATION"": true, ""G07_CURRENT_DATA_READY"": false, ""G08_BIAS_GUARDRAIL"": true, ""G09_NO_FATAL_VALIDITY_CONCERN"": true, ""G10_OUTCOME_BLIND_SELECTION"": true, ""G11_DATA_QUALITY_PASS"": false, ""G12_NONCONSTANT"": false, ""G13_ENGLISH_FULLTEXT_FORMULA_EVIDENCE"": false, ""G14_INDEPENDENT_SECOND_REVIEW_APPROVAL"": false}","[""G04_REPRODUCIBLE_DEFINITION_AND_OPERATIONALIZATION"", ""G07_CURRENT_DATA_READY"", ""G11_DATA_QUALITY_PASS"", ""G12_NONCONSTANT"", ""G13_ENGLISH_FULLTEXT_FORMULA_EVIDENCE"", ""G14_INDEPENDENT_SECOND_REVIEW_APPROVAL""]",excluded,RECOVERED_GATE_FAILURE,exact_for_frozen_set_membership_not_original_per_gate_bytes,codex_session_log_nested_membership
EF0328,"{""G01_IN_SCOPE_ROLE"": true, ""G02_ARTICLE_LEVEL"": true, ""G03_PRIMARY_OR_FOUNDATIONAL_EVIDENCE"": true, ""G04_REPRODUCIBLE_DEFINITION_AND_OPERATIONALIZATION"": false, ""G05_PUBLICATION_TIME"": true, ""G06_NO_FUTURE_INFORMATION"": true, ""G07_CURRENT_DATA_READY"": false, ""G08_BIAS_GUARDRAIL"": true, ""G09_NO_FATAL_VALIDITY_CONCERN"": true, ""G10_OUTCOME_BLIND_SELECTION"": true, ""G11_DATA_QUALITY_PASS"": false, ""G12_NONCONSTANT"": false, ""G13_ENGLISH_FULLTEXT_FORMULA_EVIDENCE"": false, ""G14_INDEPENDENT_SECOND_REVIEW_APPROVAL"": false}","[""G04_REPRODUCIBLE_DEFINITION_AND_OPERATIONALIZATION"", ""G07_CURRENT_DATA_READY"", ""G11_DATA_QUALITY_PASS"", ""G12_NONCONSTANT"", ""G13_ENGLISH_FULLTEXT_FORMULA_EVIDENCE"", ""G14_INDEPENDENT_SECOND_REVIEW_APPROVAL""]",excluded,RECOVERED_GATE_FAILURE,exact_for_frozen_set_membership_not_original_per_gate_bytes,codex_session_log_nested_membership
EF0329,"{""G01_IN_SCOPE_ROLE"": true, ""G02_ARTICLE_LEVEL"": true, ""G03_PRIMARY_OR_FOUNDATIONAL_EVIDENCE"": true, ""G04_REPRODUCIBLE_DEFINITION_AND_OPERATIONALIZATION"": false, ""G05_PUBLICATION_TIME"": true, ""G06_NO_FUTURE_INFORMATION"": true, ""G07_CURRENT_DATA_READY"": false, ""G08_BIAS_GUARDRAIL"": true, ""G09_NO_FATAL_VALIDITY_CONCERN"": true, ""G10_OUTCOME_BLIND_SELECTION"": true, ""G11_DATA_QUALITY_PASS"": false, ""G12_NONCONSTANT"": false, ""G13_ENGLISH_FULLTEXT_FORMULA_EVIDENCE"": false, ""G14_INDEPENDENT_SECOND_REVIEW_APPROVAL"": false}","[""G04_REPRODUCIBLE_DEFINITION_AND_OPERATIONALIZATION"", ""G07_CURRENT_DATA_READY"", ""G11_DATA_QUALITY_PASS"", ""G12_NONCONSTANT"", ""G13_ENGLISH_FULLTEXT_FORMULA_EVIDENCE"", ""G14_INDEPENDENT_SECOND_REVIEW_APPROVAL""]",excluded,RECOVERED_GATE_FAILURE,exact_for_frozen_set_membership_not_original_per_gate_bytes,codex_session_log_nested_membership
EF0330,"{""G01_IN_SCOPE_ROLE"": true, ""G02_ARTICLE_LEVEL"": true, ""G03_PRIMARY_OR_FOUNDATIONAL_EVIDENCE"": false, ""G04_REPRODUCIBLE_DEFINITION_AND_OPERATIONALIZATION"": false, ""G05_PUBLICATION_TIME"": false, ""G06_NO_FUTURE_INFORMATION"": true, ""G07_CURRENT_DATA_READY"": false, ""G08_BIAS_GUARDRAIL"": true, ""G09_NO_FATAL_VALIDITY_CONCERN"": true, ""G10_OUTCOME_BLIND_SELECTION"": true, ""G11_DATA_QUALITY_PASS"": false, ""G12_NONCONSTANT"": false, ""G13_ENGLISH_FULLTEXT_FORMULA_EVIDENCE"": false, ""G14_INDEPENDENT_SECOND_REVIEW_APPROVAL"": false}","[""G03_PRIMARY_OR_FOUNDATIONAL_EVIDENCE"", ""G04_REPRODUCIBLE_DEFINITION_AND_OPERATIONALIZATION"", ""G05_PUBLICATION_TIME"", ""G07_CURRENT_DATA_READY"", ""G11_DATA_QUALITY_PASS"", ""G12_NONCONSTANT"", ""G13_ENGLISH_FULLTEXT_FORMULA_EVIDENCE"", ""G14_INDEPENDENT_SECOND_REVIEW_APPROVAL""]",excluded,RECOVERED_GATE_FAILURE,exact_for_frozen_set_membership_not_original_per_gate_bytes,codex_session_log_nested_membership
EF0331,"{""G01_IN_SCOPE_ROLE"": true, ""G02_ARTICLE_LEVEL"": true, ""G03_PRIMARY_OR_FOUNDATIONAL_EVIDENCE"": true, ""G04_REPRODUCIBLE_DEFINITION_AND_OPERATIONALIZATION"": false, ""G05_PUBLICATION_TIME"": true, ""G06_NO_FUTURE_INFORMATION"": true, ""G07_CURRENT_DATA_READY"": false, ""G08_BIAS_GUARDRAIL"": true, ""G09_NO_FATAL_VALIDITY_CONCERN"": true, ""G10_OUTCOME_BLIND_SELECTION"": true, ""G11_DATA_QUALITY_PASS"": false, ""G12_NONCONSTANT"": false, ""G13_ENGLISH_FULLTEXT_FORMULA_EVIDENCE"": false, ""G14_INDEPENDENT_SECOND_REVIEW_APPROVAL"": false}","[""G04_REPRODUCIBLE_DEFINITION_AND_OPERATIONALIZATION"", ""G07_CURRENT_DATA_READY"", ""G11_DATA_QUALITY_PASS"", ""G12_NONCONSTANT"", ""G13_ENGLISH_FULLTEXT_FORMULA_EVIDENCE"", ""G14_INDEPENDENT_SECOND_REVIEW_APPROVAL""]",excluded,RECOVERED_GATE_FAILURE,exact_for_frozen_set_membership_not_original_per_gate_bytes,codex_session_log_nested_membership
EF0332,"{""G01_IN_SCOPE_ROLE"": true, ""G02_ARTICLE_LEVEL"": true, ""G03_PRIMARY_OR_FOUNDATIONAL_EVIDENCE"": false, ""G04_REPRODUCIBLE_DEFINITION_AND_OPERATIONALIZATION"": false, ""G05_PUBLICATION_TIME"": false, ""G06_NO_FUTURE_INFORMATION"": true, ""G07_CURRENT_DATA_READY"": false, ""G08_BIAS_GUARDRAIL"": true, ""G09_NO_FATAL_VALIDITY_CONCERN"": true, ""G10_OUTCOME_BLIND_SELECTION"": true, ""G11_DATA_QUALITY_PASS"": false, ""G12_NONCONSTANT"": false, ""G13_ENGLISH_FULLTEXT_FORMULA_EVIDENCE"": false, ""G14_INDEPENDENT_SECOND_REVIEW_APPROVAL"": false}","[""G03_PRIMARY_OR_FOUNDATIONAL_EVIDENCE"", ""G04_REPRODUCIBLE_DEFINITION_AND_OPERATIONALIZATION"", ""G05_PUBLICATION_TIME"", ""G07_CURRENT_DATA_READY"", ""G11_DATA_QUALITY_PASS"", ""G12_NONCONSTANT"", ""G13_ENGLISH_FULLTEXT_FORMULA_EVIDENCE"", ""G14_INDEPENDENT_SECOND_REVIEW_APPROVAL""]",excluded,RECOVERED_GATE_FAILURE,exact_for_frozen_set_membership_not_original_per_gate_bytes,codex_session_log_nested_membership
EF0333,"{""G01_IN_SCOPE_ROLE"": true, ""G02_ARTICLE_LEVEL"": true, ""G03_PRIMARY_OR_FOUNDATIONAL_EVIDENCE"": false, ""G04_REPRODUCIBLE_DEFINITION_AND_OPERATIONALIZATION"": false, ""G05_PUBLICATION_TIME"": false, ""G06_NO_FUTURE_INFORMATION"": true, ""G07_CURRENT_DATA_READY"": false, ""G08_BIAS_GUARDRAIL"": true, ""G09_NO_FATAL_VALIDITY_CONCERN"": true, ""G10_OUTCOME_BLIND_SELECTION"": true, ""G11_DATA_QUALITY_PASS"": false, ""G12_NONCONSTANT"": false, ""G13_ENGLISH_FULLTEXT_FORMULA_EVIDENCE"": false, ""G14_INDEPENDENT_SECOND_REVIEW_APPROVAL"": false}","[""G03_PRIMARY_OR_FOUNDATIONAL_EVIDENCE"", ""G04_REPRODUCIBLE_DEFINITION_AND_OPERATIONALIZATION"", ""G05_PUBLICATION_TIME"", ""G07_CURRENT_DATA_READY"", ""G11_DATA_QUALITY_PASS"", ""G12_NONCONSTANT"", ""G13_ENGLISH_FULLTEXT_FORMULA_EVIDENCE"", ""G14_INDEPENDENT_SECOND_REVIEW_APPROVAL""]",excluded,RECOVERED_GATE_FAILURE,exact_for_frozen_set_membership_not_original_per_gate_bytes,codex_session_log_nested_membership
EF0334,"{""G01_IN_SCOPE_ROLE"": true, ""G02_ARTICLE_LEVEL"": true, ""G03_PRIMARY_OR_FOUNDATIONAL_EVIDENCE"": false, ""G04_REPRODUCIBLE_DEFINITION_AND_OPERATIONALIZATION"": false, ""G05_PUBLICATION_TIME"": true, ""G06_NO_FUTURE_INFORMATION"": true, ""G07_CURRENT_DATA_READY"": false, ""G08_BIAS_GUARDRAIL"": true, ""G09_NO_FATAL_VALIDITY_CONCERN"": true, ""G10_OUTCOME_BLIND_SELECTION"": true, ""G11_DATA_QUALITY_PASS"": false, ""G12_NONCONSTANT"": false, ""G13_ENGLISH_FULLTEXT_FORMULA_EVIDENCE"": false, ""G14_INDEPENDENT_SECOND_REVIEW_APPROVAL"": false}","[""G03_PRIMARY_OR_FOUNDATIONAL_EVIDENCE"", ""G04_REPRODUCIBLE_DEFINITION_AND_OPERATIONALIZATION"", ""G07_CURRENT_DATA_READY"", ""G11_DATA_QUALITY_PASS"", ""G12_NONCONSTANT"", ""G13_ENGLISH_FULLTEXT_FORMULA_EVIDENCE"", ""G14_INDEPENDENT_SECOND_REVIEW_APPROVAL""]",excluded,RECOVERED_GATE_FAILURE,exact_for_frozen_set_membership_not_original_per_gate_bytes,codex_session_log_nested_membership
EF0335,"{""G01_IN_SCOPE_ROLE"": true, ""G02_ARTICLE_LEVEL"": true, ""G03_PRIMARY_OR_FOUNDATIONAL_EVIDENCE"": false, ""G04_REPRODUCIBLE_DEFINITION_AND_OPERATIONALIZATION"": false, ""G05_PUBLICATION_TIME"": false, ""G06_NO_FUTURE_INFORMATION"": true, ""G07_CURRENT_DATA_READY"": false, ""G08_BIAS_GUARDRAIL"": true, ""G09_NO_FATAL_VALIDITY_CONCERN"": true, ""G10_OUTCOME_BLIND_SELECTION"": true, ""G11_DATA_QUALITY_PASS"": false, ""G12_NONCONSTANT"": false, ""G13_ENGLISH_FULLTEXT_FORMULA_EVIDENCE"": false, ""G14_INDEPENDENT_SECOND_REVIEW_APPROVAL"": false}","[""G03_PRIMARY_OR_FOUNDATIONAL_EVIDENCE"", ""G04_REPRODUCIBLE_DEFINITION_AND_OPERATIONALIZATION"", ""G05_PUBLICATION_TIME"", ""G07_CURRENT_DATA_READY"", ""G11_DATA_QUALITY_PASS"", ""G12_NONCONSTANT"", ""G13_ENGLISH_FULLTEXT_FORMULA_EVIDENCE"", ""G14_INDEPENDENT_SECOND_REVIEW_APPROVAL""]",excluded,RECOVERED_GATE_FAILURE,exact_for_frozen_set_membership_not_original_per_gate_bytes,codex_session_log_nested_membership
EF0336,"{""G01_IN_SCOPE_ROLE"": true, ""G02_ARTICLE_LEVEL"": true, ""G03_PRIMARY_OR_FOUNDATIONAL_EVIDENCE"": false, ""G04_REPRODUCIBLE_DEFINITION_AND_OPERATIONALIZATION"": false, ""G05_PUBLICATION_TIME"": true, ""G06_NO_FUTURE_INFORMATION"": true, ""G07_CURRENT_DATA_READY"": false, ""G08_BIAS_GUARDRAIL"": true, ""G09_NO_FATAL_VALIDITY_CONCERN"": true, ""G10_OUTCOME_BLIND_SELECTION"": true, ""G11_DATA_QUALITY_PASS"": false, ""G12_NONCONSTANT"": false, ""G13_ENGLISH_FULLTEXT_FORMULA_EVIDENCE"": false, ""G14_INDEPENDENT_SECOND_REVIEW_APPROVAL"": false}","[""G03_PRIMARY_OR_FOUNDATIONAL_EVIDENCE"", ""G04_REPRODUCIBLE_DEFINITION_AND_OPERATIONALIZATION"", ""G07_CURRENT_DATA_READY"", ""G11_DATA_QUALITY_PASS"", ""G12_NONCONSTANT"", ""G13_ENGLISH_FULLTEXT_FORMULA_EVIDENCE"", ""G14_INDEPENDENT_SECOND_REVIEW_APPROVAL""]",excluded,RECOVERED_GATE_FAILURE,exact_for_frozen_set_membership_not_original_per_gate_bytes,codex_session_log_nested_membership
EF0337,"{""G01_IN_SCOPE_ROLE"": true, ""G02_ARTICLE_LEVEL"": true, ""G03_PRIMARY_OR_FOUNDATIONAL_EVIDENCE"": true, ""G04_REPRODUCIBLE_DEFINITION_AND_OPERATIONALIZATION"": false, ""G05_PUBLICATION_TIME"": true, ""G06_NO_FUTURE_INFORMATION"": true, ""G07_CURRENT_DATA_READY"": false, ""G08_BIAS_GUARDRAIL"": true, ""G09_NO_FATAL_VALIDITY_CONCERN"": true, ""G10_OUTCOME_BLIND_SELECTION"": true, ""G11_DATA_QUALITY_PASS"": false, ""G12_NONCONSTANT"": false, ""G13_ENGLISH_FULLTEXT_FORMULA_EVIDENCE"": false, ""G14_INDEPENDENT_SECOND_REVIEW_APPROVAL"": false}","[""G04_REPRODUCIBLE_DEFINITION_AND_OPERATIONALIZATION"", ""G07_CURRENT_DATA_READY"", ""G11_DATA_QUALITY_PASS"", ""G12_NONCONSTANT"", ""G13_ENGLISH_FULLTEXT_FORMULA_EVIDENCE"", ""G14_INDEPENDENT_SECOND_REVIEW_APPROVAL""]",excluded,RECOVERED_GATE_FAILURE,exact_for_frozen_set_membership_not_original_per_gate_bytes,codex_session_log_nested_membership
EF0338,"{""G01_IN_SCOPE_ROLE"": true, ""G02_ARTICLE_LEVEL"": true, ""G03_PRIMARY_OR_FOUNDATIONAL_EVIDENCE"": false, ""G04_REPRODUCIBLE_DEFINITION_AND_OPERATIONALIZATION"": false, ""G05_PUBLICATION_TIME"": true, ""G06_NO_FUTURE_INFORMATION"": true, ""G07_CURRENT_DATA_READY"": false, ""G08_BIAS_GUARDRAIL"": true, ""G09_NO_FATAL_VALIDITY_CONCERN"": true, ""G10_OUTCOME_BLIND_SELECTION"": true, ""G11_DATA_QUALITY_PASS"": false, ""G12_NONCONSTANT"": false, ""G13_ENGLISH_FULLTEXT_FORMULA_EVIDENCE"": false, ""G14_INDEPENDENT_SECOND_REVIEW_APPROVAL"": false}","[""G03_PRIMARY_OR_FOUNDATIONAL_EVIDENCE"", ""G04_REPRODUCIBLE_DEFINITION_AND_OPERATIONALIZATION"", ""G07_CURRENT_DATA_READY"", ""G11_DATA_QUALITY_PASS"", ""G12_NONCONSTANT"", ""G13_ENGLISH_FULLTEXT_FORMULA_EVIDENCE"", ""G14_INDEPENDENT_SECOND_REVIEW_APPROVAL""]",excluded,RECOVERED_GATE_FAILURE,exact_for_frozen_set_membership_not_original_per_gate_bytes,codex_session_log_nested_membership
EF0339,"{""G01_IN_SCOPE_ROLE"": true, ""G02_ARTICLE_LEVEL"": true, ""G03_PRIMARY_OR_FOUNDATIONAL_EVIDENCE"": false, ""G04_REPRODUCIBLE_DEFINITION_AND_OPERATIONALIZATION"": false, ""G05_PUBLICATION_TIME"": false, ""G06_NO_FUTURE_INFORMATION"": true, ""G07_CURRENT_DATA_READY"": false, ""G08_BIAS_GUARDRAIL"": true, ""G09_NO_FATAL_VALIDITY_CONCERN"": true, ""G10_OUTCOME_BLIND_SELECTION"": true, ""G11_DATA_QUALITY_PASS"": false, ""G12_NONCONSTANT"": false, ""G13_ENGLISH_FULLTEXT_FORMULA_EVIDENCE"": false, ""G14_INDEPENDENT_SECOND_REVIEW_APPROVAL"": false}","[""G03_PRIMARY_OR_FOUNDATIONAL_EVIDENCE"", ""G04_REPRODUCIBLE_DEFINITION_AND_OPERATIONALIZATION"", ""G05_PUBLICATION_TIME"", ""G07_CURRENT_DATA_READY"", ""G11_DATA_QUALITY_PASS"", ""G12_NONCONSTANT"", ""G13_ENGLISH_FULLTEXT_FORMULA_EVIDENCE"", ""G14_INDEPENDENT_SECOND_REVIEW_APPROVAL""]",excluded,RECOVERED_GATE_FAILURE,exact_for_frozen_set_membership_not_original_per_gate_bytes,codex_session_log_nested_membership
EF0340,"{""G01_IN_SCOPE_ROLE"": true, ""G02_ARTICLE_LEVEL"": true, ""G03_PRIMARY_OR_FOUNDATIONAL_EVIDENCE"": true, ""G04_REPRODUCIBLE_DEFINITION_AND_OPERATIONALIZATION"": false, ""G05_PUBLICATION_TIME"": true, ""G06_NO_FUTURE_INFORMATION"": true, ""G07_CURRENT_DATA_READY"": false, ""G08_BIAS_GUARDRAIL"": true, ""G09_NO_FATAL_VALIDITY_CONCERN"": true, ""G10_OUTCOME_BLIND_SELECTION"": true, ""G11_DATA_QUALITY_PASS"": false, ""G12_NONCONSTANT"": false, ""G13_ENGLISH_FULLTEXT_FORMULA_EVIDENCE"": false, ""G14_INDEPENDENT_SECOND_REVIEW_APPROVAL"": false}","[""G04_REPRODUCIBLE_DEFINITION_AND_OPERATIONALIZATION"", ""G07_CURRENT_DATA_READY"", ""G11_DATA_QUALITY_PASS"", ""G12_NONCONSTANT"", ""G13_ENGLISH_FULLTEXT_FORMULA_EVIDENCE"", ""G14_INDEPENDENT_SECOND_REVIEW_APPROVAL""]",excluded,RECOVERED_GATE_FAILURE,exact_for_frozen_set_membership_not_original_per_gate_bytes,codex_session_log_nested_membership
EF0341,"{""G01_IN_SCOPE_ROLE"": true, ""G02_ARTICLE_LEVEL"": true, ""G03_PRIMARY_OR_FOUNDATIONAL_EVIDENCE"": false, ""G04_REPRODUCIBLE_DEFINITION_AND_OPERATIONALIZATION"": false, ""G05_PUBLICATION_TIME"": false, ""G06_NO_FUTURE_INFORMATION"": true, ""G07_CURRENT_DATA_READY"": false, ""G08_BIAS_GUARDRAIL"": true, ""G09_NO_FATAL_VALIDITY_CONCERN"": true, ""G10_OUTCOME_BLIND_SELECTION"": true, ""G11_DATA_QUALITY_PASS"": false, ""G12_NONCONSTANT"": false, ""G13_ENGLISH_FULLTEXT_FORMULA_EVIDENCE"": false, ""G14_INDEPENDENT_SECOND_REVIEW_APPROVAL"": false}","[""G03_PRIMARY_OR_FOUNDATIONAL_EVIDENCE"", ""G04_REPRODUCIBLE_DEFINITION_AND_OPERATIONALIZATION"", ""G05_PUBLICATION_TIME"", ""G07_CURRENT_DATA_READY"", ""G11_DATA_QUALITY_PASS"", ""G12_NONCONSTANT"", ""G13_ENGLISH_FULLTEXT_FORMULA_EVIDENCE"", ""G14_INDEPENDENT_SECOND_REVIEW_APPROVAL""]",excluded,RECOVERED_GATE_FAILURE,exact_for_frozen_set_membership_not_original_per_gate_bytes,codex_session_log_nested_membership
EF0342,"{""G01_IN_SCOPE_ROLE"": true, ""G02_ARTICLE_LEVEL"": true, ""G03_PRIMARY_OR_FOUNDATIONAL_EVIDENCE"": false, ""G04_REPRODUCIBLE_DEFINITION_AND_OPERATIONALIZATION"": false, ""G05_PUBLICATION_TIME"": true, ""G06_NO_FUTURE_INFORMATION"": true, ""G07_CURRENT_DATA_READY"": false, ""G08_BIAS_GUARDRAIL"": true, ""G09_NO_FATAL_VALIDITY_CONCERN"": true, ""G10_OUTCOME_BLIND_SELECTION"": true, ""G11_DATA_QUALITY_PASS"": false, ""G12_NONCONSTANT"": false, ""G13_ENGLISH_FULLTEXT_FORMULA_EVIDENCE"": false, ""G14_INDEPENDENT_SECOND_REVIEW_APPROVAL"": false}","[""G03_PRIMARY_OR_FOUNDATIONAL_EVIDENCE"", ""G04_REPRODUCIBLE_DEFINITION_AND_OPERATIONALIZATION"", ""G07_CURRENT_DATA_READY"", ""G11_DATA_QUALITY_PASS"", ""G12_NONCONSTANT"", ""G13_ENGLISH_FULLTEXT_FORMULA_EVIDENCE"", ""G14_INDEPENDENT_SECOND_REVIEW_APPROVAL""]",excluded,RECOVERED_GATE_FAILURE,exact_for_frozen_set_membership_not_original_per_gate_bytes,codex_session_log_nested_membership
EF0343,"{""G01_IN_SCOPE_ROLE"": true, ""G02_ARTICLE_LEVEL"": true, ""G03_PRIMARY_OR_FOUNDATIONAL_EVIDENCE"": false, ""G04_REPRODUCIBLE_DEFINITION_AND_OPERATIONALIZATION"": false, ""G05_PUBLICATION_TIME"": true, ""G06_NO_FUTURE_INFORMATION"": true, ""G07_CURRENT_DATA_READY"": false, ""G08_BIAS_GUARDRAIL"": true, ""G09_NO_FATAL_VALIDITY_CONCERN"": true, ""G10_OUTCOME_BLIND_SELECTION"": true, ""G11_DATA_QUALITY_PASS"": false, ""G12_NONCONSTANT"": false, ""G13_ENGLISH_FULLTEXT_FORMULA_EVIDENCE"": false, ""G14_INDEPENDENT_SECOND_REVIEW_APPROVAL"": false}","[""G03_PRIMARY_OR_FOUNDATIONAL_EVIDENCE"", ""G04_REPRODUCIBLE_DEFINITION_AND_OPERATIONALIZATION"", ""G07_CURRENT_DATA_READY"", ""G11_DATA_QUALITY_PASS"", ""G12_NONCONSTANT"", ""G13_ENGLISH_FULLTEXT_FORMULA_EVIDENCE"", ""G14_INDEPENDENT_SECOND_REVIEW_APPROVAL""]",excluded,RECOVERED_GATE_FAILURE,exact_for_frozen_set_membership_not_original_per_gate_bytes,codex_session_log_nested_membership
EF0344,"{""G01_IN_SCOPE_ROLE"": true, ""G02_ARTICLE_LEVEL"": true, ""G03_PRIMARY_OR_FOUNDATIONAL_EVIDENCE"": false, ""G04_REPRODUCIBLE_DEFINITION_AND_OPERATIONALIZATION"": false, ""G05_PUBLICATION_TIME"": true, ""G06_NO_FUTURE_INFORMATION"": true, ""G07_CURRENT_DATA_READY"": false, ""G08_BIAS_GUARDRAIL"": true, ""G09_NO_FATAL_VALIDITY_CONCERN"": true, ""G10_OUTCOME_BLIND_SELECTION"": true, ""G11_DATA_QUALITY_PASS"": false, ""G12_NONCONSTANT"": false, ""G13_ENGLISH_FULLTEXT_FORMULA_EVIDENCE"": false, ""G14_INDEPENDENT_SECOND_REVIEW_APPROVAL"": false}","[""G03_PRIMARY_OR_FOUNDATIONAL_EVIDENCE"", ""G04_REPRODUCIBLE_DEFINITION_AND_OPERATIONALIZATION"", ""G07_CURRENT_DATA_READY"", ""G11_DATA_QUALITY_PASS"", ""G12_NONCONSTANT"", ""G13_ENGLISH_FULLTEXT_FORMULA_EVIDENCE"", ""G14_INDEPENDENT_SECOND_REVIEW_APPROVAL""]",excluded,RECOVERED_GATE_FAILURE,exact_for_frozen_set_membership_not_original_per_gate_bytes,codex_session_log_nested_membership
EF0345,"{""G01_IN_SCOPE_ROLE"": true, ""G02_ARTICLE_LEVEL"": true, ""G03_PRIMARY_OR_FOUNDATIONAL_EVIDENCE"": false, ""G04_REPRODUCIBLE_DEFINITION_AND_OPERATIONALIZATION"": false, ""G05_PUBLICATION_TIME"": true, ""G06_NO_FUTURE_INFORMATION"": true, ""G07_CURRENT_DATA_READY"": false, ""G08_BIAS_GUARDRAIL"": true, ""G09_NO_FATAL_VALIDITY_CONCERN"": true, ""G10_OUTCOME_BLIND_SELECTION"": true, ""G11_DATA_QUALITY_PASS"": false, ""G12_NONCONSTANT"": false, ""G13_ENGLISH_FULLTEXT_FORMULA_EVIDENCE"": false, ""G14_INDEPENDENT_SECOND_REVIEW_APPROVAL"": false}","[""G03_PRIMARY_OR_FOUNDATIONAL_EVIDENCE"", ""G04_REPRODUCIBLE_DEFINITION_AND_OPERATIONALIZATION"", ""G07_CURRENT_DATA_READY"", ""G11_DATA_QUALITY_PASS"", ""G12_NONCONSTANT"", ""G13_ENGLISH_FULLTEXT_FORMULA_EVIDENCE"", ""G14_INDEPENDENT_SECOND_REVIEW_APPROVAL""]",excluded,RECOVERED_GATE_FAILURE,exact_for_frozen_set_membership_not_original_per_gate_bytes,codex_session_log_nested_membership
EF0346,"{""G01_IN_SCOPE_ROLE"": true, ""G02_ARTICLE_LEVEL"": true, ""G03_PRIMARY_OR_FOUNDATIONAL_EVIDENCE"": false, ""G04_REPRODUCIBLE_DEFINITION_AND_OPERATIONALIZATION"": false, ""G05_PUBLICATION_TIME"": false, ""G06_NO_FUTURE_INFORMATION"": true, ""G07_CURRENT_DATA_READY"": false, ""G08_BIAS_GUARDRAIL"": true, ""G09_NO_FATAL_VALIDITY_CONCERN"": true, ""G10_OUTCOME_BLIND_SELECTION"": true, ""G11_DATA_QUALITY_PASS"": false, ""G12_NONCONSTANT"": false, ""G13_ENGLISH_FULLTEXT_FORMULA_EVIDENCE"": false, ""G14_INDEPENDENT_SECOND_REVIEW_APPROVAL"": false}","[""G03_PRIMARY_OR_FOUNDATIONAL_EVIDENCE"", ""G04_REPRODUCIBLE_DEFINITION_AND_OPERATIONALIZATION"", ""G05_PUBLICATION_TIME"", ""G07_CURRENT_DATA_READY"", ""G11_DATA_QUALITY_PASS"", ""G12_NONCONSTANT"", ""G13_ENGLISH_FULLTEXT_FORMULA_EVIDENCE"", ""G14_INDEPENDENT_SECOND_REVIEW_APPROVAL""]",excluded,RECOVERED_GATE_FAILURE,exact_for_frozen_set_membership_not_original_per_gate_bytes,codex_session_log_nested_membership
EF0347,"{""G01_IN_SCOPE_ROLE"": true, ""G02_ARTICLE_LEVEL"": true, ""G03_PRIMARY_OR_FOUNDATIONAL_EVIDENCE"": false, ""G04_REPRODUCIBLE_DEFINITION_AND_OPERATIONALIZATION"": false, ""G05_PUBLICATION_TIME"": false, ""G06_NO_FUTURE_INFORMATION"": true, ""G07_CURRENT_DATA_READY"": false, ""G08_BIAS_GUARDRAIL"": true, ""G09_NO_FATAL_VALIDITY_CONCERN"": true, ""G10_OUTCOME_BLIND_SELECTION"": true, ""G11_DATA_QUALITY_PASS"": false, ""G12_NONCONSTANT"": false, ""G13_ENGLISH_FULLTEXT_FORMULA_EVIDENCE"": false, ""G14_INDEPENDENT_SECOND_REVIEW_APPROVAL"": false}","[""G03_PRIMARY_OR_FOUNDATIONAL_EVIDENCE"", ""G04_REPRODUCIBLE_DEFINITION_AND_OPERATIONALIZATION"", ""G05_PUBLICATION_TIME"", ""G07_CURRENT_DATA_READY"", ""G11_DATA_QUALITY_PASS"", ""G12_NONCONSTANT"", ""G13_ENGLISH_FULLTEXT_FORMULA_EVIDENCE"", ""G14_INDEPENDENT_SECOND_REVIEW_APPROVAL""]",excluded,RECOVERED_GATE_FAILURE,exact_for_frozen_set_membership_not_original_per_gate_bytes,codex_session_log_nested_membership
EF0348,"{""G01_IN_SCOPE_ROLE"": true, ""G02_ARTICLE_LEVEL"": true, ""G03_PRIMARY_OR_FOUNDATIONAL_EVIDENCE"": false, ""G04_REPRODUCIBLE_DEFINITION_AND_OPERATIONALIZATION"": false, ""G05_PUBLICATION_TIME"": false, ""G06_NO_FUTURE_INFORMATION"": true, ""G07_CURRENT_DATA_READY"": false, ""G08_BIAS_GUARDRAIL"": true, ""G09_NO_FATAL_VALIDITY_CONCERN"": true, ""G10_OUTCOME_BLIND_SELECTION"": true, ""G11_DATA_QUALITY_PASS"": false, ""G12_NONCONSTANT"": false, ""G13_ENGLISH_FULLTEXT_FORMULA_EVIDENCE"": false, ""G14_INDEPENDENT_SECOND_REVIEW_APPROVAL"": false}","[""G03_PRIMARY_OR_FOUNDATIONAL_EVIDENCE"", ""G04_REPRODUCIBLE_DEFINITION_AND_OPERATIONALIZATION"", ""G05_PUBLICATION_TIME"", ""G07_CURRENT_DATA_READY"", ""G11_DATA_QUALITY_PASS"", ""G12_NONCONSTANT"", ""G13_ENGLISH_FULLTEXT_FORMULA_EVIDENCE"", ""G14_INDEPENDENT_SECOND_REVIEW_APPROVAL""]",excluded,RECOVERED_GATE_FAILURE,exact_for_frozen_set_membership_not_original_per_gate_bytes,codex_session_log_nested_membership
EF0349,"{""G01_IN_SCOPE_ROLE"": true, ""G02_ARTICLE_LEVEL"": true, ""G03_PRIMARY_OR_FOUNDATIONAL_EVIDENCE"": false, ""G04_REPRODUCIBLE_DEFINITION_AND_OPERATIONALIZATION"": false, ""G05_PUBLICATION_TIME"": true, ""G06_NO_FUTURE_INFORMATION"": true, ""G07_CURRENT_DATA_READY"": false, ""G08_BIAS_GUARDRAIL"": true, ""G09_NO_FATAL_VALIDITY_CONCERN"": true, ""G10_OUTCOME_BLIND_SELECTION"": true, ""G11_DATA_QUALITY_PASS"": false, ""G12_NONCONSTANT"": false, ""G13_ENGLISH_FULLTEXT_FORMULA_EVIDENCE"": false, ""G14_INDEPENDENT_SECOND_REVIEW_APPROVAL"": false}","[""G03_PRIMARY_OR_FOUNDATIONAL_EVIDENCE"", ""G04_REPRODUCIBLE_DEFINITION_AND_OPERATIONALIZATION"", ""G07_CURRENT_DATA_READY"", ""G11_DATA_QUALITY_PASS"", ""G12_NONCONSTANT"", ""G13_ENGLISH_FULLTEXT_FORMULA_EVIDENCE"", ""G14_INDEPENDENT_SECOND_REVIEW_APPROVAL""]",excluded,RECOVERED_GATE_FAILURE,exact_for_frozen_set_membership_not_original_per_gate_bytes,codex_session_log_nested_membership
EF0350,"{""G01_IN_SCOPE_ROLE"": true, ""G02_ARTICLE_LEVEL"": true, ""G03_PRIMARY_OR_FOUNDATIONAL_EVIDENCE"": false, ""G04_REPRODUCIBLE_DEFINITION_AND_OPERATIONALIZATION"": false, ""G05_PUBLICATION_TIME"": true, ""G06_NO_FUTURE_INFORMATION"": true, ""G07_CURRENT_DATA_READY"": false, ""G08_BIAS_GUARDRAIL"": true, ""G09_NO_FATAL_VALIDITY_CONCERN"": true, ""G10_OUTCOME_BLIND_SELECTION"": true, ""G11_DATA_QUALITY_PASS"": false, ""G12_NONCONSTANT"": false, ""G13_ENGLISH_FULLTEXT_FORMULA_EVIDENCE"": false, ""G14_INDEPENDENT_SECOND_REVIEW_APPROVAL"": false}","[""G03_PRIMARY_OR_FOUNDATIONAL_EVIDENCE"", ""G04_REPRODUCIBLE_DEFINITION_AND_OPERATIONALIZATION"", ""G07_CURRENT_DATA_READY"", ""G11_DATA_QUALITY_PASS"", ""G12_NONCONSTANT"", ""G13_ENGLISH_FULLTEXT_FORMULA_EVIDENCE"", ""G14_INDEPENDENT_SECOND_REVIEW_APPROVAL""]",excluded,RECOVERED_GATE_FAILURE,exact_for_frozen_set_membership_not_original_per_gate_bytes,codex_session_log_nested_membership
EF0351,"{""G01_IN_SCOPE_ROLE"": true, ""G02_ARTICLE_LEVEL"": true, ""G03_PRIMARY_OR_FOUNDATIONAL_EVIDENCE"": false, ""G04_REPRODUCIBLE_DEFINITION_AND_OPERATIONALIZATION"": false, ""G05_PUBLICATION_TIME"": false, ""G06_NO_FUTURE_INFORMATION"": true, ""G07_CURRENT_DATA_READY"": false, ""G08_BIAS_GUARDRAIL"": true, ""G09_NO_FATAL_VALIDITY_CONCERN"": true, ""G10_OUTCOME_BLIND_SELECTION"": true, ""G11_DATA_QUALITY_PASS"": false, ""G12_NONCONSTANT"": false, ""G13_ENGLISH_FULLTEXT_FORMULA_EVIDENCE"": false, ""G14_INDEPENDENT_SECOND_REVIEW_APPROVAL"": false}","[""G03_PRIMARY_OR_FOUNDATIONAL_EVIDENCE"", ""G04_REPRODUCIBLE_DEFINITION_AND_OPERATIONALIZATION"", ""G05_PUBLICATION_TIME"", ""G07_CURRENT_DATA_READY"", ""G11_DATA_QUALITY_PASS"", ""G12_NONCONSTANT"", ""G13_ENGLISH_FULLTEXT_FORMULA_EVIDENCE"", ""G14_INDEPENDENT_SECOND_REVIEW_APPROVAL""]",excluded,RECOVERED_GATE_FAILURE,exact_for_frozen_set_membership_not_original_per_gate_bytes,codex_session_log_nested_membership
EF0352,"{""G01_IN_SCOPE_ROLE"": true, ""G02_ARTICLE_LEVEL"": true, ""G03_PRIMARY_OR_FOUNDATIONAL_EVIDENCE"": false, ""G04_REPRODUCIBLE_DEFINITION_AND_OPERATIONALIZATION"": false, ""G05_PUBLICATION_TIME"": true, ""G06_NO_FUTURE_INFORMATION"": true, ""G07_CURRENT_DATA_READY"": false, ""G08_BIAS_GUARDRAIL"": true, ""G09_NO_FATAL_VALIDITY_CONCERN"": true, ""G10_OUTCOME_BLIND_SELECTION"": true, ""G11_DATA_QUALITY_PASS"": false, ""G12_NONCONSTANT"": false, ""G13_ENGLISH_FULLTEXT_FORMULA_EVIDENCE"": false, ""G14_INDEPENDENT_SECOND_REVIEW_APPROVAL"": false}","[""G03_PRIMARY_OR_FOUNDATIONAL_EVIDENCE"", ""G04_REPRODUCIBLE_DEFINITION_AND_OPERATIONALIZATION"", ""G07_CURRENT_DATA_READY"", ""G11_DATA_QUALITY_PASS"", ""G12_NONCONSTANT"", ""G13_ENGLISH_FULLTEXT_FORMULA_EVIDENCE"", ""G14_INDEPENDENT_SECOND_REVIEW_APPROVAL""]",excluded,RECOVERED_GATE_FAILURE,exact_for_frozen_set_membership_not_original_per_gate_bytes,codex_session_log_nested_membership
EF0353,"{""G01_IN_SCOPE_ROLE"": true, ""G02_ARTICLE_LEVEL"": true, ""G03_PRIMARY_OR_FOUNDATIONAL_EVIDENCE"": false, ""G04_REPRODUCIBLE_DEFINITION_AND_OPERATIONALIZATION"": false, ""G05_PUBLICATION_TIME"": false, ""G06_NO_FUTURE_INFORMATION"": true, ""G07_CURRENT_DATA_READY"": false, ""G08_BIAS_GUARDRAIL"": true, ""G09_NO_FATAL_VALIDITY_CONCERN"": true, ""G10_OUTCOME_BLIND_SELECTION"": true, ""G11_DATA_QUALITY_PASS"": false, ""G12_NONCONSTANT"": false, ""G13_ENGLISH_FULLTEXT_FORMULA_EVIDENCE"": false, ""G14_INDEPENDENT_SECOND_REVIEW_APPROVAL"": false}","[""G03_PRIMARY_OR_FOUNDATIONAL_EVIDENCE"", ""G04_REPRODUCIBLE_DEFINITION_AND_OPERATIONALIZATION"", ""G05_PUBLICATION_TIME"", ""G07_CURRENT_DATA_READY"", ""G11_DATA_QUALITY_PASS"", ""G12_NONCONSTANT"", ""G13_ENGLISH_FULLTEXT_FORMULA_EVIDENCE"", ""G14_INDEPENDENT_SECOND_REVIEW_APPROVAL""]",excluded,RECOVERED_GATE_FAILURE,exact_for_frozen_set_membership_not_original_per_gate_bytes,codex_session_log_nested_membership
EF0354,"{""G01_IN_SCOPE_ROLE"": true, ""G02_ARTICLE_LEVEL"": true, ""G03_PRIMARY_OR_FOUNDATIONAL_EVIDENCE"": false, ""G04_REPRODUCIBLE_DEFINITION_AND_OPERATIONALIZATION"": false, ""G05_PUBLICATION_TIME"": false, ""G06_NO_FUTURE_INFORMATION"": true, ""G07_CURRENT_DATA_READY"": false, ""G08_BIAS_GUARDRAIL"": true, ""G09_NO_FATAL_VALIDITY_CONCERN"": true, ""G10_OUTCOME_BLIND_SELECTION"": true, ""G11_DATA_QUALITY_PASS"": false, ""G12_NONCONSTANT"": false, ""G13_ENGLISH_FULLTEXT_FORMULA_EVIDENCE"": false, ""G14_INDEPENDENT_SECOND_REVIEW_APPROVAL"": false}","[""G03_PRIMARY_OR_FOUNDATIONAL_EVIDENCE"", ""G04_REPRODUCIBLE_DEFINITION_AND_OPERATIONALIZATION"", ""G05_PUBLICATION_TIME"", ""G07_CURRENT_DATA_READY"", ""G11_DATA_QUALITY_PASS"", ""G12_NONCONSTANT"", ""G13_ENGLISH_FULLTEXT_FORMULA_EVIDENCE"", ""G14_INDEPENDENT_SECOND_REVIEW_APPROVAL""]",excluded,RECOVERED_GATE_FAILURE,exact_for_frozen_set_membership_not_original_per_gate_bytes,codex_session_log_nested_membership
EF0355,"{""G01_IN_SCOPE_ROLE"": true, ""G02_ARTICLE_LEVEL"": true, ""G03_PRIMARY_OR_FOUNDATIONAL_EVIDENCE"": false, ""G04_REPRODUCIBLE_DEFINITION_AND_OPERATIONALIZATION"": false, ""G05_PUBLICATION_TIME"": false, ""G06_NO_FUTURE_INFORMATION"": true, ""G07_CURRENT_DATA_READY"": false, ""G08_BIAS_GUARDRAIL"": true, ""G09_NO_FATAL_VALIDITY_CONCERN"": true, ""G10_OUTCOME_BLIND_SELECTION"": true, ""G11_DATA_QUALITY_PASS"": false, ""G12_NONCONSTANT"": false, ""G13_ENGLISH_FULLTEXT_FORMULA_EVIDENCE"": false, ""G14_INDEPENDENT_SECOND_REVIEW_APPROVAL"": false}","[""G03_PRIMARY_OR_FOUNDATIONAL_EVIDENCE"", ""G04_REPRODUCIBLE_DEFINITION_AND_OPERATIONALIZATION"", ""G05_PUBLICATION_TIME"", ""G07_CURRENT_DATA_READY"", ""G11_DATA_QUALITY_PASS"", ""G12_NONCONSTANT"", ""G13_ENGLISH_FULLTEXT_FORMULA_EVIDENCE"", ""G14_INDEPENDENT_SECOND_REVIEW_APPROVAL""]",excluded,RECOVERED_GATE_FAILURE,exact_for_frozen_set_membership_not_original_per_gate_bytes,codex_session_log_nested_membership
EF0356,"{""G01_IN_SCOPE_ROLE"": true, ""G02_ARTICLE_LEVEL"": true, ""G03_PRIMARY_OR_FOUNDATIONAL_EVIDENCE"": false, ""G04_REPRODUCIBLE_DEFINITION_AND_OPERATIONALIZATION"": false, ""G05_PUBLICATION_TIME"": true, ""G06_NO_FUTURE_INFORMATION"": true, ""G07_CURRENT_DATA_READY"": false, ""G08_BIAS_GUARDRAIL"": true, ""G09_NO_FATAL_VALIDITY_CONCERN"": true, ""G10_OUTCOME_BLIND_SELECTION"": true, ""G11_DATA_QUALITY_PASS"": false, ""G12_NONCONSTANT"": false, ""G13_ENGLISH_FULLTEXT_FORMULA_EVIDENCE"": false, ""G14_INDEPENDENT_SECOND_REVIEW_APPROVAL"": false}","[""G03_PRIMARY_OR_FOUNDATIONAL_EVIDENCE"", ""G04_REPRODUCIBLE_DEFINITION_AND_OPERATIONALIZATION"", ""G07_CURRENT_DATA_READY"", ""G11_DATA_QUALITY_PASS"", ""G12_NONCONSTANT"", ""G13_ENGLISH_FULLTEXT_FORMULA_EVIDENCE"", ""G14_INDEPENDENT_SECOND_REVIEW_APPROVAL""]",excluded,RECOVERED_GATE_FAILURE,exact_for_frozen_set_membership_not_original_per_gate_bytes,codex_session_log_nested_membership
EF0357,"{""G01_IN_SCOPE_ROLE"": true, ""G02_ARTICLE_LEVEL"": true, ""G03_PRIMARY_OR_FOUNDATIONAL_EVIDENCE"": false, ""G04_REPRODUCIBLE_DEFINITION_AND_OPERATIONALIZATION"": false, ""G05_PUBLICATION_TIME"": true, ""G06_NO_FUTURE_INFORMATION"": true, ""G07_CURRENT_DATA_READY"": false, ""G08_BIAS_GUARDRAIL"": true, ""G09_NO_FATAL_VALIDITY_CONCERN"": true, ""G10_OUTCOME_BLIND_SELECTION"": true, ""G11_DATA_QUALITY_PASS"": false, ""G12_NONCONSTANT"": false, ""G13_ENGLISH_FULLTEXT_FORMULA_EVIDENCE"": false, ""G14_INDEPENDENT_SECOND_REVIEW_APPROVAL"": false}","[""G03_PRIMARY_OR_FOUNDATIONAL_EVIDENCE"", ""G04_REPRODUCIBLE_DEFINITION_AND_OPERATIONALIZATION"", ""G07_CURRENT_DATA_READY"", ""G11_DATA_QUALITY_PASS"", ""G12_NONCONSTANT"", ""G13_ENGLISH_FULLTEXT_FORMULA_EVIDENCE"", ""G14_INDEPENDENT_SECOND_REVIEW_APPROVAL""]",excluded,RECOVERED_GATE_FAILURE,exact_for_frozen_set_membership_not_original_per_gate_bytes,codex_session_log_nested_membership
EF0358,"{""G01_IN_SCOPE_ROLE"": true, ""G02_ARTICLE_LEVEL"": true, ""G03_PRIMARY_OR_FOUNDATIONAL_EVIDENCE"": false, ""G04_REPRODUCIBLE_DEFINITION_AND_OPERATIONALIZATION"": false, ""G05_PUBLICATION_TIME"": false, ""G06_NO_FUTURE_INFORMATION"": true, ""G07_CURRENT_DATA_READY"": false, ""G08_BIAS_GUARDRAIL"": true, ""G09_NO_FATAL_VALIDITY_CONCERN"": true, ""G10_OUTCOME_BLIND_SELECTION"": true, ""G11_DATA_QUALITY_PASS"": false, ""G12_NONCONSTANT"": false, ""G13_ENGLISH_FULLTEXT_FORMULA_EVIDENCE"": false, ""G14_INDEPENDENT_SECOND_REVIEW_APPROVAL"": false}","[""G03_PRIMARY_OR_FOUNDATIONAL_EVIDENCE"", ""G04_REPRODUCIBLE_DEFINITION_AND_OPERATIONALIZATION"", ""G05_PUBLICATION_TIME"", ""G07_CURRENT_DATA_READY"", ""G11_DATA_QUALITY_PASS"", ""G12_NONCONSTANT"", ""G13_ENGLISH_FULLTEXT_FORMULA_EVIDENCE"", ""G14_INDEPENDENT_SECOND_REVIEW_APPROVAL""]",excluded,RECOVERED_GATE_FAILURE,exact_for_frozen_set_membership_not_original_per_gate_bytes,codex_session_log_nested_membership
EF0359,"{""G01_IN_SCOPE_ROLE"": true, ""G02_ARTICLE_LEVEL"": true, ""G03_PRIMARY_OR_FOUNDATIONAL_EVIDENCE"": false, ""G04_REPRODUCIBLE_DEFINITION_AND_OPERATIONALIZATION"": false, ""G05_PUBLICATION_TIME"": false, ""G06_NO_FUTURE_INFORMATION"": true, ""G07_CURRENT_DATA_READY"": false, ""G08_BIAS_GUARDRAIL"": true, ""G09_NO_FATAL_VALIDITY_CONCERN"": true, ""G10_OUTCOME_BLIND_SELECTION"": true, ""G11_DATA_QUALITY_PASS"": false, ""G12_NONCONSTANT"": false, ""G13_ENGLISH_FULLTEXT_FORMULA_EVIDENCE"": false, ""G14_INDEPENDENT_SECOND_REVIEW_APPROVAL"": false}","[""G03_PRIMARY_OR_FOUNDATIONAL_EVIDENCE"", ""G04_REPRODUCIBLE_DEFINITION_AND_OPERATIONALIZATION"", ""G05_PUBLICATION_TIME"", ""G07_CURRENT_DATA_READY"", ""G11_DATA_QUALITY_PASS"", ""G12_NONCONSTANT"", ""G13_ENGLISH_FULLTEXT_FORMULA_EVIDENCE"", ""G14_INDEPENDENT_SECOND_REVIEW_APPROVAL""]",excluded,RECOVERED_GATE_FAILURE,exact_for_frozen_set_membership_not_original_per_gate_bytes,codex_session_log_nested_membership
EF0360,"{""G01_IN_SCOPE_ROLE"": true, ""G02_ARTICLE_LEVEL"": true, ""G03_PRIMARY_OR_FOUNDATIONAL_EVIDENCE"": false, ""G04_REPRODUCIBLE_DEFINITION_AND_OPERATIONALIZATION"": false, ""G05_PUBLICATION_TIME"": true, ""G06_NO_FUTURE_INFORMATION"": true, ""G07_CURRENT_DATA_READY"": false, ""G08_BIAS_GUARDRAIL"": true, ""G09_NO_FATAL_VALIDITY_CONCERN"": true, ""G10_OUTCOME_BLIND_SELECTION"": true, ""G11_DATA_QUALITY_PASS"": false, ""G12_NONCONSTANT"": false, ""G13_ENGLISH_FULLTEXT_FORMULA_EVIDENCE"": false, ""G14_INDEPENDENT_SECOND_REVIEW_APPROVAL"": false}","[""G03_PRIMARY_OR_FOUNDATIONAL_EVIDENCE"", ""G04_REPRODUCIBLE_DEFINITION_AND_OPERATIONALIZATION"", ""G07_CURRENT_DATA_READY"", ""G11_DATA_QUALITY_PASS"", ""G12_NONCONSTANT"", ""G13_ENGLISH_FULLTEXT_FORMULA_EVIDENCE"", ""G14_INDEPENDENT_SECOND_REVIEW_APPROVAL""]",excluded,RECOVERED_GATE_FAILURE,exact_for_frozen_set_membership_not_original_per_gate_bytes,codex_session_log_nested_membership
EF0361,"{""G01_IN_SCOPE_ROLE"": true, ""G02_ARTICLE_LEVEL"": true, ""G03_PRIMARY_OR_FOUNDATIONAL_EVIDENCE"": false, ""G04_REPRODUCIBLE_DEFINITION_AND_OPERATIONALIZATION"": false, ""G05_PUBLICATION_TIME"": true, ""G06_NO_FUTURE_INFORMATION"": true, ""G07_CURRENT_DATA_READY"": false, ""G08_BIAS_GUARDRAIL"": true, ""G09_NO_FATAL_VALIDITY_CONCERN"": true, ""G10_OUTCOME_BLIND_SELECTION"": true, ""G11_DATA_QUALITY_PASS"": false, ""G12_NONCONSTANT"": false, ""G13_ENGLISH_FULLTEXT_FORMULA_EVIDENCE"": false, ""G14_INDEPENDENT_SECOND_REVIEW_APPROVAL"": false}","[""G03_PRIMARY_OR_FOUNDATIONAL_EVIDENCE"", ""G04_REPRODUCIBLE_DEFINITION_AND_OPERATIONALIZATION"", ""G07_CURRENT_DATA_READY"", ""G11_DATA_QUALITY_PASS"", ""G12_NONCONSTANT"", ""G13_ENGLISH_FULLTEXT_FORMULA_EVIDENCE"", ""G14_INDEPENDENT_SECOND_REVIEW_APPROVAL""]",excluded,RECOVERED_GATE_FAILURE,exact_for_frozen_set_membership_not_original_per_gate_bytes,codex_session_log_nested_membership
EF0362,"{""G01_IN_SCOPE_ROLE"": true, ""G02_ARTICLE_LEVEL"": true, ""G03_PRIMARY_OR_FOUNDATIONAL_EVIDENCE"": false, ""G04_REPRODUCIBLE_DEFINITION_AND_OPERATIONALIZATION"": false, ""G05_PUBLICATION_TIME"": false, ""G06_NO_FUTURE_INFORMATION"": true, ""G07_CURRENT_DATA_READY"": false, ""G08_BIAS_GUARDRAIL"": true, ""G09_NO_FATAL_VALIDITY_CONCERN"": true, ""G10_OUTCOME_BLIND_SELECTION"": true, ""G11_DATA_QUALITY_PASS"": false, ""G12_NONCONSTANT"": false, ""G13_ENGLISH_FULLTEXT_FORMULA_EVIDENCE"": false, ""G14_INDEPENDENT_SECOND_REVIEW_APPROVAL"": false}","[""G03_PRIMARY_OR_FOUNDATIONAL_EVIDENCE"", ""G04_REPRODUCIBLE_DEFINITION_AND_OPERATIONALIZATION"", ""G05_PUBLICATION_TIME"", ""G07_CURRENT_DATA_READY"", ""G11_DATA_QUALITY_PASS"", ""G12_NONCONSTANT"", ""G13_ENGLISH_FULLTEXT_FORMULA_EVIDENCE"", ""G14_INDEPENDENT_SECOND_REVIEW_APPROVAL""]",excluded,RECOVERED_GATE_FAILURE,exact_for_frozen_set_membership_not_original_per_gate_bytes,codex_session_log_nested_membership
EF0363,"{""G01_IN_SCOPE_ROLE"": true, ""G02_ARTICLE_LEVEL"": true, ""G03_PRIMARY_OR_FOUNDATIONAL_EVIDENCE"": false, ""G04_REPRODUCIBLE_DEFINITION_AND_OPERATIONALIZATION"": false, ""G05_PUBLICATION_TIME"": true, ""G06_NO_FUTURE_INFORMATION"": true, ""G07_CURRENT_DATA_READY"": false, ""G08_BIAS_GUARDRAIL"": true, ""G09_NO_FATAL_VALIDITY_CONCERN"": true, ""G10_OUTCOME_BLIND_SELECTION"": true, ""G11_DATA_QUALITY_PASS"": false, ""G12_NONCONSTANT"": false, ""G13_ENGLISH_FULLTEXT_FORMULA_EVIDENCE"": false, ""G14_INDEPENDENT_SECOND_REVIEW_APPROVAL"": false}","[""G03_PRIMARY_OR_FOUNDATIONAL_EVIDENCE"", ""G04_REPRODUCIBLE_DEFINITION_AND_OPERATIONALIZATION"", ""G07_CURRENT_DATA_READY"", ""G11_DATA_QUALITY_PASS"", ""G12_NONCONSTANT"", ""G13_ENGLISH_FULLTEXT_FORMULA_EVIDENCE"", ""G14_INDEPENDENT_SECOND_REVIEW_APPROVAL""]",excluded,RECOVERED_GATE_FAILURE,exact_for_frozen_set_membership_not_original_per_gate_bytes,codex_session_log_nested_membership
EF0364,"{""G01_IN_SCOPE_ROLE"": true, ""G02_ARTICLE_LEVEL"": true, ""G03_PRIMARY_OR_FOUNDATIONAL_EVIDENCE"": false, ""G04_REPRODUCIBLE_DEFINITION_AND_OPERATIONALIZATION"": false, ""G05_PUBLICATION_TIME"": false, ""G06_NO_FUTURE_INFORMATION"": true, ""G07_CURRENT_DATA_READY"": false, ""G08_BIAS_GUARDRAIL"": true, ""G09_NO_FATAL_VALIDITY_CONCERN"": true, ""G10_OUTCOME_BLIND_SELECTION"": true, ""G11_DATA_QUALITY_PASS"": false, ""G12_NONCONSTANT"": false, ""G13_ENGLISH_FULLTEXT_FORMULA_EVIDENCE"": false, ""G14_INDEPENDENT_SECOND_REVIEW_APPROVAL"": false}","[""G03_PRIMARY_OR_FOUNDATIONAL_EVIDENCE"", ""G04_REPRODUCIBLE_DEFINITION_AND_OPERATIONALIZATION"", ""G05_PUBLICATION_TIME"", ""G07_CURRENT_DATA_READY"", ""G11_DATA_QUALITY_PASS"", ""G12_NONCONSTANT"", ""G13_ENGLISH_FULLTEXT_FORMULA_EVIDENCE"", ""G14_INDEPENDENT_SECOND_REVIEW_APPROVAL""]",excluded,RECOVERED_GATE_FAILURE,exact_for_frozen_set_membership_not_original_per_gate_bytes,codex_session_log_nested_membership
EF0365,"{""G01_IN_SCOPE_ROLE"": true, ""G02_ARTICLE_LEVEL"": true, ""G03_PRIMARY_OR_FOUNDATIONAL_EVIDENCE"": true, ""G04_REPRODUCIBLE_DEFINITION_AND_OPERATIONALIZATION"": false, ""G05_PUBLICATION_TIME"": true, ""G06_NO_FUTURE_INFORMATION"": true, ""G07_CURRENT_DATA_READY"": false, ""G08_BIAS_GUARDRAIL"": true, ""G09_NO_FATAL_VALIDITY_CONCERN"": true, ""G10_OUTCOME_BLIND_SELECTION"": true, ""G11_DATA_QUALITY_PASS"": false, ""G12_NONCONSTANT"": false, ""G13_ENGLISH_FULLTEXT_FORMULA_EVIDENCE"": false, ""G14_INDEPENDENT_SECOND_REVIEW_APPROVAL"": false}","[""G04_REPRODUCIBLE_DEFINITION_AND_OPERATIONALIZATION"", ""G07_CURRENT_DATA_READY"", ""G11_DATA_QUALITY_PASS"", ""G12_NONCONSTANT"", ""G13_ENGLISH_FULLTEXT_FORMULA_EVIDENCE"", ""G14_INDEPENDENT_SECOND_REVIEW_APPROVAL""]",excluded,RECOVERED_GATE_FAILURE,exact_for_frozen_set_membership_not_original_per_gate_bytes,codex_session_log_nested_membership
EF0366,"{""G01_IN_SCOPE_ROLE"": true, ""G02_ARTICLE_LEVEL"": true, ""G03_PRIMARY_OR_FOUNDATIONAL_EVIDENCE"": false, ""G04_REPRODUCIBLE_DEFINITION_AND_OPERATIONALIZATION"": false, ""G05_PUBLICATION_TIME"": true, ""G06_NO_FUTURE_INFORMATION"": true, ""G07_CURRENT_DATA_READY"": false, ""G08_BIAS_GUARDRAIL"": true, ""G09_NO_FATAL_VALIDITY_CONCERN"": true, ""G10_OUTCOME_BLIND_SELECTION"": true, ""G11_DATA_QUALITY_PASS"": false, ""G12_NONCONSTANT"": false, ""G13_ENGLISH_FULLTEXT_FORMULA_EVIDENCE"": false, ""G14_INDEPENDENT_SECOND_REVIEW_APPROVAL"": false}","[""G03_PRIMARY_OR_FOUNDATIONAL_EVIDENCE"", ""G04_REPRODUCIBLE_DEFINITION_AND_OPERATIONALIZATION"", ""G07_CURRENT_DATA_READY"", ""G11_DATA_QUALITY_PASS"", ""G12_NONCONSTANT"", ""G13_ENGLISH_FULLTEXT_FORMULA_EVIDENCE"", ""G14_INDEPENDENT_SECOND_REVIEW_APPROVAL""]",excluded,RECOVERED_GATE_FAILURE,exact_for_frozen_set_membership_not_original_per_gate_bytes,codex_session_log_nested_membership
EF0367,"{""G01_IN_SCOPE_ROLE"": true, ""G02_ARTICLE_LEVEL"": true, ""G03_PRIMARY_OR_FOUNDATIONAL_EVIDENCE"": false, ""G04_REPRODUCIBLE_DEFINITION_AND_OPERATIONALIZATION"": false, ""G05_PUBLICATION_TIME"": false, ""G06_NO_FUTURE_INFORMATION"": true, ""G07_CURRENT_DATA_READY"": false, ""G08_BIAS_GUARDRAIL"": true, ""G09_NO_FATAL_VALIDITY_CONCERN"": true, ""G10_OUTCOME_BLIND_SELECTION"": true, ""G11_DATA_QUALITY_PASS"": false, ""G12_NONCONSTANT"": false, ""G13_ENGLISH_FULLTEXT_FORMULA_EVIDENCE"": false, ""G14_INDEPENDENT_SECOND_REVIEW_APPROVAL"": false}","[""G03_PRIMARY_OR_FOUNDATIONAL_EVIDENCE"", ""G04_REPRODUCIBLE_DEFINITION_AND_OPERATIONALIZATION"", ""G05_PUBLICATION_TIME"", ""G07_CURRENT_DATA_READY"", ""G11_DATA_QUALITY_PASS"", ""G12_NONCONSTANT"", ""G13_ENGLISH_FULLTEXT_FORMULA_EVIDENCE"", ""G14_INDEPENDENT_SECOND_REVIEW_APPROVAL""]",excluded,RECOVERED_GATE_FAILURE,exact_for_frozen_set_membership_not_original_per_gate_bytes,codex_session_log_nested_membership
EF0368,"{""G01_IN_SCOPE_ROLE"": true, ""G02_ARTICLE_LEVEL"": true, ""G03_PRIMARY_OR_FOUNDATIONAL_EVIDENCE"": false, ""G04_REPRODUCIBLE_DEFINITION_AND_OPERATIONALIZATION"": false, ""G05_PUBLICATION_TIME"": false, ""G06_NO_FUTURE_INFORMATION"": true, ""G07_CURRENT_DATA_READY"": false, ""G08_BIAS_GUARDRAIL"": true, ""G09_NO_FATAL_VALIDITY_CONCERN"": true, ""G10_OUTCOME_BLIND_SELECTION"": true, ""G11_DATA_QUALITY_PASS"": false, ""G12_NONCONSTANT"": false, ""G13_ENGLISH_FULLTEXT_FORMULA_EVIDENCE"": false, ""G14_INDEPENDENT_SECOND_REVIEW_APPROVAL"": false}","[""G03_PRIMARY_OR_FOUNDATIONAL_EVIDENCE"", ""G04_REPRODUCIBLE_DEFINITION_AND_OPERATIONALIZATION"", ""G05_PUBLICATION_TIME"", ""G07_CURRENT_DATA_READY"", ""G11_DATA_QUALITY_PASS"", ""G12_NONCONSTANT"", ""G13_ENGLISH_FULLTEXT_FORMULA_EVIDENCE"", ""G14_INDEPENDENT_SECOND_REVIEW_APPROVAL""]",excluded,RECOVERED_GATE_FAILURE,exact_for_frozen_set_membership_not_original_per_gate_bytes,codex_session_log_nested_membership
EF0369,"{""G01_IN_SCOPE_ROLE"": true, ""G02_ARTICLE_LEVEL"": true, ""G03_PRIMARY_OR_FOUNDATIONAL_EVIDENCE"": false, ""G04_REPRODUCIBLE_DEFINITION_AND_OPERATIONALIZATION"": false, ""G05_PUBLICATION_TIME"": false, ""G06_NO_FUTURE_INFORMATION"": true, ""G07_CURRENT_DATA_READY"": false, ""G08_BIAS_GUARDRAIL"": true, ""G09_NO_FATAL_VALIDITY_CONCERN"": true, ""G10_OUTCOME_BLIND_SELECTION"": true, ""G11_DATA_QUALITY_PASS"": false, ""G12_NONCONSTANT"": false, ""G13_ENGLISH_FULLTEXT_FORMULA_EVIDENCE"": false, ""G14_INDEPENDENT_SECOND_REVIEW_APPROVAL"": false}","[""G03_PRIMARY_OR_FOUNDATIONAL_EVIDENCE"", ""G04_REPRODUCIBLE_DEFINITION_AND_OPERATIONALIZATION"", ""G05_PUBLICATION_TIME"", ""G07_CURRENT_DATA_READY"", ""G11_DATA_QUALITY_PASS"", ""G12_NONCONSTANT"", ""G13_ENGLISH_FULLTEXT_FORMULA_EVIDENCE"", ""G14_INDEPENDENT_SECOND_REVIEW_APPROVAL""]",excluded,RECOVERED_GATE_FAILURE,exact_for_frozen_set_membership_not_original_per_gate_bytes,codex_session_log_nested_membership
EF0370,"{""G01_IN_SCOPE_ROLE"": true, ""G02_ARTICLE_LEVEL"": true, ""G03_PRIMARY_OR_FOUNDATIONAL_EVIDENCE"": false, ""G04_REPRODUCIBLE_DEFINITION_AND_OPERATIONALIZATION"": false, ""G05_PUBLICATION_TIME"": false, ""G06_NO_FUTURE_INFORMATION"": true, ""G07_CURRENT_DATA_READY"": false, ""G08_BIAS_GUARDRAIL"": true, ""G09_NO_FATAL_VALIDITY_CONCERN"": true, ""G10_OUTCOME_BLIND_SELECTION"": true, ""G11_DATA_QUALITY_PASS"": false, ""G12_NONCONSTANT"": false, ""G13_ENGLISH_FULLTEXT_FORMULA_EVIDENCE"": false, ""G14_INDEPENDENT_SECOND_REVIEW_APPROVAL"": false}","[""G03_PRIMARY_OR_FOUNDATIONAL_EVIDENCE"", ""G04_REPRODUCIBLE_DEFINITION_AND_OPERATIONALIZATION"", ""G05_PUBLICATION_TIME"", ""G07_CURRENT_DATA_READY"", ""G11_DATA_QUALITY_PASS"", ""G12_NONCONSTANT"", ""G13_ENGLISH_FULLTEXT_FORMULA_EVIDENCE"", ""G14_INDEPENDENT_SECOND_REVIEW_APPROVAL""]",excluded,RECOVERED_GATE_FAILURE,exact_for_frozen_set_membership_not_original_per_gate_bytes,codex_session_log_nested_membership
EF0371,"{""G01_IN_SCOPE_ROLE"": true, ""G02_ARTICLE_LEVEL"": true, ""G03_PRIMARY_OR_FOUNDATIONAL_EVIDENCE"": true, ""G04_REPRODUCIBLE_DEFINITION_AND_OPERATIONALIZATION"": false, ""G05_PUBLICATION_TIME"": true, ""G06_NO_FUTURE_INFORMATION"": true, ""G07_CURRENT_DATA_READY"": false, ""G08_BIAS_GUARDRAIL"": true, ""G09_NO_FATAL_VALIDITY_CONCERN"": true, ""G10_OUTCOME_BLIND_SELECTION"": true, ""G11_DATA_QUALITY_PASS"": false, ""G12_NONCONSTANT"": false, ""G13_ENGLISH_FULLTEXT_FORMULA_EVIDENCE"": false, ""G14_INDEPENDENT_SECOND_REVIEW_APPROVAL"": false}","[""G04_REPRODUCIBLE_DEFINITION_AND_OPERATIONALIZATION"", ""G07_CURRENT_DATA_READY"", ""G11_DATA_QUALITY_PASS"", ""G12_NONCONSTANT"", ""G13_ENGLISH_FULLTEXT_FORMULA_EVIDENCE"", ""G14_INDEPENDENT_SECOND_REVIEW_APPROVAL""]",excluded,RECOVERED_GATE_FAILURE,exact_for_frozen_set_membership_not_original_per_gate_bytes,codex_session_log_nested_membership
EF0372,"{""G01_IN_SCOPE_ROLE"": true, ""G02_ARTICLE_LEVEL"": true, ""G03_PRIMARY_OR_FOUNDATIONAL_EVIDENCE"": false, ""G04_REPRODUCIBLE_DEFINITION_AND_OPERATIONALIZATION"": false, ""G05_PUBLICATION_TIME"": false, ""G06_NO_FUTURE_INFORMATION"": true, ""G07_CURRENT_DATA_READY"": false, ""G08_BIAS_GUARDRAIL"": true, ""G09_NO_FATAL_VALIDITY_CONCERN"": true, ""G10_OUTCOME_BLIND_SELECTION"": true, ""G11_DATA_QUALITY_PASS"": false, ""G12_NONCONSTANT"": false, ""G13_ENGLISH_FULLTEXT_FORMULA_EVIDENCE"": false, ""G14_INDEPENDENT_SECOND_REVIEW_APPROVAL"": false}","[""G03_PRIMARY_OR_FOUNDATIONAL_EVIDENCE"", ""G04_REPRODUCIBLE_DEFINITION_AND_OPERATIONALIZATION"", ""G05_PUBLICATION_TIME"", ""G07_CURRENT_DATA_READY"", ""G11_DATA_QUALITY_PASS"", ""G12_NONCONSTANT"", ""G13_ENGLISH_FULLTEXT_FORMULA_EVIDENCE"", ""G14_INDEPENDENT_SECOND_REVIEW_APPROVAL""]",excluded,RECOVERED_GATE_FAILURE,exact_for_frozen_set_membership_not_original_per_gate_bytes,codex_session_log_nested_membership
EF0373,"{""G01_IN_SCOPE_ROLE"": true, ""G02_ARTICLE_LEVEL"": true, ""G03_PRIMARY_OR_FOUNDATIONAL_EVIDENCE"": false, ""G04_REPRODUCIBLE_DEFINITION_AND_OPERATIONALIZATION"": false, ""G05_PUBLICATION_TIME"": false, ""G06_NO_FUTURE_INFORMATION"": true, ""G07_CURRENT_DATA_READY"": false, ""G08_BIAS_GUARDRAIL"": true, ""G09_NO_FATAL_VALIDITY_CONCERN"": true, ""G10_OUTCOME_BLIND_SELECTION"": true, ""G11_DATA_QUALITY_PASS"": false, ""G12_NONCONSTANT"": false, ""G13_ENGLISH_FULLTEXT_FORMULA_EVIDENCE"": false, ""G14_INDEPENDENT_SECOND_REVIEW_APPROVAL"": false}","[""G03_PRIMARY_OR_FOUNDATIONAL_EVIDENCE"", ""G04_REPRODUCIBLE_DEFINITION_AND_OPERATIONALIZATION"", ""G05_PUBLICATION_TIME"", ""G07_CURRENT_DATA_READY"", ""G11_DATA_QUALITY_PASS"", ""G12_NONCONSTANT"", ""G13_ENGLISH_FULLTEXT_FORMULA_EVIDENCE"", ""G14_INDEPENDENT_SECOND_REVIEW_APPROVAL""]",excluded,RECOVERED_GATE_FAILURE,exact_for_frozen_set_membership_not_original_per_gate_bytes,codex_session_log_nested_membership
EF0374,"{""G01_IN_SCOPE_ROLE"": true, ""G02_ARTICLE_LEVEL"": true, ""G03_PRIMARY_OR_FOUNDATIONAL_EVIDENCE"": false, ""G04_REPRODUCIBLE_DEFINITION_AND_OPERATIONALIZATION"": false, ""G05_PUBLICATION_TIME"": false, ""G06_NO_FUTURE_INFORMATION"": true, ""G07_CURRENT_DATA_READY"": false, ""G08_BIAS_GUARDRAIL"": true, ""G09_NO_FATAL_VALIDITY_CONCERN"": true, ""G10_OUTCOME_BLIND_SELECTION"": true, ""G11_DATA_QUALITY_PASS"": false, ""G12_NONCONSTANT"": false, ""G13_ENGLISH_FULLTEXT_FORMULA_EVIDENCE"": false, ""G14_INDEPENDENT_SECOND_REVIEW_APPROVAL"": false}","[""G03_PRIMARY_OR_FOUNDATIONAL_EVIDENCE"", ""G04_REPRODUCIBLE_DEFINITION_AND_OPERATIONALIZATION"", ""G05_PUBLICATION_TIME"", ""G07_CURRENT_DATA_READY"", ""G11_DATA_QUALITY_PASS"", ""G12_NONCONSTANT"", ""G13_ENGLISH_FULLTEXT_FORMULA_EVIDENCE"", ""G14_INDEPENDENT_SECOND_REVIEW_APPROVAL""]",excluded,RECOVERED_GATE_FAILURE,exact_for_frozen_set_membership_not_original_per_gate_bytes,codex_session_log_nested_membership
EF0375,"{""G01_IN_SCOPE_ROLE"": true, ""G02_ARTICLE_LEVEL"": true, ""G03_PRIMARY_OR_FOUNDATIONAL_EVIDENCE"": false, ""G04_REPRODUCIBLE_DEFINITION_AND_OPERATIONALIZATION"": false, ""G05_PUBLICATION_TIME"": true, ""G06_NO_FUTURE_INFORMATION"": true, ""G07_CURRENT_DATA_READY"": false, ""G08_BIAS_GUARDRAIL"": true, ""G09_NO_FATAL_VALIDITY_CONCERN"": true, ""G10_OUTCOME_BLIND_SELECTION"": true, ""G11_DATA_QUALITY_PASS"": false, ""G12_NONCONSTANT"": false, ""G13_ENGLISH_FULLTEXT_FORMULA_EVIDENCE"": false, ""G14_INDEPENDENT_SECOND_REVIEW_APPROVAL"": false}","[""G03_PRIMARY_OR_FOUNDATIONAL_EVIDENCE"", ""G04_REPRODUCIBLE_DEFINITION_AND_OPERATIONALIZATION"", ""G07_CURRENT_DATA_READY"", ""G11_DATA_QUALITY_PASS"", ""G12_NONCONSTANT"", ""G13_ENGLISH_FULLTEXT_FORMULA_EVIDENCE"", ""G14_INDEPENDENT_SECOND_REVIEW_APPROVAL""]",excluded,RECOVERED_GATE_FAILURE,exact_for_frozen_set_membership_not_original_per_gate_bytes,codex_session_log_nested_membership
EF0376,"{""G01_IN_SCOPE_ROLE"": true, ""G02_ARTICLE_LEVEL"": true, ""G03_PRIMARY_OR_FOUNDATIONAL_EVIDENCE"": true, ""G04_REPRODUCIBLE_DEFINITION_AND_OPERATIONALIZATION"": false, ""G05_PUBLICATION_TIME"": true, ""G06_NO_FUTURE_INFORMATION"": true, ""G07_CURRENT_DATA_READY"": false, ""G08_BIAS_GUARDRAIL"": true, ""G09_NO_FATAL_VALIDITY_CONCERN"": true, ""G10_OUTCOME_BLIND_SELECTION"": true, ""G11_DATA_QUALITY_PASS"": false, ""G12_NONCONSTANT"": false, ""G13_ENGLISH_FULLTEXT_FORMULA_EVIDENCE"": false, ""G14_INDEPENDENT_SECOND_REVIEW_APPROVAL"": false}","[""G04_REPRODUCIBLE_DEFINITION_AND_OPERATIONALIZATION"", ""G07_CURRENT_DATA_READY"", ""G11_DATA_QUALITY_PASS"", ""G12_NONCONSTANT"", ""G13_ENGLISH_FULLTEXT_FORMULA_EVIDENCE"", ""G14_INDEPENDENT_SECOND_REVIEW_APPROVAL""]",excluded,RECOVERED_GATE_FAILURE,exact_for_frozen_set_membership_not_original_per_gate_bytes,codex_session_log_nested_membership
EF0377,"{""G01_IN_SCOPE_ROLE"": true, ""G02_ARTICLE_LEVEL"": true, ""G03_PRIMARY_OR_FOUNDATIONAL_EVIDENCE"": true, ""G04_REPRODUCIBLE_DEFINITION_AND_OPERATIONALIZATION"": false, ""G05_PUBLICATION_TIME"": true, ""G06_NO_FUTURE_INFORMATION"": true, ""G07_CURRENT_DATA_READY"": false, ""G08_BIAS_GUARDRAIL"": true, ""G09_NO_FATAL_VALIDITY_CONCERN"": true, ""G10_OUTCOME_BLIND_SELECTION"": true, ""G11_DATA_QUALITY_PASS"": false, ""G12_NONCONSTANT"": false, ""G13_ENGLISH_FULLTEXT_FORMULA_EVIDENCE"": false, ""G14_INDEPENDENT_SECOND_REVIEW_APPROVAL"": false}","[""G04_REPRODUCIBLE_DEFINITION_AND_OPERATIONALIZATION"", ""G07_CURRENT_DATA_READY"", ""G11_DATA_QUALITY_PASS"", ""G12_NONCONSTANT"", ""G13_ENGLISH_FULLTEXT_FORMULA_EVIDENCE"", ""G14_INDEPENDENT_SECOND_REVIEW_APPROVAL""]",excluded,RECOVERED_GATE_FAILURE,exact_for_frozen_set_membership_not_original_per_gate_bytes,codex_session_log_nested_membership
EF0378,"{""G01_IN_SCOPE_ROLE"": true, ""G02_ARTICLE_LEVEL"": true, ""G03_PRIMARY_OR_FOUNDATIONAL_EVIDENCE"": false, ""G04_REPRODUCIBLE_DEFINITION_AND_OPERATIONALIZATION"": false, ""G05_PUBLICATION_TIME"": true, ""G06_NO_FUTURE_INFORMATION"": true, ""G07_CURRENT_DATA_READY"": false, ""G08_BIAS_GUARDRAIL"": true, ""G09_NO_FATAL_VALIDITY_CONCERN"": true, ""G10_OUTCOME_BLIND_SELECTION"": true, ""G11_DATA_QUALITY_PASS"": false, ""G12_NONCONSTANT"": false, ""G13_ENGLISH_FULLTEXT_FORMULA_EVIDENCE"": false, ""G14_INDEPENDENT_SECOND_REVIEW_APPROVAL"": false}","[""G03_PRIMARY_OR_FOUNDATIONAL_EVIDENCE"", ""G04_REPRODUCIBLE_DEFINITION_AND_OPERATIONALIZATION"", ""G07_CURRENT_DATA_READY"", ""G11_DATA_QUALITY_PASS"", ""G12_NONCONSTANT"", ""G13_ENGLISH_FULLTEXT_FORMULA_EVIDENCE"", ""G14_INDEPENDENT_SECOND_REVIEW_APPROVAL""]",excluded,RECOVERED_GATE_FAILURE,exact_for_frozen_set_membership_not_original_per_gate_bytes,codex_session_log_nested_membership
EF0379,"{""G01_IN_SCOPE_ROLE"": true, ""G02_ARTICLE_LEVEL"": true, ""G03_PRIMARY_OR_FOUNDATIONAL_EVIDENCE"": false, ""G04_REPRODUCIBLE_DEFINITION_AND_OPERATIONALIZATION"": false, ""G05_PUBLICATION_TIME"": false, ""G06_NO_FUTURE_INFORMATION"": true, ""G07_CURRENT_DATA_READY"": false, ""G08_BIAS_GUARDRAIL"": true, ""G09_NO_FATAL_VALIDITY_CONCERN"": true, ""G10_OUTCOME_BLIND_SELECTION"": true, ""G11_DATA_QUALITY_PASS"": false, ""G12_NONCONSTANT"": false, ""G13_ENGLISH_FULLTEXT_FORMULA_EVIDENCE"": false, ""G14_INDEPENDENT_SECOND_REVIEW_APPROVAL"": false}","[""G03_PRIMARY_OR_FOUNDATIONAL_EVIDENCE"", ""G04_REPRODUCIBLE_DEFINITION_AND_OPERATIONALIZATION"", ""G05_PUBLICATION_TIME"", ""G07_CURRENT_DATA_READY"", ""G11_DATA_QUALITY_PASS"", ""G12_NONCONSTANT"", ""G13_ENGLISH_FULLTEXT_FORMULA_EVIDENCE"", ""G14_INDEPENDENT_SECOND_REVIEW_APPROVAL""]",excluded,RECOVERED_GATE_FAILURE,exact_for_frozen_set_membership_not_original_per_gate_bytes,codex_session_log_nested_membership
EF0380,"{""G01_IN_SCOPE_ROLE"": true, ""G02_ARTICLE_LEVEL"": true, ""G03_PRIMARY_OR_FOUNDATIONAL_EVIDENCE"": false, ""G04_REPRODUCIBLE_DEFINITION_AND_OPERATIONALIZATION"": false, ""G05_PUBLICATION_TIME"": false, ""G06_NO_FUTURE_INFORMATION"": true, ""G07_CURRENT_DATA_READY"": false, ""G08_BIAS_GUARDRAIL"": true, ""G09_NO_FATAL_VALIDITY_CONCERN"": true, ""G10_OUTCOME_BLIND_SELECTION"": true, ""G11_DATA_QUALITY_PASS"": false, ""G12_NONCONSTANT"": false, ""G13_ENGLISH_FULLTEXT_FORMULA_EVIDENCE"": false, ""G14_INDEPENDENT_SECOND_REVIEW_APPROVAL"": false}","[""G03_PRIMARY_OR_FOUNDATIONAL_EVIDENCE"", ""G04_REPRODUCIBLE_DEFINITION_AND_OPERATIONALIZATION"", ""G05_PUBLICATION_TIME"", ""G07_CURRENT_DATA_READY"", ""G11_DATA_QUALITY_PASS"", ""G12_NONCONSTANT"", ""G13_ENGLISH_FULLTEXT_FORMULA_EVIDENCE"", ""G14_INDEPENDENT_SECOND_REVIEW_APPROVAL""]",excluded,RECOVERED_GATE_FAILURE,exact_for_frozen_set_membership_not_original_per_gate_bytes,codex_session_log_nested_membership
EF0381,"{""G01_IN_SCOPE_ROLE"": true, ""G02_ARTICLE_LEVEL"": true, ""G03_PRIMARY_OR_FOUNDATIONAL_EVIDENCE"": true, ""G04_REPRODUCIBLE_DEFINITION_AND_OPERATIONALIZATION"": false, ""G05_PUBLICATION_TIME"": true, ""G06_NO_FUTURE_INFORMATION"": true, ""G07_CURRENT_DATA_READY"": false, ""G08_BIAS_GUARDRAIL"": true, ""G09_NO_FATAL_VALIDITY_CONCERN"": true, ""G10_OUTCOME_BLIND_SELECTION"": true, ""G11_DATA_QUALITY_PASS"": false, ""G12_NONCONSTANT"": false, ""G13_ENGLISH_FULLTEXT_FORMULA_EVIDENCE"": false, ""G14_INDEPENDENT_SECOND_REVIEW_APPROVAL"": false}","[""G04_REPRODUCIBLE_DEFINITION_AND_OPERATIONALIZATION"", ""G07_CURRENT_DATA_READY"", ""G11_DATA_QUALITY_PASS"", ""G12_NONCONSTANT"", ""G13_ENGLISH_FULLTEXT_FORMULA_EVIDENCE"", ""G14_INDEPENDENT_SECOND_REVIEW_APPROVAL""]",excluded,RECOVERED_GATE_FAILURE,exact_for_frozen_set_membership_not_original_per_gate_bytes,codex_session_log_nested_membership
EF0382,"{""G01_IN_SCOPE_ROLE"": true, ""G02_ARTICLE_LEVEL"": true, ""G03_PRIMARY_OR_FOUNDATIONAL_EVIDENCE"": false, ""G04_REPRODUCIBLE_DEFINITION_AND_OPERATIONALIZATION"": false, ""G05_PUBLICATION_TIME"": false, ""G06_NO_FUTURE_INFORMATION"": true, ""G07_CURRENT_DATA_READY"": false, ""G08_BIAS_GUARDRAIL"": true, ""G09_NO_FATAL_VALIDITY_CONCERN"": true, ""G10_OUTCOME_BLIND_SELECTION"": true, ""G11_DATA_QUALITY_PASS"": false, ""G12_NONCONSTANT"": false, ""G13_ENGLISH_FULLTEXT_FORMULA_EVIDENCE"": false, ""G14_INDEPENDENT_SECOND_REVIEW_APPROVAL"": false}","[""G03_PRIMARY_OR_FOUNDATIONAL_EVIDENCE"", ""G04_REPRODUCIBLE_DEFINITION_AND_OPERATIONALIZATION"", ""G05_PUBLICATION_TIME"", ""G07_CURRENT_DATA_READY"", ""G11_DATA_QUALITY_PASS"", ""G12_NONCONSTANT"", ""G13_ENGLISH_FULLTEXT_FORMULA_EVIDENCE"", ""G14_INDEPENDENT_SECOND_REVIEW_APPROVAL""]",excluded,RECOVERED_GATE_FAILURE,exact_for_frozen_set_membership_not_original_per_gate_bytes,codex_session_log_nested_membership
EF0383,"{""G01_IN_SCOPE_ROLE"": true, ""G02_ARTICLE_LEVEL"": true, ""G03_PRIMARY_OR_FOUNDATIONAL_EVIDENCE"": false, ""G04_REPRODUCIBLE_DEFINITION_AND_OPERATIONALIZATION"": false, ""G05_PUBLICATION_TIME"": true, ""G06_NO_FUTURE_INFORMATION"": true, ""G07_CURRENT_DATA_READY"": false, ""G08_BIAS_GUARDRAIL"": true, ""G09_NO_FATAL_VALIDITY_CONCERN"": true, ""G10_OUTCOME_BLIND_SELECTION"": true, ""G11_DATA_QUALITY_PASS"": false, ""G12_NONCONSTANT"": false, ""G13_ENGLISH_FULLTEXT_FORMULA_EVIDENCE"": false, ""G14_INDEPENDENT_SECOND_REVIEW_APPROVAL"": false}","[""G03_PRIMARY_OR_FOUNDATIONAL_EVIDENCE"", ""G04_REPRODUCIBLE_DEFINITION_AND_OPERATIONALIZATION"", ""G07_CURRENT_DATA_READY"", ""G11_DATA_QUALITY_PASS"", ""G12_NONCONSTANT"", ""G13_ENGLISH_FULLTEXT_FORMULA_EVIDENCE"", ""G14_INDEPENDENT_SECOND_REVIEW_APPROVAL""]",excluded,RECOVERED_GATE_FAILURE,exact_for_frozen_set_membership_not_original_per_gate_bytes,codex_session_log_nested_membership
EF0384,"{""G01_IN_SCOPE_ROLE"": true, ""G02_ARTICLE_LEVEL"": true, ""G03_PRIMARY_OR_FOUNDATIONAL_EVIDENCE"": false, ""G04_REPRODUCIBLE_DEFINITION_AND_OPERATIONALIZATION"": false, ""G05_PUBLICATION_TIME"": false, ""G06_NO_FUTURE_INFORMATION"": true, ""G07_CURRENT_DATA_READY"": false, ""G08_BIAS_GUARDRAIL"": true, ""G09_NO_FATAL_VALIDITY_CONCERN"": true, ""G10_OUTCOME_BLIND_SELECTION"": true, ""G11_DATA_QUALITY_PASS"": false, ""G12_NONCONSTANT"": false, ""G13_ENGLISH_FULLTEXT_FORMULA_EVIDENCE"": false, ""G14_INDEPENDENT_SECOND_REVIEW_APPROVAL"": false}","[""G03_PRIMARY_OR_FOUNDATIONAL_EVIDENCE"", ""G04_REPRODUCIBLE_DEFINITION_AND_OPERATIONALIZATION"", ""G05_PUBLICATION_TIME"", ""G07_CURRENT_DATA_READY"", ""G11_DATA_QUALITY_PASS"", ""G12_NONCONSTANT"", ""G13_ENGLISH_FULLTEXT_FORMULA_EVIDENCE"", ""G14_INDEPENDENT_SECOND_REVIEW_APPROVAL""]",excluded,RECOVERED_GATE_FAILURE,exact_for_frozen_set_membership_not_original_per_gate_bytes,codex_session_log_nested_membership
EF0385,"{""G01_IN_SCOPE_ROLE"": true, ""G02_ARTICLE_LEVEL"": true, ""G03_PRIMARY_OR_FOUNDATIONAL_EVIDENCE"": false, ""G04_REPRODUCIBLE_DEFINITION_AND_OPERATIONALIZATION"": false, ""G05_PUBLICATION_TIME"": false, ""G06_NO_FUTURE_INFORMATION"": true, ""G07_CURRENT_DATA_READY"": false, ""G08_BIAS_GUARDRAIL"": true, ""G09_NO_FATAL_VALIDITY_CONCERN"": true, ""G10_OUTCOME_BLIND_SELECTION"": true, ""G11_DATA_QUALITY_PASS"": false, ""G12_NONCONSTANT"": false, ""G13_ENGLISH_FULLTEXT_FORMULA_EVIDENCE"": false, ""G14_INDEPENDENT_SECOND_REVIEW_APPROVAL"": false}","[""G03_PRIMARY_OR_FOUNDATIONAL_EVIDENCE"", ""G04_REPRODUCIBLE_DEFINITION_AND_OPERATIONALIZATION"", ""G05_PUBLICATION_TIME"", ""G07_CURRENT_DATA_READY"", ""G11_DATA_QUALITY_PASS"", ""G12_NONCONSTANT"", ""G13_ENGLISH_FULLTEXT_FORMULA_EVIDENCE"", ""G14_INDEPENDENT_SECOND_REVIEW_APPROVAL""]",excluded,RECOVERED_GATE_FAILURE,exact_for_frozen_set_membership_not_original_per_gate_bytes,codex_session_log_nested_membership
EF0386,"{""G01_IN_SCOPE_ROLE"": true, ""G02_ARTICLE_LEVEL"": true, ""G03_PRIMARY_OR_FOUNDATIONAL_EVIDENCE"": false, ""G04_REPRODUCIBLE_DEFINITION_AND_OPERATIONALIZATION"": false, ""G05_PUBLICATION_TIME"": false, ""G06_NO_FUTURE_INFORMATION"": true, ""G07_CURRENT_DATA_READY"": false, ""G08_BIAS_GUARDRAIL"": true, ""G09_NO_FATAL_VALIDITY_CONCERN"": true, ""G10_OUTCOME_BLIND_SELECTION"": true, ""G11_DATA_QUALITY_PASS"": false, ""G12_NONCONSTANT"": false, ""G13_ENGLISH_FULLTEXT_FORMULA_EVIDENCE"": false, ""G14_INDEPENDENT_SECOND_REVIEW_APPROVAL"": false}","[""G03_PRIMARY_OR_FOUNDATIONAL_EVIDENCE"", ""G04_REPRODUCIBLE_DEFINITION_AND_OPERATIONALIZATION"", ""G05_PUBLICATION_TIME"", ""G07_CURRENT_DATA_READY"", ""G11_DATA_QUALITY_PASS"", ""G12_NONCONSTANT"", ""G13_ENGLISH_FULLTEXT_FORMULA_EVIDENCE"", ""G14_INDEPENDENT_SECOND_REVIEW_APPROVAL""]",excluded,RECOVERED_GATE_FAILURE,exact_for_frozen_set_membership_not_original_per_gate_bytes,codex_session_log_nested_membership
EF0387,"{""G01_IN_SCOPE_ROLE"": true, ""G02_ARTICLE_LEVEL"": true, ""G03_PRIMARY_OR_FOUNDATIONAL_EVIDENCE"": false, ""G04_REPRODUCIBLE_DEFINITION_AND_OPERATIONALIZATION"": false, ""G05_PUBLICATION_TIME"": false, ""G06_NO_FUTURE_INFORMATION"": true, ""G07_CURRENT_DATA_READY"": false, ""G08_BIAS_GUARDRAIL"": true, ""G09_NO_FATAL_VALIDITY_CONCERN"": true, ""G10_OUTCOME_BLIND_SELECTION"": true, ""G11_DATA_QUALITY_PASS"": false, ""G12_NONCONSTANT"": false, ""G13_ENGLISH_FULLTEXT_FORMULA_EVIDENCE"": false, ""G14_INDEPENDENT_SECOND_REVIEW_APPROVAL"": false}","[""G03_PRIMARY_OR_FOUNDATIONAL_EVIDENCE"", ""G04_REPRODUCIBLE_DEFINITION_AND_OPERATIONALIZATION"", ""G05_PUBLICATION_TIME"", ""G07_CURRENT_DATA_READY"", ""G11_DATA_QUALITY_PASS"", ""G12_NONCONSTANT"", ""G13_ENGLISH_FULLTEXT_FORMULA_EVIDENCE"", ""G14_INDEPENDENT_SECOND_REVIEW_APPROVAL""]",excluded,RECOVERED_GATE_FAILURE,exact_for_frozen_set_membership_not_original_per_gate_bytes,codex_session_log_nested_membership
EF0388,"{""G01_IN_SCOPE_ROLE"": true, ""G02_ARTICLE_LEVEL"": true, ""G03_PRIMARY_OR_FOUNDATIONAL_EVIDENCE"": false, ""G04_REPRODUCIBLE_DEFINITION_AND_OPERATIONALIZATION"": false, ""G05_PUBLICATION_TIME"": true, ""G06_NO_FUTURE_INFORMATION"": true, ""G07_CURRENT_DATA_READY"": false, ""G08_BIAS_GUARDRAIL"": true, ""G09_NO_FATAL_VALIDITY_CONCERN"": true, ""G10_OUTCOME_BLIND_SELECTION"": true, ""G11_DATA_QUALITY_PASS"": false, ""G12_NONCONSTANT"": false, ""G13_ENGLISH_FULLTEXT_FORMULA_EVIDENCE"": false, ""G14_INDEPENDENT_SECOND_REVIEW_APPROVAL"": false}","[""G03_PRIMARY_OR_FOUNDATIONAL_EVIDENCE"", ""G04_REPRODUCIBLE_DEFINITION_AND_OPERATIONALIZATION"", ""G07_CURRENT_DATA_READY"", ""G11_DATA_QUALITY_PASS"", ""G12_NONCONSTANT"", ""G13_ENGLISH_FULLTEXT_FORMULA_EVIDENCE"", ""G14_INDEPENDENT_SECOND_REVIEW_APPROVAL""]",excluded,RECOVERED_GATE_FAILURE,exact_for_frozen_set_membership_not_original_per_gate_bytes,codex_session_log_nested_membership
EF0389,"{""G01_IN_SCOPE_ROLE"": true, ""G02_ARTICLE_LEVEL"": true, ""G03_PRIMARY_OR_FOUNDATIONAL_EVIDENCE"": true, ""G04_REPRODUCIBLE_DEFINITION_AND_OPERATIONALIZATION"": false, ""G05_PUBLICATION_TIME"": true, ""G06_NO_FUTURE_INFORMATION"": true, ""G07_CURRENT_DATA_READY"": false, ""G08_BIAS_GUARDRAIL"": true, ""G09_NO_FATAL_VALIDITY_CONCERN"": true, ""G10_OUTCOME_BLIND_SELECTION"": true, ""G11_DATA_QUALITY_PASS"": false, ""G12_NONCONSTANT"": false, ""G13_ENGLISH_FULLTEXT_FORMULA_EVIDENCE"": false, ""G14_INDEPENDENT_SECOND_REVIEW_APPROVAL"": false}","[""G04_REPRODUCIBLE_DEFINITION_AND_OPERATIONALIZATION"", ""G07_CURRENT_DATA_READY"", ""G11_DATA_QUALITY_PASS"", ""G12_NONCONSTANT"", ""G13_ENGLISH_FULLTEXT_FORMULA_EVIDENCE"", ""G14_INDEPENDENT_SECOND_REVIEW_APPROVAL""]",excluded,RECOVERED_GATE_FAILURE,exact_for_frozen_set_membership_not_original_per_gate_bytes,codex_session_log_nested_membership
EF0390,"{""G01_IN_SCOPE_ROLE"": true, ""G02_ARTICLE_LEVEL"": true, ""G03_PRIMARY_OR_FOUNDATIONAL_EVIDENCE"": true, ""G04_REPRODUCIBLE_DEFINITION_AND_OPERATIONALIZATION"": false, ""G05_PUBLICATION_TIME"": true, ""G06_NO_FUTURE_INFORMATION"": true, ""G07_CURRENT_DATA_READY"": false, ""G08_BIAS_GUARDRAIL"": true, ""G09_NO_FATAL_VALIDITY_CONCERN"": true, ""G10_OUTCOME_BLIND_SELECTION"": true, ""G11_DATA_QUALITY_PASS"": false, ""G12_NONCONSTANT"": false, ""G13_ENGLISH_FULLTEXT_FORMULA_EVIDENCE"": false, ""G14_INDEPENDENT_SECOND_REVIEW_APPROVAL"": false}","[""G04_REPRODUCIBLE_DEFINITION_AND_OPERATIONALIZATION"", ""G07_CURRENT_DATA_READY"", ""G11_DATA_QUALITY_PASS"", ""G12_NONCONSTANT"", ""G13_ENGLISH_FULLTEXT_FORMULA_EVIDENCE"", ""G14_INDEPENDENT_SECOND_REVIEW_APPROVAL""]",excluded,RECOVERED_GATE_FAILURE,exact_for_frozen_set_membership_not_original_per_gate_bytes,codex_session_log_nested_membership
EF0391,"{""G01_IN_SCOPE_ROLE"": true, ""G02_ARTICLE_LEVEL"": true, ""G03_PRIMARY_OR_FOUNDATIONAL_EVIDENCE"": true, ""G04_REPRODUCIBLE_DEFINITION_AND_OPERATIONALIZATION"": false, ""G05_PUBLICATION_TIME"": true, ""G06_NO_FUTURE_INFORMATION"": true, ""G07_CURRENT_DATA_READY"": false, ""G08_BIAS_GUARDRAIL"": true, ""G09_NO_FATAL_VALIDITY_CONCERN"": true, ""G10_OUTCOME_BLIND_SELECTION"": true, ""G11_DATA_QUALITY_PASS"": false, ""G12_NONCONSTANT"": false, ""G13_ENGLISH_FULLTEXT_FORMULA_EVIDENCE"": false, ""G14_INDEPENDENT_SECOND_REVIEW_APPROVAL"": false}","[""G04_REPRODUCIBLE_DEFINITION_AND_OPERATIONALIZATION"", ""G07_CURRENT_DATA_READY"", ""G11_DATA_QUALITY_PASS"", ""G12_NONCONSTANT"", ""G13_ENGLISH_FULLTEXT_FORMULA_EVIDENCE"", ""G14_INDEPENDENT_SECOND_REVIEW_APPROVAL""]",excluded,RECOVERED_GATE_FAILURE,exact_for_frozen_set_membership_not_original_per_gate_bytes,codex_session_log_nested_membership
EF0392,"{""G01_IN_SCOPE_ROLE"": true, ""G02_ARTICLE_LEVEL"": true, ""G03_PRIMARY_OR_FOUNDATIONAL_EVIDENCE"": false, ""G04_REPRODUCIBLE_DEFINITION_AND_OPERATIONALIZATION"": false, ""G05_PUBLICATION_TIME"": true, ""G06_NO_FUTURE_INFORMATION"": true, ""G07_CURRENT_DATA_READY"": false, ""G08_BIAS_GUARDRAIL"": true, ""G09_NO_FATAL_VALIDITY_CONCERN"": true, ""G10_OUTCOME_BLIND_SELECTION"": true, ""G11_DATA_QUALITY_PASS"": false, ""G12_NONCONSTANT"": false, ""G13_ENGLISH_FULLTEXT_FORMULA_EVIDENCE"": false, ""G14_INDEPENDENT_SECOND_REVIEW_APPROVAL"": false}","[""G03_PRIMARY_OR_FOUNDATIONAL_EVIDENCE"", ""G04_REPRODUCIBLE_DEFINITION_AND_OPERATIONALIZATION"", ""G07_CURRENT_DATA_READY"", ""G11_DATA_QUALITY_PASS"", ""G12_NONCONSTANT"", ""G13_ENGLISH_FULLTEXT_FORMULA_EVIDENCE"", ""G14_INDEPENDENT_SECOND_REVIEW_APPROVAL""]",excluded,RECOVERED_GATE_FAILURE,exact_for_frozen_set_membership_not_original_per_gate_bytes,codex_session_log_nested_membership
EF0393,"{""G01_IN_SCOPE_ROLE"": true, ""G02_ARTICLE_LEVEL"": true, ""G03_PRIMARY_OR_FOUNDATIONAL_EVIDENCE"": true, ""G04_REPRODUCIBLE_DEFINITION_AND_OPERATIONALIZATION"": false, ""G05_PUBLICATION_TIME"": true, ""G06_NO_FUTURE_INFORMATION"": true, ""G07_CURRENT_DATA_READY"": false, ""G08_BIAS_GUARDRAIL"": true, ""G09_NO_FATAL_VALIDITY_CONCERN"": true, ""G10_OUTCOME_BLIND_SELECTION"": true, ""G11_DATA_QUALITY_PASS"": false, ""G12_NONCONSTANT"": false, ""G13_ENGLISH_FULLTEXT_FORMULA_EVIDENCE"": false, ""G14_INDEPENDENT_SECOND_REVIEW_APPROVAL"": false}","[""G04_REPRODUCIBLE_DEFINITION_AND_OPERATIONALIZATION"", ""G07_CURRENT_DATA_READY"", ""G11_DATA_QUALITY_PASS"", ""G12_NONCONSTANT"", ""G13_ENGLISH_FULLTEXT_FORMULA_EVIDENCE"", ""G14_INDEPENDENT_SECOND_REVIEW_APPROVAL""]",excluded,RECOVERED_GATE_FAILURE,exact_for_frozen_set_membership_not_original_per_gate_bytes,codex_session_log_nested_membership
EF0394,"{""G01_IN_SCOPE_ROLE"": true, ""G02_ARTICLE_LEVEL"": true, ""G03_PRIMARY_OR_FOUNDATIONAL_EVIDENCE"": false, ""G04_REPRODUCIBLE_DEFINITION_AND_OPERATIONALIZATION"": false, ""G05_PUBLICATION_TIME"": false, ""G06_NO_FUTURE_INFORMATION"": true, ""G07_CURRENT_DATA_READY"": false, ""G08_BIAS_GUARDRAIL"": true, ""G09_NO_FATAL_VALIDITY_CONCERN"": true, ""G10_OUTCOME_BLIND_SELECTION"": true, ""G11_DATA_QUALITY_PASS"": false, ""G12_NONCONSTANT"": false, ""G13_ENGLISH_FULLTEXT_FORMULA_EVIDENCE"": false, ""G14_INDEPENDENT_SECOND_REVIEW_APPROVAL"": false}","[""G03_PRIMARY_OR_FOUNDATIONAL_EVIDENCE"", ""G04_REPRODUCIBLE_DEFINITION_AND_OPERATIONALIZATION"", ""G05_PUBLICATION_TIME"", ""G07_CURRENT_DATA_READY"", ""G11_DATA_QUALITY_PASS"", ""G12_NONCONSTANT"", ""G13_ENGLISH_FULLTEXT_FORMULA_EVIDENCE"", ""G14_INDEPENDENT_SECOND_REVIEW_APPROVAL""]",excluded,RECOVERED_GATE_FAILURE,exact_for_frozen_set_membership_not_original_per_gate_bytes,codex_session_log_nested_membership
EF0395,"{""G01_IN_SCOPE_ROLE"": true, ""G02_ARTICLE_LEVEL"": true, ""G03_PRIMARY_OR_FOUNDATIONAL_EVIDENCE"": false, ""G04_REPRODUCIBLE_DEFINITION_AND_OPERATIONALIZATION"": false, ""G05_PUBLICATION_TIME"": false, ""G06_NO_FUTURE_INFORMATION"": true, ""G07_CURRENT_DATA_READY"": false, ""G08_BIAS_GUARDRAIL"": true, ""G09_NO_FATAL_VALIDITY_CONCERN"": true, ""G10_OUTCOME_BLIND_SELECTION"": true, ""G11_DATA_QUALITY_PASS"": false, ""G12_NONCONSTANT"": false, ""G13_ENGLISH_FULLTEXT_FORMULA_EVIDENCE"": false, ""G14_INDEPENDENT_SECOND_REVIEW_APPROVAL"": false}","[""G03_PRIMARY_OR_FOUNDATIONAL_EVIDENCE"", ""G04_REPRODUCIBLE_DEFINITION_AND_OPERATIONALIZATION"", ""G05_PUBLICATION_TIME"", ""G07_CURRENT_DATA_READY"", ""G11_DATA_QUALITY_PASS"", ""G12_NONCONSTANT"", ""G13_ENGLISH_FULLTEXT_FORMULA_EVIDENCE"", ""G14_INDEPENDENT_SECOND_REVIEW_APPROVAL""]",excluded,RECOVERED_GATE_FAILURE,exact_for_frozen_set_membership_not_original_per_gate_bytes,codex_session_log_nested_membership
EF0396,"{""G01_IN_SCOPE_ROLE"": true, ""G02_ARTICLE_LEVEL"": true, ""G03_PRIMARY_OR_FOUNDATIONAL_EVIDENCE"": true, ""G04_REPRODUCIBLE_DEFINITION_AND_OPERATIONALIZATION"": false, ""G05_PUBLICATION_TIME"": true, ""G06_NO_FUTURE_INFORMATION"": true, ""G07_CURRENT_DATA_READY"": false, ""G08_BIAS_GUARDRAIL"": true, ""G09_NO_FATAL_VALIDITY_CONCERN"": true, ""G10_OUTCOME_BLIND_SELECTION"": true, ""G11_DATA_QUALITY_PASS"": false, ""G12_NONCONSTANT"": false, ""G13_ENGLISH_FULLTEXT_FORMULA_EVIDENCE"": false, ""G14_INDEPENDENT_SECOND_REVIEW_APPROVAL"": false}","[""G04_REPRODUCIBLE_DEFINITION_AND_OPERATIONALIZATION"", ""G07_CURRENT_DATA_READY"", ""G11_DATA_QUALITY_PASS"", ""G12_NONCONSTANT"", ""G13_ENGLISH_FULLTEXT_FORMULA_EVIDENCE"", ""G14_INDEPENDENT_SECOND_REVIEW_APPROVAL""]",excluded,RECOVERED_GATE_FAILURE,exact_for_frozen_set_membership_not_original_per_gate_bytes,codex_session_log_nested_membership
EF0397,"{""G01_IN_SCOPE_ROLE"": true, ""G02_ARTICLE_LEVEL"": true, ""G03_PRIMARY_OR_FOUNDATIONAL_EVIDENCE"": true, ""G04_REPRODUCIBLE_DEFINITION_AND_OPERATIONALIZATION"": false, ""G05_PUBLICATION_TIME"": true, ""G06_NO_FUTURE_INFORMATION"": true, ""G07_CURRENT_DATA_READY"": false, ""G08_BIAS_GUARDRAIL"": true, ""G09_NO_FATAL_VALIDITY_CONCERN"": true, ""G10_OUTCOME_BLIND_SELECTION"": true, ""G11_DATA_QUALITY_PASS"": false, ""G12_NONCONSTANT"": false, ""G13_ENGLISH_FULLTEXT_FORMULA_EVIDENCE"": false, ""G14_INDEPENDENT_SECOND_REVIEW_APPROVAL"": false}","[""G04_REPRODUCIBLE_DEFINITION_AND_OPERATIONALIZATION"", ""G07_CURRENT_DATA_READY"", ""G11_DATA_QUALITY_PASS"", ""G12_NONCONSTANT"", ""G13_ENGLISH_FULLTEXT_FORMULA_EVIDENCE"", ""G14_INDEPENDENT_SECOND_REVIEW_APPROVAL""]",excluded,RECOVERED_GATE_FAILURE,exact_for_frozen_set_membership_not_original_per_gate_bytes,codex_session_log_nested_membership
EF0398,"{""G01_IN_SCOPE_ROLE"": true, ""G02_ARTICLE_LEVEL"": true, ""G03_PRIMARY_OR_FOUNDATIONAL_EVIDENCE"": true, ""G04_REPRODUCIBLE_DEFINITION_AND_OPERATIONALIZATION"": false, ""G05_PUBLICATION_TIME"": true, ""G06_NO_FUTURE_INFORMATION"": true, ""G07_CURRENT_DATA_READY"": false, ""G08_BIAS_GUARDRAIL"": true, ""G09_NO_FATAL_VALIDITY_CONCERN"": true, ""G10_OUTCOME_BLIND_SELECTION"": true, ""G11_DATA_QUALITY_PASS"": false, ""G12_NONCONSTANT"": false, ""G13_ENGLISH_FULLTEXT_FORMULA_EVIDENCE"": false, ""G14_INDEPENDENT_SECOND_REVIEW_APPROVAL"": false}","[""G04_REPRODUCIBLE_DEFINITION_AND_OPERATIONALIZATION"", ""G07_CURRENT_DATA_READY"", ""G11_DATA_QUALITY_PASS"", ""G12_NONCONSTANT"", ""G13_ENGLISH_FULLTEXT_FORMULA_EVIDENCE"", ""G14_INDEPENDENT_SECOND_REVIEW_APPROVAL""]",excluded,RECOVERED_GATE_FAILURE,exact_for_frozen_set_membership_not_original_per_gate_bytes,codex_session_log_nested_membership
EF0399,"{""G01_IN_SCOPE_ROLE"": true, ""G02_ARTICLE_LEVEL"": true, ""G03_PRIMARY_OR_FOUNDATIONAL_EVIDENCE"": true, ""G04_REPRODUCIBLE_DEFINITION_AND_OPERATIONALIZATION"": false, ""G05_PUBLICATION_TIME"": true, ""G06_NO_FUTURE_INFORMATION"": true, ""G07_CURRENT_DATA_READY"": false, ""G08_BIAS_GUARDRAIL"": true, ""G09_NO_FATAL_VALIDITY_CONCERN"": true, ""G10_OUTCOME_BLIND_SELECTION"": true, ""G11_DATA_QUALITY_PASS"": false, ""G12_NONCONSTANT"": false, ""G13_ENGLISH_FULLTEXT_FORMULA_EVIDENCE"": false, ""G14_INDEPENDENT_SECOND_REVIEW_APPROVAL"": false}","[""G04_REPRODUCIBLE_DEFINITION_AND_OPERATIONALIZATION"", ""G07_CURRENT_DATA_READY"", ""G11_DATA_QUALITY_PASS"", ""G12_NONCONSTANT"", ""G13_ENGLISH_FULLTEXT_FORMULA_EVIDENCE"", ""G14_INDEPENDENT_SECOND_REVIEW_APPROVAL""]",excluded,RECOVERED_GATE_FAILURE,exact_for_frozen_set_membership_not_original_per_gate_bytes,codex_session_log_nested_membership
EF0400,"{""G01_IN_SCOPE_ROLE"": true, ""G02_ARTICLE_LEVEL"": true, ""G03_PRIMARY_OR_FOUNDATIONAL_EVIDENCE"": false, ""G04_REPRODUCIBLE_DEFINITION_AND_OPERATIONALIZATION"": false, ""G05_PUBLICATION_TIME"": false, ""G06_NO_FUTURE_INFORMATION"": true, ""G07_CURRENT_DATA_READY"": false, ""G08_BIAS_GUARDRAIL"": true, ""G09_NO_FATAL_VALIDITY_CONCERN"": true, ""G10_OUTCOME_BLIND_SELECTION"": true, ""G11_DATA_QUALITY_PASS"": false, ""G12_NONCONSTANT"": false, ""G13_ENGLISH_FULLTEXT_FORMULA_EVIDENCE"": false, ""G14_INDEPENDENT_SECOND_REVIEW_APPROVAL"": false}","[""G03_PRIMARY_OR_FOUNDATIONAL_EVIDENCE"", ""G04_REPRODUCIBLE_DEFINITION_AND_OPERATIONALIZATION"", ""G05_PUBLICATION_TIME"", ""G07_CURRENT_DATA_READY"", ""G11_DATA_QUALITY_PASS"", ""G12_NONCONSTANT"", ""G13_ENGLISH_FULLTEXT_FORMULA_EVIDENCE"", ""G14_INDEPENDENT_SECOND_REVIEW_APPROVAL""]",excluded,RECOVERED_GATE_FAILURE,exact_for_frozen_set_membership_not_original_per_gate_bytes,codex_session_log_nested_membership
EF0401,"{""G01_IN_SCOPE_ROLE"": true, ""G02_ARTICLE_LEVEL"": true, ""G03_PRIMARY_OR_FOUNDATIONAL_EVIDENCE"": true, ""G04_REPRODUCIBLE_DEFINITION_AND_OPERATIONALIZATION"": false, ""G05_PUBLICATION_TIME"": true, ""G06_NO_FUTURE_INFORMATION"": true, ""G07_CURRENT_DATA_READY"": false, ""G08_BIAS_GUARDRAIL"": true, ""G09_NO_FATAL_VALIDITY_CONCERN"": true, ""G10_OUTCOME_BLIND_SELECTION"": true, ""G11_DATA_QUALITY_PASS"": false, ""G12_NONCONSTANT"": false, ""G13_ENGLISH_FULLTEXT_FORMULA_EVIDENCE"": false, ""G14_INDEPENDENT_SECOND_REVIEW_APPROVAL"": false}","[""G04_REPRODUCIBLE_DEFINITION_AND_OPERATIONALIZATION"", ""G07_CURRENT_DATA_READY"", ""G11_DATA_QUALITY_PASS"", ""G12_NONCONSTANT"", ""G13_ENGLISH_FULLTEXT_FORMULA_EVIDENCE"", ""G14_INDEPENDENT_SECOND_REVIEW_APPROVAL""]",excluded,RECOVERED_GATE_FAILURE,exact_for_frozen_set_membership_not_original_per_gate_bytes,codex_session_log_nested_membership
EF0402,"{""G01_IN_SCOPE_ROLE"": true, ""G02_ARTICLE_LEVEL"": true, ""G03_PRIMARY_OR_FOUNDATIONAL_EVIDENCE"": false, ""G04_REPRODUCIBLE_DEFINITION_AND_OPERATIONALIZATION"": false, ""G05_PUBLICATION_TIME"": false, ""G06_NO_FUTURE_INFORMATION"": true, ""G07_CURRENT_DATA_READY"": false, ""G08_BIAS_GUARDRAIL"": true, ""G09_NO_FATAL_VALIDITY_CONCERN"": true, ""G10_OUTCOME_BLIND_SELECTION"": true, ""G11_DATA_QUALITY_PASS"": false, ""G12_NONCONSTANT"": false, ""G13_ENGLISH_FULLTEXT_FORMULA_EVIDENCE"": false, ""G14_INDEPENDENT_SECOND_REVIEW_APPROVAL"": false}","[""G03_PRIMARY_OR_FOUNDATIONAL_EVIDENCE"", ""G04_REPRODUCIBLE_DEFINITION_AND_OPERATIONALIZATION"", ""G05_PUBLICATION_TIME"", ""G07_CURRENT_DATA_READY"", ""G11_DATA_QUALITY_PASS"", ""G12_NONCONSTANT"", ""G13_ENGLISH_FULLTEXT_FORMULA_EVIDENCE"", ""G14_INDEPENDENT_SECOND_REVIEW_APPROVAL""]",excluded,RECOVERED_GATE_FAILURE,exact_for_frozen_set_membership_not_original_per_gate_bytes,codex_session_log_nested_membership
EF0403,"{""G01_IN_SCOPE_ROLE"": true, ""G02_ARTICLE_LEVEL"": true, ""G03_PRIMARY_OR_FOUNDATIONAL_EVIDENCE"": true, ""G04_REPRODUCIBLE_DEFINITION_AND_OPERATIONALIZATION"": false, ""G05_PUBLICATION_TIME"": true, ""G06_NO_FUTURE_INFORMATION"": true, ""G07_CURRENT_DATA_READY"": false, ""G08_BIAS_GUARDRAIL"": true, ""G09_NO_FATAL_VALIDITY_CONCERN"": true, ""G10_OUTCOME_BLIND_SELECTION"": true, ""G11_DATA_QUALITY_PASS"": false, ""G12_NONCONSTANT"": false, ""G13_ENGLISH_FULLTEXT_FORMULA_EVIDENCE"": false, ""G14_INDEPENDENT_SECOND_REVIEW_APPROVAL"": false}","[""G04_REPRODUCIBLE_DEFINITION_AND_OPERATIONALIZATION"", ""G07_CURRENT_DATA_READY"", ""G11_DATA_QUALITY_PASS"", ""G12_NONCONSTANT"", ""G13_ENGLISH_FULLTEXT_FORMULA_EVIDENCE"", ""G14_INDEPENDENT_SECOND_REVIEW_APPROVAL""]",excluded,RECOVERED_GATE_FAILURE,exact_for_frozen_set_membership_not_original_per_gate_bytes,codex_session_log_nested_membership
EF0404,"{""G01_IN_SCOPE_ROLE"": true, ""G02_ARTICLE_LEVEL"": true, ""G03_PRIMARY_OR_FOUNDATIONAL_EVIDENCE"": false, ""G04_REPRODUCIBLE_DEFINITION_AND_OPERATIONALIZATION"": false, ""G05_PUBLICATION_TIME"": false, ""G06_NO_FUTURE_INFORMATION"": true, ""G07_CURRENT_DATA_READY"": false, ""G08_BIAS_GUARDRAIL"": true, ""G09_NO_FATAL_VALIDITY_CONCERN"": true, ""G10_OUTCOME_BLIND_SELECTION"": true, ""G11_DATA_QUALITY_PASS"": false, ""G12_NONCONSTANT"": false, ""G13_ENGLISH_FULLTEXT_FORMULA_EVIDENCE"": false, ""G14_INDEPENDENT_SECOND_REVIEW_APPROVAL"": false}","[""G03_PRIMARY_OR_FOUNDATIONAL_EVIDENCE"", ""G04_REPRODUCIBLE_DEFINITION_AND_OPERATIONALIZATION"", ""G05_PUBLICATION_TIME"", ""G07_CURRENT_DATA_READY"", ""G11_DATA_QUALITY_PASS"", ""G12_NONCONSTANT"", ""G13_ENGLISH_FULLTEXT_FORMULA_EVIDENCE"", ""G14_INDEPENDENT_SECOND_REVIEW_APPROVAL""]",excluded,RECOVERED_GATE_FAILURE,exact_for_frozen_set_membership_not_original_per_gate_bytes,codex_session_log_nested_membership
EF0405,"{""G01_IN_SCOPE_ROLE"": true, ""G02_ARTICLE_LEVEL"": true, ""G03_PRIMARY_OR_FOUNDATIONAL_EVIDENCE"": false, ""G04_REPRODUCIBLE_DEFINITION_AND_OPERATIONALIZATION"": false, ""G05_PUBLICATION_TIME"": true, ""G06_NO_FUTURE_INFORMATION"": true, ""G07_CURRENT_DATA_READY"": false, ""G08_BIAS_GUARDRAIL"": true, ""G09_NO_FATAL_VALIDITY_CONCERN"": true, ""G10_OUTCOME_BLIND_SELECTION"": true, ""G11_DATA_QUALITY_PASS"": false, ""G12_NONCONSTANT"": false, ""G13_ENGLISH_FULLTEXT_FORMULA_EVIDENCE"": false, ""G14_INDEPENDENT_SECOND_REVIEW_APPROVAL"": false}","[""G03_PRIMARY_OR_FOUNDATIONAL_EVIDENCE"", ""G04_REPRODUCIBLE_DEFINITION_AND_OPERATIONALIZATION"", ""G07_CURRENT_DATA_READY"", ""G11_DATA_QUALITY_PASS"", ""G12_NONCONSTANT"", ""G13_ENGLISH_FULLTEXT_FORMULA_EVIDENCE"", ""G14_INDEPENDENT_SECOND_REVIEW_APPROVAL""]",excluded,RECOVERED_GATE_FAILURE,exact_for_frozen_set_membership_not_original_per_gate_bytes,codex_session_log_nested_membership
EF0406,"{""G01_IN_SCOPE_ROLE"": true, ""G02_ARTICLE_LEVEL"": true, ""G03_PRIMARY_OR_FOUNDATIONAL_EVIDENCE"": false, ""G04_REPRODUCIBLE_DEFINITION_AND_OPERATIONALIZATION"": false, ""G05_PUBLICATION_TIME"": false, ""G06_NO_FUTURE_INFORMATION"": true, ""G07_CURRENT_DATA_READY"": false, ""G08_BIAS_GUARDRAIL"": true, ""G09_NO_FATAL_VALIDITY_CONCERN"": true, ""G10_OUTCOME_BLIND_SELECTION"": true, ""G11_DATA_QUALITY_PASS"": false, ""G12_NONCONSTANT"": false, ""G13_ENGLISH_FULLTEXT_FORMULA_EVIDENCE"": false, ""G14_INDEPENDENT_SECOND_REVIEW_APPROVAL"": false}","[""G03_PRIMARY_OR_FOUNDATIONAL_EVIDENCE"", ""G04_REPRODUCIBLE_DEFINITION_AND_OPERATIONALIZATION"", ""G05_PUBLICATION_TIME"", ""G07_CURRENT_DATA_READY"", ""G11_DATA_QUALITY_PASS"", ""G12_NONCONSTANT"", ""G13_ENGLISH_FULLTEXT_FORMULA_EVIDENCE"", ""G14_INDEPENDENT_SECOND_REVIEW_APPROVAL""]",excluded,RECOVERED_GATE_FAILURE,exact_for_frozen_set_membership_not_original_per_gate_bytes,codex_session_log_nested_membership
EF0407,"{""G01_IN_SCOPE_ROLE"": true, ""G02_ARTICLE_LEVEL"": true, ""G03_PRIMARY_OR_FOUNDATIONAL_EVIDENCE"": false, ""G04_REPRODUCIBLE_DEFINITION_AND_OPERATIONALIZATION"": false, ""G05_PUBLICATION_TIME"": true, ""G06_NO_FUTURE_INFORMATION"": true, ""G07_CURRENT_DATA_READY"": false, ""G08_BIAS_GUARDRAIL"": true, ""G09_NO_FATAL_VALIDITY_CONCERN"": true, ""G10_OUTCOME_BLIND_SELECTION"": true, ""G11_DATA_QUALITY_PASS"": false, ""G12_NONCONSTANT"": false, ""G13_ENGLISH_FULLTEXT_FORMULA_EVIDENCE"": false, ""G14_INDEPENDENT_SECOND_REVIEW_APPROVAL"": false}","[""G03_PRIMARY_OR_FOUNDATIONAL_EVIDENCE"", ""G04_REPRODUCIBLE_DEFINITION_AND_OPERATIONALIZATION"", ""G07_CURRENT_DATA_READY"", ""G11_DATA_QUALITY_PASS"", ""G12_NONCONSTANT"", ""G13_ENGLISH_FULLTEXT_FORMULA_EVIDENCE"", ""G14_INDEPENDENT_SECOND_REVIEW_APPROVAL""]",excluded,RECOVERED_GATE_FAILURE,exact_for_frozen_set_membership_not_original_per_gate_bytes,codex_session_log_nested_membership
EF0408,"{""G01_IN_SCOPE_ROLE"": true, ""G02_ARTICLE_LEVEL"": true, ""G03_PRIMARY_OR_FOUNDATIONAL_EVIDENCE"": false, ""G04_REPRODUCIBLE_DEFINITION_AND_OPERATIONALIZATION"": false, ""G05_PUBLICATION_TIME"": true, ""G06_NO_FUTURE_INFORMATION"": true, ""G07_CURRENT_DATA_READY"": false, ""G08_BIAS_GUARDRAIL"": true, ""G09_NO_FATAL_VALIDITY_CONCERN"": true, ""G10_OUTCOME_BLIND_SELECTION"": true, ""G11_DATA_QUALITY_PASS"": false, ""G12_NONCONSTANT"": false, ""G13_ENGLISH_FULLTEXT_FORMULA_EVIDENCE"": false, ""G14_INDEPENDENT_SECOND_REVIEW_APPROVAL"": false}","[""G03_PRIMARY_OR_FOUNDATIONAL_EVIDENCE"", ""G04_REPRODUCIBLE_DEFINITION_AND_OPERATIONALIZATION"", ""G07_CURRENT_DATA_READY"", ""G11_DATA_QUALITY_PASS"", ""G12_NONCONSTANT"", ""G13_ENGLISH_FULLTEXT_FORMULA_EVIDENCE"", ""G14_INDEPENDENT_SECOND_REVIEW_APPROVAL""]",excluded,RECOVERED_GATE_FAILURE,exact_for_frozen_set_membership_not_original_per_gate_bytes,codex_session_log_nested_membership
EF0409,"{""G01_IN_SCOPE_ROLE"": true, ""G02_ARTICLE_LEVEL"": true, ""G03_PRIMARY_OR_FOUNDATIONAL_EVIDENCE"": false, ""G04_REPRODUCIBLE_DEFINITION_AND_OPERATIONALIZATION"": false, ""G05_PUBLICATION_TIME"": true, ""G06_NO_FUTURE_INFORMATION"": true, ""G07_CURRENT_DATA_READY"": false, ""G08_BIAS_GUARDRAIL"": true, ""G09_NO_FATAL_VALIDITY_CONCERN"": true, ""G10_OUTCOME_BLIND_SELECTION"": true, ""G11_DATA_QUALITY_PASS"": false, ""G12_NONCONSTANT"": false, ""G13_ENGLISH_FULLTEXT_FORMULA_EVIDENCE"": false, ""G14_INDEPENDENT_SECOND_REVIEW_APPROVAL"": false}","[""G03_PRIMARY_OR_FOUNDATIONAL_EVIDENCE"", ""G04_REPRODUCIBLE_DEFINITION_AND_OPERATIONALIZATION"", ""G07_CURRENT_DATA_READY"", ""G11_DATA_QUALITY_PASS"", ""G12_NONCONSTANT"", ""G13_ENGLISH_FULLTEXT_FORMULA_EVIDENCE"", ""G14_INDEPENDENT_SECOND_REVIEW_APPROVAL""]",excluded,RECOVERED_GATE_FAILURE,exact_for_frozen_set_membership_not_original_per_gate_bytes,codex_session_log_nested_membership
EF0410,"{""G01_IN_SCOPE_ROLE"": true, ""G02_ARTICLE_LEVEL"": true, ""G03_PRIMARY_OR_FOUNDATIONAL_EVIDENCE"": false, ""G04_REPRODUCIBLE_DEFINITION_AND_OPERATIONALIZATION"": false, ""G05_PUBLICATION_TIME"": true, ""G06_NO_FUTURE_INFORMATION"": true, ""G07_CURRENT_DATA_READY"": false, ""G08_BIAS_GUARDRAIL"": true, ""G09_NO_FATAL_VALIDITY_CONCERN"": true, ""G10_OUTCOME_BLIND_SELECTION"": true, ""G11_DATA_QUALITY_PASS"": false, ""G12_NONCONSTANT"": false, ""G13_ENGLISH_FULLTEXT_FORMULA_EVIDENCE"": false, ""G14_INDEPENDENT_SECOND_REVIEW_APPROVAL"": false}","[""G03_PRIMARY_OR_FOUNDATIONAL_EVIDENCE"", ""G04_REPRODUCIBLE_DEFINITION_AND_OPERATIONALIZATION"", ""G07_CURRENT_DATA_READY"", ""G11_DATA_QUALITY_PASS"", ""G12_NONCONSTANT"", ""G13_ENGLISH_FULLTEXT_FORMULA_EVIDENCE"", ""G14_INDEPENDENT_SECOND_REVIEW_APPROVAL""]",excluded,RECOVERED_GATE_FAILURE,exact_for_frozen_set_membership_not_original_per_gate_bytes,codex_session_log_nested_membership
EF0411,"{""G01_IN_SCOPE_ROLE"": true, ""G02_ARTICLE_LEVEL"": true, ""G03_PRIMARY_OR_FOUNDATIONAL_EVIDENCE"": false, ""G04_REPRODUCIBLE_DEFINITION_AND_OPERATIONALIZATION"": false, ""G05_PUBLICATION_TIME"": false, ""G06_NO_FUTURE_INFORMATION"": true, ""G07_CURRENT_DATA_READY"": false, ""G08_BIAS_GUARDRAIL"": true, ""G09_NO_FATAL_VALIDITY_CONCERN"": true, ""G10_OUTCOME_BLIND_SELECTION"": true, ""G11_DATA_QUALITY_PASS"": false, ""G12_NONCONSTANT"": false, ""G13_ENGLISH_FULLTEXT_FORMULA_EVIDENCE"": false, ""G14_INDEPENDENT_SECOND_REVIEW_APPROVAL"": false}","[""G03_PRIMARY_OR_FOUNDATIONAL_EVIDENCE"", ""G04_REPRODUCIBLE_DEFINITION_AND_OPERATIONALIZATION"", ""G05_PUBLICATION_TIME"", ""G07_CURRENT_DATA_READY"", ""G11_DATA_QUALITY_PASS"", ""G12_NONCONSTANT"", ""G13_ENGLISH_FULLTEXT_FORMULA_EVIDENCE"", ""G14_INDEPENDENT_SECOND_REVIEW_APPROVAL""]",excluded,RECOVERED_GATE_FAILURE,exact_for_frozen_set_membership_not_original_per_gate_bytes,codex_session_log_nested_membership
EF0412,"{""G01_IN_SCOPE_ROLE"": true, ""G02_ARTICLE_LEVEL"": true, ""G03_PRIMARY_OR_FOUNDATIONAL_EVIDENCE"": false, ""G04_REPRODUCIBLE_DEFINITION_AND_OPERATIONALIZATION"": false, ""G05_PUBLICATION_TIME"": false, ""G06_NO_FUTURE_INFORMATION"": true, ""G07_CURRENT_DATA_READY"": false, ""G08_BIAS_GUARDRAIL"": true, ""G09_NO_FATAL_VALIDITY_CONCERN"": true, ""G10_OUTCOME_BLIND_SELECTION"": true, ""G11_DATA_QUALITY_PASS"": false, ""G12_NONCONSTANT"": false, ""G13_ENGLISH_FULLTEXT_FORMULA_EVIDENCE"": false, ""G14_INDEPENDENT_SECOND_REVIEW_APPROVAL"": false}","[""G03_PRIMARY_OR_FOUNDATIONAL_EVIDENCE"", ""G04_REPRODUCIBLE_DEFINITION_AND_OPERATIONALIZATION"", ""G05_PUBLICATION_TIME"", ""G07_CURRENT_DATA_READY"", ""G11_DATA_QUALITY_PASS"", ""G12_NONCONSTANT"", ""G13_ENGLISH_FULLTEXT_FORMULA_EVIDENCE"", ""G14_INDEPENDENT_SECOND_REVIEW_APPROVAL""]",excluded,RECOVERED_GATE_FAILURE,exact_for_frozen_set_membership_not_original_per_gate_bytes,codex_session_log_nested_membership
EF0413,"{""G01_IN_SCOPE_ROLE"": true, ""G02_ARTICLE_LEVEL"": true, ""G03_PRIMARY_OR_FOUNDATIONAL_EVIDENCE"": false, ""G04_REPRODUCIBLE_DEFINITION_AND_OPERATIONALIZATION"": false, ""G05_PUBLICATION_TIME"": false, ""G06_NO_FUTURE_INFORMATION"": true, ""G07_CURRENT_DATA_READY"": false, ""G08_BIAS_GUARDRAIL"": true, ""G09_NO_FATAL_VALIDITY_CONCERN"": true, ""G10_OUTCOME_BLIND_SELECTION"": true, ""G11_DATA_QUALITY_PASS"": false, ""G12_NONCONSTANT"": false, ""G13_ENGLISH_FULLTEXT_FORMULA_EVIDENCE"": false, ""G14_INDEPENDENT_SECOND_REVIEW_APPROVAL"": false}","[""G03_PRIMARY_OR_FOUNDATIONAL_EVIDENCE"", ""G04_REPRODUCIBLE_DEFINITION_AND_OPERATIONALIZATION"", ""G05_PUBLICATION_TIME"", ""G07_CURRENT_DATA_READY"", ""G11_DATA_QUALITY_PASS"", ""G12_NONCONSTANT"", ""G13_ENGLISH_FULLTEXT_FORMULA_EVIDENCE"", ""G14_INDEPENDENT_SECOND_REVIEW_APPROVAL""]",excluded,RECOVERED_GATE_FAILURE,exact_for_frozen_set_membership_not_original_per_gate_bytes,codex_session_log_nested_membership
EF0414,"{""G01_IN_SCOPE_ROLE"": true, ""G02_ARTICLE_LEVEL"": true, ""G03_PRIMARY_OR_FOUNDATIONAL_EVIDENCE"": false, ""G04_REPRODUCIBLE_DEFINITION_AND_OPERATIONALIZATION"": false, ""G05_PUBLICATION_TIME"": false, ""G06_NO_FUTURE_INFORMATION"": true, ""G07_CURRENT_DATA_READY"": false, ""G08_BIAS_GUARDRAIL"": true, ""G09_NO_FATAL_VALIDITY_CONCERN"": true, ""G10_OUTCOME_BLIND_SELECTION"": true, ""G11_DATA_QUALITY_PASS"": false, ""G12_NONCONSTANT"": false, ""G13_ENGLISH_FULLTEXT_FORMULA_EVIDENCE"": false, ""G14_INDEPENDENT_SECOND_REVIEW_APPROVAL"": false}","[""G03_PRIMARY_OR_FOUNDATIONAL_EVIDENCE"", ""G04_REPRODUCIBLE_DEFINITION_AND_OPERATIONALIZATION"", ""G05_PUBLICATION_TIME"", ""G07_CURRENT_DATA_READY"", ""G11_DATA_QUALITY_PASS"", ""G12_NONCONSTANT"", ""G13_ENGLISH_FULLTEXT_FORMULA_EVIDENCE"", ""G14_INDEPENDENT_SECOND_REVIEW_APPROVAL""]",excluded,RECOVERED_GATE_FAILURE,exact_for_frozen_set_membership_not_original_per_gate_bytes,codex_session_log_nested_membership
EF0415,"{""G01_IN_SCOPE_ROLE"": true, ""G02_ARTICLE_LEVEL"": true, ""G03_PRIMARY_OR_FOUNDATIONAL_EVIDENCE"": false, ""G04_REPRODUCIBLE_DEFINITION_AND_OPERATIONALIZATION"": false, ""G05_PUBLICATION_TIME"": true, ""G06_NO_FUTURE_INFORMATION"": true, ""G07_CURRENT_DATA_READY"": false, ""G08_BIAS_GUARDRAIL"": true, ""G09_NO_FATAL_VALIDITY_CONCERN"": true, ""G10_OUTCOME_BLIND_SELECTION"": true, ""G11_DATA_QUALITY_PASS"": false, ""G12_NONCONSTANT"": false, ""G13_ENGLISH_FULLTEXT_FORMULA_EVIDENCE"": false, ""G14_INDEPENDENT_SECOND_REVIEW_APPROVAL"": false}","[""G03_PRIMARY_OR_FOUNDATIONAL_EVIDENCE"", ""G04_REPRODUCIBLE_DEFINITION_AND_OPERATIONALIZATION"", ""G07_CURRENT_DATA_READY"", ""G11_DATA_QUALITY_PASS"", ""G12_NONCONSTANT"", ""G13_ENGLISH_FULLTEXT_FORMULA_EVIDENCE"", ""G14_INDEPENDENT_SECOND_REVIEW_APPROVAL""]",excluded,RECOVERED_GATE_FAILURE,exact_for_frozen_set_membership_not_original_per_gate_bytes,codex_session_log_nested_membership
EF0416,"{""G01_IN_SCOPE_ROLE"": true, ""G02_ARTICLE_LEVEL"": true, ""G03_PRIMARY_OR_FOUNDATIONAL_EVIDENCE"": false, ""G04_REPRODUCIBLE_DEFINITION_AND_OPERATIONALIZATION"": false, ""G05_PUBLICATION_TIME"": false, ""G06_NO_FUTURE_INFORMATION"": true, ""G07_CURRENT_DATA_READY"": false, ""G08_BIAS_GUARDRAIL"": true, ""G09_NO_FATAL_VALIDITY_CONCERN"": true, ""G10_OUTCOME_BLIND_SELECTION"": true, ""G11_DATA_QUALITY_PASS"": false, ""G12_NONCONSTANT"": false, ""G13_ENGLISH_FULLTEXT_FORMULA_EVIDENCE"": false, ""G14_INDEPENDENT_SECOND_REVIEW_APPROVAL"": false}","[""G03_PRIMARY_OR_FOUNDATIONAL_EVIDENCE"", ""G04_REPRODUCIBLE_DEFINITION_AND_OPERATIONALIZATION"", ""G05_PUBLICATION_TIME"", ""G07_CURRENT_DATA_READY"", ""G11_DATA_QUALITY_PASS"", ""G12_NONCONSTANT"", ""G13_ENGLISH_FULLTEXT_FORMULA_EVIDENCE"", ""G14_INDEPENDENT_SECOND_REVIEW_APPROVAL""]",excluded,RECOVERED_GATE_FAILURE,exact_for_frozen_set_membership_not_original_per_gate_bytes,codex_session_log_nested_membership
EF0417,"{""G01_IN_SCOPE_ROLE"": true, ""G02_ARTICLE_LEVEL"": true, ""G03_PRIMARY_OR_FOUNDATIONAL_EVIDENCE"": false, ""G04_REPRODUCIBLE_DEFINITION_AND_OPERATIONALIZATION"": false, ""G05_PUBLICATION_TIME"": false, ""G06_NO_FUTURE_INFORMATION"": true, ""G07_CURRENT_DATA_READY"": false, ""G08_BIAS_GUARDRAIL"": true, ""G09_NO_FATAL_VALIDITY_CONCERN"": true, ""G10_OUTCOME_BLIND_SELECTION"": true, ""G11_DATA_QUALITY_PASS"": false, ""G12_NONCONSTANT"": false, ""G13_ENGLISH_FULLTEXT_FORMULA_EVIDENCE"": false, ""G14_INDEPENDENT_SECOND_REVIEW_APPROVAL"": false}","[""G03_PRIMARY_OR_FOUNDATIONAL_EVIDENCE"", ""G04_REPRODUCIBLE_DEFINITION_AND_OPERATIONALIZATION"", ""G05_PUBLICATION_TIME"", ""G07_CURRENT_DATA_READY"", ""G11_DATA_QUALITY_PASS"", ""G12_NONCONSTANT"", ""G13_ENGLISH_FULLTEXT_FORMULA_EVIDENCE"", ""G14_INDEPENDENT_SECOND_REVIEW_APPROVAL""]",excluded,RECOVERED_GATE_FAILURE,exact_for_frozen_set_membership_not_original_per_gate_bytes,codex_session_log_nested_membership
EF0418,"{""G01_IN_SCOPE_ROLE"": true, ""G02_ARTICLE_LEVEL"": true, ""G03_PRIMARY_OR_FOUNDATIONAL_EVIDENCE"": true, ""G04_REPRODUCIBLE_DEFINITION_AND_OPERATIONALIZATION"": false, ""G05_PUBLICATION_TIME"": true, ""G06_NO_FUTURE_INFORMATION"": true, ""G07_CURRENT_DATA_READY"": false, ""G08_BIAS_GUARDRAIL"": true, ""G09_NO_FATAL_VALIDITY_CONCERN"": true, ""G10_OUTCOME_BLIND_SELECTION"": true, ""G11_DATA_QUALITY_PASS"": false, ""G12_NONCONSTANT"": false, ""G13_ENGLISH_FULLTEXT_FORMULA_EVIDENCE"": false, ""G14_INDEPENDENT_SECOND_REVIEW_APPROVAL"": false}","[""G04_REPRODUCIBLE_DEFINITION_AND_OPERATIONALIZATION"", ""G07_CURRENT_DATA_READY"", ""G11_DATA_QUALITY_PASS"", ""G12_NONCONSTANT"", ""G13_ENGLISH_FULLTEXT_FORMULA_EVIDENCE"", ""G14_INDEPENDENT_SECOND_REVIEW_APPROVAL""]",excluded,RECOVERED_GATE_FAILURE,exact_for_frozen_set_membership_not_original_per_gate_bytes,codex_session_log_nested_membership
EF0419,"{""G01_IN_SCOPE_ROLE"": true, ""G02_ARTICLE_LEVEL"": true, ""G03_PRIMARY_OR_FOUNDATIONAL_EVIDENCE"": true, ""G04_REPRODUCIBLE_DEFINITION_AND_OPERATIONALIZATION"": false, ""G05_PUBLICATION_TIME"": true, ""G06_NO_FUTURE_INFORMATION"": true, ""G07_CURRENT_DATA_READY"": false, ""G08_BIAS_GUARDRAIL"": true, ""G09_NO_FATAL_VALIDITY_CONCERN"": true, ""G10_OUTCOME_BLIND_SELECTION"": true, ""G11_DATA_QUALITY_PASS"": false, ""G12_NONCONSTANT"": false, ""G13_ENGLISH_FULLTEXT_FORMULA_EVIDENCE"": false, ""G14_INDEPENDENT_SECOND_REVIEW_APPROVAL"": false}","[""G04_REPRODUCIBLE_DEFINITION_AND_OPERATIONALIZATION"", ""G07_CURRENT_DATA_READY"", ""G11_DATA_QUALITY_PASS"", ""G12_NONCONSTANT"", ""G13_ENGLISH_FULLTEXT_FORMULA_EVIDENCE"", ""G14_INDEPENDENT_SECOND_REVIEW_APPROVAL""]",excluded,RECOVERED_GATE_FAILURE,exact_for_frozen_set_membership_not_original_per_gate_bytes,codex_session_log_nested_membership
EF0420,"{""G01_IN_SCOPE_ROLE"": true, ""G02_ARTICLE_LEVEL"": true, ""G03_PRIMARY_OR_FOUNDATIONAL_EVIDENCE"": true, ""G04_REPRODUCIBLE_DEFINITION_AND_OPERATIONALIZATION"": false, ""G05_PUBLICATION_TIME"": true, ""G06_NO_FUTURE_INFORMATION"": true, ""G07_CURRENT_DATA_READY"": false, ""G08_BIAS_GUARDRAIL"": true, ""G09_NO_FATAL_VALIDITY_CONCERN"": true, ""G10_OUTCOME_BLIND_SELECTION"": true, ""G11_DATA_QUALITY_PASS"": false, ""G12_NONCONSTANT"": false, ""G13_ENGLISH_FULLTEXT_FORMULA_EVIDENCE"": false, ""G14_INDEPENDENT_SECOND_REVIEW_APPROVAL"": false}","[""G04_REPRODUCIBLE_DEFINITION_AND_OPERATIONALIZATION"", ""G07_CURRENT_DATA_READY"", ""G11_DATA_QUALITY_PASS"", ""G12_NONCONSTANT"", ""G13_ENGLISH_FULLTEXT_FORMULA_EVIDENCE"", ""G14_INDEPENDENT_SECOND_REVIEW_APPROVAL""]",excluded,RECOVERED_GATE_FAILURE,exact_for_frozen_set_membership_not_original_per_gate_bytes,codex_session_log_nested_membership
EF0421,"{""G01_IN_SCOPE_ROLE"": true, ""G02_ARTICLE_LEVEL"": true, ""G03_PRIMARY_OR_FOUNDATIONAL_EVIDENCE"": false, ""G04_REPRODUCIBLE_DEFINITION_AND_OPERATIONALIZATION"": false, ""G05_PUBLICATION_TIME"": false, ""G06_NO_FUTURE_INFORMATION"": true, ""G07_CURRENT_DATA_READY"": false, ""G08_BIAS_GUARDRAIL"": true, ""G09_NO_FATAL_VALIDITY_CONCERN"": true, ""G10_OUTCOME_BLIND_SELECTION"": true, ""G11_DATA_QUALITY_PASS"": false, ""G12_NONCONSTANT"": false, ""G13_ENGLISH_FULLTEXT_FORMULA_EVIDENCE"": false, ""G14_INDEPENDENT_SECOND_REVIEW_APPROVAL"": false}","[""G03_PRIMARY_OR_FOUNDATIONAL_EVIDENCE"", ""G04_REPRODUCIBLE_DEFINITION_AND_OPERATIONALIZATION"", ""G05_PUBLICATION_TIME"", ""G07_CURRENT_DATA_READY"", ""G11_DATA_QUALITY_PASS"", ""G12_NONCONSTANT"", ""G13_ENGLISH_FULLTEXT_FORMULA_EVIDENCE"", ""G14_INDEPENDENT_SECOND_REVIEW_APPROVAL""]",excluded,RECOVERED_GATE_FAILURE,exact_for_frozen_set_membership_not_original_per_gate_bytes,codex_session_log_nested_membership
EF0422,"{""G01_IN_SCOPE_ROLE"": true, ""G02_ARTICLE_LEVEL"": true, ""G03_PRIMARY_OR_FOUNDATIONAL_EVIDENCE"": false, ""G04_REPRODUCIBLE_DEFINITION_AND_OPERATIONALIZATION"": false, ""G05_PUBLICATION_TIME"": false, ""G06_NO_FUTURE_INFORMATION"": true, ""G07_CURRENT_DATA_READY"": false, ""G08_BIAS_GUARDRAIL"": true, ""G09_NO_FATAL_VALIDITY_CONCERN"": true, ""G10_OUTCOME_BLIND_SELECTION"": true, ""G11_DATA_QUALITY_PASS"": false, ""G12_NONCONSTANT"": false, ""G13_ENGLISH_FULLTEXT_FORMULA_EVIDENCE"": false, ""G14_INDEPENDENT_SECOND_REVIEW_APPROVAL"": false}","[""G03_PRIMARY_OR_FOUNDATIONAL_EVIDENCE"", ""G04_REPRODUCIBLE_DEFINITION_AND_OPERATIONALIZATION"", ""G05_PUBLICATION_TIME"", ""G07_CURRENT_DATA_READY"", ""G11_DATA_QUALITY_PASS"", ""G12_NONCONSTANT"", ""G13_ENGLISH_FULLTEXT_FORMULA_EVIDENCE"", ""G14_INDEPENDENT_SECOND_REVIEW_APPROVAL""]",excluded,RECOVERED_GATE_FAILURE,exact_for_frozen_set_membership_not_original_per_gate_bytes,codex_session_log_nested_membership
EF0423,"{""G01_IN_SCOPE_ROLE"": true, ""G02_ARTICLE_LEVEL"": true, ""G03_PRIMARY_OR_FOUNDATIONAL_EVIDENCE"": false, ""G04_REPRODUCIBLE_DEFINITION_AND_OPERATIONALIZATION"": false, ""G05_PUBLICATION_TIME"": false, ""G06_NO_FUTURE_INFORMATION"": true, ""G07_CURRENT_DATA_READY"": false, ""G08_BIAS_GUARDRAIL"": true, ""G09_NO_FATAL_VALIDITY_CONCERN"": true, ""G10_OUTCOME_BLIND_SELECTION"": true, ""G11_DATA_QUALITY_PASS"": false, ""G12_NONCONSTANT"": false, ""G13_ENGLISH_FULLTEXT_FORMULA_EVIDENCE"": false, ""G14_INDEPENDENT_SECOND_REVIEW_APPROVAL"": false}","[""G03_PRIMARY_OR_FOUNDATIONAL_EVIDENCE"", ""G04_REPRODUCIBLE_DEFINITION_AND_OPERATIONALIZATION"", ""G05_PUBLICATION_TIME"", ""G07_CURRENT_DATA_READY"", ""G11_DATA_QUALITY_PASS"", ""G12_NONCONSTANT"", ""G13_ENGLISH_FULLTEXT_FORMULA_EVIDENCE"", ""G14_INDEPENDENT_SECOND_REVIEW_APPROVAL""]",excluded,RECOVERED_GATE_FAILURE,exact_for_frozen_set_membership_not_original_per_gate_bytes,codex_session_log_nested_membership
EF0424,"{""G01_IN_SCOPE_ROLE"": true, ""G02_ARTICLE_LEVEL"": true, ""G03_PRIMARY_OR_FOUNDATIONAL_EVIDENCE"": false, ""G04_REPRODUCIBLE_DEFINITION_AND_OPERATIONALIZATION"": false, ""G05_PUBLICATION_TIME"": false, ""G06_NO_FUTURE_INFORMATION"": true, ""G07_CURRENT_DATA_READY"": false, ""G08_BIAS_GUARDRAIL"": true, ""G09_NO_FATAL_VALIDITY_CONCERN"": true, ""G10_OUTCOME_BLIND_SELECTION"": true, ""G11_DATA_QUALITY_PASS"": false, ""G12_NONCONSTANT"": false, ""G13_ENGLISH_FULLTEXT_FORMULA_EVIDENCE"": false, ""G14_INDEPENDENT_SECOND_REVIEW_APPROVAL"": false}","[""G03_PRIMARY_OR_FOUNDATIONAL_EVIDENCE"", ""G04_REPRODUCIBLE_DEFINITION_AND_OPERATIONALIZATION"", ""G05_PUBLICATION_TIME"", ""G07_CURRENT_DATA_READY"", ""G11_DATA_QUALITY_PASS"", ""G12_NONCONSTANT"", ""G13_ENGLISH_FULLTEXT_FORMULA_EVIDENCE"", ""G14_INDEPENDENT_SECOND_REVIEW_APPROVAL""]",excluded,RECOVERED_GATE_FAILURE,exact_for_frozen_set_membership_not_original_per_gate_bytes,codex_session_log_nested_membership
EF0425,"{""G01_IN_SCOPE_ROLE"": true, ""G02_ARTICLE_LEVEL"": true, ""G03_PRIMARY_OR_FOUNDATIONAL_EVIDENCE"": false, ""G04_REPRODUCIBLE_DEFINITION_AND_OPERATIONALIZATION"": false, ""G05_PUBLICATION_TIME"": false, ""G06_NO_FUTURE_INFORMATION"": true, ""G07_CURRENT_DATA_READY"": false, ""G08_BIAS_GUARDRAIL"": true, ""G09_NO_FATAL_VALIDITY_CONCERN"": true, ""G10_OUTCOME_BLIND_SELECTION"": true, ""G11_DATA_QUALITY_PASS"": false, ""G12_NONCONSTANT"": false, ""G13_ENGLISH_FULLTEXT_FORMULA_EVIDENCE"": false, ""G14_INDEPENDENT_SECOND_REVIEW_APPROVAL"": false}","[""G03_PRIMARY_OR_FOUNDATIONAL_EVIDENCE"", ""G04_REPRODUCIBLE_DEFINITION_AND_OPERATIONALIZATION"", ""G05_PUBLICATION_TIME"", ""G07_CURRENT_DATA_READY"", ""G11_DATA_QUALITY_PASS"", ""G12_NONCONSTANT"", ""G13_ENGLISH_FULLTEXT_FORMULA_EVIDENCE"", ""G14_INDEPENDENT_SECOND_REVIEW_APPROVAL""]",excluded,RECOVERED_GATE_FAILURE,exact_for_frozen_set_membership_not_original_per_gate_bytes,codex_session_log_nested_membership
EF0426,"{""G01_IN_SCOPE_ROLE"": true, ""G02_ARTICLE_LEVEL"": true, ""G03_PRIMARY_OR_FOUNDATIONAL_EVIDENCE"": false, ""G04_REPRODUCIBLE_DEFINITION_AND_OPERATIONALIZATION"": false, ""G05_PUBLICATION_TIME"": true, ""G06_NO_FUTURE_INFORMATION"": true, ""G07_CURRENT_DATA_READY"": false, ""G08_BIAS_GUARDRAIL"": true, ""G09_NO_FATAL_VALIDITY_CONCERN"": true, ""G10_OUTCOME_BLIND_SELECTION"": true, ""G11_DATA_QUALITY_PASS"": false, ""G12_NONCONSTANT"": false, ""G13_ENGLISH_FULLTEXT_FORMULA_EVIDENCE"": false, ""G14_INDEPENDENT_SECOND_REVIEW_APPROVAL"": false}","[""G03_PRIMARY_OR_FOUNDATIONAL_EVIDENCE"", ""G04_REPRODUCIBLE_DEFINITION_AND_OPERATIONALIZATION"", ""G07_CURRENT_DATA_READY"", ""G11_DATA_QUALITY_PASS"", ""G12_NONCONSTANT"", ""G13_ENGLISH_FULLTEXT_FORMULA_EVIDENCE"", ""G14_INDEPENDENT_SECOND_REVIEW_APPROVAL""]",excluded,RECOVERED_GATE_FAILURE,exact_for_frozen_set_membership_not_original_per_gate_bytes,codex_session_log_nested_membership
EF0427,"{""G01_IN_SCOPE_ROLE"": true, ""G02_ARTICLE_LEVEL"": true, ""G03_PRIMARY_OR_FOUNDATIONAL_EVIDENCE"": true, ""G04_REPRODUCIBLE_DEFINITION_AND_OPERATIONALIZATION"": false, ""G05_PUBLICATION_TIME"": true, ""G06_NO_FUTURE_INFORMATION"": true, ""G07_CURRENT_DATA_READY"": false, ""G08_BIAS_GUARDRAIL"": true, ""G09_NO_FATAL_VALIDITY_CONCERN"": true, ""G10_OUTCOME_BLIND_SELECTION"": true, ""G11_DATA_QUALITY_PASS"": false, ""G12_NONCONSTANT"": false, ""G13_ENGLISH_FULLTEXT_FORMULA_EVIDENCE"": false, ""G14_INDEPENDENT_SECOND_REVIEW_APPROVAL"": false}","[""G04_REPRODUCIBLE_DEFINITION_AND_OPERATIONALIZATION"", ""G07_CURRENT_DATA_READY"", ""G11_DATA_QUALITY_PASS"", ""G12_NONCONSTANT"", ""G13_ENGLISH_FULLTEXT_FORMULA_EVIDENCE"", ""G14_INDEPENDENT_SECOND_REVIEW_APPROVAL""]",excluded,RECOVERED_GATE_FAILURE,exact_for_frozen_set_membership_not_original_per_gate_bytes,codex_session_log_nested_membership
EF0428,"{""G01_IN_SCOPE_ROLE"": true, ""G02_ARTICLE_LEVEL"": true, ""G03_PRIMARY_OR_FOUNDATIONAL_EVIDENCE"": true, ""G04_REPRODUCIBLE_DEFINITION_AND_OPERATIONALIZATION"": false, ""G05_PUBLICATION_TIME"": true, ""G06_NO_FUTURE_INFORMATION"": true, ""G07_CURRENT_DATA_READY"": false, ""G08_BIAS_GUARDRAIL"": true, ""G09_NO_FATAL_VALIDITY_CONCERN"": true, ""G10_OUTCOME_BLIND_SELECTION"": true, ""G11_DATA_QUALITY_PASS"": false, ""G12_NONCONSTANT"": false, ""G13_ENGLISH_FULLTEXT_FORMULA_EVIDENCE"": false, ""G14_INDEPENDENT_SECOND_REVIEW_APPROVAL"": false}","[""G04_REPRODUCIBLE_DEFINITION_AND_OPERATIONALIZATION"", ""G07_CURRENT_DATA_READY"", ""G11_DATA_QUALITY_PASS"", ""G12_NONCONSTANT"", ""G13_ENGLISH_FULLTEXT_FORMULA_EVIDENCE"", ""G14_INDEPENDENT_SECOND_REVIEW_APPROVAL""]",excluded,RECOVERED_GATE_FAILURE,exact_for_frozen_set_membership_not_original_per_gate_bytes,codex_session_log_nested_membership
EF0429,"{""G01_IN_SCOPE_ROLE"": true, ""G02_ARTICLE_LEVEL"": true, ""G03_PRIMARY_OR_FOUNDATIONAL_EVIDENCE"": false, ""G04_REPRODUCIBLE_DEFINITION_AND_OPERATIONALIZATION"": false, ""G05_PUBLICATION_TIME"": false, ""G06_NO_FUTURE_INFORMATION"": true, ""G07_CURRENT_DATA_READY"": false, ""G08_BIAS_GUARDRAIL"": true, ""G09_NO_FATAL_VALIDITY_CONCERN"": true, ""G10_OUTCOME_BLIND_SELECTION"": true, ""G11_DATA_QUALITY_PASS"": false, ""G12_NONCONSTANT"": false, ""G13_ENGLISH_FULLTEXT_FORMULA_EVIDENCE"": false, ""G14_INDEPENDENT_SECOND_REVIEW_APPROVAL"": false}","[""G03_PRIMARY_OR_FOUNDATIONAL_EVIDENCE"", ""G04_REPRODUCIBLE_DEFINITION_AND_OPERATIONALIZATION"", ""G05_PUBLICATION_TIME"", ""G07_CURRENT_DATA_READY"", ""G11_DATA_QUALITY_PASS"", ""G12_NONCONSTANT"", ""G13_ENGLISH_FULLTEXT_FORMULA_EVIDENCE"", ""G14_INDEPENDENT_SECOND_REVIEW_APPROVAL""]",excluded,RECOVERED_GATE_FAILURE,exact_for_frozen_set_membership_not_original_per_gate_bytes,codex_session_log_nested_membership
EF0430,"{""G01_IN_SCOPE_ROLE"": true, ""G02_ARTICLE_LEVEL"": true, ""G03_PRIMARY_OR_FOUNDATIONAL_EVIDENCE"": false, ""G04_REPRODUCIBLE_DEFINITION_AND_OPERATIONALIZATION"": false, ""G05_PUBLICATION_TIME"": false, ""G06_NO_FUTURE_INFORMATION"": true, ""G07_CURRENT_DATA_READY"": false, ""G08_BIAS_GUARDRAIL"": true, ""G09_NO_FATAL_VALIDITY_CONCERN"": true, ""G10_OUTCOME_BLIND_SELECTION"": true, ""G11_DATA_QUALITY_PASS"": false, ""G12_NONCONSTANT"": false, ""G13_ENGLISH_FULLTEXT_FORMULA_EVIDENCE"": false, ""G14_INDEPENDENT_SECOND_REVIEW_APPROVAL"": false}","[""G03_PRIMARY_OR_FOUNDATIONAL_EVIDENCE"", ""G04_REPRODUCIBLE_DEFINITION_AND_OPERATIONALIZATION"", ""G05_PUBLICATION_TIME"", ""G07_CURRENT_DATA_READY"", ""G11_DATA_QUALITY_PASS"", ""G12_NONCONSTANT"", ""G13_ENGLISH_FULLTEXT_FORMULA_EVIDENCE"", ""G14_INDEPENDENT_SECOND_REVIEW_APPROVAL""]",excluded,RECOVERED_GATE_FAILURE,exact_for_frozen_set_membership_not_original_per_gate_bytes,codex_session_log_nested_membership
EF0431,"{""G01_IN_SCOPE_ROLE"": true, ""G02_ARTICLE_LEVEL"": true, ""G03_PRIMARY_OR_FOUNDATIONAL_EVIDENCE"": false, ""G04_REPRODUCIBLE_DEFINITION_AND_OPERATIONALIZATION"": false, ""G05_PUBLICATION_TIME"": false, ""G06_NO_FUTURE_INFORMATION"": true, ""G07_CURRENT_DATA_READY"": false, ""G08_BIAS_GUARDRAIL"": true, ""G09_NO_FATAL_VALIDITY_CONCERN"": true, ""G10_OUTCOME_BLIND_SELECTION"": true, ""G11_DATA_QUALITY_PASS"": false, ""G12_NONCONSTANT"": false, ""G13_ENGLISH_FULLTEXT_FORMULA_EVIDENCE"": false, ""G14_INDEPENDENT_SECOND_REVIEW_APPROVAL"": false}","[""G03_PRIMARY_OR_FOUNDATIONAL_EVIDENCE"", ""G04_REPRODUCIBLE_DEFINITION_AND_OPERATIONALIZATION"", ""G05_PUBLICATION_TIME"", ""G07_CURRENT_DATA_READY"", ""G11_DATA_QUALITY_PASS"", ""G12_NONCONSTANT"", ""G13_ENGLISH_FULLTEXT_FORMULA_EVIDENCE"", ""G14_INDEPENDENT_SECOND_REVIEW_APPROVAL""]",excluded,RECOVERED_GATE_FAILURE,exact_for_frozen_set_membership_not_original_per_gate_bytes,codex_session_log_nested_membership
EF0432,"{""G01_IN_SCOPE_ROLE"": true, ""G02_ARTICLE_LEVEL"": true, ""G03_PRIMARY_OR_FOUNDATIONAL_EVIDENCE"": true, ""G04_REPRODUCIBLE_DEFINITION_AND_OPERATIONALIZATION"": false, ""G05_PUBLICATION_TIME"": true, ""G06_NO_FUTURE_INFORMATION"": true, ""G07_CURRENT_DATA_READY"": false, ""G08_BIAS_GUARDRAIL"": true, ""G09_NO_FATAL_VALIDITY_CONCERN"": true, ""G10_OUTCOME_BLIND_SELECTION"": true, ""G11_DATA_QUALITY_PASS"": false, ""G12_NONCONSTANT"": false, ""G13_ENGLISH_FULLTEXT_FORMULA_EVIDENCE"": false, ""G14_INDEPENDENT_SECOND_REVIEW_APPROVAL"": false}","[""G04_REPRODUCIBLE_DEFINITION_AND_OPERATIONALIZATION"", ""G07_CURRENT_DATA_READY"", ""G11_DATA_QUALITY_PASS"", ""G12_NONCONSTANT"", ""G13_ENGLISH_FULLTEXT_FORMULA_EVIDENCE"", ""G14_INDEPENDENT_SECOND_REVIEW_APPROVAL""]",excluded,RECOVERED_GATE_FAILURE,exact_for_frozen_set_membership_not_original_per_gate_bytes,codex_session_log_nested_membership
