scope,domain,fold_id,metric,metric_active,target,n,spearman
all,all,-1,B,1,RGPM,83944,0.044659602241300826
all,all,-1,B,1,RGPM_v3_balanced,83944,-0.01819479932721647
all,all,-1,B,1,RGPM_mahalanobis_debug,83944,0.005892110002546082
all,all,-1,B,1,RGPM_expansion_component,83944,-0.062169000527357215
all,all,-1,B,1,RGPM_bridging_component,83944,-0.05691600219022118
all,all,-1,B,1,RGPM_reconfiguration_component,83944,0.06552478807981177
all,all,-1,B,1,community_reach_z,83944,-0.07507686722876415
all,all,-1,B,1,field_entropy_z,83944,-0.015866813640082727
all,all,-1,B,1,cross_community_adoption_z,83944,-0.04897041736672242
all,all,-1,B,1,path_shortening_z,83944,-0.032141798912785825
all,all,-1,B,1,modularity_shock_z,83944,0.06712990278065845
all,all,-1,B,1,partition_change_z,83944,-0.059202855704919434
all,all,-1,B,1,boundary_mixing_z,83944,0.0853077943541393
all,all,-1,B,1,post_perturbation_concentration_z,83944,0.013027023615028355
all,all,-1,B,1,hub_formation_z,83944,-0.0014185093075686829
all,all,-1,RS,1,RGPM,83944,0.05459844732636666
all,all,-1,RS,1,RGPM_v3_balanced,83944,0.11298797482928921
all,all,-1,RS,1,RGPM_mahalanobis_debug,83944,0.10508683632794522
all,all,-1,RS,1,RGPM_expansion_component,83944,0.07823192809862822
all,all,-1,RS,1,RGPM_bridging_component,83944,0.09340981302277032
all,all,-1,RS,1,RGPM_reconfiguration_component,83944,-0.0007441169146079001
all,all,-1,RS,1,community_reach_z,83944,0.06102006527650673
all,all,-1,RS,1,field_entropy_z,83944,0.11671561595284005
all,all,-1,RS,1,cross_community_adoption_z,83944,0.11257509675995606
all,all,-1,RS,1,path_shortening_z,83944,0.15958195854803164
all,all,-1,RS,1,modularity_shock_z,83944,0.0006221799163447513
all,all,-1,RS,1,partition_change_z,83944,0.28731892949625726
all,all,-1,RS,1,boundary_mixing_z,83944,-0.1621769334984238
all,all,-1,RS,1,post_perturbation_concentration_z,83944,-0.12120199026023457
all,all,-1,RS,1,hub_formation_z,83944,-0.0016749465509498544
all,all,-1,DeltaQ0,1,RGPM,83944,0.08172358409487547
all,all,-1,DeltaQ0,1,RGPM_v3_balanced,83944,0.18628507743340245
all,all,-1,DeltaQ0,1,RGPM_mahalanobis_debug,83944,0.13699994362932558
all,all,-1,DeltaQ0,1,RGPM_expansion_component,83944,-0.0041536159308019115
all,all,-1,DeltaQ0,1,RGPM_bridging_component,83944,0.0354060428181153
all,all,-1,DeltaQ0,1,RGPM_reconfiguration_component,83944,0.37231640636086955
all,all,-1,DeltaQ0,1,community_reach_z,83944,-0.010980157532782819
all,all,-1,DeltaQ0,1,field_entropy_z,83944,-0.0011238881860811368
all,all,-1,DeltaQ0,1,cross_community_adoption_z,83944,0.016002204359643658
all,all,-1,DeltaQ0,1,path_shortening_z,83944,-0.018692362792206083
all,all,-1,DeltaQ0,1,modularity_shock_z,83944,0.36724713258965247
all,all,-1,DeltaQ0,1,partition_change_z,83944,-0.07197626102619992
all,all,-1,DeltaQ0,1,boundary_mixing_z,83944,0.4129730929405214
all,all,-1,DeltaQ0,1,post_perturbation_concentration_z,83944,0.008569563394732166
all,all,-1,DeltaQ0,1,hub_formation_z,83944,-0.01928343337809963
all,all,-1,Uzzi,1,RGPM,83944,-0.10113399427328433
all,all,-1,Uzzi,1,RGPM_v3_balanced,83944,-0.16402591620200574
all,all,-1,Uzzi,1,RGPM_mahalanobis_debug,83944,-0.18340034896915122
all,all,-1,Uzzi,1,RGPM_expansion_component,83944,-0.10909151828851883
all,all,-1,Uzzi,1,RGPM_bridging_component,83944,-0.12971605379374954
all,all,-1,Uzzi,1,RGPM_reconfiguration_component,83944,-0.06575830929264968
all,all,-1,Uzzi,1,community_reach_z,83944,-0.04340670933318163
all,all,-1,Uzzi,1,field_entropy_z,83944,-0.05048232496066881
all,all,-1,Uzzi,1,cross_community_adoption_z,83944,-0.06628864215271561
all,all,-1,Uzzi,1,path_shortening_z,83944,-0.06357714124822841
all,all,-1,Uzzi,1,modularity_shock_z,83944,-0.04331095089286504
all,all,-1,Uzzi,1,partition_change_z,83944,-0.15056005128193772
all,all,-1,Uzzi,1,boundary_mixing_z,83944,0.13141154257395096
all,all,-1,Uzzi,1,post_perturbation_concentration_z,83944,0.043745088970606055
all,all,-1,Uzzi,1,hub_formation_z,83944,0.01711068031568108
all,all,-1,RTD,1,RGPM,83944,0.1592385783565346
all,all,-1,RTD,1,RGPM_v3_balanced,83944,0.18198065527962093
all,all,-1,RTD,1,RGPM_mahalanobis_debug,83944,0.19523769687379128
all,all,-1,RTD,1,RGPM_expansion_component,83944,0.11641854958266885
all,all,-1,RTD,1,RGPM_bridging_component,83944,0.14186618911445745
all,all,-1,RTD,1,RGPM_reconfiguration_component,83944,0.038943903362977234
all,all,-1,RTD,1,community_reach_z,83944,0.05760756934002883
all,all,-1,RTD,1,field_entropy_z,83944,0.15003906859841323
all,all,-1,RTD,1,cross_community_adoption_z,83944,0.14864927021170693
all,all,-1,RTD,1,path_shortening_z,83944,0.17983503259859304
all,all,-1,RTD,1,modularity_shock_z,83944,0.03316204412145533
all,all,-1,RTD,1,partition_change_z,83944,0.3790074446991109
all,all,-1,RTD,1,boundary_mixing_z,83944,-0.2118298514194035
all,all,-1,RTD,1,post_perturbation_concentration_z,83944,-0.1591074559362897
all,all,-1,RTD,1,hub_formation_z,83944,0.009174050903309852
all,all,-1,BurtIP,1,RGPM,83944,0.04318572792786853
all,all,-1,BurtIP,1,RGPM_v3_balanced,83944,-0.002195825341527326
all,all,-1,BurtIP,1,RGPM_mahalanobis_debug,83944,0.010950044253224558
all,all,-1,BurtIP,1,RGPM_expansion_component,83944,-0.04769372667974267
all,all,-1,BurtIP,1,RGPM_bridging_component,83944,-0.042436074253875675
all,all,-1,BurtIP,1,RGPM_reconfiguration_component,83944,0.07193394887865061
all,all,-1,BurtIP,1,community_reach_z,83944,-0.057742231651610784
all,all,-1,BurtIP,1,field_entropy_z,83944,-0.009365371936573485
all,all,-1,BurtIP,1,cross_community_adoption_z,83944,-0.037318758150342135
all,all,-1,BurtIP,1,path_shortening_z,83944,-0.0028236234987157583
all,all,-1,BurtIP,1,modularity_shock_z,83944,0.07096940302710568
all,all,-1,BurtIP,1,partition_change_z,83944,-0.04971113604989657
all,all,-1,BurtIP,1,boundary_mixing_z,83944,0.06973861651804898
all,all,-1,BurtIP,1,post_perturbation_concentration_z,83944,0.010128177445537465
all,all,-1,BurtIP,1,hub_formation_z,83944,-0.017939941665421233
all,all,-1,PDE,1,RGPM,83944,0.05553378632039128
all,all,-1,PDE,1,RGPM_v3_balanced,83944,0.11385615747754302
all,all,-1,PDE,1,RGPM_mahalanobis_debug,83944,0.10717014604602357
all,all,-1,PDE,1,RGPM_expansion_component,83944,0.07895409079285004
all,all,-1,PDE,1,RGPM_bridging_component,83944,0.09338749641217386
all,all,-1,PDE,1,RGPM_reconfiguration_component,83944,-0.0015279763273655545
all,all,-1,PDE,1,community_reach_z,83944,0.060784732244636805
all,all,-1,PDE,1,field_entropy_z,83944,0.1170069153795699
all,all,-1,PDE,1,cross_community_adoption_z,83944,0.11010738188955986
all,all,-1,PDE,1,path_shortening_z,83944,0.16325017880737452
all,all,-1,PDE,1,modularity_shock_z,83944,-0.0005787528952704848
all,all,-1,PDE,1,partition_change_z,83944,0.2849872346345721
all,all,-1,PDE,1,boundary_mixing_z,83944,-0.16699956117805592
all,all,-1,PDE,1,post_perturbation_concentration_z,83944,-0.12047735757939187
all,all,-1,PDE,1,hub_formation_z,83944,-0.0019645958557204797
domain,crispr,-1,B,1,RGPM,20986,0.04448795060170682
domain,crispr,-1,B,1,RGPM_v3_balanced,20986,-0.01822000855977337
domain,crispr,-1,B,1,RGPM_mahalanobis_debug,20986,0.0059599487025186835
domain,crispr,-1,B,1,RGPM_expansion_component,20986,-0.062308026578190984
domain,crispr,-1,B,1,RGPM_bridging_component,20986,-0.05694933635710696
domain,crispr,-1,B,1,RGPM_reconfiguration_component,20986,0.06570051465466496
domain,crispr,-1,B,1,community_reach_z,20986,-0.07529103297388429
domain,crispr,-1,B,1,field_entropy_z,20986,-0.015760504466020078
domain,crispr,-1,B,1,cross_community_adoption_z,20986,-0.049010846321359575
domain,crispr,-1,B,1,path_shortening_z,20986,-0.03216425691412534
domain,crispr,-1,B,1,modularity_shock_z,20986,0.06732758794390391
domain,crispr,-1,B,1,partition_change_z,20986,-0.05927085986749763
domain,crispr,-1,B,1,boundary_mixing_z,20986,0.08546864030775639
domain,crispr,-1,B,1,post_perturbation_concentration_z,20986,0.012847634636361387
domain,crispr,-1,B,1,hub_formation_z,20986,-0.001354768488332826
domain,crispr,-1,RS,1,RGPM,20986,0.05443456064686501
domain,crispr,-1,RS,1,RGPM_v3_balanced,20986,0.11288969432514823
domain,crispr,-1,RS,1,RGPM_mahalanobis_debug,20986,0.10505520652354178
domain,crispr,-1,RS,1,RGPM_expansion_component,20986,0.07821182272931906
domain,crispr,-1,RS,1,RGPM_bridging_component,20986,0.09324596579501705
domain,crispr,-1,RS,1,RGPM_reconfiguration_component,20986,-0.0007450494290760904
domain,crispr,-1,RS,1,community_reach_z,20986,0.060979971626166696
domain,crispr,-1,RS,1,field_entropy_z,20986,0.11675250047488872
domain,crispr,-1,RS,1,cross_community_adoption_z,20986,0.1122942298424558
domain,crispr,-1,RS,1,path_shortening_z,20986,0.15958195854803167
domain,crispr,-1,RS,1,modularity_shock_z,20986,0.0006201963392556748
domain,crispr,-1,RS,1,partition_change_z,20986,0.28699132925978194
domain,crispr,-1,RS,1,boundary_mixing_z,20986,-0.16233845762405538
domain,crispr,-1,RS,1,post_perturbation_concentration_z,20986,-0.1210452278520996
domain,crispr,-1,RS,1,hub_formation_z,20986,-0.0016749465509498548
domain,crispr,-1,DeltaQ0,1,RGPM,20986,0.08162996941540994
domain,crispr,-1,DeltaQ0,1,RGPM_v3_balanced,20986,0.18621056703896513
domain,crispr,-1,DeltaQ0,1,RGPM_mahalanobis_debug,20986,0.1369729334035614
domain,crispr,-1,DeltaQ0,1,RGPM_expansion_component,20986,-0.004115236121516884
domain,crispr,-1,DeltaQ0,1,RGPM_bridging_component,20986,0.03522627469507988
domain,crispr,-1,DeltaQ0,1,RGPM_reconfiguration_component,20986,0.372316439992138
domain,crispr,-1,DeltaQ0,1,community_reach_z,20986,-0.010972208877561302
domain,crispr,-1,DeltaQ0,1,field_entropy_z,20986,-0.0013105065013264891
domain,crispr,-1,DeltaQ0,1,cross_community_adoption_z,20986,0.015687070293924535
domain,crispr,-1,DeltaQ0,1,path_shortening_z,20986,-0.018692362792206083
domain,crispr,-1,DeltaQ0,1,modularity_shock_z,20986,0.36724592242252574
domain,crispr,-1,DeltaQ0,1,partition_change_z,20986,-0.07187692593352756
domain,crispr,-1,DeltaQ0,1,boundary_mixing_z,20986,0.41284925365472736
domain,crispr,-1,DeltaQ0,1,post_perturbation_concentration_z,20986,0.00858846285268135
domain,crispr,-1,DeltaQ0,1,hub_formation_z,20986,-0.019283433378099627
domain,crispr,-1,Uzzi,1,RGPM,20986,-0.10110618172123756
domain,crispr,-1,Uzzi,1,RGPM_v3_balanced,20986,-0.16399154766645058
domain,crispr,-1,Uzzi,1,RGPM_mahalanobis_debug,20986,-0.18339329739433413
domain,crispr,-1,Uzzi,1,RGPM_expansion_component,20986,-0.10919819748939798
domain,crispr,-1,Uzzi,1,RGPM_bridging_component,20986,-0.129553527297957
domain,crispr,-1,Uzzi,1,RGPM_reconfiguration_component,20986,-0.06576138015065996
domain,crispr,-1,Uzzi,1,community_reach_z,20986,-0.04348249033667569
domain,crispr,-1,Uzzi,1,field_entropy_z,20986,-0.05071869023870103
domain,crispr,-1,Uzzi,1,cross_community_adoption_z,20986,-0.0660036742083053
domain,crispr,-1,Uzzi,1,path_shortening_z,20986,-0.06357714124822841
domain,crispr,-1,Uzzi,1,modularity_shock_z,20986,-0.043314058755761844
domain,crispr,-1,Uzzi,1,partition_change_z,20986,-0.15056858786938357
domain,crispr,-1,Uzzi,1,boundary_mixing_z,20986,0.1314050278817776
domain,crispr,-1,Uzzi,1,post_perturbation_concentration_z,20986,0.043958860045728014
domain,crispr,-1,Uzzi,1,hub_formation_z,20986,0.017110680315681085
domain,crispr,-1,RTD,1,RGPM,20986,0.159117638054298
domain,crispr,-1,RTD,1,RGPM_v3_balanced,20986,0.18190962633449054
domain,crispr,-1,RTD,1,RGPM_mahalanobis_debug,20986,0.19524434656998055
domain,crispr,-1,RTD,1,RGPM_expansion_component,20986,0.1164378966860749
domain,crispr,-1,RTD,1,RGPM_bridging_component,20986,0.14172739591082462
domain,crispr,-1,RTD,1,RGPM_reconfiguration_component,20986,0.03893933700016827
domain,crispr,-1,RTD,1,community_reach_z,20986,0.05759238940005391
domain,crispr,-1,RTD,1,field_entropy_z,20986,0.15017745067590088
domain,crispr,-1,RTD,1,cross_community_adoption_z,20986,0.1484085408425218
domain,crispr,-1,RTD,1,path_shortening_z,20986,0.17983503259859307
domain,crispr,-1,RTD,1,modularity_shock_z,20986,0.033156407917931445
domain,crispr,-1,RTD,1,partition_change_z,20986,0.3787827009974045
domain,crispr,-1,RTD,1,boundary_mixing_z,20986,-0.21208131638983857
domain,crispr,-1,RTD,1,post_perturbation_concentration_z,20986,-0.1590211443985518
domain,crispr,-1,RTD,1,hub_formation_z,20986,0.009174050903309852
domain,crispr,-1,BurtIP,1,RGPM,20986,0.043133084861447686
domain,crispr,-1,BurtIP,1,RGPM_v3_balanced,20986,-0.0021768386359609184
domain,crispr,-1,BurtIP,1,RGPM_mahalanobis_debug,20986,0.010980936438316899
domain,crispr,-1,BurtIP,1,RGPM_expansion_component,20986,-0.04777799894647831
domain,crispr,-1,BurtIP,1,RGPM_bridging_component,20986,-0.04239563205466048
domain,crispr,-1,BurtIP,1,RGPM_reconfiguration_component,20986,0.07193192742464045
domain,crispr,-1,BurtIP,1,community_reach_z,20986,-0.05781177694821286
domain,crispr,-1,BurtIP,1,field_entropy_z,20986,-0.009175523648887287
domain,crispr,-1,BurtIP,1,cross_community_adoption_z,20986,-0.037250611735944024
domain,crispr,-1,BurtIP,1,path_shortening_z,20986,-0.0028236234987157583
domain,crispr,-1,BurtIP,1,modularity_shock_z,20986,0.07096872968578312
domain,crispr,-1,BurtIP,1,partition_change_z,20986,-0.049613570098044395
domain,crispr,-1,BurtIP,1,boundary_mixing_z,20986,0.06970970255192513
domain,crispr,-1,BurtIP,1,post_perturbation_concentration_z,20986,0.009960242240140986
domain,crispr,-1,BurtIP,1,hub_formation_z,20986,-0.01793994166542123
domain,crispr,-1,PDE,1,RGPM,20986,0.05536951125646625
domain,crispr,-1,PDE,1,RGPM_v3_balanced,20986,0.1137576637896679
domain,crispr,-1,PDE,1,RGPM_mahalanobis_debug,20986,0.10713770472277023
domain,crispr,-1,PDE,1,RGPM_expansion_component,20986,0.07892699638231943
domain,crispr,-1,PDE,1,RGPM_bridging_component,20986,0.09322952885372787
domain,crispr,-1,PDE,1,RGPM_reconfiguration_component,20986,-0.0015287597188622106
domain,crispr,-1,PDE,1,community_reach_z,20986,0.06074014710606403
domain,crispr,-1,PDE,1,field_entropy_z,20986,0.1170451907066287
domain,crispr,-1,PDE,1,cross_community_adoption_z,20986,0.10983672673520542
domain,crispr,-1,PDE,1,path_shortening_z,20986,0.16325017880737452
domain,crispr,-1,PDE,1,modularity_shock_z,20986,-0.0005805892525690911
domain,crispr,-1,PDE,1,partition_change_z,20986,0.28465900118104226
domain,crispr,-1,PDE,1,boundary_mixing_z,20986,-0.16716120928123693
domain,crispr,-1,PDE,1,post_perturbation_concentration_z,20986,-0.12032169402560049
domain,crispr,-1,PDE,1,hub_formation_z,20986,-0.0019645958557204793
domain,graphene_2d_materials,-1,B,1,RGPM,20986,0.04460260645883164
domain,graphene_2d_materials,-1,B,1,RGPM_v3_balanced,20986,-0.018251683372556237
domain,graphene_2d_materials,-1,B,1,RGPM_mahalanobis_debug,20986,0.005825714169616535
domain,graphene_2d_materials,-1,B,1,RGPM_expansion_component,20986,-0.06217926364831466
domain,graphene_2d_materials,-1,B,1,RGPM_bridging_component,20986,-0.05690953927309477
domain,graphene_2d_materials,-1,B,1,RGPM_reconfiguration_component,20986,0.06540984094201152
domain,graphene_2d_materials,-1,B,1,community_reach_z,20986,-0.075024795449726
domain,graphene_2d_materials,-1,B,1,field_entropy_z,20986,-0.0161395895807878
domain,graphene_2d_materials,-1,B,1,cross_community_adoption_z,20986,-0.04896685646651195
domain,graphene_2d_materials,-1,B,1,path_shortening_z,20986,-0.03215598016684829
domain,graphene_2d_materials,-1,B,1,modularity_shock_z,20986,0.06697267128698686
domain,graphene_2d_materials,-1,B,1,partition_change_z,20986,-0.05919168063018256
domain,graphene_2d_materials,-1,B,1,boundary_mixing_z,20986,0.08521326131461983
domain,graphene_2d_materials,-1,B,1,post_perturbation_concentration_z,20986,0.01314174336567731
domain,graphene_2d_materials,-1,B,1,hub_formation_z,20986,-0.0013697039870947487
domain,graphene_2d_materials,-1,RS,1,RGPM,20986,0.05458947409252943
domain,graphene_2d_materials,-1,RS,1,RGPM_v3_balanced,20986,0.11301776333297867
domain,graphene_2d_materials,-1,RS,1,RGPM_mahalanobis_debug,20986,0.10509617312395289
domain,graphene_2d_materials,-1,RS,1,RGPM_expansion_component,20986,0.07823485621408446
domain,graphene_2d_materials,-1,RS,1,RGPM_bridging_component,20986,0.0933983192416263
domain,graphene_2d_materials,-1,RS,1,RGPM_reconfiguration_component,20986,-0.0007429802584987743
domain,graphene_2d_materials,-1,RS,1,community_reach_z,20986,0.06103040409642203
domain,graphene_2d_materials,-1,RS,1,field_entropy_z,20986,0.11657744927716225
domain,graphene_2d_materials,-1,RS,1,cross_community_adoption_z,20986,0.11256112801234881
domain,graphene_2d_materials,-1,RS,1,path_shortening_z,20986,0.15958195854803167
domain,graphene_2d_materials,-1,RS,1,modularity_shock_z,20986,0.0006236376596498892
domain,graphene_2d_materials,-1,RS,1,partition_change_z,20986,0.2870455571177333
domain,graphene_2d_materials,-1,RS,1,boundary_mixing_z,20986,-0.16211849485989546
domain,graphene_2d_materials,-1,RS,1,post_perturbation_concentration_z,20986,-0.12105681402470717
domain,graphene_2d_materials,-1,RS,1,hub_formation_z,20986,-0.0016749465509498548
domain,graphene_2d_materials,-1,DeltaQ0,1,RGPM,20986,0.08167341813672217
domain,graphene_2d_materials,-1,DeltaQ0,1,RGPM_v3_balanced,20986,0.1863047041131742
domain,graphene_2d_materials,-1,DeltaQ0,1,RGPM_mahalanobis_debug,20986,0.1370072941323364
domain,graphene_2d_materials,-1,DeltaQ0,1,RGPM_expansion_component,20986,-0.00417259873262907
domain,graphene_2d_materials,-1,DeltaQ0,1,RGPM_bridging_component,20986,0.03538411899020179
domain,graphene_2d_materials,-1,DeltaQ0,1,RGPM_reconfiguration_component,20986,0.37231864026269645
domain,graphene_2d_materials,-1,DeltaQ0,1,community_reach_z,20986,-0.010987768361170814
domain,graphene_2d_materials,-1,DeltaQ0,1,field_entropy_z,20986,-0.0012066358671505815
domain,graphene_2d_materials,-1,DeltaQ0,1,cross_community_adoption_z,20986,0.015969734854248463
domain,graphene_2d_materials,-1,DeltaQ0,1,path_shortening_z,20986,-0.018692362792206083
domain,graphene_2d_materials,-1,DeltaQ0,1,modularity_shock_z,20986,0.3672497015264202
domain,graphene_2d_materials,-1,DeltaQ0,1,partition_change_z,20986,-0.0718539526845987
domain,graphene_2d_materials,-1,DeltaQ0,1,boundary_mixing_z,20986,0.41301999127791195
domain,graphene_2d_materials,-1,DeltaQ0,1,post_perturbation_concentration_z,20986,0.008474135258146547
domain,graphene_2d_materials,-1,DeltaQ0,1,hub_formation_z,20986,-0.019283433378099627
domain,graphene_2d_materials,-1,Uzzi,1,RGPM,20986,-0.10113404971684863
domain,graphene_2d_materials,-1,Uzzi,1,RGPM_v3_balanced,20986,-0.16403447586219544
domain,graphene_2d_materials,-1,Uzzi,1,RGPM_mahalanobis_debug,20986,-0.18340139416546158
domain,graphene_2d_materials,-1,Uzzi,1,RGPM_expansion_component,20986,-0.10905289235021502
domain,graphene_2d_materials,-1,Uzzi,1,RGPM_bridging_component,20986,-0.12975115076365626
domain,graphene_2d_materials,-1,Uzzi,1,RGPM_reconfiguration_component,20986,-0.06575772337704221
domain,graphene_2d_materials,-1,Uzzi,1,community_reach_z,20986,-0.04337899171329921
domain,graphene_2d_materials,-1,Uzzi,1,field_entropy_z,20986,-0.05051940936719524
domain,graphene_2d_materials,-1,Uzzi,1,cross_community_adoption_z,20986,-0.06636798986569831
domain,graphene_2d_materials,-1,Uzzi,1,path_shortening_z,20986,-0.06357714124822841
domain,graphene_2d_materials,-1,Uzzi,1,modularity_shock_z,20986,-0.04331033713032178
domain,graphene_2d_materials,-1,Uzzi,1,partition_change_z,20986,-0.15056272811562052
domain,graphene_2d_materials,-1,Uzzi,1,boundary_mixing_z,20986,0.1314049552562968
domain,graphene_2d_materials,-1,Uzzi,1,post_perturbation_concentration_z,20986,0.04377920371259609
domain,graphene_2d_materials,-1,Uzzi,1,hub_formation_z,20986,0.017110680315681085
domain,graphene_2d_materials,-1,RTD,1,RGPM,20986,0.15925126809892665
domain,graphene_2d_materials,-1,RTD,1,RGPM_v3_balanced,20986,0.1820027531460948
domain,graphene_2d_materials,-1,RTD,1,RGPM_mahalanobis_debug,20986,0.19523490632797663
domain,graphene_2d_materials,-1,RTD,1,RGPM_expansion_component,20986,0.11641016382111634
domain,graphene_2d_materials,-1,RTD,1,RGPM_bridging_component,20986,0.14187746312805552
domain,graphene_2d_materials,-1,RTD,1,RGPM_reconfiguration_component,20986,0.03894554025107275
domain,graphene_2d_materials,-1,RTD,1,community_reach_z,20986,0.05761107899888744
domain,graphene_2d_materials,-1,RTD,1,field_entropy_z,20986,0.1499229245581507
domain,graphene_2d_materials,-1,RTD,1,cross_community_adoption_z,20986,0.14868201679343704
domain,graphene_2d_materials,-1,RTD,1,path_shortening_z,20986,0.17983503259859307
domain,graphene_2d_materials,-1,RTD,1,modularity_shock_z,20986,0.03316403355597774
domain,graphene_2d_materials,-1,RTD,1,partition_change_z,20986,0.37873751595677163
domain,graphene_2d_materials,-1,RTD,1,boundary_mixing_z,20986,-0.21174538524195746
domain,graphene_2d_materials,-1,RTD,1,post_perturbation_concentration_z,20986,-0.15897356141525593
domain,graphene_2d_materials,-1,RTD,1,hub_formation_z,20986,0.009174050903309852
domain,graphene_2d_materials,-1,BurtIP,1,RGPM,20986,0.04310721878677882
domain,graphene_2d_materials,-1,BurtIP,1,RGPM_v3_balanced,20986,-0.0022065876122889664
domain,graphene_2d_materials,-1,BurtIP,1,RGPM_mahalanobis_debug,20986,0.010937717631217982
domain,graphene_2d_materials,-1,BurtIP,1,RGPM_expansion_component,20986,-0.047671319015094714
domain,graphene_2d_materials,-1,BurtIP,1,RGPM_bridging_component,20986,-0.0425369462831774
domain,graphene_2d_materials,-1,BurtIP,1,RGPM_reconfiguration_component,20986,0.07193636564169663
domain,graphene_2d_materials,-1,BurtIP,1,community_reach_z,20986,-0.0577236085618724
domain,graphene_2d_materials,-1,BurtIP,1,field_entropy_z,20986,-0.009505442386397158
domain,graphene_2d_materials,-1,BurtIP,1,cross_community_adoption_z,20986,-0.03749860689148348
domain,graphene_2d_materials,-1,BurtIP,1,path_shortening_z,20986,-0.0028236234987157583
domain,graphene_2d_materials,-1,BurtIP,1,modularity_shock_z,20986,0.07097130864967545
domain,graphene_2d_materials,-1,BurtIP,1,partition_change_z,20986,-0.04969722073213946
domain,graphene_2d_materials,-1,BurtIP,1,boundary_mixing_z,20986,0.06975681495952049
domain,graphene_2d_materials,-1,BurtIP,1,post_perturbation_concentration_z,20986,0.01019072179896819
domain,graphene_2d_materials,-1,BurtIP,1,hub_formation_z,20986,-0.01793994166542123
domain,graphene_2d_materials,-1,PDE,1,RGPM,20986,0.05552473674821099
domain,graphene_2d_materials,-1,PDE,1,RGPM_v3_balanced,20986,0.11388601375635538
domain,graphene_2d_materials,-1,PDE,1,RGPM_mahalanobis_debug,20986,0.10717970281686016
domain,graphene_2d_materials,-1,PDE,1,RGPM_expansion_component,20986,0.0789593412107145
domain,graphene_2d_materials,-1,PDE,1,RGPM_bridging_component,20986,0.09337394411433364
domain,graphene_2d_materials,-1,PDE,1,RGPM_reconfiguration_component,20986,-0.0015268708245692877
domain,graphene_2d_materials,-1,PDE,1,community_reach_z,20986,0.06079656203634012
domain,graphene_2d_materials,-1,PDE,1,field_entropy_z,20986,0.1168682293395829
domain,graphene_2d_materials,-1,PDE,1,cross_community_adoption_z,20986,0.11008997898500855
domain,graphene_2d_materials,-1,PDE,1,path_shortening_z,20986,0.16325017880737452
domain,graphene_2d_materials,-1,PDE,1,modularity_shock_z,20986,-0.0005773263284589862
domain,graphene_2d_materials,-1,PDE,1,partition_change_z,20986,0.28471325267710934
domain,graphene_2d_materials,-1,PDE,1,boundary_mixing_z,20986,-0.16694110171808457
domain,graphene_2d_materials,-1,PDE,1,post_perturbation_concentration_z,20986,-0.12033112290890528
domain,graphene_2d_materials,-1,PDE,1,hub_formation_z,20986,-0.0019645958557204793
domain,ipsc_reprogramming,-1,B,1,RGPM,20986,0.04463068391657518
domain,ipsc_reprogramming,-1,B,1,RGPM_v3_balanced,20986,-0.01812206932330771
domain,ipsc_reprogramming,-1,B,1,RGPM_mahalanobis_debug,20986,0.005927344443401717
domain,ipsc_reprogramming,-1,B,1,RGPM_expansion_component,20986,-0.06203796433582105
domain,ipsc_reprogramming,-1,B,1,RGPM_bridging_component,20986,-0.056979417293269094
domain,ipsc_reprogramming,-1,B,1,RGPM_reconfiguration_component,20986,0.06547063461338311
domain,ipsc_reprogramming,-1,B,1,community_reach_z,20986,-0.074977373222465
domain,ipsc_reprogramming,-1,B,1,field_entropy_z,20986,-0.01575665170712853
domain,ipsc_reprogramming,-1,B,1,cross_community_adoption_z,20986,-0.04901854672144801
domain,ipsc_reprogramming,-1,B,1,path_shortening_z,20986,-0.032301284661648964
domain,ipsc_reprogramming,-1,B,1,modularity_shock_z,20986,0.06712112506405765
domain,ipsc_reprogramming,-1,B,1,partition_change_z,20986,-0.059357858701872004
domain,ipsc_reprogramming,-1,B,1,boundary_mixing_z,20986,0.08528845162378453
domain,ipsc_reprogramming,-1,B,1,post_perturbation_concentration_z,20986,0.013009614781102786
domain,ipsc_reprogramming,-1,B,1,hub_formation_z,20986,-0.001516436537298939
domain,ipsc_reprogramming,-1,RS,1,RGPM,20986,0.05468487529956092
domain,ipsc_reprogramming,-1,RS,1,RGPM_v3_balanced,20986,0.1130222246497681
domain,ipsc_reprogramming,-1,RS,1,RGPM_mahalanobis_debug,20986,0.105097984408291
domain,ipsc_reprogramming,-1,RS,1,RGPM_expansion_component,20986,0.078240494338123
domain,ipsc_reprogramming,-1,RS,1,RGPM_bridging_component,20986,0.09349749462015469
domain,ipsc_reprogramming,-1,RS,1,RGPM_reconfiguration_component,20986,-0.0007442244054000069
domain,ipsc_reprogramming,-1,RS,1,community_reach_z,20986,0.06103492689345381
domain,ipsc_reprogramming,-1,RS,1,field_entropy_z,20986,0.11676626702640808
domain,ipsc_reprogramming,-1,RS,1,cross_community_adoption_z,20986,0.11272251469902947
domain,ipsc_reprogramming,-1,RS,1,path_shortening_z,20986,0.15958195854803167
domain,ipsc_reprogramming,-1,RS,1,modularity_shock_z,20986,0.0006224376053563377
domain,ipsc_reprogramming,-1,RS,1,partition_change_z,20986,0.28761940263615743
domain,ipsc_reprogramming,-1,RS,1,boundary_mixing_z,20986,-0.16212540038735393
domain,ipsc_reprogramming,-1,RS,1,post_perturbation_concentration_z,20986,-0.12135294733082752
domain,ipsc_reprogramming,-1,RS,1,hub_formation_z,20986,-0.0016749465509498548
domain,ipsc_reprogramming,-1,DeltaQ0,1,RGPM,20986,0.08179395403139221
domain,ipsc_reprogramming,-1,DeltaQ0,1,RGPM_v3_balanced,20986,0.18631252156775574
domain,ipsc_reprogramming,-1,DeltaQ0,1,RGPM_mahalanobis_debug,20986,0.13700976813830767
domain,ipsc_reprogramming,-1,DeltaQ0,1,RGPM_expansion_component,20986,-0.004163334226830991
domain,ipsc_reprogramming,-1,DeltaQ0,1,RGPM_bridging_component,20986,0.035506898448536314
domain,ipsc_reprogramming,-1,DeltaQ0,1,RGPM_reconfiguration_component,20986,0.3723152819324748
domain,ipsc_reprogramming,-1,DeltaQ0,1,community_reach_z,20986,-0.010980336989432014
domain,ipsc_reprogramming,-1,DeltaQ0,1,field_entropy_z,20986,-0.0009891906488391745
domain,ipsc_reprogramming,-1,DeltaQ0,1,cross_community_adoption_z,20986,0.01617601395934601
domain,ipsc_reprogramming,-1,DeltaQ0,1,path_shortening_z,20986,-0.018692362792206083
domain,ipsc_reprogramming,-1,DeltaQ0,1,modularity_shock_z,20986,0.36724646221553364
domain,ipsc_reprogramming,-1,DeltaQ0,1,partition_change_z,20986,-0.07208709331421412
domain,ipsc_reprogramming,-1,DeltaQ0,1,boundary_mixing_z,20986,0.41301155431299374
domain,ipsc_reprogramming,-1,DeltaQ0,1,post_perturbation_concentration_z,20986,0.008607845818954131
domain,ipsc_reprogramming,-1,DeltaQ0,1,hub_formation_z,20986,-0.019283433378099627
domain,ipsc_reprogramming,-1,Uzzi,1,RGPM,20986,-0.10114859646789269
domain,ipsc_reprogramming,-1,Uzzi,1,RGPM_v3_balanced,20986,-0.16403882208232903
domain,ipsc_reprogramming,-1,Uzzi,1,RGPM_mahalanobis_debug,20986,-0.18340335252159237
domain,ipsc_reprogramming,-1,Uzzi,1,RGPM_expansion_component,20986,-0.10905745500026302
domain,ipsc_reprogramming,-1,Uzzi,1,RGPM_bridging_component,20986,-0.12977978073021365
domain,ipsc_reprogramming,-1,Uzzi,1,RGPM_reconfiguration_component,20986,-0.065757066821511
domain,ipsc_reprogramming,-1,Uzzi,1,community_reach_z,20986,-0.04338265229768357
domain,ipsc_reprogramming,-1,Uzzi,1,field_entropy_z,20986,-0.05034559663323165
domain,ipsc_reprogramming,-1,Uzzi,1,cross_community_adoption_z,20986,-0.06639146150579536
domain,ipsc_reprogramming,-1,Uzzi,1,path_shortening_z,20986,-0.06357714124822841
domain,ipsc_reprogramming,-1,Uzzi,1,modularity_shock_z,20986,-0.043309703843140486
domain,ipsc_reprogramming,-1,Uzzi,1,partition_change_z,20986,-0.15055447449320097
domain,ipsc_reprogramming,-1,Uzzi,1,boundary_mixing_z,20986,0.1314181044894094
domain,ipsc_reprogramming,-1,Uzzi,1,post_perturbation_concentration_z,20986,0.04362111096438505
domain,ipsc_reprogramming,-1,Uzzi,1,hub_formation_z,20986,0.017110680315681085
domain,ipsc_reprogramming,-1,RTD,1,RGPM,20986,0.15929294459384558
domain,ipsc_reprogramming,-1,RTD,1,RGPM_v3_balanced,20986,0.18200512312956602
domain,ipsc_reprogramming,-1,RTD,1,RGPM_mahalanobis_debug,20986,0.19523576323446018
domain,ipsc_reprogramming,-1,RTD,1,RGPM_expansion_component,20986,0.11641304723593394
domain,ipsc_reprogramming,-1,RTD,1,RGPM_bridging_component,20986,0.14192995682555148
domain,ipsc_reprogramming,-1,RTD,1,RGPM_reconfiguration_component,20986,0.03894536161567578
domain,ipsc_reprogramming,-1,RTD,1,community_reach_z,20986,0.05761339257960421
domain,ipsc_reprogramming,-1,RTD,1,field_entropy_z,20986,0.15002795365544644
domain,ipsc_reprogramming,-1,RTD,1,cross_community_adoption_z,20986,0.14875325992877203
domain,ipsc_reprogramming,-1,RTD,1,path_shortening_z,20986,0.17983503259859307
domain,ipsc_reprogramming,-1,RTD,1,modularity_shock_z,20986,0.033163861251425196
domain,ipsc_reprogramming,-1,RTD,1,partition_change_z,20986,0.3792547874770182
domain,ipsc_reprogramming,-1,RTD,1,boundary_mixing_z,20986,-0.21174635971991917
domain,ipsc_reprogramming,-1,RTD,1,post_perturbation_concentration_z,20986,-0.15921755770098303
domain,ipsc_reprogramming,-1,RTD,1,hub_formation_z,20986,0.009174050903309852
domain,ipsc_reprogramming,-1,BurtIP,1,RGPM,20986,0.04324944094619968
domain,ipsc_reprogramming,-1,BurtIP,1,RGPM_v3_balanced,20986,-0.0021999457929011215
domain,ipsc_reprogramming,-1,BurtIP,1,RGPM_mahalanobis_debug,20986,0.010940746713559107
domain,ipsc_reprogramming,-1,BurtIP,1,RGPM_expansion_component,20986,-0.04766275793936671
domain,ipsc_reprogramming,-1,BurtIP,1,RGPM_bridging_component,20986,-0.0424058599631596
domain,ipsc_reprogramming,-1,BurtIP,1,RGPM_reconfiguration_component,20986,0.07193375096823806
domain,ipsc_reprogramming,-1,BurtIP,1,community_reach_z,20986,-0.05771674149239017
domain,ipsc_reprogramming,-1,BurtIP,1,field_entropy_z,20986,-0.009390268395581696
domain,ipsc_reprogramming,-1,BurtIP,1,cross_community_adoption_z,20986,-0.03726290553904912
domain,ipsc_reprogramming,-1,BurtIP,1,path_shortening_z,20986,-0.0028236234987157583
domain,ipsc_reprogramming,-1,BurtIP,1,modularity_shock_z,20986,0.07096878664033147
domain,ipsc_reprogramming,-1,BurtIP,1,partition_change_z,20986,-0.04976688363628075
domain,ipsc_reprogramming,-1,BurtIP,1,boundary_mixing_z,20986,0.0697439641769316
domain,ipsc_reprogramming,-1,BurtIP,1,post_perturbation_concentration_z,20986,0.010180914648760258
domain,ipsc_reprogramming,-1,BurtIP,1,hub_formation_z,20986,-0.01793994166542123
domain,ipsc_reprogramming,-1,PDE,1,RGPM,20986,0.055620289871209976
domain,ipsc_reprogramming,-1,PDE,1,RGPM_v3_balanced,20986,0.11389048001195816
domain,ipsc_reprogramming,-1,PDE,1,RGPM_mahalanobis_debug,20986,0.10718158991767093
domain,ipsc_reprogramming,-1,PDE,1,RGPM_expansion_component,20986,0.0789649920917622
domain,ipsc_reprogramming,-1,PDE,1,RGPM_bridging_component,20986,0.09347326707167311
domain,ipsc_reprogramming,-1,PDE,1,RGPM_reconfiguration_component,20986,-0.0015281427949216768
domain,ipsc_reprogramming,-1,PDE,1,community_reach_z,20986,0.06080109507537536
domain,ipsc_reprogramming,-1,PDE,1,field_entropy_z,20986,0.11705713041956425
domain,ipsc_reprogramming,-1,PDE,1,cross_community_adoption_z,20986,0.11025141071566497
domain,ipsc_reprogramming,-1,PDE,1,path_shortening_z,20986,0.16325017880737452
domain,ipsc_reprogramming,-1,PDE,1,modularity_shock_z,20986,-0.0005785532201396568
domain,ipsc_reprogramming,-1,PDE,1,partition_change_z,20986,0.28528832900388734
domain,ipsc_reprogramming,-1,PDE,1,boundary_mixing_z,20986,-0.16694797611645384
domain,ipsc_reprogramming,-1,PDE,1,post_perturbation_concentration_z,20986,-0.12062829432588057
domain,ipsc_reprogramming,-1,PDE,1,hub_formation_z,20986,-0.0019645958557204793
domain,transformer_foundation_models,-1,B,1,RGPM,20986,0.044916531565002055
domain,transformer_foundation_models,-1,B,1,RGPM_v3_balanced,20986,-0.018183210155090734
domain,transformer_foundation_models,-1,B,1,RGPM_mahalanobis_debug,20986,0.005858876456371675
domain,transformer_foundation_models,-1,B,1,RGPM_expansion_component,20986,-0.06214857645817126
domain,transformer_foundation_models,-1,B,1,RGPM_bridging_component,20986,-0.05682402372391504
domain,transformer_foundation_models,-1,B,1,RGPM_reconfiguration_component,20986,0.06551703909688977
domain,transformer_foundation_models,-1,B,1,community_reach_z,20986,-0.0750142011640797
domain,transformer_foundation_models,-1,B,1,field_entropy_z,20986,-0.0158108751277699
domain,transformer_foundation_models,-1,B,1,cross_community_adoption_z,20986,-0.04888427755040628
domain,transformer_foundation_models,-1,B,1,path_shortening_z,20986,-0.03195084607403065
domain,transformer_foundation_models,-1,B,1,modularity_shock_z,20986,0.06709720875804155
domain,transformer_foundation_models,-1,B,1,partition_change_z,20986,-0.05899183376756097
domain,transformer_foundation_models,-1,B,1,boundary_mixing_z,20986,0.0852654946152047
domain,transformer_foundation_models,-1,B,1,post_perturbation_concentration_z,20986,0.013108812336318667
domain,transformer_foundation_models,-1,B,1,hub_formation_z,20986,-0.001440792615624017
domain,transformer_foundation_models,-1,RS,1,RGPM,20986,0.05468487529956092
domain,transformer_foundation_models,-1,RS,1,RGPM_v3_balanced,20986,0.1130222246497681
domain,transformer_foundation_models,-1,RS,1,RGPM_mahalanobis_debug,20986,0.105097984408291
domain,transformer_foundation_models,-1,RS,1,RGPM_expansion_component,20986,0.078240494338123
domain,transformer_foundation_models,-1,RS,1,RGPM_bridging_component,20986,0.09349749462015469
domain,transformer_foundation_models,-1,RS,1,RGPM_reconfiguration_component,20986,-0.0007442244054000069
domain,transformer_foundation_models,-1,RS,1,community_reach_z,20986,0.06103492689345381
domain,transformer_foundation_models,-1,RS,1,field_entropy_z,20986,0.11676626702640808
domain,transformer_foundation_models,-1,RS,1,cross_community_adoption_z,20986,0.11272251469902947
domain,transformer_foundation_models,-1,RS,1,path_shortening_z,20986,0.15958195854803167
domain,transformer_foundation_models,-1,RS,1,modularity_shock_z,20986,0.0006224376053563377
domain,transformer_foundation_models,-1,RS,1,partition_change_z,20986,0.28761940263615743
domain,transformer_foundation_models,-1,RS,1,boundary_mixing_z,20986,-0.16212540038735393
domain,transformer_foundation_models,-1,RS,1,post_perturbation_concentration_z,20986,-0.12135294733082752
domain,transformer_foundation_models,-1,RS,1,hub_formation_z,20986,-0.0016749465509498548
domain,transformer_foundation_models,-1,DeltaQ0,1,RGPM,20986,0.08179395403139221
domain,transformer_foundation_models,-1,DeltaQ0,1,RGPM_v3_balanced,20986,0.18631252156775574
domain,transformer_foundation_models,-1,DeltaQ0,1,RGPM_mahalanobis_debug,20986,0.13700976813830767
domain,transformer_foundation_models,-1,DeltaQ0,1,RGPM_expansion_component,20986,-0.004163334226830991
domain,transformer_foundation_models,-1,DeltaQ0,1,RGPM_bridging_component,20986,0.035506898448536314
domain,transformer_foundation_models,-1,DeltaQ0,1,RGPM_reconfiguration_component,20986,0.3723152819324748
domain,transformer_foundation_models,-1,DeltaQ0,1,community_reach_z,20986,-0.010980336989432014
domain,transformer_foundation_models,-1,DeltaQ0,1,field_entropy_z,20986,-0.0009891906488391745
domain,transformer_foundation_models,-1,DeltaQ0,1,cross_community_adoption_z,20986,0.01617601395934601
domain,transformer_foundation_models,-1,DeltaQ0,1,path_shortening_z,20986,-0.018692362792206083
domain,transformer_foundation_models,-1,DeltaQ0,1,modularity_shock_z,20986,0.36724646221553364
domain,transformer_foundation_models,-1,DeltaQ0,1,partition_change_z,20986,-0.07208709331421412
domain,transformer_foundation_models,-1,DeltaQ0,1,boundary_mixing_z,20986,0.41301155431299374
domain,transformer_foundation_models,-1,DeltaQ0,1,post_perturbation_concentration_z,20986,0.008607845818954131
domain,transformer_foundation_models,-1,DeltaQ0,1,hub_formation_z,20986,-0.019283433378099627
domain,transformer_foundation_models,-1,Uzzi,1,RGPM,20986,-0.10114859646789269
domain,transformer_foundation_models,-1,Uzzi,1,RGPM_v3_balanced,20986,-0.16403882208232903
domain,transformer_foundation_models,-1,Uzzi,1,RGPM_mahalanobis_debug,20986,-0.18340335252159237
domain,transformer_foundation_models,-1,Uzzi,1,RGPM_expansion_component,20986,-0.10905745500026302
domain,transformer_foundation_models,-1,Uzzi,1,RGPM_bridging_component,20986,-0.12977978073021365
domain,transformer_foundation_models,-1,Uzzi,1,RGPM_reconfiguration_component,20986,-0.065757066821511
domain,transformer_foundation_models,-1,Uzzi,1,community_reach_z,20986,-0.04338265229768357
domain,transformer_foundation_models,-1,Uzzi,1,field_entropy_z,20986,-0.05034559663323165
domain,transformer_foundation_models,-1,Uzzi,1,cross_community_adoption_z,20986,-0.06639146150579536
domain,transformer_foundation_models,-1,Uzzi,1,path_shortening_z,20986,-0.06357714124822841
domain,transformer_foundation_models,-1,Uzzi,1,modularity_shock_z,20986,-0.043309703843140486
domain,transformer_foundation_models,-1,Uzzi,1,partition_change_z,20986,-0.15055447449320097
domain,transformer_foundation_models,-1,Uzzi,1,boundary_mixing_z,20986,0.1314181044894094
domain,transformer_foundation_models,-1,Uzzi,1,post_perturbation_concentration_z,20986,0.04362111096438505
domain,transformer_foundation_models,-1,Uzzi,1,hub_formation_z,20986,0.017110680315681085
domain,transformer_foundation_models,-1,RTD,1,RGPM,20986,0.15929294459384558
domain,transformer_foundation_models,-1,RTD,1,RGPM_v3_balanced,20986,0.18200512312956602
domain,transformer_foundation_models,-1,RTD,1,RGPM_mahalanobis_debug,20986,0.19523576323446018
domain,transformer_foundation_models,-1,RTD,1,RGPM_expansion_component,20986,0.11641304723593394
domain,transformer_foundation_models,-1,RTD,1,RGPM_bridging_component,20986,0.14192995682555148
domain,transformer_foundation_models,-1,RTD,1,RGPM_reconfiguration_component,20986,0.03894536161567578
domain,transformer_foundation_models,-1,RTD,1,community_reach_z,20986,0.05761339257960421
domain,transformer_foundation_models,-1,RTD,1,field_entropy_z,20986,0.15002795365544644
domain,transformer_foundation_models,-1,RTD,1,cross_community_adoption_z,20986,0.14875325992877203
domain,transformer_foundation_models,-1,RTD,1,path_shortening_z,20986,0.17983503259859307
domain,transformer_foundation_models,-1,RTD,1,modularity_shock_z,20986,0.033163861251425196
domain,transformer_foundation_models,-1,RTD,1,partition_change_z,20986,0.3792547874770182
domain,transformer_foundation_models,-1,RTD,1,boundary_mixing_z,20986,-0.21174635971991917
domain,transformer_foundation_models,-1,RTD,1,post_perturbation_concentration_z,20986,-0.15921755770098303
domain,transformer_foundation_models,-1,RTD,1,hub_formation_z,20986,0.009174050903309852
domain,transformer_foundation_models,-1,BurtIP,1,RGPM,20986,0.04324944094619968
domain,transformer_foundation_models,-1,BurtIP,1,RGPM_v3_balanced,20986,-0.0021999457929011215
domain,transformer_foundation_models,-1,BurtIP,1,RGPM_mahalanobis_debug,20986,0.010940746713559107
domain,transformer_foundation_models,-1,BurtIP,1,RGPM_expansion_component,20986,-0.04766275793936671
domain,transformer_foundation_models,-1,BurtIP,1,RGPM_bridging_component,20986,-0.0424058599631596
domain,transformer_foundation_models,-1,BurtIP,1,RGPM_reconfiguration_component,20986,0.07193375096823806
domain,transformer_foundation_models,-1,BurtIP,1,community_reach_z,20986,-0.05771674149239017
domain,transformer_foundation_models,-1,BurtIP,1,field_entropy_z,20986,-0.009390268395581696
domain,transformer_foundation_models,-1,BurtIP,1,cross_community_adoption_z,20986,-0.03726290553904912
domain,transformer_foundation_models,-1,BurtIP,1,path_shortening_z,20986,-0.0028236234987157583
domain,transformer_foundation_models,-1,BurtIP,1,modularity_shock_z,20986,0.07096878664033147
domain,transformer_foundation_models,-1,BurtIP,1,partition_change_z,20986,-0.04976688363628075
domain,transformer_foundation_models,-1,BurtIP,1,boundary_mixing_z,20986,0.0697439641769316
domain,transformer_foundation_models,-1,BurtIP,1,post_perturbation_concentration_z,20986,0.010180914648760258
domain,transformer_foundation_models,-1,BurtIP,1,hub_formation_z,20986,-0.01793994166542123
domain,transformer_foundation_models,-1,PDE,1,RGPM,20986,0.055620289871209976
domain,transformer_foundation_models,-1,PDE,1,RGPM_v3_balanced,20986,0.11389048001195816
domain,transformer_foundation_models,-1,PDE,1,RGPM_mahalanobis_debug,20986,0.10718158991767093
domain,transformer_foundation_models,-1,PDE,1,RGPM_expansion_component,20986,0.0789649920917622
domain,transformer_foundation_models,-1,PDE,1,RGPM_bridging_component,20986,0.09347326707167311
domain,transformer_foundation_models,-1,PDE,1,RGPM_reconfiguration_component,20986,-0.0015281427949216768
domain,transformer_foundation_models,-1,PDE,1,community_reach_z,20986,0.06080109507537536
domain,transformer_foundation_models,-1,PDE,1,field_entropy_z,20986,0.11705713041956425
domain,transformer_foundation_models,-1,PDE,1,cross_community_adoption_z,20986,0.11025141071566497
domain,transformer_foundation_models,-1,PDE,1,path_shortening_z,20986,0.16325017880737452
domain,transformer_foundation_models,-1,PDE,1,modularity_shock_z,20986,-0.0005785532201396568
domain,transformer_foundation_models,-1,PDE,1,partition_change_z,20986,0.28528832900388734
domain,transformer_foundation_models,-1,PDE,1,boundary_mixing_z,20986,-0.16694797611645384
domain,transformer_foundation_models,-1,PDE,1,post_perturbation_concentration_z,20986,-0.12062829432588057
domain,transformer_foundation_models,-1,PDE,1,hub_formation_z,20986,-0.0019645958557204793
fold,all,1,B,1,RGPM,20986,0.04448795060170682
fold,all,1,B,1,RGPM_v3_balanced,20986,-0.01822000855977337
fold,all,1,B,1,RGPM_mahalanobis_debug,20986,0.0059599487025186835
fold,all,1,B,1,RGPM_expansion_component,20986,-0.062308026578190984
fold,all,1,B,1,RGPM_bridging_component,20986,-0.05694933635710696
fold,all,1,B,1,RGPM_reconfiguration_component,20986,0.06570051465466496
fold,all,1,B,1,community_reach_z,20986,-0.07529103297388429
fold,all,1,B,1,field_entropy_z,20986,-0.015760504466020078
fold,all,1,B,1,cross_community_adoption_z,20986,-0.049010846321359575
fold,all,1,B,1,path_shortening_z,20986,-0.03216425691412534
fold,all,1,B,1,modularity_shock_z,20986,0.06732758794390391
fold,all,1,B,1,partition_change_z,20986,-0.05927085986749763
fold,all,1,B,1,boundary_mixing_z,20986,0.08546864030775639
fold,all,1,B,1,post_perturbation_concentration_z,20986,0.012847634636361387
fold,all,1,B,1,hub_formation_z,20986,-0.001354768488332826
fold,all,1,RS,1,RGPM,20986,0.05443456064686501
fold,all,1,RS,1,RGPM_v3_balanced,20986,0.11288969432514823
fold,all,1,RS,1,RGPM_mahalanobis_debug,20986,0.10505520652354178
fold,all,1,RS,1,RGPM_expansion_component,20986,0.07821182272931906
fold,all,1,RS,1,RGPM_bridging_component,20986,0.09324596579501705
fold,all,1,RS,1,RGPM_reconfiguration_component,20986,-0.0007450494290760904
fold,all,1,RS,1,community_reach_z,20986,0.060979971626166696
fold,all,1,RS,1,field_entropy_z,20986,0.11675250047488872
fold,all,1,RS,1,cross_community_adoption_z,20986,0.1122942298424558
fold,all,1,RS,1,path_shortening_z,20986,0.15958195854803167
fold,all,1,RS,1,modularity_shock_z,20986,0.0006201963392556748
fold,all,1,RS,1,partition_change_z,20986,0.28699132925978194
fold,all,1,RS,1,boundary_mixing_z,20986,-0.16233845762405538
fold,all,1,RS,1,post_perturbation_concentration_z,20986,-0.1210452278520996
fold,all,1,RS,1,hub_formation_z,20986,-0.0016749465509498548
fold,all,1,DeltaQ0,1,RGPM,20986,0.08162996941540994
fold,all,1,DeltaQ0,1,RGPM_v3_balanced,20986,0.18621056703896513
fold,all,1,DeltaQ0,1,RGPM_mahalanobis_debug,20986,0.1369729334035614
fold,all,1,DeltaQ0,1,RGPM_expansion_component,20986,-0.004115236121516884
fold,all,1,DeltaQ0,1,RGPM_bridging_component,20986,0.03522627469507988
fold,all,1,DeltaQ0,1,RGPM_reconfiguration_component,20986,0.372316439992138
fold,all,1,DeltaQ0,1,community_reach_z,20986,-0.010972208877561302
fold,all,1,DeltaQ0,1,field_entropy_z,20986,-0.0013105065013264891
fold,all,1,DeltaQ0,1,cross_community_adoption_z,20986,0.015687070293924535
fold,all,1,DeltaQ0,1,path_shortening_z,20986,-0.018692362792206083
fold,all,1,DeltaQ0,1,modularity_shock_z,20986,0.36724592242252574
fold,all,1,DeltaQ0,1,partition_change_z,20986,-0.07187692593352756
fold,all,1,DeltaQ0,1,boundary_mixing_z,20986,0.41284925365472736
fold,all,1,DeltaQ0,1,post_perturbation_concentration_z,20986,0.00858846285268135
fold,all,1,DeltaQ0,1,hub_formation_z,20986,-0.019283433378099627
fold,all,1,Uzzi,1,RGPM,20986,-0.10110618172123756
fold,all,1,Uzzi,1,RGPM_v3_balanced,20986,-0.16399154766645058
fold,all,1,Uzzi,1,RGPM_mahalanobis_debug,20986,-0.18339329739433413
fold,all,1,Uzzi,1,RGPM_expansion_component,20986,-0.10919819748939798
fold,all,1,Uzzi,1,RGPM_bridging_component,20986,-0.129553527297957
fold,all,1,Uzzi,1,RGPM_reconfiguration_component,20986,-0.06576138015065996
fold,all,1,Uzzi,1,community_reach_z,20986,-0.04348249033667569
fold,all,1,Uzzi,1,field_entropy_z,20986,-0.05071869023870103
fold,all,1,Uzzi,1,cross_community_adoption_z,20986,-0.0660036742083053
fold,all,1,Uzzi,1,path_shortening_z,20986,-0.06357714124822841
fold,all,1,Uzzi,1,modularity_shock_z,20986,-0.043314058755761844
fold,all,1,Uzzi,1,partition_change_z,20986,-0.15056858786938357
fold,all,1,Uzzi,1,boundary_mixing_z,20986,0.1314050278817776
fold,all,1,Uzzi,1,post_perturbation_concentration_z,20986,0.043958860045728014
fold,all,1,Uzzi,1,hub_formation_z,20986,0.017110680315681085
fold,all,1,RTD,1,RGPM,20986,0.159117638054298
fold,all,1,RTD,1,RGPM_v3_balanced,20986,0.18190962633449054
fold,all,1,RTD,1,RGPM_mahalanobis_debug,20986,0.19524434656998055
fold,all,1,RTD,1,RGPM_expansion_component,20986,0.1164378966860749
fold,all,1,RTD,1,RGPM_bridging_component,20986,0.14172739591082462
fold,all,1,RTD,1,RGPM_reconfiguration_component,20986,0.03893933700016827
fold,all,1,RTD,1,community_reach_z,20986,0.05759238940005391
fold,all,1,RTD,1,field_entropy_z,20986,0.15017745067590088
fold,all,1,RTD,1,cross_community_adoption_z,20986,0.1484085408425218
fold,all,1,RTD,1,path_shortening_z,20986,0.17983503259859307
fold,all,1,RTD,1,modularity_shock_z,20986,0.033156407917931445
fold,all,1,RTD,1,partition_change_z,20986,0.3787827009974045
fold,all,1,RTD,1,boundary_mixing_z,20986,-0.21208131638983857
fold,all,1,RTD,1,post_perturbation_concentration_z,20986,-0.1590211443985518
fold,all,1,RTD,1,hub_formation_z,20986,0.009174050903309852
fold,all,1,BurtIP,1,RGPM,20986,0.043133084861447686
fold,all,1,BurtIP,1,RGPM_v3_balanced,20986,-0.0021768386359609184
fold,all,1,BurtIP,1,RGPM_mahalanobis_debug,20986,0.010980936438316899
fold,all,1,BurtIP,1,RGPM_expansion_component,20986,-0.04777799894647831
fold,all,1,BurtIP,1,RGPM_bridging_component,20986,-0.04239563205466048
fold,all,1,BurtIP,1,RGPM_reconfiguration_component,20986,0.07193192742464045
fold,all,1,BurtIP,1,community_reach_z,20986,-0.05781177694821286
fold,all,1,BurtIP,1,field_entropy_z,20986,-0.009175523648887287
fold,all,1,BurtIP,1,cross_community_adoption_z,20986,-0.037250611735944024
fold,all,1,BurtIP,1,path_shortening_z,20986,-0.0028236234987157583
fold,all,1,BurtIP,1,modularity_shock_z,20986,0.07096872968578312
fold,all,1,BurtIP,1,partition_change_z,20986,-0.049613570098044395
fold,all,1,BurtIP,1,boundary_mixing_z,20986,0.06970970255192513
fold,all,1,BurtIP,1,post_perturbation_concentration_z,20986,0.009960242240140986
fold,all,1,BurtIP,1,hub_formation_z,20986,-0.01793994166542123
fold,all,1,PDE,1,RGPM,20986,0.05536951125646625
fold,all,1,PDE,1,RGPM_v3_balanced,20986,0.1137576637896679
fold,all,1,PDE,1,RGPM_mahalanobis_debug,20986,0.10713770472277023
fold,all,1,PDE,1,RGPM_expansion_component,20986,0.07892699638231943
fold,all,1,PDE,1,RGPM_bridging_component,20986,0.09322952885372787
fold,all,1,PDE,1,RGPM_reconfiguration_component,20986,-0.0015287597188622106
fold,all,1,PDE,1,community_reach_z,20986,0.06074014710606403
fold,all,1,PDE,1,field_entropy_z,20986,0.1170451907066287
fold,all,1,PDE,1,cross_community_adoption_z,20986,0.10983672673520542
fold,all,1,PDE,1,path_shortening_z,20986,0.16325017880737452
fold,all,1,PDE,1,modularity_shock_z,20986,-0.0005805892525690911
fold,all,1,PDE,1,partition_change_z,20986,0.28465900118104226
fold,all,1,PDE,1,boundary_mixing_z,20986,-0.16716120928123693
fold,all,1,PDE,1,post_perturbation_concentration_z,20986,-0.12032169402560049
fold,all,1,PDE,1,hub_formation_z,20986,-0.0019645958557204793
fold,all,2,B,1,RGPM,20986,0.04460260645883164
fold,all,2,B,1,RGPM_v3_balanced,20986,-0.018251683372556237
fold,all,2,B,1,RGPM_mahalanobis_debug,20986,0.005825714169616535
fold,all,2,B,1,RGPM_expansion_component,20986,-0.06217926364831466
fold,all,2,B,1,RGPM_bridging_component,20986,-0.05690953927309477
fold,all,2,B,1,RGPM_reconfiguration_component,20986,0.06540984094201152
fold,all,2,B,1,community_reach_z,20986,-0.075024795449726
fold,all,2,B,1,field_entropy_z,20986,-0.0161395895807878
fold,all,2,B,1,cross_community_adoption_z,20986,-0.04896685646651195
fold,all,2,B,1,path_shortening_z,20986,-0.03215598016684829
fold,all,2,B,1,modularity_shock_z,20986,0.06697267128698686
fold,all,2,B,1,partition_change_z,20986,-0.05919168063018256
fold,all,2,B,1,boundary_mixing_z,20986,0.08521326131461983
fold,all,2,B,1,post_perturbation_concentration_z,20986,0.01314174336567731
fold,all,2,B,1,hub_formation_z,20986,-0.0013697039870947487
fold,all,2,RS,1,RGPM,20986,0.05458947409252943
fold,all,2,RS,1,RGPM_v3_balanced,20986,0.11301776333297867
fold,all,2,RS,1,RGPM_mahalanobis_debug,20986,0.10509617312395289
fold,all,2,RS,1,RGPM_expansion_component,20986,0.07823485621408446
fold,all,2,RS,1,RGPM_bridging_component,20986,0.0933983192416263
fold,all,2,RS,1,RGPM_reconfiguration_component,20986,-0.0007429802584987743
fold,all,2,RS,1,community_reach_z,20986,0.06103040409642203
fold,all,2,RS,1,field_entropy_z,20986,0.11657744927716225
fold,all,2,RS,1,cross_community_adoption_z,20986,0.11256112801234881
fold,all,2,RS,1,path_shortening_z,20986,0.15958195854803167
fold,all,2,RS,1,modularity_shock_z,20986,0.0006236376596498892
fold,all,2,RS,1,partition_change_z,20986,0.2870455571177333
fold,all,2,RS,1,boundary_mixing_z,20986,-0.16211849485989546
fold,all,2,RS,1,post_perturbation_concentration_z,20986,-0.12105681402470717
fold,all,2,RS,1,hub_formation_z,20986,-0.0016749465509498548
fold,all,2,DeltaQ0,1,RGPM,20986,0.08167341813672217
fold,all,2,DeltaQ0,1,RGPM_v3_balanced,20986,0.1863047041131742
fold,all,2,DeltaQ0,1,RGPM_mahalanobis_debug,20986,0.1370072941323364
fold,all,2,DeltaQ0,1,RGPM_expansion_component,20986,-0.00417259873262907
fold,all,2,DeltaQ0,1,RGPM_bridging_component,20986,0.03538411899020179
fold,all,2,DeltaQ0,1,RGPM_reconfiguration_component,20986,0.37231864026269645
fold,all,2,DeltaQ0,1,community_reach_z,20986,-0.010987768361170814
fold,all,2,DeltaQ0,1,field_entropy_z,20986,-0.0012066358671505815
fold,all,2,DeltaQ0,1,cross_community_adoption_z,20986,0.015969734854248463
fold,all,2,DeltaQ0,1,path_shortening_z,20986,-0.018692362792206083
fold,all,2,DeltaQ0,1,modularity_shock_z,20986,0.3672497015264202
fold,all,2,DeltaQ0,1,partition_change_z,20986,-0.0718539526845987
fold,all,2,DeltaQ0,1,boundary_mixing_z,20986,0.41301999127791195
fold,all,2,DeltaQ0,1,post_perturbation_concentration_z,20986,0.008474135258146547
fold,all,2,DeltaQ0,1,hub_formation_z,20986,-0.019283433378099627
fold,all,2,Uzzi,1,RGPM,20986,-0.10113404971684863
fold,all,2,Uzzi,1,RGPM_v3_balanced,20986,-0.16403447586219544
fold,all,2,Uzzi,1,RGPM_mahalanobis_debug,20986,-0.18340139416546158
fold,all,2,Uzzi,1,RGPM_expansion_component,20986,-0.10905289235021502
fold,all,2,Uzzi,1,RGPM_bridging_component,20986,-0.12975115076365626
fold,all,2,Uzzi,1,RGPM_reconfiguration_component,20986,-0.06575772337704221
fold,all,2,Uzzi,1,community_reach_z,20986,-0.04337899171329921
fold,all,2,Uzzi,1,field_entropy_z,20986,-0.05051940936719524
fold,all,2,Uzzi,1,cross_community_adoption_z,20986,-0.06636798986569831
fold,all,2,Uzzi,1,path_shortening_z,20986,-0.06357714124822841
fold,all,2,Uzzi,1,modularity_shock_z,20986,-0.04331033713032178
fold,all,2,Uzzi,1,partition_change_z,20986,-0.15056272811562052
fold,all,2,Uzzi,1,boundary_mixing_z,20986,0.1314049552562968
fold,all,2,Uzzi,1,post_perturbation_concentration_z,20986,0.04377920371259609
fold,all,2,Uzzi,1,hub_formation_z,20986,0.017110680315681085
fold,all,2,RTD,1,RGPM,20986,0.15925126809892665
fold,all,2,RTD,1,RGPM_v3_balanced,20986,0.1820027531460948
fold,all,2,RTD,1,RGPM_mahalanobis_debug,20986,0.19523490632797663
fold,all,2,RTD,1,RGPM_expansion_component,20986,0.11641016382111634
fold,all,2,RTD,1,RGPM_bridging_component,20986,0.14187746312805552
fold,all,2,RTD,1,RGPM_reconfiguration_component,20986,0.03894554025107275
fold,all,2,RTD,1,community_reach_z,20986,0.05761107899888744
fold,all,2,RTD,1,field_entropy_z,20986,0.1499229245581507
fold,all,2,RTD,1,cross_community_adoption_z,20986,0.14868201679343704
fold,all,2,RTD,1,path_shortening_z,20986,0.17983503259859307
fold,all,2,RTD,1,modularity_shock_z,20986,0.03316403355597774
fold,all,2,RTD,1,partition_change_z,20986,0.37873751595677163
fold,all,2,RTD,1,boundary_mixing_z,20986,-0.21174538524195746
fold,all,2,RTD,1,post_perturbation_concentration_z,20986,-0.15897356141525593
fold,all,2,RTD,1,hub_formation_z,20986,0.009174050903309852
fold,all,2,BurtIP,1,RGPM,20986,0.04310721878677882
fold,all,2,BurtIP,1,RGPM_v3_balanced,20986,-0.0022065876122889664
fold,all,2,BurtIP,1,RGPM_mahalanobis_debug,20986,0.010937717631217982
fold,all,2,BurtIP,1,RGPM_expansion_component,20986,-0.047671319015094714
fold,all,2,BurtIP,1,RGPM_bridging_component,20986,-0.0425369462831774
fold,all,2,BurtIP,1,RGPM_reconfiguration_component,20986,0.07193636564169663
fold,all,2,BurtIP,1,community_reach_z,20986,-0.0577236085618724
fold,all,2,BurtIP,1,field_entropy_z,20986,-0.009505442386397158
fold,all,2,BurtIP,1,cross_community_adoption_z,20986,-0.03749860689148348
fold,all,2,BurtIP,1,path_shortening_z,20986,-0.0028236234987157583
fold,all,2,BurtIP,1,modularity_shock_z,20986,0.07097130864967545
fold,all,2,BurtIP,1,partition_change_z,20986,-0.04969722073213946
fold,all,2,BurtIP,1,boundary_mixing_z,20986,0.06975681495952049
fold,all,2,BurtIP,1,post_perturbation_concentration_z,20986,0.01019072179896819
fold,all,2,BurtIP,1,hub_formation_z,20986,-0.01793994166542123
fold,all,2,PDE,1,RGPM,20986,0.05552473674821099
fold,all,2,PDE,1,RGPM_v3_balanced,20986,0.11388601375635538
fold,all,2,PDE,1,RGPM_mahalanobis_debug,20986,0.10717970281686016
fold,all,2,PDE,1,RGPM_expansion_component,20986,0.0789593412107145
fold,all,2,PDE,1,RGPM_bridging_component,20986,0.09337394411433364
fold,all,2,PDE,1,RGPM_reconfiguration_component,20986,-0.0015268708245692877
fold,all,2,PDE,1,community_reach_z,20986,0.06079656203634012
fold,all,2,PDE,1,field_entropy_z,20986,0.1168682293395829
fold,all,2,PDE,1,cross_community_adoption_z,20986,0.11008997898500855
fold,all,2,PDE,1,path_shortening_z,20986,0.16325017880737452
fold,all,2,PDE,1,modularity_shock_z,20986,-0.0005773263284589862
fold,all,2,PDE,1,partition_change_z,20986,0.28471325267710934
fold,all,2,PDE,1,boundary_mixing_z,20986,-0.16694110171808457
fold,all,2,PDE,1,post_perturbation_concentration_z,20986,-0.12033112290890528
fold,all,2,PDE,1,hub_formation_z,20986,-0.0019645958557204793
fold,all,3,B,1,RGPM,20986,0.04463068391657518
fold,all,3,B,1,RGPM_v3_balanced,20986,-0.01812206932330771
fold,all,3,B,1,RGPM_mahalanobis_debug,20986,0.005927344443401717
fold,all,3,B,1,RGPM_expansion_component,20986,-0.06203796433582105
fold,all,3,B,1,RGPM_bridging_component,20986,-0.056979417293269094
fold,all,3,B,1,RGPM_reconfiguration_component,20986,0.06547063461338311
fold,all,3,B,1,community_reach_z,20986,-0.074977373222465
fold,all,3,B,1,field_entropy_z,20986,-0.01575665170712853
fold,all,3,B,1,cross_community_adoption_z,20986,-0.04901854672144801
fold,all,3,B,1,path_shortening_z,20986,-0.032301284661648964
fold,all,3,B,1,modularity_shock_z,20986,0.06712112506405765
fold,all,3,B,1,partition_change_z,20986,-0.059357858701872004
fold,all,3,B,1,boundary_mixing_z,20986,0.08528845162378453
fold,all,3,B,1,post_perturbation_concentration_z,20986,0.013009614781102786
fold,all,3,B,1,hub_formation_z,20986,-0.001516436537298939
fold,all,3,RS,1,RGPM,20986,0.05468487529956092
fold,all,3,RS,1,RGPM_v3_balanced,20986,0.1130222246497681
fold,all,3,RS,1,RGPM_mahalanobis_debug,20986,0.105097984408291
fold,all,3,RS,1,RGPM_expansion_component,20986,0.078240494338123
fold,all,3,RS,1,RGPM_bridging_component,20986,0.09349749462015469
fold,all,3,RS,1,RGPM_reconfiguration_component,20986,-0.0007442244054000069
fold,all,3,RS,1,community_reach_z,20986,0.06103492689345381
fold,all,3,RS,1,field_entropy_z,20986,0.11676626702640808
fold,all,3,RS,1,cross_community_adoption_z,20986,0.11272251469902947
fold,all,3,RS,1,path_shortening_z,20986,0.15958195854803167
fold,all,3,RS,1,modularity_shock_z,20986,0.0006224376053563377
fold,all,3,RS,1,partition_change_z,20986,0.28761940263615743
fold,all,3,RS,1,boundary_mixing_z,20986,-0.16212540038735393
fold,all,3,RS,1,post_perturbation_concentration_z,20986,-0.12135294733082752
fold,all,3,RS,1,hub_formation_z,20986,-0.0016749465509498548
fold,all,3,DeltaQ0,1,RGPM,20986,0.08179395403139221
fold,all,3,DeltaQ0,1,RGPM_v3_balanced,20986,0.18631252156775574
fold,all,3,DeltaQ0,1,RGPM_mahalanobis_debug,20986,0.13700976813830767
fold,all,3,DeltaQ0,1,RGPM_expansion_component,20986,-0.004163334226830991
fold,all,3,DeltaQ0,1,RGPM_bridging_component,20986,0.035506898448536314
fold,all,3,DeltaQ0,1,RGPM_reconfiguration_component,20986,0.3723152819324748
fold,all,3,DeltaQ0,1,community_reach_z,20986,-0.010980336989432014
fold,all,3,DeltaQ0,1,field_entropy_z,20986,-0.0009891906488391745
fold,all,3,DeltaQ0,1,cross_community_adoption_z,20986,0.01617601395934601
fold,all,3,DeltaQ0,1,path_shortening_z,20986,-0.018692362792206083
fold,all,3,DeltaQ0,1,modularity_shock_z,20986,0.36724646221553364
fold,all,3,DeltaQ0,1,partition_change_z,20986,-0.07208709331421412
fold,all,3,DeltaQ0,1,boundary_mixing_z,20986,0.41301155431299374
fold,all,3,DeltaQ0,1,post_perturbation_concentration_z,20986,0.008607845818954131
fold,all,3,DeltaQ0,1,hub_formation_z,20986,-0.019283433378099627
fold,all,3,Uzzi,1,RGPM,20986,-0.10114859646789269
fold,all,3,Uzzi,1,RGPM_v3_balanced,20986,-0.16403882208232903
fold,all,3,Uzzi,1,RGPM_mahalanobis_debug,20986,-0.18340335252159237
fold,all,3,Uzzi,1,RGPM_expansion_component,20986,-0.10905745500026302
fold,all,3,Uzzi,1,RGPM_bridging_component,20986,-0.12977978073021365
fold,all,3,Uzzi,1,RGPM_reconfiguration_component,20986,-0.065757066821511
fold,all,3,Uzzi,1,community_reach_z,20986,-0.04338265229768357
fold,all,3,Uzzi,1,field_entropy_z,20986,-0.05034559663323165
fold,all,3,Uzzi,1,cross_community_adoption_z,20986,-0.06639146150579536
fold,all,3,Uzzi,1,path_shortening_z,20986,-0.06357714124822841
fold,all,3,Uzzi,1,modularity_shock_z,20986,-0.043309703843140486
fold,all,3,Uzzi,1,partition_change_z,20986,-0.15055447449320097
fold,all,3,Uzzi,1,boundary_mixing_z,20986,0.1314181044894094
fold,all,3,Uzzi,1,post_perturbation_concentration_z,20986,0.04362111096438505
fold,all,3,Uzzi,1,hub_formation_z,20986,0.017110680315681085
fold,all,3,RTD,1,RGPM,20986,0.15929294459384558
fold,all,3,RTD,1,RGPM_v3_balanced,20986,0.18200512312956602
fold,all,3,RTD,1,RGPM_mahalanobis_debug,20986,0.19523576323446018
fold,all,3,RTD,1,RGPM_expansion_component,20986,0.11641304723593394
fold,all,3,RTD,1,RGPM_bridging_component,20986,0.14192995682555148
fold,all,3,RTD,1,RGPM_reconfiguration_component,20986,0.03894536161567578
fold,all,3,RTD,1,community_reach_z,20986,0.05761339257960421
fold,all,3,RTD,1,field_entropy_z,20986,0.15002795365544644
fold,all,3,RTD,1,cross_community_adoption_z,20986,0.14875325992877203
fold,all,3,RTD,1,path_shortening_z,20986,0.17983503259859307
fold,all,3,RTD,1,modularity_shock_z,20986,0.033163861251425196
fold,all,3,RTD,1,partition_change_z,20986,0.3792547874770182
fold,all,3,RTD,1,boundary_mixing_z,20986,-0.21174635971991917
fold,all,3,RTD,1,post_perturbation_concentration_z,20986,-0.15921755770098303
fold,all,3,RTD,1,hub_formation_z,20986,0.009174050903309852
fold,all,3,BurtIP,1,RGPM,20986,0.04324944094619968
fold,all,3,BurtIP,1,RGPM_v3_balanced,20986,-0.0021999457929011215
fold,all,3,BurtIP,1,RGPM_mahalanobis_debug,20986,0.010940746713559107
fold,all,3,BurtIP,1,RGPM_expansion_component,20986,-0.04766275793936671
fold,all,3,BurtIP,1,RGPM_bridging_component,20986,-0.0424058599631596
fold,all,3,BurtIP,1,RGPM_reconfiguration_component,20986,0.07193375096823806
fold,all,3,BurtIP,1,community_reach_z,20986,-0.05771674149239017
fold,all,3,BurtIP,1,field_entropy_z,20986,-0.009390268395581696
fold,all,3,BurtIP,1,cross_community_adoption_z,20986,-0.03726290553904912
fold,all,3,BurtIP,1,path_shortening_z,20986,-0.0028236234987157583
fold,all,3,BurtIP,1,modularity_shock_z,20986,0.07096878664033147
fold,all,3,BurtIP,1,partition_change_z,20986,-0.04976688363628075
fold,all,3,BurtIP,1,boundary_mixing_z,20986,0.0697439641769316
fold,all,3,BurtIP,1,post_perturbation_concentration_z,20986,0.010180914648760258
fold,all,3,BurtIP,1,hub_formation_z,20986,-0.01793994166542123
fold,all,3,PDE,1,RGPM,20986,0.055620289871209976
fold,all,3,PDE,1,RGPM_v3_balanced,20986,0.11389048001195816
fold,all,3,PDE,1,RGPM_mahalanobis_debug,20986,0.10718158991767093
fold,all,3,PDE,1,RGPM_expansion_component,20986,0.0789649920917622
fold,all,3,PDE,1,RGPM_bridging_component,20986,0.09347326707167311
fold,all,3,PDE,1,RGPM_reconfiguration_component,20986,-0.0015281427949216768
fold,all,3,PDE,1,community_reach_z,20986,0.06080109507537536
fold,all,3,PDE,1,field_entropy_z,20986,0.11705713041956425
fold,all,3,PDE,1,cross_community_adoption_z,20986,0.11025141071566497
fold,all,3,PDE,1,path_shortening_z,20986,0.16325017880737452
fold,all,3,PDE,1,modularity_shock_z,20986,-0.0005785532201396568
fold,all,3,PDE,1,partition_change_z,20986,0.28528832900388734
fold,all,3,PDE,1,boundary_mixing_z,20986,-0.16694797611645384
fold,all,3,PDE,1,post_perturbation_concentration_z,20986,-0.12062829432588057
fold,all,3,PDE,1,hub_formation_z,20986,-0.0019645958557204793
fold,all,4,B,1,RGPM,20986,0.044916531565002055
fold,all,4,B,1,RGPM_v3_balanced,20986,-0.018183210155090734
fold,all,4,B,1,RGPM_mahalanobis_debug,20986,0.005858876456371675
fold,all,4,B,1,RGPM_expansion_component,20986,-0.06214857645817126
fold,all,4,B,1,RGPM_bridging_component,20986,-0.05682402372391504
fold,all,4,B,1,RGPM_reconfiguration_component,20986,0.06551703909688977
fold,all,4,B,1,community_reach_z,20986,-0.0750142011640797
fold,all,4,B,1,field_entropy_z,20986,-0.0158108751277699
fold,all,4,B,1,cross_community_adoption_z,20986,-0.04888427755040628
fold,all,4,B,1,path_shortening_z,20986,-0.03195084607403065
fold,all,4,B,1,modularity_shock_z,20986,0.06709720875804155
fold,all,4,B,1,partition_change_z,20986,-0.05899183376756097
fold,all,4,B,1,boundary_mixing_z,20986,0.0852654946152047
fold,all,4,B,1,post_perturbation_concentration_z,20986,0.013108812336318667
fold,all,4,B,1,hub_formation_z,20986,-0.001440792615624017
fold,all,4,RS,1,RGPM,20986,0.05468487529956092
fold,all,4,RS,1,RGPM_v3_balanced,20986,0.1130222246497681
fold,all,4,RS,1,RGPM_mahalanobis_debug,20986,0.105097984408291
fold,all,4,RS,1,RGPM_expansion_component,20986,0.078240494338123
fold,all,4,RS,1,RGPM_bridging_component,20986,0.09349749462015469
fold,all,4,RS,1,RGPM_reconfiguration_component,20986,-0.0007442244054000069
fold,all,4,RS,1,community_reach_z,20986,0.06103492689345381
fold,all,4,RS,1,field_entropy_z,20986,0.11676626702640808
fold,all,4,RS,1,cross_community_adoption_z,20986,0.11272251469902947
fold,all,4,RS,1,path_shortening_z,20986,0.15958195854803167
fold,all,4,RS,1,modularity_shock_z,20986,0.0006224376053563377
fold,all,4,RS,1,partition_change_z,20986,0.28761940263615743
fold,all,4,RS,1,boundary_mixing_z,20986,-0.16212540038735393
fold,all,4,RS,1,post_perturbation_concentration_z,20986,-0.12135294733082752
fold,all,4,RS,1,hub_formation_z,20986,-0.0016749465509498548
fold,all,4,DeltaQ0,1,RGPM,20986,0.08179395403139221
fold,all,4,DeltaQ0,1,RGPM_v3_balanced,20986,0.18631252156775574
fold,all,4,DeltaQ0,1,RGPM_mahalanobis_debug,20986,0.13700976813830767
fold,all,4,DeltaQ0,1,RGPM_expansion_component,20986,-0.004163334226830991
fold,all,4,DeltaQ0,1,RGPM_bridging_component,20986,0.035506898448536314
fold,all,4,DeltaQ0,1,RGPM_reconfiguration_component,20986,0.3723152819324748
fold,all,4,DeltaQ0,1,community_reach_z,20986,-0.010980336989432014
fold,all,4,DeltaQ0,1,field_entropy_z,20986,-0.0009891906488391745
fold,all,4,DeltaQ0,1,cross_community_adoption_z,20986,0.01617601395934601
fold,all,4,DeltaQ0,1,path_shortening_z,20986,-0.018692362792206083
fold,all,4,DeltaQ0,1,modularity_shock_z,20986,0.36724646221553364
fold,all,4,DeltaQ0,1,partition_change_z,20986,-0.07208709331421412
fold,all,4,DeltaQ0,1,boundary_mixing_z,20986,0.41301155431299374
fold,all,4,DeltaQ0,1,post_perturbation_concentration_z,20986,0.008607845818954131
fold,all,4,DeltaQ0,1,hub_formation_z,20986,-0.019283433378099627
fold,all,4,Uzzi,1,RGPM,20986,-0.10114859646789269
fold,all,4,Uzzi,1,RGPM_v3_balanced,20986,-0.16403882208232903
fold,all,4,Uzzi,1,RGPM_mahalanobis_debug,20986,-0.18340335252159237
fold,all,4,Uzzi,1,RGPM_expansion_component,20986,-0.10905745500026302
fold,all,4,Uzzi,1,RGPM_bridging_component,20986,-0.12977978073021365
fold,all,4,Uzzi,1,RGPM_reconfiguration_component,20986,-0.065757066821511
fold,all,4,Uzzi,1,community_reach_z,20986,-0.04338265229768357
fold,all,4,Uzzi,1,field_entropy_z,20986,-0.05034559663323165
fold,all,4,Uzzi,1,cross_community_adoption_z,20986,-0.06639146150579536
fold,all,4,Uzzi,1,path_shortening_z,20986,-0.06357714124822841
fold,all,4,Uzzi,1,modularity_shock_z,20986,-0.043309703843140486
fold,all,4,Uzzi,1,partition_change_z,20986,-0.15055447449320097
fold,all,4,Uzzi,1,boundary_mixing_z,20986,0.1314181044894094
fold,all,4,Uzzi,1,post_perturbation_concentration_z,20986,0.04362111096438505
fold,all,4,Uzzi,1,hub_formation_z,20986,0.017110680315681085
fold,all,4,RTD,1,RGPM,20986,0.15929294459384558
fold,all,4,RTD,1,RGPM_v3_balanced,20986,0.18200512312956602
fold,all,4,RTD,1,RGPM_mahalanobis_debug,20986,0.19523576323446018
fold,all,4,RTD,1,RGPM_expansion_component,20986,0.11641304723593394
fold,all,4,RTD,1,RGPM_bridging_component,20986,0.14192995682555148
fold,all,4,RTD,1,RGPM_reconfiguration_component,20986,0.03894536161567578
fold,all,4,RTD,1,community_reach_z,20986,0.05761339257960421
fold,all,4,RTD,1,field_entropy_z,20986,0.15002795365544644
fold,all,4,RTD,1,cross_community_adoption_z,20986,0.14875325992877203
fold,all,4,RTD,1,path_shortening_z,20986,0.17983503259859307
fold,all,4,RTD,1,modularity_shock_z,20986,0.033163861251425196
fold,all,4,RTD,1,partition_change_z,20986,0.3792547874770182
fold,all,4,RTD,1,boundary_mixing_z,20986,-0.21174635971991917
fold,all,4,RTD,1,post_perturbation_concentration_z,20986,-0.15921755770098303
fold,all,4,RTD,1,hub_formation_z,20986,0.009174050903309852
fold,all,4,BurtIP,1,RGPM,20986,0.04324944094619968
fold,all,4,BurtIP,1,RGPM_v3_balanced,20986,-0.0021999457929011215
fold,all,4,BurtIP,1,RGPM_mahalanobis_debug,20986,0.010940746713559107
fold,all,4,BurtIP,1,RGPM_expansion_component,20986,-0.04766275793936671
fold,all,4,BurtIP,1,RGPM_bridging_component,20986,-0.0424058599631596
fold,all,4,BurtIP,1,RGPM_reconfiguration_component,20986,0.07193375096823806
fold,all,4,BurtIP,1,community_reach_z,20986,-0.05771674149239017
fold,all,4,BurtIP,1,field_entropy_z,20986,-0.009390268395581696
fold,all,4,BurtIP,1,cross_community_adoption_z,20986,-0.03726290553904912
fold,all,4,BurtIP,1,path_shortening_z,20986,-0.0028236234987157583
fold,all,4,BurtIP,1,modularity_shock_z,20986,0.07096878664033147
fold,all,4,BurtIP,1,partition_change_z,20986,-0.04976688363628075
fold,all,4,BurtIP,1,boundary_mixing_z,20986,0.0697439641769316
fold,all,4,BurtIP,1,post_perturbation_concentration_z,20986,0.010180914648760258
fold,all,4,BurtIP,1,hub_formation_z,20986,-0.01793994166542123
fold,all,4,PDE,1,RGPM,20986,0.055620289871209976
fold,all,4,PDE,1,RGPM_v3_balanced,20986,0.11389048001195816
fold,all,4,PDE,1,RGPM_mahalanobis_debug,20986,0.10718158991767093
fold,all,4,PDE,1,RGPM_expansion_component,20986,0.0789649920917622
fold,all,4,PDE,1,RGPM_bridging_component,20986,0.09347326707167311
fold,all,4,PDE,1,RGPM_reconfiguration_component,20986,-0.0015281427949216768
fold,all,4,PDE,1,community_reach_z,20986,0.06080109507537536
fold,all,4,PDE,1,field_entropy_z,20986,0.11705713041956425
fold,all,4,PDE,1,cross_community_adoption_z,20986,0.11025141071566497
fold,all,4,PDE,1,path_shortening_z,20986,0.16325017880737452
fold,all,4,PDE,1,modularity_shock_z,20986,-0.0005785532201396568
fold,all,4,PDE,1,partition_change_z,20986,0.28528832900388734
fold,all,4,PDE,1,boundary_mixing_z,20986,-0.16694797611645384
fold,all,4,PDE,1,post_perturbation_concentration_z,20986,-0.12062829432588057
fold,all,4,PDE,1,hub_formation_z,20986,-0.0019645958557204793
domain_fold,crispr,1,B,1,RGPM,20986,0.04448795060170682
domain_fold,crispr,1,B,1,RGPM_v3_balanced,20986,-0.01822000855977337
domain_fold,crispr,1,B,1,RGPM_mahalanobis_debug,20986,0.0059599487025186835
domain_fold,crispr,1,B,1,RGPM_expansion_component,20986,-0.062308026578190984
domain_fold,crispr,1,B,1,RGPM_bridging_component,20986,-0.05694933635710696
domain_fold,crispr,1,B,1,RGPM_reconfiguration_component,20986,0.06570051465466496
domain_fold,crispr,1,B,1,community_reach_z,20986,-0.07529103297388429
domain_fold,crispr,1,B,1,field_entropy_z,20986,-0.015760504466020078
domain_fold,crispr,1,B,1,cross_community_adoption_z,20986,-0.049010846321359575
domain_fold,crispr,1,B,1,path_shortening_z,20986,-0.03216425691412534
domain_fold,crispr,1,B,1,modularity_shock_z,20986,0.06732758794390391
domain_fold,crispr,1,B,1,partition_change_z,20986,-0.05927085986749763
domain_fold,crispr,1,B,1,boundary_mixing_z,20986,0.08546864030775639
domain_fold,crispr,1,B,1,post_perturbation_concentration_z,20986,0.012847634636361387
domain_fold,crispr,1,B,1,hub_formation_z,20986,-0.001354768488332826
domain_fold,crispr,1,RS,1,RGPM,20986,0.05443456064686501
domain_fold,crispr,1,RS,1,RGPM_v3_balanced,20986,0.11288969432514823
domain_fold,crispr,1,RS,1,RGPM_mahalanobis_debug,20986,0.10505520652354178
domain_fold,crispr,1,RS,1,RGPM_expansion_component,20986,0.07821182272931906
domain_fold,crispr,1,RS,1,RGPM_bridging_component,20986,0.09324596579501705
domain_fold,crispr,1,RS,1,RGPM_reconfiguration_component,20986,-0.0007450494290760904
domain_fold,crispr,1,RS,1,community_reach_z,20986,0.060979971626166696
domain_fold,crispr,1,RS,1,field_entropy_z,20986,0.11675250047488872
domain_fold,crispr,1,RS,1,cross_community_adoption_z,20986,0.1122942298424558
domain_fold,crispr,1,RS,1,path_shortening_z,20986,0.15958195854803167
domain_fold,crispr,1,RS,1,modularity_shock_z,20986,0.0006201963392556748
domain_fold,crispr,1,RS,1,partition_change_z,20986,0.28699132925978194
domain_fold,crispr,1,RS,1,boundary_mixing_z,20986,-0.16233845762405538
domain_fold,crispr,1,RS,1,post_perturbation_concentration_z,20986,-0.1210452278520996
domain_fold,crispr,1,RS,1,hub_formation_z,20986,-0.0016749465509498548
domain_fold,crispr,1,DeltaQ0,1,RGPM,20986,0.08162996941540994
domain_fold,crispr,1,DeltaQ0,1,RGPM_v3_balanced,20986,0.18621056703896513
domain_fold,crispr,1,DeltaQ0,1,RGPM_mahalanobis_debug,20986,0.1369729334035614
domain_fold,crispr,1,DeltaQ0,1,RGPM_expansion_component,20986,-0.004115236121516884
domain_fold,crispr,1,DeltaQ0,1,RGPM_bridging_component,20986,0.03522627469507988
domain_fold,crispr,1,DeltaQ0,1,RGPM_reconfiguration_component,20986,0.372316439992138
domain_fold,crispr,1,DeltaQ0,1,community_reach_z,20986,-0.010972208877561302
domain_fold,crispr,1,DeltaQ0,1,field_entropy_z,20986,-0.0013105065013264891
domain_fold,crispr,1,DeltaQ0,1,cross_community_adoption_z,20986,0.015687070293924535
domain_fold,crispr,1,DeltaQ0,1,path_shortening_z,20986,-0.018692362792206083
domain_fold,crispr,1,DeltaQ0,1,modularity_shock_z,20986,0.36724592242252574
domain_fold,crispr,1,DeltaQ0,1,partition_change_z,20986,-0.07187692593352756
domain_fold,crispr,1,DeltaQ0,1,boundary_mixing_z,20986,0.41284925365472736
domain_fold,crispr,1,DeltaQ0,1,post_perturbation_concentration_z,20986,0.00858846285268135
domain_fold,crispr,1,DeltaQ0,1,hub_formation_z,20986,-0.019283433378099627
domain_fold,crispr,1,Uzzi,1,RGPM,20986,-0.10110618172123756
domain_fold,crispr,1,Uzzi,1,RGPM_v3_balanced,20986,-0.16399154766645058
domain_fold,crispr,1,Uzzi,1,RGPM_mahalanobis_debug,20986,-0.18339329739433413
domain_fold,crispr,1,Uzzi,1,RGPM_expansion_component,20986,-0.10919819748939798
domain_fold,crispr,1,Uzzi,1,RGPM_bridging_component,20986,-0.129553527297957
domain_fold,crispr,1,Uzzi,1,RGPM_reconfiguration_component,20986,-0.06576138015065996
domain_fold,crispr,1,Uzzi,1,community_reach_z,20986,-0.04348249033667569
domain_fold,crispr,1,Uzzi,1,field_entropy_z,20986,-0.05071869023870103
domain_fold,crispr,1,Uzzi,1,cross_community_adoption_z,20986,-0.0660036742083053
domain_fold,crispr,1,Uzzi,1,path_shortening_z,20986,-0.06357714124822841
domain_fold,crispr,1,Uzzi,1,modularity_shock_z,20986,-0.043314058755761844
domain_fold,crispr,1,Uzzi,1,partition_change_z,20986,-0.15056858786938357
domain_fold,crispr,1,Uzzi,1,boundary_mixing_z,20986,0.1314050278817776
domain_fold,crispr,1,Uzzi,1,post_perturbation_concentration_z,20986,0.043958860045728014
domain_fold,crispr,1,Uzzi,1,hub_formation_z,20986,0.017110680315681085
domain_fold,crispr,1,RTD,1,RGPM,20986,0.159117638054298
domain_fold,crispr,1,RTD,1,RGPM_v3_balanced,20986,0.18190962633449054
domain_fold,crispr,1,RTD,1,RGPM_mahalanobis_debug,20986,0.19524434656998055
domain_fold,crispr,1,RTD,1,RGPM_expansion_component,20986,0.1164378966860749
domain_fold,crispr,1,RTD,1,RGPM_bridging_component,20986,0.14172739591082462
domain_fold,crispr,1,RTD,1,RGPM_reconfiguration_component,20986,0.03893933700016827
domain_fold,crispr,1,RTD,1,community_reach_z,20986,0.05759238940005391
domain_fold,crispr,1,RTD,1,field_entropy_z,20986,0.15017745067590088
domain_fold,crispr,1,RTD,1,cross_community_adoption_z,20986,0.1484085408425218
domain_fold,crispr,1,RTD,1,path_shortening_z,20986,0.17983503259859307
domain_fold,crispr,1,RTD,1,modularity_shock_z,20986,0.033156407917931445
domain_fold,crispr,1,RTD,1,partition_change_z,20986,0.3787827009974045
domain_fold,crispr,1,RTD,1,boundary_mixing_z,20986,-0.21208131638983857
domain_fold,crispr,1,RTD,1,post_perturbation_concentration_z,20986,-0.1590211443985518
domain_fold,crispr,1,RTD,1,hub_formation_z,20986,0.009174050903309852
domain_fold,crispr,1,BurtIP,1,RGPM,20986,0.043133084861447686
domain_fold,crispr,1,BurtIP,1,RGPM_v3_balanced,20986,-0.0021768386359609184
domain_fold,crispr,1,BurtIP,1,RGPM_mahalanobis_debug,20986,0.010980936438316899
domain_fold,crispr,1,BurtIP,1,RGPM_expansion_component,20986,-0.04777799894647831
domain_fold,crispr,1,BurtIP,1,RGPM_bridging_component,20986,-0.04239563205466048
domain_fold,crispr,1,BurtIP,1,RGPM_reconfiguration_component,20986,0.07193192742464045
domain_fold,crispr,1,BurtIP,1,community_reach_z,20986,-0.05781177694821286
domain_fold,crispr,1,BurtIP,1,field_entropy_z,20986,-0.009175523648887287
domain_fold,crispr,1,BurtIP,1,cross_community_adoption_z,20986,-0.037250611735944024
domain_fold,crispr,1,BurtIP,1,path_shortening_z,20986,-0.0028236234987157583
domain_fold,crispr,1,BurtIP,1,modularity_shock_z,20986,0.07096872968578312
domain_fold,crispr,1,BurtIP,1,partition_change_z,20986,-0.049613570098044395
domain_fold,crispr,1,BurtIP,1,boundary_mixing_z,20986,0.06970970255192513
domain_fold,crispr,1,BurtIP,1,post_perturbation_concentration_z,20986,0.009960242240140986
domain_fold,crispr,1,BurtIP,1,hub_formation_z,20986,-0.01793994166542123
domain_fold,crispr,1,PDE,1,RGPM,20986,0.05536951125646625
domain_fold,crispr,1,PDE,1,RGPM_v3_balanced,20986,0.1137576637896679
domain_fold,crispr,1,PDE,1,RGPM_mahalanobis_debug,20986,0.10713770472277023
domain_fold,crispr,1,PDE,1,RGPM_expansion_component,20986,0.07892699638231943
domain_fold,crispr,1,PDE,1,RGPM_bridging_component,20986,0.09322952885372787
domain_fold,crispr,1,PDE,1,RGPM_reconfiguration_component,20986,-0.0015287597188622106
domain_fold,crispr,1,PDE,1,community_reach_z,20986,0.06074014710606403
domain_fold,crispr,1,PDE,1,field_entropy_z,20986,0.1170451907066287
domain_fold,crispr,1,PDE,1,cross_community_adoption_z,20986,0.10983672673520542
domain_fold,crispr,1,PDE,1,path_shortening_z,20986,0.16325017880737452
domain_fold,crispr,1,PDE,1,modularity_shock_z,20986,-0.0005805892525690911
domain_fold,crispr,1,PDE,1,partition_change_z,20986,0.28465900118104226
domain_fold,crispr,1,PDE,1,boundary_mixing_z,20986,-0.16716120928123693
domain_fold,crispr,1,PDE,1,post_perturbation_concentration_z,20986,-0.12032169402560049
domain_fold,crispr,1,PDE,1,hub_formation_z,20986,-0.0019645958557204793
domain_fold,graphene_2d_materials,2,B,1,RGPM,20986,0.04460260645883164
domain_fold,graphene_2d_materials,2,B,1,RGPM_v3_balanced,20986,-0.018251683372556237
domain_fold,graphene_2d_materials,2,B,1,RGPM_mahalanobis_debug,20986,0.005825714169616535
domain_fold,graphene_2d_materials,2,B,1,RGPM_expansion_component,20986,-0.06217926364831466
domain_fold,graphene_2d_materials,2,B,1,RGPM_bridging_component,20986,-0.05690953927309477
domain_fold,graphene_2d_materials,2,B,1,RGPM_reconfiguration_component,20986,0.06540984094201152
domain_fold,graphene_2d_materials,2,B,1,community_reach_z,20986,-0.075024795449726
domain_fold,graphene_2d_materials,2,B,1,field_entropy_z,20986,-0.0161395895807878
domain_fold,graphene_2d_materials,2,B,1,cross_community_adoption_z,20986,-0.04896685646651195
domain_fold,graphene_2d_materials,2,B,1,path_shortening_z,20986,-0.03215598016684829
domain_fold,graphene_2d_materials,2,B,1,modularity_shock_z,20986,0.06697267128698686
domain_fold,graphene_2d_materials,2,B,1,partition_change_z,20986,-0.05919168063018256
domain_fold,graphene_2d_materials,2,B,1,boundary_mixing_z,20986,0.08521326131461983
domain_fold,graphene_2d_materials,2,B,1,post_perturbation_concentration_z,20986,0.01314174336567731
domain_fold,graphene_2d_materials,2,B,1,hub_formation_z,20986,-0.0013697039870947487
domain_fold,graphene_2d_materials,2,RS,1,RGPM,20986,0.05458947409252943
domain_fold,graphene_2d_materials,2,RS,1,RGPM_v3_balanced,20986,0.11301776333297867
domain_fold,graphene_2d_materials,2,RS,1,RGPM_mahalanobis_debug,20986,0.10509617312395289
domain_fold,graphene_2d_materials,2,RS,1,RGPM_expansion_component,20986,0.07823485621408446
domain_fold,graphene_2d_materials,2,RS,1,RGPM_bridging_component,20986,0.0933983192416263
domain_fold,graphene_2d_materials,2,RS,1,RGPM_reconfiguration_component,20986,-0.0007429802584987743
domain_fold,graphene_2d_materials,2,RS,1,community_reach_z,20986,0.06103040409642203
domain_fold,graphene_2d_materials,2,RS,1,field_entropy_z,20986,0.11657744927716225
domain_fold,graphene_2d_materials,2,RS,1,cross_community_adoption_z,20986,0.11256112801234881
domain_fold,graphene_2d_materials,2,RS,1,path_shortening_z,20986,0.15958195854803167
domain_fold,graphene_2d_materials,2,RS,1,modularity_shock_z,20986,0.0006236376596498892
domain_fold,graphene_2d_materials,2,RS,1,partition_change_z,20986,0.2870455571177333
domain_fold,graphene_2d_materials,2,RS,1,boundary_mixing_z,20986,-0.16211849485989546
domain_fold,graphene_2d_materials,2,RS,1,post_perturbation_concentration_z,20986,-0.12105681402470717
domain_fold,graphene_2d_materials,2,RS,1,hub_formation_z,20986,-0.0016749465509498548
domain_fold,graphene_2d_materials,2,DeltaQ0,1,RGPM,20986,0.08167341813672217
domain_fold,graphene_2d_materials,2,DeltaQ0,1,RGPM_v3_balanced,20986,0.1863047041131742
domain_fold,graphene_2d_materials,2,DeltaQ0,1,RGPM_mahalanobis_debug,20986,0.1370072941323364
domain_fold,graphene_2d_materials,2,DeltaQ0,1,RGPM_expansion_component,20986,-0.00417259873262907
domain_fold,graphene_2d_materials,2,DeltaQ0,1,RGPM_bridging_component,20986,0.03538411899020179
domain_fold,graphene_2d_materials,2,DeltaQ0,1,RGPM_reconfiguration_component,20986,0.37231864026269645
domain_fold,graphene_2d_materials,2,DeltaQ0,1,community_reach_z,20986,-0.010987768361170814
domain_fold,graphene_2d_materials,2,DeltaQ0,1,field_entropy_z,20986,-0.0012066358671505815
domain_fold,graphene_2d_materials,2,DeltaQ0,1,cross_community_adoption_z,20986,0.015969734854248463
domain_fold,graphene_2d_materials,2,DeltaQ0,1,path_shortening_z,20986,-0.018692362792206083
domain_fold,graphene_2d_materials,2,DeltaQ0,1,modularity_shock_z,20986,0.3672497015264202
domain_fold,graphene_2d_materials,2,DeltaQ0,1,partition_change_z,20986,-0.0718539526845987
domain_fold,graphene_2d_materials,2,DeltaQ0,1,boundary_mixing_z,20986,0.41301999127791195
domain_fold,graphene_2d_materials,2,DeltaQ0,1,post_perturbation_concentration_z,20986,0.008474135258146547
domain_fold,graphene_2d_materials,2,DeltaQ0,1,hub_formation_z,20986,-0.019283433378099627
domain_fold,graphene_2d_materials,2,Uzzi,1,RGPM,20986,-0.10113404971684863
domain_fold,graphene_2d_materials,2,Uzzi,1,RGPM_v3_balanced,20986,-0.16403447586219544
domain_fold,graphene_2d_materials,2,Uzzi,1,RGPM_mahalanobis_debug,20986,-0.18340139416546158
domain_fold,graphene_2d_materials,2,Uzzi,1,RGPM_expansion_component,20986,-0.10905289235021502
domain_fold,graphene_2d_materials,2,Uzzi,1,RGPM_bridging_component,20986,-0.12975115076365626
domain_fold,graphene_2d_materials,2,Uzzi,1,RGPM_reconfiguration_component,20986,-0.06575772337704221
domain_fold,graphene_2d_materials,2,Uzzi,1,community_reach_z,20986,-0.04337899171329921
domain_fold,graphene_2d_materials,2,Uzzi,1,field_entropy_z,20986,-0.05051940936719524
domain_fold,graphene_2d_materials,2,Uzzi,1,cross_community_adoption_z,20986,-0.06636798986569831
domain_fold,graphene_2d_materials,2,Uzzi,1,path_shortening_z,20986,-0.06357714124822841
domain_fold,graphene_2d_materials,2,Uzzi,1,modularity_shock_z,20986,-0.04331033713032178
domain_fold,graphene_2d_materials,2,Uzzi,1,partition_change_z,20986,-0.15056272811562052
domain_fold,graphene_2d_materials,2,Uzzi,1,boundary_mixing_z,20986,0.1314049552562968
domain_fold,graphene_2d_materials,2,Uzzi,1,post_perturbation_concentration_z,20986,0.04377920371259609
domain_fold,graphene_2d_materials,2,Uzzi,1,hub_formation_z,20986,0.017110680315681085
domain_fold,graphene_2d_materials,2,RTD,1,RGPM,20986,0.15925126809892665
domain_fold,graphene_2d_materials,2,RTD,1,RGPM_v3_balanced,20986,0.1820027531460948
domain_fold,graphene_2d_materials,2,RTD,1,RGPM_mahalanobis_debug,20986,0.19523490632797663
domain_fold,graphene_2d_materials,2,RTD,1,RGPM_expansion_component,20986,0.11641016382111634
domain_fold,graphene_2d_materials,2,RTD,1,RGPM_bridging_component,20986,0.14187746312805552
domain_fold,graphene_2d_materials,2,RTD,1,RGPM_reconfiguration_component,20986,0.03894554025107275
domain_fold,graphene_2d_materials,2,RTD,1,community_reach_z,20986,0.05761107899888744
domain_fold,graphene_2d_materials,2,RTD,1,field_entropy_z,20986,0.1499229245581507
domain_fold,graphene_2d_materials,2,RTD,1,cross_community_adoption_z,20986,0.14868201679343704
domain_fold,graphene_2d_materials,2,RTD,1,path_shortening_z,20986,0.17983503259859307
domain_fold,graphene_2d_materials,2,RTD,1,modularity_shock_z,20986,0.03316403355597774
domain_fold,graphene_2d_materials,2,RTD,1,partition_change_z,20986,0.37873751595677163
domain_fold,graphene_2d_materials,2,RTD,1,boundary_mixing_z,20986,-0.21174538524195746
domain_fold,graphene_2d_materials,2,RTD,1,post_perturbation_concentration_z,20986,-0.15897356141525593
domain_fold,graphene_2d_materials,2,RTD,1,hub_formation_z,20986,0.009174050903309852
domain_fold,graphene_2d_materials,2,BurtIP,1,RGPM,20986,0.04310721878677882
domain_fold,graphene_2d_materials,2,BurtIP,1,RGPM_v3_balanced,20986,-0.0022065876122889664
domain_fold,graphene_2d_materials,2,BurtIP,1,RGPM_mahalanobis_debug,20986,0.010937717631217982
domain_fold,graphene_2d_materials,2,BurtIP,1,RGPM_expansion_component,20986,-0.047671319015094714
domain_fold,graphene_2d_materials,2,BurtIP,1,RGPM_bridging_component,20986,-0.0425369462831774
domain_fold,graphene_2d_materials,2,BurtIP,1,RGPM_reconfiguration_component,20986,0.07193636564169663
domain_fold,graphene_2d_materials,2,BurtIP,1,community_reach_z,20986,-0.0577236085618724
domain_fold,graphene_2d_materials,2,BurtIP,1,field_entropy_z,20986,-0.009505442386397158
domain_fold,graphene_2d_materials,2,BurtIP,1,cross_community_adoption_z,20986,-0.03749860689148348
domain_fold,graphene_2d_materials,2,BurtIP,1,path_shortening_z,20986,-0.0028236234987157583
domain_fold,graphene_2d_materials,2,BurtIP,1,modularity_shock_z,20986,0.07097130864967545
domain_fold,graphene_2d_materials,2,BurtIP,1,partition_change_z,20986,-0.04969722073213946
domain_fold,graphene_2d_materials,2,BurtIP,1,boundary_mixing_z,20986,0.06975681495952049
domain_fold,graphene_2d_materials,2,BurtIP,1,post_perturbation_concentration_z,20986,0.01019072179896819
domain_fold,graphene_2d_materials,2,BurtIP,1,hub_formation_z,20986,-0.01793994166542123
domain_fold,graphene_2d_materials,2,PDE,1,RGPM,20986,0.05552473674821099
domain_fold,graphene_2d_materials,2,PDE,1,RGPM_v3_balanced,20986,0.11388601375635538
domain_fold,graphene_2d_materials,2,PDE,1,RGPM_mahalanobis_debug,20986,0.10717970281686016
domain_fold,graphene_2d_materials,2,PDE,1,RGPM_expansion_component,20986,0.0789593412107145
domain_fold,graphene_2d_materials,2,PDE,1,RGPM_bridging_component,20986,0.09337394411433364
domain_fold,graphene_2d_materials,2,PDE,1,RGPM_reconfiguration_component,20986,-0.0015268708245692877
domain_fold,graphene_2d_materials,2,PDE,1,community_reach_z,20986,0.06079656203634012
domain_fold,graphene_2d_materials,2,PDE,1,field_entropy_z,20986,0.1168682293395829
domain_fold,graphene_2d_materials,2,PDE,1,cross_community_adoption_z,20986,0.11008997898500855
domain_fold,graphene_2d_materials,2,PDE,1,path_shortening_z,20986,0.16325017880737452
domain_fold,graphene_2d_materials,2,PDE,1,modularity_shock_z,20986,-0.0005773263284589862
domain_fold,graphene_2d_materials,2,PDE,1,partition_change_z,20986,0.28471325267710934
domain_fold,graphene_2d_materials,2,PDE,1,boundary_mixing_z,20986,-0.16694110171808457
domain_fold,graphene_2d_materials,2,PDE,1,post_perturbation_concentration_z,20986,-0.12033112290890528
domain_fold,graphene_2d_materials,2,PDE,1,hub_formation_z,20986,-0.0019645958557204793
domain_fold,ipsc_reprogramming,3,B,1,RGPM,20986,0.04463068391657518
domain_fold,ipsc_reprogramming,3,B,1,RGPM_v3_balanced,20986,-0.01812206932330771
domain_fold,ipsc_reprogramming,3,B,1,RGPM_mahalanobis_debug,20986,0.005927344443401717
domain_fold,ipsc_reprogramming,3,B,1,RGPM_expansion_component,20986,-0.06203796433582105
domain_fold,ipsc_reprogramming,3,B,1,RGPM_bridging_component,20986,-0.056979417293269094
domain_fold,ipsc_reprogramming,3,B,1,RGPM_reconfiguration_component,20986,0.06547063461338311
domain_fold,ipsc_reprogramming,3,B,1,community_reach_z,20986,-0.074977373222465
domain_fold,ipsc_reprogramming,3,B,1,field_entropy_z,20986,-0.01575665170712853
domain_fold,ipsc_reprogramming,3,B,1,cross_community_adoption_z,20986,-0.04901854672144801
domain_fold,ipsc_reprogramming,3,B,1,path_shortening_z,20986,-0.032301284661648964
domain_fold,ipsc_reprogramming,3,B,1,modularity_shock_z,20986,0.06712112506405765
domain_fold,ipsc_reprogramming,3,B,1,partition_change_z,20986,-0.059357858701872004
domain_fold,ipsc_reprogramming,3,B,1,boundary_mixing_z,20986,0.08528845162378453
domain_fold,ipsc_reprogramming,3,B,1,post_perturbation_concentration_z,20986,0.013009614781102786
domain_fold,ipsc_reprogramming,3,B,1,hub_formation_z,20986,-0.001516436537298939
domain_fold,ipsc_reprogramming,3,RS,1,RGPM,20986,0.05468487529956092
domain_fold,ipsc_reprogramming,3,RS,1,RGPM_v3_balanced,20986,0.1130222246497681
domain_fold,ipsc_reprogramming,3,RS,1,RGPM_mahalanobis_debug,20986,0.105097984408291
domain_fold,ipsc_reprogramming,3,RS,1,RGPM_expansion_component,20986,0.078240494338123
domain_fold,ipsc_reprogramming,3,RS,1,RGPM_bridging_component,20986,0.09349749462015469
domain_fold,ipsc_reprogramming,3,RS,1,RGPM_reconfiguration_component,20986,-0.0007442244054000069
domain_fold,ipsc_reprogramming,3,RS,1,community_reach_z,20986,0.06103492689345381
domain_fold,ipsc_reprogramming,3,RS,1,field_entropy_z,20986,0.11676626702640808
domain_fold,ipsc_reprogramming,3,RS,1,cross_community_adoption_z,20986,0.11272251469902947
domain_fold,ipsc_reprogramming,3,RS,1,path_shortening_z,20986,0.15958195854803167
domain_fold,ipsc_reprogramming,3,RS,1,modularity_shock_z,20986,0.0006224376053563377
domain_fold,ipsc_reprogramming,3,RS,1,partition_change_z,20986,0.28761940263615743
domain_fold,ipsc_reprogramming,3,RS,1,boundary_mixing_z,20986,-0.16212540038735393
domain_fold,ipsc_reprogramming,3,RS,1,post_perturbation_concentration_z,20986,-0.12135294733082752
domain_fold,ipsc_reprogramming,3,RS,1,hub_formation_z,20986,-0.0016749465509498548
domain_fold,ipsc_reprogramming,3,DeltaQ0,1,RGPM,20986,0.08179395403139221
domain_fold,ipsc_reprogramming,3,DeltaQ0,1,RGPM_v3_balanced,20986,0.18631252156775574
domain_fold,ipsc_reprogramming,3,DeltaQ0,1,RGPM_mahalanobis_debug,20986,0.13700976813830767
domain_fold,ipsc_reprogramming,3,DeltaQ0,1,RGPM_expansion_component,20986,-0.004163334226830991
domain_fold,ipsc_reprogramming,3,DeltaQ0,1,RGPM_bridging_component,20986,0.035506898448536314
domain_fold,ipsc_reprogramming,3,DeltaQ0,1,RGPM_reconfiguration_component,20986,0.3723152819324748
domain_fold,ipsc_reprogramming,3,DeltaQ0,1,community_reach_z,20986,-0.010980336989432014
domain_fold,ipsc_reprogramming,3,DeltaQ0,1,field_entropy_z,20986,-0.0009891906488391745
domain_fold,ipsc_reprogramming,3,DeltaQ0,1,cross_community_adoption_z,20986,0.01617601395934601
domain_fold,ipsc_reprogramming,3,DeltaQ0,1,path_shortening_z,20986,-0.018692362792206083
domain_fold,ipsc_reprogramming,3,DeltaQ0,1,modularity_shock_z,20986,0.36724646221553364
domain_fold,ipsc_reprogramming,3,DeltaQ0,1,partition_change_z,20986,-0.07208709331421412
domain_fold,ipsc_reprogramming,3,DeltaQ0,1,boundary_mixing_z,20986,0.41301155431299374
domain_fold,ipsc_reprogramming,3,DeltaQ0,1,post_perturbation_concentration_z,20986,0.008607845818954131
domain_fold,ipsc_reprogramming,3,DeltaQ0,1,hub_formation_z,20986,-0.019283433378099627
domain_fold,ipsc_reprogramming,3,Uzzi,1,RGPM,20986,-0.10114859646789269
domain_fold,ipsc_reprogramming,3,Uzzi,1,RGPM_v3_balanced,20986,-0.16403882208232903
domain_fold,ipsc_reprogramming,3,Uzzi,1,RGPM_mahalanobis_debug,20986,-0.18340335252159237
domain_fold,ipsc_reprogramming,3,Uzzi,1,RGPM_expansion_component,20986,-0.10905745500026302
domain_fold,ipsc_reprogramming,3,Uzzi,1,RGPM_bridging_component,20986,-0.12977978073021365
domain_fold,ipsc_reprogramming,3,Uzzi,1,RGPM_reconfiguration_component,20986,-0.065757066821511
domain_fold,ipsc_reprogramming,3,Uzzi,1,community_reach_z,20986,-0.04338265229768357
domain_fold,ipsc_reprogramming,3,Uzzi,1,field_entropy_z,20986,-0.05034559663323165
domain_fold,ipsc_reprogramming,3,Uzzi,1,cross_community_adoption_z,20986,-0.06639146150579536
domain_fold,ipsc_reprogramming,3,Uzzi,1,path_shortening_z,20986,-0.06357714124822841
domain_fold,ipsc_reprogramming,3,Uzzi,1,modularity_shock_z,20986,-0.043309703843140486
domain_fold,ipsc_reprogramming,3,Uzzi,1,partition_change_z,20986,-0.15055447449320097
domain_fold,ipsc_reprogramming,3,Uzzi,1,boundary_mixing_z,20986,0.1314181044894094
domain_fold,ipsc_reprogramming,3,Uzzi,1,post_perturbation_concentration_z,20986,0.04362111096438505
domain_fold,ipsc_reprogramming,3,Uzzi,1,hub_formation_z,20986,0.017110680315681085
domain_fold,ipsc_reprogramming,3,RTD,1,RGPM,20986,0.15929294459384558
domain_fold,ipsc_reprogramming,3,RTD,1,RGPM_v3_balanced,20986,0.18200512312956602
domain_fold,ipsc_reprogramming,3,RTD,1,RGPM_mahalanobis_debug,20986,0.19523576323446018
domain_fold,ipsc_reprogramming,3,RTD,1,RGPM_expansion_component,20986,0.11641304723593394
domain_fold,ipsc_reprogramming,3,RTD,1,RGPM_bridging_component,20986,0.14192995682555148
domain_fold,ipsc_reprogramming,3,RTD,1,RGPM_reconfiguration_component,20986,0.03894536161567578
domain_fold,ipsc_reprogramming,3,RTD,1,community_reach_z,20986,0.05761339257960421
domain_fold,ipsc_reprogramming,3,RTD,1,field_entropy_z,20986,0.15002795365544644
domain_fold,ipsc_reprogramming,3,RTD,1,cross_community_adoption_z,20986,0.14875325992877203
domain_fold,ipsc_reprogramming,3,RTD,1,path_shortening_z,20986,0.17983503259859307
domain_fold,ipsc_reprogramming,3,RTD,1,modularity_shock_z,20986,0.033163861251425196
domain_fold,ipsc_reprogramming,3,RTD,1,partition_change_z,20986,0.3792547874770182
domain_fold,ipsc_reprogramming,3,RTD,1,boundary_mixing_z,20986,-0.21174635971991917
domain_fold,ipsc_reprogramming,3,RTD,1,post_perturbation_concentration_z,20986,-0.15921755770098303
domain_fold,ipsc_reprogramming,3,RTD,1,hub_formation_z,20986,0.009174050903309852
domain_fold,ipsc_reprogramming,3,BurtIP,1,RGPM,20986,0.04324944094619968
domain_fold,ipsc_reprogramming,3,BurtIP,1,RGPM_v3_balanced,20986,-0.0021999457929011215
domain_fold,ipsc_reprogramming,3,BurtIP,1,RGPM_mahalanobis_debug,20986,0.010940746713559107
domain_fold,ipsc_reprogramming,3,BurtIP,1,RGPM_expansion_component,20986,-0.04766275793936671
domain_fold,ipsc_reprogramming,3,BurtIP,1,RGPM_bridging_component,20986,-0.0424058599631596
domain_fold,ipsc_reprogramming,3,BurtIP,1,RGPM_reconfiguration_component,20986,0.07193375096823806
domain_fold,ipsc_reprogramming,3,BurtIP,1,community_reach_z,20986,-0.05771674149239017
domain_fold,ipsc_reprogramming,3,BurtIP,1,field_entropy_z,20986,-0.009390268395581696
domain_fold,ipsc_reprogramming,3,BurtIP,1,cross_community_adoption_z,20986,-0.03726290553904912
domain_fold,ipsc_reprogramming,3,BurtIP,1,path_shortening_z,20986,-0.0028236234987157583
domain_fold,ipsc_reprogramming,3,BurtIP,1,modularity_shock_z,20986,0.07096878664033147
domain_fold,ipsc_reprogramming,3,BurtIP,1,partition_change_z,20986,-0.04976688363628075
domain_fold,ipsc_reprogramming,3,BurtIP,1,boundary_mixing_z,20986,0.0697439641769316
domain_fold,ipsc_reprogramming,3,BurtIP,1,post_perturbation_concentration_z,20986,0.010180914648760258
domain_fold,ipsc_reprogramming,3,BurtIP,1,hub_formation_z,20986,-0.01793994166542123
domain_fold,ipsc_reprogramming,3,PDE,1,RGPM,20986,0.055620289871209976
domain_fold,ipsc_reprogramming,3,PDE,1,RGPM_v3_balanced,20986,0.11389048001195816
domain_fold,ipsc_reprogramming,3,PDE,1,RGPM_mahalanobis_debug,20986,0.10718158991767093
domain_fold,ipsc_reprogramming,3,PDE,1,RGPM_expansion_component,20986,0.0789649920917622
domain_fold,ipsc_reprogramming,3,PDE,1,RGPM_bridging_component,20986,0.09347326707167311
domain_fold,ipsc_reprogramming,3,PDE,1,RGPM_reconfiguration_component,20986,-0.0015281427949216768
domain_fold,ipsc_reprogramming,3,PDE,1,community_reach_z,20986,0.06080109507537536
domain_fold,ipsc_reprogramming,3,PDE,1,field_entropy_z,20986,0.11705713041956425
domain_fold,ipsc_reprogramming,3,PDE,1,cross_community_adoption_z,20986,0.11025141071566497
domain_fold,ipsc_reprogramming,3,PDE,1,path_shortening_z,20986,0.16325017880737452
domain_fold,ipsc_reprogramming,3,PDE,1,modularity_shock_z,20986,-0.0005785532201396568
domain_fold,ipsc_reprogramming,3,PDE,1,partition_change_z,20986,0.28528832900388734
domain_fold,ipsc_reprogramming,3,PDE,1,boundary_mixing_z,20986,-0.16694797611645384
domain_fold,ipsc_reprogramming,3,PDE,1,post_perturbation_concentration_z,20986,-0.12062829432588057
domain_fold,ipsc_reprogramming,3,PDE,1,hub_formation_z,20986,-0.0019645958557204793
domain_fold,transformer_foundation_models,4,B,1,RGPM,20986,0.044916531565002055
domain_fold,transformer_foundation_models,4,B,1,RGPM_v3_balanced,20986,-0.018183210155090734
domain_fold,transformer_foundation_models,4,B,1,RGPM_mahalanobis_debug,20986,0.005858876456371675
domain_fold,transformer_foundation_models,4,B,1,RGPM_expansion_component,20986,-0.06214857645817126
domain_fold,transformer_foundation_models,4,B,1,RGPM_bridging_component,20986,-0.05682402372391504
domain_fold,transformer_foundation_models,4,B,1,RGPM_reconfiguration_component,20986,0.06551703909688977
domain_fold,transformer_foundation_models,4,B,1,community_reach_z,20986,-0.0750142011640797
domain_fold,transformer_foundation_models,4,B,1,field_entropy_z,20986,-0.0158108751277699
domain_fold,transformer_foundation_models,4,B,1,cross_community_adoption_z,20986,-0.04888427755040628
domain_fold,transformer_foundation_models,4,B,1,path_shortening_z,20986,-0.03195084607403065
domain_fold,transformer_foundation_models,4,B,1,modularity_shock_z,20986,0.06709720875804155
domain_fold,transformer_foundation_models,4,B,1,partition_change_z,20986,-0.05899183376756097
domain_fold,transformer_foundation_models,4,B,1,boundary_mixing_z,20986,0.0852654946152047
domain_fold,transformer_foundation_models,4,B,1,post_perturbation_concentration_z,20986,0.013108812336318667
domain_fold,transformer_foundation_models,4,B,1,hub_formation_z,20986,-0.001440792615624017
domain_fold,transformer_foundation_models,4,RS,1,RGPM,20986,0.05468487529956092
domain_fold,transformer_foundation_models,4,RS,1,RGPM_v3_balanced,20986,0.1130222246497681
domain_fold,transformer_foundation_models,4,RS,1,RGPM_mahalanobis_debug,20986,0.105097984408291
domain_fold,transformer_foundation_models,4,RS,1,RGPM_expansion_component,20986,0.078240494338123
domain_fold,transformer_foundation_models,4,RS,1,RGPM_bridging_component,20986,0.09349749462015469
domain_fold,transformer_foundation_models,4,RS,1,RGPM_reconfiguration_component,20986,-0.0007442244054000069
domain_fold,transformer_foundation_models,4,RS,1,community_reach_z,20986,0.06103492689345381
domain_fold,transformer_foundation_models,4,RS,1,field_entropy_z,20986,0.11676626702640808
domain_fold,transformer_foundation_models,4,RS,1,cross_community_adoption_z,20986,0.11272251469902947
domain_fold,transformer_foundation_models,4,RS,1,path_shortening_z,20986,0.15958195854803167
domain_fold,transformer_foundation_models,4,RS,1,modularity_shock_z,20986,0.0006224376053563377
domain_fold,transformer_foundation_models,4,RS,1,partition_change_z,20986,0.28761940263615743
domain_fold,transformer_foundation_models,4,RS,1,boundary_mixing_z,20986,-0.16212540038735393
domain_fold,transformer_foundation_models,4,RS,1,post_perturbation_concentration_z,20986,-0.12135294733082752
domain_fold,transformer_foundation_models,4,RS,1,hub_formation_z,20986,-0.0016749465509498548
domain_fold,transformer_foundation_models,4,DeltaQ0,1,RGPM,20986,0.08179395403139221
domain_fold,transformer_foundation_models,4,DeltaQ0,1,RGPM_v3_balanced,20986,0.18631252156775574
domain_fold,transformer_foundation_models,4,DeltaQ0,1,RGPM_mahalanobis_debug,20986,0.13700976813830767
domain_fold,transformer_foundation_models,4,DeltaQ0,1,RGPM_expansion_component,20986,-0.004163334226830991
domain_fold,transformer_foundation_models,4,DeltaQ0,1,RGPM_bridging_component,20986,0.035506898448536314
domain_fold,transformer_foundation_models,4,DeltaQ0,1,RGPM_reconfiguration_component,20986,0.3723152819324748
domain_fold,transformer_foundation_models,4,DeltaQ0,1,community_reach_z,20986,-0.010980336989432014
domain_fold,transformer_foundation_models,4,DeltaQ0,1,field_entropy_z,20986,-0.0009891906488391745
domain_fold,transformer_foundation_models,4,DeltaQ0,1,cross_community_adoption_z,20986,0.01617601395934601
domain_fold,transformer_foundation_models,4,DeltaQ0,1,path_shortening_z,20986,-0.018692362792206083
domain_fold,transformer_foundation_models,4,DeltaQ0,1,modularity_shock_z,20986,0.36724646221553364
domain_fold,transformer_foundation_models,4,DeltaQ0,1,partition_change_z,20986,-0.07208709331421412
domain_fold,transformer_foundation_models,4,DeltaQ0,1,boundary_mixing_z,20986,0.41301155431299374
domain_fold,transformer_foundation_models,4,DeltaQ0,1,post_perturbation_concentration_z,20986,0.008607845818954131
domain_fold,transformer_foundation_models,4,DeltaQ0,1,hub_formation_z,20986,-0.019283433378099627
domain_fold,transformer_foundation_models,4,Uzzi,1,RGPM,20986,-0.10114859646789269
domain_fold,transformer_foundation_models,4,Uzzi,1,RGPM_v3_balanced,20986,-0.16403882208232903
domain_fold,transformer_foundation_models,4,Uzzi,1,RGPM_mahalanobis_debug,20986,-0.18340335252159237
domain_fold,transformer_foundation_models,4,Uzzi,1,RGPM_expansion_component,20986,-0.10905745500026302
domain_fold,transformer_foundation_models,4,Uzzi,1,RGPM_bridging_component,20986,-0.12977978073021365
domain_fold,transformer_foundation_models,4,Uzzi,1,RGPM_reconfiguration_component,20986,-0.065757066821511
domain_fold,transformer_foundation_models,4,Uzzi,1,community_reach_z,20986,-0.04338265229768357
domain_fold,transformer_foundation_models,4,Uzzi,1,field_entropy_z,20986,-0.05034559663323165
domain_fold,transformer_foundation_models,4,Uzzi,1,cross_community_adoption_z,20986,-0.06639146150579536
domain_fold,transformer_foundation_models,4,Uzzi,1,path_shortening_z,20986,-0.06357714124822841
domain_fold,transformer_foundation_models,4,Uzzi,1,modularity_shock_z,20986,-0.043309703843140486
domain_fold,transformer_foundation_models,4,Uzzi,1,partition_change_z,20986,-0.15055447449320097
domain_fold,transformer_foundation_models,4,Uzzi,1,boundary_mixing_z,20986,0.1314181044894094
domain_fold,transformer_foundation_models,4,Uzzi,1,post_perturbation_concentration_z,20986,0.04362111096438505
domain_fold,transformer_foundation_models,4,Uzzi,1,hub_formation_z,20986,0.017110680315681085
domain_fold,transformer_foundation_models,4,RTD,1,RGPM,20986,0.15929294459384558
domain_fold,transformer_foundation_models,4,RTD,1,RGPM_v3_balanced,20986,0.18200512312956602
domain_fold,transformer_foundation_models,4,RTD,1,RGPM_mahalanobis_debug,20986,0.19523576323446018
domain_fold,transformer_foundation_models,4,RTD,1,RGPM_expansion_component,20986,0.11641304723593394
domain_fold,transformer_foundation_models,4,RTD,1,RGPM_bridging_component,20986,0.14192995682555148
domain_fold,transformer_foundation_models,4,RTD,1,RGPM_reconfiguration_component,20986,0.03894536161567578
domain_fold,transformer_foundation_models,4,RTD,1,community_reach_z,20986,0.05761339257960421
domain_fold,transformer_foundation_models,4,RTD,1,field_entropy_z,20986,0.15002795365544644
domain_fold,transformer_foundation_models,4,RTD,1,cross_community_adoption_z,20986,0.14875325992877203
domain_fold,transformer_foundation_models,4,RTD,1,path_shortening_z,20986,0.17983503259859307
domain_fold,transformer_foundation_models,4,RTD,1,modularity_shock_z,20986,0.033163861251425196
domain_fold,transformer_foundation_models,4,RTD,1,partition_change_z,20986,0.3792547874770182
domain_fold,transformer_foundation_models,4,RTD,1,boundary_mixing_z,20986,-0.21174635971991917
domain_fold,transformer_foundation_models,4,RTD,1,post_perturbation_concentration_z,20986,-0.15921755770098303
domain_fold,transformer_foundation_models,4,RTD,1,hub_formation_z,20986,0.009174050903309852
domain_fold,transformer_foundation_models,4,BurtIP,1,RGPM,20986,0.04324944094619968
domain_fold,transformer_foundation_models,4,BurtIP,1,RGPM_v3_balanced,20986,-0.0021999457929011215
domain_fold,transformer_foundation_models,4,BurtIP,1,RGPM_mahalanobis_debug,20986,0.010940746713559107
domain_fold,transformer_foundation_models,4,BurtIP,1,RGPM_expansion_component,20986,-0.04766275793936671
domain_fold,transformer_foundation_models,4,BurtIP,1,RGPM_bridging_component,20986,-0.0424058599631596
domain_fold,transformer_foundation_models,4,BurtIP,1,RGPM_reconfiguration_component,20986,0.07193375096823806
domain_fold,transformer_foundation_models,4,BurtIP,1,community_reach_z,20986,-0.05771674149239017
domain_fold,transformer_foundation_models,4,BurtIP,1,field_entropy_z,20986,-0.009390268395581696
domain_fold,transformer_foundation_models,4,BurtIP,1,cross_community_adoption_z,20986,-0.03726290553904912
domain_fold,transformer_foundation_models,4,BurtIP,1,path_shortening_z,20986,-0.0028236234987157583
domain_fold,transformer_foundation_models,4,BurtIP,1,modularity_shock_z,20986,0.07096878664033147
domain_fold,transformer_foundation_models,4,BurtIP,1,partition_change_z,20986,-0.04976688363628075
domain_fold,transformer_foundation_models,4,BurtIP,1,boundary_mixing_z,20986,0.0697439641769316
domain_fold,transformer_foundation_models,4,BurtIP,1,post_perturbation_concentration_z,20986,0.010180914648760258
domain_fold,transformer_foundation_models,4,BurtIP,1,hub_formation_z,20986,-0.01793994166542123
domain_fold,transformer_foundation_models,4,PDE,1,RGPM,20986,0.055620289871209976
domain_fold,transformer_foundation_models,4,PDE,1,RGPM_v3_balanced,20986,0.11389048001195816
domain_fold,transformer_foundation_models,4,PDE,1,RGPM_mahalanobis_debug,20986,0.10718158991767093
domain_fold,transformer_foundation_models,4,PDE,1,RGPM_expansion_component,20986,0.0789649920917622
domain_fold,transformer_foundation_models,4,PDE,1,RGPM_bridging_component,20986,0.09347326707167311
domain_fold,transformer_foundation_models,4,PDE,1,RGPM_reconfiguration_component,20986,-0.0015281427949216768
domain_fold,transformer_foundation_models,4,PDE,1,community_reach_z,20986,0.06080109507537536
domain_fold,transformer_foundation_models,4,PDE,1,field_entropy_z,20986,0.11705713041956425
domain_fold,transformer_foundation_models,4,PDE,1,cross_community_adoption_z,20986,0.11025141071566497
domain_fold,transformer_foundation_models,4,PDE,1,path_shortening_z,20986,0.16325017880737452
domain_fold,transformer_foundation_models,4,PDE,1,modularity_shock_z,20986,-0.0005785532201396568
domain_fold,transformer_foundation_models,4,PDE,1,partition_change_z,20986,0.28528832900388734
domain_fold,transformer_foundation_models,4,PDE,1,boundary_mixing_z,20986,-0.16694797611645384
domain_fold,transformer_foundation_models,4,PDE,1,post_perturbation_concentration_z,20986,-0.12062829432588057
domain_fold,transformer_foundation_models,4,PDE,1,hub_formation_z,20986,-0.0019645958557204793
