id,year,title,domain,primary_field,analysis_community,display_community,is_landmark,anchor_label,short_id,doi,cited_by_count,reference_count,source_dataset,legacy_is_landmark,reliable_anchor_source,anchor_policy,primary_topic,community,community_label,display_label,is_closure_node,domain_analysis_end_year
https://openalex.org/W2073832139,1998,Observational Evidence from Supernovae for an Accelerating Universe and a Cosmological Constant,gamma_ray_bursts_and_supernovae,Astronomy and Astrophysics,63203493,63203493,1,Riess 1998,W2073832139,10.1086/300499,19454,121,openalex_v3_landmark_exact,1,landmarks_csv_labeled,strict,Gamma-ray bursts and supernovae,63203493,Gamma-ray bursts and supernovae,Gamma-ray bursts and supernovae,0,2025
https://openalex.org/W1853767801,1999,Measurements of Ω and Λ from 42 High‐Redshift Supernovae,gamma_ray_bursts_and_supernovae,Astronomy and Astrophysics,63203493,63203493,1,Perlmutter 1999,W1853767801,10.1086/307221,17923,92,openalex_v3_landmark_exact,1,landmarks_csv_labeled,strict,Gamma-ray bursts and supernovae,63203493,Gamma-ray bursts and supernovae,Gamma-ray bursts and supernovae,0,2025
https://openalex.org/W4288079944,2020,<i>Planck</i> 2018 results,gamma_ray_bursts_and_supernovae,Astronomy and Astrophysics,60904838,60904838,0,,W4288079944,10.1051/0004-6361/201833910,14022,528,openalex_v3_anchor_citer,0,,strict,Cosmology and Gravitation Theories,60904838,Cosmology and Gravitation Theories,Cosmology and Gravitation Theories,0,2025
https://openalex.org/W2118265220,2003,First‐Year <i>Wilkinson Microwave Anisotropy Probe</i> ( <i>WMAP</i> ) Observations: Determination of Cosmological Parameters,gamma_ray_bursts_and_supernovae,Astronomy and Astrophysics,60904838,60904838,0,,W2118265220,10.1086/377226,11015,144,openalex_v3_anchor_citer,0,,strict,Cosmology and Gravitation Theories,60904838,Cosmology and Gravitation Theories,Cosmology and Gravitation Theories,0,2025
https://openalex.org/W4292875581,2016,<i>Planck</i>2015 results,gamma_ray_bursts_and_supernovae,Astronomy and Astrophysics,60904838,60904838,0,,W4292875581,10.1051/0004-6361/201525830,10640,475,openalex_v3_anchor_citer,0,,strict,Cosmology and Gravitation Theories,60904838,Cosmology and Gravitation Theories,Cosmology and Gravitation Theories,0,2025
https://openalex.org/W2147875900,2011,SEVEN-YEAR<i>WILKINSON MICROWAVE ANISOTROPY PROBE</i>(<i>WMAP</i>) OBSERVATIONS: COSMOLOGICAL INTERPRETATION,gamma_ray_bursts_and_supernovae,Astronomy and Astrophysics,60904838,60904838,0,,W2147875900,10.1088/0067-0049/192/2/18,8843,517,openalex_v3_anchor_citer,0,,strict,Cosmology and Gravitation Theories,60904838,Cosmology and Gravitation Theories,Cosmology and Gravitation Theories,0,2025
https://openalex.org/W2154748230,2007,Three‐Year<i>Wilkinson Microwave Anisotropy Probe</i>(<i>WMAP</i>) Observations: Implications for Cosmology,gamma_ray_bursts_and_supernovae,Astronomy and Astrophysics,60904838,60904838,0,,W2154748230,10.1086/513700,6651,371,openalex_v3_anchor_citer,0,,strict,Cosmology and Gravitation Theories,60904838,Cosmology and Gravitation Theories,Cosmology and Gravitation Theories,0,2025
https://openalex.org/W2139937287,2014,<i>Planck</i>2013 results. XVI. Cosmological parameters,gamma_ray_bursts_and_supernovae,Astronomy and Astrophysics,60904838,60904838,0,,W2139937287,10.1051/0004-6361/201321591,6563,471,openalex_v3_anchor_citer,0,,strict,Cosmology and Gravitation Theories,60904838,Cosmology and Gravitation Theories,Cosmology and Gravitation Theories,0,2025
https://openalex.org/W2131279590,2006,DYNAMICS OF DARK ENERGY,gamma_ray_bursts_and_supernovae,Astronomy and Astrophysics,60904838,60904838,0,,W2131279590,10.1142/s021827180600942x,6204,944,openalex_v3_anchor_citer,0,,strict,Cosmology and Gravitation Theories,60904838,Cosmology and Gravitation Theories,Cosmology and Gravitation Theories,0,2025
https://openalex.org/W2160253850,2009,FIVE-YEAR<i>WILKINSON MICROWAVE ANISOTROPY PROBE</i>OBSERVATIONS: COSMOLOGICAL INTERPRETATION,gamma_ray_bursts_and_supernovae,Astronomy and Astrophysics,60904838,60904838,0,,W2160253850,10.1088/0067-0049/180/2/330,5717,602,openalex_v3_anchor_citer,0,,strict,Cosmology and Gravitation Theories,60904838,Cosmology and Gravitation Theories,Cosmology and Gravitation Theories,0,2025
https://openalex.org/W1909359706,2016,Planck 2015 results,gamma_ray_bursts_and_supernovae,Astronomy and Astrophysics,60904838,60904838,0,,W1909359706,10.17863/cam.32861,5476,375,openalex_v3_anchor_citer,0,,strict,Cosmology and Gravitation Theories,60904838,Cosmology and Gravitation Theories,Cosmology and Gravitation Theories,0,2025
https://openalex.org/W2073603601,2003,The cosmological constant and dark energy,gamma_ray_bursts_and_supernovae,Astronomy and Astrophysics,60904838,60904838,0,,W2073603601,10.1103/revmodphys.75.559,5225,536,openalex_v3_anchor_citer,0,,strict,Cosmology and Gravitation Theories,60904838,Cosmology and Gravitation Theories,Cosmology and Gravitation Theories,0,2025
https://openalex.org/W2115185242,2013,NINE-YEAR <i>WILKINSON MICROWAVE ANISOTROPY PROBE</i> ( <i>WMAP</i> ) OBSERVATIONS: COSMOLOGICAL PARAMETER RESULTS,gamma_ray_bursts_and_supernovae,Astronomy and Astrophysics,60904838,60904838,0,,W2115185242,10.1088/0067-0049/208/2/19,5079,127,openalex_v3_anchor_citer,0,,strict,Cosmology and Gravitation Theories,60904838,Cosmology and Gravitation Theories,Cosmology and Gravitation Theories,0,2025
https://openalex.org/W2141709306,2005,"Simulations of the formation, evolution and clustering of galaxies and quasars",gamma_ray_bursts_and_supernovae,Astronomy and Astrophysics,60903922,60903922,0,,W2141709306,10.1038/nature03597,5050,136,openalex_v3_anchor_citer,0,,strict,"Galaxies: Formation, Evolution, Phenomena",60903922,"Galaxies: Formation, Evolution, Phenomena","Galaxies: Formation, Evolution, Phenomena",0,2025
https://openalex.org/W2162447676,2005,Detection of the Baryon Acoustic Peak in the Large‐Scale Correlation Function of SDSS Luminous Red Galaxies,gamma_ray_bursts_and_supernovae,Astronomy and Astrophysics,60903922,60903922,0,,W2162447676,10.1086/466512,4556,140,openalex_v3_anchor_citer,0,,strict,"Galaxies: Formation, Evolution, Phenomena",60903922,"Galaxies: Formation, Evolution, Phenomena","Galaxies: Formation, Evolution, Phenomena",0,2025
https://openalex.org/W2139440433,2004,Type Ia Supernova Discoveries at<i>z</i>&gt; 1 from the<i>Hubble Space Telescope</i>: Evidence for Past Deceleration and Constraints on Dark Energy Evolution,gamma_ray_bursts_and_supernovae,Astronomy and Astrophysics,63203493,63203493,0,,W2139440433,10.1086/383612,4244,101,openalex_v3_anchor_citer,0,,strict,Gamma-ray bursts and supernovae,63203493,Gamma-ray bursts and supernovae,Gamma-ray bursts and supernovae,0,2025
https://openalex.org/W2004188331,2012,Modified gravity and cosmology,gamma_ray_bursts_and_supernovae,Astronomy and Astrophysics,60904838,60904838,0,,W2004188331,10.1016/j.physrep.2012.01.001,4159,1726,openalex_v3_anchor_citer,0,,strict,Cosmology and Gravitation Theories,60904838,Cosmology and Gravitation Theories,Cosmology and Gravitation Theories,0,2025
https://openalex.org/W2761986865,2014,Transiting Exoplanet Survey Satellite,gamma_ray_bursts_and_supernovae,Astronomy and Astrophysics,60904056,60904056,0,,W2761986865,10.1117/1.jatis.1.1.014003,3988,58,openalex_v3_query_core,0,,strict,"Stellar, planetary, and galactic studies",60904056,"Stellar, planetary, and galactic studies","Stellar, planetary, and galactic studies",0,2025
https://openalex.org/W2123076672,2010,f(R) Theories,gamma_ray_bursts_and_supernovae,Astronomy and Astrophysics,60904838,60904838,0,,W2123076672,10.12942/lrr-2010-3,3814,621,openalex_v3_anchor_citer,0,,strict,Cosmology and Gravitation Theories,60904838,Cosmology and Gravitation Theories,Cosmology and Gravitation Theories,0,2025
https://openalex.org/W3105678606,2018,Dark Matter as a Topological Vacuum Condensate,gamma_ray_bursts_and_supernovae,Astronomy and Astrophysics,60904838,60904838,0,,W3105678606,10.48550/arxiv.1807.06209,3703,402,openalex_v3_anchor_citer,0,,strict,Cosmology and Gravitation Theories,60904838,Cosmology and Gravitation Theories,Cosmology and Gravitation Theories,0,2025
https://openalex.org/W2140980425,2005,"The many lives of active galactic nuclei: cooling flows, black holes and the luminosities and colours of galaxies",gamma_ray_bursts_and_supernovae,Astronomy and Astrophysics,60903922,60903922,0,,W2140980425,10.1111/j.1365-2966.2005.09675.x,3683,111,openalex_v3_anchor_citer,0,,strict,"Galaxies: Formation, Evolution, Phenomena",60903922,"Galaxies: Formation, Evolution, Phenomena","Galaxies: Formation, Evolution, Phenomena",0,2025
https://openalex.org/W2766840380,2017,Multi-messenger Observations of a Binary Neutron Star Merger<sup>*</sup>,gamma_ray_bursts_and_supernovae,Astronomy and Astrophysics,63203493,63203493,0,,W2766840380,10.3847/2041-8213/aa91c9,3659,179,openalex_v3_query_core,0,,strict,Gamma-ray bursts and supernovae,63203493,Gamma-ray bursts and supernovae,Gamma-ray bursts and supernovae,0,2025
https://openalex.org/W2971836485,2019,GWTC-1: A Gravitational-Wave Transient Catalog of Compact Binary Mergers Observed by LIGO and Virgo during the First and Second Observing Runs,gamma_ray_bursts_and_supernovae,Astronomy and Astrophysics,60973087,60973087,0,,W2971836485,10.1103/physrevx.9.031040,3589,303,openalex_v3_query_core,0,,strict,Pulsars and Gravitational Waves Research,60973087,Pulsars and Gravitational Waves Research,Pulsars and Gravitational Waves Research,0,2025
https://openalex.org/W2766754978,2017,Gravitational Waves and Gamma-Rays from a Binary Neutron Star Merger: GW170817 and GRB 170817A,gamma_ray_bursts_and_supernovae,Astronomy and Astrophysics,63203493,63203493,0,,W2766754978,10.3847/2041-8213/aa920c,3530,253,openalex_v3_query_core,0,,strict,Gamma-ray bursts and supernovae,63203493,Gamma-ray bursts and supernovae,Gamma-ray bursts and supernovae,0,2025
https://openalex.org/W2153208487,2002,Cosmological parameters from CMB and other data: A Monte Carlo approach,gamma_ray_bursts_and_supernovae,Astronomy and Astrophysics,60904838,60904838,0,,W2153208487,10.1103/physrevd.66.103511,3508,48,openalex_v3_anchor_citer,0,,strict,Cosmology and Gravitation Theories,60904838,Cosmology and Gravitation Theories,Cosmology and Gravitation Theories,0,2025
https://openalex.org/W2125835296,2003,de Sitter vacua in string theory,gamma_ray_bursts_and_supernovae,Nuclear and High Energy Physics,60903921,60903921,0,,W2125835296,10.1103/physrevd.68.046005,3358,93,openalex_v3_anchor_citer,0,,strict,Black Holes and Theoretical Physics,60903921,Black Holes and Theoretical Physics,Black Holes and Theoretical Physics,0,2025
https://openalex.org/W2159714423,2019,LSST: From Science Drivers to Reference Design and Anticipated Data Products,gamma_ray_bursts_and_supernovae,Instrumentation,65554423,65554423,0,,W2159714423,10.3847/1538-4357/ab042c,3319,353,openalex_v3_anchor_citer,0,,strict,Astronomy and Astrophysical Research,65554423,Astronomy and Astrophysical Research,Astronomy and Astrophysical Research,0,2025
https://openalex.org/W2093077071,2001,Final Results from the<i>Hubble Space Telescope</i>Key Project to Measure the Hubble Constant,gamma_ray_bursts_and_supernovae,Astronomy and Astrophysics,60903922,60903922,0,,W2093077071,10.1086/320638,3310,143,openalex_v3_anchor_citer,0,,strict,"Galaxies: Formation, Evolution, Phenomena",60903922,"Galaxies: Formation, Evolution, Phenomena","Galaxies: Formation, Evolution, Phenomena",0,2025
https://openalex.org/W2091262560,2011,Extended Theories of Gravity,gamma_ray_bursts_and_supernovae,Astronomy and Astrophysics,63306980,63306980,0,,W2091262560,10.1016/j.physrep.2011.09.003,3277,435,openalex_v3_anchor_citer,0,,strict,Relativity and Gravitational Theory,63306980,Relativity and Gravitational Theory,Relativity and Gravitational Theory,0,2025
https://openalex.org/W2077540976,2002,A phantom menace? Cosmological consequences of a dark energy component with super-negative equation of state,gamma_ray_bursts_and_supernovae,Astronomy and Astrophysics,60904838,60904838,0,,W2077540976,10.1016/s0370-2693(02)02589-3,3275,17,openalex_v3_anchor_citer,0,,strict,Cosmology and Gravitation Theories,60904838,Cosmology and Gravitation Theories,Cosmology and Gravitation Theories,0,2025
https://openalex.org/W2095725842,2015,"MODULES FOR EXPERIMENTS IN STELLAR ASTROPHYSICS (MESA): BINARIES, PULSATIONS, AND EXPLOSIONS",gamma_ray_bursts_and_supernovae,Astronomy and Astrophysics,60973222,60973222,0,,W2095725842,10.1088/0067-0049/220/1/15,3139,158,openalex_v3_query_core,0,,strict,Astrophysics and Star Formation Studies,60973222,Astrophysics and Star Formation Studies,Astrophysics and Star Formation Studies,0,2025
https://openalex.org/W2501864044,2017,The clustering of galaxies in the completed SDSS-III Baryon Oscillation Spectroscopic Survey: cosmological analysis of the DR12 galaxy sample,gamma_ray_bursts_and_supernovae,Astronomy and Astrophysics,60903922,60903922,0,,W2501864044,10.1093/mnras/stx721,3123,239,openalex_v3_anchor_citer,0,,strict,"Galaxies: Formation, Evolution, Phenomena",60903922,"Galaxies: Formation, Evolution, Phenomena","Galaxies: Formation, Evolution, Phenomena",0,2025
https://openalex.org/W2763117186,2018,The Complete Light-curve Sample of Spectroscopically Confirmed SNe Ia from Pan-STARRS1 and Cosmological Constraints from the Combined Pantheon Sample,gamma_ray_bursts_and_supernovae,Astronomy and Astrophysics,63203493,63203493,0,,W2763117186,10.3847/1538-4357/aab9bb,2757,168,openalex_v3_anchor_citer,0,,strict,Gamma-ray bursts and supernovae,63203493,Gamma-ray bursts and supernovae,Gamma-ray bursts and supernovae,0,2025
https://openalex.org/W2591817099,2000,THE CASE FOR A POSITIVE COSMOLOGICAL Λ-TERM,gamma_ray_bursts_and_supernovae,Astronomy and Astrophysics,60904838,60904838,0,,W2591817099,10.1142/s0218271800000542,2740,255,openalex_v3_anchor_citer,0,,strict,Cosmology and Gravitation Theories,60904838,Cosmology and Gravitation Theories,Cosmology and Gravitation Theories,0,2025
https://openalex.org/W1491881499,2009,The Universe in a Helium Droplet,gamma_ray_bursts_and_supernovae,"Atomic and Molecular Physics, and Optics",63306985,63306985,0,,W1491881499,10.1093/acprof:oso/9780199564842.001.0001,2704,534,openalex_v3_anchor_citer,0,,strict,"Quantum, superfluid, helium dynamics",63306985,"Quantum, superfluid, helium dynamics","Quantum, superfluid, helium dynamics",0,2025
https://openalex.org/W2147626801,2013,LOFAR: The LOw-Frequency ARray,gamma_ray_bursts_and_supernovae,Astronomy and Astrophysics,65469135,65469135,0,,W2147626801,10.1051/0004-6361/201220873,2678,199,openalex_v3_query_core,0,,strict,Radio Astronomy Observations and Technology,65469135,Radio Astronomy Observations and Technology,Radio Astronomy Observations and Technology,0,2025
https://openalex.org/W3100514957,2016,Nine-Year Wilkinson Microwave Anisotropy Probe (WMAP) Observations: Cosmological Parameter Results,gamma_ray_bursts_and_supernovae,Astronomy and Astrophysics,60904838,60904838,0,,W3100514957,10.15781/t2st7f05x,2659,128,openalex_v3_anchor_citer,0,,strict,Cosmology and Gravitation Theories,60904838,Cosmology and Gravitation Theories,Cosmology and Gravitation Theories,0,2025
https://openalex.org/W2621229679,2017,"Modified gravity theories on a nutshell: Inflation, bounce and late-time evolution",gamma_ray_bursts_and_supernovae,Astronomy and Astrophysics,60904838,60904838,0,,W2621229679,10.1016/j.physrep.2017.06.001,2645,686,openalex_v3_anchor_citer,0,,strict,Cosmology and Gravitation Theories,60904838,Cosmology and Gravitation Theories,Cosmology and Gravitation Theories,0,2025
https://openalex.org/W3099582894,2005,https://openalex.org/W3099582894,gamma_ray_bursts_and_supernovae,Astronomy and Astrophysics,60903922,60903922,0,,W3099582894,,2632,140,openalex_v3_anchor_citer,0,,strict,"Galaxies: Formation, Evolution, Phenomena",60903922,"Galaxies: Formation, Evolution, Phenomena","Galaxies: Formation, Evolution, Phenomena",0,2025
https://openalex.org/W2125048434,2001,The Cosmological Constant,gamma_ray_bursts_and_supernovae,Astronomy and Astrophysics,60904838,60904838,0,,W2125048434,10.12942/lrr-2001-1,2571,395,openalex_v3_anchor_citer,0,,strict,Cosmology and Gravitation Theories,60904838,Cosmology and Gravitation Theories,Cosmology and Gravitation Theories,0,2025
https://openalex.org/W2592084954,2017,Citation-based clustering of publications using CitNetExplorer and VOSviewer,gamma_ray_bursts_and_supernovae,Statistical and Nonlinear Physics,60904444,60904444,0,,W2592084954,10.1007/s11192-017-2300-7,2570,28,openalex_v3_query_core,0,,strict,Complex Network Analysis Techniques,60904444,Complex Network Analysis Techniques,Complex Network Analysis Techniques,0,2025
https://openalex.org/W2111091765,2000,A flat Universe from high-resolution maps of the cosmic microwave background radiation,gamma_ray_bursts_and_supernovae,Astronomy and Astrophysics,60904838,60904838,0,,W2111091765,10.1038/35010035,2499,31,openalex_v3_anchor_citer,0,,strict,Cosmology and Gravitation Theories,60904838,Cosmology and Gravitation Theories,Cosmology and Gravitation Theories,0,2025
https://openalex.org/W2131260550,2006,"The Supernova Legacy Survey: measurement of $\Omega_{\mathsf{M}}$, $\Omega_\mathsf{\Lambda}$ and<i>w</i>from the first year data set",gamma_ray_bursts_and_supernovae,Astronomy and Astrophysics,63203493,63203493,0,,W2131260550,10.1051/0004-6361:20054185,2458,69,openalex_v3_anchor_citer,0,,strict,Gamma-ray bursts and supernovae,63203493,Gamma-ray bursts and supernovae,Gamma-ray bursts and supernovae,0,2025
https://openalex.org/W2141449818,2001,Weak gravitational lensing,gamma_ray_bursts_and_supernovae,Astronomy and Astrophysics,60903922,60903922,0,,W2141449818,10.1016/s0370-1573(00)00082-x,2415,598,openalex_v3_anchor_citer,0,,strict,"Galaxies: Formation, Evolution, Phenomena",60903922,"Galaxies: Formation, Evolution, Phenomena","Galaxies: Formation, Evolution, Phenomena",0,2025
https://openalex.org/W2061083933,2010,The Einstein Telescope: a third-generation gravitational wave observatory,gamma_ray_bursts_and_supernovae,Astronomy and Astrophysics,60973087,60973087,0,,W2061083933,10.1088/0264-9381/27/19/194002,2360,44,openalex_v3_query_core,0,,strict,Pulsars and Gravitational Waves Research,60973087,Pulsars and Gravitational Waves Research,Pulsars and Gravitational Waves Research,0,2025
https://openalex.org/W2048446165,2012,Dark energy cosmology: the equivalent description via different theoretical models and cosmography tests,gamma_ray_bursts_and_supernovae,Astronomy and Astrophysics,60904838,60904838,0,,W2048446165,10.1007/s10509-012-1181-8,2360,486,openalex_v3_anchor_citer,0,,strict,Cosmology and Gravitation Theories,60904838,Cosmology and Gravitation Theories,Cosmology and Gravitation Theories,0,2025
https://openalex.org/W2086199187,1999,Collapsars: Gamma‐Ray Bursts and Explosions in “Failed Supernovae”,gamma_ray_bursts_and_supernovae,Astronomy and Astrophysics,63203493,63203493,0,,W2086199187,10.1086/307790,2333,73,openalex_v3_query_core,0,,strict,Gamma-ray bursts and supernovae,63203493,Gamma-ray bursts and supernovae,Gamma-ray bursts and supernovae,0,2025
https://openalex.org/W2137113888,2004,Is cosmic speed-up due to new gravitational physics?,gamma_ray_bursts_and_supernovae,Astronomy and Astrophysics,60904838,60904838,0,,W2137113888,10.1103/physrevd.70.043528,2274,37,openalex_v3_anchor_citer,0,,strict,Cosmology and Gravitation Theories,60904838,Cosmology and Gravitation Theories,Cosmology and Gravitation Theories,0,2025
https://openalex.org/W2204815181,2014,Introducing the Illustris Project: simulating the coevolution of dark and visible matter in the Universe,gamma_ray_bursts_and_supernovae,Astronomy and Astrophysics,60903922,60903922,0,,W2204815181,10.1093/mnras/stu1536,2244,171,openalex_v3_anchor_citer,0,,strict,"Galaxies: Formation, Evolution, Phenomena",60903922,"Galaxies: Formation, Evolution, Phenomena","Galaxies: Formation, Evolution, Phenomena",0,2025
https://openalex.org/W2102600871,2011,"SDSS-III: MASSIVE SPECTROSCOPIC SURVEYS OF THE DISTANT UNIVERSE, THE MILKY WAY, AND EXTRA-SOLAR PLANETARY SYSTEMS",gamma_ray_bursts_and_supernovae,Astronomy and Astrophysics,60904056,60904056,0,,W2102600871,10.1088/0004-6256/142/3/72,2218,196,openalex_v3_anchor_citer,0,,strict,"Stellar, planetary, and galactic studies",60904056,"Stellar, planetary, and galactic studies","Stellar, planetary, and galactic studies",0,2025
https://openalex.org/W3102687315,2017,"Modified gravity theories on a nutshell: Inflation, bounce and late-time evolution",gamma_ray_bursts_and_supernovae,Astronomy and Astrophysics,60904838,60904838,0,,W3102687315,,2179,839,openalex_v3_anchor_citer,0,,strict,Cosmology and Gravitation Theories,60904838,Cosmology and Gravitation Theories,Cosmology and Gravitation Theories,0,2025
https://openalex.org/W2155705849,2011,CANDELS: THE COSMIC ASSEMBLY NEAR-INFRARED DEEP EXTRAGALACTIC LEGACY SURVEY,gamma_ray_bursts_and_supernovae,Astronomy and Astrophysics,60903922,60903922,0,,W2155705849,10.1088/0067-0049/197/2/35,2172,298,openalex_v3_anchor_citer,0,,strict,"Galaxies: Formation, Evolution, Phenomena",60903922,"Galaxies: Formation, Evolution, Phenomena","Galaxies: Formation, Evolution, Phenomena",0,2025
https://openalex.org/W1958232190,2003,Modified gravity with negative and positive powers of curvature: Unification of inflation and cosmic acceleration,gamma_ray_bursts_and_supernovae,Astronomy and Astrophysics,60904838,60904838,0,,W1958232190,10.1103/physrevd.68.123512,2171,16,openalex_v3_anchor_citer,0,,strict,Cosmology and Gravitation Theories,60904838,Cosmology and Gravitation Theories,Cosmology and Gravitation Theories,0,2025
https://openalex.org/W2088668851,2003,How Massive Single Stars End Their Life,gamma_ray_bursts_and_supernovae,Astronomy and Astrophysics,63203493,63203493,0,,W2088668851,10.1086/375341,2164,95,openalex_v3_query_core,0,,strict,Gamma-ray bursts and supernovae,63203493,Gamma-ray bursts and supernovae,Gamma-ray bursts and supernovae,0,2025
https://openalex.org/W2157791991,2012,Binary Interaction Dominates the Evolution of Massive Stars,gamma_ray_bursts_and_supernovae,Astronomy and Astrophysics,63203493,63203493,0,,W2157791991,10.1126/science.1223344,2099,85,openalex_v3_query_core,0,,strict,Gamma-ray bursts and supernovae,63203493,Gamma-ray bursts and supernovae,Gamma-ray bursts and supernovae,0,2025
https://openalex.org/W2158454843,2011,"CANDELS: THE COSMIC ASSEMBLY NEAR-INFRARED DEEP EXTRAGALACTIC LEGACY SURVEY—THE <i>HUBBLE SPACE TELESCOPE</i> OBSERVATIONS, IMAGING DATA PRODUCTS, AND MOSAICS",gamma_ray_bursts_and_supernovae,Astronomy and Astrophysics,60903922,60903922,0,,W2158454843,10.1088/0067-0049/197/2/36,2067,117,openalex_v3_anchor_citer,0,,strict,"Galaxies: Formation, Evolution, Phenomena",60903922,"Galaxies: Formation, Evolution, Phenomena","Galaxies: Formation, Evolution, Phenomena",0,2025
https://openalex.org/W2767058944,2018,"Modules for Experiments in Stellar Astrophysics ( ): Convective Boundaries, Element Diffusion, and Massive Star Explosions",gamma_ray_bursts_and_supernovae,Astronomy and Astrophysics,60904056,60904056,0,,W2767058944,10.3847/1538-4365/aaa5a8,2045,318,openalex_v3_query_core,0,,strict,"Stellar, planetary, and galactic studies",60904056,"Stellar, planetary, and galactic studies","Stellar, planetary, and galactic studies",0,2025
https://openalex.org/W2905450617,2018,"The Zwicky Transient Facility: System Overview, Performance, and First Results",gamma_ray_bursts_and_supernovae,Aerospace Engineering,63204021,63204021,0,,W2905450617,10.1088/1538-3873/aaecbe,2033,118,openalex_v3_query_core,0,,strict,Particle accelerators and beam dynamics,63204021,Particle accelerators and beam dynamics,Particle accelerators and beam dynamics,0,2025
https://openalex.org/W2108313227,2002,"Generalized Chaplygin gas, accelerated expansion, and dark-energy-matter unification",gamma_ray_bursts_and_supernovae,Astronomy and Astrophysics,60904838,60904838,0,,W2108313227,10.1103/physrevd.66.043507,2014,46,openalex_v3_anchor_citer,0,,strict,Cosmology and Gravitation Theories,60904838,Cosmology and Gravitation Theories,Cosmology and Gravitation Theories,0,2025
https://openalex.org/W2120923477,1999,Quasi-Normal Modes of Stars and Black Holes,gamma_ray_bursts_and_supernovae,Astronomy and Astrophysics,60973087,60973087,0,,W2120923477,10.12942/lrr-1999-2,1999,203,openalex_v3_query_core,0,,strict,Pulsars and Gravitational Waves Research,60973087,Pulsars and Gravitational Waves Research,Pulsars and Gravitational Waves Research,0,2025
https://openalex.org/W1929623410,2002,Hierarchical galaxy formation,gamma_ray_bursts_and_supernovae,Astronomy and Astrophysics,60903922,60903922,0,,W1929623410,10.1046/j.1365-8711.2000.03879.x,1948,187,openalex_v3_anchor_citer,0,,strict,"Galaxies: Formation, Evolution, Phenomena",60903922,"Galaxies: Formation, Evolution, Phenomena","Galaxies: Formation, Evolution, Phenomena",0,2025
https://openalex.org/W2073163146,2014,Improved cosmological constraints from a joint analysis of the SDSS-II and SNLS supernova samples,gamma_ray_bursts_and_supernovae,Astronomy and Astrophysics,63203493,63203493,0,,W2073163146,10.1051/0004-6361/201423413,1926,212,openalex_v3_anchor_citer,0,,strict,Gamma-ray bursts and supernovae,63203493,Gamma-ray bursts and supernovae,Gamma-ray bursts and supernovae,0,2025
https://openalex.org/W1913860194,1998,An unusual supernova in the error box of the γ-ray burst of 25 April 1998,gamma_ray_bursts_and_supernovae,Astronomy and Astrophysics,63203493,63203493,0,,W1913860194,10.1038/27150,1919,26,openalex_v3_query_core,0,,strict,Gamma-ray bursts and supernovae,63203493,Gamma-ray bursts and supernovae,Gamma-ray bursts and supernovae,0,2025
https://openalex.org/W2102197207,2008,Dark Energy and the Accelerating Universe,gamma_ray_bursts_and_supernovae,Astronomy and Astrophysics,60904838,60904838,0,,W2102197207,10.1146/annurev.astro.46.060407.145243,1918,210,openalex_v3_anchor_citer,0,,strict,Cosmology and Gravitation Theories,60904838,Cosmology and Gravitation Theories,Cosmology and Gravitation Theories,0,2025
https://openalex.org/W2160168896,2009,Galileon as a local modification of gravity,gamma_ray_bursts_and_supernovae,Astronomy and Astrophysics,60904838,60904838,0,,W2160168896,10.1103/physrevd.79.064036,1880,40,openalex_v3_anchor_citer,0,,strict,Cosmology and Gravitation Theories,60904838,Cosmology and Gravitation Theories,Cosmology and Gravitation Theories,0,2025
https://openalex.org/W1981945064,2004,A model of holographic dark energy,gamma_ray_bursts_and_supernovae,Astronomy and Astrophysics,60904838,60904838,0,,W1981945064,10.1016/j.physletb.2004.10.014,1875,7,openalex_v3_anchor_citer,0,,strict,Cosmology and Gravitation Theories,60904838,Cosmology and Gravitation Theories,Cosmology and Gravitation Theories,0,2025
https://openalex.org/W3135850969,2021,In the realm of the Hubble tension—a review of solutions <sup>*</sup>,gamma_ray_bursts_and_supernovae,Astronomy and Astrophysics,60904838,60904838,0,,W3135850969,10.1088/1361-6382/ac086d,1874,950,openalex_v3_anchor_citer,0,,strict,Cosmology and Gravitation Theories,60904838,Cosmology and Gravitation Theories,Cosmology and Gravitation Theories,0,2025
https://openalex.org/W3098371892,2002,Cosmological Constant - the Weight of the Vacuum,gamma_ray_bursts_and_supernovae,Astronomy and Astrophysics,60904838,60904838,0,,W3098371892,,1872,236,openalex_v3_anchor_citer,0,,strict,Cosmology and Gravitation Theories,60904838,Cosmology and Gravitation Theories,Cosmology and Gravitation Theories,0,2025
https://openalex.org/W2156305595,2014,The clustering of galaxies in the SDSS-III Baryon Oscillation Spectroscopic Survey: baryon acoustic oscillations in the Data Releases 10 and 11 Galaxy samples,gamma_ray_bursts_and_supernovae,Astronomy and Astrophysics,60903922,60903922,0,,W2156305595,10.1093/mnras/stu523,1862,196,openalex_v3_anchor_citer,0,,strict,"Galaxies: Formation, Evolution, Phenomena",60903922,"Galaxies: Formation, Evolution, Phenomena","Galaxies: Formation, Evolution, Phenomena",0,2025
https://openalex.org/W2142923903,2006,"A Unified, Merger‐driven Model of the Origin of Starbursts, Quasars, the Cosmic X‐Ray Background, Supermassive Black Holes, and Galaxy Spheroids",gamma_ray_bursts_and_supernovae,Astronomy and Astrophysics,60903922,60903922,0,,W2142923903,10.1086/499298,1861,293,openalex_v3_anchor_citer,0,,strict,"Galaxies: Formation, Evolution, Phenomena",60903922,"Galaxies: Formation, Evolution, Phenomena","Galaxies: Formation, Evolution, Phenomena",0,2025
https://openalex.org/W3037508136,2000,Coupled quintessence,gamma_ray_bursts_and_supernovae,Astronomy and Astrophysics,60904838,60904838,0,,W3037508136,10.1103/physrevd.62.043511,1814,39,openalex_v3_anchor_citer,0,,strict,Cosmology and Gravitation Theories,60904838,Cosmology and Gravitation Theories,Cosmology and Gravitation Theories,0,2025
https://openalex.org/W2018829983,2005,The physics of gamma-ray bursts,gamma_ray_bursts_and_supernovae,Astronomy and Astrophysics,63203493,63203493,0,,W2018829983,10.1103/revmodphys.76.1143,1813,502,openalex_v3_query_core,0,,strict,Gamma-ray bursts and supernovae,63203493,Gamma-ray bursts and supernovae,Gamma-ray bursts and supernovae,0,2025
https://openalex.org/W1660416739,2002,The Reuven Ramaty High-Energy Solar Spectroscopic Imager (RHESSI),gamma_ray_bursts_and_supernovae,Astronomy and Astrophysics,60938632,60938632,0,,W1660416739,10.1023/a:1022428818870,1800,13,openalex_v3_query_core,0,,strict,Solar and Space Plasma Dynamics,60938632,Solar and Space Plasma Dynamics,Solar and Space Plasma Dynamics,0,2025
https://openalex.org/W2170967203,2015,The clustering of the SDSS DR7 main Galaxy sample – I. A 4 per cent distance measure at z = 0.15,gamma_ray_bursts_and_supernovae,Astronomy and Astrophysics,60903922,60903922,0,,W2170967203,10.1093/mnras/stv154,1796,82,openalex_v3_anchor_citer,0,,strict,"Galaxies: Formation, Evolution, Phenomena",60903922,"Galaxies: Formation, Evolution, Phenomena","Galaxies: Formation, Evolution, Phenomena",0,2025
https://openalex.org/W2099827831,2007,New<i>Hubble Space Telescope</i>Discoveries of Type Ia Supernovae at<i>z</i>≥ 1: Narrowing Constraints on the Early Behavior of Dark Energy,gamma_ray_bursts_and_supernovae,Astronomy and Astrophysics,63203493,63203493,0,,W2099827831,10.1086/510378,1756,118,openalex_v3_anchor_citer,0,,strict,Gamma-ray bursts and supernovae,63203493,Gamma-ray bursts and supernovae,Gamma-ray bursts and supernovae,0,2025
https://openalex.org/W2137473859,2006,The Supernova–Gamma-Ray Burst Connection,gamma_ray_bursts_and_supernovae,Astronomy and Astrophysics,63203493,63203493,0,,W2137473859,10.1146/annurev.astro.43.072103.150558,1755,395,openalex_v3_query_core,0,,strict,Gamma-ray bursts and supernovae,63203493,Gamma-ray bursts and supernovae,Gamma-ray bursts and supernovae,0,2025
https://openalex.org/W2156856858,2003,Cosmological Results from High‐<i>z</i>Supernovae,gamma_ray_bursts_and_supernovae,Astronomy and Astrophysics,63203493,63203493,0,,W2156856858,10.1086/376865,1738,108,openalex_v3_anchor_citer,0,,strict,Gamma-ray bursts and supernovae,63203493,Gamma-ray bursts and supernovae,Gamma-ray bursts and supernovae,0,2025
https://openalex.org/W2136696603,2009,FIVE-YEAR<i>WILKINSON MICROWAVE ANISOTROPY PROBE</i>OBSERVATIONS: LIKELIHOODS AND PARAMETERS FROM THE<i>WMAP</i>DATA,gamma_ray_bursts_and_supernovae,Astronomy and Astrophysics,60904838,60904838,0,,W2136696603,10.1088/0067-0049/180/2/306,1720,369,openalex_v3_anchor_citer,0,,strict,Cosmology and Gravitation Theories,60904838,Cosmology and Gravitation Theories,Cosmology and Gravitation Theories,0,2025
https://openalex.org/W2116312019,2012,THE<i>HUBBLE SPACE TELESCOPE</i>CLUSTER SUPERNOVA SURVEY. V. IMPROVING THE DARK-ENERGY CONSTRAINTS ABOVE<i>z</i>&gt; 1 AND BUILDING AN EARLY-TYPE-HOSTED SUPERNOVA SAMPLE,gamma_ray_bursts_and_supernovae,Astronomy and Astrophysics,63203493,63203493,0,,W2116312019,10.1088/0004-637x/746/1/85,1704,146,openalex_v3_anchor_citer,0,,strict,Gamma-ray bursts and supernovae,63203493,Gamma-ray bursts and supernovae,Gamma-ray bursts and supernovae,0,2025
https://openalex.org/W4292508300,2011,Grids of stellar models with rotation,gamma_ray_bursts_and_supernovae,Astronomy and Astrophysics,60904056,60904056,0,,W4292508300,10.1051/0004-6361/201117751,1685,104,openalex_v3_query_core,0,,strict,"Stellar, planetary, and galactic studies",60904056,"Stellar, planetary, and galactic studies","Stellar, planetary, and galactic studies",0,2025
https://openalex.org/W2062750063,2002,The holographic principle,gamma_ray_bursts_and_supernovae,Nuclear and High Energy Physics,60903921,60903921,0,,W2062750063,10.1103/revmodphys.74.825,1678,203,openalex_v3_anchor_citer,0,,strict,Black Holes and Theoretical Physics,60903921,Black Holes and Theoretical Physics,Black Holes and Theoretical Physics,0,2025
https://openalex.org/W4307082099,2023,GWTC-3: Compact Binary Coalescences Observed by LIGO and Virgo during the Second Part of the Third Observing Run,gamma_ray_bursts_and_supernovae,Astronomy and Astrophysics,60973087,60973087,0,,W4307082099,10.1103/physrevx.13.041039,1666,732,openalex_v3_query_core,0,,strict,Pulsars and Gravitational Waves Research,60973087,Pulsars and Gravitational Waves Research,Pulsars and Gravitational Waves Research,0,2025
https://openalex.org/W3099471130,2006,"The many lives of active galactic nuclei: Cooling flows, black holes and the luminosities and colours of galaxies",gamma_ray_bursts_and_supernovae,Astronomy and Astrophysics,60903922,60903922,0,,W3099471130,10.25916/sut.26253068.v1,1650,114,openalex_v3_anchor_citer,0,,strict,"Galaxies: Formation, Evolution, Phenomena",60903922,"Galaxies: Formation, Evolution, Phenomena","Galaxies: Formation, Evolution, Phenomena",0,2025
https://openalex.org/W3098899650,2019,<i>Planck</i>2018 results,gamma_ray_bursts_and_supernovae,Astronomy and Astrophysics,60904838,60904838,0,,W3098899650,10.1051/0004-6361/201833880,1650,514,openalex_v3_anchor_citer,0,,strict,Cosmology and Gravitation Theories,60904838,Cosmology and Gravitation Theories,Cosmology and Gravitation Theories,0,2025
https://openalex.org/W3037060671,2004,Chameleon cosmology,gamma_ray_bursts_and_supernovae,Astronomy and Astrophysics,60904838,60904838,0,,W3037060671,10.1103/physrevd.69.044026,1630,42,openalex_v3_anchor_citer,0,,strict,Cosmology and Gravitation Theories,60904838,Cosmology and Gravitation Theories,Cosmology and Gravitation Theories,0,2025
https://openalex.org/W2593224863,2017,"Sloan Digital Sky Survey IV: Mapping the Milky Way, Nearby Galaxies, and the Distant Universe",gamma_ray_bursts_and_supernovae,Astronomy and Astrophysics,60903922,60903922,0,,W2593224863,10.3847/1538-3881/aa7567,1609,319,openalex_v3_anchor_citer,0,,strict,"Galaxies: Formation, Evolution, Phenomena",60903922,"Galaxies: Formation, Evolution, Phenomena","Galaxies: Formation, Evolution, Phenomena",0,2025
https://openalex.org/W3102763870,2000,A Flat Universe from High-Resolution Maps of the Cosmic Microwave Background \nRadiation,gamma_ray_bursts_and_supernovae,Astronomy and Astrophysics,60904838,60904838,0,,W3102763870,,1600,44,openalex_v3_anchor_citer,0,,strict,Cosmology and Gravitation Theories,60904838,Cosmology and Gravitation Theories,Cosmology and Gravitation Theories,0,2025
https://openalex.org/W2135497511,2008,"Improved Cosmological Constraints from New, Old, and Combined Supernova Data Sets",gamma_ray_bursts_and_supernovae,Astronomy and Astrophysics,63203493,63203493,0,,W2135497511,10.1086/589937,1558,99,openalex_v3_anchor_citer,0,,strict,Gamma-ray bursts and supernovae,63203493,Gamma-ray bursts and supernovae,Gamma-ray bursts and supernovae,0,2025
https://openalex.org/W2762585259,2018,Search for new physics with atoms and molecules,gamma_ray_bursts_and_supernovae,Nuclear and High Energy Physics,63152924,63152924,0,,W2762585259,10.1103/revmodphys.90.025008,1551,1244,openalex_v3_anchor_citer,0,,strict,Dark Matter and Cosmic Phenomena,63152924,Dark Matter and Cosmic Phenomena,Dark Matter and Cosmic Phenomena,0,2025
https://openalex.org/W2023875957,1999,Cosmological tracking solutions,gamma_ray_bursts_and_supernovae,Astronomy and Astrophysics,60904838,60904838,0,,W2023875957,10.1103/physrevd.59.123504,1544,25,openalex_v3_anchor_citer,0,,strict,Cosmology and Gravitation Theories,60904838,Cosmology and Gravitation Theories,Cosmology and Gravitation Theories,0,2025
https://openalex.org/W2146293885,1998,The High‐Z Supernova Search: Measuring Cosmic Deceleration and Global Curvature of the Universe Using Type Ia Supernovae,gamma_ray_bursts_and_supernovae,Astronomy and Astrophysics,63203493,63203493,0,,W2146293885,10.1086/306308,1516,111,openalex_v3_query_core,0,,strict,Gamma-ray bursts and supernovae,63203493,Gamma-ray bursts and supernovae,Gamma-ray bursts and supernovae,0,2025
https://openalex.org/W2138721573,2011,A 3% SOLUTION: DETERMINATION OF THE HUBBLE CONSTANT WITH THE<i>HUBBLE SPACE TELESCOPE</i>AND WIDE FIELD CAMERA 3,gamma_ray_bursts_and_supernovae,Astronomy and Astrophysics,60904838,60904838,0,,W2138721573,10.1088/0004-637x/730/2/119,1491,92,openalex_v3_anchor_citer,0,,strict,Cosmology and Gravitation Theories,60904838,Cosmology and Gravitation Theories,Cosmology and Gravitation Theories,0,2025
https://openalex.org/W2002221447,2003,Statefinder—A new geometrical diagnostic of dark energy,gamma_ray_bursts_and_supernovae,Astronomy and Astrophysics,60904838,60904838,0,,W2002221447,10.1134/1.1574831,1475,31,openalex_v3_anchor_citer,0,,strict,Cosmology and Gravitation Theories,60904838,Cosmology and Gravitation Theories,Cosmology and Gravitation Theories,0,2025
https://openalex.org/W1773986234,2003,"New Constraints on Ω<sub><i>M</i></sub>, Ω<sub>Λ</sub>, and<i>w</i>from an Independent Set of 11 High‐Redshift Supernovae Observed with the<i>Hubble Space Telescope</i>",gamma_ray_bursts_and_supernovae,Astronomy and Astrophysics,63203493,63203493,0,,W1773986234,10.1086/378560,1439,90,openalex_v3_anchor_citer,0,,strict,Gamma-ray bursts and supernovae,63203493,Gamma-ray bursts and supernovae,Gamma-ray bursts and supernovae,0,2025
https://openalex.org/W2149441316,2000,Kinetically driven quintessence,gamma_ray_bursts_and_supernovae,Astronomy and Astrophysics,60904838,60904838,0,,W2149441316,10.1103/physrevd.62.023511,1436,30,openalex_v3_anchor_citer,0,,strict,Cosmology and Gravitation Theories,60904838,Cosmology and Gravitation Theories,Cosmology and Gravitation Theories,0,2025
https://openalex.org/W1987861871,1999,Nucleosynthesis in Chandrasekhar Mass Models for Type Ia Supernovae and Constraints on Progenitor Systems and Burning‐Front Propagation,gamma_ray_bursts_and_supernovae,Astronomy and Astrophysics,63203493,63203493,0,,W1987861871,10.1086/313278,1422,116,openalex_v3_anchor_citer,0,,strict,Gamma-ray bursts and supernovae,63203493,Gamma-ray bursts and supernovae,Gamma-ray bursts and supernovae,0,2025
https://openalex.org/W2110352019,2010,Dark Matter Candidates from Particle Physics and Methods of Detection,gamma_ray_bursts_and_supernovae,Nuclear and High Energy Physics,63152924,63152924,0,,W2110352019,10.1146/annurev-astro-082708-101659,1408,308,openalex_v3_anchor_citer,0,,strict,Dark Matter and Cosmic Phenomena,63152924,Dark Matter and Cosmic Phenomena,Dark Matter and Cosmic Phenomena,0,2025
https://openalex.org/W4302773822,2017,Multi-messenger Observations of a Binary Neutron Star Merger,gamma_ray_bursts_and_supernovae,Astronomy and Astrophysics,63203493,63203493,0,,W4302773822,10.13016/m2dmyl-ejkq,1398,178,openalex_v3_query_core,0,,strict,Gamma-ray bursts and supernovae,63203493,Gamma-ray bursts and supernovae,Gamma-ray bursts and supernovae,0,2025
https://openalex.org/W2036439761,2013,Observational probes of cosmic acceleration,gamma_ray_bursts_and_supernovae,Astronomy and Astrophysics,60904838,60904838,0,,W2036439761,10.1016/j.physrep.2013.05.001,1396,1311,openalex_v3_anchor_citer,0,,strict,Cosmology and Gravitation Theories,60904838,Cosmology and Gravitation Theories,Cosmology and Gravitation Theories,0,2025
https://openalex.org/W2152043060,2001,In the beginning: the first sources of light and the reionization of the universe,gamma_ray_bursts_and_supernovae,Astronomy and Astrophysics,63203493,63203493,0,,W2152043060,10.1016/s0370-1573(01)00019-9,1373,502,openalex_v3_anchor_citer,0,,strict,Gamma-ray bursts and supernovae,63203493,Gamma-ray bursts and supernovae,Gamma-ray bursts and supernovae,0,2025
https://openalex.org/W3043102132,2021,Completed SDSS-IV extended Baryon Oscillation Spectroscopic Survey: Cosmological implications from two decades of spectroscopic surveys at the Apache Point Observatory,gamma_ray_bursts_and_supernovae,Astronomy and Astrophysics,60903922,60903922,0,,W3043102132,10.1103/physrevd.103.083533,1362,339,openalex_v3_anchor_citer,0,,strict,"Galaxies: Formation, Evolution, Phenomena",60903922,"Galaxies: Formation, Evolution, Phenomena","Galaxies: Formation, Evolution, Phenomena",0,2025
https://openalex.org/W2596716325,2010,SPECTRA AND<i>HUBBLE SPACE TELESCOPE</i>LIGHT CURVES OF SIX TYPE Ia SUPERNOVAE AT 0.511 &lt;<i>z</i>&lt; 1.12 AND THE UNION2 COMPILATION,gamma_ray_bursts_and_supernovae,Astronomy and Astrophysics,63203493,63203493,0,,W2596716325,10.1088/0004-637x/716/1/712,1349,133,openalex_v3_anchor_citer,0,,strict,Gamma-ray bursts and supernovae,63203493,Gamma-ray bursts and supernovae,Gamma-ray bursts and supernovae,0,2025
https://openalex.org/W3102136416,2010,Extended Theories of Gravity,gamma_ray_bursts_and_supernovae,Astronomy and Astrophysics,60904838,60904838,0,,W3102136416,10.5281/zenodo.15042260,1329,468,openalex_v3_anchor_citer,0,,strict,Cosmology and Gravitation Theories,60904838,Cosmology and Gravitation Theories,Cosmology and Gravitation Theories,0,2025
https://openalex.org/W2215104173,2016,"Masses, Radii, and the Equation of State of Neutron Stars",gamma_ray_bursts_and_supernovae,Astronomy and Astrophysics,60973087,60973087,0,,W2215104173,10.1146/annurev-astro-081915-023322,1298,229,openalex_v3_query_core,0,,strict,Pulsars and Gravitational Waves Research,60973087,Pulsars and Gravitational Waves Research,Pulsars and Gravitational Waves Research,0,2025
https://openalex.org/W2016515266,2008,Recent progress and new challenges in isospin physics with heavy-ion reactions,gamma_ray_bursts_and_supernovae,Nuclear and High Energy Physics,60904836,60904836,0,,W2016515266,10.1016/j.physrep.2008.04.005,1296,529,openalex_v3_anchor_citer,0,,strict,Nuclear physics research studies,60904836,Nuclear physics research studies,Nuclear physics research studies,0,2025
https://openalex.org/W1970820225,2004,Dark energy constraints from the cosmic age and supernova,gamma_ray_bursts_and_supernovae,Astronomy and Astrophysics,60904838,60904838,0,,W1970820225,10.1016/j.physletb.2004.12.071,1290,51,openalex_v3_anchor_citer,0,,strict,Cosmology and Gravitation Theories,60904838,Cosmology and Gravitation Theories,Cosmology and Gravitation Theories,0,2025
https://openalex.org/W2744012041,2018,Dark Energy Survey year 1 results: Cosmological constraints from galaxy clustering and weak lensing,gamma_ray_bursts_and_supernovae,Astronomy and Astrophysics,60903922,60903922,0,,W2744012041,10.1103/physrevd.98.043526,1239,171,openalex_v3_anchor_citer,0,,strict,"Galaxies: Formation, Evolution, Phenomena",60903922,"Galaxies: Formation, Evolution, Phenomena","Galaxies: Formation, Evolution, Phenomena",0,2025
https://openalex.org/W2899552690,2018,CIGALE: a python Code Investigating GALaxy Emission,gamma_ray_bursts_and_supernovae,Astronomy and Astrophysics,60903922,60903922,0,,W2899552690,10.1051/0004-6361/201834156,1230,149,openalex_v3_query_core,0,,strict,"Galaxies: Formation, Evolution, Phenomena",60903922,"Galaxies: Formation, Evolution, Phenomena","Galaxies: Formation, Evolution, Phenomena",0,2025
https://openalex.org/W2127461201,2000,Type Ia Supernova Explosion Models,gamma_ray_bursts_and_supernovae,Astronomy and Astrophysics,63203493,63203493,0,,W2127461201,10.1146/annurev.astro.38.1.191,1228,287,openalex_v3_anchor_citer,0,,strict,Gamma-ray bursts and supernovae,63203493,Gamma-ray bursts and supernovae,Gamma-ray bursts and supernovae,0,2025
https://openalex.org/W2003271886,2003,Spectroscopic Discovery of the Supernova 2003dh Associated with GRB 030329,gamma_ray_bursts_and_supernovae,Astronomy and Astrophysics,63203493,63203493,0,,W2003271886,10.1086/376976,1226,31,openalex_v3_query_core,0,,strict,Gamma-ray bursts and supernovae,63203493,Gamma-ray bursts and supernovae,Gamma-ray bursts and supernovae,0,2025
https://openalex.org/W4233629529,2013,Las Cumbres Observatory Global Telescope Network,gamma_ray_bursts_and_supernovae,Astronomy and Astrophysics,63203493,63203493,0,,W4233629529,10.1086/673168,1224,32,openalex_v3_query_core,0,,strict,Gamma-ray bursts and supernovae,63203493,Gamma-ray bursts and supernovae,Gamma-ray bursts and supernovae,0,2025
https://openalex.org/W2016598507,2010,The Galactic Center massive black hole and nuclear star cluster,gamma_ray_bursts_and_supernovae,Astronomy and Astrophysics,61024309,61024309,0,,W2016598507,10.1103/revmodphys.82.3121,1220,714,openalex_v3_query_core,0,,strict,Astrophysical Phenomena and Observations,61024309,Astrophysical Phenomena and Observations,Astrophysical Phenomena and Observations,0,2025
https://openalex.org/W4282961335,2022,The Pantheon+ Analysis: Cosmological Constraints,gamma_ray_bursts_and_supernovae,Astronomy and Astrophysics,63203493,63203493,0,,W4282961335,10.3847/1538-4357/ac8e04,1215,159,openalex_v3_anchor_citer,0,,strict,Gamma-ray bursts and supernovae,63203493,Gamma-ray bursts and supernovae,Gamma-ray bursts and supernovae,0,2025
https://openalex.org/W2142520301,2009,LIGO: the Laser Interferometer Gravitational-Wave Observatory,gamma_ray_bursts_and_supernovae,Astronomy and Astrophysics,60973087,60973087,0,,W2142520301,10.1088/0034-4885/72/7/076901,1210,117,openalex_v3_query_core,0,,strict,Pulsars and Gravitational Waves Research,60973087,Pulsars and Gravitational Waves Research,Pulsars and Gravitational Waves Research,0,2025
https://openalex.org/W2766227262,2017,A gravitational-wave standard siren measurement of the Hubble constant,gamma_ray_bursts_and_supernovae,Astronomy and Astrophysics,60973087,60973087,0,,W2766227262,10.1038/nature24471,1207,65,openalex_v3_query_core,0,,strict,Pulsars and Gravitational Waves Research,60973087,Pulsars and Gravitational Waves Research,Pulsars and Gravitational Waves Research,0,2025
https://openalex.org/W2403089519,2018,History of dark matter,gamma_ray_bursts_and_supernovae,Nuclear and High Energy Physics,63152924,63152924,0,,W2403089519,10.1103/revmodphys.90.045002,1201,338,openalex_v3_anchor_citer,0,,strict,Dark Matter and Cosmic Phenomena,63152924,Dark Matter and Cosmic Phenomena,Dark Matter and Cosmic Phenomena,0,2025
https://openalex.org/W2141936689,2009,Dark torsion as the cosmic speed-up,gamma_ray_bursts_and_supernovae,Astronomy and Astrophysics,60904838,60904838,0,,W2141936689,10.1103/physrevd.79.124019,1196,50,openalex_v3_anchor_citer,0,,strict,Cosmology and Gravitation Theories,60904838,Cosmology and Gravitation Theories,Cosmology and Gravitation Theories,0,2025
https://openalex.org/W2060566384,1999,The Cosmic Triangle: Revealing the State of the Universe,gamma_ray_bursts_and_supernovae,Astronomy and Astrophysics,60904838,60904838,0,,W2060566384,10.1126/science.284.5419.1481,1190,90,openalex_v3_anchor_citer,0,,strict,Cosmology and Gravitation Theories,60904838,Cosmology and Gravitation Theories,Cosmology and Gravitation Theories,0,2025
https://openalex.org/W1997008272,2011,"X-shooter, the new wide band intermediate resolution spectrograph at the ESO Very Large Telescope",gamma_ray_bursts_and_supernovae,Instrumentation,65554423,65554423,0,,W1997008272,10.1051/0004-6361/201117752,1188,24,openalex_v3_query_core,0,,strict,Astronomy and Astrophysical Research,65554423,Astronomy and Astrophysical Research,Astronomy and Astrophysical Research,0,2025
https://openalex.org/W2034231122,2014,Beyond the cosmological standard model,gamma_ray_bursts_and_supernovae,Astronomy and Astrophysics,60904838,60904838,0,,W2034231122,10.1016/j.physrep.2014.12.002,1184,1645,openalex_v3_anchor_citer,0,,strict,Cosmology and Gravitation Theories,60904838,Cosmology and Gravitation Theories,Cosmology and Gravitation Theories,0,2025
https://openalex.org/W2766140821,2017,Origin of the heavy elements in binary neutron-star mergers from a gravitational-wave event,gamma_ray_bursts_and_supernovae,Astronomy and Astrophysics,63203493,63203493,0,,W2766140821,10.1038/nature24453,1182,93,openalex_v3_query_core,0,,strict,Gamma-ray bursts and supernovae,63203493,Gamma-ray bursts and supernovae,Gamma-ray bursts and supernovae,0,2025
https://openalex.org/W4225610241,2022,"Cosmology intertwined: A review of the particle physics, astrophysics, and cosmology associated with the cosmological tensions and anomalies",gamma_ray_bursts_and_supernovae,Astronomy and Astrophysics,60904838,60904838,0,,W4225610241,10.1016/j.jheap.2022.04.002,1177,1990,openalex_v3_anchor_citer,0,,strict,Cosmology and Gravitation Theories,60904838,Cosmology and Gravitation Theories,Cosmology and Gravitation Theories,0,2025
https://openalex.org/W2785375817,2018,ATLAS: A High-cadence All-sky Survey System,gamma_ray_bursts_and_supernovae,Astronomy and Astrophysics,63203493,63203493,0,,W2785375817,10.1088/1538-3873/aabadf,1172,79,openalex_v3_query_core,0,,strict,Gamma-ray bursts and supernovae,63203493,Gamma-ray bursts and supernovae,Gamma-ray bursts and supernovae,0,2025
https://openalex.org/W2754075545,2018,"Prospects for observing and localizing gravitational-wave transients with Advanced LIGO, Advanced Virgo and KAGRA",gamma_ray_bursts_and_supernovae,Astronomy and Astrophysics,60973087,60973087,0,,W2754075545,10.1007/s41114-018-0012-9,1166,471,openalex_v3_query_core,0,,strict,Pulsars and Gravitational Waves Research,60973087,Pulsars and Gravitational Waves Research,Pulsars and Gravitational Waves Research,0,2025
https://openalex.org/W2423333910,2016,Binary Black Hole Mergers in the First Advanced LIGO Observing Run,gamma_ray_bursts_and_supernovae,Astronomy and Astrophysics,60973087,60973087,0,,W2423333910,10.1103/physrevx.6.041015,1164,190,openalex_v3_query_core,0,,strict,Pulsars and Gravitational Waves Research,60973087,Pulsars and Gravitational Waves Research,Pulsars and Gravitational Waves Research,0,2025
https://openalex.org/W2765337227,2017,"Swope Supernova Survey 2017a (SSS17a), the optical counterpart to a gravitational wave source",gamma_ray_bursts_and_supernovae,Astronomy and Astrophysics,63203493,63203493,0,,W2765337227,10.1126/science.aap9811,1161,44,openalex_v3_query_core,0,,strict,Gamma-ray bursts and supernovae,63203493,Gamma-ray bursts and supernovae,Gamma-ray bursts and supernovae,0,2025
https://openalex.org/W2168770294,2001,Beaming in Gamma-Ray Bursts: Evidence for a Standard Energy Reservoir,gamma_ray_bursts_and_supernovae,Astronomy and Astrophysics,63203493,63203493,0,,W2168770294,10.1086/338119,1157,76,openalex_v3_query_core,0,,strict,Gamma-ray bursts and supernovae,63203493,Gamma-ray bursts and supernovae,Gamma-ray bursts and supernovae,0,2025
https://openalex.org/W2083217178,2009,"The Palomar Transient Factory: System Overview, Performance, and First Results",gamma_ray_bursts_and_supernovae,Astronomy and Astrophysics,63203493,63203493,0,,W2083217178,10.1086/648598,1154,7,openalex_v3_anchor_citer,0,,strict,Gamma-ray bursts and supernovae,63203493,Gamma-ray bursts and supernovae,Gamma-ray bursts and supernovae,0,2025
https://openalex.org/W2031042483,1998,Are Gamma-Ray Bursts in Star-Forming Regions?,gamma_ray_bursts_and_supernovae,Astronomy and Astrophysics,63203493,63203493,0,,W2031042483,10.1086/311148,1148,46,openalex_v3_query_core,0,,strict,Gamma-ray bursts and supernovae,63203493,Gamma-ray bursts and supernovae,Gamma-ray bursts and supernovae,0,2025
https://openalex.org/W2029744870,2010,Cosmic chronometers: constraining the equation of state of dark energy. I: H(z) measurements,gamma_ray_bursts_and_supernovae,Astronomy and Astrophysics,60903922,60903922,0,,W2029744870,10.1088/1475-7516/2010/02/008,1145,81,openalex_v3_anchor_citer,0,,strict,"Galaxies: Formation, Evolution, Phenomena",60903922,"Galaxies: Formation, Evolution, Phenomena","Galaxies: Formation, Evolution, Phenomena",0,2025
https://openalex.org/W2993016707,2020,Science case for the Einstein telescope,gamma_ray_bursts_and_supernovae,Astronomy and Astrophysics,60973087,60973087,0,,W2993016707,10.1088/1475-7516/2020/03/050,1142,227,openalex_v3_anchor_citer,0,,strict,Pulsars and Gravitational Waves Research,60973087,Pulsars and Gravitational Waves Research,Pulsars and Gravitational Waves Research,0,2025
https://openalex.org/W1532239545,2003,The fundamental constants and their variation: observational and theoretical status,gamma_ray_bursts_and_supernovae,Astronomy and Astrophysics,60904838,60904838,0,,W1532239545,10.1103/revmodphys.75.403,1139,362,openalex_v3_anchor_citer,0,,strict,Cosmology and Gravitation Theories,60904838,Cosmology and Gravitation Theories,Cosmology and Gravitation Theories,0,2025
https://openalex.org/W2144180734,2011,The ATLAS3D project - I. A volume-limited sample of 260 nearby early-type galaxies: science goals and selection criteria,gamma_ray_bursts_and_supernovae,Astronomy and Astrophysics,60903922,60903922,0,,W2144180734,10.1111/j.1365-2966.2010.18174.x,1133,129,openalex_v3_anchor_citer,0,,strict,"Galaxies: Formation, Evolution, Phenomena",60903922,"Galaxies: Formation, Evolution, Phenomena","Galaxies: Formation, Evolution, Phenomena",0,2025
https://openalex.org/W2845504537,2018,Multimessenger observations of a flaring blazar coincident with high-energy neutrino IceCube-170922A,gamma_ray_bursts_and_supernovae,Nuclear and High Energy Physics,61041081,61041081,0,,W2845504537,10.1126/science.aat1378,1133,79,openalex_v3_query_core,0,,strict,Astrophysics and Cosmic Phenomena,61041081,Astrophysics and Cosmic Phenomena,Astrophysics and Cosmic Phenomena,0,2025
https://openalex.org/W3165898284,2022,Dark Energy Survey Year 3 results: Cosmological constraints from galaxy clustering and weak lensing,gamma_ray_bursts_and_supernovae,Astronomy and Astrophysics,60903922,60903922,0,,W3165898284,10.1103/physrevd.105.023520,1124,242,openalex_v3_anchor_citer,0,,strict,"Galaxies: Formation, Evolution, Phenomena",60903922,"Galaxies: Formation, Evolution, Phenomena","Galaxies: Formation, Evolution, Phenomena",0,2025
https://openalex.org/W2043065568,2005,A new calibration of stellar parameters of Galactic O stars,gamma_ray_bursts_and_supernovae,Astronomy and Astrophysics,60904056,60904056,0,,W2043065568,10.1051/0004-6361:20042386,1122,36,openalex_v3_query_core,0,,strict,"Stellar, planetary, and galactic studies",60904056,"Stellar, planetary, and galactic studies","Stellar, planetary, and galactic studies",0,2025
https://openalex.org/W2055257339,2012,Theoretical aspects of massive gravity,gamma_ray_bursts_and_supernovae,Astronomy and Astrophysics,60904838,60904838,0,,W2055257339,10.1103/revmodphys.84.671,1118,331,openalex_v3_anchor_citer,0,,strict,Cosmology and Gravitation Theories,60904838,Cosmology and Gravitation Theories,Cosmology and Gravitation Theories,0,2025
https://openalex.org/W2155833624,2014,Short-Duration Gamma-Ray Bursts,gamma_ray_bursts_and_supernovae,Astronomy and Astrophysics,63203493,63203493,0,,W2155833624,10.1146/annurev-astro-081913-035926,1082,325,openalex_v3_query_core,0,,strict,Gamma-ray bursts and supernovae,63203493,Gamma-ray bursts and supernovae,Gamma-ray bursts and supernovae,0,2025
https://openalex.org/W2122910569,2003,Virial shocks in galactic haloes?,gamma_ray_bursts_and_supernovae,Astronomy and Astrophysics,60903922,60903922,0,,W2122910569,10.1046/j.1365-8711.2003.06955.x,1065,23,openalex_v3_query_core,0,,strict,"Galaxies: Formation, Evolution, Phenomena",60903922,"Galaxies: Formation, Evolution, Phenomena","Galaxies: Formation, Evolution, Phenomena",0,2025
https://openalex.org/W2899782607,2019,Bilby: A User-friendly Bayesian Inference Library forGravitational-wave Astronomy,gamma_ray_bursts_and_supernovae,Astronomy and Astrophysics,60973087,60973087,0,,W2899782607,10.3847/1538-4365/ab06fc,1060,74,openalex_v3_query_core,0,,strict,Pulsars and Gravitational Waves Research,60973087,Pulsars and Gravitational Waves Research,Pulsars and Gravitational Waves Research,0,2025
https://openalex.org/W1979503956,2009,The 6dF Galaxy Survey: final redshift release (DR3) and southern large-scale structures,gamma_ray_bursts_and_supernovae,Astronomy and Astrophysics,60903922,60903922,0,,W1979503956,10.1111/j.1365-2966.2009.15338.x,1059,97,openalex_v3_anchor_citer,0,,strict,"Galaxies: Formation, Evolution, Phenomena",60903922,"Galaxies: Formation, Evolution, Phenomena","Galaxies: Formation, Evolution, Phenomena",0,2025
https://openalex.org/W2749229678,2014,Transiting Exoplanet Survey Satellite (TESS),gamma_ray_bursts_and_supernovae,Astronomy and Astrophysics,60904056,60904056,0,,W2749229678,10.1117/12.2063489,1049,52,openalex_v3_query_core,0,,strict,"Stellar, planetary, and galactic studies",60904056,"Stellar, planetary, and galactic studies","Stellar, planetary, and galactic studies",0,2025
https://openalex.org/W2015121291,2000,Non-conventional cosmology from a brane universe,gamma_ray_bursts_and_supernovae,Nuclear and High Energy Physics,60903921,60903921,0,,W2015121291,10.1016/s0550-3213(99)00696-3,1043,20,openalex_v3_anchor_citer,0,,strict,Black Holes and Theoretical Physics,60903921,Black Holes and Theoretical Physics,Black Holes and Theoretical Physics,0,2025
https://openalex.org/W2235685666,2016,A 6% measurement of the Hubble parameter at z∼0.45: direct evidence of the epoch of cosmic re-acceleration,gamma_ray_bursts_and_supernovae,Astronomy and Astrophysics,60904838,60904838,0,,W2235685666,10.1088/1475-7516/2016/05/014,1031,79,openalex_v3_anchor_citer,0,,strict,Cosmology and Gravitation Theories,60904838,Cosmology and Gravitation Theories,Cosmology and Gravitation Theories,0,2025
https://openalex.org/W2107110738,2013,Common envelope evolution: where we stand and how we can move forward,gamma_ray_bursts_and_supernovae,Astronomy and Astrophysics,63203493,63203493,0,,W2107110738,10.1007/s00159-013-0059-2,1020,290,openalex_v3_query_core,0,,strict,Gamma-ray bursts and supernovae,63203493,Gamma-ray bursts and supernovae,Gamma-ray bursts and supernovae,0,2025
https://openalex.org/W3100187076,2020,Science case for the Einstein telescope,gamma_ray_bursts_and_supernovae,Astronomy and Astrophysics,60973087,60973087,0,,W3100187076,,1018,291,openalex_v3_anchor_citer,0,,strict,Pulsars and Gravitational Waves Research,60973087,Pulsars and Gravitational Waves Research,Pulsars and Gravitational Waves Research,0,2025
https://openalex.org/W2975828310,2020,"Prospects for observing and localizing gravitational-wave transients with Advanced LIGO, Advanced Virgo and KAGRA",gamma_ray_bursts_and_supernovae,Astronomy and Astrophysics,60973087,60973087,0,,W2975828310,10.5167/uzh-191285,1015,368,openalex_v3_query_core,0,,strict,Pulsars and Gravitational Waves Research,60973087,Pulsars and Gravitational Waves Research,Pulsars and Gravitational Waves Research,0,2025
https://openalex.org/W1939864003,2011,The WiggleZ Dark Energy Survey: mapping the distance-redshift relation with baryon acoustic oscillations,gamma_ray_bursts_and_supernovae,Astronomy and Astrophysics,60904838,60904838,0,,W1939864003,10.1111/j.1365-2966.2011.19592.x,1007,122,openalex_v3_anchor_citer,0,,strict,Cosmology and Gravitation Theories,60904838,Cosmology and Gravitation Theories,Cosmology and Gravitation Theories,0,2025
https://openalex.org/W1979642537,2002,Accelerated universe from gravity leaking to extra dimensions,gamma_ray_bursts_and_supernovae,Astronomy and Astrophysics,60904838,60904838,0,,W1979642537,10.1103/physrevd.65.044023,1006,30,openalex_v3_anchor_citer,0,,strict,Cosmology and Gravitation Theories,60904838,Cosmology and Gravitation Theories,Cosmology and Gravitation Theories,0,2025
https://openalex.org/W2011426435,2015,Raising the bar: new constraints on the Hubble parameter with cosmic chronometers at <i>z</i> ∼ 2,gamma_ray_bursts_and_supernovae,Astronomy and Astrophysics,60903922,60903922,0,,W2011426435,10.1093/mnrasl/slv037,996,45,openalex_v3_anchor_citer,0,,strict,"Galaxies: Formation, Evolution, Phenomena",60903922,"Galaxies: Formation, Evolution, Phenomena","Galaxies: Formation, Evolution, Phenomena",0,2025
https://openalex.org/W3098975407,2005,"A Unified, Merger-Driven Model for the Origin of Starbursts, Quasars, the Cosmic X-Ray Background, Supermassive Black Holes and Galaxy Spheroids",gamma_ray_bursts_and_supernovae,Astronomy and Astrophysics,60903922,60903922,0,,W3098975407,,993,293,openalex_v3_anchor_citer,0,,strict,"Galaxies: Formation, Evolution, Phenomena",60903922,"Galaxies: Formation, Evolution, Phenomena","Galaxies: Formation, Evolution, Phenomena",0,2025
https://openalex.org/W2765476133,2017,"The Electromagnetic Counterpart of the Binary Neutron Star Merger LIGO/Virgo GW170817. II. UV, Optical, and Near-infrared Light Curves and Comparison to Kilonova Models",gamma_ray_bursts_and_supernovae,Astronomy and Astrophysics,60973087,60973087,0,,W2765476133,10.3847/2041-8213/aa8fc7,993,83,openalex_v3_query_core,0,,strict,Pulsars and Gravitational Waves Research,60973087,Pulsars and Gravitational Waves Research,Pulsars and Gravitational Waves Research,0,2025
https://openalex.org/W2081437719,2002,Dynamo action by differential rotation in a stably stratified stellar interior,gamma_ray_bursts_and_supernovae,Astronomy and Astrophysics,60938632,60938632,0,,W2081437719,10.1051/0004-6361:20011465,985,25,openalex_v3_query_core,0,,strict,Solar and Space Plasma Dynamics,60938632,Solar and Space Plasma Dynamics,Solar and Space Plasma Dynamics,0,2025
https://openalex.org/W2765333366,2017,Spectroscopic identification of r-process nucleosynthesis in a double neutron-star merger,gamma_ray_bursts_and_supernovae,Astronomy and Astrophysics,63203493,63203493,0,,W2765333366,10.1038/nature24298,983,109,openalex_v3_query_core,0,,strict,Gamma-ray bursts and supernovae,63203493,Gamma-ray bursts and supernovae,Gamma-ray bursts and supernovae,0,2025
https://openalex.org/W2102660738,2007,Tests of the Gravitational Inverse-Square Law below the Dark-Energy Length Scale,gamma_ray_bursts_and_supernovae,Astronomy and Astrophysics,60904838,60904838,0,,W2102660738,10.1103/physrevlett.98.021101,982,15,openalex_v3_anchor_citer,0,,strict,Cosmology and Gravitation Theories,60904838,Cosmology and Gravitation Theories,Cosmology and Gravitation Theories,0,2025
https://openalex.org/W2144755172,2007,Physical Properties of Wolf-Rayet Stars,gamma_ray_bursts_and_supernovae,Astronomy and Astrophysics,60973222,60973222,0,,W2144755172,10.1146/annurev.astro.45.051806.110615,978,166,openalex_v3_query_core,0,,strict,Astrophysics and Star Formation Studies,60973222,Astrophysics and Star Formation Studies,Astrophysics and Star Formation Studies,0,2025
https://openalex.org/W2076533122,2002,Constraining Cosmological Parameters Based on Relative Galaxy Ages,gamma_ray_bursts_and_supernovae,Astronomy and Astrophysics,60904838,60904838,0,,W2076533122,10.1086/340549,971,28,openalex_v3_anchor_citer,0,,strict,Cosmology and Gravitation Theories,60904838,Cosmology and Gravitation Theories,Cosmology and Gravitation Theories,0,2025
https://openalex.org/W2112310381,2001,The farthest known supernova: Support for an accelerating universe and a glimpse of the \nepoch of deceleration,gamma_ray_bursts_and_supernovae,Astronomy and Astrophysics,63203493,63203493,0,,W2112310381,,962,105,openalex_v3_anchor_citer,0,,strict,Gamma-ray bursts and supernovae,63203493,Gamma-ray bursts and supernovae,Gamma-ray bursts and supernovae,0,2025
https://openalex.org/W2025279898,2002,Unification of dark matter and dark energy: the inhomogeneous Chaplygin gas,gamma_ray_bursts_and_supernovae,Astronomy and Astrophysics,60904838,60904838,0,,W2025279898,10.1016/s0370-2693(02)01716-1,961,30,openalex_v3_anchor_citer,0,,strict,Cosmology and Gravitation Theories,60904838,Cosmology and Gravitation Theories,Cosmology and Gravitation Theories,0,2025
https://openalex.org/W2140288612,2012,Presupernova Evolution of Massive Single and Binary Stars,gamma_ray_bursts_and_supernovae,Astronomy and Astrophysics,63203493,63203493,0,,W2140288612,10.1146/annurev-astro-081811-125534,954,484,openalex_v3_query_core,0,,strict,Gamma-ray bursts and supernovae,63203493,Gamma-ray bursts and supernovae,Gamma-ray bursts and supernovae,0,2025
https://openalex.org/W2042561599,2013,A model for cosmological simulations of galaxy formation physics,gamma_ray_bursts_and_supernovae,Astronomy and Astrophysics,60903922,60903922,0,,W2042561599,10.1093/mnras/stt1789,954,294,openalex_v3_anchor_citer,0,,strict,"Galaxies: Formation, Evolution, Phenomena",60903922,"Galaxies: Formation, Evolution, Phenomena","Galaxies: Formation, Evolution, Phenomena",0,2025
https://openalex.org/W2121634014,2001,Possibility of Direct Measurement of the Acceleration of the Universe Using 0.1 Hz Band Laser Interferometer Gravitational Wave Antenna in Space,gamma_ray_bursts_and_supernovae,Astronomy and Astrophysics,60973087,60973087,0,,W2121634014,10.1103/physrevlett.87.221103,953,24,openalex_v3_anchor_citer,0,,strict,Pulsars and Gravitational Waves Research,60973087,Pulsars and Gravitational Waves Research,Pulsars and Gravitational Waves Research,0,2025
https://openalex.org/W2097140550,2002,Cosmology with the Sunyaev-Zel’dovich Effect,gamma_ray_bursts_and_supernovae,Astronomy and Astrophysics,60903922,60903922,0,,W2097140550,10.1146/annurev.astro.40.060401.093803,953,148,openalex_v3_anchor_citer,0,,strict,"Galaxies: Formation, Evolution, Phenomena",60903922,"Galaxies: Formation, Evolution, Phenomena","Galaxies: Formation, Evolution, Phenomena",0,2025
https://openalex.org/W2026027513,2003,Quantum de Sitter cosmology and phantom matter,gamma_ray_bursts_and_supernovae,Astronomy and Astrophysics,60904838,60904838,0,,W2026027513,10.1016/s0370-2693(03)00594-x,948,36,openalex_v3_anchor_citer,0,,strict,Cosmology and Gravitation Theories,60904838,Cosmology and Gravitation Theories,Cosmology and Gravitation Theories,0,2025
https://openalex.org/W4394029306,2025,DESI 2024 VI: cosmological constraints from the measurements of baryon acoustic oscillations,gamma_ray_bursts_and_supernovae,Astronomy and Astrophysics,60904838,60904838,0,,W4394029306,10.1088/1475-7516/2025/02/021,946,272,openalex_v3_anchor_citer,0,,strict,Cosmology and Gravitation Theories,60904838,Cosmology and Gravitation Theories,Cosmology and Gravitation Theories,0,2025
https://openalex.org/W1995594498,2006,The Progenitor Stars of Gamma‐Ray Bursts,gamma_ray_bursts_and_supernovae,Astronomy and Astrophysics,63203493,63203493,0,,W1995594498,10.1086/498500,941,73,openalex_v3_query_core,0,,strict,Gamma-ray bursts and supernovae,63203493,Gamma-ray bursts and supernovae,Gamma-ray bursts and supernovae,0,2025
https://openalex.org/W2101149392,2012,Improved constraints on the expansion rate of the Universe up to z ∼ 1.1 from the spectroscopic evolution of cosmic chronometers,gamma_ray_bursts_and_supernovae,Astronomy and Astrophysics,60903922,60903922,0,,W2101149392,10.1088/1475-7516/2012/08/006,933,92,openalex_v3_anchor_citer,0,,strict,"Galaxies: Formation, Evolution, Phenomena",60903922,"Galaxies: Formation, Evolution, Phenomena","Galaxies: Formation, Evolution, Phenomena",0,2025
https://openalex.org/W2121428919,2014,Observational Clues to the Progenitors of Type Ia Supernovae,gamma_ray_bursts_and_supernovae,Astronomy and Astrophysics,63203493,63203493,0,,W2121428919,10.1146/annurev-astro-082812-141031,930,514,openalex_v3_anchor_citer,0,,strict,Gamma-ray bursts and supernovae,63203493,Gamma-ray bursts and supernovae,Gamma-ray bursts and supernovae,0,2025
https://openalex.org/W1963276504,2012,The WiggleZ Dark Energy Survey: joint measurements of the expansion and growth history at<i>z</i>&lt; 1,gamma_ray_bursts_and_supernovae,Astronomy and Astrophysics,60903922,60903922,0,,W1963276504,10.1111/j.1365-2966.2012.21473.x,924,42,openalex_v3_anchor_citer,0,,strict,"Galaxies: Formation, Evolution, Phenomena",60903922,"Galaxies: Formation, Evolution, Phenomena","Galaxies: Formation, Evolution, Phenomena",0,2025
https://openalex.org/W2057351095,2007,Observational Constraints on the Nature of Dark Energy: First Cosmological Results from the ESSENCE Supernova Survey,gamma_ray_bursts_and_supernovae,Astronomy and Astrophysics,63203493,63203493,0,,W2057351095,10.1086/518642,921,159,openalex_v3_anchor_citer,0,,strict,Gamma-ray bursts and supernovae,63203493,Gamma-ray bursts and supernovae,Gamma-ray bursts and supernovae,0,2025
https://openalex.org/W2130916877,2011,Design concepts for the Cherenkov Telescope Array CTA: an advanced facility for ground-based high-energy gamma-ray astronomy,gamma_ray_bursts_and_supernovae,Nuclear and High Energy Physics,61041081,61041081,0,,W2130916877,10.1007/s10686-011-9247-0,921,130,openalex_v3_query_core,0,,strict,Astrophysics and Cosmic Phenomena,61041081,Astrophysics and Cosmic Phenomena,Astrophysics and Cosmic Phenomena,0,2025
https://openalex.org/W4292328865,2017,Magnetars,gamma_ray_bursts_and_supernovae,Astronomy and Astrophysics,60973087,60973087,0,,W4292328865,10.1146/annurev-astro-081915-023329,920,300,openalex_v3_query_core,0,,strict,Pulsars and Gravitational Waves Research,60973087,Pulsars and Gravitational Waves Research,Pulsars and Gravitational Waves Research,0,2025
https://openalex.org/W2289905436,2016,A repeating fast radio burst,gamma_ray_bursts_and_supernovae,Astronomy and Astrophysics,60973087,60973087,0,,W2289905436,10.1038/nature17168,915,44,openalex_v3_query_core,0,,strict,Pulsars and Gravitational Waves Research,60973087,Pulsars and Gravitational Waves Research,Pulsars and Gravitational Waves Research,0,2025
https://openalex.org/W2082637753,2000,Non-baryonic dark matter: observational evidence and detection methods,gamma_ray_bursts_and_supernovae,Nuclear and High Energy Physics,63152924,63152924,0,,W2082637753,10.1088/0034-4885/63/5/2r3,907,221,openalex_v3_anchor_citer,0,,strict,Dark Matter and Cosmic Phenomena,63152924,Dark Matter and Cosmic Phenomena,Dark Matter and Cosmic Phenomena,0,2025
https://openalex.org/W2167435391,2009,IMPROVED DARK ENERGY CONSTRAINTS FROM ∼100 NEW CfA SUPERNOVA TYPE Ia LIGHT CURVES,gamma_ray_bursts_and_supernovae,Astronomy and Astrophysics,63203493,63203493,0,,W2167435391,10.1088/0004-637x/700/2/1097,905,69,openalex_v3_anchor_citer,0,,strict,Gamma-ray bursts and supernovae,63203493,Gamma-ray bursts and supernovae,Gamma-ray bursts and supernovae,0,2025
https://openalex.org/W4237064514,2012,The clustering of galaxies in the SDSS-III Baryon Oscillation Spectroscopic Survey: baryon acoustic oscillations in the Data Release 9 spectroscopic galaxy sample,gamma_ray_bursts_and_supernovae,Astronomy and Astrophysics,60903922,60903922,0,,W4237064514,10.1111/j.1365-2966.2012.22066.x,904,112,openalex_v3_anchor_citer,0,,strict,"Galaxies: Formation, Evolution, Phenomena",60903922,"Galaxies: Formation, Evolution, Phenomena","Galaxies: Formation, Evolution, Phenomena",0,2025
https://openalex.org/W2082065985,2014,HyperLEDA. III. The catalogue of extragalactic distances,gamma_ray_bursts_and_supernovae,Astronomy and Astrophysics,60903922,60903922,0,,W2082065985,10.1051/0004-6361/201423496,903,96,openalex_v3_anchor_citer,0,,strict,"Galaxies: Formation, Evolution, Phenomena",60903922,"Galaxies: Formation, Evolution, Phenomena","Galaxies: Formation, Evolution, Phenomena",0,2025
https://openalex.org/W1983233159,2012,Everything you always wanted to know about the cosmological constant problem (but were afraid to ask),gamma_ray_bursts_and_supernovae,Astronomy and Astrophysics,60904838,60904838,0,,W1983233159,10.1016/j.crhy.2012.04.008,902,182,openalex_v3_anchor_citer,0,,strict,Cosmology and Gravitation Theories,60904838,Cosmology and Gravitation Theories,Cosmology and Gravitation Theories,0,2025
https://openalex.org/W2159874741,2003,Exploring the expanding Universe and dark energy using the statefinder diagnostic,gamma_ray_bursts_and_supernovae,Astronomy and Astrophysics,60904838,60904838,0,,W2159874741,10.1046/j.1365-8711.2003.06871.x,900,56,openalex_v3_anchor_citer,0,,strict,Cosmology and Gravitation Theories,60904838,Cosmology and Gravitation Theories,Cosmology and Gravitation Theories,0,2025
https://openalex.org/W1968717374,2002,Measurement of the Casimir Force between Parallel Metallic Surfaces,gamma_ray_bursts_and_supernovae,"Atomic and Molecular Physics, and Optics",65434420,65434420,0,,W1968717374,10.1103/physrevlett.88.041804,897,21,openalex_v3_anchor_citer,0,,strict,Quantum Electrodynamics and Casimir Effect,65434420,Quantum Electrodynamics and Casimir Effect,Quantum Electrodynamics and Casimir Effect,0,2025
https://openalex.org/W1969221502,2010,SUPERNOVA CONSTRAINTS AND SYSTEMATIC UNCERTAINTIES FROM THE FIRST THREE YEARS OF THE SUPERNOVA LEGACY SURVEY,gamma_ray_bursts_and_supernovae,Astronomy and Astrophysics,63203493,63203493,0,,W1969221502,10.1088/0067-0049/192/1/1,895,130,openalex_v3_anchor_citer,0,,strict,Gamma-ray bursts and supernovae,63203493,Gamma-ray bursts and supernovae,Gamma-ray bursts and supernovae,0,2025
https://openalex.org/W2159692634,2002,The pre-big bang scenario in string cosmology,gamma_ray_bursts_and_supernovae,Astronomy and Astrophysics,60904838,60904838,0,,W2159692634,10.1016/s0370-1573(02)00389-7,894,662,openalex_v3_anchor_citer,0,,strict,Cosmology and Gravitation Theories,60904838,Cosmology and Gravitation Theories,Cosmology and Gravitation Theories,0,2025
https://openalex.org/W2104466725,2010,Thermodynamical aspects of gravity: new insights,gamma_ray_bursts_and_supernovae,Nuclear and High Energy Physics,60903921,60903921,0,,W2104466725,10.1088/0034-4885/73/4/046901,883,177,openalex_v3_anchor_citer,0,,strict,Black Holes and Theoretical Physics,60903921,Black Holes and Theoretical Physics,Black Holes and Theoretical Physics,0,2025
https://openalex.org/W4226083230,2023,Population of Merging Compact Binaries Inferred Using Gravitational Waves through GWTC-3,gamma_ray_bursts_and_supernovae,Astronomy and Astrophysics,60973087,60973087,0,,W4226083230,10.1103/physrevx.13.011048,881,478,openalex_v3_query_core,0,,strict,Pulsars and Gravitational Waves Research,60973087,Pulsars and Gravitational Waves Research,Pulsars and Gravitational Waves Research,0,2025
https://openalex.org/W1989487932,2007,Extended theories of gravity and their cosmological and astrophysical applications,gamma_ray_bursts_and_supernovae,Astronomy and Astrophysics,60904838,60904838,0,,W1989487932,10.1007/s10714-007-0551-y,880,212,openalex_v3_anchor_citer,0,,strict,Cosmology and Gravitation Theories,60904838,Cosmology and Gravitation Theories,Cosmology and Gravitation Theories,0,2025
https://openalex.org/W2763877873,2017,The X-ray counterpart to the gravitational-wave event GW170817,gamma_ray_bursts_and_supernovae,Astronomy and Astrophysics,63203493,63203493,0,,W2763877873,10.1038/nature24290,878,110,openalex_v3_query_core,0,,strict,Gamma-ray bursts and supernovae,63203493,Gamma-ray bursts and supernovae,Gamma-ray bursts and supernovae,0,2025
https://openalex.org/W2033083595,2009,"Physics, Astrophysics and Cosmology with Gravitational Waves",gamma_ray_bursts_and_supernovae,Astronomy and Astrophysics,60973087,60973087,0,,W2033083595,10.12942/lrr-2009-2,876,355,openalex_v3_anchor_citer,0,,strict,Pulsars and Gravitational Waves Research,60973087,Pulsars and Gravitational Waves Research,Pulsars and Gravitational Waves Research,0,2025
https://openalex.org/W2071937107,2001,Cosmology on a brane in Minkowski bulk,gamma_ray_bursts_and_supernovae,Astronomy and Astrophysics,60904838,60904838,0,,W2071937107,10.1016/s0370-2693(01)00160-5,874,35,openalex_v3_anchor_citer,0,,strict,Cosmology and Gravitation Theories,60904838,Cosmology and Gravitation Theories,Cosmology and Gravitation Theories,0,2025
https://openalex.org/W2765180549,2017,A kilonova as the electromagnetic counterpart to a gravitational-wave source,gamma_ray_bursts_and_supernovae,Astronomy and Astrophysics,63203493,63203493,0,,W2765180549,10.1038/nature24303,874,101,openalex_v3_query_core,0,,strict,Gamma-ray bursts and supernovae,63203493,Gamma-ray bursts and supernovae,Gamma-ray bursts and supernovae,0,2025
https://openalex.org/W4293228180,2011,Rotating massive main-sequence stars,gamma_ray_bursts_and_supernovae,Astronomy and Astrophysics,60904056,60904056,0,,W4293228180,10.1051/0004-6361/201016113,873,50,openalex_v3_query_core,0,,strict,"Stellar, planetary, and galactic studies",60904056,"Stellar, planetary, and galactic studies","Stellar, planetary, and galactic studies",0,2025
https://openalex.org/W3104026076,1999,Brane cosmological evolution in a bulk with cosmological constant,gamma_ray_bursts_and_supernovae,Nuclear and High Energy Physics,60903921,60903921,0,,W3104026076,,870,14,openalex_v3_anchor_citer,0,,strict,Black Holes and Theoretical Physics,60903921,Black Holes and Theoretical Physics,Black Holes and Theoretical Physics,0,2025
https://openalex.org/W2156404110,2000,Reconstruction of a Scalar-Tensor Theory of Gravity in an Accelerating Universe,gamma_ray_bursts_and_supernovae,Astronomy and Astrophysics,60904838,60904838,0,,W2156404110,10.1103/physrevlett.85.2236,863,25,openalex_v3_anchor_citer,0,,strict,Cosmology and Gravitation Theories,60904838,Cosmology and Gravitation Theories,Cosmology and Gravitation Theories,0,2025
https://openalex.org/W2015904699,2005,Tracing cosmic evolution with clusters of galaxies,gamma_ray_bursts_and_supernovae,Astronomy and Astrophysics,60903922,60903922,0,,W2015904699,10.1103/revmodphys.77.207,863,455,openalex_v3_anchor_citer,0,,strict,"Galaxies: Formation, Evolution, Phenomena",60903922,"Galaxies: Formation, Evolution, Phenomena","Galaxies: Formation, Evolution, Phenomena",0,2025
https://openalex.org/W1564894563,2012,Grids of stellar models with rotation : I. Models from 0.8 to 120 M⊙ at solar metallicity (Z = 0.014),gamma_ray_bursts_and_supernovae,Astronomy and Astrophysics,60904056,60904056,0,,W1564894563,,861,212,openalex_v3_query_core,0,,strict,"Stellar, planetary, and galactic studies",60904056,"Stellar, planetary, and galactic studies","Stellar, planetary, and galactic studies",0,2025
https://openalex.org/W1501370474,2012,THE CLUSTER LENSING AND SUPERNOVA SURVEY WITH HUBBLE: AN OVERVIEW,gamma_ray_bursts_and_supernovae,Astronomy and Astrophysics,60903922,60903922,0,,W1501370474,10.1088/0067-0049/199/2/25,860,266,openalex_v3_anchor_citer,0,,strict,"Galaxies: Formation, Evolution, Phenomena",60903922,"Galaxies: Formation, Evolution, Phenomena","Galaxies: Formation, Evolution, Phenomena",0,2025
https://openalex.org/W2161525754,2012,Modified Newtonian Dynamics (MOND): Observational Phenomenology and Relativistic Extensions,gamma_ray_bursts_and_supernovae,Astronomy and Astrophysics,60904838,60904838,0,,W2161525754,10.12942/lrr-2012-10,859,509,openalex_v3_anchor_citer,0,,strict,Cosmology and Gravitation Theories,60904838,Cosmology and Gravitation Theories,Cosmology and Gravitation Theories,0,2025
https://openalex.org/W2096418564,2010,Quintom cosmology: Theoretical implications and observations,gamma_ray_bursts_and_supernovae,Astronomy and Astrophysics,60904838,60904838,0,,W2096418564,10.1016/j.physrep.2010.04.001,858,399,openalex_v3_anchor_citer,0,,strict,Cosmology and Gravitation Theories,60904838,Cosmology and Gravitation Theories,Cosmology and Gravitation Theories,0,2025
https://openalex.org/W2056583201,2014,Four new observational<i>H</i>(<i>z</i>) data from luminous red galaxies in the Sloan Digital Sky Survey data release seven,gamma_ray_bursts_and_supernovae,Astronomy and Astrophysics,60903922,60903922,0,,W2056583201,10.1088/1674-4527/14/10/002,858,57,openalex_v3_anchor_citer,0,,strict,"Galaxies: Formation, Evolution, Phenomena",60903922,"Galaxies: Formation, Evolution, Phenomena","Galaxies: Formation, Evolution, Phenomena",0,2025
https://openalex.org/W2113740917,2006,A catalogue of quasars and active nuclei: 12th edition,gamma_ray_bursts_and_supernovae,Astronomy and Astrophysics,60903922,60903922,0,,W2113740917,10.1051/0004-6361:20065177,852,81,openalex_v3_anchor_citer,0,,strict,"Galaxies: Formation, Evolution, Phenomena",60903922,"Galaxies: Formation, Evolution, Phenomena","Galaxies: Formation, Evolution, Phenomena",0,2025
https://openalex.org/W3098728794,2016,https://openalex.org/W3098728794,gamma_ray_bursts_and_supernovae,Astronomy and Astrophysics,60903922,60903922,0,,W3098728794,,847,124,openalex_v3_anchor_citer,0,,strict,"Galaxies: Formation, Evolution, Phenomena",60903922,"Galaxies: Formation, Evolution, Phenomena","Galaxies: Formation, Evolution, Phenomena",0,2025
https://openalex.org/W3207945521,2011,Grids of stellar models with rotation - I. Models from 0.8 to 120 Msun at solar metallicity (Z = 0.014),gamma_ray_bursts_and_supernovae,Astronomy and Astrophysics,60904056,60904056,0,,W3207945521,10.48550/arxiv.1110.5049,843,0,openalex_v3_query_core,0,,strict,"Stellar, planetary, and galactic studies",60904056,"Stellar, planetary, and galactic studies","Stellar, planetary, and galactic studies",0,2025
https://openalex.org/W2036062947,2006,Long γ-ray bursts and core-collapse supernovae have different environments,gamma_ray_bursts_and_supernovae,Astronomy and Astrophysics,63203493,63203493,0,,W2036062947,10.1038/nature04787,839,66,openalex_v3_anchor_citer,0,,strict,Gamma-ray bursts and supernovae,63203493,Gamma-ray bursts and supernovae,Gamma-ray bursts and supernovae,0,2025
https://openalex.org/W2036269165,2003,Quintessence and black holes,gamma_ray_bursts_and_supernovae,Nuclear and High Energy Physics,60903921,60903921,0,,W2036269165,10.1088/0264-9381/20/6/310,838,21,openalex_v3_anchor_citer,0,,strict,Black Holes and Theoretical Physics,60903921,Black Holes and Theoretical Physics,Black Holes and Theoretical Physics,0,2025
https://openalex.org/W2791840091,2015,Advancing Astrophysics with the Square Kilometre Array,gamma_ray_bursts_and_supernovae,Instrumentation,65554423,65554423,0,,W2791840091,10.22323/1.215.0174,830,15,openalex_v3_query_core,0,,strict,Astronomy and Astrophysical Research,65554423,Astronomy and Astrophysical Research,Astronomy and Astrophysical Research,0,2025
https://openalex.org/W4306850861,2022,The Pantheon+ Analysis: The Full Data Set and Light-curve Release,gamma_ray_bursts_and_supernovae,Astronomy and Astrophysics,63203493,63203493,0,,W4306850861,10.3847/1538-4357/ac8b7a,828,92,openalex_v3_anchor_citer,0,,strict,Gamma-ray bursts and supernovae,63203493,Gamma-ray bursts and supernovae,Gamma-ray bursts and supernovae,0,2025
https://openalex.org/W2765302758,2017,Light curves of the neutron star merger GW170817/SSS17a: Implications for r-process nucleosynthesis,gamma_ray_bursts_and_supernovae,Astronomy and Astrophysics,63203493,63203493,0,,W2765302758,10.1126/science.aaq0049,827,91,openalex_v3_query_core,0,,strict,Gamma-ray bursts and supernovae,63203493,Gamma-ray bursts and supernovae,Gamma-ray bursts and supernovae,0,2025
https://openalex.org/W2911890654,2019,The Zwicky Transient Facility: Science Objectives,gamma_ray_bursts_and_supernovae,Astronomy and Astrophysics,63203493,63203493,0,,W2911890654,10.1088/1538-3873/ab006c,827,432,openalex_v3_anchor_citer,0,,strict,Gamma-ray bursts and supernovae,63203493,Gamma-ray bursts and supernovae,Gamma-ray bursts and supernovae,0,2025
https://openalex.org/W1984631803,2007,Improved Distances to Type Ia Supernovae with Multicolor Light‐Curve Shapes: MLCS2k2,gamma_ray_bursts_and_supernovae,Astronomy and Astrophysics,63203493,63203493,0,,W1984631803,10.1086/512054,826,132,openalex_v3_anchor_citer,0,,strict,Gamma-ray bursts and supernovae,63203493,Gamma-ray bursts and supernovae,Gamma-ray bursts and supernovae,0,2025
https://openalex.org/W4313545395,2023,Papers and patents are becoming less disruptive over time,gamma_ray_bursts_and_supernovae,"Statistics, Probability and Uncertainty",60920817,60920817,0,,W4313545395,10.1038/s41586-022-05543-x,823,72,openalex_v3_anchor_citer,0,,strict,scientometrics and bibliometrics research,60920817,scientometrics and bibliometrics research,scientometrics and bibliometrics research,0,2025
https://openalex.org/W2588745414,2017,The IceCube Neutrino Observatory: instrumentation and online systems,gamma_ray_bursts_and_supernovae,Nuclear and High Energy Physics,61041081,61041081,0,,W2588745414,10.1088/1748-0221/12/03/p03012,821,80,openalex_v3_query_core,0,,strict,Astrophysics and Cosmic Phenomena,61041081,Astrophysics and Cosmic Phenomena,Astrophysics and Cosmic Phenomena,0,2025
https://openalex.org/W2024349663,2002,A Measurement by BOOMERANG of Multiple Peaks in the Angular Power Spectrum of the Cosmic Microwave Background,gamma_ray_bursts_and_supernovae,Astronomy and Astrophysics,60904838,60904838,0,,W2024349663,10.1086/340118,815,32,openalex_v3_anchor_citer,0,,strict,Cosmology and Gravitation Theories,60904838,Cosmology and Gravitation Theories,Cosmology and Gravitation Theories,0,2025
https://openalex.org/W2095819531,2003,T<scp>ESTS OF THE</scp>G<scp>RAVITATIONAL</scp>I<scp>NVERSE</scp>-S<scp>QUARE</scp>L<scp>AW</scp>,gamma_ray_bursts_and_supernovae,Statistical and Nonlinear Physics,65434945,65434945,0,,W2095819531,10.1146/annurev.nucl.53.041002.110503,814,139,openalex_v3_anchor_citer,0,,strict,Statistical Mechanics and Entropy,65434945,Statistical Mechanics and Entropy,Statistical Mechanics and Entropy,0,2025
https://openalex.org/W2767057808,2017,Illuminating gravitational waves: A concordant picture of photons from a neutron star merger,gamma_ray_bursts_and_supernovae,Astronomy and Astrophysics,63203493,63203493,0,,W2767057808,10.1126/science.aap9455,813,134,openalex_v3_query_core,0,,strict,Gamma-ray bursts and supernovae,63203493,Gamma-ray bursts and supernovae,Gamma-ray bursts and supernovae,0,2025
https://openalex.org/W3037504478,2011,Dark Energy,gamma_ray_bursts_and_supernovae,Astronomy and Astrophysics,60904838,60904838,0,,W3037504478,10.1088/0253-6102/56/3/24,812,1202,openalex_v3_anchor_citer,0,,strict,Cosmology and Gravitation Theories,60904838,Cosmology and Gravitation Theories,Cosmology and Gravitation Theories,0,2025
https://openalex.org/W2071433262,2003,Probing Dark Energy with Baryonic Acoustic Oscillations from Future Large Galaxy Redshift Surveys,gamma_ray_bursts_and_supernovae,Astronomy and Astrophysics,60904838,60904838,0,,W2071433262,10.1086/379122,806,120,openalex_v3_anchor_citer,0,,strict,Cosmology and Gravitation Theories,60904838,Cosmology and Gravitation Theories,Cosmology and Gravitation Theories,0,2025
https://openalex.org/W2959471610,2019,The Carnegie-Chicago Hubble Program. VIII. An Independent Determination of the Hubble Constant Based on the Tip of the Red Giant Branch*,gamma_ray_bursts_and_supernovae,Astronomy and Astrophysics,63203493,63203493,0,,W2959471610,10.3847/1538-4357/ab2f73,806,204,openalex_v3_anchor_citer,0,,strict,Gamma-ray bursts and supernovae,63203493,Gamma-ray bursts and supernovae,Gamma-ray bursts and supernovae,0,2025
https://openalex.org/W4299569975,2013,Relativistic Hydrodynamics,gamma_ray_bursts_and_supernovae,Computational Mechanics,60921735,60921735,0,,W4299569975,10.1093/acprof:oso/9780198528906.001.0001,803,841,openalex_v3_anchor_citer,0,,strict,Computational Fluid Dynamics and Aerodynamics,60921735,Computational Fluid Dynamics and Aerodynamics,Computational Fluid Dynamics and Aerodynamics,0,2025
https://openalex.org/W2020743846,1999,The Reddening-Free Decline Rate Versus Luminosity Relationship for Type [CLC]Ia[/CLC] Supernovae,gamma_ray_bursts_and_supernovae,Astronomy and Astrophysics,63203493,63203493,0,,W2020743846,10.1086/301032,796,34,openalex_v3_anchor_citer,0,,strict,Gamma-ray bursts and supernovae,63203493,Gamma-ray bursts and supernovae,Gamma-ray bursts and supernovae,0,2025
https://openalex.org/W2106766431,2009,A REDETERMINATION OF THE HUBBLE CONSTANT WITH THE<i>HUBBLE SPACE TELESCOPE</i>FROM A DIFFERENTIAL DISTANCE LADDER,gamma_ray_bursts_and_supernovae,Astronomy and Astrophysics,63203493,63203493,0,,W2106766431,10.1088/0004-637x/699/1/539,796,82,openalex_v3_anchor_citer,0,,strict,Gamma-ray bursts and supernovae,63203493,Gamma-ray bursts and supernovae,Gamma-ray bursts and supernovae,0,2025
https://openalex.org/W3099071754,2016,Binary Black Hole Mergers in the first Advanced LIGO Observing Run,gamma_ray_bursts_and_supernovae,Astronomy and Astrophysics,60973087,60973087,0,,W3099071754,10.48550/arxiv.1606.04856,788,215,openalex_v3_query_core,0,,strict,Pulsars and Gravitational Waves Research,60973087,Pulsars and Gravitational Waves Research,Pulsars and Gravitational Waves Research,0,2025
https://openalex.org/W1982649138,2005,Using Gravitational‐Wave Standard Sirens,gamma_ray_bursts_and_supernovae,Astronomy and Astrophysics,60973087,60973087,0,,W1982649138,10.1086/431341,784,51,openalex_v3_anchor_citer,0,,strict,Pulsars and Gravitational Waves Research,60973087,Pulsars and Gravitational Waves Research,Pulsars and Gravitational Waves Research,0,2025
https://openalex.org/W1604181701,2006,The association of GRB 060218 with a supernova and the evolution of the shock wave,gamma_ray_bursts_and_supernovae,Astronomy and Astrophysics,63203493,63203493,0,,W1604181701,10.1038/nature04892,783,38,openalex_v3_query_core,0,,strict,Gamma-ray bursts and supernovae,63203493,Gamma-ray bursts and supernovae,Gamma-ray bursts and supernovae,0,2025
https://openalex.org/W2153646471,2001,The Cosmic Infrared Background: Measurements and Implications,gamma_ray_bursts_and_supernovae,Nuclear and High Energy Physics,61041081,61041081,0,,W2153646471,10.1146/annurev.astro.39.1.249,766,235,openalex_v3_anchor_citer,0,,strict,Astrophysics and Cosmic Phenomena,61041081,Astrophysics and Cosmic Phenomena,Astrophysics and Cosmic Phenomena,0,2025
https://openalex.org/W2984041077,2010,A catalogue of quasars and active nuclei: 13th edition,gamma_ray_bursts_and_supernovae,Astronomy and Astrophysics,60903922,60903922,0,,W2984041077,10.1051/0004-6361/201014188,762,89,openalex_v3_anchor_citer,0,,strict,"Galaxies: Formation, Evolution, Phenomena",60903922,"Galaxies: Formation, Evolution, Phenomena","Galaxies: Formation, Evolution, Phenomena",0,2025
https://openalex.org/W2047244984,2001,"Supernovae, Jets, and Collapsars",gamma_ray_bursts_and_supernovae,Astronomy and Astrophysics,63203493,63203493,0,,W2047244984,10.1086/319698,756,77,openalex_v3_query_core,0,,strict,Gamma-ray bursts and supernovae,63203493,Gamma-ray bursts and supernovae,Gamma-ray bursts and supernovae,0,2025
https://openalex.org/W2765595587,2017,The Emergence of a Lanthanide-rich Kilonova Following the Merger of Two Neutron Stars,gamma_ray_bursts_and_supernovae,Astronomy and Astrophysics,63203493,63203493,0,,W2765595587,10.3847/2041-8213/aa90b6,756,97,openalex_v3_query_core,0,,strict,Gamma-ray bursts and supernovae,63203493,Gamma-ray bursts and supernovae,Gamma-ray bursts and supernovae,0,2025
https://openalex.org/W2000909045,2009,Exploring the Optical Transient Sky with the Palomar Transient Factory,gamma_ray_bursts_and_supernovae,Astronomy and Astrophysics,63203493,63203493,0,,W2000909045,10.1086/605911,755,12,openalex_v3_query_core,0,,strict,Gamma-ray bursts and supernovae,63203493,Gamma-ray bursts and supernovae,Gamma-ray bursts and supernovae,0,2025
https://openalex.org/W1679908910,1999,[ITAL]BVRI[/ITAL] Light Curves for 22 Type I[CLC]a[/CLC] Supernovae,gamma_ray_bursts_and_supernovae,Astronomy and Astrophysics,63203493,63203493,0,,W1679908910,10.1086/300738,751,71,openalex_v3_anchor_citer,0,,strict,Gamma-ray bursts and supernovae,63203493,Gamma-ray bursts and supernovae,Gamma-ray bursts and supernovae,0,2025
https://openalex.org/W2012139916,2003,Can modified gravity explain accelerated cosmic expansion?,gamma_ray_bursts_and_supernovae,Astronomy and Astrophysics,60904838,60904838,0,,W2012139916,10.1016/j.physletb.2003.08.039,751,10,openalex_v3_anchor_citer,0,,strict,Cosmology and Gravitation Theories,60904838,Cosmology and Gravitation Theories,Cosmology and Gravitation Theories,0,2025
https://openalex.org/W2778488581,2018,From hadrons to quarks in neutron stars: a review,gamma_ray_bursts_and_supernovae,Astronomy and Astrophysics,60973087,60973087,0,,W2778488581,10.1088/1361-6633/aaae14,745,393,openalex_v3_query_core,0,,strict,Pulsars and Gravitational Waves Research,60973087,Pulsars and Gravitational Waves Research,Pulsars and Gravitational Waves Research,0,2025
https://openalex.org/W2057015950,2006,The large-scale structure of the Universe,gamma_ray_bursts_and_supernovae,Astronomy and Astrophysics,60903922,60903922,0,,W2057015950,10.1038/nature04805,742,135,openalex_v3_anchor_citer,0,,strict,"Galaxies: Formation, Evolution, Phenomena",60903922,"Galaxies: Formation, Evolution, Phenomena","Galaxies: Formation, Evolution, Phenomena",0,2025
https://openalex.org/W1819346083,2015,Cosmological implications of baryon acoustic oscillation measurements,gamma_ray_bursts_and_supernovae,Astronomy and Astrophysics,60904838,60904838,0,,W1819346083,10.1103/physrevd.92.123516,741,134,openalex_v3_anchor_citer,0,,strict,Cosmology and Gravitation Theories,60904838,Cosmology and Gravitation Theories,Cosmology and Gravitation Theories,0,2025
https://openalex.org/W2056648447,2003,Braneworld models of dark energy,gamma_ray_bursts_and_supernovae,Astronomy and Astrophysics,60904838,60904838,0,,W2056648447,10.1088/1475-7516/2003/11/014,738,73,openalex_v3_anchor_citer,0,,strict,Cosmology and Gravitation Theories,60904838,Cosmology and Gravitation Theories,Cosmology and Gravitation Theories,0,2025
https://openalex.org/W2021620550,2012,THE 2MASS REDSHIFT SURVEY—DESCRIPTION AND DATA RELEASE,gamma_ray_bursts_and_supernovae,Astronomy and Astrophysics,60903922,60903922,0,,W2021620550,10.1088/0067-0049/199/2/26,737,626,openalex_v3_anchor_citer,0,,strict,"Galaxies: Formation, Evolution, Phenomena",60903922,"Galaxies: Formation, Evolution, Phenomena","Galaxies: Formation, Evolution, Phenomena",0,2025
https://openalex.org/W2120589676,2011,PALATINI APPROACH TO MODIFIED GRAVITY: f(R) THEORIES AND BEYOND,gamma_ray_bursts_and_supernovae,Astronomy and Astrophysics,60904838,60904838,0,,W2120589676,10.1142/s0218271811018925,733,184,openalex_v3_anchor_citer,0,,strict,Cosmology and Gravitation Theories,60904838,Cosmology and Gravitation Theories,Cosmology and Gravitation Theories,0,2025
https://openalex.org/W2750834830,2017,"Rayleigh–Taylor and Richtmyer–Meshkov instability induced flow, turbulence, and mixing. I",gamma_ray_bursts_and_supernovae,Computational Mechanics,60955923,60955923,0,,W2750834830,10.1016/j.physrep.2017.07.005,732,1989,openalex_v3_anchor_citer,0,,strict,Fluid Dynamics and Turbulent Flows,60955923,Fluid Dynamics and Turbulent Flows,Fluid Dynamics and Turbulent Flows,0,2025
https://openalex.org/W2048443063,2006,RECONSTRUCTING DARK ENERGY,gamma_ray_bursts_and_supernovae,Astronomy and Astrophysics,60904838,60904838,0,,W2048443063,10.1142/s0218271806009704,727,104,openalex_v3_anchor_citer,0,,strict,Cosmology and Gravitation Theories,60904838,Cosmology and Gravitation Theories,Cosmology and Gravitation Theories,0,2025
https://openalex.org/W2123864481,2002,Cosmic Microwave Background Anisotropies,gamma_ray_bursts_and_supernovae,Astronomy and Astrophysics,60904838,60904838,0,,W2123864481,10.1146/annurev.astro.40.060401.093926,726,222,openalex_v3_anchor_citer,0,,strict,Cosmology and Gravitation Theories,60904838,Cosmology and Gravitation Theories,Cosmology and Gravitation Theories,0,2025
https://openalex.org/W2115399036,2002,Modified Newtonian Dynamics as an Alternative to Dark Matter,gamma_ray_bursts_and_supernovae,Astronomy and Astrophysics,60904838,60904838,0,,W2115399036,10.1146/annurev.astro.40.060401.093923,715,140,openalex_v3_anchor_citer,0,,strict,Cosmology and Gravitation Theories,60904838,Cosmology and Gravitation Theories,Cosmology and Gravitation Theories,0,2025
https://openalex.org/W2031368321,2002,Gravitational lensing by naked singularities,gamma_ray_bursts_and_supernovae,Astronomy and Astrophysics,60904838,60904838,0,,W2031368321,10.1103/physrevd.65.103004,712,14,openalex_v3_anchor_citer,0,,strict,Cosmology and Gravitation Theories,60904838,Cosmology and Gravitation Theories,Cosmology and Gravitation Theories,0,2025
https://openalex.org/W2092674054,2009,FIRST-YEAR SLOAN DIGITAL SKY SURVEY-II SUPERNOVA RESULTS: HUBBLE DIAGRAM AND COSMOLOGICAL PARAMETERS,gamma_ray_bursts_and_supernovae,Astronomy and Astrophysics,63203493,63203493,0,,W2092674054,10.1088/0067-0049/185/1/32,706,125,openalex_v3_anchor_citer,0,,strict,Gamma-ray bursts and supernovae,63203493,Gamma-ray bursts and supernovae,Gamma-ray bursts and supernovae,0,2025
https://openalex.org/W4292230281,2016,<i>Planck</i>2015 results,gamma_ray_bursts_and_supernovae,Astronomy and Astrophysics,60904838,60904838,0,,W4292230281,10.1051/0004-6361/201525814,703,255,openalex_v3_anchor_citer,0,,strict,Cosmology and Gravitation Theories,60904838,Cosmology and Gravitation Theories,Cosmology and Gravitation Theories,0,2025
https://openalex.org/W2571196594,2017,The Host Galaxy and Redshift of the Repeating Fast Radio Burst FRB 121102,gamma_ray_bursts_and_supernovae,Astronomy and Astrophysics,63203493,63203493,0,,W2571196594,10.3847/2041-8213/834/2/l7,702,106,openalex_v3_query_core,0,,strict,Gamma-ray bursts and supernovae,63203493,Gamma-ray bursts and supernovae,Gamma-ray bursts and supernovae,0,2025
https://openalex.org/W1965635970,2008,Laser Frequency Combs for Astronomical Observations,gamma_ray_bursts_and_supernovae,"Atomic and Molecular Physics, and Optics",61059159,61059159,0,,W1965635970,10.1126/science.1161030,693,32,openalex_v3_anchor_citer,0,,strict,Advanced Fiber Laser Technologies,61059159,Advanced Fiber Laser Technologies,Advanced Fiber Laser Technologies,0,2025
https://openalex.org/W2049983086,2008,Nuclear magic numbers: New features far from stability,gamma_ray_bursts_and_supernovae,Nuclear and High Energy Physics,60904836,60904836,0,,W2049983086,10.1016/j.ppnp.2008.05.001,690,175,openalex_v3_query_core,0,,strict,Nuclear physics research studies,60904836,Nuclear physics research studies,Nuclear physics research studies,0,2025
https://openalex.org/W2118470197,2008,Two new diagnostics of dark energy,gamma_ray_bursts_and_supernovae,Astronomy and Astrophysics,60904838,60904838,0,,W2118470197,10.1103/physrevd.78.103502,690,107,openalex_v3_anchor_citer,0,,strict,Cosmology and Gravitation Theories,60904838,Cosmology and Gravitation Theories,Cosmology and Gravitation Theories,0,2025
https://openalex.org/W2308926591,2016,Cosmological tests of modified gravity,gamma_ray_bursts_and_supernovae,Astronomy and Astrophysics,60904838,60904838,0,,W2308926591,10.1088/0034-4885/79/4/046902,687,458,openalex_v3_anchor_citer,0,,strict,Cosmology and Gravitation Theories,60904838,Cosmology and Gravitation Theories,Cosmology and Gravitation Theories,0,2025
https://openalex.org/W2081762205,2008,Physics of Neutron Star Crusts,gamma_ray_bursts_and_supernovae,Astronomy and Astrophysics,60955404,60955404,0,,W2081762205,10.12942/lrr-2008-10,686,548,openalex_v3_query_core,0,,strict,Astro and Planetary Science,60955404,Astro and Planetary Science,Astro and Planetary Science,0,2025
https://openalex.org/W2099847368,2004,The phantom menaced: Constraints on low-energy effective ghosts,gamma_ray_bursts_and_supernovae,Astronomy and Astrophysics,60904838,60904838,0,,W2099847368,10.1103/physrevd.70.043543,673,44,openalex_v3_anchor_citer,0,,strict,Cosmology and Gravitation Theories,60904838,Cosmology and Gravitation Theories,Cosmology and Gravitation Theories,0,2025
https://openalex.org/W2901112184,2019,De re metallica: the cosmic chemical evolution of galaxies,gamma_ray_bursts_and_supernovae,Astronomy and Astrophysics,60903922,60903922,0,,W2901112184,10.1007/s00159-018-0112-2,673,1446,openalex_v3_query_core,0,,strict,"Galaxies: Formation, Evolution, Phenomena",60903922,"Galaxies: Formation, Evolution, Phenomena","Galaxies: Formation, Evolution, Phenomena",0,2025
https://openalex.org/W2019103948,2008,A test of the nature of cosmic acceleration using galaxy redshift distortions,gamma_ray_bursts_and_supernovae,Astronomy and Astrophysics,60904838,60904838,0,,W2019103948,10.1038/nature06555,669,64,openalex_v3_anchor_citer,0,,strict,Cosmology and Gravitation Theories,60904838,Cosmology and Gravitation Theories,Cosmology and Gravitation Theories,0,2025
https://openalex.org/W2084251777,2005,Holographic dark energy and cosmic coincidence,gamma_ray_bursts_and_supernovae,Astronomy and Astrophysics,60904838,60904838,0,,W2084251777,10.1016/j.physletb.2005.08.134,661,48,openalex_v3_anchor_citer,0,,strict,Cosmology and Gravitation Theories,60904838,Cosmology and Gravitation Theories,Cosmology and Gravitation Theories,0,2025
https://openalex.org/W2133030092,2012,"Mechanical feedback from active galactic nuclei in galaxies, groups and clusters",gamma_ray_bursts_and_supernovae,Astronomy and Astrophysics,60903922,60903922,0,,W2133030092,10.1088/1367-2630/14/5/055023,652,102,openalex_v3_anchor_citer,0,,strict,"Galaxies: Formation, Evolution, Phenomena",60903922,"Galaxies: Formation, Evolution, Phenomena","Galaxies: Formation, Evolution, Phenomena",0,2025
https://openalex.org/W2118221829,2013,Quintessence: a review,gamma_ray_bursts_and_supernovae,Astronomy and Astrophysics,60904838,60904838,0,,W2118221829,10.1088/0264-9381/30/21/214003,649,93,openalex_v3_anchor_citer,0,,strict,Cosmology and Gravitation Theories,60904838,Cosmology and Gravitation Theories,Cosmology and Gravitation Theories,0,2025
https://openalex.org/W2091114210,2000,Absorption‐Line Probes of Gas and Dust in Galactic Superwinds,gamma_ray_bursts_and_supernovae,Astronomy and Astrophysics,60903922,60903922,0,,W2091114210,10.1086/313421,644,124,openalex_v3_anchor_citer,0,,strict,"Galaxies: Formation, Evolution, Phenomena",60903922,"Galaxies: Formation, Evolution, Phenomena","Galaxies: Formation, Evolution, Phenomena",0,2025
https://openalex.org/W2126510815,2003,Constraining galaxy formation and cosmology with the conditional luminosity function of galaxies,gamma_ray_bursts_and_supernovae,Astronomy and Astrophysics,60903922,60903922,0,,W2126510815,10.1046/j.1365-8711.2003.06254.x,642,171,openalex_v3_anchor_citer,0,,strict,"Galaxies: Formation, Evolution, Phenomena",60903922,"Galaxies: Formation, Evolution, Phenomena","Galaxies: Formation, Evolution, Phenomena",0,2025
https://openalex.org/W3105595725,2008,Chandra Cluster Cosmology Project III: Cosmological Parameter Constraints,gamma_ray_bursts_and_supernovae,Astronomy and Astrophysics,60903922,60903922,0,,W3105595725,10.48550/arxiv.0812.2720,640,91,openalex_v3_anchor_citer,0,,strict,"Galaxies: Formation, Evolution, Phenomena",60903922,"Galaxies: Formation, Evolution, Phenomena","Galaxies: Formation, Evolution, Phenomena",0,2025
https://openalex.org/W2103267716,2009,A γ-ray burst at a redshift of z ≈ 8.2,gamma_ray_bursts_and_supernovae,Astronomy and Astrophysics,63203493,63203493,0,,W2103267716,10.1038/nature08459,639,45,openalex_v3_query_core,0,,strict,Gamma-ray bursts and supernovae,63203493,Gamma-ray bursts and supernovae,Gamma-ray bursts and supernovae,0,2025
https://openalex.org/W3125793999,2011,The ATLAS(3D) project - I. A volume-limited sample of 260 nearby early-type galaxies: science goals and selection criteria,gamma_ray_bursts_and_supernovae,Astronomy and Astrophysics,60903922,60903922,0,,W3125793999,,638,185,openalex_v3_anchor_citer,0,,strict,"Galaxies: Formation, Evolution, Phenomena",60903922,"Galaxies: Formation, Evolution, Phenomena","Galaxies: Formation, Evolution, Phenomena",0,2025
https://openalex.org/W3037395653,1999,Quintessential inflation,gamma_ray_bursts_and_supernovae,Astronomy and Astrophysics,60904838,60904838,0,,W3037395653,10.1103/physrevd.59.063505,634,20,openalex_v3_anchor_citer,0,,strict,Cosmology and Gravitation Theories,60904838,Cosmology and Gravitation Theories,Cosmology and Gravitation Theories,0,2025
https://openalex.org/W2117142729,2005,Can dark energy evolve to the phantom?,gamma_ray_bursts_and_supernovae,Astronomy and Astrophysics,60904838,60904838,0,,W2117142729,10.1103/physrevd.71.023515,633,42,openalex_v3_anchor_citer,0,,strict,Cosmology and Gravitation Theories,60904838,Cosmology and Gravitation Theories,Cosmology and Gravitation Theories,0,2025
https://openalex.org/W2007572894,2005,Transition of the dark energy equation of state in an interacting holographic dark energy model,gamma_ray_bursts_and_supernovae,Astronomy and Astrophysics,60904838,60904838,0,,W2007572894,10.1016/j.physletb.2005.08.008,630,58,openalex_v3_anchor_citer,0,,strict,Cosmology and Gravitation Theories,60904838,Cosmology and Gravitation Theories,Cosmology and Gravitation Theories,0,2025
https://openalex.org/W1545785507,2012,Cuspy no more: how outflows affect the central dark matter and baryon distribution in Λ cold dark matter galaxies,gamma_ray_bursts_and_supernovae,Astronomy and Astrophysics,60903922,60903922,0,,W1545785507,10.1111/j.1365-2966.2012.20696.x,630,131,openalex_v3_anchor_citer,0,,strict,"Galaxies: Formation, Evolution, Phenomena",60903922,"Galaxies: Formation, Evolution, Phenomena","Galaxies: Formation, Evolution, Phenomena",0,2025
https://openalex.org/W2075303178,2004,The Collimation‐corrected Gamma‐Ray Burst Energies Correlate with the Peak Energy of Their ν<i>F</i><sub>ν</sub>Spectrum,gamma_ray_bursts_and_supernovae,Astronomy and Astrophysics,63203493,63203493,0,,W2075303178,10.1086/424913,629,80,openalex_v3_anchor_citer,0,,strict,Gamma-ray bursts and supernovae,63203493,Gamma-ray bursts and supernovae,Gamma-ray bursts and supernovae,0,2025
https://openalex.org/W2237829933,2016,A new route towards merging massive black holes,gamma_ray_bursts_and_supernovae,Astronomy and Astrophysics,60973087,60973087,0,,W2237829933,10.1051/0004-6361/201628133,620,109,openalex_v3_query_core,0,,strict,Pulsars and Gravitational Waves Research,60973087,Pulsars and Gravitational Waves Research,Pulsars and Gravitational Waves Research,0,2025
https://openalex.org/W3008473238,2020,The landscape of QCD axion models,gamma_ray_bursts_and_supernovae,Nuclear and High Energy Physics,63152924,63152924,0,,W3008473238,10.1016/j.physrep.2020.06.002,620,739,openalex_v3_query_core,0,,strict,Dark Matter and Cosmic Phenomena,63152924,Dark Matter and Cosmic Phenomena,Dark Matter and Cosmic Phenomena,0,2025
https://openalex.org/W3038061952,2001,Interacting quintessence,gamma_ray_bursts_and_supernovae,Astronomy and Astrophysics,60904838,60904838,0,,W3038061952,10.1016/s0370-2693(01)01174-1,617,44,openalex_v3_anchor_citer,0,,strict,Cosmology and Gravitation Theories,60904838,Cosmology and Gravitation Theories,Cosmology and Gravitation Theories,0,2025
https://openalex.org/W3105790464,2001,Unification of Dark Matter and Dark Energy: the Inhomogeneous Chaplygin Gas,gamma_ray_bursts_and_supernovae,Astronomy and Astrophysics,60904838,60904838,0,,W3105790464,,617,31,openalex_v3_anchor_citer,0,,strict,Cosmology and Gravitation Theories,60904838,Cosmology and Gravitation Theories,Cosmology and Gravitation Theories,0,2025
https://openalex.org/W2159538809,2015,Observational Constraints on the Progenitors of Core-Collapse Supernovae: The Case for Missing High-Mass Stars,gamma_ray_bursts_and_supernovae,Astronomy and Astrophysics,63203493,63203493,0,,W2159538809,10.1017/pasa.2015.17,617,210,openalex_v3_query_core,0,,strict,Gamma-ray bursts and supernovae,63203493,Gamma-ray bursts and supernovae,Gamma-ray bursts and supernovae,0,2025
https://openalex.org/W2086436511,2007,Scrutinizing Exotic Cosmological Models Using ESSENCE Supernova Data Combined with Other Cosmological Probes,gamma_ray_bursts_and_supernovae,Astronomy and Astrophysics,60904838,60904838,0,,W2086436511,10.1086/519988,615,94,openalex_v3_anchor_citer,0,,strict,Cosmology and Gravitation Theories,60904838,Cosmology and Gravitation Theories,Cosmology and Gravitation Theories,0,2025
https://openalex.org/W1995528762,2003,SPI: The spectrometer aboard INTEGRAL,gamma_ray_bursts_and_supernovae,Astronomy and Astrophysics,61024309,61024309,0,,W1995528762,10.1051/0004-6361:20031482,612,15,openalex_v3_query_core,0,,strict,Astrophysical Phenomena and Observations,61024309,Astrophysical Phenomena and Observations,Astrophysical Phenomena and Observations,0,2025
https://openalex.org/W2145049141,2009,Gamma-Ray Bursts in the<i>Swift</i>Era,gamma_ray_bursts_and_supernovae,Astronomy and Astrophysics,63203493,63203493,0,,W2145049141,10.1146/annurev.astro.46.060407.145147,610,469,openalex_v3_query_core,0,,strict,Gamma-ray bursts and supernovae,63203493,Gamma-ray bursts and supernovae,Gamma-ray bursts and supernovae,0,2025
https://openalex.org/W2125934807,2002,A Cyclic Model of the Universe,gamma_ray_bursts_and_supernovae,Astronomy and Astrophysics,60904838,60904838,0,,W2125934807,10.1126/science.1070462,609,27,openalex_v3_anchor_citer,0,,strict,Cosmology and Gravitation Theories,60904838,Cosmology and Gravitation Theories,Cosmology and Gravitation Theories,0,2025
https://openalex.org/W2066123918,2011,The protomagnetar model for gamma-ray bursts,gamma_ray_bursts_and_supernovae,Astronomy and Astrophysics,63203493,63203493,0,,W2066123918,10.1111/j.1365-2966.2011.18280.x,606,239,openalex_v3_query_core,0,,strict,Gamma-ray bursts and supernovae,63203493,Gamma-ray bursts and supernovae,Gamma-ray bursts and supernovae,0,2025
https://openalex.org/W1986842102,2009,A limit on the variation of the speed of light arising from quantum gravity effects,gamma_ray_bursts_and_supernovae,Statistical and Nonlinear Physics,63220525,63220525,0,,W1986842102,10.1038/nature08574,605,53,openalex_v3_query_core,0,,strict,Noncommutative and Quantum Gravity Theories,63220525,Noncommutative and Quantum Gravity Theories,Noncommutative and Quantum Gravity Theories,0,2025
https://openalex.org/W2158947088,2005,Cosmology of generalized modified gravity models,gamma_ray_bursts_and_supernovae,Astronomy and Astrophysics,60904838,60904838,0,,W2158947088,10.1103/physrevd.71.063513,604,34,openalex_v3_anchor_citer,0,,strict,Cosmology and Gravitation Theories,60904838,Cosmology and Gravitation Theories,Cosmology and Gravitation Theories,0,2025
https://openalex.org/W2151501573,2012,The Einstein Toolkit: a community computational infrastructure for relativistic astrophysics,gamma_ray_bursts_and_supernovae,Astronomy and Astrophysics,60973087,60973087,0,,W2151501573,10.1088/0264-9381/29/11/115001,604,245,openalex_v3_query_core,0,,strict,Pulsars and Gravitational Waves Research,60973087,Pulsars and Gravitational Waves Research,Pulsars and Gravitational Waves Research,0,2025
https://openalex.org/W2129830851,2005,Evolution of rapidly rotating metal-poor massive stars towards gamma-ray bursts,gamma_ray_bursts_and_supernovae,Astronomy and Astrophysics,63203493,63203493,0,,W2129830851,10.1051/0004-6361:20054030,601,47,openalex_v3_query_core,0,,strict,Gamma-ray bursts and supernovae,63203493,Gamma-ray bursts and supernovae,Gamma-ray bursts and supernovae,0,2025
https://openalex.org/W2014716911,2000,MeV-scale reheating temperature and thermalization of the neutrino background,gamma_ray_bursts_and_supernovae,Nuclear and High Energy Physics,61041081,61041081,0,,W2014716911,10.1103/physrevd.62.023506,599,46,openalex_v3_anchor_citer,0,,strict,Astrophysics and Cosmic Phenomena,61041081,Astrophysics and Cosmic Phenomena,Astrophysics and Cosmic Phenomena,0,2025
https://openalex.org/W3104628550,2001,A measurement by BOOMERANG of multiple peaks in the angular power spectrum of the cosmic microwave background,gamma_ray_bursts_and_supernovae,Astronomy and Astrophysics,60904838,60904838,0,,W3104628550,,598,38,openalex_v3_anchor_citer,0,,strict,Cosmology and Gravitation Theories,60904838,Cosmology and Gravitation Theories,Cosmology and Gravitation Theories,0,2025
https://openalex.org/W3037031488,2012,Luminous Supernovae,gamma_ray_bursts_and_supernovae,Astronomy and Astrophysics,63203493,63203493,0,,W3037031488,10.1126/science.1203601,598,96,openalex_v3_query_core,0,,strict,Gamma-ray bursts and supernovae,63203493,Gamma-ray bursts and supernovae,Gamma-ray bursts and supernovae,0,2025
https://openalex.org/W2587754488,2017,Age-dating luminous red galaxies observed with the Southern African Large Telescope,gamma_ray_bursts_and_supernovae,Astronomy and Astrophysics,60903922,60903922,0,,W2587754488,10.1093/mnras/stx301,594,113,openalex_v3_anchor_citer,0,,strict,"Galaxies: Formation, Evolution, Phenomena",60903922,"Galaxies: Formation, Evolution, Phenomena","Galaxies: Formation, Evolution, Phenomena",0,2025
https://openalex.org/W2158616117,1999,Constraining Dark Energy with Type Ia Supernovae and Large-Scale Structure,gamma_ray_bursts_and_supernovae,Astronomy and Astrophysics,60904838,60904838,0,,W2158616117,10.1103/physrevlett.83.670,593,38,openalex_v3_anchor_citer,0,,strict,Cosmology and Gravitation Theories,60904838,Cosmology and Gravitation Theories,Cosmology and Gravitation Theories,0,2025
https://openalex.org/W3161457974,2021,Calculating black hole shadows: Review of analytical studies,gamma_ray_bursts_and_supernovae,Astronomy and Astrophysics,61024309,61024309,0,,W3161457974,10.1016/j.physrep.2021.10.004,591,351,openalex_v3_anchor_citer,0,,strict,Astrophysical Phenomena and Observations,61024309,Astrophysical Phenomena and Observations,Astrophysical Phenomena and Observations,0,2025
https://openalex.org/W1994368354,2011,A Possible Relativistic Jetted Outburst from a Massive Black Hole Fed by a Tidally Disrupted Star,gamma_ray_bursts_and_supernovae,Astronomy and Astrophysics,61024309,61024309,0,,W1994368354,10.1126/science.1207150,589,55,openalex_v3_query_core,0,,strict,Astrophysical Phenomena and Observations,61024309,Astrophysical Phenomena and Observations,Astrophysical Phenomena and Observations,0,2025
https://openalex.org/W2098764352,2000,Quintessence arising from exponential potentials,gamma_ray_bursts_and_supernovae,Statistical and Nonlinear Physics,63237812,63237812,0,,W2098764352,10.1103/physrevd.61.127301,583,41,openalex_v3_anchor_citer,0,,strict,Advanced Thermodynamics and Statistical Mechanics,63237812,Advanced Thermodynamics and Statistical Mechanics,Advanced Thermodynamics and Statistical Mechanics,0,2025
https://openalex.org/W2323263137,2016,"Dark matter and dark energy interactions: theoretical challenges, cosmological implications and observational signatures",gamma_ray_bursts_and_supernovae,Astronomy and Astrophysics,60904838,60904838,0,,W2323263137,10.1088/0034-4885/79/9/096901,581,369,openalex_v3_anchor_citer,0,,strict,Cosmology and Gravitation Theories,60904838,Cosmology and Gravitation Theories,Cosmology and Gravitation Theories,0,2025
https://openalex.org/W3104388551,2006,Massive neutrinos and cosmology,gamma_ray_bursts_and_supernovae,Nuclear and High Energy Physics,61058366,61058366,0,,W3104388551,,580,161,openalex_v3_anchor_citer,0,,strict,Neutrino Physics Research,61058366,Neutrino Physics Research,Neutrino Physics Research,0,2025
https://openalex.org/W2754224307,2019,Fast radio bursts,gamma_ray_bursts_and_supernovae,Astronomy and Astrophysics,60973087,60973087,0,,W2754224307,10.1007/s00159-019-0116-6,576,250,openalex_v3_query_core,0,,strict,Pulsars and Gravitational Waves Research,60973087,Pulsars and Gravitational Waves Research,Pulsars and Gravitational Waves Research,0,2025
https://openalex.org/W2765636151,2017,<i>Swift</i>and<i>NuSTAR</i>observations of GW170817: Detection of a blue kilonova,gamma_ray_bursts_and_supernovae,Astronomy and Astrophysics,63203493,63203493,0,,W2765636151,10.1126/science.aap9580,572,80,openalex_v3_query_core,0,,strict,Gamma-ray bursts and supernovae,63203493,Gamma-ray bursts and supernovae,Gamma-ray bursts and supernovae,0,2025
https://openalex.org/W2157138706,2010,The Supernova Legacy Survey 3-year sample: Type Ia supernovae photometric distances and cosmological constraints,gamma_ray_bursts_and_supernovae,Astronomy and Astrophysics,63203493,63203493,0,,W2157138706,10.1051/0004-6361/201014468,570,102,openalex_v3_anchor_citer,0,,strict,Gamma-ray bursts and supernovae,63203493,Gamma-ray bursts and supernovae,Gamma-ray bursts and supernovae,0,2025
https://openalex.org/W2766054309,2017,The Electromagnetic Counterpart of the Binary Neutron Star Merger LIGO/Virgo GW170817. I. Discovery of the Optical Counterpart Using the Dark Energy Camera,gamma_ray_bursts_and_supernovae,Astronomy and Astrophysics,60973087,60973087,0,,W2766054309,10.3847/2041-8213/aa9059,570,66,openalex_v3_query_core,0,,strict,Pulsars and Gravitational Waves Research,60973087,Pulsars and Gravitational Waves Research,Pulsars and Gravitational Waves Research,0,2025
https://openalex.org/W2059699043,2003,First‐Year<i>Wilkinson Microwave Anisotropy Probe</i>(<i>WMAP</i>) Observations: Parameter Estimation Methodology,gamma_ray_bursts_and_supernovae,Astronomy and Astrophysics,60904838,60904838,0,,W2059699043,10.1086/377335,569,92,openalex_v3_anchor_citer,0,,strict,Cosmology and Gravitation Theories,60904838,Cosmology and Gravitation Theories,Cosmology and Gravitation Theories,0,2025
https://openalex.org/W2157494422,2014,Quasar-Lyman α forest cross-correlation from BOSS DR11: Baryon Acoustic Oscillations,gamma_ray_bursts_and_supernovae,Astronomy and Astrophysics,65469135,65469135,0,,W2157494422,10.1088/1475-7516/2014/05/027,569,60,openalex_v3_anchor_citer,0,,strict,Radio Astronomy Observations and Technology,65469135,Radio Astronomy Observations and Technology,Radio Astronomy Observations and Technology,0,2025
https://openalex.org/W2104121390,2001,Submillimeter Test of the Gravitational Inverse-Square Law: A Search for “Large” Extra Dimensions,gamma_ray_bursts_and_supernovae,Astronomy and Astrophysics,60904838,60904838,0,,W2104121390,10.1103/physrevlett.86.1418,568,21,openalex_v3_anchor_citer,0,,strict,Cosmology and Gravitation Theories,60904838,Cosmology and Gravitation Theories,Cosmology and Gravitation Theories,0,2025
https://openalex.org/W1581552216,2010,"f(R,L m ) gravity",gamma_ray_bursts_and_supernovae,Astronomy and Astrophysics,60904838,60904838,0,,W1581552216,10.1140/epjc/s10052-010-1467-3,566,82,openalex_v3_anchor_citer,0,,strict,Cosmology and Gravitation Theories,60904838,Cosmology and Gravitation Theories,Cosmology and Gravitation Theories,0,2025
https://openalex.org/W2157112185,2002,Neutrinos in cosmology,gamma_ray_bursts_and_supernovae,Nuclear and High Energy Physics,61058366,61058366,0,,W2157112185,10.1016/s0370-1573(02)00139-4,564,387,openalex_v3_anchor_citer,0,,strict,Neutrino Physics Research,61058366,Neutrino Physics Research,Neutrino Physics Research,0,2025
https://openalex.org/W2011258461,2006,The Sloan Lens ACS Survey. III. The Structure and Formation of Early‐Type Galaxies and Their Evolution since z ≈ 1,gamma_ray_bursts_and_supernovae,Astronomy and Astrophysics,60903922,60903922,0,,W2011258461,10.1086/505696,561,160,openalex_v3_anchor_citer,0,,strict,"Galaxies: Formation, Evolution, Phenomena",60903922,"Galaxies: Formation, Evolution, Phenomena","Galaxies: Formation, Evolution, Phenomena",0,2025
https://openalex.org/W2001595193,2013,"THE ROTATION RATES OF MASSIVE STARS: THE ROLE OF BINARY INTERACTION THROUGH TIDES, MASS TRANSFER, AND MERGERS",gamma_ray_bursts_and_supernovae,Astronomy and Astrophysics,63203493,63203493,0,,W2001595193,10.1088/0004-637x/764/2/166,561,130,openalex_v3_query_core,0,,strict,Gamma-ray bursts and supernovae,63203493,Gamma-ray bursts and supernovae,Gamma-ray bursts and supernovae,0,2025
https://openalex.org/W2023393381,1997,Synthesis of the elements in stars: forty years of progress,gamma_ray_bursts_and_supernovae,Nuclear and High Energy Physics,60904836,60904836,0,,W2023393381,10.1103/revmodphys.69.995,559,590,openalex_v3_query_core,0,,strict,Nuclear physics research studies,60904836,Nuclear physics research studies,Nuclear physics research studies,0,2025
https://openalex.org/W2070289033,2006,Rates and Properties of Type Ia Supernovae as a Function of Mass and Star Formation in Their Host Galaxies,gamma_ray_bursts_and_supernovae,Astronomy and Astrophysics,63203493,63203493,0,,W2070289033,10.1086/506137,559,76,openalex_v3_anchor_citer,0,,strict,Gamma-ray bursts and supernovae,63203493,Gamma-ray bursts and supernovae,Gamma-ray bursts and supernovae,0,2025
https://openalex.org/W2111626561,2003,Rotating Stars in Relativity,gamma_ray_bursts_and_supernovae,Astronomy and Astrophysics,60973087,60973087,0,,W2111626561,10.12942/lrr-2003-3,557,602,openalex_v3_anchor_citer,0,,strict,Pulsars and Gravitational Waves Research,60973087,Pulsars and Gravitational Waves Research,Pulsars and Gravitational Waves Research,0,2025
https://openalex.org/W2912811005,2019,Horndeski theory and beyond: a review,gamma_ray_bursts_and_supernovae,Astronomy and Astrophysics,60904838,60904838,0,,W2912811005,10.1088/1361-6633/ab2429,557,293,openalex_v3_anchor_citer,0,,strict,Cosmology and Gravitation Theories,60904838,Cosmology and Gravitation Theories,Cosmology and Gravitation Theories,0,2025
https://openalex.org/W2070426602,2007,A dark energy model characterized by the age of the Universe,gamma_ray_bursts_and_supernovae,Astronomy and Astrophysics,60904838,60904838,0,,W2070426602,10.1016/j.physletb.2007.09.061,556,20,openalex_v3_anchor_citer,0,,strict,Cosmology and Gravitation Theories,60904838,Cosmology and Gravitation Theories,Cosmology and Gravitation Theories,0,2025
https://openalex.org/W2160433764,2003,Cosmology with tachyon field as dark energy,gamma_ray_bursts_and_supernovae,Astronomy and Astrophysics,60904838,60904838,0,,W2160433764,10.1103/physrevd.67.063504,553,55,openalex_v3_anchor_citer,0,,strict,Cosmology and Gravitation Theories,60904838,Cosmology and Gravitation Theories,Cosmology and Gravitation Theories,0,2025
https://openalex.org/W2065421417,2006,A new γ-ray burst classification scheme from GRB 060614,gamma_ray_bursts_and_supernovae,Astronomy and Astrophysics,63203493,63203493,0,,W2065421417,10.1038/nature05376,553,44,openalex_v3_query_core,0,,strict,Gamma-ray bursts and supernovae,63203493,Gamma-ray bursts and supernovae,Gamma-ray bursts and supernovae,0,2025
https://openalex.org/W2082485482,2014,Transforming gravity: From derivative couplings to matter to second-order scalar-tensor theories beyond the Horndeski Lagrangian,gamma_ray_bursts_and_supernovae,Astronomy and Astrophysics,60904838,60904838,0,,W2082485482,10.1103/physrevd.89.064046,552,106,openalex_v3_anchor_citer,0,,strict,Cosmology and Gravitation Theories,60904838,Cosmology and Gravitation Theories,Cosmology and Gravitation Theories,0,2025
https://openalex.org/W2754986962,2017,Hyper Suprime-Cam: System design and verification of image quality,gamma_ray_bursts_and_supernovae,"Atomic and Molecular Physics, and Optics",63221441,63221441,0,,W2754986962,10.1093/pasj/psx063,551,44,openalex_v3_anchor_citer,0,,strict,Adaptive optics and wavefront sensing,63221441,Adaptive optics and wavefront sensing,Adaptive optics and wavefront sensing,0,2025
https://openalex.org/W1962936557,2015,Inflation and String Theory,gamma_ray_bursts_and_supernovae,Astronomy and Astrophysics,60904838,60904838,0,,W1962936557,10.1017/cbo9781316105733,550,796,openalex_v3_anchor_citer,0,,strict,Cosmology and Gravitation Theories,60904838,Cosmology and Gravitation Theories,Cosmology and Gravitation Theories,0,2025
https://openalex.org/W1992347118,2000,New cosmological model of quintessence and dark matter,gamma_ray_bursts_and_supernovae,Astronomy and Astrophysics,60904838,60904838,0,,W1992347118,10.1103/physrevd.62.103517,549,27,openalex_v3_anchor_citer,0,,strict,Cosmology and Gravitation Theories,60904838,Cosmology and Gravitation Theories,Cosmology and Gravitation Theories,0,2025
https://openalex.org/W2103906554,2004,5 Dark Matter and Dark Energy,gamma_ray_bursts_and_supernovae,Astronomy and Astrophysics,60904838,60904838,0,,W2103906554,10.1007/978-3-540-31535-3_5,548,179,openalex_v3_anchor_citer,0,,strict,Cosmology and Gravitation Theories,60904838,Cosmology and Gravitation Theories,Cosmology and Gravitation Theories,0,2025
https://openalex.org/W1966598151,2003,Nuclear weak-interaction processes in stars,gamma_ray_bursts_and_supernovae,Nuclear and High Energy Physics,60904836,60904836,0,,W1966598151,10.1103/revmodphys.75.819,547,396,openalex_v3_anchor_citer,0,,strict,Nuclear physics research studies,60904836,Nuclear physics research studies,Nuclear physics research studies,0,2025
https://openalex.org/W2037095813,2005,The supernova rate per unit mass,gamma_ray_bursts_and_supernovae,Astronomy and Astrophysics,63203493,63203493,0,,W2037095813,10.1051/0004-6361:20041411,547,67,openalex_v3_query_core,0,,strict,Gamma-ray bursts and supernovae,63203493,Gamma-ray bursts and supernovae,Gamma-ray bursts and supernovae,0,2025
https://openalex.org/W2171695188,2012,Three-dimensional delayed-detonation models with nucleosynthesis for Type Ia supernovae,gamma_ray_bursts_and_supernovae,Astronomy and Astrophysics,63203493,63203493,0,,W2171695188,10.1093/mnras/sts402,547,133,openalex_v3_anchor_citer,0,,strict,Gamma-ray bursts and supernovae,63203493,Gamma-ray bursts and supernovae,Gamma-ray bursts and supernovae,0,2025
https://openalex.org/W2051142510,2014,<i>Planck</i>2013 results. XV. CMB power spectra and likelihood,gamma_ray_bursts_and_supernovae,Astronomy and Astrophysics,60904838,60904838,0,,W2051142510,10.1051/0004-6361/201321573,547,180,openalex_v3_anchor_citer,0,,strict,Cosmology and Gravitation Theories,60904838,Cosmology and Gravitation Theories,Cosmology and Gravitation Theories,0,2025
https://openalex.org/W2066845053,2006,The type Ia supernova SNLS-03D3bb from a super-Chandrasekhar-mass white dwarf star,gamma_ray_bursts_and_supernovae,Astronomy and Astrophysics,63203493,63203493,0,,W2066845053,10.1038/nature05103,543,41,openalex_v3_anchor_citer,0,,strict,Gamma-ray bursts and supernovae,63203493,Gamma-ray bursts and supernovae,Gamma-ray bursts and supernovae,0,2025
https://openalex.org/W2013859371,2004,Northern Sky Variability Survey: Public Data Release,gamma_ray_bursts_and_supernovae,Astronomy and Astrophysics,60903922,60903922,0,,W2013859371,10.1086/382719,541,32,openalex_v3_query_core,0,,strict,"Galaxies: Formation, Evolution, Phenomena",60903922,"Galaxies: Formation, Evolution, Phenomena","Galaxies: Formation, Evolution, Phenomena",0,2025
https://openalex.org/W2292704993,2016,Prospects for Observing and Localizing Gravitational-Wave Transients with Advanced LIGO and Advanced Virgo,gamma_ray_bursts_and_supernovae,Astronomy and Astrophysics,60973087,60973087,0,,W2292704993,10.1007/lrr-2016-1,537,101,openalex_v3_query_core,0,,strict,Pulsars and Gravitational Waves Research,60973087,Pulsars and Gravitational Waves Research,Pulsars and Gravitational Waves Research,0,2025
https://openalex.org/W2125396253,2006,An optical supernova associated with the X-ray flash XRF 060218,gamma_ray_bursts_and_supernovae,Astronomy and Astrophysics,63203493,63203493,0,,W2125396253,10.1038/nature05082,536,44,openalex_v3_query_core,0,,strict,Gamma-ray bursts and supernovae,63203493,Gamma-ray bursts and supernovae,Gamma-ray bursts and supernovae,0,2025
https://openalex.org/W3100190638,2016,3 Quintessence: A Review,gamma_ray_bursts_and_supernovae,Astronomy and Astrophysics,67648975,67648975,0,,W3100190638,,534,108,openalex_v3_anchor_citer,0,,strict,Advanced Differential Geometry Research,67648975,Advanced Differential Geometry Research,Advanced Differential Geometry Research,0,2025
https://openalex.org/W3101615941,2001,Dynamo action by differential rotation in a stably stratified stellar interior,gamma_ray_bursts_and_supernovae,Astronomy and Astrophysics,60938632,60938632,0,,W3101615941,10.1051/0004-6361:20011465/pdf,532,25,openalex_v3_query_core,0,,strict,Solar and Space Plasma Dynamics,60938632,Solar and Space Plasma Dynamics,Solar and Space Plasma Dynamics,0,2025
https://openalex.org/W2153527788,2003,Interacting quintessence solution to the coincidence problem,gamma_ray_bursts_and_supernovae,Astronomy and Astrophysics,60904838,60904838,0,,W2153527788,10.1103/physrevd.67.083513,532,76,openalex_v3_anchor_citer,0,,strict,Cosmology and Gravitation Theories,60904838,Cosmology and Gravitation Theories,Cosmology and Gravitation Theories,0,2025
https://openalex.org/W2047688848,2006,A primer on hierarchical galaxy formation: the semi-analytical approach,gamma_ray_bursts_and_supernovae,Astronomy and Astrophysics,60903922,60903922,0,,W2047688848,10.1088/0034-4885/69/12/r02,532,371,openalex_v3_anchor_citer,0,,strict,"Galaxies: Formation, Evolution, Phenomena",60903922,"Galaxies: Formation, Evolution, Phenomena","Galaxies: Formation, Evolution, Phenomena",0,2025
https://openalex.org/W3102303941,2009,"Physics, Astrophysics and Cosmology with Gravitational Waves",gamma_ray_bursts_and_supernovae,Astronomy and Astrophysics,60973087,60973087,0,,W3102303941,,527,442,openalex_v3_anchor_citer,0,,strict,Pulsars and Gravitational Waves Research,60973087,Pulsars and Gravitational Waves Research,Pulsars and Gravitational Waves Research,0,2025
https://openalex.org/W2153305744,2003,Probing Dark Energy Using Baryonic Oscillations in the Galaxy Power Spectrum as a Cosmological Ruler,gamma_ray_bursts_and_supernovae,Astronomy and Astrophysics,60904838,60904838,0,,W2153305744,10.1086/376983,526,53,openalex_v3_anchor_citer,0,,strict,Cosmology and Gravitation Theories,60904838,Cosmology and Gravitation Theories,Cosmology and Gravitation Theories,0,2025
https://openalex.org/W1978710384,2008,Torsion balance experiments: A low-energy frontier of particle physics,gamma_ray_bursts_and_supernovae,Astronomy and Astrophysics,60904838,60904838,0,,W1978710384,10.1016/j.ppnp.2008.08.002,524,146,openalex_v3_anchor_citer,0,,strict,Cosmology and Gravitation Theories,60904838,Cosmology and Gravitation Theories,Cosmology and Gravitation Theories,0,2025
https://openalex.org/W4293183458,2012,The VLT-FLAMES Tarantula Survey,gamma_ray_bursts_and_supernovae,Astronomy and Astrophysics,60904056,60904056,0,,W4293183458,10.1051/0004-6361/201219621,522,38,openalex_v3_query_core,0,,strict,"Stellar, planetary, and galactic studies",60904056,"Stellar, planetary, and galactic studies","Stellar, planetary, and galactic studies",0,2025
https://openalex.org/W3080176159,2021,Snowmass2021 - Letter of interest cosmology intertwined II: The hubble constant tension,gamma_ray_bursts_and_supernovae,Astronomy and Astrophysics,60904838,60904838,0,,W3080176159,10.1016/j.astropartphys.2021.102605,519,370,openalex_v3_query_core,0,,strict,Cosmology and Gravitation Theories,60904838,Cosmology and Gravitation Theories,Cosmology and Gravitation Theories,0,2025
https://openalex.org/W3048930571,2021,IceCube-Gen2: the window to the extreme Universe,gamma_ray_bursts_and_supernovae,Nuclear and High Energy Physics,61041081,61041081,0,,W3048930571,10.1088/1361-6471/abbd48,518,435,openalex_v3_query_core,0,,strict,Astrophysics and Cosmic Phenomena,61041081,Astrophysics and Cosmic Phenomena,Astrophysics and Cosmic Phenomena,0,2025
https://openalex.org/W4302171237,2004,Stellar evolution with rotation,gamma_ray_bursts_and_supernovae,Astronomy and Astrophysics,60904056,60904056,0,,W4302171237,10.1051/0004-6361:20047106,507,32,openalex_v3_query_core,0,,strict,"Stellar, planetary, and galactic studies",60904056,"Stellar, planetary, and galactic studies","Stellar, planetary, and galactic studies",0,2025
https://openalex.org/W3101840178,2016,DARWIN: towards the ultimate dark matter detector,gamma_ray_bursts_and_supernovae,Nuclear and High Energy Physics,63152924,63152924,0,,W3101840178,10.48550/arxiv.1606.07001,506,213,openalex_v3_query_core,0,,strict,Dark Matter and Cosmic Phenomena,63152924,Dark Matter and Cosmic Phenomena,Dark Matter and Cosmic Phenomena,0,2025
https://openalex.org/W1969193795,2006,Relativistic ejecta from X-ray flash XRF 060218 and the rate of cosmic explosions,gamma_ray_bursts_and_supernovae,Astronomy and Astrophysics,63203493,63203493,0,,W1969193795,10.1038/nature05087,504,38,openalex_v3_query_core,0,,strict,Gamma-ray bursts and supernovae,63203493,Gamma-ray bursts and supernovae,Gamma-ray bursts and supernovae,0,2025
https://openalex.org/W4291111820,2022,Lawson Criterion for Ignition Exceeded in an Inertial Fusion Experiment,gamma_ray_bursts_and_supernovae,Nuclear and High Energy Physics,60956189,60956189,0,,W4291111820,10.1103/physrevlett.129.075001,501,172,openalex_v3_query_core,0,,strict,Laser-Plasma Interactions and Diagnostics,60956189,Laser-Plasma Interactions and Diagnostics,Laser-Plasma Interactions and Diagnostics,0,2025
https://openalex.org/W4294371720,2006,Single star progenitors of long gamma-ray bursts,gamma_ray_bursts_and_supernovae,Astronomy and Astrophysics,63203493,63203493,0,,W4294371720,10.1051/0004-6361:20065912,499,48,openalex_v3_query_core,0,,strict,Gamma-ray bursts and supernovae,63203493,Gamma-ray bursts and supernovae,Gamma-ray bursts and supernovae,0,2025
https://openalex.org/W2766078098,2017,The Electromagnetic Counterpart of the Binary Neutron Star Merger LIGO/Virgo GW170817. III. Optical and UV Spectra of a Blue Kilonova from Fast Polar Ejecta,gamma_ray_bursts_and_supernovae,Astronomy and Astrophysics,63203493,63203493,0,,W2766078098,10.3847/2041-8213/aa9029,495,63,openalex_v3_query_core,0,,strict,Gamma-ray bursts and supernovae,63203493,Gamma-ray bursts and supernovae,Gamma-ray bursts and supernovae,0,2025
https://openalex.org/W3101452974,2006,Physical Properties of Wolf-Rayet Stars,gamma_ray_bursts_and_supernovae,Astronomy and Astrophysics,63203493,63203493,0,,W3101452974,,488,166,openalex_v3_query_core,0,,strict,Gamma-ray bursts and supernovae,63203493,Gamma-ray bursts and supernovae,Gamma-ray bursts and supernovae,0,2025
https://openalex.org/W1980238296,2001,"Pair‐Instability Supernovae, Gravity Waves, and Gamma‐Ray Transients",gamma_ray_bursts_and_supernovae,Astronomy and Astrophysics,63203493,63203493,0,,W1980238296,10.1086/319719,486,36,openalex_v3_query_core,0,,strict,Gamma-ray bursts and supernovae,63203493,Gamma-ray bursts and supernovae,Gamma-ray bursts and supernovae,0,2025
https://openalex.org/W2152006089,2014,The Evolution of Compact Binary Star Systems,gamma_ray_bursts_and_supernovae,Astronomy and Astrophysics,60904056,60904056,0,,W2152006089,10.12942/lrr-2014-3,480,1335,openalex_v3_query_core,0,,strict,"Stellar, planetary, and galactic studies",60904056,"Stellar, planetary, and galactic studies","Stellar, planetary, and galactic studies",0,2025
https://openalex.org/W2981754620,2019,Identification of strontium in the merger of two neutron stars,gamma_ray_bursts_and_supernovae,Astronomy and Astrophysics,63203493,63203493,0,,W2981754620,10.1038/s41586-019-1676-3,480,71,openalex_v3_query_core,0,,strict,Gamma-ray bursts and supernovae,63203493,Gamma-ray bursts and supernovae,Gamma-ray bursts and supernovae,0,2025
https://openalex.org/W2015661378,2009,Electron–positron pairs in physics and astrophysics: From heavy nuclei to black holes,gamma_ray_bursts_and_supernovae,Astronomy and Astrophysics,63306980,63306980,0,,W2015661378,10.1016/j.physrep.2009.10.004,477,0,openalex_v3_query_core,0,,strict,Relativity and Gravitational Theory,63306980,Relativity and Gravitational Theory,Relativity and Gravitational Theory,0,2025
https://openalex.org/W2066231779,2011,The protomagnetar model for gamma-ray bursts,gamma_ray_bursts_and_supernovae,Astronomy and Astrophysics,63203493,63203493,0,,W2066231779,,475,303,openalex_v3_query_core,0,,strict,Gamma-ray bursts and supernovae,63203493,Gamma-ray bursts and supernovae,Gamma-ray bursts and supernovae,0,2025
https://openalex.org/W2268511610,2016,Method for detection and reconstruction of gravitational wave transients with networks of advanced detectors,gamma_ray_bursts_and_supernovae,Astronomy and Astrophysics,60973087,60973087,0,,W2268511610,10.1103/physrevd.93.042004,466,30,openalex_v3_query_core,0,,strict,Pulsars and Gravitational Waves Research,60973087,Pulsars and Gravitational Waves Research,Pulsars and Gravitational Waves Research,0,2025
https://openalex.org/W2168006162,2011,Supernova remnants: the X-ray perspective,gamma_ray_bursts_and_supernovae,Nuclear and High Energy Physics,61041081,61041081,0,,W2168006162,10.1007/s00159-011-0049-1,465,685,openalex_v3_query_core,0,,strict,Astrophysics and Cosmic Phenomena,61041081,Astrophysics and Cosmic Phenomena,Astrophysics and Cosmic Phenomena,0,2025
https://openalex.org/W2140872038,2001,The Metamorphosis of SN 1998bw,gamma_ray_bursts_and_supernovae,Astronomy and Astrophysics,63203493,63203493,0,,W2140872038,10.1086/321526,460,82,openalex_v3_query_core,0,,strict,Gamma-ray bursts and supernovae,63203493,Gamma-ray bursts and supernovae,Gamma-ray bursts and supernovae,0,2025
https://openalex.org/W2909974219,2019,Diffuse Radio Emission from Galaxy Clusters,gamma_ray_bursts_and_supernovae,Astronomy and Astrophysics,60903922,60903922,0,,W2909974219,10.1007/s11214-019-0584-z,460,505,openalex_v3_query_core,0,,strict,"Galaxies: Formation, Evolution, Phenomena",60903922,"Galaxies: Formation, Evolution, Phenomena","Galaxies: Formation, Evolution, Phenomena",0,2025
https://openalex.org/W4210965419,2019,Kilonovae,gamma_ray_bursts_and_supernovae,Astronomy and Astrophysics,63203493,63203493,0,,W4210965419,10.1007/s41114-019-0024-0,458,582,openalex_v3_query_core,0,,strict,Gamma-ray bursts and supernovae,63203493,Gamma-ray bursts and supernovae,Gamma-ray bursts and supernovae,0,2025
https://openalex.org/W4390605189,2024,GWTC-2.1: Deep extended catalog of compact binary coalescences observed by LIGO and Virgo during the first half of the third observing run,gamma_ray_bursts_and_supernovae,Astronomy and Astrophysics,60973087,60973087,0,,W4390605189,10.1103/physrevd.109.022001,456,361,openalex_v3_query_core,0,,strict,Pulsars and Gravitational Waves Research,60973087,Pulsars and Gravitational Waves Research,Pulsars and Gravitational Waves Research,0,2025
https://openalex.org/W2043810482,2004,Twenty‐Three High‐Redshift Supernovae from the Institute for Astronomy Deep Survey: Doubling the Supernova Sample at<i>z</i>&gt; 0.7,gamma_ray_bursts_and_supernovae,Astronomy and Astrophysics,63203493,63203493,0,,W2043810482,10.1086/381122,450,89,openalex_v3_query_core,0,,strict,Gamma-ray bursts and supernovae,63203493,Gamma-ray bursts and supernovae,Gamma-ray bursts and supernovae,0,2025
https://openalex.org/W2054582333,2006,No supernovae associated with two long-duration γ-ray bursts,gamma_ray_bursts_and_supernovae,Astronomy and Astrophysics,63203493,63203493,0,,W2054582333,10.1038/nature05375,445,48,openalex_v3_query_core,0,,strict,Gamma-ray bursts and supernovae,63203493,Gamma-ray bursts and supernovae,Gamma-ray bursts and supernovae,0,2025
https://openalex.org/W2147473306,2010,The third generation of gravitational wave observatories and their science reach,gamma_ray_bursts_and_supernovae,Astronomy and Astrophysics,60973087,60973087,0,,W2147473306,10.1088/0264-9381/27/8/084007,437,125,openalex_v3_query_core,0,,strict,Pulsars and Gravitational Waves Research,60973087,Pulsars and Gravitational Waves Research,Pulsars and Gravitational Waves Research,0,2025
https://openalex.org/W2084772304,2011,Coalescence of Black Hole-Neutron Star Binaries,gamma_ray_bursts_and_supernovae,Astronomy and Astrophysics,60973087,60973087,0,,W2084772304,10.12942/lrr-2011-6,432,278,openalex_v3_query_core,0,,strict,Pulsars and Gravitational Waves Research,60973087,Pulsars and Gravitational Waves Research,Pulsars and Gravitational Waves Research,0,2025
https://openalex.org/W3124637705,2015,"Beyond $Λ$CDM: Problems, solutions, and the road ahead",gamma_ray_bursts_and_supernovae,Astronomy and Astrophysics,60904838,60904838,0,,W3124637705,10.48550/arxiv.1512.05356,432,626,openalex_v3_query_core,0,,strict,Cosmology and Gravitation Theories,60904838,Cosmology and Gravitation Theories,Cosmology and Gravitation Theories,0,2025
https://openalex.org/W2022427782,2010,TYPE Ib/c SUPERNOVAE IN BINARY SYSTEMS. I. EVOLUTION AND PROPERTIES OF THE PROGENITOR STARS,gamma_ray_bursts_and_supernovae,Astronomy and Astrophysics,63203493,63203493,0,,W2022427782,10.1088/0004-637x/725/1/940,431,74,openalex_v3_query_core,0,,strict,Gamma-ray bursts and supernovae,63203493,Gamma-ray bursts and supernovae,Gamma-ray bursts and supernovae,0,2025
https://openalex.org/W1812041023,2002,Existential risks: analyzing human extinction scenarios and related hazards,gamma_ray_bursts_and_supernovae,Astronomy and Astrophysics,65521019,65521019,0,,W1812041023,,429,61,openalex_v3_query_core,0,,strict,Space Science and Extraterrestrial Life,65521019,Space Science and Extraterrestrial Life,Space Science and Extraterrestrial Life,0,2025
https://openalex.org/W2955902629,2019,A single fast radio burst localized to a massive galaxy at cosmological distance,gamma_ray_bursts_and_supernovae,Astronomy and Astrophysics,63203493,63203493,0,,W2955902629,10.1126/science.aaw5903,426,143,openalex_v3_query_core,0,,strict,Gamma-ray bursts and supernovae,63203493,Gamma-ray bursts and supernovae,Gamma-ray bursts and supernovae,0,2025
https://openalex.org/W2070615515,2006,An enigmatic long-lasting γ-ray burst not accompanied by a bright supernova,gamma_ray_bursts_and_supernovae,Astronomy and Astrophysics,63203493,63203493,0,,W2070615515,10.1038/nature05374,423,38,openalex_v3_query_core,0,,strict,Gamma-ray bursts and supernovae,63203493,Gamma-ray bursts and supernovae,Gamma-ray bursts and supernovae,0,2025
https://openalex.org/W2743433144,2017,Collider probes of axion-like particles,gamma_ray_bursts_and_supernovae,Nuclear and High Energy Physics,60904186,60904186,0,,W2743433144,10.1007/jhep12(2017)044,421,77,openalex_v3_query_core,0,,strict,Particle physics theoretical and experimental studies,60904186,Particle physics theoretical and experimental studies,Particle physics theoretical and experimental studies,0,2025
https://openalex.org/W2019613714,2011,Rotating Massive Main-Sequence Stars I: Grids of Evolutionary Models and Isochrones,gamma_ray_bursts_and_supernovae,Astronomy and Astrophysics,60904056,60904056,0,,W2019613714,10.48550/arxiv.1102.0530,420,51,openalex_v3_query_core,0,,strict,"Stellar, planetary, and galactic studies",60904056,"Stellar, planetary, and galactic studies","Stellar, planetary, and galactic studies",0,2025
https://openalex.org/W1570415351,2012,Semi-analytic modelling of the extragalactic background light and consequences for extragalactic gamma-ray spectra,gamma_ray_bursts_and_supernovae,Nuclear and High Energy Physics,61041081,61041081,0,,W1570415351,10.1111/j.1365-2966.2012.20841.x,416,138,openalex_v3_query_core,0,,strict,Astrophysics and Cosmic Phenomena,61041081,Astrophysics and Cosmic Phenomena,Astrophysics and Cosmic Phenomena,0,2025
https://openalex.org/W2126010124,1999,Modeling Astrophysical Phenomena in the Laboratory with Intense Lasers,gamma_ray_bursts_and_supernovae,Astronomy and Astrophysics,63203493,63203493,0,,W2126010124,10.1126/science.284.5419.1488,415,50,openalex_v3_query_core,0,,strict,Gamma-ray bursts and supernovae,63203493,Gamma-ray bursts and supernovae,Gamma-ray bursts and supernovae,0,2025
https://openalex.org/W2062720427,2008,Distant radio galaxies and their environments,gamma_ray_bursts_and_supernovae,Astronomy and Astrophysics,60903922,60903922,0,,W2062720427,10.1007/s00159-007-0008-z,413,425,openalex_v3_query_core,0,,strict,"Galaxies: Formation, Evolution, Phenomena",60903922,"Galaxies: Formation, Evolution, Phenomena","Galaxies: Formation, Evolution, Phenomena",0,2025
https://openalex.org/W2570838639,2017,The Repeating Fast Radio Burst FRB 121102 as Seen on Milliarcsecond Angular Scales,gamma_ray_bursts_and_supernovae,Astronomy and Astrophysics,63203493,63203493,0,,W2570838639,10.3847/2041-8213/834/2/l8,412,61,openalex_v3_query_core,0,,strict,Gamma-ray bursts and supernovae,63203493,Gamma-ray bursts and supernovae,Gamma-ray bursts and supernovae,0,2025
https://openalex.org/W3082428588,2020,Volume I. Introduction to DUNE,gamma_ray_bursts_and_supernovae,Nuclear and High Energy Physics,61058366,61058366,0,,W3082428588,10.1088/1748-0221/15/08/t08008,410,139,openalex_v3_query_core,0,,strict,Neutrino Physics Research,61058366,Neutrino Physics Research,Neutrino Physics Research,0,2025
https://openalex.org/W3157313734,2021,Tidal Disruption Events,gamma_ray_bursts_and_supernovae,Astronomy and Astrophysics,61024309,61024309,0,,W3157313734,10.1146/annurev-astro-111720-030029,407,248,openalex_v3_query_core,0,,strict,Astrophysical Phenomena and Observations,61024309,Astrophysical Phenomena and Observations,Astrophysical Phenomena and Observations,0,2025
https://openalex.org/W2121603819,2013,The Hot and Energetic Universe: A White Paper presenting the science theme motivating the Athena+ mission,gamma_ray_bursts_and_supernovae,Astronomy and Astrophysics,60903922,60903922,0,,W2121603819,10.48550/arxiv.1306.2307,405,4,openalex_v3_query_core,0,,strict,"Galaxies: Formation, Evolution, Phenomena",60903922,"Galaxies: Formation, Evolution, Phenomena","Galaxies: Formation, Evolution, Phenomena",0,2025
https://openalex.org/W1985258583,2015,Revisiting the SN1987A gamma-ray limit on ultralight axion-like particles,gamma_ray_bursts_and_supernovae,Nuclear and High Energy Physics,63152924,63152924,0,,W1985258583,10.1088/1475-7516/2015/02/006,404,99,openalex_v3_query_core,0,,strict,Dark Matter and Cosmic Phenomena,63152924,Dark Matter and Cosmic Phenomena,Dark Matter and Cosmic Phenomena,0,2025
https://openalex.org/W2152334290,2011,EMU: Evolutionary Map of the Universe,gamma_ray_bursts_and_supernovae,Astronomy and Astrophysics,65469135,65469135,0,,W2152334290,10.1071/as11021,401,236,openalex_v3_query_core,0,,strict,Radio Astronomy Observations and Technology,65469135,Radio Astronomy Observations and Technology,Radio Astronomy Observations and Technology,0,2025
https://openalex.org/W2893002592,2018,Early galaxy formation and its large-scale effects,gamma_ray_bursts_and_supernovae,Astronomy and Astrophysics,60903922,60903922,0,,W2893002592,10.1016/j.physrep.2018.10.002,398,749,openalex_v3_query_core,0,,strict,"Galaxies: Formation, Evolution, Phenomena",60903922,"Galaxies: Formation, Evolution, Phenomena","Galaxies: Formation, Evolution, Phenomena",0,2025
https://openalex.org/W2113112035,2012,GeV OBSERVATIONS OF STAR-FORMING GALAXIES WITH THE<i>FERMI</i>LARGE AREA TELESCOPE,gamma_ray_bursts_and_supernovae,Nuclear and High Energy Physics,61041081,61041081,0,,W2113112035,10.1088/0004-637x/755/2/164,397,173,openalex_v3_query_core,0,,strict,Astrophysics and Cosmic Phenomena,61041081,Astrophysics and Cosmic Phenomena,Astrophysics and Cosmic Phenomena,0,2025
https://openalex.org/W2039533309,2003,Gamma‐Ray Burst Energetics and the Gamma‐Ray Burst Hubble Diagram: Promises and Limitations,gamma_ray_bursts_and_supernovae,Astronomy and Astrophysics,63203493,63203493,0,,W2039533309,10.1086/377125,396,119,openalex_v3_query_core,0,,strict,Gamma-ray bursts and supernovae,63203493,Gamma-ray bursts and supernovae,Gamma-ray bursts and supernovae,0,2025
https://openalex.org/W2295393748,2016,The chemically homogeneous evolutionary channel for binary black hole mergers: rates and properties of gravitational-wave events detectable by advanced LIGO,gamma_ray_bursts_and_supernovae,Astronomy and Astrophysics,60973087,60973087,0,,W2295393748,10.1093/mnras/stw1219,396,106,openalex_v3_query_core,0,,strict,Pulsars and Gravitational Waves Research,60973087,Pulsars and Gravitational Waves Research,Pulsars and Gravitational Waves Research,0,2025
https://openalex.org/W2765999671,2017,The Electromagnetic Counterpart of the Binary Neutron Star Merger LIGO/Virgo GW170817. V. Rising X-Ray Emission from an Off-axis Jet,gamma_ray_bursts_and_supernovae,Astronomy and Astrophysics,63203493,63203493,0,,W2765999671,10.3847/2041-8213/aa9057,394,46,openalex_v3_query_core,0,,strict,Gamma-ray bursts and supernovae,63203493,Gamma-ray bursts and supernovae,Gamma-ray bursts and supernovae,0,2025
https://openalex.org/W3112907773,2020,Multimessenger constraints on the neutron-star equation of state and the Hubble constant,gamma_ray_bursts_and_supernovae,Astronomy and Astrophysics,60973087,60973087,0,,W3112907773,10.1126/science.abb4317,394,105,openalex_v3_query_core,0,,strict,Pulsars and Gravitational Waves Research,60973087,Pulsars and Gravitational Waves Research,Pulsars and Gravitational Waves Research,0,2025
https://openalex.org/W2153616660,2012,SWIFT J2058.4+0516: DISCOVERY OF A POSSIBLE SECOND RELATIVISTIC TIDAL DISRUPTION FLARE?,gamma_ray_bursts_and_supernovae,Astronomy and Astrophysics,61024309,61024309,0,,W2153616660,10.1088/0004-637x/753/1/77,392,20,openalex_v3_query_core,0,,strict,Astrophysical Phenomena and Observations,61024309,Astrophysical Phenomena and Observations,Astrophysical Phenomena and Observations,0,2025
https://openalex.org/W2282918067,2017,A White Paper on keV sterile neutrino Dark Matter,gamma_ray_bursts_and_supernovae,Nuclear and High Energy Physics,63152924,63152924,0,,W2282918067,10.1088/1475-7516/2017/01/025,388,952,openalex_v3_query_core,0,,strict,Dark Matter and Cosmic Phenomena,63152924,Dark Matter and Cosmic Phenomena,Dark Matter and Cosmic Phenomena,0,2025
https://openalex.org/W2463187933,2016,DARWIN: towards the ultimate dark matter detector,gamma_ray_bursts_and_supernovae,Nuclear and High Energy Physics,63152924,63152924,0,,W2463187933,10.1088/1475-7516/2016/11/017,387,155,openalex_v3_query_core,0,,strict,Dark Matter and Cosmic Phenomena,63152924,Dark Matter and Cosmic Phenomena,Dark Matter and Cosmic Phenomena,0,2025
https://openalex.org/W2114603323,2008,"Measuring the cosmological parameters with the<i>E</i><sub>p,<i>i</i></sub>-<i>E</i><sub>iso</sub>correlation of gamma-ray bursts",gamma_ray_bursts_and_supernovae,Astronomy and Astrophysics,63203493,63203493,0,,W2114603323,10.1111/j.1365-2966.2008.13943.x,385,66,openalex_v3_query_core,0,,strict,Gamma-ray bursts and supernovae,63203493,Gamma-ray bursts and supernovae,Gamma-ray bursts and supernovae,0,2025
https://openalex.org/W2118143333,2008,Spectropolarimetry of Supernovae,gamma_ray_bursts_and_supernovae,Astronomy and Astrophysics,63203493,63203493,0,,W2118143333,10.1146/annurev.astro.46.060407.145139,385,183,openalex_v3_query_core,0,,strict,Gamma-ray bursts and supernovae,63203493,Gamma-ray bursts and supernovae,Gamma-ray bursts and supernovae,0,2025
https://openalex.org/W2007523837,2010,Quantum metrology for gravitational wave astronomy,gamma_ray_bursts_and_supernovae,Astronomy and Astrophysics,60973087,60973087,0,,W2007523837,10.1038/ncomms1122,385,107,openalex_v3_query_core,0,,strict,Pulsars and Gravitational Waves Research,60973087,Pulsars and Gravitational Waves Research,Pulsars and Gravitational Waves Research,0,2025
https://openalex.org/W2234367346,2016,Dynamical mass ejection from binary neutron star mergers,gamma_ray_bursts_and_supernovae,Astronomy and Astrophysics,60973087,60973087,0,,W2234367346,10.1093/mnras/stw1227,382,167,openalex_v3_query_core,0,,strict,Pulsars and Gravitational Waves Research,60973087,Pulsars and Gravitational Waves Research,Pulsars and Gravitational Waves Research,0,2025
https://openalex.org/W2144520777,2003,Numerical Hydrodynamics in Special Relativity,gamma_ray_bursts_and_supernovae,Nuclear and High Energy Physics,61041081,61041081,0,,W2144520777,10.12942/lrr-2003-7,377,374,openalex_v3_query_core,0,,strict,Astrophysics and Cosmic Phenomena,61041081,Astrophysics and Cosmic Phenomena,Astrophysics and Cosmic Phenomena,0,2025
https://openalex.org/W2018133573,2014,"A single low-energy, iron-poor supernova as the source of metals in the star SMSS J031300.36−670839.3",gamma_ray_bursts_and_supernovae,Astronomy and Astrophysics,63203493,63203493,0,,W2018133573,10.1038/nature12990,377,43,openalex_v3_query_core,0,,strict,Gamma-ray bursts and supernovae,63203493,Gamma-ray bursts and supernovae,Gamma-ray bursts and supernovae,0,2025
https://openalex.org/W1982496618,2006,The halo mass function from the dark ages through the present day,gamma_ray_bursts_and_supernovae,Astronomy and Astrophysics,60903922,60903922,0,,W1982496618,10.1111/j.1365-2966.2006.11204.x,375,72,openalex_v3_query_core,0,,strict,"Galaxies: Formation, Evolution, Phenomena",60903922,"Galaxies: Formation, Evolution, Phenomena","Galaxies: Formation, Evolution, Phenomena",0,2025
https://openalex.org/W1677253155,2009,Global Catastrophic Risks,gamma_ray_bursts_and_supernovae,Astronomy and Astrophysics,65521019,65521019,0,,W1677253155,10.1108/dpm.2009.07318cae.003,372,0,openalex_v3_query_core,0,,strict,Space Science and Extraterrestrial Life,65521019,Space Science and Extraterrestrial Life,Space Science and Extraterrestrial Life,0,2025
https://openalex.org/W2135125925,1994,The Galactic supernova rate,gamma_ray_bursts_and_supernovae,Astronomy and Astrophysics,63203493,63203493,0,,W2135125925,10.1086/192002,370,0,openalex_v3_query_core,0,,strict,Gamma-ray bursts and supernovae,63203493,Gamma-ray bursts and supernovae,Gamma-ray bursts and supernovae,0,2025
https://openalex.org/W2494965147,2003,From Twilight to Highlight: The Physics of Supernovae,gamma_ray_bursts_and_supernovae,Astronomy and Astrophysics,63203493,63203493,0,,W2494965147,10.1007/b80349,370,0,openalex_v3_query_core,0,,strict,Gamma-ray bursts and supernovae,63203493,Gamma-ray bursts and supernovae,Gamma-ray bursts and supernovae,0,2025
https://openalex.org/W2577231583,2017,Millisecond Magnetar Birth Connects FRB 121102 to Superluminous Supernovae and Long-duration Gamma-Ray Bursts,gamma_ray_bursts_and_supernovae,Astronomy and Astrophysics,63203493,63203493,0,,W2577231583,10.3847/1538-4357/aa633d,369,151,openalex_v3_query_core,0,,strict,Gamma-ray bursts and supernovae,63203493,Gamma-ray bursts and supernovae,Gamma-ray bursts and supernovae,0,2025
https://openalex.org/W2084883277,2004,"Magnetar Spin‐Down, Hyperenergetic Supernovae, and Gamma‐Ray Bursts",gamma_ray_bursts_and_supernovae,Astronomy and Astrophysics,63203493,63203493,0,,W2084883277,10.1086/421969,368,92,openalex_v3_query_core,0,,strict,Gamma-ray bursts and supernovae,63203493,Gamma-ray bursts and supernovae,Gamma-ray bursts and supernovae,0,2025
https://openalex.org/W2579264406,2017,Confined dense circumstellar material surrounding a regular type II supernova,gamma_ray_bursts_and_supernovae,Astronomy and Astrophysics,63203493,63203493,0,,W2579264406,10.1038/nphys4025,368,87,openalex_v3_query_core,0,,strict,Gamma-ray bursts and supernovae,63203493,Gamma-ray bursts and supernovae,Gamma-ray bursts and supernovae,0,2025
https://openalex.org/W1992367050,2000,"Asymmetric Supernovae, Pulsars, Magnetars, and Gamma‐Ray Bursts",gamma_ray_bursts_and_supernovae,Astronomy and Astrophysics,63203493,63203493,0,,W1992367050,10.1086/309055,366,79,openalex_v3_query_core,0,,strict,Gamma-ray bursts and supernovae,63203493,Gamma-ray bursts and supernovae,Gamma-ray bursts and supernovae,0,2025
https://openalex.org/W2604642821,2017,Formation of the first three gravitational-wave observations through isolated binary evolution,gamma_ray_bursts_and_supernovae,Astronomy and Astrophysics,60973087,60973087,0,,W2604642821,10.1038/ncomms14906,366,104,openalex_v3_query_core,0,,strict,Pulsars and Gravitational Waves Research,60973087,Pulsars and Gravitational Waves Research,Pulsars and Gravitational Waves Research,0,2025
https://openalex.org/W2039045484,2013,Delayed outflows from black hole accretion tori following neutron star binary coalescence,gamma_ray_bursts_and_supernovae,Astronomy and Astrophysics,60973087,60973087,0,,W2039045484,10.1093/mnras/stt1312,361,125,openalex_v3_query_core,0,,strict,Pulsars and Gravitational Waves Research,60973087,Pulsars and Gravitational Waves Research,Pulsars and Gravitational Waves Research,0,2025
https://openalex.org/W2132829323,2000,Phases of dense matter in neutron stars,gamma_ray_bursts_and_supernovae,Astronomy and Astrophysics,60973087,60973087,0,,W2132829323,10.1016/s0370-1573(99)00110-6,360,2,openalex_v3_query_core,0,,strict,Pulsars and Gravitational Waves Research,60973087,Pulsars and Gravitational Waves Research,Pulsars and Gravitational Waves Research,0,2025
https://openalex.org/W2114934226,2007,Relativistic Fluid Dynamics: Physics for Many Different Scales,gamma_ray_bursts_and_supernovae,Nuclear and High Energy Physics,60989728,60989728,0,,W2114934226,10.12942/lrr-2007-1,360,353,openalex_v3_query_core,0,,strict,High-Energy Particle Collisions Research,60989728,High-Energy Particle Collisions Research,High-Energy Particle Collisions Research,0,2025
https://openalex.org/W1991506407,2008,MEASURED METALLICITIES AT THE SITES OF NEARBY BROAD-LINED TYPE Ic SUPERNOVAE AND IMPLICATIONS FOR THE SUPERNOVAE GAMMA-RAY BURST CONNECTION,gamma_ray_bursts_and_supernovae,Astronomy and Astrophysics,63203493,63203493,0,,W1991506407,10.1088/0004-6256/135/4/1136,360,176,openalex_v3_query_core,0,,strict,Gamma-ray bursts and supernovae,63203493,Gamma-ray bursts and supernovae,Gamma-ray bursts and supernovae,0,2025
https://openalex.org/W1994144623,2014,THE INCIDENCE OF STELLAR MERGERS AND MASS GAINERS AMONG MASSIVE STARS,gamma_ray_bursts_and_supernovae,Astronomy and Astrophysics,60904056,60904056,0,,W1994144623,10.1088/0004-637x/782/1/7,360,67,openalex_v3_query_core,0,,strict,"Stellar, planetary, and galactic studies",60904056,"Stellar, planetary, and galactic studies","Stellar, planetary, and galactic studies",0,2025
https://openalex.org/W2754382496,2018,Primordial black hole dark matter from single field inflation,gamma_ray_bursts_and_supernovae,Astronomy and Astrophysics,60904838,60904838,0,,W2754382496,10.1103/physrevd.97.023501,355,99,openalex_v3_query_core,0,,strict,Cosmology and Gravitation Theories,60904838,Cosmology and Gravitation Theories,Cosmology and Gravitation Theories,0,2025
https://openalex.org/W2144857399,2000,Gamma‐Ray Bursts as a Probe of the Very High Redshift Universe,gamma_ray_bursts_and_supernovae,Astronomy and Astrophysics,63203493,63203493,0,,W2144857399,10.1086/308918,354,77,openalex_v3_query_core,0,,strict,Gamma-ray bursts and supernovae,63203493,Gamma-ray bursts and supernovae,Gamma-ray bursts and supernovae,0,2025
https://openalex.org/W2165678993,2010,THE AFTERGLOWS OF<i>SWIFT</i>-ERA GAMMA-RAY BURSTS. I. COMPARING PRE-<i>SWIFT</i>AND<i>SWIFT</i>-ERA LONG/SOFT (TYPE II) GRB OPTICAL AFTERGLOWS,gamma_ray_bursts_and_supernovae,Astronomy and Astrophysics,63203493,63203493,0,,W2165678993,10.1088/0004-637x/720/2/1513,354,464,openalex_v3_query_core,0,,strict,Gamma-ray bursts and supernovae,63203493,Gamma-ray bursts and supernovae,Gamma-ray bursts and supernovae,0,2025
https://openalex.org/W2052024119,2012,PTF 11kx: A Type Ia Supernova with a Symbiotic Nova Progenitor,gamma_ray_bursts_and_supernovae,Astronomy and Astrophysics,63203493,63203493,0,,W2052024119,10.1126/science.1219164,353,63,openalex_v3_query_core,0,,strict,Gamma-ray bursts and supernovae,63203493,Gamma-ray bursts and supernovae,Gamma-ray bursts and supernovae,0,2025
https://openalex.org/W2951739089,1997,Variability in Gamma‐Ray Bursts: A Clue,gamma_ray_bursts_and_supernovae,Astronomy and Astrophysics,63203493,63203493,0,,W2951739089,10.1086/304428,348,20,openalex_v3_query_core,0,,strict,Gamma-ray bursts and supernovae,63203493,Gamma-ray bursts and supernovae,Gamma-ray bursts and supernovae,0,2025
https://openalex.org/W2012360551,2001,On the Association of Gamma‐Ray Bursts with Massive Stars: Implications for Number Counts and Lensing Statistics,gamma_ray_bursts_and_supernovae,Astronomy and Astrophysics,63203493,63203493,0,,W2012360551,10.1086/319027,347,70,openalex_v3_query_core,0,,strict,Gamma-ray bursts and supernovae,63203493,Gamma-ray bursts and supernovae,Gamma-ray bursts and supernovae,0,2025
https://openalex.org/W2951135371,2016,Prospects for Observing and Localizing Gravitational-Wave Transients with Advanced LIGO and Advanced Virgo,gamma_ray_bursts_and_supernovae,Astronomy and Astrophysics,60973087,60973087,0,,W2951135371,,347,96,openalex_v3_query_core,0,,strict,Pulsars and Gravitational Waves Research,60973087,Pulsars and Gravitational Waves Research,Pulsars and Gravitational Waves Research,0,2025
https://openalex.org/W2969676596,2020,"Evolutionary roads leading to low effective spins, high black hole masses, and O1/O2 rates for LIGO/Virgo binary black holes",gamma_ray_bursts_and_supernovae,Astronomy and Astrophysics,60973087,60973087,0,,W2969676596,10.1051/0004-6361/201936528,347,197,openalex_v3_query_core,0,,strict,Pulsars and Gravitational Waves Research,60973087,Pulsars and Gravitational Waves Research,Pulsars and Gravitational Waves Research,0,2025
https://openalex.org/W1897518387,2012,"Berkeley Supernova Ia Program - I. Observations, data reduction and spectroscopic sample of 582 low-redshift Type Ia supernovae",gamma_ray_bursts_and_supernovae,Astronomy and Astrophysics,63203493,63203493,0,,W1897518387,10.1111/j.1365-2966.2012.21270.x,344,116,openalex_v3_query_core,0,,strict,Gamma-ray bursts and supernovae,63203493,Gamma-ray bursts and supernovae,Gamma-ray bursts and supernovae,0,2025
https://openalex.org/W2162783209,2002,Radio Emission from Supernovae and Gamma-Ray Bursters,gamma_ray_bursts_and_supernovae,Astronomy and Astrophysics,63203493,63203493,0,,W2162783209,10.1146/annurev.astro.40.060401.093744,343,144,openalex_v3_query_core,0,,strict,Gamma-ray bursts and supernovae,63203493,Gamma-ray bursts and supernovae,Gamma-ray bursts and supernovae,0,2025
https://openalex.org/W2143529851,2008,Probes and Tests of Strong-Field Gravity with Observations in the Electromagnetic Spectrum,gamma_ray_bursts_and_supernovae,Astronomy and Astrophysics,60973087,60973087,0,,W2143529851,10.12942/lrr-2008-9,342,177,openalex_v3_query_core,0,,strict,Pulsars and Gravitational Waves Research,60973087,Pulsars and Gravitational Waves Research,Pulsars and Gravitational Waves Research,0,2025
https://openalex.org/W2145186719,2005,The all-sky distribution of 511 keV electron-positron annihilation emission,gamma_ray_bursts_and_supernovae,Nuclear and High Energy Physics,61041081,61041081,0,,W2145186719,10.1051/0004-6361:20042063,338,83,openalex_v3_query_core,0,,strict,Astrophysics and Cosmic Phenomena,61041081,Astrophysics and Cosmic Phenomena,Astrophysics and Cosmic Phenomena,0,2025
https://openalex.org/W2903375752,2019,Formation and evolution of primordial black hole binaries in the early universe,gamma_ray_bursts_and_supernovae,Astronomy and Astrophysics,60973087,60973087,0,,W2903375752,10.1088/1475-7516/2019/02/018,335,108,openalex_v3_query_core,0,,strict,Pulsars and Gravitational Waves Research,60973087,Pulsars and Gravitational Waves Research,Pulsars and Gravitational Waves Research,0,2025
https://openalex.org/W2009850378,1999,Jet-induced Explosions of Core Collapse Supernovae,gamma_ray_bursts_and_supernovae,Astronomy and Astrophysics,63203493,63203493,0,,W2009850378,10.1086/312305,334,29,openalex_v3_query_core,0,,strict,Gamma-ray bursts and supernovae,63203493,Gamma-ray bursts and supernovae,Gamma-ray bursts and supernovae,0,2025
https://openalex.org/W1842074407,2016,Bolometric light curves and explosion parameters of 38 stripped-envelope core-collapse supernovae,gamma_ray_bursts_and_supernovae,Astronomy and Astrophysics,63203493,63203493,0,,W1842074407,10.1093/mnras/stv2983,334,257,openalex_v3_query_core,0,,strict,Gamma-ray bursts and supernovae,63203493,Gamma-ray bursts and supernovae,Gamma-ray bursts and supernovae,0,2025
https://openalex.org/W2953976909,2019,Conditions for Reionizing the Universe with a Low Galaxy Ionizing Photon Escape Fraction,gamma_ray_bursts_and_supernovae,Astronomy and Astrophysics,60903922,60903922,0,,W2953976909,10.3847/1538-4357/ab1ea8,334,269,openalex_v3_query_core,0,,strict,"Galaxies: Formation, Evolution, Phenomena",60903922,"Galaxies: Formation, Evolution, Phenomena","Galaxies: Formation, Evolution, Phenomena",0,2025
https://openalex.org/W4311582376,2022,A kilonova following a long-duration gamma-ray burst at 350 Mpc,gamma_ray_bursts_and_supernovae,Astronomy and Astrophysics,63203493,63203493,0,,W4311582376,10.1038/s41586-022-05390-w,334,241,openalex_v3_query_core,0,,strict,Gamma-ray bursts and supernovae,63203493,Gamma-ray bursts and supernovae,Gamma-ray bursts and supernovae,0,2025
https://openalex.org/W3012809902,2020,Design and Operation of the ATLAS Transient Science Server,gamma_ray_bursts_and_supernovae,Astronomy and Astrophysics,63203493,63203493,0,,W3012809902,10.1088/1538-3873/ab936e,333,90,openalex_v3_query_core,0,,strict,Gamma-ray bursts and supernovae,63203493,Gamma-ray bursts and supernovae,Gamma-ray bursts and supernovae,0,2025
https://openalex.org/W2138040517,2010,The luminosity function and the rate of Swift's gamma-ray bursts,gamma_ray_bursts_and_supernovae,Astronomy and Astrophysics,63203493,63203493,0,,W2138040517,10.1111/j.1365-2966.2010.16787.x,330,98,openalex_v3_query_core,0,,strict,Gamma-ray bursts and supernovae,63203493,Gamma-ray bursts and supernovae,Gamma-ray bursts and supernovae,0,2025
https://openalex.org/W1891417619,2015,EVIDENCE FOR PopIII-LIKE STELLAR POPULATIONS IN THE MOST LUMINOUS Ly<i>α</i>EMITTERS AT THE EPOCH OF REIONIZATION: SPECTROSCOPIC CONFIRMATION,gamma_ray_bursts_and_supernovae,Astronomy and Astrophysics,60903922,60903922,0,,W1891417619,10.1088/0004-637x/808/2/139,330,157,openalex_v3_query_core,0,,strict,"Galaxies: Formation, Evolution, Phenomena",60903922,"Galaxies: Formation, Evolution, Phenomena","Galaxies: Formation, Evolution, Phenomena",0,2025
https://openalex.org/W4242348366,2016,Protostellar Outflows,gamma_ray_bursts_and_supernovae,Astronomy and Astrophysics,60973222,60973222,0,,W4242348366,10.1146/annurev-astro-081915-023341,330,359,openalex_v3_query_core,0,,strict,Astrophysics and Star Formation Studies,60973222,Astrophysics and Star Formation Studies,Astrophysics and Star Formation Studies,0,2025
https://openalex.org/W4386304230,2023,Seven Hints That Early-Time New Physics Alone Is Not Sufficient to Solve the Hubble Tension,gamma_ray_bursts_and_supernovae,Astronomy and Astrophysics,60904838,60904838,0,,W4386304230,10.3390/universe9090393,329,814,openalex_v3_query_core,0,,strict,Cosmology and Gravitation Theories,60904838,Cosmology and Gravitation Theories,Cosmology and Gravitation Theories,0,2025
https://openalex.org/W2130343731,2012,The design and performance of IceCube DeepCore,gamma_ray_bursts_and_supernovae,Nuclear and High Energy Physics,61041081,61041081,0,,W2130343731,10.1016/j.astropartphys.2012.01.004,325,26,openalex_v3_query_core,0,,strict,Astrophysics and Cosmic Phenomena,61041081,Astrophysics and Cosmic Phenomena,Astrophysics and Cosmic Phenomena,0,2025
https://openalex.org/W2321539958,2016,"Maximum mass, moment of inertia and compactness of relativistic stars",gamma_ray_bursts_and_supernovae,Astronomy and Astrophysics,60973087,60973087,0,,W2321539958,10.1093/mnras/stw575,325,83,openalex_v3_query_core,0,,strict,Pulsars and Gravitational Waves Research,60973087,Pulsars and Gravitational Waves Research,Pulsars and Gravitational Waves Research,0,2025
https://openalex.org/W2070584376,2000,Gamma-Ray Burst Afterglows,gamma_ray_bursts_and_supernovae,Astronomy and Astrophysics,63203493,63203493,0,,W2070584376,10.1146/annurev.astro.38.1.379,324,230,openalex_v3_query_core,0,,strict,Gamma-ray bursts and supernovae,63203493,Gamma-ray bursts and supernovae,Gamma-ray bursts and supernovae,0,2025
https://openalex.org/W2170502516,2013,Science with the Murchison Widefield Array,gamma_ray_bursts_and_supernovae,Astronomy and Astrophysics,65469135,65469135,0,,W2170502516,10.1017/pas.2013.009,323,316,openalex_v3_query_core,0,,strict,Radio Astronomy Observations and Technology,65469135,Radio Astronomy Observations and Technology,Radio Astronomy Observations and Technology,0,2025
https://openalex.org/W2106891871,2010,A relativistic type Ibc supernova without a detected γ-ray burst,gamma_ray_bursts_and_supernovae,Astronomy and Astrophysics,63203493,63203493,0,,W2106891871,10.1038/nature08714,321,37,openalex_v3_query_core,0,,strict,Gamma-ray bursts and supernovae,63203493,Gamma-ray bursts and supernovae,Gamma-ray bursts and supernovae,0,2025
https://openalex.org/W2956056565,2019,A fast radio burst localized to a massive galaxy,gamma_ray_bursts_and_supernovae,Astronomy and Astrophysics,60973087,60973087,0,,W2956056565,10.1038/s41586-019-1389-7,321,47,openalex_v3_query_core,0,,strict,Pulsars and Gravitational Waves Research,60973087,Pulsars and Gravitational Waves Research,Pulsars and Gravitational Waves Research,0,2025
https://openalex.org/W2760082781,2018,Tests of chameleon gravity,gamma_ray_bursts_and_supernovae,Nuclear and High Energy Physics,63152924,63152924,0,,W2760082781,10.1007/s41114-018-0011-x,316,180,openalex_v3_query_core,0,,strict,Dark Matter and Cosmic Phenomena,63152924,Dark Matter and Cosmic Phenomena,Dark Matter and Cosmic Phenomena,0,2025
https://openalex.org/W2587271244,2017,Stellar cooling bounds on new light particles: plasma mixing effects,gamma_ray_bursts_and_supernovae,Astronomy and Astrophysics,60904838,60904838,0,,W2587271244,10.1007/jhep02(2017)033,315,32,openalex_v3_query_core,0,,strict,Cosmology and Gravitation Theories,60904838,Cosmology and Gravitation Theories,Cosmology and Gravitation Theories,0,2025
https://openalex.org/W2141996387,2007,The empirical metallicity dependence of the mass-loss rate of O- and early B-type stars,gamma_ray_bursts_and_supernovae,Astronomy and Astrophysics,60904056,60904056,0,,W2141996387,10.1051/0004-6361:20077545,314,78,openalex_v3_query_core,0,,strict,"Stellar, planetary, and galactic studies",60904056,"Stellar, planetary, and galactic studies","Stellar, planetary, and galactic studies",0,2025
https://openalex.org/W2142647420,2001,Fundamental Physical Parameters of Collimated Gamma-Ray Burst Afterglows,gamma_ray_bursts_and_supernovae,Astronomy and Astrophysics,63203493,63203493,0,,W2142647420,10.1086/324061,313,30,openalex_v3_query_core,0,,strict,Gamma-ray bursts and supernovae,63203493,Gamma-ray bursts and supernovae,Gamma-ray bursts and supernovae,0,2025
https://openalex.org/W1990487817,2006,"Explosion mechanism, neutrino burst and gravitational wave in core-collapse supernovae",gamma_ray_bursts_and_supernovae,Nuclear and High Energy Physics,61058366,61058366,0,,W1990487817,10.1088/0034-4885/69/4/r03,312,297,openalex_v3_query_core,0,,strict,Neutrino Physics Research,61058366,Neutrino Physics Research,Neutrino Physics Research,0,2025
https://openalex.org/W2161437049,2015,The Nine Lives of Cosmic Rays in Galaxies,gamma_ray_bursts_and_supernovae,Nuclear and High Energy Physics,61041081,61041081,0,,W2161437049,10.1146/annurev-astro-082214-122457,312,429,openalex_v3_query_core,0,,strict,Astrophysics and Cosmic Phenomena,61041081,Astrophysics and Cosmic Phenomena,Astrophysics and Cosmic Phenomena,0,2025
https://openalex.org/W2027114842,2006,A neutron-star-driven X-ray flash associated with supernova SN 2006aj,gamma_ray_bursts_and_supernovae,Astronomy and Astrophysics,63203493,63203493,0,,W2027114842,10.1038/nature05081,310,39,openalex_v3_query_core,0,,strict,Gamma-ray bursts and supernovae,63203493,Gamma-ray bursts and supernovae,Gamma-ray bursts and supernovae,0,2025
https://openalex.org/W2094575668,2011,"ACCELERATING COMPACT OBJECT MERGERS IN TRIPLE SYSTEMS WITH THE KOZAI RESONANCE: A MECHANISM FOR “PROMPT” TYPE Ia SUPERNOVAE, GAMMA-RAY BURSTS, AND OTHER EXOTICA",gamma_ray_bursts_and_supernovae,Astronomy and Astrophysics,63203493,63203493,0,,W2094575668,10.1088/0004-637x/741/2/82,310,134,openalex_v3_query_core,0,,strict,Gamma-ray bursts and supernovae,63203493,Gamma-ray bursts and supernovae,Gamma-ray bursts and supernovae,0,2025
https://openalex.org/W2037953664,2013,THE LOCATIONS OF SHORT GAMMA-RAY BURSTS AS EVIDENCE FOR COMPACT OBJECT BINARY PROGENITORS,gamma_ray_bursts_and_supernovae,Astronomy and Astrophysics,63203493,63203493,0,,W2037953664,10.1088/0004-637x/776/1/18,310,101,openalex_v3_query_core,0,,strict,Gamma-ray bursts and supernovae,63203493,Gamma-ray bursts and supernovae,Gamma-ray bursts and supernovae,0,2025
https://openalex.org/W3182570346,2022,Constraining neutron-star matter with microscopic and macroscopic collisions,gamma_ray_bursts_and_supernovae,Astronomy and Astrophysics,60973087,60973087,0,,W3182570346,10.1038/s41586-022-04750-w,310,134,openalex_v3_query_core,0,,strict,Pulsars and Gravitational Waves Research,60973087,Pulsars and Gravitational Waves Research,Pulsars and Gravitational Waves Research,0,2025
https://openalex.org/W2009309009,2007,"Low‐Luminosity Gamma‐Ray Bursts as a Unique Population: Luminosity Function, Local Rate, and Beaming Factor",gamma_ray_bursts_and_supernovae,Astronomy and Astrophysics,63203493,63203493,0,,W2009309009,10.1086/517959,309,75,openalex_v3_query_core,0,,strict,Gamma-ray bursts and supernovae,63203493,Gamma-ray bursts and supernovae,Gamma-ray bursts and supernovae,0,2025
https://openalex.org/W2015774547,2008,Numerical Hydrodynamics and Magnetohydrodynamics in General Relativity,gamma_ray_bursts_and_supernovae,Astronomy and Astrophysics,60973087,60973087,0,,W2015774547,10.12942/lrr-2008-7,308,552,openalex_v3_query_core,0,,strict,Pulsars and Gravitational Waves Research,60973087,Pulsars and Gravitational Waves Research,Pulsars and Gravitational Waves Research,0,2025
https://openalex.org/W3041290252,2020,The Cosmic Baryon and Metal Cycles,gamma_ray_bursts_and_supernovae,Astronomy and Astrophysics,60903922,60903922,0,,W3041290252,10.1146/annurev-astro-021820-120014,308,213,openalex_v3_query_core,0,,strict,"Galaxies: Formation, Evolution, Phenomena",60903922,"Galaxies: Formation, Evolution, Phenomena","Galaxies: Formation, Evolution, Phenomena",0,2025
https://openalex.org/W1995522939,2009,FROM SHOCK BREAKOUT TO PEAK AND BEYOND: EXTENSIVE PANCHROMATIC OBSERVATIONS OF THE TYPE Ib SUPERNOVA 2008D ASSOCIATED WITH<i>SWIFT</i>X-RAY TRANSIENT 080109,gamma_ray_bursts_and_supernovae,Astronomy and Astrophysics,63203493,63203493,0,,W1995522939,10.1088/0004-637x/702/1/226,307,202,openalex_v3_query_core,0,,strict,Gamma-ray bursts and supernovae,63203493,Gamma-ray bursts and supernovae,Gamma-ray bursts and supernovae,0,2025
https://openalex.org/W1908053728,2015,A possible macronova in the late afterglow of the long–short burst GRB 060614,gamma_ray_bursts_and_supernovae,Astronomy and Astrophysics,63203493,63203493,0,,W1908053728,10.1038/ncomms8323,307,45,openalex_v3_query_core,0,,strict,Gamma-ray bursts and supernovae,63203493,Gamma-ray bursts and supernovae,Gamma-ray bursts and supernovae,0,2025
https://openalex.org/W2753626351,2017,"Dark energy two decades after: observables, probes, consistency tests",gamma_ray_bursts_and_supernovae,Astronomy and Astrophysics,60904838,60904838,0,,W2753626351,10.1088/1361-6633/aa997e,306,562,openalex_v3_query_core,0,,strict,Cosmology and Gravitation Theories,60904838,Cosmology and Gravitation Theories,Cosmology and Gravitation Theories,0,2025
https://openalex.org/W2114650648,2015,A very luminous magnetar-powered supernova associated with an ultra-long γ-ray burst,gamma_ray_bursts_and_supernovae,Astronomy and Astrophysics,63203493,63203493,0,,W2114650648,10.1038/nature14579,304,67,openalex_v3_query_core,0,,strict,Gamma-ray bursts and supernovae,63203493,Gamma-ray bursts and supernovae,Gamma-ray bursts and supernovae,0,2025
https://openalex.org/W4211062540,2013,The death of massive stars - II. Observational constraints on the progenitors of Type Ibc supernovae,gamma_ray_bursts_and_supernovae,Astronomy and Astrophysics,63203493,63203493,0,,W4211062540,10.1093/mnras/stt1612,303,160,openalex_v3_query_core,0,,strict,Gamma-ray bursts and supernovae,63203493,Gamma-ray bursts and supernovae,Gamma-ray bursts and supernovae,0,2025
https://openalex.org/W2980421388,2019,The effect of the metallicity-specific star formation history on double compact object mergers,gamma_ray_bursts_and_supernovae,Astronomy and Astrophysics,60973087,60973087,0,,W2980421388,10.1093/mnras/stz2840,301,155,openalex_v3_query_core,0,,strict,Pulsars and Gravitational Waves Research,60973087,Pulsars and Gravitational Waves Research,Pulsars and Gravitational Waves Research,0,2025
https://openalex.org/W2043958125,2006,Closing in on a Short‐Hard Burst Progenitor: Constraints from Early‐Time Optical Imaging and Spectroscopy of a Possible Host Galaxy of GRB 050509b,gamma_ray_bursts_and_supernovae,Astronomy and Astrophysics,63203493,63203493,0,,W2043958125,10.1086/498107,298,100,openalex_v3_query_core,0,,strict,Gamma-ray bursts and supernovae,63203493,Gamma-ray bursts and supernovae,Gamma-ray bursts and supernovae,0,2025
https://openalex.org/W2131661760,2013,A NEW POPULATION OF ULTRA-LONG DURATION GAMMA-RAY BURSTS,gamma_ray_bursts_and_supernovae,Astronomy and Astrophysics,63203493,63203493,0,,W2131661760,10.1088/0004-637x/781/1/13,298,179,openalex_v3_query_core,0,,strict,Gamma-ray bursts and supernovae,63203493,Gamma-ray bursts and supernovae,Gamma-ray bursts and supernovae,0,2025
https://openalex.org/W4311370693,2022,Unveiling the Universe with emerging cosmological probes,gamma_ray_bursts_and_supernovae,Astronomy and Astrophysics,60904838,60904838,0,,W4311370693,10.1007/s41114-022-00040-z,296,998,openalex_v3_query_core,0,,strict,Cosmology and Gravitation Theories,60904838,Cosmology and Gravitation Theories,Cosmology and Gravitation Theories,0,2025
https://openalex.org/W1963927651,1999,Gamma‐Ray Bursts and Type Ic Supernova SN 1998bw,gamma_ray_bursts_and_supernovae,Astronomy and Astrophysics,63203493,63203493,0,,W1963927651,10.1086/307131,294,32,openalex_v3_query_core,0,,strict,Gamma-ray bursts and supernovae,63203493,Gamma-ray bursts and supernovae,Gamma-ray bursts and supernovae,0,2025
https://openalex.org/W2103734507,2004,UV star-formation rates of GRB host galaxies,gamma_ray_bursts_and_supernovae,Astronomy and Astrophysics,63203493,63203493,0,,W2103734507,10.1051/0004-6361:20040361,294,84,openalex_v3_query_core,0,,strict,Gamma-ray bursts and supernovae,63203493,Gamma-ray bursts and supernovae,Gamma-ray bursts and supernovae,0,2025
https://openalex.org/W2006876891,2013,TeV–PeV Neutrinos from Low-Power Gamma-Ray Burst Jets inside Stars,gamma_ray_bursts_and_supernovae,Astronomy and Astrophysics,63203493,63203493,0,,W2006876891,10.1103/physrevlett.111.121102,293,85,openalex_v3_query_core,0,,strict,Gamma-ray bursts and supernovae,63203493,Gamma-ray bursts and supernovae,Gamma-ray bursts and supernovae,0,2025
https://openalex.org/W2099074969,2003,High-resolution calculations of merging neutron stars - III. Gamma-ray bursts,gamma_ray_bursts_and_supernovae,Astronomy and Astrophysics,63203493,63203493,0,,W2099074969,10.1046/j.1365-2966.2003.07032.x,290,76,openalex_v3_query_core,0,,strict,Gamma-ray bursts and supernovae,63203493,Gamma-ray bursts and supernovae,Gamma-ray bursts and supernovae,0,2025
https://openalex.org/W4293228807,2013,The IACOB project,gamma_ray_bursts_and_supernovae,Astronomy and Astrophysics,60904056,60904056,0,,W4293228807,10.1051/0004-6361/201322758,285,53,openalex_v3_query_core,0,,strict,"Stellar, planetary, and galactic studies",60904056,"Stellar, planetary, and galactic studies","Stellar, planetary, and galactic studies",0,2025
https://openalex.org/W2187412646,2015,A large-scale dynamo and magnetoturbulence in rapidly rotating core-collapse supernovae,gamma_ray_bursts_and_supernovae,Astronomy and Astrophysics,63203493,63203493,0,,W2187412646,10.1038/nature15755,285,67,openalex_v3_query_core,0,,strict,Gamma-ray bursts and supernovae,63203493,Gamma-ray bursts and supernovae,Gamma-ray bursts and supernovae,0,2025
https://openalex.org/W2982498574,2019,A noninteracting low-mass black hole–giant star binary system,gamma_ray_bursts_and_supernovae,Astronomy and Astrophysics,61024309,61024309,0,,W2982498574,10.1126/science.aau4005,282,136,openalex_v3_query_core,0,,strict,Astrophysical Phenomena and Observations,61024309,Astrophysical Phenomena and Observations,Astrophysical Phenomena and Observations,0,2025
https://openalex.org/W2133434171,2014,A real-time fast radio burst: polarization detection and multiwavelength follow-up,gamma_ray_bursts_and_supernovae,Astronomy and Astrophysics,60973087,60973087,0,,W2133434171,10.1093/mnras/stu2419,281,67,openalex_v3_query_core,0,,strict,Pulsars and Gravitational Waves Research,60973087,Pulsars and Gravitational Waves Research,Pulsars and Gravitational Waves Research,0,2025
https://openalex.org/W2339998256,2017,The Observer’s Guide to the Gamma-Ray Burst Supernova Connection,gamma_ray_bursts_and_supernovae,Astronomy and Astrophysics,63203493,63203493,0,,W2339998256,10.1155/2017/8929054,281,448,openalex_v3_query_core,0,,strict,Gamma-ray bursts and supernovae,63203493,Gamma-ray bursts and supernovae,Gamma-ray bursts and supernovae,0,2025
https://openalex.org/W2949295052,2019,"Primordial Black Holes as a Dark Matter Candidate Are Severely Constrained by the Galactic Center 511 keV<mml:math xmlns:mml=""http://www.w3.org/1998/Math/MathML"" display=""inline""><mml:mi>γ</mml:mi></mml:math>-Ray Line",gamma_ray_bursts_and_supernovae,Nuclear and High Energy Physics,63152924,63152924,0,,W2949295052,10.1103/physrevlett.123.251101,281,127,openalex_v3_query_core,0,,strict,Dark Matter and Cosmic Phenomena,63152924,Dark Matter and Cosmic Phenomena,Dark Matter and Cosmic Phenomena,0,2025
https://openalex.org/W2138120263,2012,Binary Neutron Star Mergers,gamma_ray_bursts_and_supernovae,Astronomy and Astrophysics,60973087,60973087,0,,W2138120263,10.12942/lrr-2012-8,280,328,openalex_v3_query_core,0,,strict,Pulsars and Gravitational Waves Research,60973087,Pulsars and Gravitational Waves Research,Pulsars and Gravitational Waves Research,0,2025
https://openalex.org/W2050838288,2013,The electromagnetic signals of compact binary mergers,gamma_ray_bursts_and_supernovae,Astronomy and Astrophysics,63203493,63203493,0,,W2050838288,10.1093/mnras/stt037,279,113,openalex_v3_query_core,0,,strict,Gamma-ray bursts and supernovae,63203493,Gamma-ray bursts and supernovae,Gamma-ray bursts and supernovae,0,2025
https://openalex.org/W4289981565,2005,The rates of type Ia supernovae,gamma_ray_bursts_and_supernovae,Astronomy and Astrophysics,63203493,63203493,0,,W4289981565,10.1051/0004-6361:20052926,278,66,openalex_v3_query_core,0,,strict,Gamma-ray bursts and supernovae,63203493,Gamma-ray bursts and supernovae,Gamma-ray bursts and supernovae,0,2025
https://openalex.org/W3156992276,2021,Gravitational-wave physics and astronomy in the 2020s and 2030s,gamma_ray_bursts_and_supernovae,Astronomy and Astrophysics,60973087,60973087,0,,W3156992276,10.1038/s42254-021-00303-8,273,342,openalex_v3_query_core,0,,strict,Pulsars and Gravitational Waves Research,60973087,Pulsars and Gravitational Waves Research,Pulsars and Gravitational Waves Research,0,2025
https://openalex.org/W2015761949,2001,Conditions for shock revival by neutrino heating in core-collapse supernovae,gamma_ray_bursts_and_supernovae,Nuclear and High Energy Physics,61058366,61058366,0,,W2015761949,10.1051/0004-6361:20010012,272,72,openalex_v3_query_core,0,,strict,Neutrino Physics Research,61058366,Neutrino Physics Research,Neutrino Physics Research,0,2025
https://openalex.org/W4297902381,2012,Grids of stellar models with rotation,gamma_ray_bursts_and_supernovae,Astronomy and Astrophysics,63203493,63203493,0,,W4297902381,10.1051/0004-6361/201118340,270,121,openalex_v3_query_core,0,,strict,Gamma-ray bursts and supernovae,63203493,Gamma-ray bursts and supernovae,Gamma-ray bursts and supernovae,0,2025
https://openalex.org/W2753143624,2017,Revised constraints and Belle II sensitivity for visible and invisible axion-like particles,gamma_ray_bursts_and_supernovae,Nuclear and High Energy Physics,63152924,63152924,0,,W2753143624,10.1007/jhep12(2017)094,270,98,openalex_v3_query_core,0,,strict,Dark Matter and Cosmic Phenomena,63152924,Dark Matter and Cosmic Phenomena,Dark Matter and Cosmic Phenomena,0,2025
https://openalex.org/W1946166908,2006,Single star progenitors of long gamma-ray bursts I: Model grids and redshift dependent GRB rate,gamma_ray_bursts_and_supernovae,Astronomy and Astrophysics,63203493,63203493,0,,W1946166908,10.48550/arxiv.astro-ph/0606637,269,51,openalex_v3_query_core,0,,strict,Gamma-ray bursts and supernovae,63203493,Gamma-ray bursts and supernovae,Gamma-ray bursts and supernovae,0,2025
https://openalex.org/W2054289990,2008,Simulations of ultrarelativistic magnetodynamic jets from gamma-ray burst engines,gamma_ray_bursts_and_supernovae,Astronomy and Astrophysics,63203493,63203493,0,,W2054289990,10.1111/j.1365-2966.2008.13425.x,269,106,openalex_v3_query_core,0,,strict,Gamma-ray bursts and supernovae,63203493,Gamma-ray bursts and supernovae,Gamma-ray bursts and supernovae,0,2025
https://openalex.org/W2765909478,2017,Electromagnetic evidence that SSS17a is the result of a binary neutron star merger,gamma_ray_bursts_and_supernovae,Astronomy and Astrophysics,60973087,60973087,0,,W2765909478,10.1126/science.aaq0073,269,84,openalex_v3_query_core,0,,strict,Pulsars and Gravitational Waves Research,60973087,Pulsars and Gravitational Waves Research,Pulsars and Gravitational Waves Research,0,2025
https://openalex.org/W3196450357,2021,Unveiling the gravitational universe at μ-Hz frequencies,gamma_ray_bursts_and_supernovae,Astronomy and Astrophysics,60973087,60973087,0,,W3196450357,10.1007/s10686-021-09709-9,269,373,openalex_v3_query_core,0,,strict,Pulsars and Gravitational Waves Research,60973087,Pulsars and Gravitational Waves Research,Pulsars and Gravitational Waves Research,0,2025
https://openalex.org/W4311421419,2022,A nearby long gamma-ray burst from a merger of compact objects,gamma_ray_bursts_and_supernovae,Astronomy and Astrophysics,63203493,63203493,0,,W4311421419,10.1038/s41586-022-05327-3,269,100,openalex_v3_query_core,0,,strict,Gamma-ray bursts and supernovae,63203493,Gamma-ray bursts and supernovae,Gamma-ray bursts and supernovae,0,2025
https://openalex.org/W1802488628,2015,The diversity of transients from magnetar birth in core collapse supernovae,gamma_ray_bursts_and_supernovae,Astronomy and Astrophysics,63203493,63203493,0,,W1802488628,10.1093/mnras/stv2224,268,61,openalex_v3_query_core,0,,strict,Gamma-ray bursts and supernovae,63203493,Gamma-ray bursts and supernovae,Gamma-ray bursts and supernovae,0,2025
https://openalex.org/W2269221650,2015,NEUTRINO-DRIVEN WINDS IN THE AFTERMATH OF A NEUTRON STAR MERGER: NUCLEOSYNTHESIS AND ELECTROMAGNETIC TRANSIENTS,gamma_ray_bursts_and_supernovae,Astronomy and Astrophysics,63203493,63203493,0,,W2269221650,10.1088/0004-637x/813/1/2,266,120,openalex_v3_query_core,0,,strict,Gamma-ray bursts and supernovae,63203493,Gamma-ray bursts and supernovae,Gamma-ray bursts and supernovae,0,2025
https://openalex.org/W2094468854,2008,Science with ASKAP - the Australian Square Kilometre Array Pathfinder,gamma_ray_bursts_and_supernovae,Astronomy and Astrophysics,65469135,65469135,0,,W2094468854,10.48550/arxiv.0810.5187,262,307,openalex_v3_query_core,0,,strict,Radio Astronomy Observations and Technology,65469135,Radio Astronomy Observations and Technology,Radio Astronomy Observations and Technology,0,2025
https://openalex.org/W2148583944,1994,"The r-, s-, and p-Processes in Nucleosynthesis",gamma_ray_bursts_and_supernovae,Astronomy and Astrophysics,63203493,63203493,0,,W2148583944,10.1146/annurev.aa.32.090194.001101,260,4,openalex_v3_query_core,0,,strict,Gamma-ray bursts and supernovae,63203493,Gamma-ray bursts and supernovae,Gamma-ray bursts and supernovae,0,2025
https://openalex.org/W2311998796,2016,The microphysics of collisionless shock waves,gamma_ray_bursts_and_supernovae,Nuclear and High Energy Physics,61041081,61041081,0,,W2311998796,10.1088/0034-4885/79/4/046901,260,593,openalex_v3_query_core,0,,strict,Astrophysics and Cosmic Phenomena,61041081,Astrophysics and Cosmic Phenomena,Astrophysics and Cosmic Phenomena,0,2025
https://openalex.org/W4310103731,2015,Long-Baseline Neutrino Facility (LBNF) and Deep Underground Neutrino Experiment (DUNE) Conceptual Design Report Volume 2: The Physics Program for DUNE at LBNF,gamma_ray_bursts_and_supernovae,Nuclear and High Energy Physics,61058366,61058366,0,,W4310103731,10.48550/arxiv.1512.06148,259,0,openalex_v3_query_core,0,,strict,Neutrino Physics Research,61058366,Neutrino Physics Research,Neutrino Physics Research,0,2025
https://openalex.org/W2167098062,2013,A PANCHROMATIC VIEW OF THE RESTLESS SN 2009ip REVEALS THE EXPLOSIVE EJECTION OF A MASSIVE STAR ENVELOPE,gamma_ray_bursts_and_supernovae,Astronomy and Astrophysics,63203493,63203493,0,,W2167098062,10.1088/0004-637x/780/1/21,257,178,openalex_v3_query_core,0,,strict,Gamma-ray bursts and supernovae,63203493,Gamma-ray bursts and supernovae,Gamma-ray bursts and supernovae,0,2025
https://openalex.org/W2107055314,2000,Supernova explosions in the Universe,gamma_ray_bursts_and_supernovae,Astronomy and Astrophysics,63203493,63203493,0,,W2107055314,10.1038/35001501,256,83,openalex_v3_query_core,0,,strict,Gamma-ray bursts and supernovae,63203493,Gamma-ray bursts and supernovae,Gamma-ray bursts and supernovae,0,2025
https://openalex.org/W2020166602,2004,The Rates of Hypernovae and Gamma-Ray Bursts: Implications for Their Progenitors,gamma_ray_bursts_and_supernovae,Astronomy and Astrophysics,63203493,63203493,0,,W2020166602,10.1086/421347,255,51,openalex_v3_query_core,0,,strict,Gamma-ray bursts and supernovae,63203493,Gamma-ray bursts and supernovae,Gamma-ray bursts and supernovae,0,2025
https://openalex.org/W2163458101,2008,The Metamorphosis of Supernova SN 2008D/XRF 080109: A Link Between Supernovae and GRBs/Hypernovae,gamma_ray_bursts_and_supernovae,Astronomy and Astrophysics,63203493,63203493,0,,W2163458101,10.1126/science.1158088,255,32,openalex_v3_query_core,0,,strict,Gamma-ray bursts and supernovae,63203493,Gamma-ray bursts and supernovae,Gamma-ray bursts and supernovae,0,2025
https://openalex.org/W1618565690,2015,THE MILLISECOND MAGNETAR CENTRAL ENGINE IN SHORT GRBs,gamma_ray_bursts_and_supernovae,Astronomy and Astrophysics,63203493,63203493,0,,W1618565690,10.1088/0004-637x/805/2/89,255,152,openalex_v3_query_core,0,,strict,Gamma-ray bursts and supernovae,63203493,Gamma-ray bursts and supernovae,Gamma-ray bursts and supernovae,0,2025
https://openalex.org/W2052444623,2015,"Magnetars: Properties, Origin and Evolution",gamma_ray_bursts_and_supernovae,Astronomy and Astrophysics,60973087,60973087,0,,W2052444623,10.1007/s11214-015-0146-y,252,287,openalex_v3_query_core,0,,strict,Pulsars and Gravitational Waves Research,60973087,Pulsars and Gravitational Waves Research,Pulsars and Gravitational Waves Research,0,2025
https://openalex.org/W2011362981,2014,Close encounters of the stellar kind,gamma_ray_bursts_and_supernovae,Astronomy and Astrophysics,60904056,60904056,0,,W2011362981,10.1051/0004-6361/201425221,251,66,openalex_v3_query_core,0,,strict,"Stellar, planetary, and galactic studies",60904056,"Stellar, planetary, and galactic studies","Stellar, planetary, and galactic studies",0,2025
https://openalex.org/W2019058521,2007,On the Rates of Gamma-Ray Bursts and Type Ib/c Supernovae,gamma_ray_bursts_and_supernovae,Astronomy and Astrophysics,63203493,63203493,0,,W2019058521,10.1086/511417,250,60,openalex_v3_query_core,0,,strict,Gamma-ray bursts and supernovae,63203493,Gamma-ray bursts and supernovae,Gamma-ray bursts and supernovae,0,2025
https://openalex.org/W2034872226,2007,Science with the Australian Square Kilometre Array Pathfinder,gamma_ray_bursts_and_supernovae,Astronomy and Astrophysics,65469135,65469135,0,,W2034872226,10.1071/as07033,250,54,openalex_v3_query_core,0,,strict,Radio Astronomy Observations and Technology,65469135,Radio Astronomy Observations and Technology,Radio Astronomy Observations and Technology,0,2025
https://openalex.org/W2084835412,2008,UV/Optical Detections of Candidate Tidal Disruption Events by<i>GALEX</i>and CFHTLS,gamma_ray_bursts_and_supernovae,Astronomy and Astrophysics,61024309,61024309,0,,W2084835412,10.1086/529008,250,88,openalex_v3_query_core,0,,strict,Astrophysical Phenomena and Observations,61024309,Astrophysical Phenomena and Observations,Astrophysical Phenomena and Observations,0,2025
https://openalex.org/W2121511267,2011,Runaway stars as progenitors of supernovae and gamma-ray bursts,gamma_ray_bursts_and_supernovae,Astronomy and Astrophysics,63203493,63203493,0,,W2121511267,10.1111/j.1365-2966.2011.18650.x,250,65,openalex_v3_query_core,0,,strict,Gamma-ray bursts and supernovae,63203493,Gamma-ray bursts and supernovae,Gamma-ray bursts and supernovae,0,2025
https://openalex.org/W2156155312,2013,Another rapid event in the carbon-14 content of tree rings,gamma_ray_bursts_and_supernovae,Atmospheric Science,60903792,60903792,0,,W2156155312,10.1038/ncomms2783,250,29,openalex_v3_query_core,0,,strict,Geology and Paleoclimatology Research,60903792,Geology and Paleoclimatology Research,Geology and Paleoclimatology Research,0,2025
https://openalex.org/W2414784202,2016,A burst in a wind bubble and the impact on baryonic ejecta: high-energy gamma-ray flashes and afterglows from fast radio bursts and pulsar-driven supernova remnants,gamma_ray_bursts_and_supernovae,Astronomy and Astrophysics,60973087,60973087,0,,W2414784202,10.1093/mnras/stw1328,250,141,openalex_v3_query_core,0,,strict,Pulsars and Gravitational Waves Research,60973087,Pulsars and Gravitational Waves Research,Pulsars and Gravitational Waves Research,0,2025
https://openalex.org/W3005861934,2019,The quest for dual and binary supermassive black holes: A multi-messenger view,gamma_ray_bursts_and_supernovae,Astronomy and Astrophysics,60903922,60903922,0,,W3005861934,10.1016/j.newar.2020.101525,250,881,openalex_v3_query_core,0,,strict,"Galaxies: Formation, Evolution, Phenomena",60903922,"Galaxies: Formation, Evolution, Phenomena","Galaxies: Formation, Evolution, Phenomena",0,2025
https://openalex.org/W1638113610,2011,Short gamma-ray bursts with extended emission from magnetar birth: jet formation and collimation,gamma_ray_bursts_and_supernovae,Astronomy and Astrophysics,63203493,63203493,0,,W1638113610,10.1111/j.1365-2966.2011.19810.x,248,99,openalex_v3_query_core,0,,strict,Gamma-ray bursts and supernovae,63203493,Gamma-ray bursts and supernovae,Gamma-ray bursts and supernovae,0,2025
https://openalex.org/W1993317195,2014,HYDROGEN-POOR SUPERLUMINOUS SUPERNOVAE AND LONG-DURATION GAMMA-RAY BURSTS HAVE SIMILAR HOST GALAXIES,gamma_ray_bursts_and_supernovae,Astronomy and Astrophysics,63203493,63203493,0,,W1993317195,10.1088/0004-637x/787/2/138,248,100,openalex_v3_query_core,0,,strict,Gamma-ray bursts and supernovae,63203493,Gamma-ray bursts and supernovae,Gamma-ray bursts and supernovae,0,2025
https://openalex.org/W2072906889,2008,Asphericity in Supernova Explosions from Late-Time Spectroscopy,gamma_ray_bursts_and_supernovae,Astronomy and Astrophysics,63203493,63203493,0,,W2072906889,10.1126/science.1149437,246,34,openalex_v3_query_core,0,,strict,Gamma-ray bursts and supernovae,63203493,Gamma-ray bursts and supernovae,Gamma-ray bursts and supernovae,0,2025
https://openalex.org/W2891551364,2019,Neutron Star Mergers Might Not Be the Only Source of r-process Elements in the Milky Way,gamma_ray_bursts_and_supernovae,Astronomy and Astrophysics,63203493,63203493,0,,W2891551364,10.3847/1538-4357/ab10db,246,250,openalex_v3_query_core,0,,strict,Gamma-ray bursts and supernovae,63203493,Gamma-ray bursts and supernovae,Gamma-ray bursts and supernovae,0,2025
https://openalex.org/W2132514858,2001,The Galactic Habitable Zone: Galactic Chemical Evolution,gamma_ray_bursts_and_supernovae,Astronomy and Astrophysics,60955404,60955404,0,,W2132514858,10.1006/icar.2001.6617,245,127,openalex_v3_query_core,0,,strict,Astro and Planetary Science,60955404,Astro and Planetary Science,Astro and Planetary Science,0,2025
https://openalex.org/W1967094474,2004,Probing the cosmic reionization history and local environment of gamma-ray bursts through radio dispersion,gamma_ray_bursts_and_supernovae,Astronomy and Astrophysics,63203493,63203493,0,,W1967094474,10.1111/j.1365-2966.2004.07359.x,245,102,openalex_v3_query_core,0,,strict,Gamma-ray bursts and supernovae,63203493,Gamma-ray bursts and supernovae,Gamma-ray bursts and supernovae,0,2025
https://openalex.org/W2127580386,2007,Cosmic Rays and Climate,gamma_ray_bursts_and_supernovae,Astronomy and Astrophysics,60938632,60938632,0,,W2127580386,10.1007/s10712-008-9030-6,245,175,openalex_v3_query_core,0,,strict,Solar and Space Plasma Dynamics,60938632,Solar and Space Plasma Dynamics,Solar and Space Plasma Dynamics,0,2025
https://openalex.org/W2008794158,2013,Liquid noble gas detectors for low energy particle physics,gamma_ray_bursts_and_supernovae,Nuclear and High Energy Physics,63152273,63152273,0,,W2008794158,10.1088/1748-0221/8/04/r04001,245,341,openalex_v3_query_core,0,,strict,Particle Detector Development and Performance,63152273,Particle Detector Development and Performance,Particle Detector Development and Performance,0,2025
https://openalex.org/W3000089467,2020,The Dust Attenuation Law in Galaxies,gamma_ray_bursts_and_supernovae,Astronomy and Astrophysics,60903922,60903922,0,,W3000089467,10.1146/annurev-astro-032620-021933,245,247,openalex_v3_query_core,0,,strict,"Galaxies: Formation, Evolution, Phenomena",60903922,"Galaxies: Formation, Evolution, Phenomena","Galaxies: Formation, Evolution, Phenomena",0,2025
https://openalex.org/W2163082830,2008,Large Synoptic Survey Telescope: From science drivers to reference design,gamma_ray_bursts_and_supernovae,Instrumentation,65554423,65554423,0,,W2163082830,10.2298/saj0876001i,244,24,openalex_v3_query_core,0,,strict,Astronomy and Astrophysical Research,65554423,Astronomy and Astrophysical Research,Astronomy and Astrophysical Research,0,2025
https://openalex.org/W2246850240,2015,<i>s</i>-process production in rotating massive stars at solar and low metallicities,gamma_ray_bursts_and_supernovae,Astronomy and Astrophysics,60904056,60904056,0,,W2246850240,10.1093/mnras/stv2723,244,126,openalex_v3_query_core,0,,strict,"Stellar, planetary, and galactic studies",60904056,"Stellar, planetary, and galactic studies","Stellar, planetary, and galactic studies",0,2025
https://openalex.org/W2162899706,2009,Keeping the Universe ionized: photoheating and the clumping factor of the high-redshift intergalactic medium,gamma_ray_bursts_and_supernovae,Astronomy and Astrophysics,60903922,60903922,0,,W2162899706,10.1111/j.1365-2966.2009.14486.x,243,129,openalex_v3_query_core,0,,strict,"Galaxies: Formation, Evolution, Phenomena",60903922,"Galaxies: Formation, Evolution, Phenomena","Galaxies: Formation, Evolution, Phenomena",0,2025
https://openalex.org/W1935672049,2010,The unusual X-ray emission of the short Swift GRB 090515: evidence for the formation of a magnetar?,gamma_ray_bursts_and_supernovae,Astronomy and Astrophysics,63203493,63203493,0,,W1935672049,10.1111/j.1365-2966.2010.17354.x,243,77,openalex_v3_query_core,0,,strict,Gamma-ray bursts and supernovae,63203493,Gamma-ray bursts and supernovae,Gamma-ray bursts and supernovae,0,2025
https://openalex.org/W1994197701,2011,"Determination of dark energy by the Einstein Telescope: Comparing with CMB, BAO, and SNIa observations",gamma_ray_bursts_and_supernovae,Astronomy and Astrophysics,60904838,60904838,0,,W1994197701,10.1103/physrevd.83.023005,243,65,openalex_v3_query_core,0,,strict,Cosmology and Gravitation Theories,60904838,Cosmology and Gravitation Theories,Cosmology and Gravitation Theories,0,2025
https://openalex.org/W3125990348,2019,"Black holes, gravitational waves and fundamental physics: a roadmap",gamma_ray_bursts_and_supernovae,Astronomy and Astrophysics,60973087,60973087,0,,W3125990348,10.5167/uzh-172594,242,1712,openalex_v3_query_core,0,,strict,Pulsars and Gravitational Waves Research,60973087,Pulsars and Gravitational Waves Research,Pulsars and Gravitational Waves Research,0,2025
https://openalex.org/W2099402383,2000,The AMANDA neutrino telescope: principle of operation and first results,gamma_ray_bursts_and_supernovae,Nuclear and High Energy Physics,61041081,61041081,0,,W2099402383,10.1016/s0927-6505(99)00092-4,241,12,openalex_v3_query_core,0,,strict,Astrophysics and Cosmic Phenomena,61041081,Astrophysics and Cosmic Phenomena,Astrophysics and Cosmic Phenomena,0,2025
https://openalex.org/W2099071628,2012,The VLT-FLAMES Tarantula Survey VIII. Multiplicity properties of the O-type star population,gamma_ray_bursts_and_supernovae,Astronomy and Astrophysics,60904056,60904056,0,,W2099071628,10.48550/arxiv.1209.4638,241,41,openalex_v3_query_core,0,,strict,"Stellar, planetary, and galactic studies",60904056,"Stellar, planetary, and galactic studies","Stellar, planetary, and galactic studies",0,2025
https://openalex.org/W3131502547,2021,A tidal disruption event coincident with a high-energy neutrino,gamma_ray_bursts_and_supernovae,Nuclear and High Energy Physics,61041081,61041081,0,,W3131502547,10.1038/s41550-020-01295-8,241,71,openalex_v3_query_core,0,,strict,Astrophysics and Cosmic Phenomena,61041081,Astrophysics and Cosmic Phenomena,Astrophysics and Cosmic Phenomena,0,2025
https://openalex.org/W1529778571,2007,The broad-lined Type Ic supernova 2003jd★,gamma_ray_bursts_and_supernovae,Astronomy and Astrophysics,63203493,63203493,0,,W1529778571,10.1111/j.1365-2966.2007.12647.x,240,63,openalex_v3_query_core,0,,strict,Gamma-ray bursts and supernovae,63203493,Gamma-ray bursts and supernovae,Gamma-ray bursts and supernovae,0,2025
https://openalex.org/W2102923722,2009,The VLT-FLAMES survey of massive stars: constraints on stellar evolution from the chemical compositions of rapidly rotating Galactic and Magellanic Cloud B-type stars,gamma_ray_bursts_and_supernovae,Astronomy and Astrophysics,60904056,60904056,0,,W2102923722,10.1051/0004-6361/200809925,240,80,openalex_v3_query_core,0,,strict,"Stellar, planetary, and galactic studies",60904056,"Stellar, planetary, and galactic studies","Stellar, planetary, and galactic studies",0,2025
https://openalex.org/W2330147180,2012,Rotating massive stars: From first stars to gamma ray bursts,gamma_ray_bursts_and_supernovae,Astronomy and Astrophysics,60904056,60904056,0,,W2330147180,10.1103/revmodphys.84.25,239,226,openalex_v3_query_core,0,,strict,"Stellar, planetary, and galactic studies",60904056,"Stellar, planetary, and galactic studies","Stellar, planetary, and galactic studies",0,2025
https://openalex.org/W1518883510,2015,A HUBBLE DIAGRAM FOR QUASARS,gamma_ray_bursts_and_supernovae,Astronomy and Astrophysics,60903922,60903922,0,,W1518883510,10.1088/0004-637x/815/1/33,239,78,openalex_v3_query_core,0,,strict,"Galaxies: Formation, Evolution, Phenomena",60903922,"Galaxies: Formation, Evolution, Phenomena","Galaxies: Formation, Evolution, Phenomena",0,2025
https://openalex.org/W2169676629,2010,Cosmography with the Einstein Telescope,gamma_ray_bursts_and_supernovae,Astronomy and Astrophysics,60973087,60973087,0,,W2169676629,10.1088/0264-9381/27/21/215006,238,22,openalex_v3_query_core,0,,strict,Pulsars and Gravitational Waves Research,60973087,Pulsars and Gravitational Waves Research,Pulsars and Gravitational Waves Research,0,2025
https://openalex.org/W2184731198,2016,FLASH SPECTROSCOPY: EMISSION LINES FROM THE IONIZED CIRCUMSTELLAR MATERIAL AROUND &lt;10-DAY-OLD TYPE II SUPERNOVAE,gamma_ray_bursts_and_supernovae,Astronomy and Astrophysics,63203493,63203493,0,,W2184731198,10.3847/0004-637x/818/1/3,238,55,openalex_v3_query_core,0,,strict,Gamma-ray bursts and supernovae,63203493,Gamma-ray bursts and supernovae,Gamma-ray bursts and supernovae,0,2025
https://openalex.org/W2078930426,2002,The Expected Redshift Distribution of Gamma‐Ray Bursts,gamma_ray_bursts_and_supernovae,Astronomy and Astrophysics,63203493,63203493,0,,W2078930426,10.1086/341189,237,62,openalex_v3_query_core,0,,strict,Gamma-ray bursts and supernovae,63203493,Gamma-ray bursts and supernovae,Gamma-ray bursts and supernovae,0,2025
https://openalex.org/W2913624347,2019,<i>Colloquium</i>: Superheavy elements: Oganesson and beyond,gamma_ray_bursts_and_supernovae,Nuclear and High Energy Physics,60904836,60904836,0,,W2913624347,10.1103/revmodphys.91.011001,237,386,openalex_v3_query_core,0,,strict,Nuclear physics research studies,60904836,Nuclear physics research studies,Nuclear physics research studies,0,2025
https://openalex.org/W2041189208,2007,Binary star progenitors of long gamma-ray bursts,gamma_ray_bursts_and_supernovae,Astronomy and Astrophysics,63203493,63203493,0,,W2041189208,10.1051/0004-6361:20077115,236,42,openalex_v3_query_core,0,,strict,Gamma-ray bursts and supernovae,63203493,Gamma-ray bursts and supernovae,Gamma-ray bursts and supernovae,0,2025
https://openalex.org/W1981518980,2012,BLAZARS AS ULTRA-HIGH-ENERGY COSMIC-RAY SOURCES: IMPLICATIONS FOR TeV GAMMA-RAY OBSERVATIONS,gamma_ray_bursts_and_supernovae,Nuclear and High Energy Physics,61041081,61041081,0,,W1981518980,10.1088/0004-637x/749/1/63,236,185,openalex_v3_query_core,0,,strict,Astrophysics and Cosmic Phenomena,61041081,Astrophysics and Cosmic Phenomena,Astrophysics and Cosmic Phenomena,0,2025
https://openalex.org/W2000097452,2006,Late‐Time Radio Observations of 68 Type Ibc Supernovae: Strong Constraints on Off‐Axis Gamma‐Ray Bursts,gamma_ray_bursts_and_supernovae,Astronomy and Astrophysics,63203493,63203493,0,,W2000097452,10.1086/499121,235,63,openalex_v3_query_core,0,,strict,Gamma-ray bursts and supernovae,63203493,Gamma-ray bursts and supernovae,Gamma-ray bursts and supernovae,0,2025
https://openalex.org/W2004027882,2011,Stellar black holes at the dawn of the universe,gamma_ray_bursts_and_supernovae,Astronomy and Astrophysics,60903922,60903922,0,,W2004027882,10.1051/0004-6361/201016357,235,48,openalex_v3_query_core,0,,strict,"Galaxies: Formation, Evolution, Phenomena",60903922,"Galaxies: Formation, Evolution, Phenomena","Galaxies: Formation, Evolution, Phenomena",0,2025
https://openalex.org/W2519777209,2016,The superluminous transient ASASSN-15lh as a tidal disruption event from a Kerr black hole,gamma_ray_bursts_and_supernovae,Astronomy and Astrophysics,61024309,61024309,0,,W2519777209,10.1038/s41550-016-0002,235,122,openalex_v3_query_core,0,,strict,Astrophysical Phenomena and Observations,61024309,Astrophysical Phenomena and Observations,Astrophysical Phenomena and Observations,0,2025
https://openalex.org/W4320497631,2023,Hubble Tension: The Evidence of New Physics,gamma_ray_bursts_and_supernovae,Astronomy and Astrophysics,60904838,60904838,0,,W4320497631,10.3390/universe9020094,235,616,openalex_v3_query_core,0,,strict,Cosmology and Gravitation Theories,60904838,Cosmology and Gravitation Theories,Cosmology and Gravitation Theories,0,2025
https://openalex.org/W3099752103,2001,Optical Spectroscopy of Type I[CLC]b[/CLC]/[CLC]c[/CLC] Supernovae,gamma_ray_bursts_and_supernovae,Astronomy and Astrophysics,63203493,63203493,0,,W3099752103,10.1086/319390,234,120,openalex_v3_query_core,0,,strict,Gamma-ray bursts and supernovae,63203493,Gamma-ray bursts and supernovae,Gamma-ray bursts and supernovae,0,2025
https://openalex.org/W2135968554,2013,The AD775 cosmic event revisited: the Sun is to blame,gamma_ray_bursts_and_supernovae,Nuclear and High Energy Physics,61041081,61041081,0,,W2135968554,10.1051/0004-6361/201321080,234,30,openalex_v3_query_core,0,,strict,Astrophysics and Cosmic Phenomena,61041081,Astrophysics and Cosmic Phenomena,Astrophysics and Cosmic Phenomena,0,2025
https://openalex.org/W3088954225,2020,Host Galaxy Properties and Offset Distributions of Fast Radio Bursts: Implications for Their Progenitors,gamma_ray_bursts_and_supernovae,Astronomy and Astrophysics,60973087,60973087,0,,W3088954225,10.3847/1538-4357/abb6fb,233,109,openalex_v3_query_core,0,,strict,Pulsars and Gravitational Waves Research,60973087,Pulsars and Gravitational Waves Research,Pulsars and Gravitational Waves Research,0,2025
https://openalex.org/W2014638209,2008,Damped Lyman α systems in galaxy formation simulations,gamma_ray_bursts_and_supernovae,Astronomy and Astrophysics,60903922,60903922,0,,W2014638209,10.1111/j.1365-2966.2008.13782.x,232,112,openalex_v3_query_core,0,,strict,"Galaxies: Formation, Evolution, Phenomena",60903922,"Galaxies: Formation, Evolution, Phenomena","Galaxies: Formation, Evolution, Phenomena",0,2025
https://openalex.org/W2166111552,2015,Expected properties of the first gravitational wave signal detected with pulsar timing arrays,gamma_ray_bursts_and_supernovae,Astronomy and Astrophysics,60973087,60973087,0,,W2166111552,10.1093/mnras/stv1098,232,136,openalex_v3_query_core,0,,strict,Pulsars and Gravitational Waves Research,60973087,Pulsars and Gravitational Waves Research,Pulsars and Gravitational Waves Research,0,2025
https://openalex.org/W1531553119,2012,Galaxy properties from the ultraviolet to the far-infrared: Λ cold dark matter models confront observations,gamma_ray_bursts_and_supernovae,Astronomy and Astrophysics,60903922,60903922,0,,W1531553119,10.1111/j.1365-2966.2012.20490.x,231,154,openalex_v3_query_core,0,,strict,"Galaxies: Formation, Evolution, Phenomena",60903922,"Galaxies: Formation, Evolution, Phenomena","Galaxies: Formation, Evolution, Phenomena",0,2025
https://openalex.org/W3162609793,2023,4-OGC: Catalog of Gravitational Waves from Compact Binary Mergers,gamma_ray_bursts_and_supernovae,Astronomy and Astrophysics,60973087,60973087,0,,W3162609793,10.3847/1538-4357/aca591,230,151,openalex_v3_query_core,0,,strict,Pulsars and Gravitational Waves Research,60973087,Pulsars and Gravitational Waves Research,Pulsars and Gravitational Waves Research,0,2025
https://openalex.org/W2062240888,2012,The next-generation liquid-scintillator neutrino observatory LENA,gamma_ray_bursts_and_supernovae,Nuclear and High Energy Physics,61041081,61041081,0,,W2062240888,10.1016/j.astropartphys.2012.02.011,229,257,openalex_v3_query_core,0,,strict,Astrophysics and Cosmic Phenomena,61041081,Astrophysics and Cosmic Phenomena,Astrophysics and Cosmic Phenomena,0,2025
https://openalex.org/W2789083266,2018,The spin of the second-born black hole in coalescing binary black holes,gamma_ray_bursts_and_supernovae,Astronomy and Astrophysics,60973087,60973087,0,,W2789083266,10.1051/0004-6361/201832839,228,111,openalex_v3_query_core,0,,strict,Pulsars and Gravitational Waves Research,60973087,Pulsars and Gravitational Waves Research,Pulsars and Gravitational Waves Research,0,2025
https://openalex.org/W4210689030,2022,On the Evolution of the Hubble Constant with the SNe Ia Pantheon Sample and Baryon Acoustic Oscillations: A Feasibility Study for GRB-Cosmology in 2030,gamma_ray_bursts_and_supernovae,Astronomy and Astrophysics,63203493,63203493,0,,W4210689030,10.3390/galaxies10010024,228,425,openalex_v3_query_core,0,,strict,Gamma-ray bursts and supernovae,63203493,Gamma-ray bursts and supernovae,Gamma-ray bursts and supernovae,0,2025
https://openalex.org/W3104662021,2011,https://openalex.org/W3104662021,gamma_ray_bursts_and_supernovae,Astronomy and Astrophysics,60903922,60903922,0,,W3104662021,,227,330,openalex_v3_query_core,0,,strict,"Galaxies: Formation, Evolution, Phenomena",60903922,"Galaxies: Formation, Evolution, Phenomena","Galaxies: Formation, Evolution, Phenomena",0,2025
https://openalex.org/W2020131662,2004,Constraining Ω <sub> <i>M</i> </sub> and Dark Energy with Gamma-Ray Bursts,gamma_ray_bursts_and_supernovae,Astronomy and Astrophysics,63203493,63203493,0,,W2020131662,10.1086/424694,226,69,openalex_v3_query_core,0,,strict,Gamma-ray bursts and supernovae,63203493,Gamma-ray bursts and supernovae,Gamma-ray bursts and supernovae,0,2025
https://openalex.org/W2070221834,2005,On the evolution of rapidly rotating massive white dwarfs towards supernovae or collapses,gamma_ray_bursts_and_supernovae,Astronomy and Astrophysics,63203493,63203493,0,,W2070221834,10.1051/0004-6361:20042542,226,63,openalex_v3_query_core,0,,strict,Gamma-ray bursts and supernovae,63203493,Gamma-ray bursts and supernovae,Gamma-ray bursts and supernovae,0,2025
https://openalex.org/W2120692207,2012,Evolution of massive Population III stars with rotation and magnetic fields,gamma_ray_bursts_and_supernovae,Astronomy and Astrophysics,63203493,63203493,0,,W2120692207,10.1051/0004-6361/201117769,226,90,openalex_v3_query_core,0,,strict,Gamma-ray bursts and supernovae,63203493,Gamma-ray bursts and supernovae,Gamma-ray bursts and supernovae,0,2025
https://openalex.org/W2885371123,2018,"The fast, luminous ultraviolet transient AT2018cow: extreme supernova, or disruption of a star by an intermediate-mass black hole?",gamma_ray_bursts_and_supernovae,Astronomy and Astrophysics,63203493,63203493,0,,W2885371123,10.1093/mnras/sty3420,226,150,openalex_v3_query_core,0,,strict,Gamma-ray bursts and supernovae,63203493,Gamma-ray bursts and supernovae,Gamma-ray bursts and supernovae,0,2025
https://openalex.org/W2044098444,1999,Gravitational wave astronomy,gamma_ray_bursts_and_supernovae,Astronomy and Astrophysics,60973087,60973087,0,,W2044098444,10.1088/0264-9381/16/12a/307,225,69,openalex_v3_query_core,0,,strict,Pulsars and Gravitational Waves Research,60973087,Pulsars and Gravitational Waves Research,Pulsars and Gravitational Waves Research,0,2025
https://openalex.org/W3100860169,2019,Open Questions in Cosmic-Ray Research at Ultrahigh Energies,gamma_ray_bursts_and_supernovae,Nuclear and High Energy Physics,61041081,61041081,0,,W3100860169,10.3204/pubdb-2019-02725,224,483,openalex_v3_query_core,0,,strict,Astrophysics and Cosmic Phenomena,61041081,Astrophysics and Cosmic Phenomena,Astrophysics and Cosmic Phenomena,0,2025
https://openalex.org/W2040574617,2005,On the spectrum of high-energy cosmic rays produced by supernova remnants in the presence of strong cosmic-ray streaming instability and wave dissipation,gamma_ray_bursts_and_supernovae,Nuclear and High Energy Physics,61041081,61041081,0,,W2040574617,10.1051/0004-6361:20041517,223,42,openalex_v3_query_core,0,,strict,Astrophysics and Cosmic Phenomena,61041081,Astrophysics and Cosmic Phenomena,Astrophysics and Cosmic Phenomena,0,2025
https://openalex.org/W2034417446,2013,Current Direct Neutrino Mass Experiments,gamma_ray_bursts_and_supernovae,Nuclear and High Energy Physics,61058366,61058366,0,,W2034417446,10.1155/2013/293986,223,136,openalex_v3_query_core,0,,strict,Neutrino Physics Research,61058366,Neutrino Physics Research,Neutrino Physics Research,0,2025
https://openalex.org/W3121692012,2021,LIGO detector characterization in the second and third observing runs,gamma_ray_bursts_and_supernovae,Astronomy and Astrophysics,60973087,60973087,0,,W3121692012,10.1088/1361-6382/abfd85,223,100,openalex_v3_query_core,0,,strict,Pulsars and Gravitational Waves Research,60973087,Pulsars and Gravitational Waves Research,Pulsars and Gravitational Waves Research,0,2025
https://openalex.org/W2153219938,2015,Spectroscopy of superluminous supernova host galaxies. A preference of hydrogen-poor events for extreme emission line galaxies,gamma_ray_bursts_and_supernovae,Astronomy and Astrophysics,60903922,60903922,0,,W2153219938,10.1093/mnras/stv320,222,212,openalex_v3_query_core,0,,strict,"Galaxies: Formation, Evolution, Phenomena",60903922,"Galaxies: Formation, Evolution, Phenomena","Galaxies: Formation, Evolution, Phenomena",0,2025
https://openalex.org/W2164134530,2001,High Column Densities and Low Extinctions of Gamma-Ray Bursts: Evidence for Hypernovae and Dust Destruction,gamma_ray_bursts_and_supernovae,Astronomy and Astrophysics,63203493,63203493,0,,W2164134530,10.1086/319162,221,61,openalex_v3_query_core,0,,strict,Gamma-ray bursts and supernovae,63203493,Gamma-ray bursts and supernovae,Gamma-ray bursts and supernovae,0,2025
https://openalex.org/W2505474061,2010,The nature of “dark” gamma-ray bursts,gamma_ray_bursts_and_supernovae,Astronomy and Astrophysics,63203493,63203493,0,,W2505474061,10.1051/0004-6361/201015458,221,66,openalex_v3_query_core,0,,strict,Gamma-ray bursts and supernovae,63203493,Gamma-ray bursts and supernovae,Gamma-ray bursts and supernovae,0,2025
https://openalex.org/W1993867049,2013,Dust formation history of galaxies: A critical role of metallicity dust mass growth by accreting materials in the interstellar medium,gamma_ray_bursts_and_supernovae,Astronomy and Astrophysics,60903922,60903922,0,,W1993867049,10.5047/eps.2012.04.014,221,81,openalex_v3_query_core,0,,strict,"Galaxies: Formation, Evolution, Phenomena",60903922,"Galaxies: Formation, Evolution, Phenomena","Galaxies: Formation, Evolution, Phenomena",0,2025
https://openalex.org/W2042243291,2004,Gamma-Ray Bursts: New Rulers to Measure the Universe,gamma_ray_bursts_and_supernovae,Astronomy and Astrophysics,63203493,63203493,0,,W2042243291,10.1086/424915,220,18,openalex_v3_query_core,0,,strict,Gamma-ray bursts and supernovae,63203493,Gamma-ray bursts and supernovae,Gamma-ray bursts and supernovae,0,2025
https://openalex.org/W2465524581,2017,Graviton mass bounds,gamma_ray_bursts_and_supernovae,Astronomy and Astrophysics,60973087,60973087,0,,W2465524581,10.1103/revmodphys.89.025004,220,199,openalex_v3_query_core,0,,strict,Pulsars and Gravitational Waves Research,60973087,Pulsars and Gravitational Waves Research,Pulsars and Gravitational Waves Research,0,2025
https://openalex.org/W2766309526,2018,The Origin of r-process Elements in the Milky Way,gamma_ray_bursts_and_supernovae,Astronomy and Astrophysics,63203493,63203493,0,,W2766309526,10.3847/1538-4357/aaad67,220,164,openalex_v3_query_core,0,,strict,Gamma-ray bursts and supernovae,63203493,Gamma-ray bursts and supernovae,Gamma-ray bursts and supernovae,0,2025
https://openalex.org/W2152437300,2007,Origin of the abundance patterns in Galactic globular clusters: constraints on dynamical and chemical properties of globular clusters,gamma_ray_bursts_and_supernovae,Astronomy and Astrophysics,60904056,60904056,0,,W2152437300,10.1051/0004-6361:20078425,219,49,openalex_v3_query_core,0,,strict,"Stellar, planetary, and galactic studies",60904056,"Stellar, planetary, and galactic studies","Stellar, planetary, and galactic studies",0,2025
https://openalex.org/W1978574491,2010,Gravitational waves from neutron stars: promises and challenges,gamma_ray_bursts_and_supernovae,Astronomy and Astrophysics,60973087,60973087,0,,W1978574491,10.1007/s10714-010-1059-4,219,218,openalex_v3_query_core,0,,strict,Pulsars and Gravitational Waves Research,60973087,Pulsars and Gravitational Waves Research,Pulsars and Gravitational Waves Research,0,2025
https://openalex.org/W2139635167,2009,GRB 080913 AT REDSHIFT 6.7,gamma_ray_bursts_and_supernovae,Astronomy and Astrophysics,63203493,63203493,0,,W2139635167,10.1088/0004-637x/693/2/1610,218,118,openalex_v3_query_core,0,,strict,Gamma-ray bursts and supernovae,63203493,Gamma-ray bursts and supernovae,Gamma-ray bursts and supernovae,0,2025
https://openalex.org/W2148590211,2009,X-ray spectroscopy of galaxy clusters: studying astrophysical processes in the largest celestial laboratories,gamma_ray_bursts_and_supernovae,Astronomy and Astrophysics,60903922,60903922,0,,W2148590211,10.1007/s00159-009-0023-3,216,346,openalex_v3_query_core,0,,strict,"Galaxies: Formation, Evolution, Phenomena",60903922,"Galaxies: Formation, Evolution, Phenomena","Galaxies: Formation, Evolution, Phenomena",0,2025
https://openalex.org/W2307491343,2016,The Macronova in GRB 050709 and the GRB-macronova connection,gamma_ray_bursts_and_supernovae,Astronomy and Astrophysics,63203493,63203493,0,,W2307491343,10.1038/ncomms12898,216,99,openalex_v3_query_core,0,,strict,Gamma-ray bursts and supernovae,63203493,Gamma-ray bursts and supernovae,Gamma-ray bursts and supernovae,0,2025
https://openalex.org/W2170679831,2004,Cosmic distance-duality as a probe of exotic physics and acceleration,gamma_ray_bursts_and_supernovae,Astronomy and Astrophysics,60904838,60904838,0,,W2170679831,10.1103/physrevd.69.101305,214,39,openalex_v3_query_core,0,,strict,Cosmology and Gravitation Theories,60904838,Cosmology and Gravitation Theories,Cosmology and Gravitation Theories,0,2025
https://openalex.org/W2130958046,2011,Gravitational Wave Detection by Interferometry (Ground and Space),gamma_ray_bursts_and_supernovae,Astronomy and Astrophysics,60973087,60973087,0,,W2130958046,10.12942/lrr-2011-5,214,261,openalex_v3_query_core,0,,strict,Pulsars and Gravitational Waves Research,60973087,Pulsars and Gravitational Waves Research,Pulsars and Gravitational Waves Research,0,2025
https://openalex.org/W4296577392,2012,The Galactic WC stars,gamma_ray_bursts_and_supernovae,Astronomy and Astrophysics,60904056,60904056,0,,W4296577392,10.1051/0004-6361/201117830,214,87,openalex_v3_query_core,0,,strict,"Stellar, planetary, and galactic studies",60904056,"Stellar, planetary, and galactic studies","Stellar, planetary, and galactic studies",0,2025
https://openalex.org/W3042092108,2020,Neutron Star Extreme Matter Observatory: A kilohertz-band gravitational-wave detector in the global network,gamma_ray_bursts_and_supernovae,Astronomy and Astrophysics,60973087,60973087,0,,W3042092108,10.1017/pasa.2020.39,213,76,openalex_v3_query_core,0,,strict,Pulsars and Gravitational Waves Research,60973087,Pulsars and Gravitational Waves Research,Pulsars and Gravitational Waves Research,0,2025
https://openalex.org/W2911923543,2019,A systematic metallicity study of DustPedia galaxies reveals evolution in the dust-to-metal ratios,gamma_ray_bursts_and_supernovae,Astronomy and Astrophysics,60903922,60903922,0,,W2911923543,10.1051/0004-6361/201834444,212,288,openalex_v3_query_core,0,,strict,"Galaxies: Formation, Evolution, Phenomena",60903922,"Galaxies: Formation, Evolution, Phenomena","Galaxies: Formation, Evolution, Phenomena",0,2025
https://openalex.org/W2014730569,1999,What Can the Accretion‐induced Collapse of White Dwarfs Really Explain?,gamma_ray_bursts_and_supernovae,Astronomy and Astrophysics,63203493,63203493,0,,W2014730569,10.1086/307119,211,50,openalex_v3_query_core,0,,strict,Gamma-ray bursts and supernovae,63203493,Gamma-ray bursts and supernovae,Gamma-ray bursts and supernovae,0,2025
https://openalex.org/W2172051153,2008,Mass fall-back and accretion in the central engine of gamma-ray bursts,gamma_ray_bursts_and_supernovae,Astronomy and Astrophysics,63203493,63203493,0,,W2172051153,10.1111/j.1365-2966.2008.13493.x,211,56,openalex_v3_query_core,0,,strict,Gamma-ray bursts and supernovae,63203493,Gamma-ray bursts and supernovae,Gamma-ray bursts and supernovae,0,2025
https://openalex.org/W4383472826,2023,Heavy-element production in a compact object merger observed by JWST,gamma_ray_bursts_and_supernovae,Biomedical Engineering,65452373,65452373,0,,W4383472826,10.1038/s41586-023-06759-1,211,72,openalex_v3_query_core,0,,strict,Advanced X-ray and CT Imaging,65452373,Advanced X-ray and CT Imaging,Advanced X-ray and CT Imaging,0,2025
https://openalex.org/W2080610645,2009,GRB 080503: IMPLICATIONS OF A NAKED SHORT GAMMA-RAY BURST DOMINATED BY EXTENDED EMISSION,gamma_ray_bursts_and_supernovae,Astronomy and Astrophysics,63203493,63203493,0,,W2080610645,10.1088/0004-637x/696/2/1871,210,136,openalex_v3_query_core,0,,strict,Gamma-ray bursts and supernovae,63203493,Gamma-ray bursts and supernovae,Gamma-ray bursts and supernovae,0,2025
https://openalex.org/W2626418343,2017,Hierarchical analysis of gravitational-wave measurements of binary black hole spin–orbit misalignments,gamma_ray_bursts_and_supernovae,Astronomy and Astrophysics,60973087,60973087,0,,W2626418343,10.1093/mnras/stx1764,210,137,openalex_v3_query_core,0,,strict,Pulsars and Gravitational Waves Research,60973087,Pulsars and Gravitational Waves Research,Pulsars and Gravitational Waves Research,0,2025
https://openalex.org/W1498249493,1999,[ITAL]Hubble Space Telescope[/ITAL] and Palomar Imaging of GRB 990123: Implications for the Nature of Gamma-Ray Bursts and Their Hosts,gamma_ray_bursts_and_supernovae,Astronomy and Astrophysics,63203493,63203493,0,,W1498249493,10.1086/312094,209,22,openalex_v3_query_core,0,,strict,Gamma-ray bursts and supernovae,63203493,Gamma-ray bursts and supernovae,Gamma-ray bursts and supernovae,0,2025
https://openalex.org/W2127042482,2015,Flows of X-ray gas reveal the disruption of a star by a massive black hole,gamma_ray_bursts_and_supernovae,Astronomy and Astrophysics,61024309,61024309,0,,W2127042482,10.1038/nature15708,209,61,openalex_v3_query_core,0,,strict,Astrophysical Phenomena and Observations,61024309,Astrophysical Phenomena and Observations,Astrophysical Phenomena and Observations,0,2025
https://openalex.org/W2766776263,2017,Follow Up of GW170817 and Its Electromagnetic Counterpart by Australian-Led Observing Programmes,gamma_ray_bursts_and_supernovae,Astronomy and Astrophysics,60973087,60973087,0,,W2766776263,10.1017/pasa.2017.65,209,125,openalex_v3_query_core,0,,strict,Pulsars and Gravitational Waves Research,60973087,Pulsars and Gravitational Waves Research,Pulsars and Gravitational Waves Research,0,2025
https://openalex.org/W2090694965,2000,A review of astrophysics experiments on intense lasers,gamma_ray_bursts_and_supernovae,Astronomy and Astrophysics,63203493,63203493,0,,W2090694965,10.1063/1.874046,208,124,openalex_v3_query_core,0,,strict,Gamma-ray bursts and supernovae,63203493,Gamma-ray bursts and supernovae,Gamma-ray bursts and supernovae,0,2025
https://openalex.org/W2125868778,2005,Constraining the mass transfer in massive binaries through progenitor evolution models of Wolf-Rayet+O binaries,gamma_ray_bursts_and_supernovae,Astronomy and Astrophysics,60904056,60904056,0,,W2125868778,10.1051/0004-6361:20042368,208,35,openalex_v3_query_core,0,,strict,"Stellar, planetary, and galactic studies",60904056,"Stellar, planetary, and galactic studies","Stellar, planetary, and galactic studies",0,2025
https://openalex.org/W2071784223,2012,RELATIVISTIC SHOCK BREAKOUTS—A VARIETY OF GAMMA-RAY FLARES: FROM LOW-LUMINOSITY GAMMA-RAY BURSTS TO TYPE Ia SUPERNOVAE,gamma_ray_bursts_and_supernovae,Astronomy and Astrophysics,63203493,63203493,0,,W2071784223,10.1088/0004-637x/747/2/88,208,60,openalex_v3_query_core,0,,strict,Gamma-ray bursts and supernovae,63203493,Gamma-ray bursts and supernovae,Gamma-ray bursts and supernovae,0,2025
https://openalex.org/W2793640327,2018,"The THESEUS space mission concept: science case, design and expected performances",gamma_ray_bursts_and_supernovae,Astronomy and Astrophysics,63203493,63203493,0,,W2793640327,10.1016/j.asr.2018.03.010,208,302,openalex_v3_query_core,0,,strict,Gamma-ray bursts and supernovae,63203493,Gamma-ray bursts and supernovae,Gamma-ray bursts and supernovae,0,2025
https://openalex.org/W2062532839,2008,High energy astrophysics with ground-based gamma ray detectors,gamma_ray_bursts_and_supernovae,Nuclear and High Energy Physics,61041081,61041081,0,,W2062532839,10.1088/0034-4885/71/9/096901,207,323,openalex_v3_query_core,0,,strict,Astrophysics and Cosmic Phenomena,61041081,Astrophysics and Cosmic Phenomena,Astrophysics and Cosmic Phenomena,0,2025
https://openalex.org/W2141067605,2010,CORE-COLLAPSE SUPERNOVAE FROM THE PALOMAR TRANSIENT FACTORY: INDICATIONS FOR A DIFFERENT POPULATION IN DWARF GALAXIES,gamma_ray_bursts_and_supernovae,Astronomy and Astrophysics,63203493,63203493,0,,W2141067605,10.1088/0004-637x/721/1/777,207,75,openalex_v3_query_core,0,,strict,Gamma-ray bursts and supernovae,63203493,Gamma-ray bursts and supernovae,Gamma-ray bursts and supernovae,0,2025
https://openalex.org/W1784683006,2016,Low mass binary neutron star mergers: Gravitational waves and neutrino emission,gamma_ray_bursts_and_supernovae,Astronomy and Astrophysics,60973087,60973087,0,,W1784683006,10.1103/physrevd.93.044019,207,121,openalex_v3_query_core,0,,strict,Pulsars and Gravitational Waves Research,60973087,Pulsars and Gravitational Waves Research,Pulsars and Gravitational Waves Research,0,2025
https://openalex.org/W2963891191,2018,Seven hints for primordial black hole dark matter,gamma_ray_bursts_and_supernovae,Astronomy and Astrophysics,60904838,60904838,0,,W2963891191,10.1016/j.dark.2018.08.004,207,125,openalex_v3_query_core,0,,strict,Cosmology and Gravitation Theories,60904838,Cosmology and Gravitation Theories,Cosmology and Gravitation Theories,0,2025
https://openalex.org/W2042995065,2010,Master Robotic Net,gamma_ray_bursts_and_supernovae,Astronomy and Astrophysics,63203493,63203493,0,,W2042995065,10.1155/2010/349171,206,16,openalex_v3_query_core,0,,strict,Gamma-ray bursts and supernovae,63203493,Gamma-ray bursts and supernovae,Gamma-ray bursts and supernovae,0,2025
https://openalex.org/W4211058022,2011,Gravitational Waves from Gravitational Collapse,gamma_ray_bursts_and_supernovae,Astronomy and Astrophysics,60973087,60973087,0,,W4211058022,10.12942/lrr-2011-1,206,356,openalex_v3_query_core,0,,strict,Pulsars and Gravitational Waves Research,60973087,Pulsars and Gravitational Waves Research,Pulsars and Gravitational Waves Research,0,2025
https://openalex.org/W2052159329,2013,"A POPULATION OF MASSIVE, LUMINOUS GALAXIES HOSTING HEAVILY DUST-OBSCURED GAMMA-RAY BURSTS: IMPLICATIONS FOR THE USE OF GRBs AS TRACERS OF COSMIC STAR FORMATION",gamma_ray_bursts_and_supernovae,Astronomy and Astrophysics,63203493,63203493,0,,W2052159329,10.1088/0004-637x/778/2/128,206,259,openalex_v3_query_core,0,,strict,Gamma-ray bursts and supernovae,63203493,Gamma-ray bursts and supernovae,Gamma-ray bursts and supernovae,0,2025
https://openalex.org/W2588146352,2017,The IceCube realtime alert system,gamma_ray_bursts_and_supernovae,Nuclear and High Energy Physics,61041081,61041081,0,,W2588146352,10.1016/j.astropartphys.2017.05.002,206,60,openalex_v3_query_core,0,,strict,Astrophysics and Cosmic Phenomena,61041081,Astrophysics and Cosmic Phenomena,Astrophysics and Cosmic Phenomena,0,2025
https://openalex.org/W2066568180,2002,The signature of supernova ejecta in the X-ray afterglow of the γ-ray burst 011211,gamma_ray_bursts_and_supernovae,Astronomy and Astrophysics,63203493,63203493,0,,W2066568180,10.1038/416512a,205,39,openalex_v3_query_core,0,,strict,Gamma-ray bursts and supernovae,63203493,Gamma-ray bursts and supernovae,Gamma-ray bursts and supernovae,0,2025
https://openalex.org/W2761887593,2004,The sub-energetic γ-ray burst GRB 031203 as a cosmic analogue to the nearby GRB 980425,gamma_ray_bursts_and_supernovae,Astronomy and Astrophysics,63203493,63203493,0,,W2761887593,10.1038/nature02757,205,36,openalex_v3_query_core,0,,strict,Gamma-ray bursts and supernovae,63203493,Gamma-ray bursts and supernovae,Gamma-ray bursts and supernovae,0,2025
https://openalex.org/W2105797458,2005,"An Asymmetric Energetic Type Ic Supernova Viewed Off-Axis, and a Link to Gamma Ray Bursts",gamma_ray_bursts_and_supernovae,Astronomy and Astrophysics,63203493,63203493,0,,W2105797458,10.1126/science.1111384,205,26,openalex_v3_query_core,0,,strict,Gamma-ray bursts and supernovae,63203493,Gamma-ray bursts and supernovae,Gamma-ray bursts and supernovae,0,2025
https://openalex.org/W2139378688,2012,Supernova relic neutrino search at super-Kamiokande,gamma_ray_bursts_and_supernovae,Nuclear and High Energy Physics,61058366,61058366,0,,W2139378688,10.1103/physrevd.85.052007,205,32,openalex_v3_query_core,0,,strict,Neutrino Physics Research,61058366,Neutrino Physics Research,Neutrino Physics Research,0,2025
https://openalex.org/W1971602535,2012,CANDELS: THE CONTRIBUTION OF THE OBSERVED GALAXY POPULATION TO COSMIC REIONIZATION,gamma_ray_bursts_and_supernovae,Astronomy and Astrophysics,60903922,60903922,0,,W1971602535,10.1088/0004-637x/758/2/93,204,180,openalex_v3_query_core,0,,strict,"Galaxies: Formation, Evolution, Phenomena",60903922,"Galaxies: Formation, Evolution, Phenomena","Galaxies: Formation, Evolution, Phenomena",0,2025
https://openalex.org/W1984023097,2005,Gamma-Ray Constraint on Galactic Positron Production by MeV Dark Matter,gamma_ray_bursts_and_supernovae,Nuclear and High Energy Physics,63152924,63152924,0,,W1984023097,10.1103/physrevlett.94.171301,203,30,openalex_v3_query_core,0,,strict,Dark Matter and Cosmic Phenomena,63152924,Dark Matter and Cosmic Phenomena,Dark Matter and Cosmic Phenomena,0,2025
https://openalex.org/W2163812193,2011,Pan-STARRS1 DISCOVERY OF TWO ULTRALUMINOUS SUPERNOVAE AT<i>z</i>≈ 0.9,gamma_ray_bursts_and_supernovae,Astronomy and Astrophysics,63203493,63203493,0,,W2163812193,10.1088/0004-637x/743/2/114,203,93,openalex_v3_query_core,0,,strict,Gamma-ray bursts and supernovae,63203493,Gamma-ray bursts and supernovae,Gamma-ray bursts and supernovae,0,2025
https://openalex.org/W2121291122,2012,THC: a new high-order finite-difference high-resolution shock-capturing code for special-relativistic hydrodynamics,gamma_ray_bursts_and_supernovae,Computational Mechanics,60921735,60921735,0,,W2121291122,10.1051/0004-6361/201219735,203,117,openalex_v3_query_core,0,,strict,Computational Fluid Dynamics and Aerodynamics,60921735,Computational Fluid Dynamics and Aerodynamics,Computational Fluid Dynamics and Aerodynamics,0,2025
https://openalex.org/W2566771008,2016,The evolution of hierarchical triple star-systems,gamma_ray_bursts_and_supernovae,Astronomy and Astrophysics,60904056,60904056,0,,W2566771008,10.1186/s40668-016-0019-0,203,327,openalex_v3_query_core,0,,strict,"Stellar, planetary, and galactic studies",60904056,"Stellar, planetary, and galactic studies","Stellar, planetary, and galactic studies",0,2025
https://openalex.org/W2030909054,2008,On the birthrates of Galactic neutron stars,gamma_ray_bursts_and_supernovae,Astronomy and Astrophysics,60973087,60973087,0,,W2030909054,10.1111/j.1365-2966.2008.14045.x,202,47,openalex_v3_query_core,0,,strict,Pulsars and Gravitational Waves Research,60973087,Pulsars and Gravitational Waves Research,Pulsars and Gravitational Waves Research,0,2025
https://openalex.org/W1975742599,2006,On the Collapsar Model of Long Gamma-Ray Bursts:Constraints from Cosmic Metallicity Evolution,gamma_ray_bursts_and_supernovae,Astronomy and Astrophysics,63203493,63203493,0,,W1975742599,10.1086/500363,201,38,openalex_v3_query_core,0,,strict,Gamma-ray bursts and supernovae,63203493,Gamma-ray bursts and supernovae,Gamma-ray bursts and supernovae,0,2025
https://openalex.org/W2168227401,2007,The Sun in Time: Activity and Environment,gamma_ray_bursts_and_supernovae,Astronomy and Astrophysics,60938632,60938632,0,,W2168227401,10.12942/lrsp-2007-3,201,620,openalex_v3_query_core,0,,strict,Solar and Space Plasma Dynamics,60938632,Solar and Space Plasma Dynamics,Solar and Space Plasma Dynamics,0,2025
https://openalex.org/W2141120919,2013,DEMOGRAPHICS OF THE GALAXIES HOSTING SHORT-DURATION GAMMA-RAY BURSTS,gamma_ray_bursts_and_supernovae,Astronomy and Astrophysics,63203493,63203493,0,,W2141120919,10.1088/0004-637x/769/1/56,201,156,openalex_v3_query_core,0,,strict,Gamma-ray bursts and supernovae,63203493,Gamma-ray bursts and supernovae,Gamma-ray bursts and supernovae,0,2025
https://openalex.org/W2078922489,2002,Discovering Ultra–High‐Energy Neutrinos through Horizontal and Upward τ Air Showers: Evidence in Terrestrial Gamma Flashes?,gamma_ray_bursts_and_supernovae,Nuclear and High Energy Physics,61041081,61041081,0,,W2078922489,10.1086/339772,200,48,openalex_v3_query_core,0,,strict,Astrophysics and Cosmic Phenomena,61041081,Astrophysics and Cosmic Phenomena,Astrophysics and Cosmic Phenomena,0,2025
https://openalex.org/W1987186022,2011,Ionizing Radiation and Life,gamma_ray_bursts_and_supernovae,Astronomy and Astrophysics,60955404,60955404,0,,W1987186022,10.1089/ast.2010.0528,200,334,openalex_v3_query_core,0,,strict,Astro and Planetary Science,60955404,Astro and Planetary Science,Astro and Planetary Science,0,2025
https://openalex.org/W2963799539,2015,MERGER RATES OF DOUBLE NEUTRON STARS AND STELLAR ORIGIN BLACK HOLES: THE IMPACT OF INITIAL CONDITIONS ON BINARY EVOLUTION PREDICTIONS,gamma_ray_bursts_and_supernovae,Astronomy and Astrophysics,60973087,60973087,0,,W2963799539,10.1088/0004-637x/814/1/58,200,173,openalex_v3_query_core,0,,strict,Pulsars and Gravitational Waves Research,60973087,Pulsars and Gravitational Waves Research,Pulsars and Gravitational Waves Research,0,2025
https://openalex.org/W2342444665,2016,HOST-GALAXY PROPERTIES OF 32 LOW-REDSHIFT SUPERLUMINOUS SUPERNOVAE FROM THE PALOMAR TRANSIENT FACTORY,gamma_ray_bursts_and_supernovae,Astronomy and Astrophysics,63203493,63203493,0,,W2342444665,10.3847/0004-637x/830/1/13,200,134,openalex_v3_query_core,0,,strict,Gamma-ray bursts and supernovae,63203493,Gamma-ray bursts and supernovae,Gamma-ray bursts and supernovae,0,2025
https://openalex.org/W3101113109,2016,HYDROGEN-POOR SUPERLUMINOUS SUPERNOVAE AND LONG-DURATION GAMMA-RAY BURSTS HAVE SIMILAR HOST GALAXIES,gamma_ray_bursts_and_supernovae,Astronomy and Astrophysics,63203493,63203493,0,,W3101113109,,200,143,openalex_v3_query_core,0,,strict,Gamma-ray bursts and supernovae,63203493,Gamma-ray bursts and supernovae,Gamma-ray bursts and supernovae,0,2025
https://openalex.org/W2898683405,2019,Pulsational Pair-instability Supernovae in Very Close Binaries,gamma_ray_bursts_and_supernovae,Astronomy and Astrophysics,63203493,63203493,0,,W2898683405,10.3847/1538-4357/ab3426,200,84,openalex_v3_query_core,0,,strict,Gamma-ray bursts and supernovae,63203493,Gamma-ray bursts and supernovae,Gamma-ray bursts and supernovae,0,2025
https://openalex.org/W4205650896,2022,Characterizing the Fast Radio Burst Host Galaxy Population and its Connection to Transients in the Local and Extragalactic Universe,gamma_ray_bursts_and_supernovae,Astronomy and Astrophysics,60973087,60973087,0,,W4205650896,10.3847/1538-3881/ac3aec,200,129,openalex_v3_query_core,0,,strict,Pulsars and Gravitational Waves Research,60973087,Pulsars and Gravitational Waves Research,Pulsars and Gravitational Waves Research,0,2025
https://openalex.org/W2054152824,2014,SEARCHES FOR EXTENDED AND POINT-LIKE NEUTRINO SOURCES WITH FOUR YEARS OF ICECUBE DATA,gamma_ray_bursts_and_supernovae,Nuclear and High Energy Physics,61041081,61041081,0,,W2054152824,10.1088/0004-637x/796/2/109,199,51,openalex_v3_query_core,0,,strict,Astrophysics and Cosmic Phenomena,61041081,Astrophysics and Cosmic Phenomena,Astrophysics and Cosmic Phenomena,0,2025
https://openalex.org/W3207781125,2022,Flavor probes of axion-like particles,gamma_ray_bursts_and_supernovae,Nuclear and High Energy Physics,63152924,63152924,0,,W3207781125,10.1007/jhep09(2022)056,199,381,openalex_v3_query_core,0,,strict,Dark Matter and Cosmic Phenomena,63152924,Dark Matter and Cosmic Phenomena,Dark Matter and Cosmic Phenomena,0,2025
https://openalex.org/W1861327581,2015,On the diversity of superluminous supernovae: ejected mass as the dominant factor,gamma_ray_bursts_and_supernovae,Astronomy and Astrophysics,63203493,63203493,0,,W1861327581,10.1093/mnras/stv1522,198,142,openalex_v3_query_core,0,,strict,Gamma-ray bursts and supernovae,63203493,Gamma-ray bursts and supernovae,Gamma-ray bursts and supernovae,0,2025
https://openalex.org/W2093840793,2011,Production of dust by massive stars at high redshift,gamma_ray_bursts_and_supernovae,Astronomy and Astrophysics,60903922,60903922,0,,W2093840793,10.1007/s00159-011-0043-7,197,404,openalex_v3_query_core,0,,strict,"Galaxies: Formation, Evolution, Phenomena",60903922,"Galaxies: Formation, Evolution, Phenomena","Galaxies: Formation, Evolution, Phenomena",0,2025
https://openalex.org/W3117015350,2021,The low-energy effective theory of axions and ALPs,gamma_ray_bursts_and_supernovae,Nuclear and High Energy Physics,60938242,60938242,0,,W3117015350,10.1007/jhep04(2021)063,196,95,openalex_v3_query_core,0,,strict,Quantum Chromodynamics and Particle Interactions,60938242,Quantum Chromodynamics and Particle Interactions,Quantum Chromodynamics and Particle Interactions,0,2025
https://openalex.org/W3190342835,2021,GWTC-2.1: Deep Extended Catalog of Compact Binary Coalescences Observed by LIGO and Virgo During the First Half of the Third Observing Run,gamma_ray_bursts_and_supernovae,Astronomy and Astrophysics,60973087,60973087,0,,W3190342835,10.48550/arxiv.2108.01045,196,243,openalex_v3_query_core,0,,strict,Pulsars and Gravitational Waves Research,60973087,Pulsars and Gravitational Waves Research,Pulsars and Gravitational Waves Research,0,2025
https://openalex.org/W2022790250,2011,AFTERGLOW OBSERVATIONS OF<i>FERMI</i>LARGE AREA TELESCOPE GAMMA-RAY BURSTS AND THE EMERGING CLASS OF HYPER-ENERGETIC EVENTS,gamma_ray_bursts_and_supernovae,Astronomy and Astrophysics,63203493,63203493,0,,W2022790250,10.1088/0004-637x/732/1/29,195,266,openalex_v3_query_core,0,,strict,Gamma-ray bursts and supernovae,63203493,Gamma-ray bursts and supernovae,Gamma-ray bursts and supernovae,0,2025
https://openalex.org/W2600438259,2017,Signatures of hypermassive neutron star lifetimes on r-process nucleosynthesis in the disc ejecta from neutron star mergers,gamma_ray_bursts_and_supernovae,Astronomy and Astrophysics,63203493,63203493,0,,W2600438259,10.1093/mnras/stx1987,195,123,openalex_v3_query_core,0,,strict,Gamma-ray bursts and supernovae,63203493,Gamma-ray bursts and supernovae,Gamma-ray bursts and supernovae,0,2025
https://openalex.org/W3095903015,2020,Observations of the Lyman-α Universe,gamma_ray_bursts_and_supernovae,Astronomy and Astrophysics,60903922,60903922,0,,W3095903015,10.1146/annurev-astro-032620-021859,195,233,openalex_v3_query_core,0,,strict,"Galaxies: Formation, Evolution, Phenomena",60903922,"Galaxies: Formation, Evolution, Phenomena","Galaxies: Formation, Evolution, Phenomena",0,2025
https://openalex.org/W3033773577,2003,Supernovae and Gamma-Ray Bursters,gamma_ray_bursts_and_supernovae,Astronomy and Astrophysics,63203493,63203493,0,,W3033773577,10.1007/3-540-45863-8,194,0,openalex_v3_query_core,0,,strict,Gamma-ray bursts and supernovae,63203493,Gamma-ray bursts and supernovae,Gamma-ray bursts and supernovae,0,2025
https://openalex.org/W3025918851,2008,The VLT-FLAMES survey of massive stars: atmospheric parameters androtational velocity distributions forB-type stars in the Magellanic Clouds,gamma_ray_bursts_and_supernovae,Astronomy and Astrophysics,60904056,60904056,0,,W3025918851,10.1051/0004-6361:20078511,194,68,openalex_v3_query_core,0,,strict,"Stellar, planetary, and galactic studies",60904056,"Stellar, planetary, and galactic studies","Stellar, planetary, and galactic studies",0,2025
https://openalex.org/W2766993325,2017,"Search for High-energy Neutrinos from Binary Neutron Star Merger GW170817 with ANTARES, IceCube, and the Pierre Auger Observatory",gamma_ray_bursts_and_supernovae,Astronomy and Astrophysics,63203493,63203493,0,,W2766993325,10.3847/2041-8213/aa9aed,194,60,openalex_v3_query_core,0,,strict,Gamma-ray bursts and supernovae,63203493,Gamma-ray bursts and supernovae,Gamma-ray bursts and supernovae,0,2025
https://openalex.org/W4293185790,2004,Superbubbles and energetic particles in the Galaxy,gamma_ray_bursts_and_supernovae,Nuclear and High Energy Physics,61041081,61041081,0,,W4293185790,10.1051/0004-6361:20041269,193,62,openalex_v3_query_core,0,,strict,Astrophysics and Cosmic Phenomena,61041081,Astrophysics and Cosmic Phenomena,Astrophysics and Cosmic Phenomena,0,2025
https://openalex.org/W3101287766,2007,https://openalex.org/W3101287766,gamma_ray_bursts_and_supernovae,Astronomy and Astrophysics,60904056,60904056,0,,W3101287766,10.1051/0004-6361:20077545/pdf,192,78,openalex_v3_query_core,0,,strict,"Stellar, planetary, and galactic studies",60904056,"Stellar, planetary, and galactic studies","Stellar, planetary, and galactic studies",0,2025
https://openalex.org/W2013131400,2009,A low-energy core-collapse supernova without a hydrogen envelope,gamma_ray_bursts_and_supernovae,Astronomy and Astrophysics,63203493,63203493,0,,W2013131400,10.1038/nature08023,192,45,openalex_v3_query_core,0,,strict,Gamma-ray bursts and supernovae,63203493,Gamma-ray bursts and supernovae,Gamma-ray bursts and supernovae,0,2025
https://openalex.org/W2586309430,2018,Simulations of the WFIRST Supernova Survey and Forecasts of Cosmological Constraints,gamma_ray_bursts_and_supernovae,Astronomy and Astrophysics,63203493,63203493,0,,W2586309430,10.3847/1538-4357/aac08b,192,173,openalex_v3_query_core,0,,strict,Gamma-ray bursts and supernovae,63203493,Gamma-ray bursts and supernovae,Gamma-ray bursts and supernovae,0,2025
https://openalex.org/W2883509220,2019,Clusters of Primordial Black Holes,gamma_ray_bursts_and_supernovae,Astronomy and Astrophysics,60904838,60904838,0,,W2883509220,10.1140/epjc/s10052-019-6741-4,192,124,openalex_v3_query_core,0,,strict,Cosmology and Gravitation Theories,60904838,Cosmology and Gravitation Theories,Cosmology and Gravitation Theories,0,2025
https://openalex.org/W2899338238,2019,Titans of the early Universe: The Prato statement on the origin of the first supermassive black holes,gamma_ray_bursts_and_supernovae,Astronomy and Astrophysics,60903922,60903922,0,,W2899338238,10.1017/pasa.2019.14,192,478,openalex_v3_query_core,0,,strict,"Galaxies: Formation, Evolution, Phenomena",60903922,"Galaxies: Formation, Evolution, Phenomena","Galaxies: Formation, Evolution, Phenomena",0,2025
https://openalex.org/W2921848825,2019,Dynamo theories,gamma_ray_bursts_and_supernovae,Molecular Biology,63272926,63272926,0,,W2921848825,10.1017/s0022377819000539,192,770,openalex_v3_query_core,0,,strict,Geomagnetism and Paleomagnetism Studies,63272926,Geomagnetism and Paleomagnetism Studies,Geomagnetism and Paleomagnetism Studies,0,2025
https://openalex.org/W2125649031,2012,Characteristic Evolution and Matching,gamma_ray_bursts_and_supernovae,Astronomy and Astrophysics,60973087,60973087,0,,W2125649031,10.12942/lrr-2012-2,191,350,openalex_v3_query_core,0,,strict,Pulsars and Gravitational Waves Research,60973087,Pulsars and Gravitational Waves Research,Pulsars and Gravitational Waves Research,0,2025
https://openalex.org/W2235925479,2016,THE SPECTRAL SN-GRB CONNECTION: SYSTEMATIC SPECTRAL COMPARISONS BETWEEN TYPE Ic SUPERNOVAE AND BROAD-LINED TYPE Ic SUPERNOVAE WITH AND WITHOUT GAMMA-RAY BURSTS,gamma_ray_bursts_and_supernovae,Astronomy and Astrophysics,63203493,63203493,0,,W2235925479,10.3847/0004-637x/832/2/108,191,136,openalex_v3_query_core,0,,strict,Gamma-ray bursts and supernovae,63203493,Gamma-ray bursts and supernovae,Gamma-ray bursts and supernovae,0,2025
https://openalex.org/W3033781061,2020,Radio Properties of Tidal Disruption Events,gamma_ray_bursts_and_supernovae,Astronomy and Astrophysics,61024309,61024309,0,,W3033781061,10.1007/s11214-020-00702-w,191,134,openalex_v3_query_core,0,,strict,Astrophysical Phenomena and Observations,61024309,Astrophysical Phenomena and Observations,Astrophysical Phenomena and Observations,0,2025
https://openalex.org/W3034192098,2020,Hydrodynamics of core-collapse supernovae and their progenitors,gamma_ray_bursts_and_supernovae,Astronomy and Astrophysics,63203493,63203493,0,,W3034192098,10.1007/s41115-020-0008-5,191,474,openalex_v3_query_core,0,,strict,Gamma-ray bursts and supernovae,63203493,Gamma-ray bursts and supernovae,Gamma-ray bursts and supernovae,0,2025
https://openalex.org/W4379740822,2023,"The First Stars: Formation, Properties, and Impact",gamma_ray_bursts_and_supernovae,Astronomy and Astrophysics,60904056,60904056,0,,W4379740822,10.1146/annurev-astro-071221-053453,191,644,openalex_v3_query_core,0,,strict,"Stellar, planetary, and galactic studies",60904056,"Stellar, planetary, and galactic studies","Stellar, planetary, and galactic studies",0,2025
https://openalex.org/W2890453481,2018,Neutrino Mass Ordering from Oscillations and Beyond: 2018 Status and Future Prospects,gamma_ray_bursts_and_supernovae,Nuclear and High Energy Physics,61041081,61041081,0,,W2890453481,10.3389/fspas.2018.00036,190,793,openalex_v3_query_core,0,,strict,Astrophysics and Cosmic Phenomena,61041081,Astrophysics and Cosmic Phenomena,Astrophysics and Cosmic Phenomena,0,2025
https://openalex.org/W2263048716,2016,Choked jets and low-luminosity gamma-ray bursts as hidden neutrino sources,gamma_ray_bursts_and_supernovae,Astronomy and Astrophysics,63203493,63203493,0,,W2263048716,10.1103/physrevd.93.083003,189,109,openalex_v3_query_core,0,,strict,Gamma-ray bursts and supernovae,63203493,Gamma-ray bursts and supernovae,Gamma-ray bursts and supernovae,0,2025
https://openalex.org/W4293024881,2017,The Carnegie Supernova Project I,gamma_ray_bursts_and_supernovae,Astronomy and Astrophysics,63203493,63203493,0,,W4293024881,10.1051/0004-6361/201730844,189,121,openalex_v3_query_core,0,,strict,Gamma-ray bursts and supernovae,63203493,Gamma-ray bursts and supernovae,Gamma-ray bursts and supernovae,0,2025
https://openalex.org/W2018986116,2005,Spectral analysis of the Galactic e<sup>+</sup>e<sup>-</sup> annihilation emission,gamma_ray_bursts_and_supernovae,Instrumentation,65554423,65554423,0,,W2018986116,10.1051/0004-6361:20053765,188,33,openalex_v3_query_core,0,,strict,Astronomy and Astrophysical Research,65554423,Astronomy and Astrophysical Research,Astronomy and Astrophysical Research,0,2025
https://openalex.org/W2617164508,2017,A Multi-telescope Campaign on FRB 121102: Implications for the FRB Population,gamma_ray_bursts_and_supernovae,Astronomy and Astrophysics,63203493,63203493,0,,W2617164508,10.3847/1538-4357/aa9700,188,94,openalex_v3_query_core,0,,strict,Gamma-ray bursts and supernovae,63203493,Gamma-ray bursts and supernovae,Gamma-ray bursts and supernovae,0,2025
https://openalex.org/W2000481895,2009,THE ROLE OF TYPE Ia SUPERNOVAE IN CHEMICAL EVOLUTION. I. LIFETIME OF TYPE Ia SUPERNOVAE AND METALLICITY EFFECT,gamma_ray_bursts_and_supernovae,Astronomy and Astrophysics,63203493,63203493,0,,W2000481895,10.1088/0004-637x/707/2/1466,186,161,openalex_v3_query_core,0,,strict,Gamma-ray bursts and supernovae,63203493,Gamma-ray bursts and supernovae,Gamma-ray bursts and supernovae,0,2025
https://openalex.org/W2964339850,2013,eLISA: Astrophysics and cosmology in the millihertz regime,gamma_ray_bursts_and_supernovae,Astronomy and Astrophysics,60973087,60973087,0,,W2964339850,,186,0,openalex_v3_query_core,0,,strict,Pulsars and Gravitational Waves Research,60973087,Pulsars and Gravitational Waves Research,Pulsars and Gravitational Waves Research,0,2025
https://openalex.org/W4206714946,2019,Search for Subsolar Mass Ultracompact Binaries in Advanced LIGO’s Second Observing Run,gamma_ray_bursts_and_supernovae,Astronomy and Astrophysics,60973087,60973087,0,,W4206714946,10.1103/physrevlett.123.161102,186,70,openalex_v3_query_core,0,,strict,Pulsars and Gravitational Waves Research,60973087,Pulsars and Gravitational Waves Research,Pulsars and Gravitational Waves Research,0,2025
https://openalex.org/W2071005361,2002,Detection of a Supernova Signature Associated with GRB 011121,gamma_ray_bursts_and_supernovae,Astronomy and Astrophysics,63203493,63203493,0,,W2071005361,10.1086/341551,185,46,openalex_v3_query_core,0,,strict,Gamma-ray bursts and supernovae,63203493,Gamma-ray bursts and supernovae,Gamma-ray bursts and supernovae,0,2025
https://openalex.org/W2133898867,2011,The SEDs and host galaxies of the dustiest GRB afterglows,gamma_ray_bursts_and_supernovae,Astronomy and Astrophysics,63203493,63203493,0,,W2133898867,10.1051/0004-6361/201117428,185,189,openalex_v3_query_core,0,,strict,Gamma-ray bursts and supernovae,63203493,Gamma-ray bursts and supernovae,Gamma-ray bursts and supernovae,0,2025
https://openalex.org/W2529628312,2016,Cosmology with gamma-ray bursts,gamma_ray_bursts_and_supernovae,Astronomy and Astrophysics,63203493,63203493,0,,W2529628312,10.1051/0004-6361/201628909,184,95,openalex_v3_query_core,0,,strict,Gamma-ray bursts and supernovae,63203493,Gamma-ray bursts and supernovae,Gamma-ray bursts and supernovae,0,2025
https://openalex.org/W2766346145,2018,The first direct double neutron star merger detection: Implications for cosmic nucleosynthesis,gamma_ray_bursts_and_supernovae,Astronomy and Astrophysics,63203493,63203493,0,,W2766346145,10.1051/0004-6361/201732117,184,85,openalex_v3_query_core,0,,strict,Gamma-ray bursts and supernovae,63203493,Gamma-ray bursts and supernovae,Gamma-ray bursts and supernovae,0,2025
https://openalex.org/W3102428454,2002,Off-Axis Afterglow Emission from Jetted Gamma-Ray Bursts,gamma_ray_bursts_and_supernovae,Astronomy and Astrophysics,63203493,63203493,0,,W3102428454,,183,21,openalex_v3_query_core,0,,strict,Gamma-ray bursts and supernovae,63203493,Gamma-ray bursts and supernovae,Gamma-ray bursts and supernovae,0,2025
https://openalex.org/W3203813093,2022,Primordial black holes as dark matter candidates,gamma_ray_bursts_and_supernovae,Astronomy and Astrophysics,60904838,60904838,0,,W3203813093,10.21468/scipostphyslectnotes.48,183,347,openalex_v3_query_core,0,,strict,Cosmology and Gravitation Theories,60904838,Cosmology and Gravitation Theories,Cosmology and Gravitation Theories,0,2025
https://openalex.org/W4300857056,2002,Stellar and wind properties of LMC WC4 stars,gamma_ray_bursts_and_supernovae,Astronomy and Astrophysics,60904056,60904056,0,,W4300857056,10.1051/0004-6361:20020941,182,47,openalex_v3_query_core,0,,strict,"Stellar, planetary, and galactic studies",60904056,"Stellar, planetary, and galactic studies","Stellar, planetary, and galactic studies",0,2025
https://openalex.org/W2074699709,2004,A Systematic Analysis of Supernova Light in Gamma‐Ray Burst Afterglows,gamma_ray_bursts_and_supernovae,Astronomy and Astrophysics,63203493,63203493,0,,W2074699709,10.1086/421100,182,74,openalex_v3_query_core,0,,strict,Gamma-ray bursts and supernovae,63203493,Gamma-ray bursts and supernovae,Gamma-ray bursts and supernovae,0,2025
https://openalex.org/W2170438786,2009,Equation-of-state dependent features in shock-oscillation modulated neutrino and gravitational-wave signals from supernovae,gamma_ray_bursts_and_supernovae,Nuclear and High Energy Physics,61058366,61058366,0,,W2170438786,10.1051/0004-6361/200810883,182,64,openalex_v3_query_core,0,,strict,Neutrino Physics Research,61058366,Neutrino Physics Research,Neutrino Physics Research,0,2025
https://openalex.org/W2096382669,2015,Early-time light curves of Type Ib/c supernovae from the SDSS-II Supernova Survey,gamma_ray_bursts_and_supernovae,Astronomy and Astrophysics,63203493,63203493,0,,W2096382669,10.1051/0004-6361/201423915,182,117,openalex_v3_query_core,0,,strict,Gamma-ray bursts and supernovae,63203493,Gamma-ray bursts and supernovae,Gamma-ray bursts and supernovae,0,2025
https://openalex.org/W1978188911,2001,Trans‐Relativistic Blast Waves in Supernovae as Gamma‐Ray Burst Progenitors,gamma_ray_bursts_and_supernovae,Astronomy and Astrophysics,63203493,63203493,0,,W1978188911,10.1086/320245,181,107,openalex_v3_query_core,0,,strict,Gamma-ray bursts and supernovae,63203493,Gamma-ray bursts and supernovae,Gamma-ray bursts and supernovae,0,2025
https://openalex.org/W2516092791,2017,Estimating cosmological parameters by the simulated data of gravitational waves from the Einstein Telescope,gamma_ray_bursts_and_supernovae,Astronomy and Astrophysics,60904838,60904838,0,,W2516092791,10.1103/physrevd.95.044024,181,41,openalex_v3_query_core,0,,strict,Cosmology and Gravitation Theories,60904838,Cosmology and Gravitation Theories,Cosmology and Gravitation Theories,0,2025
https://openalex.org/W2951263788,2019,Open Questions in Cosmic-Ray Research at Ultrahigh Energies,gamma_ray_bursts_and_supernovae,Nuclear and High Energy Physics,61041081,61041081,0,,W2951263788,10.3389/fspas.2019.00023,181,384,openalex_v3_query_core,0,,strict,Astrophysics and Cosmic Phenomena,61041081,Astrophysics and Cosmic Phenomena,Astrophysics and Cosmic Phenomena,0,2025
https://openalex.org/W3106365518,2005,"Explosion Mechanism, Neutrino Burst, and Gravitational Wave in Core-Collapse Supernovae",gamma_ray_bursts_and_supernovae,Nuclear and High Energy Physics,61058366,61058366,0,,W3106365518,,180,436,openalex_v3_query_core,0,,strict,Neutrino Physics Research,61058366,Neutrino Physics Research,Neutrino Physics Research,0,2025
https://openalex.org/W1991170689,2007,3D Collapse of Rotating Stellar Iron Cores in General Relativity Including Deleptonization and a Nuclear Equation of State,gamma_ray_bursts_and_supernovae,Astronomy and Astrophysics,60973087,60973087,0,,W1991170689,10.1103/physrevlett.98.261101,180,27,openalex_v3_query_core,0,,strict,Pulsars and Gravitational Waves Research,60973087,Pulsars and Gravitational Waves Research,Pulsars and Gravitational Waves Research,0,2025
https://openalex.org/W2005425668,2008,A Cosmology‐Independent Calibration of Gamma‐Ray Burst Luminosity Relations and the Hubble Diagram,gamma_ray_bursts_and_supernovae,Astronomy and Astrophysics,63203493,63203493,0,,W2005425668,10.1086/590903,180,65,openalex_v3_query_core,0,,strict,Gamma-ray bursts and supernovae,63203493,Gamma-ray bursts and supernovae,Gamma-ray bursts and supernovae,0,2025
https://openalex.org/W2007934222,2014,Intermediate-mass black holes in AGN discs – II. Model predictions and observational constraints,gamma_ray_bursts_and_supernovae,Astronomy and Astrophysics,61024309,61024309,0,,W2007934222,10.1093/mnras/stu553,180,130,openalex_v3_query_core,0,,strict,Astrophysical Phenomena and Observations,61024309,Astrophysical Phenomena and Observations,Astrophysical Phenomena and Observations,0,2025
https://openalex.org/W2888913388,2019,Axion-like particles at future colliders,gamma_ray_bursts_and_supernovae,Nuclear and High Energy Physics,63152924,63152924,0,,W2888913388,10.1140/epjc/s10052-019-6587-9,180,70,openalex_v3_query_core,0,,strict,Dark Matter and Cosmic Phenomena,63152924,Dark Matter and Cosmic Phenomena,Dark Matter and Cosmic Phenomena,0,2025
https://openalex.org/W2047697857,2010,OFF-AXIS GAMMA-RAY BURST AFTERGLOW MODELING BASED ON A TWO-DIMENSIONAL AXISYMMETRIC HYDRODYNAMICS SIMULATION,gamma_ray_bursts_and_supernovae,Astronomy and Astrophysics,63203493,63203493,0,,W2047697857,10.1088/0004-637x/722/1/235,179,57,openalex_v3_query_core,0,,strict,Gamma-ray bursts and supernovae,63203493,Gamma-ray bursts and supernovae,Gamma-ray bursts and supernovae,0,2025
https://openalex.org/W4294932442,2011,Stellar envelope inflation near the Eddington limit,gamma_ray_bursts_and_supernovae,Astronomy and Astrophysics,60904056,60904056,0,,W4294932442,10.1051/0004-6361/201117497,179,43,openalex_v3_query_core,0,,strict,"Stellar, planetary, and galactic studies",60904056,"Stellar, planetary, and galactic studies","Stellar, planetary, and galactic studies",0,2025
https://openalex.org/W2950722758,2012,How much H and He is ‘hidden’ in SNe Ib/c? - I. Low-mass objects,gamma_ray_bursts_and_supernovae,Astronomy and Astrophysics,63203493,63203493,0,,W2950722758,10.1111/j.1365-2966.2012.20464.x,179,59,openalex_v3_query_core,0,,strict,Gamma-ray bursts and supernovae,63203493,Gamma-ray bursts and supernovae,Gamma-ray bursts and supernovae,0,2025
https://openalex.org/W1970996041,2009,Magnetized relativistic jets and long-duration GRBs from magnetar spin-down during core-collapse supernovae,gamma_ray_bursts_and_supernovae,Astronomy and Astrophysics,63203493,63203493,0,,W1970996041,10.1111/j.1365-2966.2009.14940.x,178,73,openalex_v3_query_core,0,,strict,Gamma-ray bursts and supernovae,63203493,Gamma-ray bursts and supernovae,Gamma-ray bursts and supernovae,0,2025
https://openalex.org/W2979747258,2019,The dust-to-gas and dust-to-metal ratio in galaxies from z = 0 to 6,gamma_ray_bursts_and_supernovae,Astronomy and Astrophysics,60903922,60903922,0,,W2979747258,10.1093/mnras/stz2684,178,184,openalex_v3_query_core,0,,strict,"Galaxies: Formation, Evolution, Phenomena",60903922,"Galaxies: Formation, Evolution, Phenomena","Galaxies: Formation, Evolution, Phenomena",0,2025
https://openalex.org/W3010751903,2020,Probing cosmic isotropy with a new X-ray galaxy cluster sample through the<i>L</i><sub>X</sub>–<i>T</i>scaling relation,gamma_ray_bursts_and_supernovae,Astronomy and Astrophysics,60903922,60903922,0,,W3010751903,10.1051/0004-6361/201936602,178,153,openalex_v3_query_core,0,,strict,"Galaxies: Formation, Evolution, Phenomena",60903922,"Galaxies: Formation, Evolution, Phenomena","Galaxies: Formation, Evolution, Phenomena",0,2025
https://openalex.org/W2653832998,2017,Cosmic evolution and metal aversion in superluminous supernova host galaxies,gamma_ray_bursts_and_supernovae,Astronomy and Astrophysics,63203493,63203493,0,,W2653832998,10.1093/mnras/stx2352,177,268,openalex_v3_query_core,0,,strict,Gamma-ray bursts and supernovae,63203493,Gamma-ray bursts and supernovae,Gamma-ray bursts and supernovae,0,2025
https://openalex.org/W4221164886,2022,"The Low-redshift Lyman Continuum Survey. I. New, Diverse Local Lyman Continuum Emitters",gamma_ray_bursts_and_supernovae,Astronomy and Astrophysics,60903922,60903922,0,,W4221164886,10.3847/1538-4365/ac5331,177,144,openalex_v3_query_core,0,,strict,"Galaxies: Formation, Evolution, Phenomena",60903922,"Galaxies: Formation, Evolution, Phenomena","Galaxies: Formation, Evolution, Phenomena",0,2025
https://openalex.org/W2154614826,2003,OMC: An Optical Monitoring Camera for INTEGRAL,gamma_ray_bursts_and_supernovae,Astronomy and Astrophysics,61024309,61024309,0,,W2154614826,10.1051/0004-6361:20031418,176,8,openalex_v3_query_core,0,,strict,Astrophysical Phenomena and Observations,61024309,Astrophysical Phenomena and Observations,Astrophysical Phenomena and Observations,0,2025
https://openalex.org/W2075103542,2004,Formation rates of core-collapse supernovae and gamma-ray bursts,gamma_ray_bursts_and_supernovae,Astronomy and Astrophysics,63203493,63203493,0,,W2075103542,10.1111/j.1365-2966.2004.07436.x,176,80,openalex_v3_query_core,0,,strict,Gamma-ray bursts and supernovae,63203493,Gamma-ray bursts and supernovae,Gamma-ray bursts and supernovae,0,2025
https://openalex.org/W2991903995,2020,Neutrinoless double beta decay versus other probes of heavy sterile neutrinos,gamma_ray_bursts_and_supernovae,Nuclear and High Energy Physics,61058366,61058366,0,,W2991903995,10.1007/jhep03(2020)170,175,187,openalex_v3_query_core,0,,strict,Neutrino Physics Research,61058366,Neutrino Physics Research,Neutrino Physics Research,0,2025
https://openalex.org/W2999009864,2020,Detecting and studying high-energy collider neutrinos with FASER at the LHC,gamma_ray_bursts_and_supernovae,Nuclear and High Energy Physics,60904186,60904186,0,,W2999009864,10.1140/epjc/s10052-020-7631-5,175,185,openalex_v3_query_core,0,,strict,Particle physics theoretical and experimental studies,60904186,Particle physics theoretical and experimental studies,Particle physics theoretical and experimental studies,0,2025
https://openalex.org/W2169293339,2003,Limits on diffusive shock acceleration in supernova remnants in the presence of cosmic-ray streaming instability and wave dissipation,gamma_ray_bursts_and_supernovae,Nuclear and High Energy Physics,61041081,61041081,0,,W2169293339,10.1051/0004-6361:20030323,174,36,openalex_v3_query_core,0,,strict,Astrophysics and Cosmic Phenomena,61041081,Astrophysics and Cosmic Phenomena,Astrophysics and Cosmic Phenomena,0,2025
https://openalex.org/W2095270755,2009,Semi-global simulations of the magneto-rotational instability in core collapse supernovae,gamma_ray_bursts_and_supernovae,Astronomy and Astrophysics,63203493,63203493,0,,W2095270755,10.1051/0004-6361/200811323,174,40,openalex_v3_query_core,0,,strict,Gamma-ray bursts and supernovae,63203493,Gamma-ray bursts and supernovae,Gamma-ray bursts and supernovae,0,2025
https://openalex.org/W2081494948,2013,A new method for estimating the bolometric properties of Ibc supernovae,gamma_ray_bursts_and_supernovae,Astronomy and Astrophysics,63203493,63203493,0,,W2081494948,10.1093/mnras/stt1048,174,169,openalex_v3_query_core,0,,strict,Gamma-ray bursts and supernovae,63203493,Gamma-ray bursts and supernovae,Gamma-ray bursts and supernovae,0,2025
https://openalex.org/W2271712668,2016,The bolometric light curves and physical parameters of stripped-envelope supernovae,gamma_ray_bursts_and_supernovae,Astronomy and Astrophysics,63203493,63203493,0,,W2271712668,10.1093/mnras/stw299,174,131,openalex_v3_query_core,0,,strict,Gamma-ray bursts and supernovae,63203493,Gamma-ray bursts and supernovae,Gamma-ray bursts and supernovae,0,2025
https://openalex.org/W2066164130,2003,Discovery of the Low‐Redshift Optical Afterglow of GRB 011121 and Its Progenitor Supernova SN 2001ke,gamma_ray_bursts_and_supernovae,Astronomy and Astrophysics,63203493,63203493,0,,W2066164130,10.1086/344785,172,51,openalex_v3_query_core,0,,strict,Gamma-ray bursts and supernovae,63203493,Gamma-ray bursts and supernovae,Gamma-ray bursts and supernovae,0,2025
https://openalex.org/W2089215627,2006,Discovery of an Extraordinarily Massive Cluster of Red Supergiants,gamma_ray_bursts_and_supernovae,Astronomy and Astrophysics,60904056,60904056,0,,W2089215627,10.1086/503275,172,75,openalex_v3_query_core,0,,strict,"Stellar, planetary, and galactic studies",60904056,"Stellar, planetary, and galactic studies","Stellar, planetary, and galactic studies",0,2025
https://openalex.org/W2133605171,2013,"AGES OF YOUNG STAR CLUSTERS, MASSIVE BLUE STRAGGLERS, AND THE UPPER MASS LIMIT OF STARS: ANALYZING AGE-DEPENDENT STELLAR MASS FUNCTIONS",gamma_ray_bursts_and_supernovae,Astronomy and Astrophysics,60904056,60904056,0,,W2133605171,10.1088/0004-637x/780/2/117,172,113,openalex_v3_query_core,0,,strict,"Stellar, planetary, and galactic studies",60904056,"Stellar, planetary, and galactic studies","Stellar, planetary, and galactic studies",0,2025
https://openalex.org/W1953981590,2015,Theoretically Palatable Flavor Combinations of Astrophysical Neutrinos,gamma_ray_bursts_and_supernovae,Nuclear and High Energy Physics,61041081,61041081,0,,W1953981590,10.1103/physrevlett.115.161302,172,140,openalex_v3_query_core,0,,strict,Astrophysics and Cosmic Phenomena,61041081,Astrophysics and Cosmic Phenomena,Astrophysics and Cosmic Phenomena,0,2025
https://openalex.org/W3099778523,2020,Neutrinoless double beta decay versus other probes of heavy sterile neutrinos,gamma_ray_bursts_and_supernovae,Nuclear and High Energy Physics,61058366,61058366,0,,W3099778523,10.1007/jhep03%282020%29170,172,255,openalex_v3_query_core,0,,strict,Neutrino Physics Research,61058366,Neutrino Physics Research,Neutrino Physics Research,0,2025
https://openalex.org/W1991611465,2003,Early SPI/INTEGRAL constraints on the morphology of the 511 keV line emission in the 4th galactic quadrant,gamma_ray_bursts_and_supernovae,Astronomy and Astrophysics,61024309,61024309,0,,W1991611465,10.1051/0004-6361:20031437,171,18,openalex_v3_query_core,0,,strict,Astrophysical Phenomena and Observations,61024309,Astrophysical Phenomena and Observations,Astrophysical Phenomena and Observations,0,2025
https://openalex.org/W2107331751,2010,The host galaxies of core-collapse supernovae and gamma-ray bursts,gamma_ray_bursts_and_supernovae,Astronomy and Astrophysics,63203493,63203493,0,,W2107331751,10.1111/j.1365-2966.2010.16442.x,171,104,openalex_v3_query_core,0,,strict,Gamma-ray bursts and supernovae,63203493,Gamma-ray bursts and supernovae,Gamma-ray bursts and supernovae,0,2025
https://openalex.org/W2057348364,2013,Magnetorotational instability in relativistic hypermassive neutron stars,gamma_ray_bursts_and_supernovae,Astronomy and Astrophysics,60973087,60973087,0,,W2057348364,10.1103/physrevd.87.121302,171,34,openalex_v3_query_core,0,,strict,Pulsars and Gravitational Waves Research,60973087,Pulsars and Gravitational Waves Research,Pulsars and Gravitational Waves Research,0,2025
https://openalex.org/W2131256905,2004,The 2.5PN gravitational wave polarizations from inspiralling compact binaries in circular orbits,gamma_ray_bursts_and_supernovae,Astronomy and Astrophysics,60973087,60973087,0,,W2131256905,10.1088/0264-9381/21/15/010,170,80,openalex_v3_query_core,0,,strict,Pulsars and Gravitational Waves Research,60973087,Pulsars and Gravitational Waves Research,Pulsars and Gravitational Waves Research,0,2025
https://openalex.org/W2022462085,2007,Proto–Neutron Star Winds with Magnetic Fields and Rotation,gamma_ray_bursts_and_supernovae,Astronomy and Astrophysics,63203493,63203493,0,,W2022462085,10.1086/512059,170,117,openalex_v3_query_core,0,,strict,Gamma-ray bursts and supernovae,63203493,Gamma-ray bursts and supernovae,Gamma-ray bursts and supernovae,0,2025
https://openalex.org/W2555959713,2017,Revisiting Supernova 1987A constraints on dark photons,gamma_ray_bursts_and_supernovae,Astronomy and Astrophysics,63203493,63203493,0,,W2555959713,10.1007/jhep01(2017)107,170,48,openalex_v3_query_core,0,,strict,Gamma-ray bursts and supernovae,63203493,Gamma-ray bursts and supernovae,Gamma-ray bursts and supernovae,0,2025
https://openalex.org/W2563404048,2017,Dawes Review 6: The Impact of Companions on Stellar Evolution,gamma_ray_bursts_and_supernovae,Astronomy and Astrophysics,60904056,60904056,0,,W2563404048,10.1017/pasa.2016.52,170,319,openalex_v3_query_core,0,,strict,"Stellar, planetary, and galactic studies",60904056,"Stellar, planetary, and galactic studies","Stellar, planetary, and galactic studies",0,2025
https://openalex.org/W2760756222,2017,"<mml:math xmlns:mml=""http://www.w3.org/1998/Math/MathML"" display=""inline""><mml:mi>r</mml:mi></mml:math>-process nucleosynthesis from matter ejected in binary neutron star mergers",gamma_ray_bursts_and_supernovae,Astronomy and Astrophysics,63203493,63203493,0,,W2760756222,10.1103/physrevd.96.124005,170,150,openalex_v3_query_core,0,,strict,Gamma-ray bursts and supernovae,63203493,Gamma-ray bursts and supernovae,Gamma-ray bursts and supernovae,0,2025
https://openalex.org/W2808689100,2018,A dust-enshrouded tidal disruption event with a resolved radio jet in a galaxy merger,gamma_ray_bursts_and_supernovae,Astronomy and Astrophysics,61024309,61024309,0,,W2808689100,10.1126/science.aao4669,169,129,openalex_v3_query_core,0,,strict,Astrophysical Phenomena and Observations,61024309,Astrophysical Phenomena and Observations,Astrophysical Phenomena and Observations,0,2025
https://openalex.org/W2108159017,2014,The evolution of rotating very massive stars with LMC composition,gamma_ray_bursts_and_supernovae,Astronomy and Astrophysics,60904056,60904056,0,,W2108159017,10.1051/0004-6361/201424356,168,61,openalex_v3_query_core,0,,strict,"Stellar, planetary, and galactic studies",60904056,"Stellar, planetary, and galactic studies","Stellar, planetary, and galactic studies",0,2025
https://openalex.org/W1930998585,2015,Radio emission from supernova remnants,gamma_ray_bursts_and_supernovae,Nuclear and High Energy Physics,61041081,61041081,0,,W1930998585,10.1007/s00159-015-0083-5,168,353,openalex_v3_query_core,0,,strict,Astrophysics and Cosmic Phenomena,61041081,Astrophysics and Cosmic Phenomena,Astrophysics and Cosmic Phenomena,0,2025
https://openalex.org/W2395908903,2016,Formation of Supermassive Black Hole Seeds,gamma_ray_bursts_and_supernovae,Astronomy and Astrophysics,60903922,60903922,0,,W2395908903,10.1017/pasa.2016.41,168,306,openalex_v3_query_core,0,,strict,"Galaxies: Formation, Evolution, Phenomena",60903922,"Galaxies: Formation, Evolution, Phenomena","Galaxies: Formation, Evolution, Phenomena",0,2025
https://openalex.org/W2041766317,1998,Radio Emission and Particle Acceleration in SN 1993J,gamma_ray_bursts_and_supernovae,Astronomy and Astrophysics,63203493,63203493,0,,W2041766317,10.1086/306531,166,43,openalex_v3_query_core,0,,strict,Gamma-ray bursts and supernovae,63203493,Gamma-ray bursts and supernovae,Gamma-ray bursts and supernovae,0,2025
https://openalex.org/W1984076340,2002,Asymmetric Supernovae from Magnetocentrifugal Jets,gamma_ray_bursts_and_supernovae,Astronomy and Astrophysics,63203493,63203493,0,,W1984076340,10.1086/338953,166,71,openalex_v3_query_core,0,,strict,Gamma-ray bursts and supernovae,63203493,Gamma-ray bursts and supernovae,Gamma-ray bursts and supernovae,0,2025
https://openalex.org/W2104426230,2003,Evidence for supernova signatures in the spectrum of the late-time bump of the optical afterglow of GRB 021211,gamma_ray_bursts_and_supernovae,Astronomy and Astrophysics,63203493,63203493,0,,W2104426230,10.1051/0004-6361:20030855,166,36,openalex_v3_query_core,0,,strict,Gamma-ray bursts and supernovae,63203493,Gamma-ray bursts and supernovae,Gamma-ray bursts and supernovae,0,2025
https://openalex.org/W4297902317,2005,Stellar evolution with rotation,gamma_ray_bursts_and_supernovae,Astronomy and Astrophysics,63203493,63203493,0,,W4297902317,10.1051/0004-6361:20053329,166,36,openalex_v3_query_core,0,,strict,Gamma-ray bursts and supernovae,63203493,Gamma-ray bursts and supernovae,Gamma-ray bursts and supernovae,0,2025
https://openalex.org/W2122945074,2010,THE THREE-DIMENSIONAL STRUCTURE OF CASSIOPEIA A,gamma_ray_bursts_and_supernovae,Nuclear and High Energy Physics,61041081,61041081,0,,W2122945074,10.1088/0004-637x/725/2/2038,166,75,openalex_v3_query_core,0,,strict,Astrophysics and Cosmic Phenomena,61041081,Astrophysics and Cosmic Phenomena,Astrophysics and Cosmic Phenomena,0,2025
https://openalex.org/W2802275066,2019,<i>r</i> -process nucleosynthesis: connecting rare-isotope beam facilities with the cosmos,gamma_ray_bursts_and_supernovae,Astronomy and Astrophysics,63203493,63203493,0,,W2802275066,10.1088/1361-6471/ab0849,166,643,openalex_v3_query_core,0,,strict,Gamma-ray bursts and supernovae,63203493,Gamma-ray bursts and supernovae,Gamma-ray bursts and supernovae,0,2025
https://openalex.org/W1999148311,1999,Gradients of Absorption‐Line Strengths in Elliptical Galaxies,gamma_ray_bursts_and_supernovae,Astronomy and Astrophysics,60903922,60903922,0,,W1999148311,10.1086/308092,165,86,openalex_v3_query_core,0,,strict,"Galaxies: Formation, Evolution, Phenomena",60903922,"Galaxies: Formation, Evolution, Phenomena","Galaxies: Formation, Evolution, Phenomena",0,2025
https://openalex.org/W3105565441,2000,Conditions for Shock Revival by Neutrino Heating in Core-Collapse Supernovae,gamma_ray_bursts_and_supernovae,Astronomy and Astrophysics,63203493,63203493,0,,W3105565441,10.1051/0004-6361:20010012/pdf,165,80,openalex_v3_query_core,0,,strict,Gamma-ray bursts and supernovae,63203493,Gamma-ray bursts and supernovae,Gamma-ray bursts and supernovae,0,2025
https://openalex.org/W2044688893,2007,The H<scp>ii</scp>Region of a Primordial Star,gamma_ray_bursts_and_supernovae,Astronomy and Astrophysics,60903922,60903922,0,,W2044688893,10.1086/516820,165,58,openalex_v3_query_core,0,,strict,"Galaxies: Formation, Evolution, Phenomena",60903922,"Galaxies: Formation, Evolution, Phenomena","Galaxies: Formation, Evolution, Phenomena",0,2025
https://openalex.org/W2024934577,2009,"The different progenitors of type Ib, Ic SNe, and of GRB",gamma_ray_bursts_and_supernovae,Astronomy and Astrophysics,63203493,63203493,0,,W2024934577,10.1051/0004-6361/200811339,164,45,openalex_v3_query_core,0,,strict,Gamma-ray bursts and supernovae,63203493,Gamma-ray bursts and supernovae,Gamma-ray bursts and supernovae,0,2025
https://openalex.org/W3083882276,2020,Grand unified neutrino spectrum at Earth: Sources and spectral components,gamma_ray_bursts_and_supernovae,Nuclear and High Energy Physics,61041081,61041081,0,,W3083882276,10.1103/revmodphys.92.045006,164,643,openalex_v3_query_core,0,,strict,Astrophysics and Cosmic Phenomena,61041081,Astrophysics and Cosmic Phenomena,Astrophysics and Cosmic Phenomena,0,2025
https://openalex.org/W4296509928,2012,Properties of Galactic early-type O-supergiants,gamma_ray_bursts_and_supernovae,Astronomy and Astrophysics,60904056,60904056,0,,W4296509928,10.1051/0004-6361/201118594,163,128,openalex_v3_query_core,0,,strict,"Stellar, planetary, and galactic studies",60904056,"Stellar, planetary, and galactic studies","Stellar, planetary, and galactic studies",0,2025
https://openalex.org/W1881579125,2015,Massive main-sequence stars evolving at the Eddington limit,gamma_ray_bursts_and_supernovae,Astronomy and Astrophysics,60904056,60904056,0,,W1881579125,10.1051/0004-6361/201525945,163,119,openalex_v3_query_core,0,,strict,"Stellar, planetary, and galactic studies",60904056,"Stellar, planetary, and galactic studies","Stellar, planetary, and galactic studies",0,2025
https://openalex.org/W2956471702,2020,Is there a supernova bound on axions?,gamma_ray_bursts_and_supernovae,Nuclear and High Energy Physics,63152924,63152924,0,,W2956471702,10.1103/physrevd.101.123025,163,96,openalex_v3_query_core,0,,strict,Dark Matter and Cosmic Phenomena,63152924,Dark Matter and Cosmic Phenomena,Dark Matter and Cosmic Phenomena,0,2025
https://openalex.org/W3100007560,2009,Equation-of-state dependent features in shock-oscillation modulated neutrino and gravitational-wave signals from supernovae,gamma_ray_bursts_and_supernovae,Nuclear and High Energy Physics,61041081,61041081,0,,W3100007560,10.1051/0004-6361/200810883/pdf,162,89,openalex_v3_query_core,0,,strict,Astrophysics and Cosmic Phenomena,61041081,Astrophysics and Cosmic Phenomena,Astrophysics and Cosmic Phenomena,0,2025
https://openalex.org/W2559015280,2017,Relativistic Jets in Active Galactic Nuclei and Microquasars,gamma_ray_bursts_and_supernovae,Nuclear and High Energy Physics,61041081,61041081,0,,W2559015280,10.1007/s11214-016-0328-2,162,272,openalex_v3_query_core,0,,strict,Astrophysics and Cosmic Phenomena,61041081,Astrophysics and Cosmic Phenomena,Astrophysics and Cosmic Phenomena,0,2025
https://openalex.org/W2958078246,2019,Strong gravitational lensing of explosive transients,gamma_ray_bursts_and_supernovae,Astronomy and Astrophysics,63203493,63203493,0,,W2958078246,10.1088/1361-6633/ab4fc5,162,590,openalex_v3_query_core,0,,strict,Gamma-ray bursts and supernovae,63203493,Gamma-ray bursts and supernovae,Gamma-ray bursts and supernovae,0,2025
https://openalex.org/W3136857298,2021,A Brief Review on Primordial Black Holes as Dark Matter,gamma_ray_bursts_and_supernovae,Nuclear and High Energy Physics,63152924,63152924,0,,W3136857298,10.3389/fspas.2021.681084,162,143,openalex_v3_query_core,0,,strict,Dark Matter and Cosmic Phenomena,63152924,Dark Matter and Cosmic Phenomena,Dark Matter and Cosmic Phenomena,0,2025
https://openalex.org/W2135734881,2012,LONG GAMMA-RAY TRANSIENTS FROM COLLAPSARS,gamma_ray_bursts_and_supernovae,Astronomy and Astrophysics,63203493,63203493,0,,W2135734881,10.1088/0004-637x/752/1/32,161,25,openalex_v3_query_core,0,,strict,Gamma-ray bursts and supernovae,63203493,Gamma-ray bursts and supernovae,Gamma-ray bursts and supernovae,0,2025
https://openalex.org/W2066575727,2005,Toward a More Standardized Candle Using Gamma‐Ray Burst Energetics and Spectra,gamma_ray_bursts_and_supernovae,Astronomy and Astrophysics,63203493,63203493,0,,W2066575727,10.1086/430292,160,190,openalex_v3_query_core,0,,strict,Gamma-ray bursts and supernovae,63203493,Gamma-ray bursts and supernovae,Gamma-ray bursts and supernovae,0,2025
https://openalex.org/W2143953544,2006,Supernova 2006aj and the associated X-Ray Flash 060218,gamma_ray_bursts_and_supernovae,Nuclear and High Energy Physics,61041081,61041081,0,,W2143953544,10.1051/0004-6361:20065226,160,40,openalex_v3_query_core,0,,strict,Astrophysics and Cosmic Phenomena,61041081,Astrophysics and Cosmic Phenomena,Astrophysics and Cosmic Phenomena,0,2025
https://openalex.org/W2089141001,2007,Ten Year Review of Queue Scheduling of the Hobby‐Eberly Telescope,gamma_ray_bursts_and_supernovae,Instrumentation,65554423,65554423,0,,W2089141001,10.1086/519291,160,13,openalex_v3_query_core,0,,strict,Astronomy and Astrophysical Research,65554423,Astronomy and Astrophysical Research,Astronomy and Astrophysical Research,0,2025
https://openalex.org/W2133558556,2008,Effects of AGN feedback on ΛCDM galaxies,gamma_ray_bursts_and_supernovae,Astronomy and Astrophysics,60903922,60903922,0,,W2133558556,10.1111/j.1365-2966.2008.13456.x,160,106,openalex_v3_query_core,0,,strict,"Galaxies: Formation, Evolution, Phenomena",60903922,"Galaxies: Formation, Evolution, Phenomena","Galaxies: Formation, Evolution, Phenomena",0,2025
https://openalex.org/W2145297661,2013,Natal kicks of stellar mass black holes by asymmetric mass ejection in fallback supernovae,gamma_ray_bursts_and_supernovae,Astronomy and Astrophysics,60973087,60973087,0,,W2145297661,10.1093/mnras/stt1106,160,71,openalex_v3_query_core,0,,strict,Pulsars and Gravitational Waves Research,60973087,Pulsars and Gravitational Waves Research,Pulsars and Gravitational Waves Research,0,2025
https://openalex.org/W2557611932,2017,Detectability of compact binary merger macronovae,gamma_ray_bursts_and_supernovae,Astronomy and Astrophysics,63203493,63203493,0,,W2557611932,10.1088/1361-6382/aa68a9,160,189,openalex_v3_query_core,0,,strict,Gamma-ray bursts and supernovae,63203493,Gamma-ray bursts and supernovae,Gamma-ray bursts and supernovae,0,2025
https://openalex.org/W2149082495,2009,"Extensive optical and near-infrared observations of the nearby, narrow-lined type Ic SN 2007gr: days 5 to 415",gamma_ray_bursts_and_supernovae,Astronomy and Astrophysics,63203493,63203493,0,,W2149082495,10.1051/0004-6361/200912896,159,132,openalex_v3_query_core,0,,strict,Gamma-ray bursts and supernovae,63203493,Gamma-ray bursts and supernovae,Gamma-ray bursts and supernovae,0,2025
https://openalex.org/W3100913711,2011,Gravitational Wave Detection by Interferometry (Ground and Space),gamma_ray_bursts_and_supernovae,Astronomy and Astrophysics,60973087,60973087,0,,W3100913711,,159,352,openalex_v3_query_core,0,,strict,Pulsars and Gravitational Waves Research,60973087,Pulsars and Gravitational Waves Research,Pulsars and Gravitational Waves Research,0,2025
https://openalex.org/W2158159714,2013,ATLASGAL – properties of compact H ii regions and their natal clumps★,gamma_ray_bursts_and_supernovae,Astronomy and Astrophysics,60973222,60973222,0,,W2158159714,10.1093/mnras/stt1310,159,181,openalex_v3_query_core,0,,strict,Astrophysics and Star Formation Studies,60973222,Astrophysics and Star Formation Studies,Astrophysics and Star Formation Studies,0,2025
https://openalex.org/W2163781519,2014,"Cosmic neutrino pevatrons: A brand new pathway to astronomy, astrophysics, and particle physics",gamma_ray_bursts_and_supernovae,Nuclear and High Energy Physics,61041081,61041081,0,,W2163781519,10.1016/j.jheap.2014.01.001,159,328,openalex_v3_query_core,0,,strict,Astrophysics and Cosmic Phenomena,61041081,Astrophysics and Cosmic Phenomena,Astrophysics and Cosmic Phenomena,0,2025
https://openalex.org/W2041950803,2009,OBSERVATIONS OF THE NAKED-EYE GRB 080319B: IMPLICATIONS OF NATURE'S BRIGHTEST EXPLOSION,gamma_ray_bursts_and_supernovae,Astronomy and Astrophysics,63203493,63203493,0,,W2041950803,10.1088/0004-637x/691/1/723,158,59,openalex_v3_query_core,0,,strict,Gamma-ray bursts and supernovae,63203493,Gamma-ray bursts and supernovae,Gamma-ray bursts and supernovae,0,2025
https://openalex.org/W1490309354,2016,SN 2012cg: EVIDENCE FOR INTERACTION BETWEEN A NORMAL SN Ia AND A NON-DEGENERATE BINARY COMPANION,gamma_ray_bursts_and_supernovae,Astronomy and Astrophysics,63203493,63203493,0,,W1490309354,10.3847/0004-637x/820/2/92,158,87,openalex_v3_query_core,0,,strict,Gamma-ray bursts and supernovae,63203493,Gamma-ray bursts and supernovae,Gamma-ray bursts and supernovae,0,2025
https://openalex.org/W2789384355,2018,Rapidly evolving transients in the Dark Energy Survey,gamma_ray_bursts_and_supernovae,Astronomy and Astrophysics,63203493,63203493,0,,W2789384355,10.1093/mnras/sty2309,158,122,openalex_v3_query_core,0,,strict,Gamma-ray bursts and supernovae,63203493,Gamma-ray bursts and supernovae,Gamma-ray bursts and supernovae,0,2025
https://openalex.org/W3103764524,2018,r-Process Nucleosynthesis: Connecting Rare-Isotope Beam Facilities with the Cosmos,gamma_ray_bursts_and_supernovae,Nuclear and High Energy Physics,60904836,60904836,0,,W3103764524,10.48550/arxiv.1805.04637,158,674,openalex_v3_query_core,0,,strict,Nuclear physics research studies,60904836,Nuclear physics research studies,Nuclear physics research studies,0,2025
https://openalex.org/W2089091473,2006,The Radio and X‐Ray Luminous SN 2003bg and the Circumstellar Density Variations around Radio Supernovae,gamma_ray_bursts_and_supernovae,Astronomy and Astrophysics,63203493,63203493,0,,W2089091473,10.1086/507571,157,63,openalex_v3_query_core,0,,strict,Gamma-ray bursts and supernovae,63203493,Gamma-ray bursts and supernovae,Gamma-ray bursts and supernovae,0,2025
https://openalex.org/W3105676301,2006,"Low Luminosity Gamma-Ray Bursts as a Unique Population: Luminosity Function, Local Rate, and Beaming Factor",gamma_ray_bursts_and_supernovae,Astronomy and Astrophysics,63203493,63203493,0,,W3105676301,,157,77,openalex_v3_query_core,0,,strict,Gamma-ray bursts and supernovae,63203493,Gamma-ray bursts and supernovae,Gamma-ray bursts and supernovae,0,2025
https://openalex.org/W2952443018,2012,Fundamental Physics at the Intensity Frontier,gamma_ray_bursts_and_supernovae,Nuclear and High Energy Physics,60904186,60904186,0,,W2952443018,10.48550/arxiv.1205.2671,157,10,openalex_v3_query_core,0,,strict,Particle physics theoretical and experimental studies,60904186,Particle physics theoretical and experimental studies,Particle physics theoretical and experimental studies,0,2025
https://openalex.org/W1680468302,2015,A UNIFIED PICTURE FOR LOW-LUMINOSITY AND LONG GAMMA-RAY BURSTS BASED ON THE EXTENDED PROGENITOR OF<i>ll</i>GRB 060218/SN 2006AJ,gamma_ray_bursts_and_supernovae,Astronomy and Astrophysics,63203493,63203493,0,,W1680468302,10.1088/0004-637x/807/2/172,157,65,openalex_v3_query_core,0,,strict,Gamma-ray bursts and supernovae,63203493,Gamma-ray bursts and supernovae,Gamma-ray bursts and supernovae,0,2025
https://openalex.org/W3104195283,2004,The rates of hypernovae and gamma-ray bursts : implications for their progenitors,gamma_ray_bursts_and_supernovae,Astronomy and Astrophysics,63203493,63203493,0,,W3104195283,,156,53,openalex_v3_query_core,0,,strict,Gamma-ray bursts and supernovae,63203493,Gamma-ray bursts and supernovae,Gamma-ray bursts and supernovae,0,2025
https://openalex.org/W2010835546,2009,The on-orbit calibration of the Fermi Large Area Telescope,gamma_ray_bursts_and_supernovae,Nuclear and High Energy Physics,61041081,61041081,0,,W2010835546,10.1016/j.astropartphys.2009.08.002,156,26,openalex_v3_query_core,0,,strict,Astrophysics and Cosmic Phenomena,61041081,Astrophysics and Cosmic Phenomena,Astrophysics and Cosmic Phenomena,0,2025
https://openalex.org/W2565976341,2017,Modeling dynamical ejecta from binary neutron star mergers and implications for electromagnetic counterparts,gamma_ray_bursts_and_supernovae,Astronomy and Astrophysics,60973087,60973087,0,,W2565976341,10.1088/1361-6382/aa6bb0,156,66,openalex_v3_query_core,0,,strict,Pulsars and Gravitational Waves Research,60973087,Pulsars and Gravitational Waves Research,Pulsars and Gravitational Waves Research,0,2025
https://openalex.org/W2953474961,2019,Fast Radio Bursts from Magnetars Born in Binary Neutron Star Mergers and Accretion Induced Collapse,gamma_ray_bursts_and_supernovae,Astronomy and Astrophysics,60973087,60973087,0,,W2953474961,10.3847/1538-4357/ab4c31,156,188,openalex_v3_query_core,0,,strict,Pulsars and Gravitational Waves Research,60973087,Pulsars and Gravitational Waves Research,Pulsars and Gravitational Waves Research,0,2025
https://openalex.org/W2965138371,2019,Thermodynamics conditions of matter in neutron star mergers,gamma_ray_bursts_and_supernovae,Astronomy and Astrophysics,60973087,60973087,0,,W2965138371,10.1140/epja/i2019-12810-7,156,91,openalex_v3_query_core,0,,strict,Pulsars and Gravitational Waves Research,60973087,Pulsars and Gravitational Waves Research,Pulsars and Gravitational Waves Research,0,2025
https://openalex.org/W1980024674,2005,Revealing the Supernova–Gamma-Ray Burst Connection with TeV Neutrinos,gamma_ray_bursts_and_supernovae,Astronomy and Astrophysics,63203493,63203493,0,,W1980024674,10.1103/physrevlett.95.061103,155,23,openalex_v3_query_core,0,,strict,Gamma-ray bursts and supernovae,63203493,Gamma-ray bursts and supernovae,Gamma-ray bursts and supernovae,0,2025
https://openalex.org/W2169635046,2013,Optical and near-infrared observations of SN 2011dh – The first 100 days,gamma_ray_bursts_and_supernovae,Astronomy and Astrophysics,63203493,63203493,0,,W2169635046,10.1051/0004-6361/201321850,155,119,openalex_v3_query_core,0,,strict,Gamma-ray bursts and supernovae,63203493,Gamma-ray bursts and supernovae,Gamma-ray bursts and supernovae,0,2025
https://openalex.org/W2961917402,2019,"Tension with the flat ΛCDM model from a high-redshift Hubble diagram of supernovae, quasars, and gamma-ray bursts",gamma_ray_bursts_and_supernovae,Astronomy and Astrophysics,63203493,63203493,0,,W2961917402,10.1051/0004-6361/201936223,155,23,openalex_v3_query_core,0,,strict,Gamma-ray bursts and supernovae,63203493,Gamma-ray bursts and supernovae,Gamma-ray bursts and supernovae,0,2025
https://openalex.org/W2155955561,2005,Which massive stars are gamma-ray burst progenitors?,gamma_ray_bursts_and_supernovae,Astronomy and Astrophysics,63203493,63203493,0,,W2155955561,10.1051/0004-6361:20042545,154,19,openalex_v3_query_core,0,,strict,Gamma-ray bursts and supernovae,63203493,Gamma-ray bursts and supernovae,Gamma-ray bursts and supernovae,0,2025
https://openalex.org/W1923558818,2012,Dipoles in the sky,gamma_ray_bursts_and_supernovae,Astronomy and Astrophysics,63203493,63203493,0,,W1923558818,10.1111/j.1365-2966.2012.22032.x,153,114,openalex_v3_query_core,0,,strict,Gamma-ray bursts and supernovae,63203493,Gamma-ray bursts and supernovae,Gamma-ray bursts and supernovae,0,2025
https://openalex.org/W1894385335,2016,RAPIDLY RISING TRANSIENTS IN THE SUPERNOVA—SUPERLUMINOUS SUPERNOVA GAP,gamma_ray_bursts_and_supernovae,Astronomy and Astrophysics,63203493,63203493,0,,W1894385335,10.3847/0004-637x/819/1/35,153,163,openalex_v3_query_core,0,,strict,Gamma-ray bursts and supernovae,63203493,Gamma-ray bursts and supernovae,Gamma-ray bursts and supernovae,0,2025
https://openalex.org/W3133676458,2021,Impact of massive binary star and cosmic evolution on gravitational wave observations I: black hole–neutron star mergers,gamma_ray_bursts_and_supernovae,Astronomy and Astrophysics,60973087,60973087,0,,W3133676458,10.1093/mnras/stab2716,153,520,openalex_v3_query_core,0,,strict,Pulsars and Gravitational Waves Research,60973087,Pulsars and Gravitational Waves Research,Pulsars and Gravitational Waves Research,0,2025
https://openalex.org/W2071655479,2006,Implications of the metallicity dependence of Wolf-Rayet winds,gamma_ray_bursts_and_supernovae,Astronomy and Astrophysics,60904056,60904056,0,,W2071655479,10.1051/0004-6361:20065001,152,36,openalex_v3_query_core,0,,strict,"Stellar, planetary, and galactic studies",60904056,"Stellar, planetary, and galactic studies","Stellar, planetary, and galactic studies",0,2025
https://openalex.org/W2966573353,2019,Observational properties of thermonuclear supernovae,gamma_ray_bursts_and_supernovae,Astronomy and Astrophysics,63203493,63203493,0,,W2966573353,10.1038/s41550-019-0858-0,152,195,openalex_v3_query_core,0,,strict,Gamma-ray bursts and supernovae,63203493,Gamma-ray bursts and supernovae,Gamma-ray bursts and supernovae,0,2025
https://openalex.org/W2070387439,2010,FALLBACK SUPERNOVAE: A POSSIBLE ORIGIN OF PECULIAR SUPERNOVAE WITH EXTREMELY LOW EXPLOSION ENERGIES,gamma_ray_bursts_and_supernovae,Astronomy and Astrophysics,63203493,63203493,0,,W2070387439,10.1088/0004-637x/719/2/1445,151,71,openalex_v3_query_core,0,,strict,Gamma-ray bursts and supernovae,63203493,Gamma-ray bursts and supernovae,Gamma-ray bursts and supernovae,0,2025
https://openalex.org/W4255049821,2017,Supernova Explosions,gamma_ray_bursts_and_supernovae,Astronomy and Astrophysics,63203493,63203493,0,,W4255049821,10.1007/978-3-662-55054-0,151,9,openalex_v3_query_core,0,,strict,Gamma-ray bursts and supernovae,63203493,Gamma-ray bursts and supernovae,Gamma-ray bursts and supernovae,0,2025
https://openalex.org/W2783266742,2018,A Precise Distance to the Host Galaxy of the Binary Neutron Star Merger GW170817 Using Surface Brightness Fluctuations<sup>∗</sup>,gamma_ray_bursts_and_supernovae,Astronomy and Astrophysics,63203493,63203493,0,,W2783266742,10.3847/2041-8213/aaad64,151,54,openalex_v3_query_core,0,,strict,Gamma-ray bursts and supernovae,63203493,Gamma-ray bursts and supernovae,Gamma-ray bursts and supernovae,0,2025
https://openalex.org/W2091128104,2002,Orphan Gamma‐Ray Burst Radio Afterglows: Candidates and Constraints on Beaming,gamma_ray_bursts_and_supernovae,Astronomy and Astrophysics,63203493,63203493,0,,W2091128104,10.1086/341866,150,71,openalex_v3_query_core,0,,strict,Gamma-ray bursts and supernovae,63203493,Gamma-ray bursts and supernovae,Gamma-ray bursts and supernovae,0,2025
https://openalex.org/W2083515540,2010,Observational constraints on cosmological models with the updated long gamma-ray bursts,gamma_ray_bursts_and_supernovae,Astronomy and Astrophysics,63203493,63203493,0,,W2083515540,10.1088/1475-7516/2010/08/020,150,130,openalex_v3_query_core,0,,strict,Gamma-ray bursts and supernovae,63203493,Gamma-ray bursts and supernovae,Gamma-ray bursts and supernovae,0,2025
https://openalex.org/W3102403098,2011,Stellar black holes at the dawn of the universe,gamma_ray_bursts_and_supernovae,Astronomy and Astrophysics,60903922,60903922,0,,W3102403098,10.1051/0004-6361/201016357/pdf,150,49,openalex_v3_query_core,0,,strict,"Galaxies: Formation, Evolution, Phenomena",60903922,"Galaxies: Formation, Evolution, Phenomena","Galaxies: Formation, Evolution, Phenomena",0,2025
https://openalex.org/W2298582657,2016,High-energy neutrino follow-up search of gravitational wave event GW150914 with ANTARES and IceCube,gamma_ray_bursts_and_supernovae,Nuclear and High Energy Physics,61041081,61041081,0,,W2298582657,10.1103/physrevd.93.122010,150,60,openalex_v3_query_core,0,,strict,Astrophysics and Cosmic Phenomena,61041081,Astrophysics and Cosmic Phenomena,Astrophysics and Cosmic Phenomena,0,2025
https://openalex.org/W2581343307,2017,Ionizing spectra of stars that lose their envelope through interaction with a binary companion: role of metallicity,gamma_ray_bursts_and_supernovae,Astronomy and Astrophysics,63203493,63203493,0,,W2581343307,10.1051/0004-6361/201730472,150,188,openalex_v3_query_core,0,,strict,Gamma-ray bursts and supernovae,63203493,Gamma-ray bursts and supernovae,Gamma-ray bursts and supernovae,0,2025
https://openalex.org/W2766405922,2017,Precision cosmology from future lensed gravitational wave and electromagnetic signals,gamma_ray_bursts_and_supernovae,Astronomy and Astrophysics,60973087,60973087,0,,W2766405922,10.1038/s41467-017-01152-9,150,45,openalex_v3_query_core,0,,strict,Pulsars and Gravitational Waves Research,60973087,Pulsars and Gravitational Waves Research,Pulsars and Gravitational Waves Research,0,2025
https://openalex.org/W2090522690,1999,Aspherical Explosion Models for SN 1998bw/GRB 980425,gamma_ray_bursts_and_supernovae,Astronomy and Astrophysics,63203493,63203493,0,,W2090522690,10.1086/307521,149,31,openalex_v3_query_core,0,,strict,Gamma-ray bursts and supernovae,63203493,Gamma-ray bursts and supernovae,Gamma-ray bursts and supernovae,0,2025
https://openalex.org/W2149293085,2001,The mass of the neutron star in Vela X-1,gamma_ray_bursts_and_supernovae,Astronomy and Astrophysics,60973087,60973087,0,,W2149293085,10.1051/0004-6361:20011122,149,21,openalex_v3_query_core,0,,strict,Pulsars and Gravitational Waves Research,60973087,Pulsars and Gravitational Waves Research,Pulsars and Gravitational Waves Research,0,2025
https://openalex.org/W2075601234,2003,A Radio Survey of Type Ib and Ic Supernovae: Searching for Engine‐driven Supernovae,gamma_ray_bursts_and_supernovae,Astronomy and Astrophysics,63203493,63203493,0,,W2075601234,10.1086/379214,149,78,openalex_v3_query_core,0,,strict,Gamma-ray bursts and supernovae,63203493,Gamma-ray bursts and supernovae,Gamma-ray bursts and supernovae,0,2025
https://openalex.org/W2618075940,2016,The Tarantula Massive Binary Monitoring,gamma_ray_bursts_and_supernovae,Astronomy and Astrophysics,60904056,60904056,0,,W2618075940,10.1051/0004-6361/201629844,149,46,openalex_v3_query_core,0,,strict,"Stellar, planetary, and galactic studies",60904056,"Stellar, planetary, and galactic studies","Stellar, planetary, and galactic studies",0,2025
https://openalex.org/W4281552525,2022,Nested sampling for physical scientists,gamma_ray_bursts_and_supernovae,Artificial Intelligence,65537259,65537259,0,,W4281552525,10.1038/s43586-022-00121-x,149,273,openalex_v3_query_core,0,,strict,Gaussian Processes and Bayesian Inference,65537259,Gaussian Processes and Bayesian Inference,Gaussian Processes and Bayesian Inference,0,2025
https://openalex.org/W4313702649,2023,Ultraluminous X-ray sources,gamma_ray_bursts_and_supernovae,Astronomy and Astrophysics,61024309,61024309,0,,W4313702649,10.1016/j.newar.2022.101672,149,705,openalex_v3_query_core,0,,strict,Astrophysical Phenomena and Observations,61024309,Astrophysical Phenomena and Observations,Astrophysical Phenomena and Observations,0,2025
https://openalex.org/W2057880141,2010,THE COLLIMATION AND ENERGETICS OF THE BRIGHTEST<i>SWIFT</i>GAMMA-RAY BURSTS,gamma_ray_bursts_and_supernovae,Astronomy and Astrophysics,63203493,63203493,0,,W2057880141,10.1088/0004-637x/711/2/641,148,157,openalex_v3_query_core,0,,strict,Gamma-ray bursts and supernovae,63203493,Gamma-ray bursts and supernovae,Gamma-ray bursts and supernovae,0,2025
https://openalex.org/W4296577332,2015,Low-metallicity massive single stars with rotation,gamma_ray_bursts_and_supernovae,Astronomy and Astrophysics,60904056,60904056,0,,W4296577332,10.1051/0004-6361/201526617,148,171,openalex_v3_query_core,0,,strict,"Stellar, planetary, and galactic studies",60904056,"Stellar, planetary, and galactic studies","Stellar, planetary, and galactic studies",0,2025
https://openalex.org/W2752444423,2018,What can be learned from a future supernova neutrino detection?,gamma_ray_bursts_and_supernovae,Nuclear and High Energy Physics,61058366,61058366,0,,W2752444423,10.1088/1361-6471/aaa90a,148,518,openalex_v3_query_core,0,,strict,Neutrino Physics Research,61058366,Neutrino Physics Research,Neutrino Physics Research,0,2025
https://openalex.org/W2131979110,2007,Searching for a Stochastic Background of Gravitational Waves with the Laser Interferometer Gravitational-Wave Observatory,gamma_ray_bursts_and_supernovae,Astronomy and Astrophysics,60973087,60973087,0,,W2131979110,10.1086/511329,147,45,openalex_v3_query_core,0,,strict,Pulsars and Gravitational Waves Research,60973087,Pulsars and Gravitational Waves Research,Pulsars and Gravitational Waves Research,0,2025
https://openalex.org/W2161119190,2008,Improved Constraints on the Acceleration History of the Universe and the Properties of the Dark Energy,gamma_ray_bursts_and_supernovae,Astronomy and Astrophysics,60904838,60904838,0,,W2161119190,10.1086/528837,147,37,openalex_v3_query_core,0,,strict,Cosmology and Gravitation Theories,60904838,Cosmology and Gravitation Theories,Cosmology and Gravitation Theories,0,2025
https://openalex.org/W2004703340,2013,An analytic bolometric light curve model of interaction-powered supernovae and its application to Type IIn supernovae,gamma_ray_bursts_and_supernovae,Astronomy and Astrophysics,63203493,63203493,0,,W2004703340,10.1093/mnras/stt1392,147,119,openalex_v3_query_core,0,,strict,Gamma-ray bursts and supernovae,63203493,Gamma-ray bursts and supernovae,Gamma-ray bursts and supernovae,0,2025
https://openalex.org/W2169585402,2005,Full-star type Ia supernova explosion models,gamma_ray_bursts_and_supernovae,Astronomy and Astrophysics,63203493,63203493,0,,W2169585402,10.1051/0004-6361:20041859,146,42,openalex_v3_query_core,0,,strict,Gamma-ray bursts and supernovae,63203493,Gamma-ray bursts and supernovae,Gamma-ray bursts and supernovae,0,2025
https://openalex.org/W3101398685,2010,https://openalex.org/W3101398685,gamma_ray_bursts_and_supernovae,Astronomy and Astrophysics,63203493,63203493,0,,W3101398685,,146,74,openalex_v3_query_core,0,,strict,Gamma-ray bursts and supernovae,63203493,Gamma-ray bursts and supernovae,Gamma-ray bursts and supernovae,0,2025
https://openalex.org/W1997713212,2011,PROGENITOR DIAGNOSTICS FOR STRIPPED CORE-COLLAPSE SUPERNOVAE: MEASURED METALLICITIES AT EXPLOSION SITES,gamma_ray_bursts_and_supernovae,Astronomy and Astrophysics,63203493,63203493,0,,W1997713212,10.1088/2041-8205/731/1/l4,145,47,openalex_v3_query_core,0,,strict,Gamma-ray bursts and supernovae,63203493,Gamma-ray bursts and supernovae,Gamma-ray bursts and supernovae,0,2025
https://openalex.org/W3105786902,2013,The AD775 cosmic event revisited: the Sun is to blame,gamma_ray_bursts_and_supernovae,Astronomy and Astrophysics,60938632,60938632,0,,W3105786902,10.1051/0004-6361/201321080/pdf,145,43,openalex_v3_query_core,0,,strict,Solar and Space Plasma Dynamics,60938632,Solar and Space Plasma Dynamics,Solar and Space Plasma Dynamics,0,2025
https://openalex.org/W2050817568,2015,Mass ejection from neutron star mergers: different components and expected radio signals,gamma_ray_bursts_and_supernovae,Astronomy and Astrophysics,63203493,63203493,0,,W2050817568,10.1093/mnras/stv620,145,95,openalex_v3_query_core,0,,strict,Gamma-ray bursts and supernovae,63203493,Gamma-ray bursts and supernovae,Gamma-ray bursts and supernovae,0,2025
https://openalex.org/W2242359428,2015,Short-lived 244Pu points to compact binary mergers as sites for heavy r-process nucleosynthesis,gamma_ray_bursts_and_supernovae,Astronomy and Astrophysics,63203493,63203493,0,,W2242359428,10.1038/nphys3574,145,41,openalex_v3_query_core,0,,strict,Gamma-ray bursts and supernovae,63203493,Gamma-ray bursts and supernovae,Gamma-ray bursts and supernovae,0,2025
https://openalex.org/W2132174891,2001,Detection of the optical afterglow of GRB 000630: Implications for dark bursts,gamma_ray_bursts_and_supernovae,Astronomy and Astrophysics,63203493,63203493,0,,W2132174891,10.1051/0004-6361:20010112,144,27,openalex_v3_query_core,0,,strict,Gamma-ray bursts and supernovae,63203493,Gamma-ray bursts and supernovae,Gamma-ray bursts and supernovae,0,2025
https://openalex.org/W2076828451,2013,An anti-glitch in a magnetar,gamma_ray_bursts_and_supernovae,Astronomy and Astrophysics,60973087,60973087,0,,W2076828451,10.1038/nature12159,144,39,openalex_v3_query_core,0,,strict,Pulsars and Gravitational Waves Research,60973087,Pulsars and Gravitational Waves Research,Pulsars and Gravitational Waves Research,0,2025
https://openalex.org/W4214868179,2021,A New Moment-Based General-Relativistic Neutrino-Radiation Transport Code: Methods and First Applications to Neutron Star Mergers,gamma_ray_bursts_and_supernovae,Astronomy and Astrophysics,60973087,60973087,0,,W4214868179,10.1093/mnras/stac589,144,136,openalex_v3_query_core,0,,strict,Pulsars and Gravitational Waves Research,60973087,Pulsars and Gravitational Waves Research,Pulsars and Gravitational Waves Research,0,2025
https://openalex.org/W2023313076,2002,The evolution of naked helium stars with a neutron star companion in close binary systems,gamma_ray_bursts_and_supernovae,Astronomy and Astrophysics,60973087,60973087,0,,W2023313076,10.1046/j.1365-8711.2002.05257.x,143,38,openalex_v3_query_core,0,,strict,Pulsars and Gravitational Waves Research,60973087,Pulsars and Gravitational Waves Research,Pulsars and Gravitational Waves Research,0,2025
https://openalex.org/W2073206787,2006,SN 2006aj and the Nature of Low-Luminosity Gamma-Ray Bursts,gamma_ray_bursts_and_supernovae,Astronomy and Astrophysics,63203493,63203493,0,,W2073206787,10.1086/506271,143,39,openalex_v3_query_core,0,,strict,Gamma-ray bursts and supernovae,63203493,Gamma-ray bursts and supernovae,Gamma-ray bursts and supernovae,0,2025
https://openalex.org/W2057448325,2007,"A large population of metal-rich, compact, intergalactic C IV absorbers - evidence for poor small-scale metal mixing",gamma_ray_bursts_and_supernovae,Astronomy and Astrophysics,60903922,60903922,0,,W2057448325,10.1111/j.1365-2966.2007.12005.x,143,76,openalex_v3_query_core,0,,strict,"Galaxies: Formation, Evolution, Phenomena",60903922,"Galaxies: Formation, Evolution, Phenomena","Galaxies: Formation, Evolution, Phenomena",0,2025
https://openalex.org/W2096177980,2011,The imprint of a symbiotic binary progenitor on the properties of Kepler’s supernova remnant,gamma_ray_bursts_and_supernovae,Astronomy and Astrophysics,63203493,63203493,0,,W2096177980,10.1051/0004-6361/201014754,143,109,openalex_v3_query_core,0,,strict,Gamma-ray bursts and supernovae,63203493,Gamma-ray bursts and supernovae,Gamma-ray bursts and supernovae,0,2025
https://openalex.org/W2103211077,2015,A dynamical model for the formation of gas rings and episodic starbursts near galactic centres,gamma_ray_bursts_and_supernovae,Astronomy and Astrophysics,60973222,60973222,0,,W2103211077,10.1093/mnras/stv1670,143,183,openalex_v3_query_core,0,,strict,Astrophysics and Star Formation Studies,60973222,Astrophysics and Star Formation Studies,Astrophysics and Star Formation Studies,0,2025
https://openalex.org/W2589306530,2018,Decay photons from the axionlike particles burst of type II supernovae,gamma_ray_bursts_and_supernovae,Nuclear and High Energy Physics,63152924,63152924,0,,W2589306530,10.1103/physrevd.98.055032,143,42,openalex_v3_query_core,0,,strict,Dark Matter and Cosmic Phenomena,63152924,Dark Matter and Cosmic Phenomena,Dark Matter and Cosmic Phenomena,0,2025
https://openalex.org/W2949677937,2018,Light Curves of Hydrogen-poor Superluminous Supernovae from the Palomar Transient Factory,gamma_ray_bursts_and_supernovae,Astronomy and Astrophysics,63203493,63203493,0,,W2949677937,10.3847/1538-4357/aab9b6,143,159,openalex_v3_query_core,0,,strict,Gamma-ray bursts and supernovae,63203493,Gamma-ray bursts and supernovae,Gamma-ray bursts and supernovae,0,2025
https://openalex.org/W3102621059,2004,Gamma Ray Bursts: new rulers to measure the Universe,gamma_ray_bursts_and_supernovae,Astronomy and Astrophysics,63203493,63203493,0,,W3102621059,,142,18,openalex_v3_query_core,0,,strict,Gamma-ray bursts and supernovae,63203493,Gamma-ray bursts and supernovae,Gamma-ray bursts and supernovae,0,2025
https://openalex.org/W2044294779,2006,SN 2005bf: A Possible Transition Event between Type Ib/c Supernovae and Gamma‐Ray Bursts,gamma_ray_bursts_and_supernovae,Astronomy and Astrophysics,63203493,63203493,0,,W2044294779,10.1086/500531,142,70,openalex_v3_query_core,0,,strict,Gamma-ray bursts and supernovae,63203493,Gamma-ray bursts and supernovae,Gamma-ray bursts and supernovae,0,2025
https://openalex.org/W2218843998,2016,THE OFFSET AND HOST LIGHT DISTRIBUTIONS OF LONG GAMMA-RAY BURSTS: A NEW VIEW FROM HST OBSERVATIONS OF SWIFT BURSTS,gamma_ray_bursts_and_supernovae,Astronomy and Astrophysics,63203493,63203493,0,,W2218843998,10.3847/0004-637x/817/2/144,142,53,openalex_v3_query_core,0,,strict,Gamma-ray bursts and supernovae,63203493,Gamma-ray bursts and supernovae,Gamma-ray bursts and supernovae,0,2025
https://openalex.org/W2291851638,2016,Spectrum formation in superluminous supernovae (Type I),gamma_ray_bursts_and_supernovae,Astronomy and Astrophysics,63203493,63203493,0,,W2291851638,10.1093/mnras/stw512,142,69,openalex_v3_query_core,0,,strict,Gamma-ray bursts and supernovae,63203493,Gamma-ray bursts and supernovae,Gamma-ray bursts and supernovae,0,2025
https://openalex.org/W2910736055,2019,Signatures of a jet cocoon in early spectra of a supernova associated with a γ-ray burst,gamma_ray_bursts_and_supernovae,Astronomy and Astrophysics,63203493,63203493,0,,W2910736055,10.1038/s41586-018-0826-3,142,108,openalex_v3_query_core,0,,strict,Gamma-ray bursts and supernovae,63203493,Gamma-ray bursts and supernovae,Gamma-ray bursts and supernovae,0,2025
https://openalex.org/W4361205513,2023,GRB 221009A: The BOAT,gamma_ray_bursts_and_supernovae,Astronomy and Astrophysics,63203493,63203493,0,,W4361205513,10.3847/2041-8213/acc39c,142,75,openalex_v3_query_core,0,,strict,Gamma-ray bursts and supernovae,63203493,Gamma-ray bursts and supernovae,Gamma-ray bursts and supernovae,0,2025
https://openalex.org/W2032039102,1998,The Supernova–Gamma-Ray Burst Connection,gamma_ray_bursts_and_supernovae,Astronomy and Astrophysics,63203493,63203493,0,,W2032039102,10.1086/311580,141,20,openalex_v3_query_core,0,,strict,Gamma-ray bursts and supernovae,63203493,Gamma-ray bursts and supernovae,Gamma-ray bursts and supernovae,0,2025
https://openalex.org/W2158920338,2008,DISCOVERY OF THE ULTRA-BRIGHT TYPE II-L SUPERNOVA 2008es,gamma_ray_bursts_and_supernovae,Astronomy and Astrophysics,63203493,63203493,0,,W2158920338,10.1088/0004-637x/690/2/1313,141,39,openalex_v3_query_core,0,,strict,Gamma-ray bursts and supernovae,63203493,Gamma-ray bursts and supernovae,Gamma-ray bursts and supernovae,0,2025
https://openalex.org/W4283651615,2022,Multiple Populations in Star Clusters,gamma_ray_bursts_and_supernovae,Astronomy and Astrophysics,60904056,60904056,0,,W4283651615,10.3390/universe8070359,141,349,openalex_v3_query_core,0,,strict,"Stellar, planetary, and galactic studies",60904056,"Stellar, planetary, and galactic studies","Stellar, planetary, and galactic studies",0,2025
https://openalex.org/W2169048570,2002,Cosmic rays from microquasars: A narrow component to the CR spectrum?,gamma_ray_bursts_and_supernovae,Nuclear and High Energy Physics,61041081,61041081,0,,W2169048570,10.1051/0004-6361:20020615,140,72,openalex_v3_query_core,0,,strict,Astrophysics and Cosmic Phenomena,61041081,Astrophysics and Cosmic Phenomena,Astrophysics and Cosmic Phenomena,0,2025
https://openalex.org/W2154846287,2008,ESC supernova spectroscopy of non-ESC targets,gamma_ray_bursts_and_supernovae,Astronomy and Astrophysics,63203493,63203493,0,,W2154846287,10.1051/0004-6361:20078859,140,39,openalex_v3_query_core,0,,strict,Gamma-ray bursts and supernovae,63203493,Gamma-ray bursts and supernovae,Gamma-ray bursts and supernovae,0,2025
https://openalex.org/W2108883133,2009,Science with a lunar low-frequency array: From the dark ages of the Universe to nearby exoplanets,gamma_ray_bursts_and_supernovae,Astronomy and Astrophysics,65469135,65469135,0,,W2108883133,10.1016/j.newar.2009.02.001,140,136,openalex_v3_query_core,0,,strict,Radio Astronomy Observations and Technology,65469135,Radio Astronomy Observations and Technology,Radio Astronomy Observations and Technology,0,2025
https://openalex.org/W1991108342,2014,Review of scientific topics for the Millimetron space observatory,gamma_ray_bursts_and_supernovae,Nuclear and High Energy Physics,61041081,61041081,0,,W1991108342,10.3367/ufne.0184.201412c.1319,140,304,openalex_v3_query_core,0,,strict,Astrophysics and Cosmic Phenomena,61041081,Astrophysics and Cosmic Phenomena,Astrophysics and Cosmic Phenomena,0,2025
https://openalex.org/W4296502548,2014,The evolution of massive stars and their spectra,gamma_ray_bursts_and_supernovae,Astronomy and Astrophysics,60904056,60904056,0,,W4296502548,10.1051/0004-6361/201322573,140,113,openalex_v3_query_core,0,,strict,"Stellar, planetary, and galactic studies",60904056,"Stellar, planetary, and galactic studies","Stellar, planetary, and galactic studies",0,2025
https://openalex.org/W2179769023,2016,Observational Searches for Star-Forming Galaxies at<i>z</i>&gt; 6,gamma_ray_bursts_and_supernovae,Astronomy and Astrophysics,60903922,60903922,0,,W2179769023,10.1017/pasa.2016.26,140,266,openalex_v3_query_core,0,,strict,"Galaxies: Formation, Evolution, Phenomena",60903922,"Galaxies: Formation, Evolution, Phenomena","Galaxies: Formation, Evolution, Phenomena",0,2025
https://openalex.org/W2001290456,2011,THE EFFECT OF PECULIAR VELOCITIES ON SUPERNOVA COSMOLOGY,gamma_ray_bursts_and_supernovae,Astronomy and Astrophysics,60904838,60904838,0,,W2001290456,10.1088/0004-637x/741/1/67,139,105,openalex_v3_query_core,0,,strict,Cosmology and Gravitation Theories,60904838,Cosmology and Gravitation Theories,Cosmology and Gravitation Theories,0,2025
https://openalex.org/W2105229229,2012,The most extreme ultraluminous X-ray sources: evidence for intermediate-mass black holes?,gamma_ray_bursts_and_supernovae,Astronomy and Astrophysics,61024309,61024309,0,,W2105229229,10.1111/j.1365-2966.2012.20944.x,139,102,openalex_v3_query_core,0,,strict,Astrophysical Phenomena and Observations,61024309,Astrophysical Phenomena and Observations,Astrophysical Phenomena and Observations,0,2025
https://openalex.org/W2616150543,2013,THE METAL AVERSION OF LONG-DURATION GAMMA-RAY BURSTS,gamma_ray_bursts_and_supernovae,Astronomy and Astrophysics,63203493,63203493,0,,W2616150543,10.1088/0004-637x/774/2/119,139,113,openalex_v3_query_core,0,,strict,Gamma-ray bursts and supernovae,63203493,Gamma-ray bursts and supernovae,Gamma-ray bursts and supernovae,0,2025
https://openalex.org/W2095163514,2009,Activation of the Blandford-Znajek mechanism in collapsing stars,gamma_ray_bursts_and_supernovae,Astronomy and Astrophysics,61024309,61024309,0,,W2095163514,10.1111/j.1365-2966.2009.14831.x,138,77,openalex_v3_query_core,0,,strict,Astrophysical Phenomena and Observations,61024309,Astrophysical Phenomena and Observations,Astrophysical Phenomena and Observations,0,2025
https://openalex.org/W2789184352,2018,Spectra of Hydrogen-poor Superluminous Supernovae from the Palomar Transient Factory,gamma_ray_bursts_and_supernovae,Astronomy and Astrophysics,63203493,63203493,0,,W2789184352,10.3847/1538-4357/aaac2f,138,194,openalex_v3_query_core,0,,strict,Gamma-ray bursts and supernovae,63203493,Gamma-ray bursts and supernovae,Gamma-ray bursts and supernovae,0,2025
https://openalex.org/W4361021270,2023,Fermi-GBM Discovery of GRB 221009A: An Extraordinarily Bright GRB from Onset to Afterglow,gamma_ray_bursts_and_supernovae,Astronomy and Astrophysics,63203493,63203493,0,,W4361021270,10.3847/2041-8213/ace5b4,138,119,openalex_v3_query_core,0,,strict,Gamma-ray bursts and supernovae,63203493,Gamma-ray bursts and supernovae,Gamma-ray bursts and supernovae,0,2025
https://openalex.org/W1592171473,2003,Supernova remnants and γ-ray sources,gamma_ray_bursts_and_supernovae,Nuclear and High Energy Physics,61041081,61041081,0,,W1592171473,10.1016/s0370-1573(03)00201-1,137,155,openalex_v3_query_core,0,,strict,Astrophysics and Cosmic Phenomena,61041081,Astrophysics and Cosmic Phenomena,Astrophysics and Cosmic Phenomena,0,2025
https://openalex.org/W3105642707,2005,https://openalex.org/W3105642707,gamma_ray_bursts_and_supernovae,Astronomy and Astrophysics,63203493,63203493,0,,W3105642707,10.1051/0004-6361:20042542/pdf,137,63,openalex_v3_query_core,0,,strict,Gamma-ray bursts and supernovae,63203493,Gamma-ray bursts and supernovae,Gamma-ray bursts and supernovae,0,2025
https://openalex.org/W2078504310,2008,An Unexpectedly Swift Rise in the Gamma-Ray Burst Rate,gamma_ray_bursts_and_supernovae,Astronomy and Astrophysics,63203493,63203493,0,,W2078504310,10.1086/527671,137,57,openalex_v3_query_core,0,,strict,Gamma-ray bursts and supernovae,63203493,Gamma-ray bursts and supernovae,Gamma-ray bursts and supernovae,0,2025
https://openalex.org/W2568273510,2010,"Two type Ic supernovae in low-metallicity, dwarf galaxies: diversity of explosions",gamma_ray_bursts_and_supernovae,Astronomy and Astrophysics,63203493,63203493,0,,W2568273510,10.1051/0004-6361/200913004,137,118,openalex_v3_query_core,0,,strict,Gamma-ray bursts and supernovae,63203493,Gamma-ray bursts and supernovae,Gamma-ray bursts and supernovae,0,2025
https://openalex.org/W1849272877,2015,Numerical relativity simulations of neutron star merger remnants using conservative mesh refinement,gamma_ray_bursts_and_supernovae,Astronomy and Astrophysics,60973087,60973087,0,,W1849272877,10.1103/physrevd.91.124041,137,115,openalex_v3_query_core,0,,strict,Pulsars and Gravitational Waves Research,60973087,Pulsars and Gravitational Waves Research,Pulsars and Gravitational Waves Research,0,2025
https://openalex.org/W2190223928,2015,Reionisation and High-Redshift Galaxies: The View from Quasar Absorption Lines,gamma_ray_bursts_and_supernovae,Astronomy and Astrophysics,60903922,60903922,0,,W2190223928,10.1017/pasa.2015.45,137,284,openalex_v3_query_core,0,,strict,"Galaxies: Formation, Evolution, Phenomena",60903922,"Galaxies: Formation, Evolution, Phenomena","Galaxies: Formation, Evolution, Phenomena",0,2025
https://openalex.org/W2905399455,2018,Investigating the properties of stripped-envelope supernovae; what are the implications for their progenitors?,gamma_ray_bursts_and_supernovae,Astronomy and Astrophysics,63203493,63203493,0,,W2905399455,10.1093/mnras/sty3399,137,219,openalex_v3_query_core,0,,strict,Gamma-ray bursts and supernovae,63203493,Gamma-ray bursts and supernovae,Gamma-ray bursts and supernovae,0,2025
https://openalex.org/W2898499750,2019,AT2018cow: A Luminous Millimeter Transient,gamma_ray_bursts_and_supernovae,Nuclear and High Energy Physics,61041081,61041081,0,,W2898499750,10.3847/1538-4357/aaf473,137,85,openalex_v3_query_core,0,,strict,Astrophysics and Cosmic Phenomena,61041081,Astrophysics and Cosmic Phenomena,Astrophysics and Cosmic Phenomena,0,2025
https://openalex.org/W3004204092,2020,Astronuclear Physics: A tale of the atomic nuclei in the skies,gamma_ray_bursts_and_supernovae,Nuclear and High Energy Physics,60904836,60904836,0,,W3004204092,10.1016/j.ppnp.2020.103766,137,353,openalex_v3_query_core,0,,strict,Nuclear physics research studies,60904836,Nuclear physics research studies,Nuclear physics research studies,0,2025
https://openalex.org/W3162082128,2020,Supernova Neutrino Burst Detection with the Deep Underground Neutrino Experiment,gamma_ray_bursts_and_supernovae,Nuclear and High Energy Physics,61058366,61058366,0,,W3162082128,10.17863/cam.70126,137,123,openalex_v3_query_core,0,,strict,Neutrino Physics Research,61058366,Neutrino Physics Research,Neutrino Physics Research,0,2025
https://openalex.org/W2069751052,2005,Relativistic MHD simulations of extragalactic jets,gamma_ray_bursts_and_supernovae,Nuclear and High Energy Physics,61041081,61041081,0,,W2069751052,10.1051/0004-6361:20042520,136,87,openalex_v3_query_core,0,,strict,Astrophysics and Cosmic Phenomena,61041081,Astrophysics and Cosmic Phenomena,Astrophysics and Cosmic Phenomena,0,2025
https://openalex.org/W2154634134,2013,Can magnetar spin-down power extended emission in some short GRBs?,gamma_ray_bursts_and_supernovae,Astronomy and Astrophysics,63203493,63203493,0,,W2154634134,10.1093/mnras/stt293,136,60,openalex_v3_query_core,0,,strict,Gamma-ray bursts and supernovae,63203493,Gamma-ray bursts and supernovae,Gamma-ray bursts and supernovae,0,2025
https://openalex.org/W2791115338,2018,Observation of an Unusual Upward-Going Cosmic-Ray-like Event in the Third Flight of ANITA,gamma_ray_bursts_and_supernovae,Nuclear and High Energy Physics,61041081,61041081,0,,W2791115338,10.1103/physrevlett.121.161102,136,42,openalex_v3_query_core,0,,strict,Astrophysics and Cosmic Phenomena,61041081,Astrophysics and Cosmic Phenomena,Astrophysics and Cosmic Phenomena,0,2025
https://openalex.org/W2994730213,2019,"The Ep,i–Eiso correlation: type I gamma-ray bursts and the new classification method",gamma_ray_bursts_and_supernovae,Astronomy and Astrophysics,63203493,63203493,0,,W2994730213,10.1093/mnras/stz3611,136,153,openalex_v3_query_core,0,,strict,Gamma-ray bursts and supernovae,63203493,Gamma-ray bursts and supernovae,Gamma-ray bursts and supernovae,0,2025
https://openalex.org/W2103225170,2012,THE HIGHLY ENERGETIC EXPANSION OF SN 2010bh ASSOCIATED WITH GRB 100316D,gamma_ray_bursts_and_supernovae,Astronomy and Astrophysics,63203493,63203493,0,,W2103225170,10.1088/0004-637x/753/1/67,135,37,openalex_v3_query_core,0,,strict,Gamma-ray bursts and supernovae,63203493,Gamma-ray bursts and supernovae,Gamma-ray bursts and supernovae,0,2025
https://openalex.org/W2129631126,2013,GRB 130427A: A Nearby Ordinary Monster,gamma_ray_bursts_and_supernovae,Astronomy and Astrophysics,63203493,63203493,0,,W2129631126,10.1126/science.1242279,135,71,openalex_v3_query_core,0,,strict,Gamma-ray bursts and supernovae,63203493,Gamma-ray bursts and supernovae,Gamma-ray bursts and supernovae,0,2025
https://openalex.org/W3098307768,2019,"Tension with the flat ΛCDM model from a high-redshift Hubble diagram of supernovae, quasars, and gamma-ray bursts",gamma_ray_bursts_and_supernovae,Astronomy and Astrophysics,63203493,63203493,0,,W3098307768,10.1051/0004-6361/201936223/pdf,135,30,openalex_v3_query_core,0,,strict,Gamma-ray bursts and supernovae,63203493,Gamma-ray bursts and supernovae,Gamma-ray bursts and supernovae,0,2025
https://openalex.org/W3010745702,2020,On the FRB luminosity function – – II. Event rate density,gamma_ray_bursts_and_supernovae,Astronomy and Astrophysics,60973087,60973087,0,,W3010745702,10.1093/mnras/staa704,135,155,openalex_v3_query_core,0,,strict,Pulsars and Gravitational Waves Research,60973087,Pulsars and Gravitational Waves Research,Pulsars and Gravitational Waves Research,0,2025
https://openalex.org/W2169835170,2003,Gravitational Waves from Gravitational Collapse,gamma_ray_bursts_and_supernovae,Astronomy and Astrophysics,60973087,60973087,0,,W2169835170,10.12942/lrr-2003-2,134,431,openalex_v3_query_core,0,,strict,Pulsars and Gravitational Waves Research,60973087,Pulsars and Gravitational Waves Research,Pulsars and Gravitational Waves Research,0,2025
https://openalex.org/W2129709920,2009,ARECIBO PULSAR SURVEY USING ALFA: PROBING RADIO PULSAR INTERMITTENCY AND TRANSIENTS,gamma_ray_bursts_and_supernovae,Astronomy and Astrophysics,60973087,60973087,0,,W2129709920,10.1088/0004-637x/703/2/2259,134,54,openalex_v3_query_core,0,,strict,Pulsars and Gravitational Waves Research,60973087,Pulsars and Gravitational Waves Research,Pulsars and Gravitational Waves Research,0,2025
https://openalex.org/W2148257829,2016,GEO 600 and the GEO-HF upgrade program: successes and challenges,gamma_ray_bursts_and_supernovae,Astronomy and Astrophysics,60973087,60973087,0,,W2148257829,10.1088/0264-9381/33/7/075009,134,45,openalex_v3_query_core,0,,strict,Pulsars and Gravitational Waves Research,60973087,Pulsars and Gravitational Waves Research,Pulsars and Gravitational Waves Research,0,2025
https://openalex.org/W2576413878,2017,Equation of state effects on gravitational waves from rotating core collapse,gamma_ray_bursts_and_supernovae,Astronomy and Astrophysics,60973087,60973087,0,,W2576413878,10.1103/physrevd.95.063019,134,136,openalex_v3_query_core,0,,strict,Pulsars and Gravitational Waves Research,60973087,Pulsars and Gravitational Waves Research,Pulsars and Gravitational Waves Research,0,2025
https://openalex.org/W2620152797,2017,Classical Collapse to Black Holes and Quantum Bounces: A Review,gamma_ray_bursts_and_supernovae,Astronomy and Astrophysics,60904838,60904838,0,,W2620152797,10.3390/universe3020048,134,252,openalex_v3_query_core,0,,strict,Cosmology and Gravitation Theories,60904838,Cosmology and Gravitation Theories,Cosmology and Gravitation Theories,0,2025
https://openalex.org/W2159730530,2011,Rotation speed of the first stars,gamma_ray_bursts_and_supernovae,Astronomy and Astrophysics,63203493,63203493,0,,W2159730530,10.1111/j.1365-2966.2010.18152.x,133,126,openalex_v3_query_core,0,,strict,Gamma-ray bursts and supernovae,63203493,Gamma-ray bursts and supernovae,Gamma-ray bursts and supernovae,0,2025
https://openalex.org/W1592721204,2015,Physics of Gamma-Ray Bursts Prompt Emission,gamma_ray_bursts_and_supernovae,Astronomy and Astrophysics,63203493,63203493,0,,W1592721204,10.1155/2015/907321,133,579,openalex_v3_query_core,0,,strict,Gamma-ray bursts and supernovae,63203493,Gamma-ray bursts and supernovae,Gamma-ray bursts and supernovae,0,2025
https://openalex.org/W3124032753,2016,Runaway stars as progenitors of supernovae and gamma-ray bursts,gamma_ray_bursts_and_supernovae,Astronomy and Astrophysics,63203493,63203493,0,,W3124032753,,133,99,openalex_v3_query_core,0,,strict,Gamma-ray bursts and supernovae,63203493,Gamma-ray bursts and supernovae,Gamma-ray bursts and supernovae,0,2025
https://openalex.org/W4293198550,2002,Implications of cosmological gamma-ray absorption,gamma_ray_bursts_and_supernovae,Nuclear and High Energy Physics,61041081,61041081,0,,W4293198550,10.1051/0004-6361:20020211,132,66,openalex_v3_query_core,0,,strict,Astrophysics and Cosmic Phenomena,61041081,Astrophysics and Cosmic Phenomena,Astrophysics and Cosmic Phenomena,0,2025
https://openalex.org/W2126554473,2006,The properties of the ‘standard’ Type Ic supernova 1994I from spectral models,gamma_ray_bursts_and_supernovae,Astronomy and Astrophysics,63203493,63203493,0,,W2126554473,10.1111/j.1365-2966.2006.10438.x,132,45,openalex_v3_query_core,0,,strict,Gamma-ray bursts and supernovae,63203493,Gamma-ray bursts and supernovae,Gamma-ray bursts and supernovae,0,2025
https://openalex.org/W4293224092,2009,Dark-matter candidates,gamma_ray_bursts_and_supernovae,Nuclear and High Energy Physics,63152924,63152924,0,,W4293224092,10.1140/epjc/s10052-008-0830-0,132,348,openalex_v3_query_core,0,,strict,Dark Matter and Cosmic Phenomena,63152924,Dark Matter and Cosmic Phenomena,Dark Matter and Cosmic Phenomena,0,2025
https://openalex.org/W2002432156,2011,The unusual γ-ray burst GRB 101225A from a helium star/neutron star merger at redshift 0.33,gamma_ray_bursts_and_supernovae,Astronomy and Astrophysics,63203493,63203493,0,,W2002432156,10.1038/nature10611,132,73,openalex_v3_query_core,0,,strict,Gamma-ray bursts and supernovae,63203493,Gamma-ray bursts and supernovae,Gamma-ray bursts and supernovae,0,2025
https://openalex.org/W2031200961,2013,DISCOVERY OF THE BROAD-LINED TYPE Ic SN 2013cq ASSOCIATED WITH THE VERY ENERGETIC GRB 130427A,gamma_ray_bursts_and_supernovae,Astronomy and Astrophysics,63203493,63203493,0,,W2031200961,10.1088/0004-637x/776/2/98,132,52,openalex_v3_query_core,0,,strict,Gamma-ray bursts and supernovae,63203493,Gamma-ray bursts and supernovae,Gamma-ray bursts and supernovae,0,2025
https://openalex.org/W2794686649,2018,Long-lived remnants from binary neutron star mergers,gamma_ray_bursts_and_supernovae,Astronomy and Astrophysics,60973087,60973087,0,,W2794686649,10.1093/mnras/sty2531,132,252,openalex_v3_query_core,0,,strict,Pulsars and Gravitational Waves Research,60973087,Pulsars and Gravitational Waves Research,Pulsars and Gravitational Waves Research,0,2025
https://openalex.org/W4409619668,2025,The PLATO mission,gamma_ray_bursts_and_supernovae,Astronomy and Astrophysics,60955404,60955404,0,,W4409619668,10.1007/s10686-025-09985-9,132,429,openalex_v3_query_core,0,,strict,Astro and Planetary Science,60955404,Astro and Planetary Science,Astro and Planetary Science,0,2025
https://openalex.org/W3139172862,1997,Carbon nanotubes,gamma_ray_bursts_and_supernovae,Materials Chemistry,60904575,60904575,0,,W3139172862,10.1070/pu1997v040n09abeh000282,131,0,openalex_v3_query_core,0,,strict,Carbon Nanotubes in Composites,60904575,Carbon Nanotubes in Composites,Carbon Nanotubes in Composites,0,2025
https://openalex.org/W2153071080,2004,First upper limits from LIGO on gravitational wave bursts,gamma_ray_bursts_and_supernovae,Astronomy and Astrophysics,60973087,60973087,0,,W2153071080,10.1103/physrevd.69.102001,131,38,openalex_v3_query_core,0,,strict,Pulsars and Gravitational Waves Research,60973087,Pulsars and Gravitational Waves Research,Pulsars and Gravitational Waves Research,0,2025
https://openalex.org/W2166788373,2008,Dynamics of shock propagation and nucleosynthesis conditions in O-Ne-Mg core supernovae,gamma_ray_bursts_and_supernovae,Nuclear and High Energy Physics,60904836,60904836,0,,W2166788373,10.1051/0004-6361:20079334,131,43,openalex_v3_query_core,0,,strict,Nuclear physics research studies,60904836,Nuclear physics research studies,Nuclear physics research studies,0,2025
https://openalex.org/W2013993365,2012,Supernova Type Ia progenitors from merging double white dwarfs: Using a new population synthesis model,gamma_ray_bursts_and_supernovae,Astronomy and Astrophysics,63203493,63203493,0,,W2013993365,10.48550/arxiv.1208.6446,131,100,openalex_v3_query_core,0,,strict,Gamma-ray bursts and supernovae,63203493,Gamma-ray bursts and supernovae,Gamma-ray bursts and supernovae,0,2025
https://openalex.org/W2116228165,2014,GRB 120422A/SN 2012bz: Bridging the gap between low- and high-luminosity gamma-ray bursts,gamma_ray_bursts_and_supernovae,Astronomy and Astrophysics,63203493,63203493,0,,W2116228165,10.1051/0004-6361/201423387,131,263,openalex_v3_query_core,0,,strict,Gamma-ray bursts and supernovae,63203493,Gamma-ray bursts and supernovae,Gamma-ray bursts and supernovae,0,2025
https://openalex.org/W2564950513,2016,THE DISTRIBUTION OF RADIOACTIVE <sup>44</sup>Ti IN CASSIOPEIA A,gamma_ray_bursts_and_supernovae,Nuclear and High Energy Physics,61041081,61041081,0,,W2564950513,10.3847/1538-4357/834/1/19,131,66,openalex_v3_query_core,0,,strict,Astrophysics and Cosmic Phenomena,61041081,Astrophysics and Cosmic Phenomena,Astrophysics and Cosmic Phenomena,0,2025
https://openalex.org/W2581688730,2017,Fast neutrino conversions: Ubiquitous in compact binary merger remnants,gamma_ray_bursts_and_supernovae,Astronomy and Astrophysics,63203493,63203493,0,,W2581688730,10.1103/physrevd.95.103007,131,52,openalex_v3_query_core,0,,strict,Gamma-ray bursts and supernovae,63203493,Gamma-ray bursts and supernovae,Gamma-ray bursts and supernovae,0,2025
https://openalex.org/W2983476994,2019,GROWTH on S190425z: Searching Thousands of Square Degrees to Identify an Optical or Infrared Counterpart to a Binary Neutron Star Merger with the Zwicky Transient Facility and Palomar Gattini-IR,gamma_ray_bursts_and_supernovae,Astronomy and Astrophysics,60973087,60973087,0,,W2983476994,10.3847/2041-8213/ab4ad8,131,146,openalex_v3_query_core,0,,strict,Pulsars and Gravitational Waves Research,60973087,Pulsars and Gravitational Waves Research,Pulsars and Gravitational Waves Research,0,2025
https://openalex.org/W2986050396,2020,Theia: an advanced optical neutrino detector,gamma_ray_bursts_and_supernovae,Nuclear and High Energy Physics,61058366,61058366,0,,W2986050396,10.1140/epjc/s10052-020-7977-8,131,103,openalex_v3_query_core,0,,strict,Neutrino Physics Research,61058366,Neutrino Physics Research,Neutrino Physics Research,0,2025
https://openalex.org/W3014270225,2020,Equation of State Constraints from the Threshold Binary Mass for Prompt Collapse of Neutron Star Mergers,gamma_ray_bursts_and_supernovae,Astronomy and Astrophysics,60973087,60973087,0,,W3014270225,10.1103/physrevlett.125.141103,131,210,openalex_v3_query_core,0,,strict,Pulsars and Gravitational Waves Research,60973087,Pulsars and Gravitational Waves Research,Pulsars and Gravitational Waves Research,0,2025
https://openalex.org/W4403299847,2024,Robust preference for Dynamical Dark Energy in DESI BAO and SN measurements,gamma_ray_bursts_and_supernovae,Astronomy and Astrophysics,60904838,60904838,0,,W4403299847,10.1088/1475-7516/2024/10/035,131,493,openalex_v3_query_core,0,,strict,Cosmology and Gravitation Theories,60904838,Cosmology and Gravitation Theories,Cosmology and Gravitation Theories,0,2025
https://openalex.org/W2968736172,2019,Luminous red novae: Stellar mergers or giant eruptions?,gamma_ray_bursts_and_supernovae,Astronomy and Astrophysics,63203493,63203493,0,,W2968736172,10.1051/0004-6361/201935999,130,214,openalex_v3_query_core,0,,strict,Gamma-ray bursts and supernovae,63203493,Gamma-ray bursts and supernovae,Gamma-ray bursts and supernovae,0,2025
https://openalex.org/W2095021633,2005,A grid of chemical evolution models as a tool to interpret spiral and irregular galaxies data,gamma_ray_bursts_and_supernovae,Astronomy and Astrophysics,60903922,60903922,0,,W2095021633,10.1111/j.1365-2966.2005.08782.x,129,132,openalex_v3_query_core,0,,strict,"Galaxies: Formation, Evolution, Phenomena",60903922,"Galaxies: Formation, Evolution, Phenomena","Galaxies: Formation, Evolution, Phenomena",0,2025
https://openalex.org/W2016761490,2012,Gamma-Ray Bursts,gamma_ray_bursts_and_supernovae,Astronomy and Astrophysics,63203493,63203493,0,,W2016761490,10.1126/science.1216793,129,175,openalex_v3_query_core,0,,strict,Gamma-ray bursts and supernovae,63203493,Gamma-ray bursts and supernovae,Gamma-ray bursts and supernovae,0,2025
https://openalex.org/W2125317842,2012,SEARCH FOR GRAVITATIONAL WAVES ASSOCIATED WITH GAMMA-RAY BURSTS DURING LIGO SCIENCE RUN 6 AND VIRGO SCIENCE RUNS 2 AND 3,gamma_ray_bursts_and_supernovae,Astronomy and Astrophysics,63203493,63203493,0,,W2125317842,10.1088/0004-637x/760/1/12,129,170,openalex_v3_query_core,0,,strict,Gamma-ray bursts and supernovae,63203493,Gamma-ray bursts and supernovae,Gamma-ray bursts and supernovae,0,2025
https://openalex.org/W1853831435,2000,SN 1997cy/GRB 970514: A New Piece in the Gamma‐Ray Burst Puzzle?,gamma_ray_bursts_and_supernovae,Astronomy and Astrophysics,63203493,63203493,0,,W1853831435,10.1086/308639,128,43,openalex_v3_query_core,0,,strict,Gamma-ray bursts and supernovae,63203493,Gamma-ray bursts and supernovae,Gamma-ray bursts and supernovae,0,2025
https://openalex.org/W3023494059,2007,SUPERNOVA 1987A: 20 YEARS AFTER: Supernovae and Gamma-Ray Bursters,gamma_ray_bursts_and_supernovae,Astronomy and Astrophysics,63203493,63203493,0,,W3023494059,,128,0,openalex_v3_query_core,0,,strict,Gamma-ray bursts and supernovae,63203493,Gamma-ray bursts and supernovae,Gamma-ray bursts and supernovae,0,2025
https://openalex.org/W4407392352,2025,Observation of an ultra-high-energy cosmic neutrino with KM3NeT,gamma_ray_bursts_and_supernovae,Nuclear and High Energy Physics,61041081,61041081,0,,W4407392352,10.1038/s41586-024-08543-1,128,100,openalex_v3_query_core,0,,strict,Astrophysics and Cosmic Phenomena,61041081,Astrophysics and Cosmic Phenomena,Astrophysics and Cosmic Phenomena,0,2025
https://openalex.org/W1981171666,1997,The Escape of High‐Energy Photons from Gamma‐Ray Bursts,gamma_ray_bursts_and_supernovae,Astronomy and Astrophysics,63203493,63203493,0,,W1981171666,10.1086/304982,127,51,openalex_v3_query_core,0,,strict,Gamma-ray bursts and supernovae,63203493,Gamma-ray bursts and supernovae,Gamma-ray bursts and supernovae,0,2025
https://openalex.org/W1981166332,2006,The Galaxy Hosts and Large‐Scale Environments of Short‐Hard Gamma‐Ray Bursts,gamma_ray_bursts_and_supernovae,Astronomy and Astrophysics,63203493,63203493,0,,W1981166332,10.1086/501160,127,45,openalex_v3_query_core,0,,strict,Gamma-ray bursts and supernovae,63203493,Gamma-ray bursts and supernovae,Gamma-ray bursts and supernovae,0,2025
https://openalex.org/W1982388370,2006,Coherent network analysis technique for discriminating gravitational-wave bursts from instrumental noise,gamma_ray_bursts_and_supernovae,Astronomy and Astrophysics,60973087,60973087,0,,W1982388370,10.1103/physrevd.74.082005,127,34,openalex_v3_query_core,0,,strict,Pulsars and Gravitational Waves Research,60973087,Pulsars and Gravitational Waves Research,Pulsars and Gravitational Waves Research,0,2025
https://openalex.org/W3006835605,2020,An extremely powerful long-lived superluminal ejection from the black hole MAXI J1820+070,gamma_ray_bursts_and_supernovae,Astronomy and Astrophysics,61024309,61024309,0,,W3006835605,10.1038/s41550-020-1023-5,127,50,openalex_v3_query_core,0,,strict,Astrophysical Phenomena and Observations,61024309,Astrophysical Phenomena and Observations,Astrophysical Phenomena and Observations,0,2025
https://openalex.org/W4206149042,2021,The synchrony of production and escape: half the bright Lyα emitters at <i>z</i> ≈ 2 have Lyman continuum escape fractions ≈50,gamma_ray_bursts_and_supernovae,Astronomy and Astrophysics,60903922,60903922,0,,W4206149042,10.1093/mnras/stab3601,127,269,openalex_v3_query_core,0,,strict,"Galaxies: Formation, Evolution, Phenomena",60903922,"Galaxies: Formation, Evolution, Phenomena","Galaxies: Formation, Evolution, Phenomena",0,2025
https://openalex.org/W2953219817,2010,THE STELLAR AGES AND MASSES OF SHORT GAMMA-RAY BURST HOST GALAXIES: INVESTIGATING THE PROGENITOR DELAY TIME DISTRIBUTION AND THE ROLE OF MASS AND STAR FORMATION IN THE SHORT GAMMA-RAY BURST RATE,gamma_ray_bursts_and_supernovae,Astronomy and Astrophysics,63203493,63203493,0,,W2953219817,10.1088/0004-637x/725/1/1202,126,55,openalex_v3_query_core,0,,strict,Gamma-ray bursts and supernovae,63203493,Gamma-ray bursts and supernovae,Gamma-ray bursts and supernovae,0,2025
https://openalex.org/W1965825197,2014,RELATIVISTIC SUPERNOVAE HAVE SHORTER-LIVED CENTRAL ENGINES OR MORE EXTENDED PROGENITORS: THE CASE OF SN 2012ap,gamma_ray_bursts_and_supernovae,Astronomy and Astrophysics,63203493,63203493,0,,W1965825197,10.1088/0004-637x/797/2/107,126,126,openalex_v3_query_core,0,,strict,Gamma-ray bursts and supernovae,63203493,Gamma-ray bursts and supernovae,Gamma-ray bursts and supernovae,0,2025
https://openalex.org/W2113704327,2014,THE FORMATION AND GRAVITATIONAL-WAVE DETECTION OF MASSIVE STELLAR BLACK HOLE BINARIES,gamma_ray_bursts_and_supernovae,Astronomy and Astrophysics,60973087,60973087,0,,W2113704327,10.1088/0004-637x/789/2/120,126,130,openalex_v3_query_core,0,,strict,Pulsars and Gravitational Waves Research,60973087,Pulsars and Gravitational Waves Research,Pulsars and Gravitational Waves Research,0,2025
https://openalex.org/W2766135687,2017,Imprints of neutrino-pair flavor conversions on nucleosynthesis in ejecta from neutron-star merger remnants,gamma_ray_bursts_and_supernovae,Astronomy and Astrophysics,63203493,63203493,0,,W2766135687,10.1103/physrevd.96.123015,126,95,openalex_v3_query_core,0,,strict,Gamma-ray bursts and supernovae,63203493,Gamma-ray bursts and supernovae,Gamma-ray bursts and supernovae,0,2025
https://openalex.org/W2925047731,2019,Constraining mixing in massive stars in the Small Magellanic Cloud,gamma_ray_bursts_and_supernovae,Astronomy and Astrophysics,60904056,60904056,0,,W2925047731,10.1051/0004-6361/201935046,126,76,openalex_v3_query_core,0,,strict,"Stellar, planetary, and galactic studies",60904056,"Stellar, planetary, and galactic studies","Stellar, planetary, and galactic studies",0,2025
https://openalex.org/W2228090501,2016,THE CALTECH-NRAO STRIPE 82 SURVEY (CNSS) PAPER. I. THE PILOT RADIO TRANSIENT SURVEY IN 50 DEG<sup>2</sup>,gamma_ray_bursts_and_supernovae,Astronomy and Astrophysics,60903922,60903922,0,,W2228090501,10.3847/0004-637x/818/2/105,125,179,openalex_v3_query_core,0,,strict,"Galaxies: Formation, Evolution, Phenomena",60903922,"Galaxies: Formation, Evolution, Phenomena","Galaxies: Formation, Evolution, Phenomena",0,2025
https://openalex.org/W2041349097,2006,Radio and Optical Follow‐up Observations of a Uniform Radio Transient Search: Implications for Gamma‐Ray Bursts and Supernovae,gamma_ray_bursts_and_supernovae,Astronomy and Astrophysics,63203493,63203493,0,,W2041349097,10.1086/499157,124,67,openalex_v3_query_core,0,,strict,Gamma-ray bursts and supernovae,63203493,Gamma-ray bursts and supernovae,Gamma-ray bursts and supernovae,0,2025
https://openalex.org/W2158027410,2016,THE SWIFT GAMMA-RAY BURST HOST GALAXY LEGACY SURVEY. I. SAMPLE SELECTION AND REDSHIFT DISTRIBUTION,gamma_ray_bursts_and_supernovae,Astronomy and Astrophysics,63203493,63203493,0,,W2158027410,10.3847/0004-637x/817/1/7,124,161,openalex_v3_query_core,0,,strict,Gamma-ray bursts and supernovae,63203493,Gamma-ray bursts and supernovae,Gamma-ray bursts and supernovae,0,2025
https://openalex.org/W4288938542,2018,The Galactic WC and WO stars,gamma_ray_bursts_and_supernovae,Astronomy and Astrophysics,60904056,60904056,0,,W4288938542,10.1051/0004-6361/201833712,124,144,openalex_v3_query_core,0,,strict,"Stellar, planetary, and galactic studies",60904056,"Stellar, planetary, and galactic studies","Stellar, planetary, and galactic studies",0,2025
https://openalex.org/W3010537726,2020,The Koala: A Fast Blue Optical Transient with Luminous Radio Emission from a Starburst Dwarf Galaxy at z = 0.27,gamma_ray_bursts_and_supernovae,Astronomy and Astrophysics,60903922,60903922,0,,W3010537726,10.3847/1538-4357/ab8bcf,124,131,openalex_v3_query_core,0,,strict,"Galaxies: Formation, Evolution, Phenomena",60903922,"Galaxies: Formation, Evolution, Phenomena","Galaxies: Formation, Evolution, Phenomena",0,2025
https://openalex.org/W2028814753,2003,Three-dimensional Weibel instability in astrophysical scenarios,gamma_ray_bursts_and_supernovae,Astronomy and Astrophysics,63203493,63203493,0,,W2028814753,10.1063/1.1556605,123,14,openalex_v3_query_core,0,,strict,Gamma-ray bursts and supernovae,63203493,Gamma-ray bursts and supernovae,Gamma-ray bursts and supernovae,0,2025
https://openalex.org/W1995830728,2006,Detection of Wolf-Rayet stars in host galaxies of gamma-ray bursts (GRBs):are GRBs produced by runaway massive stars ejected from high stellar density regions?,gamma_ray_bursts_and_supernovae,Astronomy and Astrophysics,63203493,63203493,0,,W1995830728,10.1051/0004-6361:20064823,123,85,openalex_v3_query_core,0,,strict,Gamma-ray bursts and supernovae,63203493,Gamma-ray bursts and supernovae,Gamma-ray bursts and supernovae,0,2025
https://openalex.org/W2049224473,2007,The Connection between Gamma-Ray Bursts and Extremely Metal-poor Stars: Black Hole-forming Supernovae with Relativistic Jets,gamma_ray_bursts_and_supernovae,Astronomy and Astrophysics,63203493,63203493,0,,W2049224473,10.1086/513193,123,48,openalex_v3_query_core,0,,strict,Gamma-ray bursts and supernovae,63203493,Gamma-ray bursts and supernovae,Gamma-ray bursts and supernovae,0,2025
https://openalex.org/W2269821832,2007,High-energy cosmic rays and neutrinos from semirelativistic hypernovae,gamma_ray_bursts_and_supernovae,Astronomy and Astrophysics,63203493,63203493,0,,W2269821832,10.1103/physrevd.76.083009,123,71,openalex_v3_query_core,0,,strict,Gamma-ray bursts and supernovae,63203493,Gamma-ray bursts and supernovae,Gamma-ray bursts and supernovae,0,2025
https://openalex.org/W2073868676,2010,THE HOST GALAXIES OF GAMMA-RAY BURSTS. I. INTERSTELLAR MEDIUM PROPERTIES OF TEN NEARBY LONG-DURATION GAMMA-RAY BURST HOSTS,gamma_ray_bursts_and_supernovae,Astronomy and Astrophysics,63203493,63203493,0,,W2073868676,10.1088/0004-6256/139/2/694,123,134,openalex_v3_query_core,0,,strict,Gamma-ray bursts and supernovae,63203493,Gamma-ray bursts and supernovae,Gamma-ray bursts and supernovae,0,2025
https://openalex.org/W1973682769,2011,Populations III.1 and III.2 gamma-ray bursts: constraints on the event rate for future radio and X-ray surveys,gamma_ray_bursts_and_supernovae,Astronomy and Astrophysics,63203493,63203493,0,,W1973682769,10.1051/0004-6361/201117242,123,87,openalex_v3_query_core,0,,strict,Gamma-ray bursts and supernovae,63203493,Gamma-ray bursts and supernovae,Gamma-ray bursts and supernovae,0,2025
https://openalex.org/W1996126797,2012,UNIFYING THE ZOO OF JET-DRIVEN STELLAR EXPLOSIONS,gamma_ray_bursts_and_supernovae,Astronomy and Astrophysics,63203493,63203493,0,,W1996126797,10.1088/0004-637x/750/1/68,123,42,openalex_v3_query_core,0,,strict,Gamma-ray bursts and supernovae,63203493,Gamma-ray bursts and supernovae,Gamma-ray bursts and supernovae,0,2025
https://openalex.org/W2510894925,2016,The Athena X-ray Integral Field Unit (X-IFU),gamma_ray_bursts_and_supernovae,Nuclear and High Energy Physics,63152273,63152273,0,,W2510894925,10.1117/12.2232432,123,116,openalex_v3_query_core,0,,strict,Particle Detector Development and Performance,63152273,Particle Detector Development and Performance,Particle Detector Development and Performance,0,2025
https://openalex.org/W2788870110,2018,Effects of Fallback Accretion on Protomagnetar Outflows in Gamma-Ray Bursts and Superluminous Supernovae,gamma_ray_bursts_and_supernovae,Astronomy and Astrophysics,63203493,63203493,0,,W2788870110,10.3847/1538-4357/aab70c,123,123,openalex_v3_query_core,0,,strict,Gamma-ray bursts and supernovae,63203493,Gamma-ray bursts and supernovae,Gamma-ray bursts and supernovae,0,2025
https://openalex.org/W2951040241,2018,Crucial Physical Dependencies of the Core-Collapse Supernova Mechanism,gamma_ray_bursts_and_supernovae,Nuclear and High Energy Physics,61058366,61058366,0,,W2951040241,10.1007/s11214-017-0450-9,123,103,openalex_v3_query_core,0,,strict,Neutrino Physics Research,61058366,Neutrino Physics Research,Neutrino Physics Research,0,2025
https://openalex.org/W2964107550,2018,<tt>CoRe</tt> database of binary neutron star merger waveforms,gamma_ray_bursts_and_supernovae,Astronomy and Astrophysics,60973087,60973087,0,,W2964107550,10.1088/1361-6382/aaebc0,123,272,openalex_v3_query_core,0,,strict,Pulsars and Gravitational Waves Research,60973087,Pulsars and Gravitational Waves Research,Pulsars and Gravitational Waves Research,0,2025
https://openalex.org/W3105833109,2003,Limits on diffusive shock acceleration in supernova remnants in the presence of cosmic-ray streaming instability and wave dissipation,gamma_ray_bursts_and_supernovae,Nuclear and High Energy Physics,61041081,61041081,0,,W3105833109,10.1051/0004-6361:20030323/pdf,122,43,openalex_v3_query_core,0,,strict,Astrophysics and Cosmic Phenomena,61041081,Astrophysics and Cosmic Phenomena,Astrophysics and Cosmic Phenomena,0,2025
https://openalex.org/W1995271373,2005,Nucleosynthesis in classical novae,gamma_ray_bursts_and_supernovae,Nuclear and High Energy Physics,60904836,60904836,0,,W1995271373,10.1016/j.nuclphysa.2005.02.121,122,147,openalex_v3_query_core,0,,strict,Nuclear physics research studies,60904836,Nuclear physics research studies,Nuclear physics research studies,0,2025
https://openalex.org/W2124871773,2006,The GRB 060218/SN 2006aj event in the context of other gamma-ray burst supernovae,gamma_ray_bursts_and_supernovae,Astronomy and Astrophysics,63203493,63203493,0,,W2124871773,10.1051/0004-6361:20065530,122,48,openalex_v3_query_core,0,,strict,Gamma-ray bursts and supernovae,63203493,Gamma-ray bursts and supernovae,Gamma-ray bursts and supernovae,0,2025
https://openalex.org/W2177224780,2007,Constraints on Type Ib/c Supernovae and Gamma‐Ray Burst Progenitors,gamma_ray_bursts_and_supernovae,Astronomy and Astrophysics,63203493,63203493,0,,W2177224780,10.1086/523768,122,180,openalex_v3_query_core,0,,strict,Gamma-ray bursts and supernovae,63203493,Gamma-ray bursts and supernovae,Gamma-ray bursts and supernovae,0,2025
https://openalex.org/W2110906056,2009,DARK BURSTS IN THE<i>SWIFT</i>ERA: THE PALOMAR 60 INCH-<i>SWIFT</i>EARLY OPTICAL AFTERGLOW CATALOG,gamma_ray_bursts_and_supernovae,Astronomy and Astrophysics,63203493,63203493,0,,W2110906056,10.1088/0004-637x/693/2/1484,122,77,openalex_v3_query_core,0,,strict,Gamma-ray bursts and supernovae,63203493,Gamma-ray bursts and supernovae,Gamma-ray bursts and supernovae,0,2025
https://openalex.org/W2160944361,2012,Dust formation around AGB and SAGB stars: a trend with metallicity?,gamma_ray_bursts_and_supernovae,Astronomy and Astrophysics,60904056,60904056,0,,W2160944361,10.1111/j.1365-2966.2012.21403.x,122,78,openalex_v3_query_core,0,,strict,"Stellar, planetary, and galactic studies",60904056,"Stellar, planetary, and galactic studies","Stellar, planetary, and galactic studies",0,2025
https://openalex.org/W2940065607,2020,A line-binned treatment of opacities for the spectra and light curves from neutron star mergers,gamma_ray_bursts_and_supernovae,Astronomy and Astrophysics,63203493,63203493,0,,W2940065607,10.1093/mnras/staa485,122,65,openalex_v3_query_core,0,,strict,Gamma-ray bursts and supernovae,63203493,Gamma-ray bursts and supernovae,Gamma-ray bursts and supernovae,0,2025
https://openalex.org/W2941606444,2019,Exploring astrophysics-relevant magnetohydrodynamics with pulsed-power laboratory facilities,gamma_ray_bursts_and_supernovae,Astronomy and Astrophysics,63203493,63203493,0,,W2941606444,10.1103/revmodphys.91.025002,121,263,openalex_v3_query_core,0,,strict,Gamma-ray bursts and supernovae,63203493,Gamma-ray bursts and supernovae,Gamma-ray bursts and supernovae,0,2025
https://openalex.org/W4310438556,2022,A very luminous jet from the disruption of a star by a massive black hole,gamma_ray_bursts_and_supernovae,Astronomy and Astrophysics,61024309,61024309,0,,W4310438556,10.1038/s41586-022-05465-8,121,219,openalex_v3_query_core,0,,strict,Astrophysical Phenomena and Observations,61024309,Astrophysical Phenomena and Observations,Astrophysical Phenomena and Observations,0,2025
https://openalex.org/W2016812981,2004,TeV Neutrinos from Core Collapse Supernovae and Hypernovae,gamma_ray_bursts_and_supernovae,Nuclear and High Energy Physics,61041081,61041081,0,,W2016812981,10.1103/physrevlett.93.181101,120,23,openalex_v3_query_core,0,,strict,Astrophysics and Cosmic Phenomena,61041081,Astrophysics and Cosmic Phenomena,Astrophysics and Cosmic Phenomena,0,2025
https://openalex.org/W2028874861,2008,On the Conditions for Neutron‐rich Gamma‐Ray Burst Outflows,gamma_ray_bursts_and_supernovae,Astronomy and Astrophysics,63203493,63203493,0,,W2028874861,10.1086/526418,120,145,openalex_v3_query_core,0,,strict,Gamma-ray bursts and supernovae,63203493,Gamma-ray bursts and supernovae,Gamma-ray bursts and supernovae,0,2025
https://openalex.org/W2049789554,2008,ASPHERICAL PROPERTIES OF HYDRODYNAMICS AND NUCLEOSYNTHESIS IN JET-INDUCED SUPERNOVAE,gamma_ray_bursts_and_supernovae,Astronomy and Astrophysics,63203493,63203493,0,,W2049789554,10.1088/0004-637x/690/1/526,120,90,openalex_v3_query_core,0,,strict,Gamma-ray bursts and supernovae,63203493,Gamma-ray bursts and supernovae,Gamma-ray bursts and supernovae,0,2025
https://openalex.org/W2066641722,2012,INVERSE COMPTON X-RAY EMISSION FROM SUPERNOVAE WITH COMPACT PROGENITORS: APPLICATION TO SN2011fe,gamma_ray_bursts_and_supernovae,Astronomy and Astrophysics,63203493,63203493,0,,W2066641722,10.1088/0004-637x/751/2/134,120,90,openalex_v3_query_core,0,,strict,Gamma-ray bursts and supernovae,63203493,Gamma-ray bursts and supernovae,Gamma-ray bursts and supernovae,0,2025
https://openalex.org/W2103435342,2012,The MUSIC of galaxy clusters – I. Baryon properties and scaling relations of the thermal Sunyaev–Zel'dovich effect,gamma_ray_bursts_and_supernovae,Astronomy and Astrophysics,60903922,60903922,0,,W2103435342,10.1093/mnras/sts339,120,139,openalex_v3_query_core,0,,strict,"Galaxies: Formation, Evolution, Phenomena",60903922,"Galaxies: Formation, Evolution, Phenomena","Galaxies: Formation, Evolution, Phenomena",0,2025
https://openalex.org/W3105759964,2013,Evolution of massive population III stars with rotation and magnetic fields,gamma_ray_bursts_and_supernovae,Astronomy and Astrophysics,63203493,63203493,0,,W3105759964,10.1051/0004-6361/201117769/pdf,120,92,openalex_v3_query_core,0,,strict,Gamma-ray bursts and supernovae,63203493,Gamma-ray bursts and supernovae,Gamma-ray bursts and supernovae,0,2025
https://openalex.org/W2346515283,2016,Sensitivity projections for dark matter searches with the Fermi large area telescope,gamma_ray_bursts_and_supernovae,Nuclear and High Energy Physics,63152924,63152924,0,,W2346515283,10.1016/j.physrep.2016.05.001,120,300,openalex_v3_query_core,0,,strict,Dark Matter and Cosmic Phenomena,63152924,Dark Matter and Cosmic Phenomena,Dark Matter and Cosmic Phenomena,0,2025
https://openalex.org/W3099392679,2016,Cosmic-ray energy spectrum and composition up to the ankle: the case for a second Galactic component,gamma_ray_bursts_and_supernovae,Nuclear and High Energy Physics,61041081,61041081,0,,W3099392679,10.1051/0004-6361/201628894/pdf,120,114,openalex_v3_query_core,0,,strict,Astrophysics and Cosmic Phenomena,61041081,Astrophysics and Cosmic Phenomena,Astrophysics and Cosmic Phenomena,0,2025
https://openalex.org/W2766055773,2017,The Electromagnetic Counterpart of the Binary Neutron Star Merger LIGO/Virgo GW170817. VIII. A Comparison to Cosmological Short-duration Gamma-Ray Bursts,gamma_ray_bursts_and_supernovae,Astronomy and Astrophysics,63203493,63203493,0,,W2766055773,10.3847/2041-8213/aa9018,120,66,openalex_v3_query_core,0,,strict,Gamma-ray bursts and supernovae,63203493,Gamma-ray bursts and supernovae,Gamma-ray bursts and supernovae,0,2025
https://openalex.org/W3012981439,2020,Periodicity in recurrent fast radio bursts and the origin of ultralong period magnetars,gamma_ray_bursts_and_supernovae,Astronomy and Astrophysics,63203493,63203493,0,,W3012981439,10.1093/mnras/staa1783,120,140,openalex_v3_query_core,0,,strict,Gamma-ray bursts and supernovae,63203493,Gamma-ray bursts and supernovae,Gamma-ray bursts and supernovae,0,2025
https://openalex.org/W2147565000,2009,Cosmological radiative transfer comparison project â II. The radiation-hydrodynamic tests,gamma_ray_bursts_and_supernovae,Astronomy and Astrophysics,60903922,60903922,0,,W2147565000,10.1111/j.1365-2966.2009.15558.x,119,107,openalex_v3_query_core,0,,strict,"Galaxies: Formation, Evolution, Phenomena",60903922,"Galaxies: Formation, Evolution, Phenomena","Galaxies: Formation, Evolution, Phenomena",0,2025
https://openalex.org/W2147098887,2010,"Optical and near-infrared follow-up observations of four<i>Fermi</i>/LAT GRBs: redshifts, afterglows, energetics, and host galaxies",gamma_ray_bursts_and_supernovae,Astronomy and Astrophysics,63203493,63203493,0,,W2147098887,10.1051/0004-6361/200913734,119,171,openalex_v3_query_core,0,,strict,Gamma-ray bursts and supernovae,63203493,Gamma-ray bursts and supernovae,Gamma-ray bursts and supernovae,0,2025
https://openalex.org/W2096699404,2014,An upper limit to the energy of gamma-ray bursts indicates that GRBs/SNe are powered by magnetars,gamma_ray_bursts_and_supernovae,Astronomy and Astrophysics,63203493,63203493,0,,W2096699404,10.1093/mnras/stu1124,119,104,openalex_v3_query_core,0,,strict,Gamma-ray bursts and supernovae,63203493,Gamma-ray bursts and supernovae,Gamma-ray bursts and supernovae,0,2025
https://openalex.org/W2773294580,2017,Increased ionization supports growth of aerosols into cloud condensation nuclei,gamma_ray_bursts_and_supernovae,Atmospheric Science,60904576,60904576,0,,W2773294580,10.1038/s41467-017-02082-2,119,38,openalex_v3_query_core,0,,strict,Atmospheric chemistry and aerosols,60904576,Atmospheric chemistry and aerosols,Atmospheric chemistry and aerosols,0,2025
https://openalex.org/W2884031901,2018,A consistent estimate for gravitational wave and electromagnetic transient rates,gamma_ray_bursts_and_supernovae,Astronomy and Astrophysics,63203493,63203493,0,,W2884031901,10.1093/mnras/sty2714,119,128,openalex_v3_query_core,0,,strict,Gamma-ray bursts and supernovae,63203493,Gamma-ray bursts and supernovae,Gamma-ray bursts and supernovae,0,2025
https://openalex.org/W3049479199,2021,Supernova neutrino burst detection with the Deep Underground Neutrino Experiment,gamma_ray_bursts_and_supernovae,Nuclear and High Energy Physics,61058366,61058366,0,,W3049479199,10.1140/epjc/s10052-021-09166-w,119,79,openalex_v3_query_core,0,,strict,Neutrino Physics Research,61058366,Neutrino Physics Research,Neutrino Physics Research,0,2025
https://openalex.org/W4224264303,2022,The case for space environmentalism,gamma_ray_bursts_and_supernovae,Astronomy and Astrophysics,65520101,65520101,0,,W4224264303,10.1038/s41550-022-01655-6,119,28,openalex_v3_query_core,0,,strict,Space exploration and regulation,65520101,Space exploration and regulation,Space exploration and regulation,0,2025
https://openalex.org/W4311350201,2022,Origin of the elements,gamma_ray_bursts_and_supernovae,Astronomy and Astrophysics,63203493,63203493,0,,W4311350201,10.1007/s00159-022-00146-x,119,521,openalex_v3_query_core,0,,strict,Gamma-ray bursts and supernovae,63203493,Gamma-ray bursts and supernovae,Gamma-ray bursts and supernovae,0,2025
https://openalex.org/W135255133,1988,Nuclear spectroscopy of astrophysical sources,gamma_ray_bursts_and_supernovae,Astronomy and Astrophysics,63203493,63203493,0,,W135255133,,118,0,openalex_v3_query_core,0,,strict,Gamma-ray bursts and supernovae,63203493,Gamma-ray bursts and supernovae,Gamma-ray bursts and supernovae,0,2025
https://openalex.org/W3100163303,2013,Dust-to-metal ratios in damped Lyman-<i>α</i>absorbers,gamma_ray_bursts_and_supernovae,Astronomy and Astrophysics,63203493,63203493,0,,W3100163303,10.1051/0004-6361/201321834,118,116,openalex_v3_query_core,0,,strict,Gamma-ray bursts and supernovae,63203493,Gamma-ray bursts and supernovae,Gamma-ray bursts and supernovae,0,2025
https://openalex.org/W1975223438,2014,Plasma physics of extreme astrophysical environments,gamma_ray_bursts_and_supernovae,"Atomic and Molecular Physics, and Optics",63254714,63254714,0,,W1975223438,10.1088/0034-4885/77/3/036902,118,234,openalex_v3_query_core,0,,strict,Dust and Plasma Wave Phenomena,63254714,Dust and Plasma Wave Phenomena,Dust and Plasma Wave Phenomena,0,2025
https://openalex.org/W2611830765,2017,Empirical Constraints on the Origin of Fast Radio Bursts: Volumetric Rates and Host Galaxy Demographics as a Test of Millisecond Magnetar Connection,gamma_ray_bursts_and_supernovae,Astronomy and Astrophysics,63203493,63203493,0,,W2611830765,10.3847/1538-4357/aa794d,118,118,openalex_v3_query_core,0,,strict,Gamma-ray bursts and supernovae,63203493,Gamma-ray bursts and supernovae,Gamma-ray bursts and supernovae,0,2025
https://openalex.org/W2987237998,2020,ELGAR—a European Laboratory for Gravitation and Atom-interferometric Research,gamma_ray_bursts_and_supernovae,"Atomic and Molecular Physics, and Optics",60972565,60972565,0,,W2987237998,10.1088/1361-6382/aba80e,118,171,openalex_v3_query_core,0,,strict,Cold Atom Physics and Bose-Einstein Condensates,60972565,Cold Atom Physics and Bose-Einstein Condensates,Cold Atom Physics and Bose-Einstein Condensates,0,2025
https://openalex.org/W4366990670,2023,Key Science Goals for the Next-Generation Event Horizon Telescope,gamma_ray_bursts_and_supernovae,Nuclear and High Energy Physics,61041081,61041081,0,,W4366990670,10.3390/galaxies11030061,118,363,openalex_v3_query_core,0,,strict,Astrophysics and Cosmic Phenomena,61041081,Astrophysics and Cosmic Phenomena,Astrophysics and Cosmic Phenomena,0,2025
https://openalex.org/W2039031315,2008,The Troublesome Broadband Evolution of GRB 061126: Does a Gray Burst Imply Gray Dust?,gamma_ray_bursts_and_supernovae,Astronomy and Astrophysics,63203493,63203493,0,,W2039031315,10.1086/523929,117,85,openalex_v3_query_core,0,,strict,Gamma-ray bursts and supernovae,63203493,Gamma-ray bursts and supernovae,Gamma-ray bursts and supernovae,0,2025
https://openalex.org/W2161603306,2014,IceCube PeV-EeV neutrinos and secret interactions of neutrinos,gamma_ray_bursts_and_supernovae,Nuclear and High Energy Physics,61041081,61041081,0,,W2161603306,10.1093/ptep/ptu090,117,41,openalex_v3_query_core,0,,strict,Astrophysics and Cosmic Phenomena,61041081,Astrophysics and Cosmic Phenomena,Astrophysics and Cosmic Phenomena,0,2025
https://openalex.org/W2530507295,2017,The search for failed supernovae with the Large Binocular Telescope: constraints from 7 yr of data,gamma_ray_bursts_and_supernovae,Astronomy and Astrophysics,63203493,63203493,0,,W2530507295,10.1093/mnras/stx898,117,121,openalex_v3_query_core,0,,strict,Gamma-ray bursts and supernovae,63203493,Gamma-ray bursts and supernovae,Gamma-ray bursts and supernovae,0,2025
https://openalex.org/W2771824604,2018,The origin of the first neutron star – neutron star merger,gamma_ray_bursts_and_supernovae,Astronomy and Astrophysics,63203493,63203493,0,,W2771824604,10.1051/0004-6361/201732428,117,171,openalex_v3_query_core,0,,strict,Gamma-ray bursts and supernovae,63203493,Gamma-ray bursts and supernovae,Gamma-ray bursts and supernovae,0,2025
https://openalex.org/W2038868066,1998,A Maximum Likelihood Method to Improve Faint‐Source Flux and Color Estimates,gamma_ray_bursts_and_supernovae,Electrical and Electronic Engineering,63307375,63307375,0,,W2038868066,10.1086/316173,116,12,openalex_v3_query_core,0,,strict,CCD and CMOS Imaging Sensors,63307375,CCD and CMOS Imaging Sensors,CCD and CMOS Imaging Sensors,0,2025
https://openalex.org/W2122870477,2004,A Redshift Determination for XRF 020903: First Spectroscopic Observations of an X‐Ray Flash,gamma_ray_bursts_and_supernovae,Astronomy and Astrophysics,63203493,63203493,0,,W2122870477,10.1086/383082,116,19,openalex_v3_query_core,0,,strict,Gamma-ray bursts and supernovae,63203493,Gamma-ray bursts and supernovae,Gamma-ray bursts and supernovae,0,2025
https://openalex.org/W2103821193,2006,The Type Ia Supernova Rate at<i>z</i> ≈ 0.5 from the Supernova Legacy Survey,gamma_ray_bursts_and_supernovae,Astronomy and Astrophysics,63203493,63203493,0,,W2103821193,10.1086/505532,116,70,openalex_v3_query_core,0,,strict,Gamma-ray bursts and supernovae,63203493,Gamma-ray bursts and supernovae,Gamma-ray bursts and supernovae,0,2025
https://openalex.org/W2031224550,2009,Probing the anisotropies of a stochastic gravitational-wave background using a network of ground-based laser interferometers,gamma_ray_bursts_and_supernovae,Astronomy and Astrophysics,60973087,60973087,0,,W2031224550,10.1103/physrevd.80.122002,116,52,openalex_v3_query_core,0,,strict,Pulsars and Gravitational Waves Research,60973087,Pulsars and Gravitational Waves Research,Pulsars and Gravitational Waves Research,0,2025
https://openalex.org/W2091397377,2014,Comprehensive observations of the bright and energetic Type Iax SN 2012Z: Interpretation as a Chandrasekhar mass white dwarf explosion,gamma_ray_bursts_and_supernovae,Astronomy and Astrophysics,63203493,63203493,0,,W2091397377,10.1051/0004-6361/201424168,116,162,openalex_v3_query_core,0,,strict,Gamma-ray bursts and supernovae,63203493,Gamma-ray bursts and supernovae,Gamma-ray bursts and supernovae,0,2025
https://openalex.org/W2188411500,2016,The Remnant of Supernova 1987A,gamma_ray_bursts_and_supernovae,Astronomy and Astrophysics,63203493,63203493,0,,W2188411500,10.1146/annurev-astro-082615-105405,116,188,openalex_v3_query_core,0,,strict,Gamma-ray bursts and supernovae,63203493,Gamma-ray bursts and supernovae,Gamma-ray bursts and supernovae,0,2025
https://openalex.org/W4211027938,2006,The Evolution of Compact Binary Star Systems,gamma_ray_bursts_and_supernovae,Astronomy and Astrophysics,60973087,60973087,0,,W4211027938,10.12942/lrr-2006-6,115,579,openalex_v3_query_core,0,,strict,Pulsars and Gravitational Waves Research,60973087,Pulsars and Gravitational Waves Research,Pulsars and Gravitational Waves Research,0,2025
https://openalex.org/W2123695000,2009,An updated gamma-ray bursts Hubble diagram,gamma_ray_bursts_and_supernovae,Astronomy and Astrophysics,63203493,63203493,0,,W2123695000,10.1111/j.1365-2966.2009.15456.x,115,66,openalex_v3_query_core,0,,strict,Gamma-ray bursts and supernovae,63203493,Gamma-ray bursts and supernovae,Gamma-ray bursts and supernovae,0,2025
https://openalex.org/W2168490188,2009,Experimental tests of general relativity: recent progress and future directions,gamma_ray_bursts_and_supernovae,Astronomy and Astrophysics,60904838,60904838,0,,W2168490188,10.3367/ufne.0179.200901a.0003,115,354,openalex_v3_query_core,0,,strict,Cosmology and Gravitation Theories,60904838,Cosmology and Gravitation Theories,Cosmology and Gravitation Theories,0,2025
https://openalex.org/W2137617086,2011,XRF 100316D/SN 2010bh AND THE NATURE OF GAMMA-RAY BURST SUPERNOVAE,gamma_ray_bursts_and_supernovae,Astronomy and Astrophysics,63203493,63203493,0,,W2137617086,10.1088/0004-637x/740/1/41,115,126,openalex_v3_query_core,0,,strict,Gamma-ray bursts and supernovae,63203493,Gamma-ray bursts and supernovae,Gamma-ray bursts and supernovae,0,2025
https://openalex.org/W2115356849,2013,VAST: An ASKAP Survey for Variables and Slow Transients,gamma_ray_bursts_and_supernovae,Astronomy and Astrophysics,60973087,60973087,0,,W2115356849,10.1017/pasa.2012.006,115,194,openalex_v3_query_core,0,,strict,Pulsars and Gravitational Waves Research,60973087,Pulsars and Gravitational Waves Research,Pulsars and Gravitational Waves Research,0,2025
https://openalex.org/W3099010422,2015,PUSHING CORE-COLLAPSE SUPERNOVAE TO EXPLOSIONS IN SPHERICAL SYMMETRY. I. THE MODEL AND THE CASE OF SN 1987A,gamma_ray_bursts_and_supernovae,Astronomy and Astrophysics,63203493,63203493,0,,W3099010422,10.1088/0004-637x/806/2/275,115,154,openalex_v3_query_core,0,,strict,Gamma-ray bursts and supernovae,63203493,Gamma-ray bursts and supernovae,Gamma-ray bursts and supernovae,0,2025
https://openalex.org/W2372667408,2016,Cosmic-ray energy spectrum and composition up to the ankle: the case for a second Galactic component,gamma_ray_bursts_and_supernovae,Nuclear and High Energy Physics,61041081,61041081,0,,W2372667408,10.1051/0004-6361/201628894,115,102,openalex_v3_query_core,0,,strict,Astrophysics and Cosmic Phenomena,61041081,Astrophysics and Cosmic Phenomena,Astrophysics and Cosmic Phenomena,0,2025
https://openalex.org/W2395220893,2016,A FUNDAMENTAL PLANE FOR LONG GAMMA-RAY BURSTS WITH X-RAY PLATEAUS,gamma_ray_bursts_and_supernovae,Astronomy and Astrophysics,63203493,63203493,0,,W2395220893,10.3847/2041-8205/825/2/l20,115,65,openalex_v3_query_core,0,,strict,Gamma-ray bursts and supernovae,63203493,Gamma-ray bursts and supernovae,Gamma-ray bursts and supernovae,0,2025
https://openalex.org/W3013074685,2020,"A Mildly Relativistic Outflow from the Energetic, Fast-rising Blue Optical Transient CSS161010 in a Dwarf Galaxy",gamma_ray_bursts_and_supernovae,Astronomy and Astrophysics,61024309,61024309,0,,W3013074685,10.3847/2041-8213/ab8cc7,115,123,openalex_v3_query_core,0,,strict,Astrophysical Phenomena and Observations,61024309,Astrophysical Phenomena and Observations,Astrophysical Phenomena and Observations,0,2025
https://openalex.org/W3174442964,2021,A highly magnetized and rapidly rotating white dwarf as small as the Moon,gamma_ray_bursts_and_supernovae,Astronomy and Astrophysics,60904056,60904056,0,,W3174442964,10.1038/s41586-021-03615-y,115,108,openalex_v3_query_core,0,,strict,"Stellar, planetary, and galactic studies",60904056,"Stellar, planetary, and galactic studies","Stellar, planetary, and galactic studies",0,2025
https://openalex.org/W4309785097,2022,"Short GRB Host Galaxies. I. Photometric and Spectroscopic Catalogs, Host Associations, and Galactocentric Offsets",gamma_ray_bursts_and_supernovae,Astronomy and Astrophysics,63203493,63203493,0,,W4309785097,10.3847/1538-4357/ac91d0,115,193,openalex_v3_query_core,0,,strict,Gamma-ray bursts and supernovae,63203493,Gamma-ray bursts and supernovae,Gamma-ray bursts and supernovae,0,2025
https://openalex.org/W1752256609,2011,Nuclear-dominated accretion and subluminous supernovae from the merger of a white dwarf with a neutron star or black hole,gamma_ray_bursts_and_supernovae,Astronomy and Astrophysics,63203493,63203493,0,,W1752256609,10.1111/j.1365-2966.2011.19747.x,114,82,openalex_v3_query_core,0,,strict,Gamma-ray bursts and supernovae,63203493,Gamma-ray bursts and supernovae,Gamma-ray bursts and supernovae,0,2025
https://openalex.org/W2152774008,2015,The host galaxy and late-time evolution of the superluminous supernova PTF12dam,gamma_ray_bursts_and_supernovae,Astronomy and Astrophysics,63203493,63203493,0,,W2152774008,10.1093/mnras/stv1360,114,136,openalex_v3_query_core,0,,strict,Gamma-ray bursts and supernovae,63203493,Gamma-ray bursts and supernovae,Gamma-ray bursts and supernovae,0,2025
https://openalex.org/W2763689162,2018,Black Hole Formation and Fallback during the Supernova Explosion of a 40 M<sub>⊙</sub> Star,gamma_ray_bursts_and_supernovae,Astronomy and Astrophysics,63203493,63203493,0,,W2763689162,10.3847/2041-8213/aaa28c,114,67,openalex_v3_query_core,0,,strict,Gamma-ray bursts and supernovae,63203493,Gamma-ray bursts and supernovae,Gamma-ray bursts and supernovae,0,2025
https://openalex.org/W2990627320,2020,Fast neutrino flavor instability in the neutron-star convection layer of three-dimensional supernova models,gamma_ray_bursts_and_supernovae,Nuclear and High Energy Physics,61058366,61058366,0,,W2990627320,10.1103/physrevd.101.063001,114,72,openalex_v3_query_core,0,,strict,Neutrino Physics Research,61058366,Neutrino Physics Research,Neutrino Physics Research,0,2025
https://openalex.org/W2131911270,2004,The submillimetre properties of gamma-ray burst host galaxies,gamma_ray_bursts_and_supernovae,Astronomy and Astrophysics,63203493,63203493,0,,W2131911270,10.1111/j.1365-2966.2004.08001.x,113,121,openalex_v3_query_core,0,,strict,Gamma-ray bursts and supernovae,63203493,Gamma-ray bursts and supernovae,Gamma-ray bursts and supernovae,0,2025
https://openalex.org/W1970880131,2011,High-energy neutrino astrophysics: Status and perspectives,gamma_ray_bursts_and_supernovae,Nuclear and High Energy Physics,61041081,61041081,0,,W1970880131,10.1016/j.ppnp.2011.12.001,113,329,openalex_v3_query_core,0,,strict,Astrophysics and Cosmic Phenomena,61041081,Astrophysics and Cosmic Phenomena,Astrophysics and Cosmic Phenomena,0,2025
https://openalex.org/W1970242255,2015,Evolutionary Models for Type Ib/c Supernova Progenitors,gamma_ray_bursts_and_supernovae,Astronomy and Astrophysics,63203493,63203493,0,,W1970242255,10.1017/pasa.2015.16,113,111,openalex_v3_query_core,0,,strict,Gamma-ray bursts and supernovae,63203493,Gamma-ray bursts and supernovae,Gamma-ray bursts and supernovae,0,2025
https://openalex.org/W2153569857,2015,LSQ14bdq: A TYPE Ic SUPER-LUMINOUS SUPERNOVA WITH A DOUBLE-PEAKED LIGHT CURVE,gamma_ray_bursts_and_supernovae,Astronomy and Astrophysics,63203493,63203493,0,,W2153569857,10.1088/2041-8205/807/1/l18,113,45,openalex_v3_query_core,0,,strict,Gamma-ray bursts and supernovae,63203493,Gamma-ray bursts and supernovae,Gamma-ray bursts and supernovae,0,2025
https://openalex.org/W2911700471,2019,Low-latency Gravitational-wave Alerts for Multimessenger Astronomy during the Second Advanced LIGO and Virgo Observing Run,gamma_ray_bursts_and_supernovae,Astronomy and Astrophysics,60973087,60973087,0,,W2911700471,10.3847/1538-4357/ab0e8f,113,146,openalex_v3_query_core,0,,strict,Pulsars and Gravitational Waves Research,60973087,Pulsars and Gravitational Waves Research,Pulsars and Gravitational Waves Research,0,2025
https://openalex.org/W2940335753,2019,"Testing massive star evolution, star formation history, and feedback at low metallicity",gamma_ray_bursts_and_supernovae,Astronomy and Astrophysics,63203493,63203493,0,,W2940335753,10.1051/0004-6361/201935365,113,118,openalex_v3_query_core,0,,strict,Gamma-ray bursts and supernovae,63203493,Gamma-ray bursts and supernovae,Gamma-ray bursts and supernovae,0,2025
https://openalex.org/W2008056668,2004,Variable Star Network: World Center for Transient Object Astronomy and Variable Stars,gamma_ray_bursts_and_supernovae,Astronomy and Astrophysics,63203493,63203493,0,,W2008056668,10.1093/pasj/56.sp1.s1,112,501,openalex_v3_query_core,0,,strict,Gamma-ray bursts and supernovae,63203493,Gamma-ray bursts and supernovae,Gamma-ray bursts and supernovae,0,2025
https://openalex.org/W1968822213,2005,Stellar evolution with rotation XIII: Predicted GRB rates at various Z,gamma_ray_bursts_and_supernovae,Astronomy and Astrophysics,63203493,63203493,0,,W1968822213,10.48550/arxiv.astro-ph/0507343,112,39,openalex_v3_query_core,0,,strict,Gamma-ray bursts and supernovae,63203493,Gamma-ray bursts and supernovae,Gamma-ray bursts and supernovae,0,2025
https://openalex.org/W2004791213,2007,Submillijansky Transients in Archival Radio Observations,gamma_ray_bursts_and_supernovae,Astronomy and Astrophysics,63203493,63203493,0,,W2004791213,10.1086/519831,112,91,openalex_v3_query_core,0,,strict,Gamma-ray bursts and supernovae,63203493,Gamma-ray bursts and supernovae,Gamma-ray bursts and supernovae,0,2025
https://openalex.org/W2076393383,2010,Charge Transfer Reactions,gamma_ray_bursts_and_supernovae,"Atomic and Molecular Physics, and Optics",60989724,60989724,0,,W2076393383,10.1007/s11214-010-9720-5,112,295,openalex_v3_query_core,0,,strict,Atomic and Molecular Physics,60989724,Atomic and Molecular Physics,Atomic and Molecular Physics,0,2025
https://openalex.org/W1998395488,2011,Comprehensive cosmographic analysis by Markov chain method,gamma_ray_bursts_and_supernovae,Astronomy and Astrophysics,60904838,60904838,0,,W1998395488,10.1103/physrevd.84.124061,112,42,openalex_v3_query_core,0,,strict,Cosmology and Gravitation Theories,60904838,Cosmology and Gravitation Theories,Cosmology and Gravitation Theories,0,2025
https://openalex.org/W2053907124,2014,THE HYDROGEN-POOR SUPERLUMINOUS SUPERNOVA iPTF 13ajg AND ITS HOST GALAXY IN ABSORPTION AND EMISSION,gamma_ray_bursts_and_supernovae,Astronomy and Astrophysics,63203493,63203493,0,,W2053907124,10.1088/0004-637x/797/1/24,112,142,openalex_v3_query_core,0,,strict,Gamma-ray bursts and supernovae,63203493,Gamma-ray bursts and supernovae,Gamma-ray bursts and supernovae,0,2025
https://openalex.org/W2900748914,2018,Analysis of broad-lined Type Ic supernovae from the (intermediate) Palomar Transient Factory,gamma_ray_bursts_and_supernovae,Astronomy and Astrophysics,63203493,63203493,0,,W2900748914,10.1051/0004-6361/201834429,112,105,openalex_v3_query_core,0,,strict,Gamma-ray bursts and supernovae,63203493,Gamma-ray bursts and supernovae,Gamma-ray bursts and supernovae,0,2025
https://openalex.org/W4386835551,2023,Science with the 2.5-meter Wide Field Survey Telescope (WFST),gamma_ray_bursts_and_supernovae,Astronomy and Astrophysics,63203493,63203493,0,,W4386835551,10.1007/s11433-023-2197-5,112,356,openalex_v3_query_core,0,,strict,Gamma-ray bursts and supernovae,63203493,Gamma-ray bursts and supernovae,Gamma-ray bursts and supernovae,0,2025
https://openalex.org/W2962980160,2005,Understanding B-type supergiants in the low metallicity environment of the SMC II,gamma_ray_bursts_and_supernovae,Astronomy and Astrophysics,60904056,60904056,0,,W2962980160,10.1051/0004-6361:20042061,111,40,openalex_v3_query_core,0,,strict,"Stellar, planetary, and galactic studies",60904056,"Stellar, planetary, and galactic studies","Stellar, planetary, and galactic studies",0,2025
https://openalex.org/W4206386575,2005,Planetary Astrobiology,gamma_ray_bursts_and_supernovae,Astronomy and Astrophysics,60955404,60955404,0,,W4206386575,10.2458/azu_uapress_9780816540068,111,331,openalex_v3_query_core,0,,strict,Astro and Planetary Science,60955404,Astro and Planetary Science,Astro and Planetary Science,0,2025
https://openalex.org/W2149400423,2007,Magnetar-driven bubbles and the origin of collimated outflows in gamma-ray bursts,gamma_ray_bursts_and_supernovae,Astronomy and Astrophysics,63203493,63203493,0,,W2149400423,10.1111/j.1365-2966.2007.12164.x,111,80,openalex_v3_query_core,0,,strict,Gamma-ray bursts and supernovae,63203493,Gamma-ray bursts and supernovae,Gamma-ray bursts and supernovae,0,2025
https://openalex.org/W2180681258,2015,Astronomy in the Big Data Era,gamma_ray_bursts_and_supernovae,Instrumentation,65554423,65554423,0,,W2180681258,10.5334/dsj-2015-011,111,4,openalex_v3_query_core,0,,strict,Astronomy and Astrophysical Research,65554423,Astronomy and Astrophysical Research,Astronomy and Astrophysical Research,0,2025
https://openalex.org/W4226251487,2022,The R136 star cluster dissected with <i>Hubble</i> Space Telescope/STIS,gamma_ray_bursts_and_supernovae,Astronomy and Astrophysics,60904056,60904056,0,,W4226251487,10.1051/0004-6361/202142742,111,147,openalex_v3_query_core,0,,strict,"Stellar, planetary, and galactic studies",60904056,"Stellar, planetary, and galactic studies","Stellar, planetary, and galactic studies",0,2025
https://openalex.org/W4361212630,2023,GRB 221009A: Discovery of an Exceptionally Rare Nearby and Energetic Gamma-Ray Burst,gamma_ray_bursts_and_supernovae,Astronomy and Astrophysics,63203493,63203493,0,,W4361212630,10.3847/2041-8213/acbcd1,111,69,openalex_v3_query_core,0,,strict,Gamma-ray bursts and supernovae,63203493,Gamma-ray bursts and supernovae,Gamma-ray bursts and supernovae,0,2025
https://openalex.org/W1984012244,2007,"Constraints on Dark Energy from Supernovae, Gamma‐Ray Bursts, Acoustic Oscillations, Nucleosynthesis, Large‐Scale Structure, and the Hubble Constant",gamma_ray_bursts_and_supernovae,Astronomy and Astrophysics,60904838,60904838,0,,W1984012244,10.1086/519274,110,42,openalex_v3_query_core,0,,strict,Cosmology and Gravitation Theories,60904838,Cosmology and Gravitation Theories,Cosmology and Gravitation Theories,0,2025
https://openalex.org/W2121503838,2008,Gamma-ray bursts from tidally spun-up Wolf-Rayet stars?,gamma_ray_bursts_and_supernovae,Astronomy and Astrophysics,63203493,63203493,0,,W2121503838,10.1051/0004-6361:200809371,110,21,openalex_v3_query_core,0,,strict,Gamma-ray bursts and supernovae,63203493,Gamma-ray bursts and supernovae,Gamma-ray bursts and supernovae,0,2025
https://openalex.org/W2168046284,2008,Type Ia supernovae and the formation of single low-mass white dwarfs,gamma_ray_bursts_and_supernovae,Astronomy and Astrophysics,63203493,63203493,0,,W2168046284,10.1051/0004-6361:200810106,110,120,openalex_v3_query_core,0,,strict,Gamma-ray bursts and supernovae,63203493,Gamma-ray bursts and supernovae,Gamma-ray bursts and supernovae,0,2025
https://openalex.org/W2634486298,2017,"Relationship between solar activity and Δ<sup>14</sup>C peaks in AD 775, AD 994, and 660 BC",gamma_ray_bursts_and_supernovae,Molecular Biology,63272926,63272926,0,,W2634486298,10.1017/rdc.2017.59,110,47,openalex_v3_query_core,0,,strict,Geomagnetism and Paleomagnetism Studies,63272926,Geomagnetism and Paleomagnetism Studies,Geomagnetism and Paleomagnetism Studies,0,2025
https://openalex.org/W2890534423,2019,The Broad Absorption Line Tidal Disruption Event iPTF15af: Optical and Ultraviolet Evolution,gamma_ray_bursts_and_supernovae,Astronomy and Astrophysics,61024309,61024309,0,,W2890534423,10.3847/1538-4357/ab04b0,110,101,openalex_v3_query_core,0,,strict,Astrophysical Phenomena and Observations,61024309,Astrophysical Phenomena and Observations,Astrophysical Phenomena and Observations,0,2025
https://openalex.org/W2947289084,2019,A meta-analysis of core-collapse supernova<sup>56</sup>Ni masses,gamma_ray_bursts_and_supernovae,Astronomy and Astrophysics,63203493,63203493,0,,W2947289084,10.1051/0004-6361/201935027,110,182,openalex_v3_query_core,0,,strict,Gamma-ray bursts and supernovae,63203493,Gamma-ray bursts and supernovae,Gamma-ray bursts and supernovae,0,2025
https://openalex.org/W2099147287,2000,A theory of gamma-ray bursts,gamma_ray_bursts_and_supernovae,Astronomy and Astrophysics,63203493,63203493,0,,W2099147287,10.1016/s1384-1076(00)00026-9,109,62,openalex_v3_query_core,0,,strict,Gamma-ray bursts and supernovae,63203493,Gamma-ray bursts and supernovae,Gamma-ray bursts and supernovae,0,2025
https://openalex.org/W2585097439,2017,Flavor-dependent Neutrino Angular Distribution in Core-collapse Supernovae,gamma_ray_bursts_and_supernovae,Nuclear and High Energy Physics,61058366,61058366,0,,W2585097439,10.3847/1538-4357/aa6a18,109,66,openalex_v3_query_core,0,,strict,Neutrino Physics Research,61058366,Neutrino Physics Research,Neutrino Physics Research,0,2025
https://openalex.org/W3094147337,2021,Design and sensitivity of the Radio Neutrino Observatory in Greenland (RNO-G),gamma_ray_bursts_and_supernovae,Nuclear and High Energy Physics,61058366,61058366,0,,W3094147337,10.1088/1748-0221/16/03/p03025,109,230,openalex_v3_query_core,0,,strict,Neutrino Physics Research,61058366,Neutrino Physics Research,Neutrino Physics Research,0,2025
https://openalex.org/W3102065840,2004,A Systematic Analysis of Supernova Light in Gamma-Ray Burst Afterglows,gamma_ray_bursts_and_supernovae,Astronomy and Astrophysics,63203493,63203493,0,,W3102065840,,108,74,openalex_v3_query_core,0,,strict,Gamma-ray bursts and supernovae,63203493,Gamma-ray bursts and supernovae,Gamma-ray bursts and supernovae,0,2025
https://openalex.org/W2910093345,2019,A new class of flares from accreting supermassive black holes,gamma_ray_bursts_and_supernovae,Astronomy and Astrophysics,61024309,61024309,0,,W2910093345,10.1038/s41550-018-0661-3,108,100,openalex_v3_query_core,0,,strict,Astrophysical Phenomena and Observations,61024309,Astrophysical Phenomena and Observations,Astrophysical Phenomena and Observations,0,2025
https://openalex.org/W2975595497,2019,MAXI J1820+070 with NuSTAR I. An increase in variability frequency but a stable reflection spectrum: coronal properties and implications for the inner disc in black hole binaries,gamma_ray_bursts_and_supernovae,Astronomy and Astrophysics,61024309,61024309,0,,W2975595497,10.1093/mnras/stz2681,108,111,openalex_v3_query_core,0,,strict,Astrophysical Phenomena and Observations,61024309,Astrophysical Phenomena and Observations,Astrophysical Phenomena and Observations,0,2025
https://openalex.org/W3034818828,2020,Discovery and follow-up of ASASSN-19dj: an X-ray and UV luminous TDE in an extreme post-starburst galaxy,gamma_ray_bursts_and_supernovae,Astronomy and Astrophysics,61024309,61024309,0,,W3034818828,10.1093/mnras/staa3170,108,263,openalex_v3_query_core,0,,strict,Astrophysical Phenomena and Observations,61024309,Astrophysical Phenomena and Observations,Astrophysical Phenomena and Observations,0,2025
https://openalex.org/W3087692166,2020,Binary Population Synthesis,gamma_ray_bursts_and_supernovae,Astronomy and Astrophysics,60973222,60973222,0,,W3087692166,10.1088/1674-4527/20/10/161,108,116,openalex_v3_query_core,0,,strict,Astrophysics and Star Formation Studies,60973222,Astrophysics and Star Formation Studies,Astrophysics and Star Formation Studies,0,2025
https://openalex.org/W2099463342,2010,SEARCH FOR GRAVITATIONAL-WAVE INSPIRAL SIGNALS ASSOCIATED WITH SHORT GAMMA-RAY BURSTS DURING LIGO'S FIFTH AND VIRGO'S FIRST SCIENCE RUN,gamma_ray_bursts_and_supernovae,Astronomy and Astrophysics,63203493,63203493,0,,W2099463342,10.1088/0004-637x/715/2/1453,107,61,openalex_v3_query_core,0,,strict,Gamma-ray bursts and supernovae,63203493,Gamma-ray bursts and supernovae,Gamma-ray bursts and supernovae,0,2025
https://openalex.org/W1709217086,2015,ZOOMING IN ON THE PROGENITORS OF SUPERLUMINOUS SUPERNOVAE WITH THE<i>HST</i>,gamma_ray_bursts_and_supernovae,Astronomy and Astrophysics,63203493,63203493,0,,W1709217086,10.1088/0004-637x/804/2/90,107,110,openalex_v3_query_core,0,,strict,Gamma-ray bursts and supernovae,63203493,Gamma-ray bursts and supernovae,Gamma-ray bursts and supernovae,0,2025
https://openalex.org/W2231158164,2016,A<i>Hubble Space Telescope</i>survey of the host galaxies of Superluminous Supernovae,gamma_ray_bursts_and_supernovae,Astronomy and Astrophysics,63203493,63203493,0,,W2231158164,10.1093/mnras/stw063,107,180,openalex_v3_query_core,0,,strict,Gamma-ray bursts and supernovae,63203493,Gamma-ray bursts and supernovae,Gamma-ray bursts and supernovae,0,2025
https://openalex.org/W2798497143,2018,Related Progenitor Models for Long-duration Gamma-Ray Bursts and Type Ic Superluminous Supernovae,gamma_ray_bursts_and_supernovae,Astronomy and Astrophysics,63203493,63203493,0,,W2798497143,10.3847/1538-4357/aabfc1,107,151,openalex_v3_query_core,0,,strict,Gamma-ray bursts and supernovae,63203493,Gamma-ray bursts and supernovae,Gamma-ray bursts and supernovae,0,2025
https://openalex.org/W3084059552,2020,"Fast neutrino flavor conversion, ejecta properties, and nucleosynthesis in newly-formed hypermassive remnants of neutron-star mergers",gamma_ray_bursts_and_supernovae,Astronomy and Astrophysics,63203493,63203493,0,,W3084059552,10.1103/physrevd.102.103015,107,96,openalex_v3_query_core,0,,strict,Gamma-ray bursts and supernovae,63203493,Gamma-ray bursts and supernovae,Gamma-ray bursts and supernovae,0,2025
https://openalex.org/W3102711520,2001,Asymmetric Supernovae from Magneto-Centrifugal Jets,gamma_ray_bursts_and_supernovae,Astronomy and Astrophysics,63203493,63203493,0,,W3102711520,,106,70,openalex_v3_query_core,0,,strict,Gamma-ray bursts and supernovae,63203493,Gamma-ray bursts and supernovae,Gamma-ray bursts and supernovae,0,2025
https://openalex.org/W2146115605,2002,"Neutrino, Neutron, and Cosmic‐Ray Production in the External Shock Model of Gamma‐Ray Bursts",gamma_ray_bursts_and_supernovae,Astronomy and Astrophysics,63203493,63203493,0,,W2146115605,10.1086/340893,106,108,openalex_v3_query_core,0,,strict,Gamma-ray bursts and supernovae,63203493,Gamma-ray bursts and supernovae,Gamma-ray bursts and supernovae,0,2025
https://openalex.org/W1975985956,2006,Classical novae from the POINT–AGAPE microlensing survey of M31 – II. Rate and statistical characteristics of the nova population,gamma_ray_bursts_and_supernovae,Astronomy and Astrophysics,61024309,61024309,0,,W1975985956,10.1111/j.1365-2966.2006.10297.x,106,42,openalex_v3_query_core,0,,strict,Astrophysical Phenomena and Observations,61024309,Astrophysical Phenomena and Observations,Astrophysical Phenomena and Observations,0,2025
https://openalex.org/W2141778489,2006,Prompt and Afterglow Emission Properties of Gamma‐Ray Bursts with Spectroscopically Identified Supernovae,gamma_ray_bursts_and_supernovae,Astronomy and Astrophysics,63203493,63203493,0,,W2141778489,10.1086/508324,106,104,openalex_v3_query_core,0,,strict,Gamma-ray bursts and supernovae,63203493,Gamma-ray bursts and supernovae,Gamma-ray bursts and supernovae,0,2025
https://openalex.org/W2949085172,2007,The Hubble Constant,gamma_ray_bursts_and_supernovae,Astronomy and Astrophysics,60904838,60904838,0,,W2949085172,10.12942/lrr-2007-4,106,242,openalex_v3_query_core,0,,strict,Cosmology and Gravitation Theories,60904838,Cosmology and Gravitation Theories,Cosmology and Gravitation Theories,0,2025
https://openalex.org/W2484525193,2016,SUPERLUMINOUS SUPERNOVA SN 2015bn IN THE NEBULAR PHASE: EVIDENCE FOR THE ENGINE-POWERED EXPLOSION OF A STRIPPED MASSIVE STAR,gamma_ray_bursts_and_supernovae,Astronomy and Astrophysics,63203493,63203493,0,,W2484525193,10.3847/2041-8205/828/2/l18,106,67,openalex_v3_query_core,0,,strict,Gamma-ray bursts and supernovae,63203493,Gamma-ray bursts and supernovae,Gamma-ray bursts and supernovae,0,2025
https://openalex.org/W2121742784,2004,Effects of color superconductivity on the structure and formation of compact stars,gamma_ray_bursts_and_supernovae,Astronomy and Astrophysics,60973087,60973087,0,,W2121742784,10.1103/physrevd.69.057505,105,38,openalex_v3_query_core,0,,strict,Pulsars and Gravitational Waves Research,60973087,Pulsars and Gravitational Waves Research,Pulsars and Gravitational Waves Research,0,2025
https://openalex.org/W2161454865,2004,Monte Carlo techniques for time-dependent radiative transfer in 3-D supernovae,gamma_ray_bursts_and_supernovae,Astronomy and Astrophysics,63203493,63203493,0,,W2161454865,10.1051/0004-6361:20041656,105,19,openalex_v3_query_core,0,,strict,Gamma-ray bursts and supernovae,63203493,Gamma-ray bursts and supernovae,Gamma-ray bursts and supernovae,0,2025
https://openalex.org/W2014566778,2005,An XMM-Newton view of the cluster of galaxies Abell 85,gamma_ray_bursts_and_supernovae,Astronomy and Astrophysics,60903922,60903922,0,,W2014566778,10.1051/0004-6361:20041666,105,47,openalex_v3_query_core,0,,strict,"Galaxies: Formation, Evolution, Phenomena",60903922,"Galaxies: Formation, Evolution, Phenomena","Galaxies: Formation, Evolution, Phenomena",0,2025
https://openalex.org/W4299593242,2005,Binaries discovered by the SPY project,gamma_ray_bursts_and_supernovae,Astronomy and Astrophysics,63203493,63203493,0,,W4299593242,10.1051/0004-6361:20053174,105,45,openalex_v3_query_core,0,,strict,Gamma-ray bursts and supernovae,63203493,Gamma-ray bursts and supernovae,Gamma-ray bursts and supernovae,0,2025
https://openalex.org/W2096277650,2009,Features of holographic dark energy under combined cosmological constraints,gamma_ray_bursts_and_supernovae,Astronomy and Astrophysics,60904838,60904838,0,,W2096277650,10.1140/epjc/s10052-009-0876-7,105,114,openalex_v3_query_core,0,,strict,Cosmology and Gravitation Theories,60904838,Cosmology and Gravitation Theories,Cosmology and Gravitation Theories,0,2025
https://openalex.org/W2134456447,2012,On the nature of the galactic early-B hypergiants,gamma_ray_bursts_and_supernovae,Astronomy and Astrophysics,60904056,60904056,0,,W2134456447,10.1051/0004-6361/201117472,105,201,openalex_v3_query_core,0,,strict,"Stellar, planetary, and galactic studies",60904056,"Stellar, planetary, and galactic studies","Stellar, planetary, and galactic studies",0,2025
https://openalex.org/W2190595503,2014,Testing the newborn pulsar origin of ultrahigh energy cosmic rays with EeV neutrinos,gamma_ray_bursts_and_supernovae,Nuclear and High Energy Physics,61041081,61041081,0,,W2190595503,10.1103/physrevd.90.103005,105,50,openalex_v3_query_core,0,,strict,Astrophysics and Cosmic Phenomena,61041081,Astrophysics and Cosmic Phenomena,Astrophysics and Cosmic Phenomena,0,2025
https://openalex.org/W2184842832,2015,Short gamma-ray bursts: A review,gamma_ray_bursts_and_supernovae,Astronomy and Astrophysics,63203493,63203493,0,,W2184842832,10.1016/j.jheap.2015.07.002,105,181,openalex_v3_query_core,0,,strict,Gamma-ray bursts and supernovae,63203493,Gamma-ray bursts and supernovae,Gamma-ray bursts and supernovae,0,2025
https://openalex.org/W2762688229,2018,Mass ejection in failed supernovae: variation with stellar progenitor,gamma_ray_bursts_and_supernovae,Astronomy and Astrophysics,63203493,63203493,0,,W2762688229,10.1093/mnras/sty306,105,99,openalex_v3_query_core,0,,strict,Gamma-ray bursts and supernovae,63203493,Gamma-ray bursts and supernovae,Gamma-ray bursts and supernovae,0,2025
https://openalex.org/W2794616690,2018,Binary neutron star mergers and third generation detectors: Localization and early warning,gamma_ray_bursts_and_supernovae,Astronomy and Astrophysics,60973087,60973087,0,,W2794616690,10.1103/physrevd.97.123014,105,71,openalex_v3_query_core,0,,strict,Pulsars and Gravitational Waves Research,60973087,Pulsars and Gravitational Waves Research,Pulsars and Gravitational Waves Research,0,2025
https://openalex.org/W2989085270,2020,The effects of cosmic rays on the formation of Milky Way-mass galaxies in a cosmological context,gamma_ray_bursts_and_supernovae,Nuclear and High Energy Physics,61041081,61041081,0,,W2989085270,10.1093/mnras/staa1960,105,208,openalex_v3_query_core,0,,strict,Astrophysics and Cosmic Phenomena,61041081,Astrophysics and Cosmic Phenomena,Astrophysics and Cosmic Phenomena,0,2025
https://openalex.org/W3014177807,2021,Axisymmetric Radiative Transfer Models of Kilonovae,gamma_ray_bursts_and_supernovae,Astronomy and Astrophysics,63203493,63203493,0,,W3014177807,10.3847/1538-4357/abe1b5,105,152,openalex_v3_query_core,0,,strict,Gamma-ray bursts and supernovae,63203493,Gamma-ray bursts and supernovae,Gamma-ray bursts and supernovae,0,2025
https://openalex.org/W4295354092,2022,High-energy and ultra-high-energy neutrinos: A Snowmass white paper,gamma_ray_bursts_and_supernovae,Nuclear and High Energy Physics,61041081,61041081,0,,W4295354092,10.1016/j.jheap.2022.08.001,105,820,openalex_v3_query_core,0,,strict,Astrophysics and Cosmic Phenomena,61041081,Astrophysics and Cosmic Phenomena,Astrophysics and Cosmic Phenomena,0,2025
https://openalex.org/W2039499063,2001,"Gamma-Ray Bursts: Accumulating Afterglow Implications, Progenitor Clues, and Prospects",gamma_ray_bursts_and_supernovae,Astronomy and Astrophysics,63203493,63203493,0,,W2039499063,10.1126/science.291.5501.79,104,79,openalex_v3_query_core,0,,strict,Gamma-ray bursts and supernovae,63203493,Gamma-ray bursts and supernovae,Gamma-ray bursts and supernovae,0,2025
https://openalex.org/W1983955080,2006,Are luminous and metal-rich Wolf-Rayet stars inflated?,gamma_ray_bursts_and_supernovae,Astronomy and Astrophysics,60904056,60904056,0,,W1983955080,10.1051/0004-6361:20035837,104,35,openalex_v3_query_core,0,,strict,"Stellar, planetary, and galactic studies",60904056,"Stellar, planetary, and galactic studies","Stellar, planetary, and galactic studies",0,2025
https://openalex.org/W2106630557,2009,Physical conditions in high-redshift GRB-DLA absorbers observed with VLT/UVES: implications for molecular hydrogen searches,gamma_ray_bursts_and_supernovae,Astronomy and Astrophysics,63203493,63203493,0,,W2106630557,10.1051/0004-6361/200811572,104,116,openalex_v3_query_core,0,,strict,Gamma-ray bursts and supernovae,63203493,Gamma-ray bursts and supernovae,Gamma-ray bursts and supernovae,0,2025
https://openalex.org/W2157126200,2011,The dust extinction curves of gamma-ray burst host galaxies,gamma_ray_bursts_and_supernovae,Astronomy and Astrophysics,63203493,63203493,0,,W2157126200,10.1051/0004-6361/201117414,104,207,openalex_v3_query_core,0,,strict,Gamma-ray bursts and supernovae,63203493,Gamma-ray bursts and supernovae,Gamma-ray bursts and supernovae,0,2025
https://openalex.org/W2738646081,2017,Chemical element transport in stellar evolution models,gamma_ray_bursts_and_supernovae,Astronomy and Astrophysics,60904056,60904056,0,,W2738646081,10.1098/rsos.170192,104,333,openalex_v3_query_core,0,,strict,"Stellar, planetary, and galactic studies",60904056,"Stellar, planetary, and galactic studies","Stellar, planetary, and galactic studies",0,2025
https://openalex.org/W2778127136,2018,Low-luminosity gamma-ray bursts as the sources of ultrahigh-energy cosmic ray nuclei,gamma_ray_bursts_and_supernovae,Astronomy and Astrophysics,63203493,63203493,0,,W2778127136,10.1103/physrevd.97.083010,104,153,openalex_v3_query_core,0,,strict,Gamma-ray bursts and supernovae,63203493,Gamma-ray bursts and supernovae,Gamma-ray bursts and supernovae,0,2025
https://openalex.org/W2936540985,2019,"Discovery and Early Evolution of ASASSN-19bt, the First TDE Detected by TESS",gamma_ray_bursts_and_supernovae,Astronomy and Astrophysics,63203493,63203493,0,,W2936540985,10.3847/1538-4357/ab3c66,104,96,openalex_v3_query_core,0,,strict,Gamma-ray bursts and supernovae,63203493,Gamma-ray bursts and supernovae,Gamma-ray bursts and supernovae,0,2025
https://openalex.org/W2975110728,2019,Continuous Gravitational Waves from Neutron Stars: Current Status and Prospects,gamma_ray_bursts_and_supernovae,Astronomy and Astrophysics,60973087,60973087,0,,W2975110728,10.3390/universe5110217,104,271,openalex_v3_query_core,0,,strict,Pulsars and Gravitational Waves Research,60973087,Pulsars and Gravitational Waves Research,Pulsars and Gravitational Waves Research,0,2025
https://openalex.org/W4379745476,2023,A structured jet explains the extreme GRB 221009A,gamma_ray_bursts_and_supernovae,Astronomy and Astrophysics,63203493,63203493,0,,W4379745476,10.1126/sciadv.adi1405,104,80,openalex_v3_query_core,0,,strict,Gamma-ray bursts and supernovae,63203493,Gamma-ray bursts and supernovae,Gamma-ray bursts and supernovae,0,2025
https://openalex.org/W2041937691,2006,"On the consistency of peculiar GRBs 060218 and 060614 with the $E_\mathsf{p,i}$ – $E_\mathsf{iso}$ correlation",gamma_ray_bursts_and_supernovae,Astronomy and Astrophysics,63203493,63203493,0,,W2041937691,10.1051/0004-6361:20065994,103,60,openalex_v3_query_core,0,,strict,Gamma-ray bursts and supernovae,63203493,Gamma-ray bursts and supernovae,Gamma-ray bursts and supernovae,0,2025
https://openalex.org/W2017269466,2007,Formation of Massive Primordial Stars in a Reionized Gas,gamma_ray_bursts_and_supernovae,Astronomy and Astrophysics,60973222,60973222,0,,W2017269466,10.1086/522202,103,44,openalex_v3_query_core,0,,strict,Astrophysics and Star Formation Studies,60973222,Astrophysics and Star Formation Studies,Astrophysics and Star Formation Studies,0,2025
https://openalex.org/W2161314581,2008,IFU observations of the GRB 980425/SN 1998bw host galaxy: emission line ratios in GRB regions,gamma_ray_bursts_and_supernovae,Astronomy and Astrophysics,63203493,63203493,0,,W2161314581,10.1051/0004-6361:200809896,103,94,openalex_v3_query_core,0,,strict,Gamma-ray bursts and supernovae,63203493,Gamma-ray bursts and supernovae,Gamma-ray bursts and supernovae,0,2025
https://openalex.org/W1761850298,2009,GRBâ090426: the environment of a rest-frame 0.35-s gamma-ray burst at a redshift of 2.609,gamma_ray_bursts_and_supernovae,Astronomy and Astrophysics,63203493,63203493,0,,W1761850298,10.1111/j.1365-2966.2009.15733.x,103,116,openalex_v3_query_core,0,,strict,Gamma-ray bursts and supernovae,63203493,Gamma-ray bursts and supernovae,Gamma-ray bursts and supernovae,0,2025
https://openalex.org/W2051706427,2011,Astrophysical Ionizing Radiation and Earth: A Brief Review and Census of Intermittent Intense Sources,gamma_ray_bursts_and_supernovae,Astronomy and Astrophysics,63203493,63203493,0,,W2051706427,10.1089/ast.2010.0603,103,107,openalex_v3_query_core,0,,strict,Gamma-ray bursts and supernovae,63203493,Gamma-ray bursts and supernovae,Gamma-ray bursts and supernovae,0,2025
https://openalex.org/W2886533588,2019,PS18kh: A New Tidal Disruption Event with a Non-axisymmetric Accretion Disk,gamma_ray_bursts_and_supernovae,Astronomy and Astrophysics,61024309,61024309,0,,W2886533588,10.3847/1538-4357/ab2ae1,103,116,openalex_v3_query_core,0,,strict,Astrophysical Phenomena and Observations,61024309,Astrophysical Phenomena and Observations,Astrophysical Phenomena and Observations,0,2025
https://openalex.org/W2913016105,2019,Investigation of Two Fermi-LAT Gamma-Ray Blazars Coincident with High-energy Neutrinos Detected by IceCube,gamma_ray_bursts_and_supernovae,Nuclear and High Energy Physics,61041081,61041081,0,,W2913016105,10.3847/1538-4357/ab2ada,103,94,openalex_v3_query_core,0,,strict,Astrophysics and Cosmic Phenomena,61041081,Astrophysics and Cosmic Phenomena,Astrophysics and Cosmic Phenomena,0,2025
https://openalex.org/W3036506334,2020,Aligning nuclear cluster orbits with an active galactic nucleus accretion disc,gamma_ray_bursts_and_supernovae,Astronomy and Astrophysics,61024309,61024309,0,,W3036506334,10.1093/mnras/staa3004,103,101,openalex_v3_query_core,0,,strict,Astrophysical Phenomena and Observations,61024309,Astrophysical Phenomena and Observations,Astrophysical Phenomena and Observations,0,2025
https://openalex.org/W4311516468,2022,The case for a minute-long merger-driven gamma-ray burst from fast-cooling synchrotron emission,gamma_ray_bursts_and_supernovae,Astronomy and Astrophysics,63203493,63203493,0,,W4311516468,10.1038/s41550-022-01819-4,103,122,openalex_v3_query_core,0,,strict,Gamma-ray bursts and supernovae,63203493,Gamma-ray bursts and supernovae,Gamma-ray bursts and supernovae,0,2025
https://openalex.org/W2031057593,2005,High-Energy-Density Laboratory Astrophysics Studies of Jets and Bow Shocks,gamma_ray_bursts_and_supernovae,Nuclear and High Energy Physics,60956189,60956189,0,,W2031057593,10.1086/498846,102,27,openalex_v3_query_core,0,,strict,Laser-Plasma Interactions and Diagnostics,60956189,Laser-Plasma Interactions and Diagnostics,Laser-Plasma Interactions and Diagnostics,0,2025
https://openalex.org/W2039039818,2005,Distribution of gamma-ray burst ejecta energy with Lorentz factor,gamma_ray_bursts_and_supernovae,Astronomy and Astrophysics,63203493,63203493,0,,W2039039818,10.1111/j.1745-3933.2005.00121.x,102,11,openalex_v3_query_core,0,,strict,Gamma-ray bursts and supernovae,63203493,Gamma-ray bursts and supernovae,Gamma-ray bursts and supernovae,0,2025
https://openalex.org/W3105596793,2006,Supernova 2006aj and the associated X-Ray Flash 060218,gamma_ray_bursts_and_supernovae,Astronomy and Astrophysics,63203493,63203493,0,,W3105596793,10.1051/0004-6361:20065226/pdf,102,47,openalex_v3_query_core,0,,strict,Gamma-ray bursts and supernovae,63203493,Gamma-ray bursts and supernovae,Gamma-ray bursts and supernovae,0,2025
https://openalex.org/W2019011707,2007,The metallicity dependence of the long-duration gamma-ray burst rate from host galaxy luminosities,gamma_ray_bursts_and_supernovae,Astronomy and Astrophysics,63203493,63203493,0,,W2019011707,10.1111/j.1365-2966.2006.11373.x,102,78,openalex_v3_query_core,0,,strict,Gamma-ray bursts and supernovae,63203493,Gamma-ray bursts and supernovae,Gamma-ray bursts and supernovae,0,2025
https://openalex.org/W4302178779,2017,The Carnegie Supernova Project I,gamma_ray_bursts_and_supernovae,Astronomy and Astrophysics,63203493,63203493,0,,W4302178779,10.1051/0004-6361/201730843,102,52,openalex_v3_query_core,0,,strict,Gamma-ray bursts and supernovae,63203493,Gamma-ray bursts and supernovae,Gamma-ray bursts and supernovae,0,2025
https://openalex.org/W3019202677,2020,Using quasar X-ray and UV flux measurements to constrain cosmological model parameters,gamma_ray_bursts_and_supernovae,Astronomy and Astrophysics,60904838,60904838,0,,W3019202677,10.1093/mnras/staa1855,102,139,openalex_v3_query_core,0,,strict,Cosmology and Gravitation Theories,60904838,Cosmology and Gravitation Theories,Cosmology and Gravitation Theories,0,2025
https://openalex.org/W3084541331,2020,Optical follow-up of the neutron star–black hole mergers S200105ae and S200115j,gamma_ray_bursts_and_supernovae,Astronomy and Astrophysics,63203493,63203493,0,,W3084541331,10.1038/s41550-020-1183-3,102,49,openalex_v3_query_core,0,,strict,Gamma-ray bursts and supernovae,63203493,Gamma-ray bursts and supernovae,Gamma-ray bursts and supernovae,0,2025
https://openalex.org/W4392657212,2024,Astrophysical Axion Bounds: The 2024 Edition,gamma_ray_bursts_and_supernovae,Nuclear and High Energy Physics,63152924,63152924,0,,W4392657212,10.22323/1.454.0041,102,506,openalex_v3_query_core,0,,strict,Dark Matter and Cosmic Phenomena,63152924,Dark Matter and Cosmic Phenomena,Dark Matter and Cosmic Phenomena,0,2025
https://openalex.org/W4395074092,2024,Stellar flares,gamma_ray_bursts_and_supernovae,Astronomy and Astrophysics,60904056,60904056,0,,W4395074092,10.1007/s41116-024-00039-4,102,909,openalex_v3_query_core,0,,strict,"Stellar, planetary, and galactic studies",60904056,"Stellar, planetary, and galactic studies","Stellar, planetary, and galactic studies",0,2025
https://openalex.org/W2595986532,2005,The Number of Supernovae from Primordial Stars in the Universe,gamma_ray_bursts_and_supernovae,Astronomy and Astrophysics,63203493,63203493,0,,W2595986532,10.1086/430434,101,93,openalex_v3_query_core,0,,strict,Gamma-ray bursts and supernovae,63203493,Gamma-ray bursts and supernovae,Gamma-ray bursts and supernovae,0,2025
https://openalex.org/W2059182171,2006,Quantitative spectroscopic analysis of and distance to SN1999em,gamma_ray_bursts_and_supernovae,Astronomy and Astrophysics,63203493,63203493,0,,W2059182171,10.1051/0004-6361:20054044,101,30,openalex_v3_query_core,0,,strict,Gamma-ray bursts and supernovae,63203493,Gamma-ray bursts and supernovae,Gamma-ray bursts and supernovae,0,2025
https://openalex.org/W2148304801,2008,The LSC glitch group: monitoring noise transients during the fifth LIGO science run,gamma_ray_bursts_and_supernovae,Astronomy and Astrophysics,60973087,60973087,0,,W2148304801,10.1088/0264-9381/25/18/184004,101,15,openalex_v3_query_core,0,,strict,Pulsars and Gravitational Waves Research,60973087,Pulsars and Gravitational Waves Research,Pulsars and Gravitational Waves Research,0,2025
https://openalex.org/W4300932849,2009,Probing the dust properties of galaxies up to submillimetre wavelengths,gamma_ray_bursts_and_supernovae,Astronomy and Astrophysics,60903922,60903922,0,,W4300932849,10.1051/0004-6361/200912963,101,95,openalex_v3_query_core,0,,strict,"Galaxies: Formation, Evolution, Phenomena",60903922,"Galaxies: Formation, Evolution, Phenomena","Galaxies: Formation, Evolution, Phenomena",0,2025
https://openalex.org/W3098636134,2012,"The different progenitors of type Ib, Ic SNe, and of GRB",gamma_ray_bursts_and_supernovae,Astronomy and Astrophysics,63203493,63203493,0,,W3098636134,10.1051/0004-6361/200811339/pdf,101,45,openalex_v3_query_core,0,,strict,Gamma-ray bursts and supernovae,63203493,Gamma-ray bursts and supernovae,Gamma-ray bursts and supernovae,0,2025
https://openalex.org/W2089544648,2015,Evryscope Science: Exploring the Potential of All-Sky Gigapixel-Scale Telescopes,gamma_ray_bursts_and_supernovae,Astronomy and Astrophysics,60904056,60904056,0,,W2089544648,10.1086/680521,101,105,openalex_v3_query_core,0,,strict,"Stellar, planetary, and galactic studies",60904056,"Stellar, planetary, and galactic studies","Stellar, planetary, and galactic studies",0,2025
https://openalex.org/W2171050787,2016,Gamma-Ray Burst Progenitors,gamma_ray_bursts_and_supernovae,Astronomy and Astrophysics,63203493,63203493,0,,W2171050787,10.1007/s11214-016-0312-x,101,382,openalex_v3_query_core,0,,strict,Gamma-ray bursts and supernovae,63203493,Gamma-ray bursts and supernovae,Gamma-ray bursts and supernovae,0,2025
https://openalex.org/W3102295185,2016,Cosmology with gamma-ray bursts,gamma_ray_bursts_and_supernovae,Astronomy and Astrophysics,63203493,63203493,0,,W3102295185,10.1051/0004-6361/201628911,101,68,openalex_v3_query_core,0,,strict,Gamma-ray bursts and supernovae,63203493,Gamma-ray bursts and supernovae,Gamma-ray bursts and supernovae,0,2025
https://openalex.org/W2983003014,2019,"Magnetic, thermal and rotational evolution of isolated neutron stars",gamma_ray_bursts_and_supernovae,Astronomy and Astrophysics,60973087,60973087,0,,W2983003014,10.1007/s41115-019-0006-7,101,172,openalex_v3_query_core,0,,strict,Pulsars and Gravitational Waves Research,60973087,Pulsars and Gravitational Waves Research,Pulsars and Gravitational Waves Research,0,2025
https://openalex.org/W2994958403,2020,Properties of OB star−black hole systems derived from detailed binary evolution models,gamma_ray_bursts_and_supernovae,Astronomy and Astrophysics,61024309,61024309,0,,W2994958403,10.1051/0004-6361/201937375,101,164,openalex_v3_query_core,0,,strict,Astrophysical Phenomena and Observations,61024309,Astrophysical Phenomena and Observations,Astrophysical Phenomena and Observations,0,2025
https://openalex.org/W3007421790,2020,Robust cosmological constraints on axion-like particles,gamma_ray_bursts_and_supernovae,Nuclear and High Energy Physics,63152924,63152924,0,,W3007421790,10.1088/1475-7516/2020/05/009,101,61,openalex_v3_query_core,0,,strict,Dark Matter and Cosmic Phenomena,63152924,Dark Matter and Cosmic Phenomena,Dark Matter and Cosmic Phenomena,0,2025
https://openalex.org/W3093938602,2021,"The Young Supernova Experiment: Survey Goals, Overview, and Operations",gamma_ray_bursts_and_supernovae,Astronomy and Astrophysics,63203493,63203493,0,,W3093938602,10.3847/1538-4357/abd7f5,101,227,openalex_v3_query_core,0,,strict,Gamma-ray bursts and supernovae,63203493,Gamma-ray bursts and supernovae,Gamma-ray bursts and supernovae,0,2025
https://openalex.org/W4380089813,2023,Compact object mergers: exploring uncertainties from stellar and binary evolution with <scp>sevn</scp>,gamma_ray_bursts_and_supernovae,Astronomy and Astrophysics,63203493,63203493,0,,W4380089813,10.1093/mnras/stad1630,101,311,openalex_v3_query_core,0,,strict,Gamma-ray bursts and supernovae,63203493,Gamma-ray bursts and supernovae,Gamma-ray bursts and supernovae,0,2025
https://openalex.org/W1977679609,2001,Nuclear reactions and stellar processes,gamma_ray_bursts_and_supernovae,Astronomy and Astrophysics,63203493,63203493,0,,W1977679609,10.1088/0034-4885/64/12/202,100,170,openalex_v3_query_core,0,,strict,Gamma-ray bursts and supernovae,63203493,Gamma-ray bursts and supernovae,Gamma-ray bursts and supernovae,0,2025
https://openalex.org/W1637149387,2005,Modeling Supernova-like Explosions Associated with Gamma-ray Bursts with Short Durations,gamma_ray_bursts_and_supernovae,Astronomy and Astrophysics,63203493,63203493,0,,W1637149387,10.48550/arxiv.astro-ph/0510256,100,1,openalex_v3_query_core,0,,strict,Gamma-ray bursts and supernovae,63203493,Gamma-ray bursts and supernovae,Gamma-ray bursts and supernovae,0,2025
https://openalex.org/W2034369910,2008,Relativistic radiation magnetohydrodynamics in dynamical spacetimes: Numerical methods and tests,gamma_ray_bursts_and_supernovae,Astronomy and Astrophysics,60973087,60973087,0,,W2034369910,10.1103/physrevd.78.024023,100,74,openalex_v3_query_core,0,,strict,Pulsars and Gravitational Waves Research,60973087,Pulsars and Gravitational Waves Research,Pulsars and Gravitational Waves Research,0,2025
https://openalex.org/W1966788826,2013,PopCORN: Hunting down the differences between binary population synthesis codes,gamma_ray_bursts_and_supernovae,Astronomy and Astrophysics,63203493,63203493,0,,W1966788826,10.1051/0004-6361/201321576,100,103,openalex_v3_query_core,0,,strict,Gamma-ray bursts and supernovae,63203493,Gamma-ray bursts and supernovae,Gamma-ray bursts and supernovae,0,2025
https://openalex.org/W1981217972,2014,A MULTI-WAVELENGTH INVESTIGATION OF THE RADIO-LOUD SUPERNOVA PTF11qcj AND ITS CIRCUMSTELLAR ENVIRONMENT,gamma_ray_bursts_and_supernovae,Astronomy and Astrophysics,63203493,63203493,0,,W1981217972,10.1088/0004-637x/782/1/42,100,110,openalex_v3_query_core,0,,strict,Gamma-ray bursts and supernovae,63203493,Gamma-ray bursts and supernovae,Gamma-ray bursts and supernovae,0,2025
https://openalex.org/W2564654260,2017,All-sky search for short gravitational-wave bursts in the first Advanced LIGO run,gamma_ray_bursts_and_supernovae,Astronomy and Astrophysics,60973087,60973087,0,,W2564654260,10.1103/physrevd.95.042003,100,38,openalex_v3_query_core,0,,strict,Pulsars and Gravitational Waves Research,60973087,Pulsars and Gravitational Waves Research,Pulsars and Gravitational Waves Research,0,2025
https://openalex.org/W2619437364,2017,Superluminous supernova progenitors have a half-solar metallicity threshold,gamma_ray_bursts_and_supernovae,Astronomy and Astrophysics,63203493,63203493,0,,W2619437364,10.1093/mnras/stx1428,100,97,openalex_v3_query_core,0,,strict,Gamma-ray bursts and supernovae,63203493,Gamma-ray bursts and supernovae,Gamma-ray bursts and supernovae,0,2025
https://openalex.org/W4382356161,2023,Simulations of common-envelope evolution in binary stellar systems: physical models and numerical techniques,gamma_ray_bursts_and_supernovae,Astronomy and Astrophysics,63203493,63203493,0,,W4382356161,10.1007/s41115-023-00017-x,100,402,openalex_v3_query_core,0,,strict,Gamma-ray bursts and supernovae,63203493,Gamma-ray bursts and supernovae,Gamma-ray bursts and supernovae,0,2025
https://openalex.org/W4385070736,2023,Physical characteristics and maximum allowable mass of hybrid star in the context of f(Q) gravity,gamma_ray_bursts_and_supernovae,Astronomy and Astrophysics,60904838,60904838,0,,W4385070736,10.1140/epjc/s10052-023-11745-y,100,111,openalex_v3_query_core,0,,strict,Cosmology and Gravitation Theories,60904838,Cosmology and Gravitation Theories,Cosmology and Gravitation Theories,0,2025
https://openalex.org/W1965536519,2000,LISA mission overview,gamma_ray_bursts_and_supernovae,Astronomy and Astrophysics,60973087,60973087,0,,W1965536519,10.1016/s0273-1177(99)00973-4,99,13,openalex_v3_query_core,0,,strict,Pulsars and Gravitational Waves Research,60973087,Pulsars and Gravitational Waves Research,Pulsars and Gravitational Waves Research,0,2025
https://openalex.org/W2103164170,2002,On the optical and X-ray afterglows of gamma ray bursts,gamma_ray_bursts_and_supernovae,Astronomy and Astrophysics,63203493,63203493,0,,W2103164170,10.1051/0004-6361:20020537,99,169,openalex_v3_query_core,0,,strict,Gamma-ray bursts and supernovae,63203493,Gamma-ray bursts and supernovae,Gamma-ray bursts and supernovae,0,2025
https://openalex.org/W2952194647,2003,The mass and energy budget of Cassiopeia A,gamma_ray_bursts_and_supernovae,Nuclear and High Energy Physics,61041081,61041081,0,,W2952194647,10.1051/0004-6361:20021554,99,18,openalex_v3_query_core,0,,strict,Astrophysics and Cosmic Phenomena,61041081,Astrophysics and Cosmic Phenomena,Astrophysics and Cosmic Phenomena,0,2025
https://openalex.org/W2004166554,2008,Model-independent distance measurements from gamma-ray bursts and constraints on dark energy,gamma_ray_bursts_and_supernovae,Astronomy and Astrophysics,63203493,63203493,0,,W2004166554,10.1103/physrevd.78.123532,99,60,openalex_v3_query_core,0,,strict,Gamma-ray bursts and supernovae,63203493,Gamma-ray bursts and supernovae,Gamma-ray bursts and supernovae,0,2025
https://openalex.org/W2005713271,2008,Spacetime Foam: From Entropy and Holography to Infinite Statistics and Nonlocality,gamma_ray_bursts_and_supernovae,Nuclear and High Energy Physics,63152924,63152924,0,,W2005713271,10.3390/e10040441,99,61,openalex_v3_query_core,0,,strict,Dark Matter and Cosmic Phenomena,63152924,Dark Matter and Cosmic Phenomena,Dark Matter and Cosmic Phenomena,0,2025
https://openalex.org/W2100913653,2008,A new imprint of fast rotators: low $\mathsf{^{12}}$C/$\mathsf{^{13}}$C ratios in extremely metal-poor halo stars,gamma_ray_bursts_and_supernovae,Astronomy and Astrophysics,60904056,60904056,0,,W2100913653,10.1051/0004-6361:20078698,99,46,openalex_v3_query_core,0,,strict,"Stellar, planetary, and galactic studies",60904056,"Stellar, planetary, and galactic studies","Stellar, planetary, and galactic studies",0,2025
https://openalex.org/W2156023766,2008,Cosmography by gamma ray bursts,gamma_ray_bursts_and_supernovae,Astronomy and Astrophysics,63203493,63203493,0,,W2156023766,10.1051/0004-6361:200810337,99,34,openalex_v3_query_core,0,,strict,Gamma-ray bursts and supernovae,63203493,Gamma-ray bursts and supernovae,Gamma-ray bursts and supernovae,0,2025
https://openalex.org/W2018627919,2014,Decoding the stellar fossils of the dusty Milky Way progenitors,gamma_ray_bursts_and_supernovae,Astronomy and Astrophysics,63203493,63203493,0,,W2018627919,10.1093/mnras/stu1962,99,173,openalex_v3_query_core,0,,strict,Gamma-ray bursts and supernovae,63203493,Gamma-ray bursts and supernovae,Gamma-ray bursts and supernovae,0,2025
https://openalex.org/W4289442254,2018,The VLT-FLAMES Tarantula Survey,gamma_ray_bursts_and_supernovae,Astronomy and Astrophysics,60973222,60973222,0,,W4289442254,10.1051/0004-6361/201833433,99,176,openalex_v3_query_core,0,,strict,Astrophysics and Star Formation Studies,60973222,Astrophysics and Star Formation Studies,Astrophysics and Star Formation Studies,0,2025
https://openalex.org/W3036153328,2020,Kilonova Luminosity Function Constraints Based on Zwicky Transient Facility Searches for 13 Neutron Star Merger Triggers during O3,gamma_ray_bursts_and_supernovae,Astronomy and Astrophysics,63203493,63203493,0,,W3036153328,10.3847/1538-4357/abc335,99,122,openalex_v3_query_core,0,,strict,Gamma-ray bursts and supernovae,63203493,Gamma-ray bursts and supernovae,Gamma-ray bursts and supernovae,0,2025
https://openalex.org/W3126965308,2021,An even lighter QCD axion,gamma_ray_bursts_and_supernovae,Nuclear and High Energy Physics,63152924,63152924,0,,W3126965308,10.1007/jhep05(2021)184,99,106,openalex_v3_query_core,0,,strict,Dark Matter and Cosmic Phenomena,63152924,Dark Matter and Cosmic Phenomena,Dark Matter and Cosmic Phenomena,0,2025
https://openalex.org/W3209652839,2021,Signatures of deconfined quark phases in binary neutron star mergers,gamma_ray_bursts_and_supernovae,Astronomy and Astrophysics,60973087,60973087,0,,W3209652839,10.1103/physrevd.104.083029,99,135,openalex_v3_query_core,0,,strict,Pulsars and Gravitational Waves Research,60973087,Pulsars and Gravitational Waves Research,Pulsars and Gravitational Waves Research,0,2025
https://openalex.org/W3122987133,2008,Effects of AGN feedback on LCDM galaxies,gamma_ray_bursts_and_supernovae,Astronomy and Astrophysics,60903922,60903922,0,,W3122987133,10.48550/arxiv.0805.1930,98,106,openalex_v3_query_core,0,,strict,"Galaxies: Formation, Evolution, Phenomena",60903922,"Galaxies: Formation, Evolution, Phenomena","Galaxies: Formation, Evolution, Phenomena",0,2025
https://openalex.org/W1982477157,2010,High-redshift cosmography,gamma_ray_bursts_and_supernovae,Astronomy and Astrophysics,63203493,63203493,0,,W1982477157,10.1088/1475-7516/2010/03/005,98,50,openalex_v3_query_core,0,,strict,Gamma-ray bursts and supernovae,63203493,Gamma-ray bursts and supernovae,Gamma-ray bursts and supernovae,0,2025
https://openalex.org/W2560003374,2016,The e-ASTROGAM mission (exploring the extreme Universe with gamma rays in the MeV-GeV range),gamma_ray_bursts_and_supernovae,Nuclear and High Energy Physics,61041081,61041081,0,,W2560003374,10.48550/arxiv.1611.02232,98,141,openalex_v3_query_core,0,,strict,Astrophysics and Cosmic Phenomena,61041081,Astrophysics and Cosmic Phenomena,Astrophysics and Cosmic Phenomena,0,2025
https://openalex.org/W2940374019,2019,"Transient processing and analysis using AMPEL: alert management, photometry, and evaluation of light curves",gamma_ray_bursts_and_supernovae,Nuclear and High Energy Physics,61041081,61041081,0,,W2940374019,10.1051/0004-6361/201935634,98,33,openalex_v3_query_core,0,,strict,Astrophysics and Cosmic Phenomena,61041081,Astrophysics and Cosmic Phenomena,Astrophysics and Cosmic Phenomena,0,2025
https://openalex.org/W2984784266,2020,Constraining the abundance of primordial black holes with gravitational lensing of gravitational waves at LIGO frequencies,gamma_ray_bursts_and_supernovae,Astronomy and Astrophysics,60973087,60973087,0,,W2984784266,10.1103/physrevd.101.123512,98,89,openalex_v3_query_core,0,,strict,Pulsars and Gravitational Waves Research,60973087,Pulsars and Gravitational Waves Research,Pulsars and Gravitational Waves Research,0,2025
https://openalex.org/W3081838188,2021,Low Mass Black Holes from Dark Core Collapse,gamma_ray_bursts_and_supernovae,Astronomy and Astrophysics,60904838,60904838,0,,W3081838188,10.1103/physrevlett.126.141105,98,143,openalex_v3_query_core,0,,strict,Cosmology and Gravitation Theories,60904838,Cosmology and Gravitation Theories,Cosmology and Gravitation Theories,0,2025
https://openalex.org/W3131045294,2021,The LOFAR LBA Sky Survey,gamma_ray_bursts_and_supernovae,Astronomy and Astrophysics,65469135,65469135,0,,W3131045294,10.1051/0004-6361/202140316,98,102,openalex_v3_query_core,0,,strict,Radio Astronomy Observations and Technology,65469135,Radio Astronomy Observations and Technology,Radio Astronomy Observations and Technology,0,2025
https://openalex.org/W2037378463,1999,A Test of the Standard Hypothesis for the Origin of the H [CSC]i[/CSC] Holes in Holmberg II,gamma_ray_bursts_and_supernovae,Astronomy and Astrophysics,60903922,60903922,0,,W2037378463,10.1086/300926,97,33,openalex_v3_query_core,0,,strict,"Galaxies: Formation, Evolution, Phenomena",60903922,"Galaxies: Formation, Evolution, Phenomena","Galaxies: Formation, Evolution, Phenomena",0,2025
https://openalex.org/W2950564825,2008,Gamma-ray bursts in 1.8 &amp;lt; <i>z</i> &amp;lt; 5.6 suggest that the time variation of the dark energy is small,gamma_ray_bursts_and_supernovae,Astronomy and Astrophysics,63203493,63203493,0,,W2950564825,10.1111/j.1745-3933.2008.00508.x,97,27,openalex_v3_query_core,0,,strict,Gamma-ray bursts and supernovae,63203493,Gamma-ray bursts and supernovae,Gamma-ray bursts and supernovae,0,2025
https://openalex.org/W2399815904,2016,Kilonova/Macronova Emission from Compact Binary Mergers,gamma_ray_bursts_and_supernovae,Astronomy and Astrophysics,63203493,63203493,0,,W2399815904,10.1155/2016/6341974,97,124,openalex_v3_query_core,0,,strict,Gamma-ray bursts and supernovae,63203493,Gamma-ray bursts and supernovae,Gamma-ray bursts and supernovae,0,2025
https://openalex.org/W2400443430,2016,The volumetric rate of superluminous supernovae at<i>z</i>∼ 1,gamma_ray_bursts_and_supernovae,Astronomy and Astrophysics,63203493,63203493,0,,W2400443430,10.1093/mnras/stw1942,97,115,openalex_v3_query_core,0,,strict,Gamma-ray bursts and supernovae,63203493,Gamma-ray bursts and supernovae,Gamma-ray bursts and supernovae,0,2025
https://openalex.org/W2474884382,2016,Evolution of the dust-to-metals ratio in high-redshift galaxies probed by GRB-DLAs,gamma_ray_bursts_and_supernovae,Astronomy and Astrophysics,63203493,63203493,0,,W2474884382,10.1051/0004-6361/201629228,97,143,openalex_v3_query_core,0,,strict,Gamma-ray bursts and supernovae,63203493,Gamma-ray bursts and supernovae,Gamma-ray bursts and supernovae,0,2025
https://openalex.org/W3101256371,2016,PROGENITOR DIAGNOSTICS FOR STRIPPED CORE-COLLAPSE SUPERNOVAE: MEASURED METALLICITIES AT EXPLOSION SITES,gamma_ray_bursts_and_supernovae,Astronomy and Astrophysics,63203493,63203493,0,,W3101256371,,97,67,openalex_v3_query_core,0,,strict,Gamma-ray bursts and supernovae,63203493,Gamma-ray bursts and supernovae,Gamma-ray bursts and supernovae,0,2025
https://openalex.org/W2580158560,2017,The host galaxies and explosion sites of long-duration gamma ray bursts: <i>Hubble Space Telescope</i> near-infrared imaging,gamma_ray_bursts_and_supernovae,Astronomy and Astrophysics,63203493,63203493,0,,W2580158560,10.1093/mnras/stx220,97,58,openalex_v3_query_core,0,,strict,Gamma-ray bursts and supernovae,63203493,Gamma-ray bursts and supernovae,Gamma-ray bursts and supernovae,0,2025
https://openalex.org/W2807806341,2018,"Unveiling the engines of fast radio bursts, superluminous supernovae, and gamma-ray bursts",gamma_ray_bursts_and_supernovae,Astronomy and Astrophysics,63203493,63203493,0,,W2807806341,10.1093/mnras/sty2417,97,219,openalex_v3_query_core,0,,strict,Gamma-ray bursts and supernovae,63203493,Gamma-ray bursts and supernovae,Gamma-ray bursts and supernovae,0,2025
https://openalex.org/W3088872014,2020,"<scp>fink</scp>, a new generation of broker for the LSST community",gamma_ray_bursts_and_supernovae,Computational Mechanics,69913968,69913968,0,,W3088872014,10.1093/mnras/staa3602,97,97,openalex_v3_query_core,0,,strict,Astronomical Observations and Instrumentation,69913968,Astronomical Observations and Instrumentation,Astronomical Observations and Instrumentation,0,2025
https://openalex.org/W3162230277,2022,The Peculiar Short-duration GRB 200826A and Its Supernova*,gamma_ray_bursts_and_supernovae,Astronomy and Astrophysics,63203493,63203493,0,,W3162230277,10.3847/1538-4357/ac60a2,97,190,openalex_v3_query_core,0,,strict,Gamma-ray bursts and supernovae,63203493,Gamma-ray bursts and supernovae,Gamma-ray bursts and supernovae,0,2025
https://openalex.org/W4312058867,2022,CCAT-prime Collaboration: Science Goals and Forecasts with Prime-Cam on the Fred Young Submillimeter Telescope,gamma_ray_bursts_and_supernovae,Astronomy and Astrophysics,65469135,65469135,0,,W4312058867,10.3847/1538-4365/ac9838,97,443,openalex_v3_query_core,0,,strict,Radio Astronomy Observations and Technology,65469135,Radio Astronomy Observations and Technology,Radio Astronomy Observations and Technology,0,2025
https://openalex.org/W2171473204,2003,GRB 021004: A Possible Shell Nebula around a Wolf‐Rayet Star Gamma‐Ray Burst Progenitor,gamma_ray_bursts_and_supernovae,Astronomy and Astrophysics,63203493,63203493,0,,W2171473204,10.1086/377471,96,88,openalex_v3_query_core,0,,strict,Gamma-ray bursts and supernovae,63203493,Gamma-ray bursts and supernovae,Gamma-ray bursts and supernovae,0,2025
https://openalex.org/W2040056502,2007,A New Constraint on the Escape Fraction in Distant Galaxies Using γ-Ray Burst Afterglow Spectroscopy,gamma_ray_bursts_and_supernovae,Astronomy and Astrophysics,63203493,63203493,0,,W2040056502,10.1086/522306,96,72,openalex_v3_query_core,0,,strict,Gamma-ray bursts and supernovae,63203493,Gamma-ray bursts and supernovae,Gamma-ray bursts and supernovae,0,2025
https://openalex.org/W1992887044,2008,Observations of Metals in the Intra-Cluster Medium,gamma_ray_bursts_and_supernovae,Astronomy and Astrophysics,60904056,60904056,0,,W1992887044,10.1007/s11214-008-9320-9,96,151,openalex_v3_query_core,0,,strict,"Stellar, planetary, and galactic studies",60904056,"Stellar, planetary, and galactic studies","Stellar, planetary, and galactic studies",0,2025
https://openalex.org/W2158385115,2011,The He-rich stripped-envelope core-collapse supernova 2008ax★,gamma_ray_bursts_and_supernovae,Astronomy and Astrophysics,63203493,63203493,0,,W2158385115,10.1111/j.1365-2966.2011.18287.x,96,68,openalex_v3_query_core,0,,strict,Gamma-ray bursts and supernovae,63203493,Gamma-ray bursts and supernovae,Gamma-ray bursts and supernovae,0,2025
https://openalex.org/W2028290089,2012,ON THE INDUCED GRAVITATIONAL COLLAPSE OF A NEUTRON STAR TO A BLACK HOLE BY A TYPE Ib/c SUPERNOVA,gamma_ray_bursts_and_supernovae,Astronomy and Astrophysics,63203493,63203493,0,,W2028290089,10.1088/2041-8205/758/1/l7,96,60,openalex_v3_query_core,0,,strict,Gamma-ray bursts and supernovae,63203493,Gamma-ray bursts and supernovae,Gamma-ray bursts and supernovae,0,2025
https://openalex.org/W1971316877,2014,"HYPERCRITICAL ACCRETION, INDUCED GRAVITATIONAL COLLAPSE, AND BINARY-DRIVEN HYPERNOVAE",gamma_ray_bursts_and_supernovae,Astronomy and Astrophysics,63203493,63203493,0,,W1971316877,10.1088/2041-8205/793/2/l36,96,59,openalex_v3_query_core,0,,strict,Gamma-ray bursts and supernovae,63203493,Gamma-ray bursts and supernovae,Gamma-ray bursts and supernovae,0,2025
https://openalex.org/W2001333770,2014,PROBING THE COSMIC GAMMA-RAY BURST RATE WITH TRIGGER SIMULATIONS OF THE SWIFT BURST ALERT TELESCOPE,gamma_ray_bursts_and_supernovae,Astronomy and Astrophysics,63203493,63203493,0,,W2001333770,10.1088/0004-637x/783/1/24,96,76,openalex_v3_query_core,0,,strict,Gamma-ray bursts and supernovae,63203493,Gamma-ray bursts and supernovae,Gamma-ray bursts and supernovae,0,2025
https://openalex.org/W4290042685,2015,VLT/X-Shooter spectroscopy of the afterglow of the<i>Swift</i>GRB 130606A,gamma_ray_bursts_and_supernovae,Astronomy and Astrophysics,63203493,63203493,0,,W4290042685,10.1051/0004-6361/201425001,96,108,openalex_v3_query_core,0,,strict,Gamma-ray bursts and supernovae,63203493,Gamma-ray bursts and supernovae,Gamma-ray bursts and supernovae,0,2025
https://openalex.org/W2610725191,2017,The Fate of Neutron Star Binary Mergers,gamma_ray_bursts_and_supernovae,Astronomy and Astrophysics,60973087,60973087,0,,W2610725191,10.3847/2041-8213/aa7f2f,96,154,openalex_v3_query_core,0,,strict,Pulsars and Gravitational Waves Research,60973087,Pulsars and Gravitational Waves Research,Pulsars and Gravitational Waves Research,0,2025
https://openalex.org/W2888226404,2018,ASASSN-18ey: The Rise of a New Black Hole X-Ray Binary,gamma_ray_bursts_and_supernovae,Astronomy and Astrophysics,61024309,61024309,0,,W2888226404,10.3847/2041-8213/aae88a,96,35,openalex_v3_query_core,0,,strict,Astrophysical Phenomena and Observations,61024309,Astrophysical Phenomena and Observations,Astrophysical Phenomena and Observations,0,2025
https://openalex.org/W2941627720,2019,The new frontier of gravitational waves,gamma_ray_bursts_and_supernovae,Astronomy and Astrophysics,60973087,60973087,0,,W2941627720,10.1038/s41586-019-1129-z,96,107,openalex_v3_query_core,0,,strict,Pulsars and Gravitational Waves Research,60973087,Pulsars and Gravitational Waves Research,Pulsars and Gravitational Waves Research,0,2025
https://openalex.org/W3104208956,2020,Robust cosmological constraints on axion-like particles,gamma_ray_bursts_and_supernovae,Nuclear and High Energy Physics,63152924,63152924,0,,W3104208956,,96,80,openalex_v3_query_core,0,,strict,Dark Matter and Cosmic Phenomena,63152924,Dark Matter and Cosmic Phenomena,Dark Matter and Cosmic Phenomena,0,2025
https://openalex.org/W3097335879,2021,SNEWS 2.0: a next-generation supernova early warning system for multi-messenger astronomy,gamma_ray_bursts_and_supernovae,Nuclear and High Energy Physics,61058366,61058366,0,,W3097335879,10.1088/1367-2630/abde33,96,172,openalex_v3_query_core,0,,strict,Neutrino Physics Research,61058366,Neutrino Physics Research,Neutrino Physics Research,0,2025
https://openalex.org/W1985665565,1998,Identifying the Environment and Redshift of Gamma‐Ray Burst Afterglows from the Time Dependence of Their Absorption Spectra,gamma_ray_bursts_and_supernovae,Astronomy and Astrophysics,63203493,63203493,0,,W1985665565,10.1086/305865,95,25,openalex_v3_query_core,0,,strict,Gamma-ray bursts and supernovae,63203493,Gamma-ray bursts and supernovae,Gamma-ray bursts and supernovae,0,2025
https://openalex.org/W2065626648,2012,The characterization of Virgo data and its impact on gravitational-wave searches,gamma_ray_bursts_and_supernovae,Astronomy and Astrophysics,60973087,60973087,0,,W2065626648,10.1088/0264-9381/29/15/155002,95,87,openalex_v3_query_core,0,,strict,Pulsars and Gravitational Waves Research,60973087,Pulsars and Gravitational Waves Research,Pulsars and Gravitational Waves Research,0,2025
https://openalex.org/W2017635098,2014,Reionization and beyond: detecting the peaks of the cosmological 21 cm signal,gamma_ray_bursts_and_supernovae,Astronomy and Astrophysics,65469135,65469135,0,,W2017635098,10.1093/mnras/stu125,95,92,openalex_v3_query_core,0,,strict,Radio Astronomy Observations and Technology,65469135,Radio Astronomy Observations and Technology,Radio Astronomy Observations and Technology,0,2025
https://openalex.org/W2089932720,2014,CONSTRAINTS ON THE PROGENITOR SYSTEM AND THE ENVIRONS OF SN 2014J FROM DEEP RADIO OBSERVATIONS,gamma_ray_bursts_and_supernovae,Astronomy and Astrophysics,63203493,63203493,0,,W2089932720,10.1088/0004-637x/792/1/38,95,82,openalex_v3_query_core,0,,strict,Gamma-ray bursts and supernovae,63203493,Gamma-ray bursts and supernovae,Gamma-ray bursts and supernovae,0,2025
https://openalex.org/W2162479351,2014,SN2014J gamma rays from the<sup>56</sup>Ni decay chain,gamma_ray_bursts_and_supernovae,Astronomy and Astrophysics,63203493,63203493,0,,W2162479351,10.1051/0004-6361/201424991,95,24,openalex_v3_query_core,0,,strict,Gamma-ray bursts and supernovae,63203493,Gamma-ray bursts and supernovae,Gamma-ray bursts and supernovae,0,2025
https://openalex.org/W1560115845,2015,EXTRAGALACTIC SYNCHROTRON TRANSIENTS IN THE ERA OF WIDE-FIELD RADIO SURVEYS. I. DETECTION RATES AND LIGHT CURVE CHARACTERISTICS,gamma_ray_bursts_and_supernovae,Astronomy and Astrophysics,63203493,63203493,0,,W1560115845,10.1088/0004-637x/806/2/224,95,163,openalex_v3_query_core,0,,strict,Gamma-ray bursts and supernovae,63203493,Gamma-ray bursts and supernovae,Gamma-ray bursts and supernovae,0,2025
https://openalex.org/W2946307491,2019,Listening to the sound of dark sector interactions with gravitational wave standard sirens,gamma_ray_bursts_and_supernovae,Astronomy and Astrophysics,60904838,60904838,0,,W2946307491,10.1088/1475-7516/2019/07/037,95,180,openalex_v3_query_core,0,,strict,Cosmology and Gravitation Theories,60904838,Cosmology and Gravitation Theories,Cosmology and Gravitation Theories,0,2025
https://openalex.org/W1990487813,2004,Detection possibility of the pair-annihilation neutrinos from the neutrino-cooled pre-supernova star,gamma_ray_bursts_and_supernovae,Nuclear and High Energy Physics,61058366,61058366,0,,W1990487813,10.1016/j.astropartphys.2004.02.002,94,39,openalex_v3_query_core,0,,strict,Neutrino Physics Research,61058366,Neutrino Physics Research,Neutrino Physics Research,0,2025
https://openalex.org/W2008698617,2004,SN Ib 1990I: Clumping and dust in the ejecta?,gamma_ray_bursts_and_supernovae,Astronomy and Astrophysics,63203493,63203493,0,,W2008698617,10.1051/0004-6361:20041318,94,50,openalex_v3_query_core,0,,strict,Gamma-ray bursts and supernovae,63203493,Gamma-ray bursts and supernovae,Gamma-ray bursts and supernovae,0,2025
https://openalex.org/W2015335665,2006,The stability of toroidal fields in stars,gamma_ray_bursts_and_supernovae,Astronomy and Astrophysics,60904056,60904056,0,,W2015335665,10.1051/0004-6361:20041282,94,23,openalex_v3_query_core,0,,strict,"Stellar, planetary, and galactic studies",60904056,"Stellar, planetary, and galactic studies","Stellar, planetary, and galactic studies",0,2025
https://openalex.org/W2156280818,2009,High mass of the type IIP supernova 2004et inferred from hydrodynamic modeling,gamma_ray_bursts_and_supernovae,Astronomy and Astrophysics,63203493,63203493,0,,W2156280818,10.1051/0004-6361/200912273,94,31,openalex_v3_query_core,0,,strict,Gamma-ray bursts and supernovae,63203493,Gamma-ray bursts and supernovae,Gamma-ray bursts and supernovae,0,2025
https://openalex.org/W1977448094,2010,The environments of short-duration gamma-ray bursts and implications for their progenitors,gamma_ray_bursts_and_supernovae,Astronomy and Astrophysics,63203493,63203493,0,,W1977448094,10.1016/j.newar.2010.10.001,94,103,openalex_v3_query_core,0,,strict,Gamma-ray bursts and supernovae,63203493,Gamma-ray bursts and supernovae,Gamma-ray bursts and supernovae,0,2025
https://openalex.org/W1728135287,2012,Non-thermal insights on mass and energy flows through the Galactic Centre and into the Fermi bubbles,gamma_ray_bursts_and_supernovae,Astronomy and Astrophysics,60973222,60973222,0,,W1728135287,10.1111/j.1365-2966.2012.21149.x,94,237,openalex_v3_query_core,0,,strict,Astrophysics and Star Formation Studies,60973222,Astrophysics and Star Formation Studies,Astrophysics and Star Formation Studies,0,2025
https://openalex.org/W2186875491,2015,Measuring dark energy with the<i>E</i><sub>iso</sub>–<i>E</i><sub>p</sub>correlation of gamma-ray bursts using model-independent methods,gamma_ray_bursts_and_supernovae,Astronomy and Astrophysics,63203493,63203493,0,,W2186875491,10.1051/0004-6361/201526485,94,70,openalex_v3_query_core,0,,strict,Gamma-ray bursts and supernovae,63203493,Gamma-ray bursts and supernovae,Gamma-ray bursts and supernovae,0,2025
https://openalex.org/W2345408186,2016,First targeted search for gravitational-wave bursts from core-collapse supernovae in data of first-generation laser interferometer detectors,gamma_ray_bursts_and_supernovae,Astronomy and Astrophysics,63203493,63203493,0,,W2345408186,10.1103/physrevd.94.102001,94,193,openalex_v3_query_core,0,,strict,Gamma-ray bursts and supernovae,63203493,Gamma-ray bursts and supernovae,Gamma-ray bursts and supernovae,0,2025
https://openalex.org/W2510713096,2016,Model-independent inference on compact-binary observations,gamma_ray_bursts_and_supernovae,Astronomy and Astrophysics,60973087,60973087,0,,W2510713096,10.1093/mnras/stw2883,94,75,openalex_v3_query_core,0,,strict,Pulsars and Gravitational Waves Research,60973087,Pulsars and Gravitational Waves Research,Pulsars and Gravitational Waves Research,0,2025
https://openalex.org/W2962679303,2020,Gravitational wave probes of dark matter: challenges and opportunities,gamma_ray_bursts_and_supernovae,Nuclear and High Energy Physics,63152924,63152924,0,,W2962679303,10.21468/scipostphyscore.3.2.007,94,296,openalex_v3_query_core,0,,strict,Dark Matter and Cosmic Phenomena,63152924,Dark Matter and Cosmic Phenomena,Dark Matter and Cosmic Phenomena,0,2025
https://openalex.org/W3111699493,2021,"New equations of state constrained by nuclear physics, observations, and QCD calculations of high-density nuclear matter",gamma_ray_bursts_and_supernovae,Astronomy and Astrophysics,60973087,60973087,0,,W3111699493,10.1103/physrevc.103.025803,94,113,openalex_v3_query_core,0,,strict,Pulsars and Gravitational Waves Research,60973087,Pulsars and Gravitational Waves Research,Pulsars and Gravitational Waves Research,0,2025
https://openalex.org/W3183552478,2021,"HiPERCAM: a quintuple-beam, high-speed optical imager on the 10.4-m Gran Telescopio Canarias",gamma_ray_bursts_and_supernovae,Astronomy and Astrophysics,60904056,60904056,0,,W3183552478,10.1093/mnras/stab2130,94,51,openalex_v3_query_core,0,,strict,"Stellar, planetary, and galactic studies",60904056,"Stellar, planetary, and galactic studies","Stellar, planetary, and galactic studies",0,2025
https://openalex.org/W3102132568,2003,The Type Ic Hypernova SN 2003dh/GRB 030329,gamma_ray_bursts_and_supernovae,Astronomy and Astrophysics,63203493,63203493,0,,W3102132568,,93,20,openalex_v3_query_core,0,,strict,Gamma-ray bursts and supernovae,63203493,Gamma-ray bursts and supernovae,Gamma-ray bursts and supernovae,0,2025
https://openalex.org/W1975750412,2004,Magneto‐driven Shock Waves in Core‐Collapse Supernovae,gamma_ray_bursts_and_supernovae,Astronomy and Astrophysics,63203493,63203493,0,,W1975750412,10.1086/424993,93,52,openalex_v3_query_core,0,,strict,Gamma-ray bursts and supernovae,63203493,Gamma-ray bursts and supernovae,Gamma-ray bursts and supernovae,0,2025
https://openalex.org/W2112586259,2004,On the Afterglow of the X‐Ray Flash of 2003 July 23: Photometric Evidence for an Off‐Axis Gamma‐Ray Burst with an Associated Supernova?,gamma_ray_bursts_and_supernovae,Astronomy and Astrophysics,63203493,63203493,0,,W2112586259,10.1086/421260,93,76,openalex_v3_query_core,0,,strict,Gamma-ray bursts and supernovae,63203493,Gamma-ray bursts and supernovae,Gamma-ray bursts and supernovae,0,2025
https://openalex.org/W2153315491,2013,On the nature of the ‘hostless’ short GRBs,gamma_ray_bursts_and_supernovae,Astronomy and Astrophysics,63203493,63203493,0,,W2153315491,10.1093/mnras/stt1975,93,112,openalex_v3_query_core,0,,strict,Gamma-ray bursts and supernovae,63203493,Gamma-ray bursts and supernovae,Gamma-ray bursts and supernovae,0,2025
https://openalex.org/W3103516630,2013,VAST: An ASKAP Survey for Variables and Slow Transients,gamma_ray_bursts_and_supernovae,Nuclear and High Energy Physics,61041081,61041081,0,,W3103516630,,93,249,openalex_v3_query_core,0,,strict,Astrophysics and Cosmic Phenomena,61041081,Astrophysics and Cosmic Phenomena,Astrophysics and Cosmic Phenomena,0,2025
https://openalex.org/W2933102101,2019,Detailed dust modelling in the L-Galaxies semi-analytic model of galaxy formation,gamma_ray_bursts_and_supernovae,Astronomy and Astrophysics,60903922,60903922,0,,W2933102101,10.1093/mnras/stz1948,93,127,openalex_v3_query_core,0,,strict,"Galaxies: Formation, Evolution, Phenomena",60903922,"Galaxies: Formation, Evolution, Phenomena","Galaxies: Formation, Evolution, Phenomena",0,2025
https://openalex.org/W3091383350,2020,"The X-Ray Fundamental Plane of the Platinum Sample, the Kilonovae, and the SNe Ib/c Associated with GRBs",gamma_ray_bursts_and_supernovae,Astronomy and Astrophysics,63203493,63203493,0,,W3091383350,10.3847/1538-4357/abbe8a,93,92,openalex_v3_query_core,0,,strict,Gamma-ray bursts and supernovae,63203493,Gamma-ray bursts and supernovae,Gamma-ray bursts and supernovae,0,2025
https://openalex.org/W3103728616,2021,The 60 pc Environment of FRB 20180916B,gamma_ray_bursts_and_supernovae,Astronomy and Astrophysics,63203493,63203493,0,,W3103728616,10.3847/2041-8213/abdb38,93,91,openalex_v3_query_core,0,,strict,Gamma-ray bursts and supernovae,63203493,Gamma-ray bursts and supernovae,Gamma-ray bursts and supernovae,0,2025
https://openalex.org/W3128328605,2021,Direct measurements of neutrino mass,gamma_ray_bursts_and_supernovae,Nuclear and High Energy Physics,61058366,61058366,0,,W3128328605,10.1016/j.physrep.2021.02.002,93,341,openalex_v3_query_core,0,,strict,Neutrino Physics Research,61058366,Neutrino Physics Research,Neutrino Physics Research,0,2025
https://openalex.org/W3174668771,2021,Simulating Groups and the IntraGroup Medium: The Surprisingly Complex and Rich Middle Ground between Clusters and Galaxies,gamma_ray_bursts_and_supernovae,Astronomy and Astrophysics,60903922,60903922,0,,W3174668771,10.3390/universe7070209,93,542,openalex_v3_query_core,0,,strict,"Galaxies: Formation, Evolution, Phenomena",60903922,"Galaxies: Formation, Evolution, Phenomena","Galaxies: Formation, Evolution, Phenomena",0,2025
https://openalex.org/W2129057011,2002,Implications of Cosmological Gamma-Ray Absorption - I.Evolution of the Metagalactic Radiation Field,gamma_ray_bursts_and_supernovae,Nuclear and High Energy Physics,61041081,61041081,0,,W2129057011,10.48550/arxiv.astro-ph/0202104,92,62,openalex_v3_query_core,0,,strict,Astrophysics and Cosmic Phenomena,61041081,Astrophysics and Cosmic Phenomena,Astrophysics and Cosmic Phenomena,0,2025
https://openalex.org/W3099944319,2003,Evidence for supernova signatures in the spectrum of the late-time bump of the optical afterglow of GRB 021211,gamma_ray_bursts_and_supernovae,Astronomy and Astrophysics,63203493,63203493,0,,W3099944319,10.1051/0004-6361:20030855/pdf,92,36,openalex_v3_query_core,0,,strict,Gamma-ray bursts and supernovae,63203493,Gamma-ray bursts and supernovae,Gamma-ray bursts and supernovae,0,2025
https://openalex.org/W2118245940,2004,The late-time light curve of the type Ia supernova 2000cx,gamma_ray_bursts_and_supernovae,Astronomy and Astrophysics,63203493,63203493,0,,W2118245940,10.1051/0004-6361:20041320,92,59,openalex_v3_query_core,0,,strict,Gamma-ray bursts and supernovae,63203493,Gamma-ray bursts and supernovae,Gamma-ray bursts and supernovae,0,2025
https://openalex.org/W2077293342,2009,TYPE Ib SUPERNOVA 2008D ASSOCIATED WITH THE LUMINOUS X-RAY TRANSIENT 080109: AN ENERGETIC EXPLOSION OF A MASSIVE HELIUM STAR,gamma_ray_bursts_and_supernovae,Astronomy and Astrophysics,63203493,63203493,0,,W2077293342,10.1088/0004-637x/692/2/1131,92,56,openalex_v3_query_core,0,,strict,Gamma-ray bursts and supernovae,63203493,Gamma-ray bursts and supernovae,Gamma-ray bursts and supernovae,0,2025
https://openalex.org/W2014336902,2013,Slope evolution of GRB correlations and cosmology,gamma_ray_bursts_and_supernovae,Astronomy and Astrophysics,63203493,63203493,0,,W2014336902,10.1093/mnras/stt1516,92,56,openalex_v3_query_core,0,,strict,Gamma-ray bursts and supernovae,63203493,Gamma-ray bursts and supernovae,Gamma-ray bursts and supernovae,0,2025
https://openalex.org/W1966071831,2014,Measuring the angular momentum distribution in core-collapse supernova progenitors with gravitational waves,gamma_ray_bursts_and_supernovae,Astronomy and Astrophysics,60973087,60973087,0,,W1966071831,10.1103/physrevd.90.044001,92,113,openalex_v3_query_core,0,,strict,Pulsars and Gravitational Waves Research,60973087,Pulsars and Gravitational Waves Research,Pulsars and Gravitational Waves Research,0,2025
https://openalex.org/W2767710947,2018,Tidally disrupted stars as a possible origin of both cosmic rays and neutrinos at the highest energies,gamma_ray_bursts_and_supernovae,Nuclear and High Energy Physics,61041081,61041081,0,,W2767710947,10.1038/s41598-018-29022-4,92,108,openalex_v3_query_core,0,,strict,Astrophysics and Cosmic Phenomena,61041081,Astrophysics and Cosmic Phenomena,Astrophysics and Cosmic Phenomena,0,2025
https://openalex.org/W2783087119,2018,On the Observability of Individual Population III Stars and Their Stellar-mass Black Hole Accretion Disks through Cluster Caustic Transits,gamma_ray_bursts_and_supernovae,Astronomy and Astrophysics,60973222,60973222,0,,W2783087119,10.3847/1538-4365/aaa760,92,208,openalex_v3_query_core,0,,strict,Astrophysics and Star Formation Studies,60973222,Astrophysics and Star Formation Studies,Astrophysics and Star Formation Studies,0,2025
https://openalex.org/W2809820731,2018,Mining gravitational-wave catalogs to understand binary stellar evolution: A new hierarchical Bayesian framework,gamma_ray_bursts_and_supernovae,Astronomy and Astrophysics,60973087,60973087,0,,W2809820731,10.1103/physrevd.98.083017,92,131,openalex_v3_query_core,0,,strict,Pulsars and Gravitational Waves Research,60973087,Pulsars and Gravitational Waves Research,Pulsars and Gravitational Waves Research,0,2025
https://openalex.org/W2909593478,2019,Are long gamma-ray bursts biased tracers of star formation? Clues from the host galaxies of the <i>Swift</i>/BAT6 complete sample of bright LGRBs,gamma_ray_bursts_and_supernovae,Astronomy and Astrophysics,63203493,63203493,0,,W2909593478,10.1051/0004-6361/201834179,92,169,openalex_v3_query_core,0,,strict,Gamma-ray bursts and supernovae,63203493,Gamma-ray bursts and supernovae,Gamma-ray bursts and supernovae,0,2025
https://openalex.org/W2924606173,2019,A New Measurement of the Hubble Constant and Matter Content of the Universe Using Extragalactic Background Light γ-Ray Attenuation,gamma_ray_bursts_and_supernovae,Nuclear and High Energy Physics,61041081,61041081,0,,W2924606173,10.3847/1538-4357/ab4a0e,92,77,openalex_v3_query_core,0,,strict,Astrophysics and Cosmic Phenomena,61041081,Astrophysics and Cosmic Phenomena,Astrophysics and Cosmic Phenomena,0,2025
https://openalex.org/W3134713999,2021,"coherent WaveBurst, a pipeline for unmodeled gravitational-wave data analysis",gamma_ray_bursts_and_supernovae,Astronomy and Astrophysics,60973087,60973087,0,,W3134713999,10.1016/j.softx.2021.100678,92,55,openalex_v3_query_core,0,,strict,Pulsars and Gravitational Waves Research,60973087,Pulsars and Gravitational Waves Research,Pulsars and Gravitational Waves Research,0,2025
https://openalex.org/W2167746834,2004,The runaway instability of thick discs around black holes - II. Non-constant angular momentum discs,gamma_ray_bursts_and_supernovae,Astronomy and Astrophysics,61024309,61024309,0,,W2167746834,10.1111/j.1365-2966.2004.07547.x,91,77,openalex_v3_query_core,0,,strict,Astrophysical Phenomena and Observations,61024309,Astrophysical Phenomena and Observations,Astrophysical Phenomena and Observations,0,2025
https://openalex.org/W2076831772,2011,Long gravitational-wave transients and associated detection strategies for a network of terrestrial interferometers,gamma_ray_bursts_and_supernovae,Astronomy and Astrophysics,60973087,60973087,0,,W2076831772,10.1103/physrevd.83.083004,91,138,openalex_v3_query_core,0,,strict,Pulsars and Gravitational Waves Research,60973087,Pulsars and Gravitational Waves Research,Pulsars and Gravitational Waves Research,0,2025
https://openalex.org/W2761399559,2013,MEASURING COSMOLOGICAL PARAMETERS WITH GAMMA RAY BURSTS,gamma_ray_bursts_and_supernovae,Astronomy and Astrophysics,63203493,63203493,0,,W2761399559,10.1142/s0218271813300280,91,69,openalex_v3_query_core,0,,strict,Gamma-ray bursts and supernovae,63203493,Gamma-ray bursts and supernovae,Gamma-ray bursts and supernovae,0,2025
https://openalex.org/W2022119466,2014,Probing cosmic ray ion acceleration with radio-submm and gamma-ray emission from interaction-powered supernovae,gamma_ray_bursts_and_supernovae,Nuclear and High Energy Physics,61041081,61041081,0,,W2022119466,10.1093/mnras/stu384,91,106,openalex_v3_query_core,0,,strict,Astrophysics and Cosmic Phenomena,61041081,Astrophysics and Cosmic Phenomena,Astrophysics and Cosmic Phenomena,0,2025
https://openalex.org/W2968688944,2019,Direct test of the FLRW metric from strongly lensed gravitational wave observations,gamma_ray_bursts_and_supernovae,Astronomy and Astrophysics,60973087,60973087,0,,W2968688944,10.1038/s41598-019-47616-4,91,96,openalex_v3_query_core,0,,strict,Pulsars and Gravitational Waves Research,60973087,Pulsars and Gravitational Waves Research,Pulsars and Gravitational Waves Research,0,2025
https://openalex.org/W3105515078,2019,Constraining mixing in massive stars in the Small Magellanic Cloud,gamma_ray_bursts_and_supernovae,Astronomy and Astrophysics,60904056,60904056,0,,W3105515078,10.1051/0004-6361/201935046/pdf,91,105,openalex_v3_query_core,0,,strict,"Stellar, planetary, and galactic studies",60904056,"Stellar, planetary, and galactic studies","Stellar, planetary, and galactic studies",0,2025
https://openalex.org/W3007409469,2020,Be X-ray binaries in the SMC as indicators of mass-transfer efficiency,gamma_ray_bursts_and_supernovae,Astronomy and Astrophysics,61024309,61024309,0,,W3007409469,10.1093/mnras/staa2177,91,175,openalex_v3_query_core,0,,strict,Astrophysical Phenomena and Observations,61024309,Astrophysical Phenomena and Observations,Astrophysical Phenomena and Observations,0,2025
https://openalex.org/W4384818571,2023,Carbonaceous dust grains seen in the first billion years of cosmic time,gamma_ray_bursts_and_supernovae,Astronomy and Astrophysics,60973222,60973222,0,,W4384818571,10.1038/s41586-023-06413-w,91,112,openalex_v3_query_core,0,,strict,Astrophysics and Star Formation Studies,60973222,Astrophysics and Star Formation Studies,Astrophysics and Star Formation Studies,0,2025
https://openalex.org/W2163160765,2006,Optical Emission from Aspherical Supernovae and the Hypernova SN 1998bw,gamma_ray_bursts_and_supernovae,Astronomy and Astrophysics,63203493,63203493,0,,W2163160765,10.1086/504581,90,64,openalex_v3_query_core,0,,strict,Gamma-ray bursts and supernovae,63203493,Gamma-ray bursts and supernovae,Gamma-ray bursts and supernovae,0,2025
https://openalex.org/W1687099926,2015,Structure of gamma-ray burst jets: intrinsic versus apparent properties,gamma_ray_bursts_and_supernovae,Astronomy and Astrophysics,63203493,63203493,0,,W1687099926,10.1093/mnras/stv766,90,93,openalex_v3_query_core,0,,strict,Gamma-ray bursts and supernovae,63203493,Gamma-ray bursts and supernovae,Gamma-ray bursts and supernovae,0,2025
https://openalex.org/W2762103380,2017,The unpolarized macronova associated with the gravitational wave event GW 170817,gamma_ray_bursts_and_supernovae,Astronomy and Astrophysics,63203493,63203493,0,,W2762103380,10.1038/s41550-017-0285-z,90,50,openalex_v3_query_core,0,,strict,Gamma-ray bursts and supernovae,63203493,Gamma-ray bursts and supernovae,Gamma-ray bursts and supernovae,0,2025
https://openalex.org/W2951036135,2020,"Explosions Driven by the Coalescence of a Compact Object with the Core of a Massive-star Companion inside a Common Envelope: Circumstellar Properties, Light Curves, and Population Statistics",gamma_ray_bursts_and_supernovae,Astronomy and Astrophysics,63203493,63203493,0,,W2951036135,10.3847/1538-4357/ab7014,90,217,openalex_v3_query_core,0,,strict,Gamma-ray bursts and supernovae,63203493,Gamma-ray bursts and supernovae,Gamma-ray bursts and supernovae,0,2025
https://openalex.org/W2982366410,2021,Novel Probes Project: Tests of gravity on astrophysical scales,gamma_ray_bursts_and_supernovae,Astronomy and Astrophysics,60904838,60904838,0,,W2982366410,10.1103/revmodphys.93.015003,90,709,openalex_v3_query_core,0,,strict,Cosmology and Gravitation Theories,60904838,Cosmology and Gravitation Theories,Cosmology and Gravitation Theories,0,2025
https://openalex.org/W2119966327,2005,The GRB 030329 host: a blue low metallicity subluminous galaxy with intense star formation,gamma_ray_bursts_and_supernovae,Astronomy and Astrophysics,63203493,63203493,0,,W2119966327,10.1051/0004-6361:20052768,89,74,openalex_v3_query_core,0,,strict,Gamma-ray bursts and supernovae,63203493,Gamma-ray bursts and supernovae,Gamma-ray bursts and supernovae,0,2025
https://openalex.org/W1914299562,2012,"PTF10iya: a short-lived, luminous flare from the nuclear region of a star-forming galaxy",gamma_ray_bursts_and_supernovae,Astronomy and Astrophysics,61024309,61024309,0,,W1914299562,10.1111/j.1365-2966.2011.20240.x,89,126,openalex_v3_query_core,0,,strict,Astrophysical Phenomena and Observations,61024309,Astrophysical Phenomena and Observations,Astrophysical Phenomena and Observations,0,2025
https://openalex.org/W3099655612,2016,Early-Time Light Curves Of Type Ib/c Supernovae From The SDSS-II Supernova Survey,gamma_ray_bursts_and_supernovae,Astronomy and Astrophysics,63203493,63203493,0,,W3099655612,10.15781/t2mn6g,89,158,openalex_v3_query_core,0,,strict,Gamma-ray bursts and supernovae,63203493,Gamma-ray bursts and supernovae,Gamma-ray bursts and supernovae,0,2025
https://openalex.org/W2796504926,2018,PUSHing Core-collapse Supernovae to Explosions in Spherical Symmetry. II. Explodability and Remnant Properties,gamma_ray_bursts_and_supernovae,Astronomy and Astrophysics,63203493,63203493,0,,W2796504926,10.3847/1538-4357/aae7c9,89,117,openalex_v3_query_core,0,,strict,Gamma-ray bursts and supernovae,63203493,Gamma-ray bursts and supernovae,Gamma-ray bursts and supernovae,0,2025
https://openalex.org/W2883376049,2018,Non-standard <i>s</i>-process in massive rotating stars,gamma_ray_bursts_and_supernovae,Astronomy and Astrophysics,60904056,60904056,0,,W2883376049,10.1051/0004-6361/201833283,89,122,openalex_v3_query_core,0,,strict,"Stellar, planetary, and galactic studies",60904056,"Stellar, planetary, and galactic studies","Stellar, planetary, and galactic studies",0,2025
https://openalex.org/W2884667784,2018,"The DUNE Far Detector Interim Design Report Volume 1: Physics, Technology and Strategies",gamma_ray_bursts_and_supernovae,Nuclear and High Energy Physics,60904186,60904186,0,,W2884667784,10.2172/1529363,89,108,openalex_v3_query_core,0,,strict,Particle physics theoretical and experimental studies,60904186,Particle physics theoretical and experimental studies,Particle physics theoretical and experimental studies,0,2025
https://openalex.org/W2900406271,2018,Co-extinctions annihilate planetary life during extreme environmental change,gamma_ray_bursts_and_supernovae,Sociology and Political Science,63186724,63186724,0,,W2900406271,10.1038/s41598-018-35068-1,89,42,openalex_v3_query_core,0,,strict,Evolutionary Game Theory and Cooperation,63186724,Evolutionary Game Theory and Cooperation,Evolutionary Game Theory and Cooperation,0,2025
https://openalex.org/W2160458764,2005,Search for gravitational waves associated with the gamma ray burst GRB030329 using the LIGO detectors,gamma_ray_bursts_and_supernovae,Astronomy and Astrophysics,63203493,63203493,0,,W2160458764,10.1103/physrevd.72.042002,88,67,openalex_v3_query_core,0,,strict,Gamma-ray bursts and supernovae,63203493,Gamma-ray bursts and supernovae,Gamma-ray bursts and supernovae,0,2025
https://openalex.org/W1981412015,2007,The nature of the dwarf starforminggalaxy associated with GRB 060218/SN 2006aj,gamma_ray_bursts_and_supernovae,Astronomy and Astrophysics,63203493,63203493,0,,W1981412015,10.1051/0004-6361:20066273,88,92,openalex_v3_query_core,0,,strict,Gamma-ray bursts and supernovae,63203493,Gamma-ray bursts and supernovae,Gamma-ray bursts and supernovae,0,2025
https://openalex.org/W1553648889,2013,<i>Colloquium</i>: Multimessenger astronomy with gravitational waves and high-energy neutrinos,gamma_ray_bursts_and_supernovae,Nuclear and High Energy Physics,61041081,61041081,0,,W1553648889,10.1103/revmodphys.85.1401,88,292,openalex_v3_query_core,0,,strict,Astrophysics and Cosmic Phenomena,61041081,Astrophysics and Cosmic Phenomena,Astrophysics and Cosmic Phenomena,0,2025
https://openalex.org/W4301669432,2014,A trio of gamma-ray burst supernovae:,gamma_ray_bursts_and_supernovae,Astronomy and Astrophysics,63203493,63203493,0,,W4301669432,10.1051/0004-6361/201423920,88,149,openalex_v3_query_core,0,,strict,Gamma-ray bursts and supernovae,63203493,Gamma-ray bursts and supernovae,Gamma-ray bursts and supernovae,0,2025
https://openalex.org/W2115182285,2015,The LOFAR Transients Pipeline,gamma_ray_bursts_and_supernovae,Astronomy and Astrophysics,65469135,65469135,0,,W2115182285,10.1016/j.ascom.2015.03.002,88,140,openalex_v3_query_core,0,,strict,Radio Astronomy Observations and Technology,65469135,Radio Astronomy Observations and Technology,Radio Astronomy Observations and Technology,0,2025
https://openalex.org/W2112334436,1999,Iron line in the afterglow: a key to unveil gamma-ray burst progenitors,gamma_ray_bursts_and_supernovae,Astronomy and Astrophysics,63203493,63203493,0,,W2112334436,10.1046/j.1365-8711.1999.02517.x,87,27,openalex_v3_query_core,0,,strict,Gamma-ray bursts and supernovae,63203493,Gamma-ray bursts and supernovae,Gamma-ray bursts and supernovae,0,2025
https://openalex.org/W2142621334,2003,The unusual supernova remnant surrounding the ultraluminous X-ray source IC 342 X-1,gamma_ray_bursts_and_supernovae,Astronomy and Astrophysics,61024309,61024309,0,,W2142621334,10.1046/j.1365-8711.2003.06593.x,87,40,openalex_v3_query_core,0,,strict,Astrophysical Phenomena and Observations,61024309,Astrophysical Phenomena and Observations,Astrophysical Phenomena and Observations,0,2025
https://openalex.org/W1994800505,2004,<i>Chandra</i>Observations of the X‐Ray Environs of SN 1998bw/GRB 980425,gamma_ray_bursts_and_supernovae,Astronomy and Astrophysics,63203493,63203493,0,,W1994800505,10.1086/420878,87,79,openalex_v3_query_core,0,,strict,Gamma-ray bursts and supernovae,63203493,Gamma-ray bursts and supernovae,Gamma-ray bursts and supernovae,0,2025
https://openalex.org/W2043553045,2010,Possible Origins of Dispersion of the Peak Energy–Brightness Correlations of Gamma-Ray Bursts,gamma_ray_bursts_and_supernovae,Astronomy and Astrophysics,63203493,63203493,0,,W2043553045,10.1093/pasj/62.6.1495,87,57,openalex_v3_query_core,0,,strict,Gamma-ray bursts and supernovae,63203493,Gamma-ray bursts and supernovae,Gamma-ray bursts and supernovae,0,2025
https://openalex.org/W1976228239,2015,Neutrino and cosmic-ray emission from multiple internal shocks in gamma-ray bursts,gamma_ray_bursts_and_supernovae,Astronomy and Astrophysics,63203493,63203493,0,,W1976228239,10.1038/ncomms7783,87,89,openalex_v3_query_core,0,,strict,Gamma-ray bursts and supernovae,63203493,Gamma-ray bursts and supernovae,Gamma-ray bursts and supernovae,0,2025
https://openalex.org/W1984626645,2015,THE BROAD-LINED Type Ic SN 2012ap AND THE NATURE OF RELATIVISTIC SUPERNOVAE LACKING A GAMMA-RAY BURST DETECTION,gamma_ray_bursts_and_supernovae,Astronomy and Astrophysics,63203493,63203493,0,,W1984626645,10.1088/0004-637x/799/1/51,87,224,openalex_v3_query_core,0,,strict,Gamma-ray bursts and supernovae,63203493,Gamma-ray bursts and supernovae,Gamma-ray bursts and supernovae,0,2025
https://openalex.org/W3123262349,2016,Implementation And Testing Of The First Prompt Search For Gravitational Wave Transients With Electromagnetic Counterparts,gamma_ray_bursts_and_supernovae,Astronomy and Astrophysics,60973087,60973087,0,,W3123262349,10.15781/t2fb8k,87,116,openalex_v3_query_core,0,,strict,Pulsars and Gravitational Waves Research,60973087,Pulsars and Gravitational Waves Research,Pulsars and Gravitational Waves Research,0,2025
https://openalex.org/W3154052373,2016,The Transiting Exoplanet Survey Satellite,gamma_ray_bursts_and_supernovae,Astronomy and Astrophysics,60904056,60904056,0,,W3154052373,10.1117/12.2232071,87,65,openalex_v3_query_core,0,,strict,"Stellar, planetary, and galactic studies",60904056,"Stellar, planetary, and galactic studies","Stellar, planetary, and galactic studies",0,2025
https://openalex.org/W2590407824,2017,Numerical evolutions of spherical Proca stars,gamma_ray_bursts_and_supernovae,Astronomy and Astrophysics,60973087,60973087,0,,W2590407824,10.1103/physrevd.95.104028,87,51,openalex_v3_query_core,0,,strict,Pulsars and Gravitational Waves Research,60973087,Pulsars and Gravitational Waves Research,Pulsars and Gravitational Waves Research,0,2025
https://openalex.org/W2766921178,2018,The Diversity of Kilonova Emission in Short Gamma-Ray Bursts,gamma_ray_bursts_and_supernovae,Astronomy and Astrophysics,63203493,63203493,0,,W2766921178,10.3847/1538-4357/aac206,87,89,openalex_v3_query_core,0,,strict,Gamma-ray bursts and supernovae,63203493,Gamma-ray bursts and supernovae,Gamma-ray bursts and supernovae,0,2025
https://openalex.org/W2777595099,2018,THESEUS: A key space mission concept for Multi-Messenger Astrophysics,gamma_ray_bursts_and_supernovae,Astronomy and Astrophysics,63203493,63203493,0,,W2777595099,10.1016/j.asr.2018.04.013,87,235,openalex_v3_query_core,0,,strict,Gamma-ray bursts and supernovae,63203493,Gamma-ray bursts and supernovae,Gamma-ray bursts and supernovae,0,2025
https://openalex.org/W2789797553,2018,Searching for dark matter with neutron star mergers and quiet kilonovae,gamma_ray_bursts_and_supernovae,Astronomy and Astrophysics,63203493,63203493,0,,W2789797553,10.1103/physrevd.97.055016,87,97,openalex_v3_query_core,0,,strict,Gamma-ray bursts and supernovae,63203493,Gamma-ray bursts and supernovae,Gamma-ray bursts and supernovae,0,2025
https://openalex.org/W2891748308,2018,Primordial black hole production in inflationary models of supergravity with a single chiral superfield,gamma_ray_bursts_and_supernovae,Astronomy and Astrophysics,60904838,60904838,0,,W2891748308,10.1103/physrevd.98.063526,87,95,openalex_v3_query_core,0,,strict,Cosmology and Gravitation Theories,60904838,Cosmology and Gravitation Theories,Cosmology and Gravitation Theories,0,2025
https://openalex.org/W2940782187,2019,Double Neutron Star Populations and Formation Channels,gamma_ray_bursts_and_supernovae,Astronomy and Astrophysics,63203493,63203493,0,,W2940782187,10.3847/2041-8213/ab2ed1,87,41,openalex_v3_query_core,0,,strict,Gamma-ray bursts and supernovae,63203493,Gamma-ray bursts and supernovae,Gamma-ray bursts and supernovae,0,2025
https://openalex.org/W2968295742,2020,Astrophysics and cosmology with a decihertz gravitational-wave detector: TianGO,gamma_ray_bursts_and_supernovae,Astronomy and Astrophysics,60973087,60973087,0,,W2968295742,10.1103/physrevd.102.043001,87,205,openalex_v3_query_core,0,,strict,Pulsars and Gravitational Waves Research,60973087,Pulsars and Gravitational Waves Research,Pulsars and Gravitational Waves Research,0,2025
https://openalex.org/W3014356329,2020,Massive donors in interacting binaries: effect of metallicity,gamma_ray_bursts_and_supernovae,Astronomy and Astrophysics,60904056,60904056,0,,W3014356329,10.1051/0004-6361/202037694,87,111,openalex_v3_query_core,0,,strict,"Stellar, planetary, and galactic studies",60904056,"Stellar, planetary, and galactic studies","Stellar, planetary, and galactic studies",0,2025
https://openalex.org/W3165452707,2021,An even lighter QCD axion,gamma_ray_bursts_and_supernovae,Nuclear and High Energy Physics,63152924,63152924,0,,W3165452707,,87,136,openalex_v3_query_core,0,,strict,Dark Matter and Cosmic Phenomena,63152924,Dark Matter and Cosmic Phenomena,Dark Matter and Cosmic Phenomena,0,2025
https://openalex.org/W4307714189,2022,All-sky Medium Energy Gamma-ray Observatory eXplorer mission concept,gamma_ray_bursts_and_supernovae,Nuclear and High Energy Physics,61041081,61041081,0,,W4307714189,10.1117/1.jatis.8.4.044003,87,154,openalex_v3_query_core,0,,strict,Astrophysics and Cosmic Phenomena,61041081,Astrophysics and Cosmic Phenomena,Astrophysics and Cosmic Phenomena,0,2025
https://openalex.org/W1871987521,2002,The Type I[CLC]a[/CLC] Supernova 1999[CLC]aw[/CLC]: A Probable 1999[CLC]aa[/CLC]-like Event in a Low-Luminosity Host Galaxy,gamma_ray_bursts_and_supernovae,Astronomy and Astrophysics,63203493,63203493,0,,W1871987521,10.1086/343058,86,60,openalex_v3_query_core,0,,strict,Gamma-ray bursts and supernovae,63203493,Gamma-ray bursts and supernovae,Gamma-ray bursts and supernovae,0,2025
https://openalex.org/W1965743262,2003,The knee in the Galactic cosmic ray spectrum and variety in Supernovae,gamma_ray_bursts_and_supernovae,Nuclear and High Energy Physics,61041081,61041081,0,,W1965743262,10.1051/0004-6361:20030909,86,29,openalex_v3_query_core,0,,strict,Astrophysics and Cosmic Phenomena,61041081,Astrophysics and Cosmic Phenomena,Astrophysics and Cosmic Phenomena,0,2025
https://openalex.org/W2007714515,2007,"Interstellar-Terrestrial Relations: Variable Cosmic Environments, The Dynamic Heliosphere, and Their Imprints on Terrestrial Archives and Climate",gamma_ray_bursts_and_supernovae,Astronomy and Astrophysics,60938632,60938632,0,,W2007714515,10.1007/s11214-006-9126-6,86,385,openalex_v3_query_core,0,,strict,Solar and Space Plasma Dynamics,60938632,Solar and Space Plasma Dynamics,Solar and Space Plasma Dynamics,0,2025
https://openalex.org/W2106473077,2008,Properties of the ultraviolet flux of Type Ia supernovae: an analysis with synthetic spectra of SN 2001ep and SN 2001eh,gamma_ray_bursts_and_supernovae,Astronomy and Astrophysics,63203493,63203493,0,,W2106473077,10.1111/j.1365-2966.2008.14018.x,86,57,openalex_v3_query_core,0,,strict,Gamma-ray bursts and supernovae,63203493,Gamma-ray bursts and supernovae,Gamma-ray bursts and supernovae,0,2025
https://openalex.org/W2138063398,2008,"Search for gravitational waves associated with 39 gamma-ray bursts using data from the second, third, and fourth LIGO runs",gamma_ray_bursts_and_supernovae,Astronomy and Astrophysics,63203493,63203493,0,,W2138063398,10.1103/physrevd.77.062004,86,75,openalex_v3_query_core,0,,strict,Gamma-ray bursts and supernovae,63203493,Gamma-ray bursts and supernovae,Gamma-ray bursts and supernovae,0,2025
https://openalex.org/W1973680664,2010,<i>INTEGRAL</i>hard X-ray spectra of the cosmic X-ray background and Galactic ridge emission,gamma_ray_bursts_and_supernovae,Nuclear and High Energy Physics,61041081,61041081,0,,W1973680664,10.1051/0004-6361/200913072,86,39,openalex_v3_query_core,0,,strict,Astrophysics and Cosmic Phenomena,61041081,Astrophysics and Cosmic Phenomena,Astrophysics and Cosmic Phenomena,0,2025
https://openalex.org/W2069255589,2013,A new spherical harmonics scheme for multi-dimensional radiation transport I. Static matter configurations,gamma_ray_bursts_and_supernovae,Applied Mathematics,63151878,63151878,0,,W2069255589,10.1016/j.jcp.2013.01.048,86,64,openalex_v3_query_core,0,,strict,Gas Dynamics and Kinetic Theory,63151878,Gas Dynamics and Kinetic Theory,Gas Dynamics and Kinetic Theory,0,2025
https://openalex.org/W2901044987,2018,Photometric and Spectroscopic Properties of Type Ia Supernova 2018oh with Early Excess Emission from the Kepler 2 Observations,gamma_ray_bursts_and_supernovae,Astronomy and Astrophysics,63203493,63203493,0,,W2901044987,10.3847/1538-4357/aaec74,86,216,openalex_v3_query_core,0,,strict,Gamma-ray bursts and supernovae,63203493,Gamma-ray bursts and supernovae,Gamma-ray bursts and supernovae,0,2025
https://openalex.org/W2915375405,2019,Science Case for a Wide Field-of-View Very-High-Energy Gamma-ray Observatory in the Southern Hemisphere,gamma_ray_bursts_and_supernovae,Nuclear and High Energy Physics,61041081,61041081,0,,W2915375405,10.2172/1565800,86,13,openalex_v3_query_core,0,,strict,Astrophysics and Cosmic Phenomena,61041081,Astrophysics and Cosmic Phenomena,Astrophysics and Cosmic Phenomena,0,2025
https://openalex.org/W3011793480,2020,The impact of fallback on the compact remnants and chemical yields of core-collapse supernovae,gamma_ray_bursts_and_supernovae,Astronomy and Astrophysics,63203493,63203493,0,,W3011793480,10.1093/mnras/staa1431,86,126,openalex_v3_query_core,0,,strict,Gamma-ray bursts and supernovae,63203493,Gamma-ray bursts and supernovae,Gamma-ray bursts and supernovae,0,2025
https://openalex.org/W3041490224,2020,The impact of stellar rotation on the black hole mass-gap from pair-instability supernovae,gamma_ray_bursts_and_supernovae,Astronomy and Astrophysics,60973087,60973087,0,,W3041490224,10.1051/0004-6361/202038902,86,75,openalex_v3_query_core,0,,strict,Pulsars and Gravitational Waves Research,60973087,Pulsars and Gravitational Waves Research,Pulsars and Gravitational Waves Research,0,2025
https://openalex.org/W4310852846,2022,Strong lensing time-delay cosmography in the 2020s,gamma_ray_bursts_and_supernovae,Astronomy and Astrophysics,60903922,60903922,0,,W4310852846,10.1007/s00159-022-00145-y,86,221,openalex_v3_query_core,0,,strict,"Galaxies: Formation, Evolution, Phenomena",60903922,"Galaxies: Formation, Evolution, Phenomena","Galaxies: Formation, Evolution, Phenomena",0,2025
https://openalex.org/W2000477601,1998,Evidence for Diverse Optical Emission from Gamma‐Ray Burst Sources,gamma_ray_bursts_and_supernovae,Astronomy and Astrophysics,63203493,63203493,0,,W2000477601,10.1086/305385,85,16,openalex_v3_query_core,0,,strict,Gamma-ray bursts and supernovae,63203493,Gamma-ray bursts and supernovae,Gamma-ray bursts and supernovae,0,2025
https://openalex.org/W2136070800,2006,Faint supernovae and supernova impostors: case studies of SN 2002kg/NGC 2403-V37 and SN 2003gm,gamma_ray_bursts_and_supernovae,Astronomy and Astrophysics,63203493,63203493,0,,W2136070800,10.1111/j.1365-2966.2006.10308.x,85,78,openalex_v3_query_core,0,,strict,Gamma-ray bursts and supernovae,63203493,Gamma-ray bursts and supernovae,Gamma-ray bursts and supernovae,0,2025
https://openalex.org/W2004564101,2013,Moderately luminous Type II supernovae,gamma_ray_bursts_and_supernovae,Astronomy and Astrophysics,63203493,63203493,0,,W2004564101,10.1051/0004-6361/201220496,85,85,openalex_v3_query_core,0,,strict,Gamma-ray bursts and supernovae,63203493,Gamma-ray bursts and supernovae,Gamma-ray bursts and supernovae,0,2025
https://openalex.org/W2563320913,2016,A study of gamma ray bursts with afterglow plateau phases associated with supernovae,gamma_ray_bursts_and_supernovae,Astronomy and Astrophysics,63203493,63203493,0,,W2563320913,10.1051/0004-6361/201628384,85,132,openalex_v3_query_core,0,,strict,Gamma-ray bursts and supernovae,63203493,Gamma-ray bursts and supernovae,Gamma-ray bursts and supernovae,0,2025
https://openalex.org/W3106351357,2016,Type-Ia Supernova Rates To Redshift 2.4 From CLASH: The Cluster Lensing And Supernova Survey With Hubble,gamma_ray_bursts_and_supernovae,Astronomy and Astrophysics,63203493,63203493,0,,W3106351357,10.15781/t22f9k,85,159,openalex_v3_query_core,0,,strict,Gamma-ray bursts and supernovae,63203493,Gamma-ray bursts and supernovae,Gamma-ray bursts and supernovae,0,2025
https://openalex.org/W2542048244,2017,A Study of the Gamma-Ray Burst Fundamental Plane,gamma_ray_bursts_and_supernovae,Astronomy and Astrophysics,63203493,63203493,0,,W2542048244,10.3847/1538-4357/aa8a6b,85,100,openalex_v3_query_core,0,,strict,Gamma-ray bursts and supernovae,63203493,Gamma-ray bursts and supernovae,Gamma-ray bursts and supernovae,0,2025
https://openalex.org/W3099061557,2018,The Diversity of Kilonova Emission in Short Gamma-Ray Bursts,gamma_ray_bursts_and_supernovae,Astronomy and Astrophysics,63203493,63203493,0,,W3099061557,10.17863/cam.33108,85,139,openalex_v3_query_core,0,,strict,Gamma-ray bursts and supernovae,63203493,Gamma-ray bursts and supernovae,Gamma-ray bursts and supernovae,0,2025
https://openalex.org/W4391842978,2024,A large-scale magnetic field produced by a solar-like dynamo in binary neutron star mergers,gamma_ray_bursts_and_supernovae,Astronomy and Astrophysics,60973087,60973087,0,,W4391842978,10.1038/s41550-024-02194-y,85,77,openalex_v3_query_core,0,,strict,Pulsars and Gravitational Waves Research,60973087,Pulsars and Gravitational Waves Research,Pulsars and Gravitational Waves Research,0,2025
https://openalex.org/W2983746971,2001,Supernovae and gamma-ray bursts: the greatest explosions since the Big Bang,gamma_ray_bursts_and_supernovae,Emergency Medical Services,63220782,63220782,0,,W2983746971,,84,0,openalex_v3_query_core,0,,strict,Disaster Response and Management,63220782,Disaster Response and Management,Disaster Response and Management,0,2025
https://openalex.org/W2027332580,2004,Cosmic Acceleration versus Axion‐Photon Mixing,gamma_ray_bursts_and_supernovae,Astronomy and Astrophysics,63203493,63203493,0,,W2027332580,10.1086/383520,84,46,openalex_v3_query_core,0,,strict,Gamma-ray bursts and supernovae,63203493,Gamma-ray bursts and supernovae,Gamma-ray bursts and supernovae,0,2025
https://openalex.org/W1868430450,2010,Exact time-dependent solutions for the thin accretion disc equation: boundary conditions at finite radius,gamma_ray_bursts_and_supernovae,Astronomy and Astrophysics,61024309,61024309,0,,W1868430450,10.1111/j.1365-2966.2010.17496.x,84,14,openalex_v3_query_core,0,,strict,Astrophysical Phenomena and Observations,61024309,Astrophysical Phenomena and Observations,Astrophysical Phenomena and Observations,0,2025
https://openalex.org/W2102941069,2011,NUMERICAL SIMULATIONS OF DRIVEN RELATIVISTIC MAGNETOHYDRODYNAMIC TURBULENCE,gamma_ray_bursts_and_supernovae,Nuclear and High Energy Physics,61041081,61041081,0,,W2102941069,10.1088/0004-637x/744/1/32,84,54,openalex_v3_query_core,0,,strict,Astrophysics and Cosmic Phenomena,61041081,Astrophysics and Cosmic Phenomena,Astrophysics and Cosmic Phenomena,0,2025
https://openalex.org/W2149064216,2011,A tale of two GRB-SNe at a common redshift of z=0.54,gamma_ray_bursts_and_supernovae,Astronomy and Astrophysics,63203493,63203493,0,,W2149064216,10.1111/j.1365-2966.2010.18164.x,84,128,openalex_v3_query_core,0,,strict,Gamma-ray bursts and supernovae,63203493,Gamma-ray bursts and supernovae,Gamma-ray bursts and supernovae,0,2025
https://openalex.org/W3099102279,2014,The evolution of rotating very massive stars with LMC composition,gamma_ray_bursts_and_supernovae,Astronomy and Astrophysics,60904056,60904056,0,,W3099102279,10.1051/0004-6361/201424356/pdf,84,100,openalex_v3_query_core,0,,strict,"Stellar, planetary, and galactic studies",60904056,"Stellar, planetary, and galactic studies","Stellar, planetary, and galactic studies",0,2025
https://openalex.org/W1992224275,2015,Selecting superluminous supernovae in faint galaxies from the first year of the Pan-STARRS1 Medium Deep Survey,gamma_ray_bursts_and_supernovae,Astronomy and Astrophysics,63203493,63203493,0,,W1992224275,10.1093/mnras/stv034,84,88,openalex_v3_query_core,0,,strict,Gamma-ray bursts and supernovae,63203493,Gamma-ray bursts and supernovae,Gamma-ray bursts and supernovae,0,2025
https://openalex.org/W2208159030,2015,Grid-based Methods in Relativistic Hydrodynamics and Magnetohydrodynamics,gamma_ray_bursts_and_supernovae,Nuclear and High Energy Physics,60956189,60956189,0,,W2208159030,10.1007/lrca-2015-3,84,687,openalex_v3_query_core,0,,strict,Laser-Plasma Interactions and Diagnostics,60956189,Laser-Plasma Interactions and Diagnostics,Laser-Plasma Interactions and Diagnostics,0,2025
https://openalex.org/W2219649180,2015,CONSTRAINING THE GRB-MAGNETAR MODEL BY MEANS OF THE GALACTIC PULSAR POPULATION,gamma_ray_bursts_and_supernovae,Astronomy and Astrophysics,63203493,63203493,0,,W2219649180,10.1088/0004-637x/813/2/92,84,100,openalex_v3_query_core,0,,strict,Gamma-ray bursts and supernovae,63203493,Gamma-ray bursts and supernovae,Gamma-ray bursts and supernovae,0,2025
https://openalex.org/W3103421368,2015,Evryscope Science: Exploring the Potential of All-Sky Gigapixel-Scale Telescopes,gamma_ray_bursts_and_supernovae,Astronomy and Astrophysics,60904056,60904056,0,,W3103421368,,84,137,openalex_v3_query_core,0,,strict,"Stellar, planetary, and galactic studies",60904056,"Stellar, planetary, and galactic studies","Stellar, planetary, and galactic studies",0,2025
https://openalex.org/W2289948253,2016,Complex organics in space from Solar System to distant galaxies,gamma_ray_bursts_and_supernovae,Astronomy and Astrophysics,60973222,60973222,0,,W2289948253,10.1007/s00159-016-0093-y,84,197,openalex_v3_query_core,0,,strict,Astrophysics and Star Formation Studies,60973222,Astrophysics and Star Formation Studies,Astrophysics and Star Formation Studies,0,2025
https://openalex.org/W2555775439,2016,Metallicity dependence of envelope inflation in massive stars,gamma_ray_bursts_and_supernovae,Astronomy and Astrophysics,60904056,60904056,0,,W2555775439,10.1051/0004-6361/201629612,84,95,openalex_v3_query_core,0,,strict,"Stellar, planetary, and galactic studies",60904056,"Stellar, planetary, and galactic studies","Stellar, planetary, and galactic studies",0,2025
https://openalex.org/W2790296916,2018,Multidimensional simulations of ultrastripped supernovae to shock breakout,gamma_ray_bursts_and_supernovae,Astronomy and Astrophysics,63203493,63203493,0,,W2790296916,10.1093/mnras/sty1683,84,158,openalex_v3_query_core,0,,strict,Gamma-ray bursts and supernovae,63203493,Gamma-ray bursts and supernovae,Gamma-ray bursts and supernovae,0,2025
https://openalex.org/W2969885787,2020,<i>Colloquium</i>: Neutrino detectors as tools for nuclear security,gamma_ray_bursts_and_supernovae,Nuclear and High Energy Physics,61058366,61058366,0,,W2969885787,10.1103/revmodphys.92.011003,84,151,openalex_v3_query_core,0,,strict,Neutrino Physics Research,61058366,Neutrino Physics Research,Neutrino Physics Research,0,2025
https://openalex.org/W3105668805,2020,https://openalex.org/W3105668805,gamma_ray_bursts_and_supernovae,Astronomy and Astrophysics,60904056,60904056,0,,W3105668805,10.1051/0004-6361/201937375/pdf,84,233,openalex_v3_query_core,0,,strict,"Stellar, planetary, and galactic studies",60904056,"Stellar, planetary, and galactic studies","Stellar, planetary, and galactic studies",0,2025
https://openalex.org/W4321116989,2023,Inferring the Energy and Distance Distributions of Fast Radio Bursts Using the First CHIME/FRB Catalog,gamma_ray_bursts_and_supernovae,Astronomy and Astrophysics,60973087,60973087,0,,W4321116989,10.3847/1538-4357/acaf06,84,123,openalex_v3_query_core,0,,strict,Pulsars and Gravitational Waves Research,60973087,Pulsars and Gravitational Waves Research,Pulsars and Gravitational Waves Research,0,2025
https://openalex.org/W4393247908,2024,Cosmology of axion dark matter,gamma_ray_bursts_and_supernovae,Nuclear and High Energy Physics,63152924,63152924,0,,W4393247908,10.22323/1.454.0040,84,170,openalex_v3_query_core,0,,strict,Dark Matter and Cosmic Phenomena,63152924,Dark Matter and Cosmic Phenomena,Dark Matter and Cosmic Phenomena,0,2025
https://openalex.org/W1971087465,2002,Temporal properties of gamma ray bursts as signatures of jets from the central engine,gamma_ray_bursts_and_supernovae,Astronomy and Astrophysics,63203493,63203493,0,,W1971087465,10.1051/0004-6361:20020038,83,103,openalex_v3_query_core,0,,strict,Gamma-ray bursts and supernovae,63203493,Gamma-ray bursts and supernovae,Gamma-ray bursts and supernovae,0,2025
https://openalex.org/W2159579887,2004,New estimates of the contribution of Wolf-Rayet stellar winds to the Galactic $\mathsf{^{26}}$Al,gamma_ray_bursts_and_supernovae,Astronomy and Astrophysics,60904056,60904056,0,,W2159579887,10.1051/0004-6361:20041757,83,55,openalex_v3_query_core,0,,strict,"Stellar, planetary, and galactic studies",60904056,"Stellar, planetary, and galactic studies","Stellar, planetary, and galactic studies",0,2025
https://openalex.org/W2168945597,2005,The Influence of an Ambient Magnetic Field on Relativistic collisionless Plasma Shocks,gamma_ray_bursts_and_supernovae,Nuclear and High Energy Physics,61041081,61041081,0,,W2168945597,10.1086/430253,83,10,openalex_v3_query_core,0,,strict,Astrophysics and Cosmic Phenomena,61041081,Astrophysics and Cosmic Phenomena,Astrophysics and Cosmic Phenomena,0,2025
https://openalex.org/W2951249762,2005,Characteristic Evolution and Matching,gamma_ray_bursts_and_supernovae,Astronomy and Astrophysics,65469135,65469135,0,,W2951249762,10.12942/lrr-2005-10,83,299,openalex_v3_query_core,0,,strict,Radio Astronomy Observations and Technology,65469135,Radio Astronomy Observations and Technology,Radio Astronomy Observations and Technology,0,2025
https://openalex.org/W2951513330,2010,"Two type Ic supernovae in low-metallicity, dwarf galaxies: diversity of explosions",gamma_ray_bursts_and_supernovae,Astronomy and Astrophysics,63203493,63203493,0,,W2951513330,10.1051/0004-6361/200913004/pdf,83,160,openalex_v3_query_core,0,,strict,Gamma-ray bursts and supernovae,63203493,Gamma-ray bursts and supernovae,Gamma-ray bursts and supernovae,0,2025
https://openalex.org/W2145944858,2012,A REVISED VIEW OF THE TRANSIENT RADIO SKY,gamma_ray_bursts_and_supernovae,Nuclear and High Energy Physics,61041081,61041081,0,,W2145944858,10.1088/0004-637x/747/1/70,83,73,openalex_v3_query_core,0,,strict,Astrophysics and Cosmic Phenomena,61041081,Astrophysics and Cosmic Phenomena,Astrophysics and Cosmic Phenomena,0,2025
https://openalex.org/W2078079367,2014,Electron-capture supernovae exploding within their progenitor wind,gamma_ray_bursts_and_supernovae,Astronomy and Astrophysics,63203493,63203493,0,,W2078079367,10.1051/0004-6361/201424264,83,75,openalex_v3_query_core,0,,strict,Gamma-ray bursts and supernovae,63203493,Gamma-ray bursts and supernovae,Gamma-ray bursts and supernovae,0,2025
https://openalex.org/W2196358511,2016,Inspecting the supernova–gamma-ray-burst connection with high-energy neutrinos,gamma_ray_bursts_and_supernovae,Nuclear and High Energy Physics,61041081,61041081,0,,W2196358511,10.1103/physrevd.93.053010,83,89,openalex_v3_query_core,0,,strict,Astrophysics and Cosmic Phenomena,61041081,Astrophysics and Cosmic Phenomena,Astrophysics and Cosmic Phenomena,0,2025
https://openalex.org/W2767935620,2017,A population of highly energetic transient events in the centres of active galaxies,gamma_ray_bursts_and_supernovae,Astronomy and Astrophysics,61024309,61024309,0,,W2767935620,10.1038/s41550-017-0290-2,83,43,openalex_v3_query_core,0,,strict,Astrophysical Phenomena and Observations,61024309,Astrophysical Phenomena and Observations,Astrophysical Phenomena and Observations,0,2025
https://openalex.org/W4302773831,2017,"Search for high-energy neutrinos from binary neutron star merger GW170817 with ANTARES, IceCube, and the Pierre Auger Observatory",gamma_ray_bursts_and_supernovae,Astronomy and Astrophysics,63203493,63203493,0,,W4302773831,10.5167/uzh-147237,83,60,openalex_v3_query_core,0,,strict,Gamma-ray bursts and supernovae,63203493,Gamma-ray bursts and supernovae,Gamma-ray bursts and supernovae,0,2025
https://openalex.org/W2745245583,2018,"Gaia17biu/SN 2017egm in NGC 3191: The Closest Hydrogen-poor Superluminous Supernova to Date Is in a “Normal,” Massive, Metal-rich Spiral Galaxy",gamma_ray_bursts_and_supernovae,Astronomy and Astrophysics,63203493,63203493,0,,W2745245583,10.3847/1538-4357/aaa298,83,156,openalex_v3_query_core,0,,strict,Gamma-ray bursts and supernovae,63203493,Gamma-ray bursts and supernovae,Gamma-ray bursts and supernovae,0,2025
https://openalex.org/W3006554634,2020,Subtracting compact binary foreground sources to reveal primordial gravitational-wave backgrounds,gamma_ray_bursts_and_supernovae,Astronomy and Astrophysics,60973087,60973087,0,,W3006554634,10.1103/physrevd.102.024051,83,106,openalex_v3_query_core,0,,strict,Pulsars and Gravitational Waves Research,60973087,Pulsars and Gravitational Waves Research,Pulsars and Gravitational Waves Research,0,2025
https://openalex.org/W3131835702,2021,Probabilistic Association of Transients to their Hosts (PATH),gamma_ray_bursts_and_supernovae,Astronomy and Astrophysics,63203493,63203493,0,,W3131835702,10.3847/1538-4357/abe8d2,83,46,openalex_v3_query_core,0,,strict,Gamma-ray bursts and supernovae,63203493,Gamma-ray bursts and supernovae,Gamma-ray bursts and supernovae,0,2025
https://openalex.org/W3152843529,2021,Fast-transient Searches in Real Time with ZTFReST: Identification of Three Optically Discovered Gamma-Ray Burst Afterglows and New Constraints on the Kilonova Rate,gamma_ray_bursts_and_supernovae,Astronomy and Astrophysics,63203493,63203493,0,,W3152843529,10.3847/1538-4357/ac0bc7,83,147,openalex_v3_query_core,0,,strict,Gamma-ray bursts and supernovae,63203493,Gamma-ray bursts and supernovae,Gamma-ray bursts and supernovae,0,2025
https://openalex.org/W4205630102,2022,\nThe Gravitational-wave Optical Transient Observer (GOTO): prototype performance and prospects for transient science,gamma_ray_bursts_and_supernovae,Astronomy and Astrophysics,60973087,60973087,0,,W4205630102,10.1093/mnras/stac013,83,109,openalex_v3_query_core,0,,strict,Pulsars and Gravitational Waves Research,60973087,Pulsars and Gravitational Waves Research,Pulsars and Gravitational Waves Research,0,2025
https://openalex.org/W2138801852,1999,The Host Galaxy of GRB 990123,gamma_ray_bursts_and_supernovae,Astronomy and Astrophysics,63203493,63203493,0,,W2138801852,10.1086/312059,82,22,openalex_v3_query_core,0,,strict,Gamma-ray bursts and supernovae,63203493,Gamma-ray bursts and supernovae,Gamma-ray bursts and supernovae,0,2025
https://openalex.org/W2029129970,2000,GRB 991216 Joins the Jet Set: Discovery and Monitoring of Its Optical Afterglow,gamma_ray_bursts_and_supernovae,Astronomy and Astrophysics,63203493,63203493,0,,W2029129970,10.1086/317134,82,27,openalex_v3_query_core,0,,strict,Gamma-ray bursts and supernovae,63203493,Gamma-ray bursts and supernovae,Gamma-ray bursts and supernovae,0,2025
https://openalex.org/W1991011406,2007,Rotating collapse of stellar iron cores in general relativity,gamma_ray_bursts_and_supernovae,Astronomy and Astrophysics,60973087,60973087,0,,W1991011406,10.1088/0264-9381/24/12/s10,82,58,openalex_v3_query_core,0,,strict,Pulsars and Gravitational Waves Research,60973087,Pulsars and Gravitational Waves Research,Pulsars and Gravitational Waves Research,0,2025
https://openalex.org/W2097415877,2007,The Aspherical Properties of the Energetic Type Ic SN 2002ap as Inferred from Its Nebular Spectra,gamma_ray_bursts_and_supernovae,Astronomy and Astrophysics,63203493,63203493,0,,W2097415877,10.1086/521873,82,50,openalex_v3_query_core,0,,strict,Gamma-ray bursts and supernovae,63203493,Gamma-ray bursts and supernovae,Gamma-ray bursts and supernovae,0,2025
https://openalex.org/W2009386349,2008,Testing gamma-ray bursts as standard candles,gamma_ray_bursts_and_supernovae,Astronomy and Astrophysics,63203493,63203493,0,,W2009386349,10.1111/j.1365-2966.2008.13894.x,82,73,openalex_v3_query_core,0,,strict,Gamma-ray bursts and supernovae,63203493,Gamma-ray bursts and supernovae,Gamma-ray bursts and supernovae,0,2025
https://openalex.org/W2135895696,2010,The visibility of Lyman α emitters during reionization,gamma_ray_bursts_and_supernovae,Astronomy and Astrophysics,60903922,60903922,0,,W2135895696,10.1111/j.1365-2966.2010.17482.x,82,92,openalex_v3_query_core,0,,strict,"Galaxies: Formation, Evolution, Phenomena",60903922,"Galaxies: Formation, Evolution, Phenomena","Galaxies: Formation, Evolution, Phenomena",0,2025
https://openalex.org/W2593331074,2017,Analyzing the Largest Spectroscopic Data Set of Hydrogen-poor Super-luminous Supernovae,gamma_ray_bursts_and_supernovae,Astronomy and Astrophysics,63203493,63203493,0,,W2593331074,10.3847/1538-4357/aa7f74,82,96,openalex_v3_query_core,0,,strict,Gamma-ray bursts and supernovae,63203493,Gamma-ray bursts and supernovae,Gamma-ray bursts and supernovae,0,2025
https://openalex.org/W2619648014,2017,Toward a complete theory for predicting inclusive deuteron breakup away from stability,gamma_ray_bursts_and_supernovae,Nuclear and High Energy Physics,60904836,60904836,0,,W2619648014,10.1140/epja/i2017-12371-9,82,72,openalex_v3_query_core,0,,strict,Nuclear physics research studies,60904836,Nuclear physics research studies,Nuclear physics research studies,0,2025
https://openalex.org/W2768340426,2017,Constraints on core-collapse supernova progenitors from explosion site integral field spectroscopy,gamma_ray_bursts_and_supernovae,Astronomy and Astrophysics,63203493,63203493,0,,W2768340426,10.1051/0004-6361/201731923,82,153,openalex_v3_query_core,0,,strict,Gamma-ray bursts and supernovae,63203493,Gamma-ray bursts and supernovae,Gamma-ray bursts and supernovae,0,2025
https://openalex.org/W3113323004,2020,Testing late-time cosmic acceleration with uncorrelated baryon acoustic oscillation dataset,gamma_ray_bursts_and_supernovae,Astronomy and Astrophysics,63203493,63203493,0,,W3113323004,10.1051/0004-6361/202039502,82,127,openalex_v3_query_core,0,,strict,Gamma-ray bursts and supernovae,63203493,Gamma-ray bursts and supernovae,Gamma-ray bursts and supernovae,0,2025
https://openalex.org/W2016109449,1989,Gravitational wave sources and their detectability,gamma_ray_bursts_and_supernovae,Astronomy and Astrophysics,60973087,60973087,0,,W2016109449,10.1088/0264-9381/6/12/006,81,46,openalex_v3_query_core,0,,strict,Pulsars and Gravitational Waves Research,60973087,Pulsars and Gravitational Waves Research,Pulsars and Gravitational Waves Research,0,2025
https://openalex.org/W1492260590,1992,The Compton Observatory Science Workshop,gamma_ray_bursts_and_supernovae,Nuclear and High Energy Physics,61041081,61041081,0,,W1492260590,,81,0,openalex_v3_query_core,0,,strict,Astrophysics and Cosmic Phenomena,61041081,Astrophysics and Cosmic Phenomena,Astrophysics and Cosmic Phenomena,0,2025
https://openalex.org/W1965436078,2000,Dust Echoes from Gamma-Ray Bursts,gamma_ray_bursts_and_supernovae,Astronomy and Astrophysics,63203493,63203493,0,,W1965436078,10.1086/312670,81,22,openalex_v3_query_core,0,,strict,Gamma-ray bursts and supernovae,63203493,Gamma-ray bursts and supernovae,Gamma-ray bursts and supernovae,0,2025
https://openalex.org/W2052499450,2007,Magnetar‐Driven Magnetic Tower as a Model for Gamma‐Ray Bursts and Asymmetric Supernovae,gamma_ray_bursts_and_supernovae,Astronomy and Astrophysics,63203493,63203493,0,,W2052499450,10.1086/521322,81,89,openalex_v3_query_core,0,,strict,Gamma-ray bursts and supernovae,63203493,Gamma-ray bursts and supernovae,Gamma-ray bursts and supernovae,0,2025
https://openalex.org/W2241223462,2012,eLISA/NGO: Astrophysics and cosmology in the gravitational-wave millihertz regime,gamma_ray_bursts_and_supernovae,Astronomy and Astrophysics,60973087,60973087,0,,W2241223462,,81,0,openalex_v3_query_core,0,,strict,Pulsars and Gravitational Waves Research,60973087,Pulsars and Gravitational Waves Research,Pulsars and Gravitational Waves Research,0,2025
https://openalex.org/W1963961779,2013,Search for muon neutrinos from gamma-ray bursts with the ANTARES neutrino telescope using 2008 to 2011 data,gamma_ray_bursts_and_supernovae,Nuclear and High Energy Physics,61041081,61041081,0,,W1963961779,10.1051/0004-6361/201322169,81,52,openalex_v3_query_core,0,,strict,Astrophysics and Cosmic Phenomena,61041081,Astrophysics and Cosmic Phenomena,Astrophysics and Cosmic Phenomena,0,2025
https://openalex.org/W2053545715,2013,Constraining the anisotropic expansion of the Universe,gamma_ray_bursts_and_supernovae,Astronomy and Astrophysics,60904838,60904838,0,,W2053545715,10.1103/physrevd.87.123522,81,50,openalex_v3_query_core,0,,strict,Cosmology and Gravitation Theories,60904838,Cosmology and Gravitation Theories,Cosmology and Gravitation Theories,0,2025
https://openalex.org/W2072242159,2013,The kinematics and orbital dynamics of the PSR B1259−63/LS 2883 system from 23 yr of pulsar timing,gamma_ray_bursts_and_supernovae,Astronomy and Astrophysics,60973087,60973087,0,,W2072242159,10.1093/mnras/stt2123,81,52,openalex_v3_query_core,0,,strict,Pulsars and Gravitational Waves Research,60973087,Pulsars and Gravitational Waves Research,Pulsars and Gravitational Waves Research,0,2025
https://openalex.org/W2140483281,2014,Gamma-Ray Burst Jets and their Radio Observations,gamma_ray_bursts_and_supernovae,Astronomy and Astrophysics,63203493,63203493,0,,W2140483281,10.1017/pasa.2013.44,81,349,openalex_v3_query_core,0,,strict,Gamma-ray bursts and supernovae,63203493,Gamma-ray bursts and supernovae,Gamma-ray bursts and supernovae,0,2025
https://openalex.org/W2229029796,2015,Cosmological models and gamma-ray bursts calibrated by using Padé method,gamma_ray_bursts_and_supernovae,Astronomy and Astrophysics,63203493,63203493,0,,W2229029796,10.1007/s10714-015-1986-1,81,102,openalex_v3_query_core,0,,strict,Gamma-ray bursts and supernovae,63203493,Gamma-ray bursts and supernovae,Gamma-ray bursts and supernovae,0,2025
https://openalex.org/W2743980302,2018,A GRB and Broad-lined Type Ic Supernova from a Single Central Engine,gamma_ray_bursts_and_supernovae,Astronomy and Astrophysics,63203493,63203493,0,,W2743980302,10.3847/1538-4357/aabf84,81,104,openalex_v3_query_core,0,,strict,Gamma-ray bursts and supernovae,63203493,Gamma-ray bursts and supernovae,Gamma-ray bursts and supernovae,0,2025
https://openalex.org/W2995281187,2019,"Evidence for Late-stage Eruptive Mass Loss in the Progenitor to SN2018gep, a Broad-lined Ic Supernova: Pre-explosion Emission and a Rapidly Rising Luminous Transient",gamma_ray_bursts_and_supernovae,Astronomy and Astrophysics,63203493,63203493,0,,W2995281187,10.3847/1538-4357/ab55ec,81,158,openalex_v3_query_core,0,,strict,Gamma-ray bursts and supernovae,63203493,Gamma-ray bursts and supernovae,Gamma-ray bursts and supernovae,0,2025
https://openalex.org/W3102738499,2019,Detailed polarization measurements of the prompt emission of five Gamma-Ray Bursts,gamma_ray_bursts_and_supernovae,Astronomy and Astrophysics,63203493,63203493,0,,W3102738499,,81,51,openalex_v3_query_core,0,,strict,Gamma-ray bursts and supernovae,63203493,Gamma-ray bursts and supernovae,Gamma-ray bursts and supernovae,0,2025
https://openalex.org/W3005330457,2021,Supernova Model Discrimination with Hyper-Kamiokande,gamma_ray_bursts_and_supernovae,Nuclear and High Energy Physics,61041081,61041081,0,,W3005330457,10.3847/1538-4357/abf7c4,81,115,openalex_v3_query_core,0,,strict,Astrophysics and Cosmic Phenomena,61041081,Astrophysics and Cosmic Phenomena,Astrophysics and Cosmic Phenomena,0,2025
https://openalex.org/W4241057996,2021,Relativistic fluid dynamics: physics for many different scales,gamma_ray_bursts_and_supernovae,Astronomy and Astrophysics,60973087,60973087,0,,W4241057996,10.1007/s41114-021-00031-6,81,483,openalex_v3_query_core,0,,strict,Pulsars and Gravitational Waves Research,60973087,Pulsars and Gravitational Waves Research,Pulsars and Gravitational Waves Research,0,2025
https://openalex.org/W3205091863,2022,https://openalex.org/W3205091863,gamma_ray_bursts_and_supernovae,Astronomy and Astrophysics,63203493,63203493,0,,W3205091863,,81,83,openalex_v3_query_core,0,,strict,Gamma-ray bursts and supernovae,63203493,Gamma-ray bursts and supernovae,Gamma-ray bursts and supernovae,0,2025
https://openalex.org/W2027921468,2009,IN SEARCH OF PROGENITORS FOR SUPERNOVALESS GAMMA-RAY BURSTS 060505 AND 060614: RE-EXAMINATION OF THEIR AFTERGLOWS,gamma_ray_bursts_and_supernovae,Astronomy and Astrophysics,63203493,63203493,0,,W2027921468,10.1088/0004-637x/696/1/971,80,87,openalex_v3_query_core,0,,strict,Gamma-ray bursts and supernovae,63203493,Gamma-ray bursts and supernovae,Gamma-ray bursts and supernovae,0,2025
https://openalex.org/W2104192828,2009,Gravitational-wave confusion background from cosmological compact binaries: Implications for future terrestrial detectors,gamma_ray_bursts_and_supernovae,Astronomy and Astrophysics,60973087,60973087,0,,W2104192828,10.1103/physrevd.79.062002,80,57,openalex_v3_query_core,0,,strict,Pulsars and Gravitational Waves Research,60973087,Pulsars and Gravitational Waves Research,Pulsars and Gravitational Waves Research,0,2025
https://openalex.org/W1864006052,2011,Swift 1644+57: the longest gamma-ray burst?,gamma_ray_bursts_and_supernovae,Astronomy and Astrophysics,63203493,63203493,0,,W1864006052,10.1111/j.1745-3933.2011.01151.x,80,36,openalex_v3_query_core,0,,strict,Gamma-ray bursts and supernovae,63203493,Gamma-ray bursts and supernovae,Gamma-ray bursts and supernovae,0,2025
https://openalex.org/W2963227708,2015,SPH Methods in the Modelling of Compact Objects,gamma_ray_bursts_and_supernovae,Computational Mechanics,63255894,63255894,0,,W2963227708,10.1007/lrca-2015-1,80,506,openalex_v3_query_core,0,,strict,Fluid Dynamics Simulations and Interactions,63255894,Fluid Dynamics Simulations and Interactions,Fluid Dynamics Simulations and Interactions,0,2025
https://openalex.org/W3098508287,2016,Probing the Cosmic Gamma-Ray Burst Rate with Trigger Simulations of the Swift Burst Alert Telescope,gamma_ray_bursts_and_supernovae,Astronomy and Astrophysics,63203493,63203493,0,,W3098508287,,80,104,openalex_v3_query_core,0,,strict,Gamma-ray bursts and supernovae,63203493,Gamma-ray bursts and supernovae,Gamma-ray bursts and supernovae,0,2025
https://openalex.org/W2590434785,2017,Hot gas around SN 1998bw: Inferring the progenitor from its environment,gamma_ray_bursts_and_supernovae,Astronomy and Astrophysics,63203493,63203493,0,,W2590434785,10.1051/0004-6361/201630268,80,188,openalex_v3_query_core,0,,strict,Gamma-ray bursts and supernovae,63203493,Gamma-ray bursts and supernovae,Gamma-ray bursts and supernovae,0,2025
https://openalex.org/W2619378915,2017,Comparing Neutron Star Kicks to Supernova Remnant Asymmetries,gamma_ray_bursts_and_supernovae,Nuclear and High Energy Physics,61041081,61041081,0,,W2619378915,10.3847/1538-4357/aa7a5c,80,292,openalex_v3_query_core,0,,strict,Astrophysics and Cosmic Phenomena,61041081,Astrophysics and Cosmic Phenomena,Astrophysics and Cosmic Phenomena,0,2025
https://openalex.org/W2796989871,2018,Measuring the supernova unknowns at the next-generation neutrino telescopes through the diffuse neutrino background,gamma_ray_bursts_and_supernovae,Nuclear and High Energy Physics,61041081,61041081,0,,W2796989871,10.1088/1475-7516/2018/05/066,80,91,openalex_v3_query_core,0,,strict,Astrophysics and Cosmic Phenomena,61041081,Astrophysics and Cosmic Phenomena,Astrophysics and Cosmic Phenomena,0,2025
https://openalex.org/W2957872107,2019,The diverse lives of progenitors of hydrogen-rich core-collapse supernovae: the role of binary interaction,gamma_ray_bursts_and_supernovae,Astronomy and Astrophysics,63203493,63203493,0,,W2957872107,10.1051/0004-6361/201935854,80,220,openalex_v3_query_core,0,,strict,Gamma-ray bursts and supernovae,63203493,Gamma-ray bursts and supernovae,Gamma-ray bursts and supernovae,0,2025
https://openalex.org/W2964492055,2019,Metallicity of stars formed throughout the cosmic history based on the observational properties of star-forming galaxies,gamma_ray_bursts_and_supernovae,Astronomy and Astrophysics,63203493,63203493,0,,W2964492055,10.1093/mnras/stz2057,80,272,openalex_v3_query_core,0,,strict,Gamma-ray bursts and supernovae,63203493,Gamma-ray bursts and supernovae,Gamma-ray bursts and supernovae,0,2025
https://openalex.org/W3212435670,2021,"The THESEUS space mission: science goals, requirements and mission concept",gamma_ray_bursts_and_supernovae,Astronomy and Astrophysics,63203493,63203493,0,,W3212435670,10.1007/s10686-021-09807-8,80,65,openalex_v3_query_core,0,,strict,Gamma-ray bursts and supernovae,63203493,Gamma-ray bursts and supernovae,Gamma-ray bursts and supernovae,0,2025
https://openalex.org/W4288076116,2021,Simulated Sky,gamma_ray_bursts_and_supernovae,Astronomy and Astrophysics,67666010,67666010,0,,W4288076116,10.1558/jsa.17822,80,95,openalex_v3_query_core,0,,strict,Historical Astronomy and Related Studies,67666010,Historical Astronomy and Related Studies,Historical Astronomy and Related Studies,0,2025
https://openalex.org/W4361221385,2023,The Radio to GeV Afterglow of GRB 221009A,gamma_ray_bursts_and_supernovae,Astronomy and Astrophysics,63203493,63203493,0,,W4361221385,10.3847/2041-8213/acbfad,80,81,openalex_v3_query_core,0,,strict,Gamma-ray bursts and supernovae,63203493,Gamma-ray bursts and supernovae,Gamma-ray bursts and supernovae,0,2025
https://openalex.org/W4393234890,2024,The complex circumstellar environment of supernova 2023ixf,gamma_ray_bursts_and_supernovae,Astronomy and Astrophysics,63203493,63203493,0,,W4393234890,10.1038/s41586-024-07116-6,80,148,openalex_v3_query_core,0,,strict,Gamma-ray bursts and supernovae,63203493,Gamma-ray bursts and supernovae,Gamma-ray bursts and supernovae,0,2025
https://openalex.org/W2123494846,2005,Constraints on gamma-ray burst and supernova progenitors through circumstellar absorption lines,gamma_ray_bursts_and_supernovae,Astronomy and Astrophysics,63203493,63203493,0,,W2123494846,10.1051/0004-6361:20053520,79,30,openalex_v3_query_core,0,,strict,Gamma-ray bursts and supernovae,63203493,Gamma-ray bursts and supernovae,Gamma-ray bursts and supernovae,0,2025
https://openalex.org/W1966609596,2009,Probing the cosmographic parameters to distinguish between dark energy and modified gravity models,gamma_ray_bursts_and_supernovae,Astronomy and Astrophysics,63203493,63203493,0,,W1966609596,10.1051/0004-6361/200911998,79,84,openalex_v3_query_core,0,,strict,Gamma-ray bursts and supernovae,63203493,Gamma-ray bursts and supernovae,Gamma-ray bursts and supernovae,0,2025
https://openalex.org/W2032627089,2010,Evidence for supernova-synthesized dust from the rising afterglow of GRB 071025 at z∼ 5,gamma_ray_bursts_and_supernovae,Astronomy and Astrophysics,63203493,63203493,0,,W2032627089,10.1111/j.1365-2966.2010.16772.x,79,141,openalex_v3_query_core,0,,strict,Gamma-ray bursts and supernovae,63203493,Gamma-ray bursts and supernovae,Gamma-ray bursts and supernovae,0,2025
https://openalex.org/W2147563648,2011,Implementation and testing of the first prompt search for gravitational wave transients with electromagnetic counterparts,gamma_ray_bursts_and_supernovae,Astronomy and Astrophysics,60973087,60973087,0,,W2147563648,10.1051/0004-6361/201118219,79,94,openalex_v3_query_core,0,,strict,Pulsars and Gravitational Waves Research,60973087,Pulsars and Gravitational Waves Research,Pulsars and Gravitational Waves Research,0,2025
https://openalex.org/W4291321317,2016,Nearby supernova host galaxies from the CALIFA survey,gamma_ray_bursts_and_supernovae,Nuclear and High Energy Physics,61041081,61041081,0,,W4291321317,10.1051/0004-6361/201528045,79,157,openalex_v3_query_core,0,,strict,Astrophysics and Cosmic Phenomena,61041081,Astrophysics and Cosmic Phenomena,Astrophysics and Cosmic Phenomena,0,2025
https://openalex.org/W2804314059,2018,The fraction of ionizing radiation from massive stars that escapes to the intergalactic medium,gamma_ray_bursts_and_supernovae,Astronomy and Astrophysics,63203493,63203493,0,,W2804314059,10.1093/mnras/sty3460,79,281,openalex_v3_query_core,0,,strict,Gamma-ray bursts and supernovae,63203493,Gamma-ray bursts and supernovae,Gamma-ray bursts and supernovae,0,2025
https://openalex.org/W4289328150,2018,The demographics of neutron star – white dwarf mergers,gamma_ray_bursts_and_supernovae,Astronomy and Astrophysics,63203493,63203493,0,,W4289328150,10.1051/0004-6361/201833164,79,129,openalex_v3_query_core,0,,strict,Gamma-ray bursts and supernovae,63203493,Gamma-ray bursts and supernovae,Gamma-ray bursts and supernovae,0,2025
https://openalex.org/W2995235749,2020,Search for strongly lensed counterpart images of binary black hole mergers in the first two LIGO observing runs,gamma_ray_bursts_and_supernovae,Astronomy and Astrophysics,60973087,60973087,0,,W2995235749,10.1103/physrevd.102.084031,79,85,openalex_v3_query_core,0,,strict,Pulsars and Gravitational Waves Research,60973087,Pulsars and Gravitational Waves Research,Pulsars and Gravitational Waves Research,0,2025
https://openalex.org/W3080696945,2020,Bounds on axionlike particles from the diffuse supernova flux,gamma_ray_bursts_and_supernovae,Nuclear and High Energy Physics,63152924,63152924,0,,W3080696945,10.1103/physrevd.102.123005,79,104,openalex_v3_query_core,0,,strict,Dark Matter and Cosmic Phenomena,63152924,Dark Matter and Cosmic Phenomena,Dark Matter and Cosmic Phenomena,0,2025
https://openalex.org/W3177939601,2021,r-Process elements from magnetorotational hypernovae,gamma_ray_bursts_and_supernovae,Astronomy and Astrophysics,63203493,63203493,0,,W3177939601,10.1038/s41586-021-03611-2,79,91,openalex_v3_query_core,0,,strict,Gamma-ray bursts and supernovae,63203493,Gamma-ray bursts and supernovae,Gamma-ray bursts and supernovae,0,2025
https://openalex.org/W3207725402,2021,Elucidating cosmological model dependence with $$H_0$$,gamma_ray_bursts_and_supernovae,Astronomy and Astrophysics,60904838,60904838,0,,W3207725402,10.1140/epjc/s10052-021-09708-2,79,154,openalex_v3_query_core,0,,strict,Cosmology and Gravitation Theories,60904838,Cosmology and Gravitation Theories,Cosmology and Gravitation Theories,0,2025
https://openalex.org/W1980064884,2004,Transport of ionizing radiation in terrestrial-like exoplanet atmospheres,gamma_ray_bursts_and_supernovae,Astronomy and Astrophysics,60904056,60904056,0,,W1980064884,10.1016/j.icarus.2004.04.009,78,171,openalex_v3_query_core,0,,strict,"Stellar, planetary, and galactic studies",60904056,"Stellar, planetary, and galactic studies","Stellar, planetary, and galactic studies",0,2025
https://openalex.org/W3098550751,2008,ESC supernova spectroscopy of non-ESC targets,gamma_ray_bursts_and_supernovae,Astronomy and Astrophysics,63203493,63203493,0,,W3098550751,10.1051/0004-6361:20078859/pdf,78,57,openalex_v3_query_core,0,,strict,Gamma-ray bursts and supernovae,63203493,Gamma-ray bursts and supernovae,Gamma-ray bursts and supernovae,0,2025
https://openalex.org/W2013121853,2012,NUMERICAL SIMULATIONS OF OPTICALLY THICK ACCRETION ONTO A BLACK HOLE. I. SPHERICAL CASE,gamma_ray_bursts_and_supernovae,Astronomy and Astrophysics,61024309,61024309,0,,W2013121853,10.1088/0067-0049/201/2/9,78,28,openalex_v3_query_core,0,,strict,Astrophysical Phenomena and Observations,61024309,Astrophysical Phenomena and Observations,Astrophysical Phenomena and Observations,0,2025
https://openalex.org/W2138368334,2012,DYNAMICAL MODEL OF AN EXPANDING SHELL,gamma_ray_bursts_and_supernovae,Astronomy and Astrophysics,63203493,63203493,0,,W2138368334,10.1088/2041-8205/752/1/l8,78,12,openalex_v3_query_core,0,,strict,Gamma-ray bursts and supernovae,63203493,Gamma-ray bursts and supernovae,Gamma-ray bursts and supernovae,0,2025
https://openalex.org/W2609134545,2017,GRB 161219B/SN 2016jca: A low-redshift gamma-ray burst supernova powered by radioactive heating,gamma_ray_bursts_and_supernovae,Astronomy and Astrophysics,63203493,63203493,0,,W2609134545,10.1051/0004-6361/201731005,78,218,openalex_v3_query_core,0,,strict,Gamma-ray bursts and supernovae,63203493,Gamma-ray bursts and supernovae,Gamma-ray bursts and supernovae,0,2025
https://openalex.org/W3025178510,2020,Physical Processes in Star Formation,gamma_ray_bursts_and_supernovae,Astronomy and Astrophysics,60973222,60973222,0,,W3025178510,10.1007/s11214-020-00693-8,78,428,openalex_v3_query_core,0,,strict,Astrophysics and Star Formation Studies,60973222,Astrophysics and Star Formation Studies,Astrophysics and Star Formation Studies,0,2025
https://openalex.org/W3040562908,2020,Supernova triggers for end-Devonian extinctions,gamma_ray_bursts_and_supernovae,Astronomy and Astrophysics,60955404,60955404,0,,W3040562908,10.1073/pnas.2013774117,78,49,openalex_v3_query_core,0,,strict,Astro and Planetary Science,60955404,Astro and Planetary Science,Astro and Planetary Science,0,2025
https://openalex.org/W4310439180,2022,The Birth of a Relativistic Jet Following the Disruption of a Star by a Cosmological Black Hole,gamma_ray_bursts_and_supernovae,Nuclear and High Energy Physics,61041081,61041081,0,,W4310439180,10.1038/s41550-022-01820-x,78,133,openalex_v3_query_core,0,,strict,Astrophysics and Cosmic Phenomena,61041081,Astrophysics and Cosmic Phenomena,Astrophysics and Cosmic Phenomena,0,2025
https://openalex.org/W4376125561,2023,A Data Science Platform to Enable Time-domain Astronomy,gamma_ray_bursts_and_supernovae,Astronomy and Astrophysics,60973087,60973087,0,,W4376125561,10.3847/1538-4365/acdee1,78,132,openalex_v3_query_core,0,,strict,Pulsars and Gravitational Waves Research,60973087,Pulsars and Gravitational Waves Research,Pulsars and Gravitational Waves Research,0,2025
https://openalex.org/W2006956058,2004,Assessment of a high-resolution central scheme for thesolution of the relativistic hydrodynamics equations,gamma_ray_bursts_and_supernovae,Computational Mechanics,60921735,60921735,0,,W2006956058,10.1051/0004-6361:20035731,77,36,openalex_v3_query_core,0,,strict,Computational Fluid Dynamics and Aerodynamics,60921735,Computational Fluid Dynamics and Aerodynamics,Computational Fluid Dynamics and Aerodynamics,0,2025
https://openalex.org/W2102122816,2005,Upper limits on gravitational wave bursts in LIGO’s second science run,gamma_ray_bursts_and_supernovae,Astronomy and Astrophysics,60973087,60973087,0,,W2102122816,10.1103/physrevd.72.062001,77,44,openalex_v3_query_core,0,,strict,Pulsars and Gravitational Waves Research,60973087,Pulsars and Gravitational Waves Research,Pulsars and Gravitational Waves Research,0,2025
https://openalex.org/W2082827248,2006,Calibration of gamma-ray burst luminosity indicators,gamma_ray_bursts_and_supernovae,Astronomy and Astrophysics,63203493,63203493,0,,W2082827248,10.1111/j.1745-3933.2006.00169.x,77,49,openalex_v3_query_core,0,,strict,Gamma-ray bursts and supernovae,63203493,Gamma-ray bursts and supernovae,Gamma-ray bursts and supernovae,0,2025
https://openalex.org/W2016414777,2007,Late‐Time Convection in the Collapse of a 23<i>M</i><sub>⊙</sub>Star,gamma_ray_bursts_and_supernovae,Astronomy and Astrophysics,63203493,63203493,0,,W2016414777,10.1086/513003,77,61,openalex_v3_query_core,0,,strict,Gamma-ray bursts and supernovae,63203493,Gamma-ray bursts and supernovae,Gamma-ray bursts and supernovae,0,2025
https://openalex.org/W4295989156,2010,Hot subdwarf stars in close-up view,gamma_ray_bursts_and_supernovae,Astronomy and Astrophysics,60904056,60904056,0,,W4295989156,10.1051/0004-6361/201014465,77,91,openalex_v3_query_core,0,,strict,"Stellar, planetary, and galactic studies",60904056,"Stellar, planetary, and galactic studies","Stellar, planetary, and galactic studies",0,2025
https://openalex.org/W2151015634,2014,Observational properties of low-redshift pair instability supernovae,gamma_ray_bursts_and_supernovae,Astronomy and Astrophysics,63203493,63203493,0,,W2151015634,10.1051/0004-6361/201423447,77,86,openalex_v3_query_core,0,,strict,Gamma-ray bursts and supernovae,63203493,Gamma-ray bursts and supernovae,Gamma-ray bursts and supernovae,0,2025
https://openalex.org/W1787662648,2015,GAMMA-RAY AND HARD X-RAY EMISSION FROM PULSAR-AIDED SUPERNOVAE AS A PROBE OF PARTICLE ACCELERATION IN EMBRYONIC PULSAR WIND NEBULAE,gamma_ray_bursts_and_supernovae,Astronomy and Astrophysics,63203493,63203493,0,,W1787662648,10.1088/0004-637x/805/1/82,77,75,openalex_v3_query_core,0,,strict,Gamma-ray bursts and supernovae,63203493,Gamma-ray bursts and supernovae,Gamma-ray bursts and supernovae,0,2025
https://openalex.org/W2122383486,2016,Three-dimensional analytical description of magnetized winds from oblique pulsars,gamma_ray_bursts_and_supernovae,Astronomy and Astrophysics,60973087,60973087,0,,W2122383486,10.1093/mnras/stv2869,77,66,openalex_v3_query_core,0,,strict,Pulsars and Gravitational Waves Research,60973087,Pulsars and Gravitational Waves Research,Pulsars and Gravitational Waves Research,0,2025
https://openalex.org/W2525127206,2017,ON THE EARLY-TIME EXCESS EMISSION IN HYDROGEN-POOR SUPERLUMINOUS SUPERNOVAE,gamma_ray_bursts_and_supernovae,Astronomy and Astrophysics,63203493,63203493,0,,W2525127206,10.3847/1538-4357/835/1/58,77,120,openalex_v3_query_core,0,,strict,Gamma-ray bursts and supernovae,63203493,Gamma-ray bursts and supernovae,Gamma-ray bursts and supernovae,0,2025
https://openalex.org/W3021801554,2020,Multi-scale simulations of particle acceleration in astrophysical systems,gamma_ray_bursts_and_supernovae,Nuclear and High Energy Physics,61041081,61041081,0,,W3021801554,10.1007/s41115-020-0007-6,77,851,openalex_v3_query_core,0,,strict,Astrophysics and Cosmic Phenomena,61041081,Astrophysics and Cosmic Phenomena,Astrophysics and Cosmic Phenomena,0,2025
https://openalex.org/W3100901018,2020,ON THE METAL AVERSION OF LGRBS,gamma_ray_bursts_and_supernovae,Astronomy and Astrophysics,63203493,63203493,0,,W3100901018,10.1051/978-2-7598-1002-4-068,77,85,openalex_v3_query_core,0,,strict,Gamma-ray bursts and supernovae,63203493,Gamma-ray bursts and supernovae,Gamma-ray bursts and supernovae,0,2025
https://openalex.org/W3174433538,2021,Chronicling the Host Galaxy Properties of the Remarkable Repeating FRB 20201124A,gamma_ray_bursts_and_supernovae,Astronomy and Astrophysics,60973087,60973087,0,,W3174433538,10.3847/2041-8213/ac242b,77,123,openalex_v3_query_core,0,,strict,Pulsars and Gravitational Waves Research,60973087,Pulsars and Gravitational Waves Research,Pulsars and Gravitational Waves Research,0,2025
https://openalex.org/W4399362331,2024,Theoretical and experimental constraints for the equation of state of dense and hot matter,gamma_ray_bursts_and_supernovae,Nuclear and High Energy Physics,60989728,60989728,0,,W4399362331,10.1007/s41114-024-00049-6,77,734,openalex_v3_query_core,0,,strict,High-Energy Particle Collisions Research,60989728,High-Energy Particle Collisions Research,High-Energy Particle Collisions Research,0,2025
https://openalex.org/W2043114904,1998,Giant Shells and Stellar Arcs as Relics of Gamma-Ray Burst Explosions,gamma_ray_bursts_and_supernovae,Astronomy and Astrophysics,63203493,63203493,0,,W2043114904,10.1086/311468,76,49,openalex_v3_query_core,0,,strict,Gamma-ray bursts and supernovae,63203493,Gamma-ray bursts and supernovae,Gamma-ray bursts and supernovae,0,2025
https://openalex.org/W2074483524,2000,<i>Cosmology and Particle Astrophysics</i>,gamma_ray_bursts_and_supernovae,Astronomy and Astrophysics,63306980,63306980,0,,W2074483524,10.1063/1.883006,76,0,openalex_v3_query_core,0,,strict,Relativity and Gravitational Theory,63306980,Relativity and Gravitational Theory,Relativity and Gravitational Theory,0,2025
https://openalex.org/W2042230275,2002,A Case for Renewed Activity in the Giant Radio Galaxy J0116−473,gamma_ray_bursts_and_supernovae,Astronomy and Astrophysics,60903922,60903922,0,,W2042230275,10.1086/324600,76,29,openalex_v3_query_core,0,,strict,"Galaxies: Formation, Evolution, Phenomena",60903922,"Galaxies: Formation, Evolution, Phenomena","Galaxies: Formation, Evolution, Phenomena",0,2025
https://openalex.org/W1575568247,2004,Type Ia supernova rate at a redshift of ~0.1,gamma_ray_bursts_and_supernovae,Astronomy and Astrophysics,63203493,63203493,0,,W1575568247,10.1051/0004-6361:20035948,76,29,openalex_v3_query_core,0,,strict,Gamma-ray bursts and supernovae,63203493,Gamma-ray bursts and supernovae,Gamma-ray bursts and supernovae,0,2025
https://openalex.org/W2007322325,2004,The X‐Ray and Radio Emission from SN 2002ap: The Importance of Compton Scattering,gamma_ray_bursts_and_supernovae,Astronomy and Astrophysics,63203493,63203493,0,,W2007322325,10.1086/382584,76,27,openalex_v3_query_core,0,,strict,Gamma-ray bursts and supernovae,63203493,Gamma-ray bursts and supernovae,Gamma-ray bursts and supernovae,0,2025
https://openalex.org/W1971905842,2005,A new method optimized to use gamma-ray bursts as cosmic rulers,gamma_ray_bursts_and_supernovae,Astronomy and Astrophysics,63203493,63203493,0,,W1971905842,10.1111/j.1745-3933.2005.00023.x,76,33,openalex_v3_query_core,0,,strict,Gamma-ray bursts and supernovae,63203493,Gamma-ray bursts and supernovae,Gamma-ray bursts and supernovae,0,2025
https://openalex.org/W2158507620,2005,"Jets, structured outflows and energy injection in gamma-ray burst afterglows: numerical modelling",gamma_ray_bursts_and_supernovae,Astronomy and Astrophysics,63203493,63203493,0,,W2158507620,10.1111/j.1365-2966.2005.09532.x,76,97,openalex_v3_query_core,0,,strict,Gamma-ray bursts and supernovae,63203493,Gamma-ray bursts and supernovae,Gamma-ray bursts and supernovae,0,2025
https://openalex.org/W3099978583,2005,The Radio and X-ray Luminous SN 2003bg and Circumstellar Density Variations Around Radio Supernovae,gamma_ray_bursts_and_supernovae,Astronomy and Astrophysics,63203493,63203493,0,,W3099978583,,76,63,openalex_v3_query_core,0,,strict,Gamma-ray bursts and supernovae,63203493,Gamma-ray bursts and supernovae,Gamma-ray bursts and supernovae,0,2025
https://openalex.org/W2116491030,2006,On the spectral lags of the short gamma-ray bursts,gamma_ray_bursts_and_supernovae,Astronomy and Astrophysics,63203493,63203493,0,,W2116491030,10.1111/j.1365-2966.2006.10083.x,76,73,openalex_v3_query_core,0,,strict,Gamma-ray bursts and supernovae,63203493,Gamma-ray bursts and supernovae,Gamma-ray bursts and supernovae,0,2025
https://openalex.org/W2112587052,2010,SEARCH FOR GRAVITATIONAL-WAVE BURSTS ASSOCIATED WITH GAMMA-RAY BURSTS USING DATA FROM LIGO SCIENCE RUN 5 AND VIRGO SCIENCE RUN 1,gamma_ray_bursts_and_supernovae,Astronomy and Astrophysics,63203493,63203493,0,,W2112587052,10.1088/0004-637x/715/2/1438,76,30,openalex_v3_query_core,0,,strict,Gamma-ray bursts and supernovae,63203493,Gamma-ray bursts and supernovae,Gamma-ray bursts and supernovae,0,2025
https://openalex.org/W1522694405,2014,Possible Role of Gamma Ray Bursts on Life Extinction in the Universe,gamma_ray_bursts_and_supernovae,Astronomy and Astrophysics,63203493,63203493,0,,W1522694405,10.1103/physrevlett.113.231102,76,52,openalex_v3_query_core,0,,strict,Gamma-ray bursts and supernovae,63203493,Gamma-ray bursts and supernovae,Gamma-ray bursts and supernovae,0,2025
https://openalex.org/W4393047118,2014,"Introduction to General Relativity, Black Holes, and Cosmology",gamma_ray_bursts_and_supernovae,Astronomy and Astrophysics,60904838,60904838,0,,W4393047118,10.1093/oso/9780199666454.001.0001,76,22,openalex_v3_query_core,0,,strict,Cosmology and Gravitation Theories,60904838,Cosmology and Gravitation Theories,Cosmology and Gravitation Theories,0,2025
https://openalex.org/W1591846644,2015,The Lyman α signature of the first galaxies,gamma_ray_bursts_and_supernovae,Astronomy and Astrophysics,60903922,60903922,0,,W1591846644,10.1093/mnras/stv565,76,130,openalex_v3_query_core,0,,strict,"Galaxies: Formation, Evolution, Phenomena",60903922,"Galaxies: Formation, Evolution, Phenomena","Galaxies: Formation, Evolution, Phenomena",0,2025
https://openalex.org/W2552708734,2017,Search for Gravitational Waves Associated with Gamma-Ray Bursts during the First Advanced LIGO Observing Run and Implications for the Origin of GRB 150906B,gamma_ray_bursts_and_supernovae,Astronomy and Astrophysics,63203493,63203493,0,,W2552708734,10.3847/1538-4357/aa6c47,76,177,openalex_v3_query_core,0,,strict,Gamma-ray bursts and supernovae,63203493,Gamma-ray bursts and supernovae,Gamma-ray bursts and supernovae,0,2025
https://openalex.org/W2560131433,2017,Two New Calcium-rich Gap Transients in Group and Cluster Environments,gamma_ray_bursts_and_supernovae,Nuclear and High Energy Physics,61058366,61058366,0,,W2560131433,10.3847/1538-4357/836/1/60,76,99,openalex_v3_query_core,0,,strict,Neutrino Physics Research,61058366,Neutrino Physics Research,Neutrino Physics Research,0,2025
https://openalex.org/W2604158597,2018,Gamma-ray Burst Prompt Correlations: Selection and Instrumental Effects,gamma_ray_bursts_and_supernovae,Astronomy and Astrophysics,63203493,63203493,0,,W2604158597,10.1088/1538-3873/aaa8d7,76,144,openalex_v3_query_core,0,,strict,Gamma-ray bursts and supernovae,63203493,Gamma-ray bursts and supernovae,Gamma-ray bursts and supernovae,0,2025
https://openalex.org/W3104450009,2018,Non-standard s-process in massive rotating stars - Yields of 10–150 M⊙ models at Z = 10E−3,gamma_ray_bursts_and_supernovae,Astronomy and Astrophysics,60904056,60904056,0,,W3104450009,,76,155,openalex_v3_query_core,0,,strict,"Stellar, planetary, and galactic studies",60904056,"Stellar, planetary, and galactic studies","Stellar, planetary, and galactic studies",0,2025
https://openalex.org/W3135882471,2021,Radio Observations of an Ordinary Outflow from the Tidal Disruption Event AT2019dsg,gamma_ray_bursts_and_supernovae,Astronomy and Astrophysics,63203493,63203493,0,,W3135882471,10.3847/1538-4357/ac110a,76,52,openalex_v3_query_core,0,,strict,Gamma-ray bursts and supernovae,63203493,Gamma-ray bursts and supernovae,Gamma-ray bursts and supernovae,0,2025
https://openalex.org/W3165292854,2021,The Gamma-ray Window to Intergalactic Magnetism,gamma_ray_bursts_and_supernovae,Nuclear and High Energy Physics,61041081,61041081,0,,W3165292854,10.3390/universe7070223,76,380,openalex_v3_query_core,0,,strict,Astrophysics and Cosmic Phenomena,61041081,Astrophysics and Cosmic Phenomena,Astrophysics and Cosmic Phenomena,0,2025
https://openalex.org/W3196655716,2021,Observable signatures of enhanced axion emission from protoneutron stars,gamma_ray_bursts_and_supernovae,Nuclear and High Energy Physics,63152924,63152924,0,,W3196655716,10.1103/physrevd.104.103012,76,104,openalex_v3_query_core,0,,strict,Dark Matter and Cosmic Phenomena,63152924,Dark Matter and Cosmic Phenomena,Dark Matter and Cosmic Phenomena,0,2025
https://openalex.org/W3099113843,1998,Giant Shells and Stellar Arcs as Relics of $\\gamma$ Ray Burst Explosions,gamma_ray_bursts_and_supernovae,Astronomy and Astrophysics,63203493,63203493,0,,W3099113843,,75,54,openalex_v3_query_core,0,,strict,Gamma-ray bursts and supernovae,63203493,Gamma-ray bursts and supernovae,Gamma-ray bursts and supernovae,0,2025
https://openalex.org/W2067905410,2001,Host galaxies of gamma-ray bursts: Spectral energy distributions and internal extinction,gamma_ray_bursts_and_supernovae,Astronomy and Astrophysics,63203493,63203493,0,,W2067905410,10.1051/0004-6361:20010512,75,37,openalex_v3_query_core,0,,strict,Gamma-ray bursts and supernovae,63203493,Gamma-ray bursts and supernovae,Gamma-ray bursts and supernovae,0,2025
https://openalex.org/W1967372880,2003,High Energy Neutrinos from Gamma-Ray Bursts with Precursor Supernovae,gamma_ray_bursts_and_supernovae,Astronomy and Astrophysics,63203493,63203493,0,,W1967372880,10.1103/physrevlett.90.241103,75,25,openalex_v3_query_core,0,,strict,Gamma-ray bursts and supernovae,63203493,Gamma-ray bursts and supernovae,Gamma-ray bursts and supernovae,0,2025
https://openalex.org/W2067646768,2007,Magnetorotational Collapse of Population III Stars,gamma_ray_bursts_and_supernovae,Astronomy and Astrophysics,60973087,60973087,0,,W2067646768,10.1093/pasj/59.4.771,75,55,openalex_v3_query_core,0,,strict,Pulsars and Gravitational Waves Research,60973087,Pulsars and Gravitational Waves Research,Pulsars and Gravitational Waves Research,0,2025
https://openalex.org/W2132466553,2008,On the dynamics of proto-neutron star winds and r-process nucleosynthesis,gamma_ray_bursts_and_supernovae,Nuclear and High Energy Physics,60904836,60904836,0,,W2132466553,10.1051/0004-6361:200810292,75,64,openalex_v3_query_core,0,,strict,Nuclear physics research studies,60904836,Nuclear physics research studies,Nuclear physics research studies,0,2025
https://openalex.org/W2157929741,2012,The photometric system of the Tsinghua-NAOC 80-cm telescope at NAOC Xinglong Observatory,gamma_ray_bursts_and_supernovae,Astronomy and Astrophysics,63203493,63203493,0,,W2157929741,10.1088/1674-4527/12/11/012,75,29,openalex_v3_query_core,0,,strict,Gamma-ray bursts and supernovae,63203493,Gamma-ray bursts and supernovae,Gamma-ray bursts and supernovae,0,2025
https://openalex.org/W1977655745,2014,SN 2011hs: a fast and faint Type IIb supernova from a supergiant progenitor,gamma_ray_bursts_and_supernovae,Astronomy and Astrophysics,63203493,63203493,0,,W1977655745,10.1093/mnras/stu065,75,132,openalex_v3_query_core,0,,strict,Gamma-ray bursts and supernovae,63203493,Gamma-ray bursts and supernovae,Gamma-ray bursts and supernovae,0,2025
https://openalex.org/W3103949605,2014,Electron-capture supernovae exploding within their progenitor wind,gamma_ray_bursts_and_supernovae,Astronomy and Astrophysics,63203493,63203493,0,,W3103949605,10.1051/0004-6361/201424264/pdf,75,92,openalex_v3_query_core,0,,strict,Gamma-ray bursts and supernovae,63203493,Gamma-ray bursts and supernovae,Gamma-ray bursts and supernovae,0,2025
https://openalex.org/W2892118283,2018,Observatory science with eXTP,gamma_ray_bursts_and_supernovae,Astronomy and Astrophysics,63203493,63203493,0,,W2892118283,10.1007/s11433-017-9186-1,75,450,openalex_v3_query_core,0,,strict,Gamma-ray bursts and supernovae,63203493,Gamma-ray bursts and supernovae,Gamma-ray bursts and supernovae,0,2025
https://openalex.org/W3101914299,2018,The first direct double neutron star merger detection: Implications for cosmic nucleosynthesis,gamma_ray_bursts_and_supernovae,Astronomy and Astrophysics,63203493,63203493,0,,W3101914299,10.1051/0004-6361/201732117/pdf,75,117,openalex_v3_query_core,0,,strict,Gamma-ray bursts and supernovae,63203493,Gamma-ray bursts and supernovae,Gamma-ray bursts and supernovae,0,2025
https://openalex.org/W2912495987,2019,"Akmal-Pandharipande-Ravenhall equation of state for simulations of supernovae, neutron stars, and binary mergers",gamma_ray_bursts_and_supernovae,Astronomy and Astrophysics,60973087,60973087,0,,W2912495987,10.1103/physrevc.100.025803,75,113,openalex_v3_query_core,0,,strict,Pulsars and Gravitational Waves Research,60973087,Pulsars and Gravitational Waves Research,Pulsars and Gravitational Waves Research,0,2025
https://openalex.org/W3091565661,2021,Sensitivity of the Cherenkov Telescope Array for probing cosmology and fundamental physics with gamma-ray propagation,gamma_ray_bursts_and_supernovae,Nuclear and High Energy Physics,61041081,61041081,0,,W3091565661,10.1088/1475-7516/2021/02/048,75,185,openalex_v3_query_core,0,,strict,Astrophysics and Cosmic Phenomena,61041081,Astrophysics and Cosmic Phenomena,Astrophysics and Cosmic Phenomena,0,2025
https://openalex.org/W3208259367,2021,"Towards testing the theory of gravity with DESI: summary statistics, model predictions and future simulation requirements",gamma_ray_bursts_and_supernovae,Astronomy and Astrophysics,60903922,60903922,0,,W3208259367,10.1088/1475-7516/2021/11/050,75,445,openalex_v3_query_core,0,,strict,"Galaxies: Formation, Evolution, Phenomena",60903922,"Galaxies: Formation, Evolution, Phenomena","Galaxies: Formation, Evolution, Phenomena",0,2025
https://openalex.org/W2028221992,2002,Discovery of a Black Hole Mass‐Period Correlation in Soft X‐Ray Transients and Its Implication for Gamma‐Ray Burst and Hypernova Mechanisms,gamma_ray_bursts_and_supernovae,Astronomy and Astrophysics,63203493,63203493,0,,W2028221992,10.1086/341349,74,60,openalex_v3_query_core,0,,strict,Gamma-ray bursts and supernovae,63203493,Gamma-ray bursts and supernovae,Gamma-ray bursts and supernovae,0,2025
https://openalex.org/W2149470209,2004,Relic neutrino absorption spectroscopy,gamma_ray_bursts_and_supernovae,Nuclear and High Energy Physics,61041081,61041081,0,,W2149470209,10.1103/physrevd.70.023007,74,116,openalex_v3_query_core,0,,strict,Astrophysics and Cosmic Phenomena,61041081,Astrophysics and Cosmic Phenomena,Astrophysics and Cosmic Phenomena,0,2025
https://openalex.org/W2099953756,2009,AN INTENSIVE<i>HUBBLE SPACE TELESCOPE</i>SURVEY FOR<i>z</i>&gt;1 TYPE Ia SUPERNOVAE BY TARGETING GALAXY CLUSTERS,gamma_ray_bursts_and_supernovae,Astronomy and Astrophysics,63203493,63203493,0,,W2099953756,10.1088/0004-6256/138/5/1271,74,126,openalex_v3_query_core,0,,strict,Gamma-ray bursts and supernovae,63203493,Gamma-ray bursts and supernovae,Gamma-ray bursts and supernovae,0,2025
https://openalex.org/W2034143689,2014,Are gamma-ray bursts the sources of ultra-high energy cosmic rays?,gamma_ray_bursts_and_supernovae,Astronomy and Astrophysics,63203493,63203493,0,,W2034143689,10.1016/j.astropartphys.2014.07.007,74,125,openalex_v3_query_core,0,,strict,Gamma-ray bursts and supernovae,63203493,Gamma-ray bursts and supernovae,Gamma-ray bursts and supernovae,0,2025
https://openalex.org/W2550173125,2016,DISCOVERY OF A TRANSIENT GAMMA-RAY COUNTERPART TO FRB 131104,gamma_ray_bursts_and_supernovae,Astronomy and Astrophysics,63203493,63203493,0,,W2550173125,10.3847/2041-8205/832/1/l1,74,70,openalex_v3_query_core,0,,strict,Gamma-ray bursts and supernovae,63203493,Gamma-ray bursts and supernovae,Gamma-ray bursts and supernovae,0,2025
https://openalex.org/W2618828062,2017,The Braking Index of Millisecond Magnetars,gamma_ray_bursts_and_supernovae,Astronomy and Astrophysics,63203493,63203493,0,,W2618828062,10.3847/2041-8213/aa79a7,74,44,openalex_v3_query_core,0,,strict,Gamma-ray bursts and supernovae,63203493,Gamma-ray bursts and supernovae,Gamma-ray bursts and supernovae,0,2025
https://openalex.org/W2611727770,2018,"The GRB–SLSN connection: misaligned magnetars, weak jet emergence, and observational signatures",gamma_ray_bursts_and_supernovae,Astronomy and Astrophysics,63203493,63203493,0,,W2611727770,10.1093/mnras/sty013,74,217,openalex_v3_query_core,0,,strict,Gamma-ray bursts and supernovae,63203493,Gamma-ray bursts and supernovae,Gamma-ray bursts and supernovae,0,2025
https://openalex.org/W2912908653,2019,Long-term trajectories of human civilization,gamma_ray_bursts_and_supernovae,Astronomy and Astrophysics,65521019,65521019,0,,W2912908653,10.1108/fs-04-2018-0037,74,123,openalex_v3_query_core,0,,strict,Space Science and Extraterrestrial Life,65521019,Space Science and Extraterrestrial Life,Space Science and Extraterrestrial Life,0,2025
https://openalex.org/W4385975180,2023,Overview of the advanced x-ray imaging satellite (AXIS),gamma_ray_bursts_and_supernovae,Astronomy and Astrophysics,61024309,61024309,0,,W4385975180,10.1117/12.2677468,74,71,openalex_v3_query_core,0,,strict,Astrophysical Phenomena and Observations,61024309,Astrophysical Phenomena and Observations,Astrophysical Phenomena and Observations,0,2025
https://openalex.org/W2101029583,2004,Type Ia supernova SN 2003du: Optical observations,gamma_ray_bursts_and_supernovae,Astronomy and Astrophysics,63203493,63203493,0,,W2101029583,10.1051/0004-6361:20041687,73,37,openalex_v3_query_core,0,,strict,Gamma-ray bursts and supernovae,63203493,Gamma-ray bursts and supernovae,Gamma-ray bursts and supernovae,0,2025
https://openalex.org/W2140797276,2006,X-ray emission from radiative shocks in type II supernovae,gamma_ray_bursts_and_supernovae,Astronomy and Astrophysics,63203493,63203493,0,,W2140797276,10.1051/0004-6361:20054169,73,90,openalex_v3_query_core,0,,strict,Gamma-ray bursts and supernovae,63203493,Gamma-ray bursts and supernovae,Gamma-ray bursts and supernovae,0,2025
https://openalex.org/W1795896233,2011,Scorpio On the 6m Telescope: Current State and Perspectives for Spectroscopy of Galactic and Extragalactic Objects,gamma_ray_bursts_and_supernovae,Instrumentation,65554423,65554423,0,,W1795896233,10.1515/astro-2017-0305,73,6,openalex_v3_query_core,0,,strict,Astronomy and Astrophysical Research,65554423,Astronomy and Astrophysical Research,Astronomy and Astrophysical Research,0,2025
https://openalex.org/W2107535257,2011,Nuclear astrophysics: the unfinished quest for the origin of the elements,gamma_ray_bursts_and_supernovae,Astronomy and Astrophysics,63203493,63203493,0,,W2107535257,10.1088/0034-4885/74/9/096901,73,602,openalex_v3_query_core,0,,strict,Gamma-ray bursts and supernovae,63203493,Gamma-ray bursts and supernovae,Gamma-ray bursts and supernovae,0,2025
https://openalex.org/W2134232417,2013,Rotation and internal structure of Population III protostars,gamma_ray_bursts_and_supernovae,Astronomy and Astrophysics,63203493,63203493,0,,W2134232417,10.1093/mnras/stt264,73,158,openalex_v3_query_core,0,,strict,Gamma-ray bursts and supernovae,63203493,Gamma-ray bursts and supernovae,Gamma-ray bursts and supernovae,0,2025
https://openalex.org/W2971497054,2014,Diversity of gamma-ray burst energetics vs. supernova homogeneity: SN 2013cq associated with GRB 130427A,gamma_ray_bursts_and_supernovae,Astronomy and Astrophysics,63203493,63203493,0,,W2971497054,10.1051/0004-6361/201423572,73,109,openalex_v3_query_core,0,,strict,Gamma-ray bursts and supernovae,63203493,Gamma-ray bursts and supernovae,Gamma-ray bursts and supernovae,0,2025
https://openalex.org/W2099604834,2015,Two-component flux explanation for the high energy neutrino events at IceCube,gamma_ray_bursts_and_supernovae,Nuclear and High Energy Physics,61041081,61041081,0,,W2099604834,10.1103/physrevd.92.073001,73,158,openalex_v3_query_core,0,,strict,Astrophysics and Cosmic Phenomena,61041081,Astrophysics and Cosmic Phenomena,Astrophysics and Cosmic Phenomena,0,2025
https://openalex.org/W2292977717,2016,Search for astrophysical tau neutrinos in three years of IceCube data,gamma_ray_bursts_and_supernovae,Nuclear and High Energy Physics,61041081,61041081,0,,W2292977717,10.1103/physrevd.93.022001,73,49,openalex_v3_query_core,0,,strict,Astrophysics and Cosmic Phenomena,61041081,Astrophysics and Cosmic Phenomena,Astrophysics and Cosmic Phenomena,0,2025
https://openalex.org/W2604011573,2017,Gamma Ray Burst afterglow and prompt-afterglow relations: An overview,gamma_ray_bursts_and_supernovae,Astronomy and Astrophysics,63203493,63203493,0,,W2604011573,10.1016/j.newar.2017.04.001,73,158,openalex_v3_query_core,0,,strict,Gamma-ray bursts and supernovae,63203493,Gamma-ray bursts and supernovae,Gamma-ray bursts and supernovae,0,2025
https://openalex.org/W2620483121,2017,Predicting the Presence of Companions for Stripped-envelope Supernovae: The Case of the Broad-lined Type Ic SN 2002ap,gamma_ray_bursts_and_supernovae,Astronomy and Astrophysics,63203493,63203493,0,,W2620483121,10.3847/1538-4357/aa7467,73,189,openalex_v3_query_core,0,,strict,Gamma-ray bursts and supernovae,63203493,Gamma-ray bursts and supernovae,Gamma-ray bursts and supernovae,0,2025
https://openalex.org/W2901214648,2019,Axion couplings to electroweak gauge bosons,gamma_ray_bursts_and_supernovae,Nuclear and High Energy Physics,60904186,60904186,0,,W2901214648,10.1140/epjc/s10052-019-6732-5,73,53,openalex_v3_query_core,0,,strict,Particle physics theoretical and experimental studies,60904186,Particle physics theoretical and experimental studies,Particle physics theoretical and experimental studies,0,2025
https://openalex.org/W2955724339,2019,The tidal disruption event AT2017eqx: spectroscopic evolution from hydrogen rich to poor suggests an atmosphere and outflow,gamma_ray_bursts_and_supernovae,Astronomy and Astrophysics,61024309,61024309,0,,W2955724339,10.1093/mnras/stz1837,73,155,openalex_v3_query_core,0,,strict,Astrophysical Phenomena and Observations,61024309,Astrophysical Phenomena and Observations,Astrophysical Phenomena and Observations,0,2025
https://openalex.org/W3087903429,2020,On the formation of GW190814,gamma_ray_bursts_and_supernovae,Astronomy and Astrophysics,60973087,60973087,0,,W3087903429,10.1093/mnras/staa3372,73,188,openalex_v3_query_core,0,,strict,Pulsars and Gravitational Waves Research,60973087,Pulsars and Gravitational Waves Research,Pulsars and Gravitational Waves Research,0,2025
https://openalex.org/W3205010816,2021,Recent progress of laboratory astrophysics with intense lasers,gamma_ray_bursts_and_supernovae,Nuclear and High Energy Physics,60956189,60956189,0,,W3205010816,10.1017/hpl.2021.35,73,156,openalex_v3_query_core,0,,strict,Laser-Plasma Interactions and Diagnostics,60956189,Laser-Plasma Interactions and Diagnostics,Laser-Plasma Interactions and Diagnostics,0,2025
https://openalex.org/W3211086472,2022,Quasar cosmology: dark energy evolution and spatial curvature,gamma_ray_bursts_and_supernovae,Astronomy and Astrophysics,60904838,60904838,0,,W3211086472,10.1093/mnras/stac1941,73,76,openalex_v3_query_core,0,,strict,Cosmology and Gravitation Theories,60904838,Cosmology and Gravitation Theories,Cosmology and Gravitation Theories,0,2025
https://openalex.org/W4293830450,2022,Cosmic Explorer: A Next-Generation Ground-Based Gravitational-Wave Observatory,gamma_ray_bursts_and_supernovae,Astronomy and Astrophysics,60973087,60973087,0,,W4293830450,10.3390/galaxies10040090,73,158,openalex_v3_query_core,0,,strict,Pulsars and Gravitational Waves Research,60973087,Pulsars and Gravitational Waves Research,Pulsars and Gravitational Waves Research,0,2025
https://openalex.org/W2007220419,2002,"Gamma-Ray Bursts, Supernova Kicks, and Gravitational Radiation",gamma_ray_bursts_and_supernovae,Astronomy and Astrophysics,63203493,63203493,0,,W2007220419,10.1086/345288,72,34,openalex_v3_query_core,0,,strict,Gamma-ray bursts and supernovae,63203493,Gamma-ray bursts and supernovae,Gamma-ray bursts and supernovae,0,2025
https://openalex.org/W2021807007,2003,On the diversity of short gamma-ray bursts,gamma_ray_bursts_and_supernovae,Astronomy and Astrophysics,63203493,63203493,0,,W2021807007,10.1046/j.1365-8711.2003.06889.x,72,38,openalex_v3_query_core,0,,strict,Gamma-ray bursts and supernovae,63203493,Gamma-ray bursts and supernovae,Gamma-ray bursts and supernovae,0,2025
https://openalex.org/W3105093745,2004,An XMM-Newton view of the cluster of galaxies Abell 85,gamma_ray_bursts_and_supernovae,Astronomy and Astrophysics,60903922,60903922,0,,W3105093745,10.48550/arxiv.astro-ph/0411527,72,47,openalex_v3_query_core,0,,strict,"Galaxies: Formation, Evolution, Phenomena",60903922,"Galaxies: Formation, Evolution, Phenomena","Galaxies: Formation, Evolution, Phenomena",0,2025
https://openalex.org/W2049049122,2006,Accretion Modes in Collapsars: Prospects for Gamma‐Ray Burst Production,gamma_ray_bursts_and_supernovae,Astronomy and Astrophysics,63203493,63203493,0,,W2049049122,10.1086/500533,72,64,openalex_v3_query_core,0,,strict,Gamma-ray bursts and supernovae,63203493,Gamma-ray bursts and supernovae,Gamma-ray bursts and supernovae,0,2025
https://openalex.org/W2123678809,2006,Gravitational wave background from magnetars,gamma_ray_bursts_and_supernovae,Astronomy and Astrophysics,60973087,60973087,0,,W2123678809,10.1051/0004-6361:20053702,72,40,openalex_v3_query_core,0,,strict,Pulsars and Gravitational Waves Research,60973087,Pulsars and Gravitational Waves Research,Pulsars and Gravitational Waves Research,0,2025
https://openalex.org/W2949352313,2008,Testing neutrino flavor mixing plus decay with neutrino telescopes,gamma_ray_bursts_and_supernovae,Nuclear and High Energy Physics,61041081,61041081,0,,W2949352313,10.1088/1126-6708/2008/07/064,72,74,openalex_v3_query_core,0,,strict,Astrophysics and Cosmic Phenomena,61041081,Astrophysics and Cosmic Phenomena,Astrophysics and Cosmic Phenomena,0,2025
https://openalex.org/W2015657219,2010,DISCOVERY OF SN 2009nz ASSOCIATED WITH GRB 091127,gamma_ray_bursts_and_supernovae,Astronomy and Astrophysics,63203493,63203493,0,,W2015657219,10.1088/2041-8205/718/2/l150,72,51,openalex_v3_query_core,0,,strict,Gamma-ray bursts and supernovae,63203493,Gamma-ray bursts and supernovae,Gamma-ray bursts and supernovae,0,2025
https://openalex.org/W2047395121,2010,THE SUBLUMINOUS SUPERNOVA 2007qd: A MISSING LINK IN A FAMILY OF LOW-LUMINOSITY TYPE Ia SUPERNOVAE,gamma_ray_bursts_and_supernovae,Astronomy and Astrophysics,63203493,63203493,0,,W2047395121,10.1088/0004-637x/720/1/704,72,112,openalex_v3_query_core,0,,strict,Gamma-ray bursts and supernovae,63203493,Gamma-ray bursts and supernovae,Gamma-ray bursts and supernovae,0,2025
https://openalex.org/W2135110676,2010,The 3-D structure of SN 1987A's inner ejecta,gamma_ray_bursts_and_supernovae,Astronomy and Astrophysics,63203493,63203493,0,,W2135110676,10.1051/0004-6361/201014538,72,44,openalex_v3_query_core,0,,strict,Gamma-ray bursts and supernovae,63203493,Gamma-ray bursts and supernovae,Gamma-ray bursts and supernovae,0,2025
https://openalex.org/W2167642064,2012,On the association between core-collapse supernovae and H ii regions,gamma_ray_bursts_and_supernovae,Astronomy and Astrophysics,63203493,63203493,0,,W2167642064,10.1093/mnras/sts145,72,164,openalex_v3_query_core,0,,strict,Gamma-ray bursts and supernovae,63203493,Gamma-ray bursts and supernovae,Gamma-ray bursts and supernovae,0,2025
https://openalex.org/W1966067006,2013,Combustion of a neutron star into a strange quark star: The neutrino signal,gamma_ray_bursts_and_supernovae,Astronomy and Astrophysics,60973087,60973087,0,,W1966067006,10.1103/physrevd.87.103007,72,70,openalex_v3_query_core,0,,strict,Pulsars and Gravitational Waves Research,60973087,Pulsars and Gravitational Waves Research,Pulsars and Gravitational Waves Research,0,2025
https://openalex.org/W2148610494,2013,The metals-to-dust ratio to very low metallicities using GRB and QSO absorbers; extremely rapid dust formation,gamma_ray_bursts_and_supernovae,Astronomy and Astrophysics,63203493,63203493,0,,W2148610494,10.1051/0004-6361/201321413,72,78,openalex_v3_query_core,0,,strict,Gamma-ray bursts and supernovae,63203493,Gamma-ray bursts and supernovae,Gamma-ray bursts and supernovae,0,2025
https://openalex.org/W2058867484,2014,The variability time-scales and brightness temperatures of radio flares from stars to supermassive black holes,gamma_ray_bursts_and_supernovae,Astronomy and Astrophysics,60973087,60973087,0,,W2058867484,10.1093/mnras/stu2335,72,142,openalex_v3_query_core,0,,strict,Pulsars and Gravitational Waves Research,60973087,Pulsars and Gravitational Waves Research,Pulsars and Gravitational Waves Research,0,2025
https://openalex.org/W2168241564,2014,"The long helical jet of the Lighthouse nebula, IGR J11014-6103",gamma_ray_bursts_and_supernovae,Astronomy and Astrophysics,60973087,60973087,0,,W2168241564,10.1051/0004-6361/201322588,72,71,openalex_v3_query_core,0,,strict,Pulsars and Gravitational Waves Research,60973087,Pulsars and Gravitational Waves Research,Pulsars and Gravitational Waves Research,0,2025
https://openalex.org/W2169801287,2014,SN 2010MB: DIRECT EVIDENCE FOR A SUPERNOVA INTERACTING WITH A LARGE AMOUNT OF HYDROGEN-FREE CIRCUMSTELLAR MATERIAL,gamma_ray_bursts_and_supernovae,Astronomy and Astrophysics,63203493,63203493,0,,W2169801287,10.1088/0004-637x/785/1/37,72,102,openalex_v3_query_core,0,,strict,Gamma-ray bursts and supernovae,63203493,Gamma-ray bursts and supernovae,Gamma-ray bursts and supernovae,0,2025
https://openalex.org/W2194526421,2015,DISCOVERY OF THE MASSIVE OVERCONTACT BINARY VFTS 352: EVIDENCE FOR ENHANCED INTERNAL MIXING,gamma_ray_bursts_and_supernovae,Astronomy and Astrophysics,63203493,63203493,0,,W2194526421,10.1088/0004-637x/812/2/102,72,86,openalex_v3_query_core,0,,strict,Gamma-ray bursts and supernovae,63203493,Gamma-ray bursts and supernovae,Gamma-ray bursts and supernovae,0,2025
https://openalex.org/W3105571708,2015,Massive stars on the verge of exploding: the properties of oxygen sequence Wolf-Rayet stars,gamma_ray_bursts_and_supernovae,Astronomy and Astrophysics,63203493,63203493,0,,W3105571708,10.1051/0004-6361/201425390,72,76,openalex_v3_query_core,0,,strict,Gamma-ray bursts and supernovae,63203493,Gamma-ray bursts and supernovae,Gamma-ray bursts and supernovae,0,2025
https://openalex.org/W3101997804,2016,Unveiling the Secrets of Metallicity and Massive Star Formation Using DLAs Along Gamma-Ray Bursts,gamma_ray_bursts_and_supernovae,Astronomy and Astrophysics,63203493,63203493,0,,W3101997804,,72,181,openalex_v3_query_core,0,,strict,Gamma-ray bursts and supernovae,63203493,Gamma-ray bursts and supernovae,Gamma-ray bursts and supernovae,0,2025
https://openalex.org/W2609695804,2017,A Statistical Study of Superluminous Supernovae Using the Magnetar Engine Model and Implications for Their Connection with Gamma-Ray Bursts and Hypernovae,gamma_ray_bursts_and_supernovae,Astronomy and Astrophysics,63203493,63203493,0,,W2609695804,10.3847/1538-4357/aa6c27,72,101,openalex_v3_query_core,0,,strict,Gamma-ray bursts and supernovae,63203493,Gamma-ray bursts and supernovae,Gamma-ray bursts and supernovae,0,2025
https://openalex.org/W2624957476,2017,"iPTF 16asu: A Luminous, Rapidly Evolving, and High-velocity Supernova",gamma_ray_bursts_and_supernovae,Astronomy and Astrophysics,63203493,63203493,0,,W2624957476,10.3847/1538-4357/aa99de,72,150,openalex_v3_query_core,0,,strict,Gamma-ray bursts and supernovae,63203493,Gamma-ray bursts and supernovae,Gamma-ray bursts and supernovae,0,2025
https://openalex.org/W2910858589,2019,A new delay time distribution for merging neutron stars tested against Galactic and cosmic data,gamma_ray_bursts_and_supernovae,Astronomy and Astrophysics,63203493,63203493,0,,W2910858589,10.1093/mnras/stz991,72,124,openalex_v3_query_core,0,,strict,Gamma-ray bursts and supernovae,63203493,Gamma-ray bursts and supernovae,Gamma-ray bursts and supernovae,0,2025
https://openalex.org/W3008024158,2020,Fast Radio Bursts from Interacting Binary Neutron Star Systems,gamma_ray_bursts_and_supernovae,Astronomy and Astrophysics,60973087,60973087,0,,W3008024158,10.3847/2041-8213/ab7244,72,108,openalex_v3_query_core,0,,strict,Pulsars and Gravitational Waves Research,60973087,Pulsars and Gravitational Waves Research,Pulsars and Gravitational Waves Research,0,2025
https://openalex.org/W3048698438,2020,Simulations of Early Kilonova Emission from Neutron Star Mergers,gamma_ray_bursts_and_supernovae,Astronomy and Astrophysics,63203493,63203493,0,,W3048698438,10.3847/1538-4357/abae61,72,93,openalex_v3_query_core,0,,strict,Gamma-ray bursts and supernovae,63203493,Gamma-ray bursts and supernovae,Gamma-ray bursts and supernovae,0,2025
https://openalex.org/W3115405356,2021,Testing late-time cosmic acceleration with uncorrelated baryon acoustic oscillation dataset,gamma_ray_bursts_and_supernovae,Astronomy and Astrophysics,60904838,60904838,0,,W3115405356,10.1051/0004-6361/202039502/pdf,72,164,openalex_v3_query_core,0,,strict,Cosmology and Gravitation Theories,60904838,Cosmology and Gravitation Theories,Cosmology and Gravitation Theories,0,2025
https://openalex.org/W3190027412,2022,Stellar triples on the edge,gamma_ray_bursts_and_supernovae,Astronomy and Astrophysics,60904056,60904056,0,,W3190027412,10.1051/0004-6361/202141991,72,247,openalex_v3_query_core,0,,strict,"Stellar, planetary, and galactic studies",60904056,"Stellar, planetary, and galactic studies","Stellar, planetary, and galactic studies",0,2025
https://openalex.org/W4308392110,2022,Magnetorotational supernovae: a nucleosynthetic analysis of sophisticated 3D models,gamma_ray_bursts_and_supernovae,Astronomy and Astrophysics,63203493,63203493,0,,W4308392110,10.1093/mnras/stac3185,72,299,openalex_v3_query_core,0,,strict,Gamma-ray bursts and supernovae,63203493,Gamma-ray bursts and supernovae,Gamma-ray bursts and supernovae,0,2025
https://openalex.org/W4321614851,2023,Neutrino transport in general relativistic neutron star merger simulations,gamma_ray_bursts_and_supernovae,Astronomy and Astrophysics,60973087,60973087,0,,W4321614851,10.1007/s41115-023-00016-y,72,222,openalex_v3_query_core,0,,strict,Pulsars and Gravitational Waves Research,60973087,Pulsars and Gravitational Waves Research,Pulsars and Gravitational Waves Research,0,2025
https://openalex.org/W2082688467,1999,Central engines for gamma-ray bursts,gamma_ray_bursts_and_supernovae,Astronomy and Astrophysics,63203493,63203493,0,,W2082688467,10.1051/aas:1999325,71,0,openalex_v3_query_core,0,,strict,Gamma-ray bursts and supernovae,63203493,Gamma-ray bursts and supernovae,Gamma-ray bursts and supernovae,0,2025
https://openalex.org/W3000347973,2000,Numerical Hydrodynamics in General Relativity,gamma_ray_bursts_and_supernovae,Computational Mechanics,60921735,60921735,0,,W3000347973,10.12942/lrr-2000-2,71,223,openalex_v3_query_core,0,,strict,Computational Fluid Dynamics and Aerodynamics,60921735,Computational Fluid Dynamics and Aerodynamics,Computational Fluid Dynamics and Aerodynamics,0,2025
https://openalex.org/W2025033511,2005,An<i>HST</i>Study of the Supernovae Accompanying GRB 040924 and GRB 041006,gamma_ray_bursts_and_supernovae,Astronomy and Astrophysics,63203493,63203493,0,,W2025033511,10.1086/498009,71,46,openalex_v3_query_core,0,,strict,Gamma-ray bursts and supernovae,63203493,Gamma-ray bursts and supernovae,Gamma-ray bursts and supernovae,0,2025
https://openalex.org/W2044038606,2005,Deep Photometry of GRB 041006 Afterglow: Hypernova Bump at Redshift <i>z</i> = 0.716,gamma_ray_bursts_and_supernovae,Astronomy and Astrophysics,63203493,63203493,0,,W2044038606,10.1086/431361,71,34,openalex_v3_query_core,0,,strict,Gamma-ray bursts and supernovae,63203493,Gamma-ray bursts and supernovae,Gamma-ray bursts and supernovae,0,2025
https://openalex.org/W2158629251,2007,A deeper search for the progenitor of the Type Ic supernova 2002ap,gamma_ray_bursts_and_supernovae,Astronomy and Astrophysics,63203493,63203493,0,,W2158629251,10.1111/j.1365-2966.2007.12283.x,71,70,openalex_v3_query_core,0,,strict,Gamma-ray bursts and supernovae,63203493,Gamma-ray bursts and supernovae,Gamma-ray bursts and supernovae,0,2025
https://openalex.org/W2167307022,2007,General relativistic simulations of passive-magneto-rotational core collapse with microphysics,gamma_ray_bursts_and_supernovae,Astronomy and Astrophysics,60973087,60973087,0,,W2167307022,10.1051/0004-6361:20077432,71,106,openalex_v3_query_core,0,,strict,Pulsars and Gravitational Waves Research,60973087,Pulsars and Gravitational Waves Research,Pulsars and Gravitational Waves Research,0,2025
https://openalex.org/W2062887178,2008,Constraints on the magnetic field geometry of magnetars,gamma_ray_bursts_and_supernovae,Astronomy and Astrophysics,60973087,60973087,0,,W2062887178,10.1111/j.1365-2966.2008.12977.x,71,20,openalex_v3_query_core,0,,strict,Pulsars and Gravitational Waves Research,60973087,Pulsars and Gravitational Waves Research,Pulsars and Gravitational Waves Research,0,2025
https://openalex.org/W2123788926,2008,Intrinsic properties of a complete sample of<i>HETE</i>-2 gamma-ray bursts,gamma_ray_bursts_and_supernovae,Astronomy and Astrophysics,63203493,63203493,0,,W2123788926,10.1051/0004-6361:200809709,71,133,openalex_v3_query_core,0,,strict,Gamma-ray bursts and supernovae,63203493,Gamma-ray bursts and supernovae,Gamma-ray bursts and supernovae,0,2025
https://openalex.org/W2078907077,2012,SWIFT FOLLOW-UP OBSERVATIONS OF CANDIDATE GRAVITATIONAL-WAVE TRANSIENT EVENTS,gamma_ray_bursts_and_supernovae,Astronomy and Astrophysics,60973087,60973087,0,,W2078907077,10.1088/0067-0049/203/2/28,71,73,openalex_v3_query_core,0,,strict,Pulsars and Gravitational Waves Research,60973087,Pulsars and Gravitational Waves Research,Pulsars and Gravitational Waves Research,0,2025
https://openalex.org/W1973082052,2013,Ultrahigh energy cosmic ray nuclei from extragalactic pulsars and the effect of their Galactic counterparts,gamma_ray_bursts_and_supernovae,Nuclear and High Energy Physics,61041081,61041081,0,,W1973082052,10.1088/1475-7516/2013/03/010,71,131,openalex_v3_query_core,0,,strict,Astrophysics and Cosmic Phenomena,61041081,Astrophysics and Cosmic Phenomena,Astrophysics and Cosmic Phenomena,0,2025
https://openalex.org/W2039546793,2013,TAKING THE “UN” OUT OF “UNNOVAE”,gamma_ray_bursts_and_supernovae,Astronomy and Astrophysics,63203493,63203493,0,,W2039546793,10.1088/2041-8205/768/1/l14,71,42,openalex_v3_query_core,0,,strict,Gamma-ray bursts and supernovae,63203493,Gamma-ray bursts and supernovae,Gamma-ray bursts and supernovae,0,2025
https://openalex.org/W2171307798,2013,SUPERLUMINOUS X-RAYS FROM A SUPERLUMINOUS SUPERNOVA,gamma_ray_bursts_and_supernovae,Astronomy and Astrophysics,63203493,63203493,0,,W2171307798,10.1088/0004-637x/771/2/136,71,56,openalex_v3_query_core,0,,strict,Gamma-ray bursts and supernovae,63203493,Gamma-ray bursts and supernovae,Gamma-ray bursts and supernovae,0,2025
https://openalex.org/W2071751087,2015,A unified explanation for the supernova rate-galaxy mass dependence based on supernovae detected in Sloan galaxy spectra,gamma_ray_bursts_and_supernovae,Astronomy and Astrophysics,63203493,63203493,0,,W2071751087,10.1093/mnras/stv713,71,174,openalex_v3_query_core,0,,strict,Gamma-ray bursts and supernovae,63203493,Gamma-ray bursts and supernovae,Gamma-ray bursts and supernovae,0,2025
https://openalex.org/W2793953883,2018,SN 2017ein and the Possible First Identification of a Type Ic Supernova Progenitor,gamma_ray_bursts_and_supernovae,Astronomy and Astrophysics,63203493,63203493,0,,W2793953883,10.3847/1538-4357/aac32c,71,93,openalex_v3_query_core,0,,strict,Gamma-ray bursts and supernovae,63203493,Gamma-ray bursts and supernovae,Gamma-ray bursts and supernovae,0,2025
https://openalex.org/W2945962475,2019,Gravitational wave standard sirens and cosmological parameter measurement,gamma_ray_bursts_and_supernovae,Astronomy and Astrophysics,60973087,60973087,0,,W2945962475,10.1007/s11433-019-9445-7,71,28,openalex_v3_query_core,0,,strict,Pulsars and Gravitational Waves Research,60973087,Pulsars and Gravitational Waves Research,Pulsars and Gravitational Waves Research,0,2025
https://openalex.org/W2982610777,2020,Neutrino emission characteristics of black hole formation in three-dimensional simulations of stellar collapse,gamma_ray_bursts_and_supernovae,Nuclear and High Energy Physics,61058366,61058366,0,,W2982610777,10.1103/physrevd.101.123013,71,163,openalex_v3_query_core,0,,strict,Neutrino Physics Research,61058366,Neutrino Physics Research,Neutrino Physics Research,0,2025
https://openalex.org/W3035030159,2020,"Search for Axionlike-Particle-Induced Prompt <mml:math xmlns:mml=""http://www.w3.org/1998/Math/MathML"" display=""inline""><mml:mi>γ</mml:mi></mml:math>-Ray Emission from Extragalactic Core-Collapse Supernovae with the <i>Fermi</i> Large Area Telescope",gamma_ray_bursts_and_supernovae,Nuclear and High Energy Physics,63152924,63152924,0,,W3035030159,10.1103/physrevlett.124.231101,71,87,openalex_v3_query_core,0,,strict,Dark Matter and Cosmic Phenomena,63152924,Dark Matter and Cosmic Phenomena,Dark Matter and Cosmic Phenomena,0,2025
https://openalex.org/W4389670870,2023,A shock flash breaking out of a dusty red supergiant,gamma_ray_bursts_and_supernovae,Astronomy and Astrophysics,63203493,63203493,0,,W4389670870,10.1038/s41586-023-06843-6,71,85,openalex_v3_query_core,0,,strict,Gamma-ray bursts and supernovae,63203493,Gamma-ray bursts and supernovae,Gamma-ray bursts and supernovae,0,2025
https://openalex.org/W4390721572,2024,Which Came First: Supermassive Black Holes or Galaxies? Insights from JWST,gamma_ray_bursts_and_supernovae,Astronomy and Astrophysics,60903922,60903922,0,,W4390721572,10.3847/2041-8213/ad1bf0,71,92,openalex_v3_query_core,0,,strict,"Galaxies: Formation, Evolution, Phenomena",60903922,"Galaxies: Formation, Evolution, Phenomena","Galaxies: Formation, Evolution, Phenomena",0,2025
https://openalex.org/W4406601803,2025,Science objectives of the Einstein Probe mission,gamma_ray_bursts_and_supernovae,Astronomy and Astrophysics,61024309,61024309,0,,W4406601803,10.1007/s11433-024-2600-3,71,750,openalex_v3_query_core,0,,strict,Astrophysical Phenomena and Observations,61024309,Astrophysical Phenomena and Observations,Astrophysical Phenomena and Observations,0,2025
https://openalex.org/W2143144429,2008,Properties of WNh stars in the Small Magellanic Cloud: evidence for homogeneous evolution,gamma_ray_bursts_and_supernovae,Astronomy and Astrophysics,60904056,60904056,0,,W2143144429,10.1051/0004-6361:200811014,70,102,openalex_v3_query_core,0,,strict,"Stellar, planetary, and galactic studies",60904056,"Stellar, planetary, and galactic studies","Stellar, planetary, and galactic studies",0,2025
https://openalex.org/W2120075609,2010,The Wolf-Rayet features and mass–metallicity relation of long-duration gamma-ray burst host galaxies,gamma_ray_bursts_and_supernovae,Astronomy and Astrophysics,63203493,63203493,0,,W2120075609,10.1051/0004-6361/200912475,70,108,openalex_v3_query_core,0,,strict,Gamma-ray bursts and supernovae,63203493,Gamma-ray bursts and supernovae,Gamma-ray bursts and supernovae,0,2025
https://openalex.org/W2036529572,2012,Supernovae and their host galaxies,gamma_ray_bursts_and_supernovae,Astronomy and Astrophysics,63203493,63203493,0,,W2036529572,10.1051/0004-6361/201219541,70,128,openalex_v3_query_core,0,,strict,Gamma-ray bursts and supernovae,63203493,Gamma-ray bursts and supernovae,Gamma-ray bursts and supernovae,0,2025
https://openalex.org/W1480929260,2013,First stars and reionization: Spinstars,gamma_ray_bursts_and_supernovae,Astronomy and Astrophysics,60904056,60904056,0,,W1480929260,10.1002/asna.201311902,70,95,openalex_v3_query_core,0,,strict,"Stellar, planetary, and galactic studies",60904056,"Stellar, planetary, and galactic studies","Stellar, planetary, and galactic studies",0,2025
https://openalex.org/W2114645217,2015,SN 2013dx associated with GRB 130702A: a detailed photometric and spectroscopic monitoring and a study of the environment,gamma_ray_bursts_and_supernovae,Astronomy and Astrophysics,63203493,63203493,0,,W2114645217,10.1051/0004-6361/201425381,70,111,openalex_v3_query_core,0,,strict,Gamma-ray bursts and supernovae,63203493,Gamma-ray bursts and supernovae,Gamma-ray bursts and supernovae,0,2025
https://openalex.org/W2276550722,2016,The atlas<sup>3D</sup>Project – XXXI. Nuclear radio emission in nearby early-type galaxies,gamma_ray_bursts_and_supernovae,Astronomy and Astrophysics,60903922,60903922,0,,W2276550722,10.1093/mnras/stw391,70,258,openalex_v3_query_core,0,,strict,"Galaxies: Formation, Evolution, Phenomena",60903922,"Galaxies: Formation, Evolution, Phenomena","Galaxies: Formation, Evolution, Phenomena",0,2025
https://openalex.org/W2795020952,2018,Dust in Supernovae and Supernova Remnants I: Formation Scenarios,gamma_ray_bursts_and_supernovae,Astronomy and Astrophysics,63203493,63203493,0,,W2795020952,10.1007/s11214-018-0492-7,70,328,openalex_v3_query_core,0,,strict,Gamma-ray bursts and supernovae,63203493,Gamma-ray bursts and supernovae,Gamma-ray bursts and supernovae,0,2025
https://openalex.org/W2912532785,2019,Observable signatures of dark photons from supernovae,gamma_ray_bursts_and_supernovae,Nuclear and High Energy Physics,63152924,63152924,0,,W2912532785,10.1007/jhep02(2019)171,70,27,openalex_v3_query_core,0,,strict,Dark Matter and Cosmic Phenomena,63152924,Dark Matter and Cosmic Phenomena,Dark Matter and Cosmic Phenomena,0,2025
https://openalex.org/W2946465845,2019,Observational constraints on interacting Tsallis holographic dark energy model,gamma_ray_bursts_and_supernovae,Astronomy and Astrophysics,60904838,60904838,0,,W2946465845,10.1140/epjc/s10052-019-7263-9,70,75,openalex_v3_query_core,0,,strict,Cosmology and Gravitation Theories,60904838,Cosmology and Gravitation Theories,Cosmology and Gravitation Theories,0,2025
https://openalex.org/W3048944965,2021,Exciting prospects for detecting late-time neutrinos from core-collapse supernovae,gamma_ray_bursts_and_supernovae,Nuclear and High Energy Physics,61058366,61058366,0,,W3048944965,10.1103/physrevd.103.023016,70,251,openalex_v3_query_core,0,,strict,Neutrino Physics Research,61058366,Neutrino Physics Research,Neutrino Physics Research,0,2025
https://openalex.org/W4210360777,2022,The spins of compact objects born from helium stars in binary systems,gamma_ray_bursts_and_supernovae,Astronomy and Astrophysics,60973087,60973087,0,,W4210360777,10.1093/mnras/stac317,70,163,openalex_v3_query_core,0,,strict,Pulsars and Gravitational Waves Research,60973087,Pulsars and Gravitational Waves Research,Pulsars and Gravitational Waves Research,0,2025
https://openalex.org/W4361223970,2023,Updated constraints on axion-like particles from temporal information in supernova SN1987A gamma-ray data,gamma_ray_bursts_and_supernovae,Nuclear and High Energy Physics,63152924,63152924,0,,W4361223970,10.1088/1475-7516/2023/03/054,70,89,openalex_v3_query_core,0,,strict,Dark Matter and Cosmic Phenomena,63152924,Dark Matter and Cosmic Phenomena,Dark Matter and Cosmic Phenomena,0,2025
https://openalex.org/W4377104275,2023,Axion-sourced fireballs from supernovae,gamma_ray_bursts_and_supernovae,Nuclear and High Energy Physics,63152924,63152924,0,,W4377104275,10.1103/physrevd.107.103029,70,48,openalex_v3_query_core,0,,strict,Dark Matter and Cosmic Phenomena,63152924,Dark Matter and Cosmic Phenomena,Dark Matter and Cosmic Phenomena,0,2025
https://openalex.org/W2032139951,2002,Supernova 1998bw – the final phases,gamma_ray_bursts_and_supernovae,Astronomy and Astrophysics,63203493,63203493,0,,W2032139951,10.1051/0004-6361:20020326,69,51,openalex_v3_query_core,0,,strict,Gamma-ray bursts and supernovae,63203493,Gamma-ray bursts and supernovae,Gamma-ray bursts and supernovae,0,2025
https://openalex.org/W2951353869,2006,The GRB 060218/SN 2006aj Event in the Context of other Gamma-Ray Burst Supernovae,gamma_ray_bursts_and_supernovae,Astronomy and Astrophysics,63203493,63203493,0,,W2951353869,10.1051/0004-6361:20065530/pdf,69,47,openalex_v3_query_core,0,,strict,Gamma-ray bursts and supernovae,63203493,Gamma-ray bursts and supernovae,Gamma-ray bursts and supernovae,0,2025
https://openalex.org/W1850642249,2007,Nonthermal Gamma‐Ray/X‐Ray Flashes from Shock Breakout in Gamma‐Ray Burst–Associated Supernovae,gamma_ray_bursts_and_supernovae,Astronomy and Astrophysics,63203493,63203493,0,,W1850642249,10.1086/519228,69,60,openalex_v3_query_core,0,,strict,Gamma-ray bursts and supernovae,63203493,Gamma-ray bursts and supernovae,Gamma-ray bursts and supernovae,0,2025
https://openalex.org/W1968158717,2007,Deducing the Lifetime of Short Gamma‐Ray Burst Progenitors from Host Galaxy Demography,gamma_ray_bursts_and_supernovae,Astronomy and Astrophysics,63203493,63203493,0,,W1968158717,10.1086/519544,69,69,openalex_v3_query_core,0,,strict,Gamma-ray bursts and supernovae,63203493,Gamma-ray bursts and supernovae,Gamma-ray bursts and supernovae,0,2025
https://openalex.org/W2030334243,2008,GRB 071003: Broadband Follow‐up Observations of a Very Bright Gamma‐Ray Burst in a Galactic Halo,gamma_ray_bursts_and_supernovae,Astronomy and Astrophysics,63203493,63203493,0,,W2030334243,10.1086/591961,69,109,openalex_v3_query_core,0,,strict,Gamma-ray bursts and supernovae,63203493,Gamma-ray bursts and supernovae,Gamma-ray bursts and supernovae,0,2025
https://openalex.org/W2109915997,2011,Implications for the origin of short gamma-ray bursts from their observed positions around their host galaxies,gamma_ray_bursts_and_supernovae,Astronomy and Astrophysics,63203493,63203493,0,,W2109915997,10.1111/j.1365-2966.2011.18277.x,69,40,openalex_v3_query_core,0,,strict,Gamma-ray bursts and supernovae,63203493,Gamma-ray bursts and supernovae,Gamma-ray bursts and supernovae,0,2025
https://openalex.org/W2897962810,2012,The fast evolution of SN 2010bh associated with XRF 100316D,gamma_ray_bursts_and_supernovae,Astronomy and Astrophysics,63203493,63203493,0,,W2897962810,10.1051/0004-6361/201117929,69,185,openalex_v3_query_core,0,,strict,Gamma-ray bursts and supernovae,63203493,Gamma-ray bursts and supernovae,Gamma-ray bursts and supernovae,0,2025
https://openalex.org/W2104950841,2014,FIRST SEARCHES FOR OPTICAL COUNTERPARTS TO GRAVITATIONAL-WAVE CANDIDATE EVENTS,gamma_ray_bursts_and_supernovae,Astronomy and Astrophysics,60973087,60973087,0,,W2104950841,10.1088/0067-0049/211/1/7,69,131,openalex_v3_query_core,0,,strict,Pulsars and Gravitational Waves Research,60973087,Pulsars and Gravitational Waves Research,Pulsars and Gravitational Waves Research,0,2025
https://openalex.org/W2114730923,2014,THE HOST GALAXIES OF FAST-EJECTA CORE-COLLAPSE SUPERNOVAE,gamma_ray_bursts_and_supernovae,Astronomy and Astrophysics,63203493,63203493,0,,W2114730923,10.1088/0004-637x/789/1/23,69,91,openalex_v3_query_core,0,,strict,Gamma-ray bursts and supernovae,63203493,Gamma-ray bursts and supernovae,Gamma-ray bursts and supernovae,0,2025
https://openalex.org/W2325435942,2014,Probing the anisotropic expansion from supernovae and GRBs in a model-independent way,gamma_ray_bursts_and_supernovae,Astronomy and Astrophysics,63203493,63203493,0,,W2325435942,10.1093/mnras/stu1279,69,72,openalex_v3_query_core,0,,strict,Gamma-ray bursts and supernovae,63203493,Gamma-ray bursts and supernovae,Gamma-ray bursts and supernovae,0,2025
https://openalex.org/W2027994652,2015,UNVEILING THE SECRETS OF METALLICITY AND MASSIVE STAR FORMATION USING DLAS ALONG GAMMA-RAY BURSTS,gamma_ray_bursts_and_supernovae,Astronomy and Astrophysics,63203493,63203493,0,,W2027994652,10.1088/0004-637x/804/1/51,69,138,openalex_v3_query_core,0,,strict,Gamma-ray bursts and supernovae,63203493,Gamma-ray bursts and supernovae,Gamma-ray bursts and supernovae,0,2025
https://openalex.org/W2953559353,2019,New constraint from supernova explosions on light particles beyond the Standard Model,gamma_ray_bursts_and_supernovae,Nuclear and High Energy Physics,63152924,63152924,0,,W2953559353,10.1103/physrevd.99.121305,69,71,openalex_v3_query_core,0,,strict,Dark Matter and Cosmic Phenomena,63152924,Dark Matter and Cosmic Phenomena,Dark Matter and Cosmic Phenomena,0,2025
https://openalex.org/W3098092149,2019,Neutron Star Mergers Might Not Be the Only Source of r -process Elements in the Milky Way,gamma_ray_bursts_and_supernovae,Astronomy and Astrophysics,63203493,63203493,0,,W3098092149,,69,268,openalex_v3_query_core,0,,strict,Gamma-ray bursts and supernovae,63203493,Gamma-ray bursts and supernovae,Gamma-ray bursts and supernovae,0,2025
https://openalex.org/W3100378343,2019,Axion couplings to electroweak gauge bosons,gamma_ray_bursts_and_supernovae,Nuclear and High Energy Physics,63152924,63152924,0,,W3100378343,,69,70,openalex_v3_query_core,0,,strict,Dark Matter and Cosmic Phenomena,63152924,Dark Matter and Cosmic Phenomena,Dark Matter and Cosmic Phenomena,0,2025
https://openalex.org/W3045892923,2020,Fundamental physics with the diffuse supernova background neutrinos,gamma_ray_bursts_and_supernovae,Nuclear and High Energy Physics,61041081,61041081,0,,W3045892923,10.1103/physrevd.102.123012,69,151,openalex_v3_query_core,0,,strict,Astrophysics and Cosmic Phenomena,61041081,Astrophysics and Cosmic Phenomena,Astrophysics and Cosmic Phenomena,0,2025
https://openalex.org/W4407007408,2025,"Neutrino cosmology after DESI: tightest mass upper limits, preference for the normal ordering, and tension with terrestrial observations",gamma_ray_bursts_and_supernovae,Astronomy and Astrophysics,60904838,60904838,0,,W4407007408,10.1088/1475-7516/2025/01/153,69,376,openalex_v3_query_core,0,,strict,Cosmology and Gravitation Theories,60904838,Cosmology and Gravitation Theories,Cosmology and Gravitation Theories,0,2025
https://openalex.org/W2121699477,2005,The first generation of star-forming haloes,gamma_ray_bursts_and_supernovae,Astronomy and Astrophysics,60903922,60903922,0,,W2121699477,10.1111/j.1365-2966.2005.09416.x,68,103,openalex_v3_query_core,0,,strict,"Galaxies: Formation, Evolution, Phenomena",60903922,"Galaxies: Formation, Evolution, Phenomena","Galaxies: Formation, Evolution, Phenomena",0,2025
https://openalex.org/W1963877303,2007,A Spectacular Radio Flare from XRF 050416a at 40 Days and Implications for the Nature of X‐Ray Flashes,gamma_ray_bursts_and_supernovae,Astronomy and Astrophysics,63203493,63203493,0,,W1963877303,10.1086/515562,68,107,openalex_v3_query_core,0,,strict,Gamma-ray bursts and supernovae,63203493,Gamma-ray bursts and supernovae,Gamma-ray bursts and supernovae,0,2025
https://openalex.org/W2161014703,2007,Enhanced cosmological GRB rates and implications for cosmogenic neutrinos,gamma_ray_bursts_and_supernovae,Astronomy and Astrophysics,63203493,63203493,0,,W2161014703,10.1103/physrevd.75.083004,68,193,openalex_v3_query_core,0,,strict,Gamma-ray bursts and supernovae,63203493,Gamma-ray bursts and supernovae,Gamma-ray bursts and supernovae,0,2025
https://openalex.org/W1986720126,2011,"Cosmography: Supernovae Union2, Baryon Acoustic Oscillation, observational Hubble data and Gamma ray bursts",gamma_ray_bursts_and_supernovae,Astronomy and Astrophysics,60904838,60904838,0,,W1986720126,10.1016/j.physletb.2011.06.091,68,61,openalex_v3_query_core,0,,strict,Cosmology and Gravitation Theories,60904838,Cosmology and Gravitation Theories,Cosmology and Gravitation Theories,0,2025
https://openalex.org/W2099213486,2012,Multimessengers from Core-Collapse Supernovae: Multidimensionality as a Key to Bridge Theory and Observation,gamma_ray_bursts_and_supernovae,Astronomy and Astrophysics,63203493,63203493,0,,W2099213486,10.1155/2012/428757,68,300,openalex_v3_query_core,0,,strict,Gamma-ray bursts and supernovae,63203493,Gamma-ray bursts and supernovae,Gamma-ray bursts and supernovae,0,2025
https://openalex.org/W2140589851,2013,BINSTAR: a new binary stellar evolution code. Tidal interactions,gamma_ray_bursts_and_supernovae,Astronomy and Astrophysics,60904056,60904056,0,,W2140589851,10.1051/0004-6361/201220327,68,75,openalex_v3_query_core,0,,strict,"Stellar, planetary, and galactic studies",60904056,"Stellar, planetary, and galactic studies","Stellar, planetary, and galactic studies",0,2025
https://openalex.org/W2536063575,2017,Radio Observations of the Tidal Disruption Event XMMSL1 J0740–85,gamma_ray_bursts_and_supernovae,Astronomy and Astrophysics,61024309,61024309,0,,W2536063575,10.3847/1538-4357/aa6192,68,61,openalex_v3_query_core,0,,strict,Astrophysical Phenomena and Observations,61024309,Astrophysical Phenomena and Observations,Astrophysical Phenomena and Observations,0,2025
https://openalex.org/W2609030732,2018,Results from a Systematic Survey of X-Ray Emission from Hydrogen-poor Superluminous SNe,gamma_ray_bursts_and_supernovae,Astronomy and Astrophysics,63203493,63203493,0,,W2609030732,10.3847/1538-4357/aad2df,68,100,openalex_v3_query_core,0,,strict,Gamma-ray bursts and supernovae,63203493,Gamma-ray bursts and supernovae,Gamma-ray bursts and supernovae,0,2025
https://openalex.org/W2946269254,2019,KOOLS–IFU: Kyoto Okayama Optical Low-dispersion Spectrograph with optical-fiber Integral Field Unit,gamma_ray_bursts_and_supernovae,Astronomy and Astrophysics,60973087,60973087,0,,W2946269254,10.1093/pasj/psz087,68,24,openalex_v3_query_core,0,,strict,Pulsars and Gravitational Waves Research,60973087,Pulsars and Gravitational Waves Research,Pulsars and Gravitational Waves Research,0,2025
https://openalex.org/W2792502453,2020,Magnetars: A Short Review and Some Sparse Considerations,gamma_ray_bursts_and_supernovae,Astronomy and Astrophysics,60973087,60973087,0,,W2792502453,10.1007/978-3-662-62110-3_3,68,228,openalex_v3_query_core,0,,strict,Pulsars and Gravitational Waves Research,60973087,Pulsars and Gravitational Waves Research,Pulsars and Gravitational Waves Research,0,2025
https://openalex.org/W2991171769,2020,White paper: from bound states to the continuum,gamma_ray_bursts_and_supernovae,Nuclear and High Energy Physics,60904836,60904836,0,,W2991171769,10.1088/1361-6471/abb129,68,428,openalex_v3_query_core,0,,strict,Nuclear physics research studies,60904836,Nuclear physics research studies,Nuclear physics research studies,0,2025
https://openalex.org/W3103853863,2020,The impact of stellar rotation on the black hole mass-gap from pair-instability supernovae,gamma_ray_bursts_and_supernovae,Astronomy and Astrophysics,60973087,60973087,0,,W3103853863,10.1051/0004-6361/202038902/pdf,68,93,openalex_v3_query_core,0,,strict,Pulsars and Gravitational Waves Research,60973087,Pulsars and Gravitational Waves Research,Pulsars and Gravitational Waves Research,0,2025
https://openalex.org/W3100292135,2021,Measurements of $$H_0$$ and reconstruction of the dark energy properties from a model-independent joint analysis,gamma_ray_bursts_and_supernovae,Astronomy and Astrophysics,60904838,60904838,0,,W3100292135,10.1140/epjc/s10052-021-08925-z,68,84,openalex_v3_query_core,0,,strict,Cosmology and Gravitation Theories,60904838,Cosmology and Gravitation Theories,Cosmology and Gravitation Theories,0,2025
https://openalex.org/W4280500052,2023,An updated nuclear-physics and multi-messenger astrophysics framework for binary neutron star mergers,gamma_ray_bursts_and_supernovae,Astronomy and Astrophysics,63203493,63203493,0,,W4280500052,10.1038/s41467-023-43932-6,68,126,openalex_v3_query_core,0,,strict,Gamma-ray bursts and supernovae,63203493,Gamma-ray bursts and supernovae,Gamma-ray bursts and supernovae,0,2025
https://openalex.org/W4397043333,2024,Gaia’s binary star renaissance,gamma_ray_bursts_and_supernovae,Astronomy and Astrophysics,60904056,60904056,0,,W4397043333,10.1016/j.newar.2024.101694,68,263,openalex_v3_query_core,0,,strict,"Stellar, planetary, and galactic studies",60904056,"Stellar, planetary, and galactic studies","Stellar, planetary, and galactic studies",0,2025
https://openalex.org/W4401193885,2024,Search for Gravitational-lensing Signatures in the Full Third Observing Run of the LIGO–Virgo Network,gamma_ray_bursts_and_supernovae,Astronomy and Astrophysics,60973087,60973087,0,,W4401193885,10.3847/1538-4357/ad3e83,68,182,openalex_v3_query_core,0,,strict,Pulsars and Gravitational Waves Research,60973087,Pulsars and Gravitational Waves Research,Pulsars and Gravitational Waves Research,0,2025
https://openalex.org/W3122019638,2005,"A Complete Survey of the Transient Radio Sky and Implications for Gamma-Ray Bursts, Supernovae, and other Relativistic Explosions",gamma_ray_bursts_and_supernovae,Astronomy and Astrophysics,63203493,63203493,0,,W3122019638,10.48550/arxiv.astro-ph/0508629,67,2,openalex_v3_query_core,0,,strict,Gamma-ray bursts and supernovae,63203493,Gamma-ray bursts and supernovae,Gamma-ray bursts and supernovae,0,2025
https://openalex.org/W2027180848,2008,An analysis of the durations of Swift gamma-ray bursts,gamma_ray_bursts_and_supernovae,Astronomy and Astrophysics,63203493,63203493,0,,W2027180848,10.1051/0004-6361:20079210,67,59,openalex_v3_query_core,0,,strict,Gamma-ray bursts and supernovae,63203493,Gamma-ray bursts and supernovae,Gamma-ray bursts and supernovae,0,2025
https://openalex.org/W2070105278,2010,DARK ENERGY IN PRACTICE,gamma_ray_bursts_and_supernovae,Astronomy and Astrophysics,60904838,60904838,0,,W2070105278,10.1142/s0217751x10050743,67,308,openalex_v3_query_core,0,,strict,Cosmology and Gravitation Theories,60904838,Cosmology and Gravitation Theories,Cosmology and Gravitation Theories,0,2025
https://openalex.org/W2112029588,2011,Compact binaries in star clusters - II. Escapers and detection rates,gamma_ray_bursts_and_supernovae,Astronomy and Astrophysics,60973087,60973087,0,,W2112029588,10.1111/j.1365-2966.2011.19023.x,67,57,openalex_v3_query_core,0,,strict,Pulsars and Gravitational Waves Research,60973087,Pulsars and Gravitational Waves Research,Pulsars and Gravitational Waves Research,0,2025
https://openalex.org/W1894493622,2015,New measurements of Ω<sub>m</sub>from gamma-ray bursts,gamma_ray_bursts_and_supernovae,Astronomy and Astrophysics,63203493,63203493,0,,W1894493622,10.1051/0004-6361/201526461,67,65,openalex_v3_query_core,0,,strict,Gamma-ray bursts and supernovae,63203493,Gamma-ray bursts and supernovae,Gamma-ray bursts and supernovae,0,2025
https://openalex.org/W2081633342,2015,iPTF14yb: THE FIRST DISCOVERY OF A GAMMA-RAY BURST AFTERGLOW INDEPENDENT OF A HIGH-ENERGY TRIGGER,gamma_ray_bursts_and_supernovae,Astronomy and Astrophysics,63203493,63203493,0,,W2081633342,10.1088/2041-8205/803/2/l24,67,60,openalex_v3_query_core,0,,strict,Gamma-ray bursts and supernovae,63203493,Gamma-ray bursts and supernovae,Gamma-ray bursts and supernovae,0,2025
https://openalex.org/W2754356597,2017,Hydrogen-rich supernovae beyond the neutrino-driven core-collapse paradigm,gamma_ray_bursts_and_supernovae,Astronomy and Astrophysics,63203493,63203493,0,,W2754356597,10.1038/s41550-017-0228-8,67,71,openalex_v3_query_core,0,,strict,Gamma-ray bursts and supernovae,63203493,Gamma-ray bursts and supernovae,Gamma-ray bursts and supernovae,0,2025
https://openalex.org/W2993081037,2019,Spectral Analysis of Fermi-LAT Gamma-Ray Bursts with Known Redshift and their Potential Use as Cosmological Standard Candles,gamma_ray_bursts_and_supernovae,Astronomy and Astrophysics,63203493,63203493,0,,W2993081037,10.3847/1538-4357/ab4e11,67,61,openalex_v3_query_core,0,,strict,Gamma-ray bursts and supernovae,63203493,Gamma-ray bursts and supernovae,Gamma-ray bursts and supernovae,0,2025
https://openalex.org/W3005362685,2020,Fermi and Swift Observations of GRB 190114C: Tracing the Evolution of High-energy Emission from Prompt to Afterglow,gamma_ray_bursts_and_supernovae,Astronomy and Astrophysics,63203493,63203493,0,,W3005362685,10.3847/1538-4357/ab5b05,67,88,openalex_v3_query_core,0,,strict,Gamma-ray bursts and supernovae,63203493,Gamma-ray bursts and supernovae,Gamma-ray bursts and supernovae,0,2025
https://openalex.org/W3023355781,2020,A Comparative Study of Host Galaxy Properties between Fast Radio Bursts and Stellar Transients,gamma_ray_bursts_and_supernovae,Astronomy and Astrophysics,63203493,63203493,0,,W3023355781,10.3847/2041-8213/aba907,67,147,openalex_v3_query_core,0,,strict,Gamma-ray bursts and supernovae,63203493,Gamma-ray bursts and supernovae,Gamma-ray bursts and supernovae,0,2025
https://openalex.org/W3108492628,2020,The Optical Luminosity–Time Correlation for More than 100 Gamma-Ray Burst Afterglows,gamma_ray_bursts_and_supernovae,Astronomy and Astrophysics,63203493,63203493,0,,W3108492628,10.3847/2041-8213/abcda9,67,80,openalex_v3_query_core,0,,strict,Gamma-ray bursts and supernovae,63203493,Gamma-ray bursts and supernovae,Gamma-ray bursts and supernovae,0,2025
https://openalex.org/W3137578611,2021,Measuring fundamental jet properties with multiwavelength fast timing of the black hole X-ray binary MAXI J1820+070,gamma_ray_bursts_and_supernovae,Astronomy and Astrophysics,61024309,61024309,0,,W3137578611,10.1093/mnras/stab820,67,132,openalex_v3_query_core,0,,strict,Astrophysical Phenomena and Observations,61024309,Astrophysical Phenomena and Observations,Astrophysical Phenomena and Observations,0,2025
https://openalex.org/W3205396132,2021,A Roadmap to Gamma-Ray Bursts: New Developments and Applications to Cosmology,gamma_ray_bursts_and_supernovae,Astronomy and Astrophysics,63203493,63203493,0,,W3205396132,10.3390/galaxies9040077,67,308,openalex_v3_query_core,0,,strict,Gamma-ray bursts and supernovae,63203493,Gamma-ray bursts and supernovae,Gamma-ray bursts and supernovae,0,2025
https://openalex.org/W3215385962,2022,Partial-envelope stripping and nuclear-timescale mass transfer from evolved supergiants at low metallicity,gamma_ray_bursts_and_supernovae,Astronomy and Astrophysics,60904056,60904056,0,,W3215385962,10.1051/0004-6361/202142701,67,178,openalex_v3_query_core,0,,strict,"Stellar, planetary, and galactic studies",60904056,"Stellar, planetary, and galactic studies","Stellar, planetary, and galactic studies",0,2025
https://openalex.org/W4397023915,2024,The state of the dark energy equation of state circa 2023,gamma_ray_bursts_and_supernovae,Astronomy and Astrophysics,60904838,60904838,0,,W4397023915,10.1088/1475-7516/2024/05/091,67,391,openalex_v3_query_core,0,,strict,Cosmology and Gravitation Theories,60904838,Cosmology and Gravitation Theories,Cosmology and Gravitation Theories,0,2025
https://openalex.org/W2006965259,2000,Compton-dragged Gamma-Ray Bursts Associated with Supernovae,gamma_ray_bursts_and_supernovae,Astronomy and Astrophysics,63203493,63203493,0,,W2006965259,10.1086/312452,66,31,openalex_v3_query_core,0,,strict,Gamma-ray bursts and supernovae,63203493,Gamma-ray bursts and supernovae,Gamma-ray bursts and supernovae,0,2025
https://openalex.org/W3101390968,2001,Host Galaxies of Gamma-ray Bursts: Spectral Energy Distributions and Internal Extinction,gamma_ray_bursts_and_supernovae,Astronomy and Astrophysics,63203493,63203493,0,,W3101390968,10.1051/0004-6361:20010512/pdf,66,42,openalex_v3_query_core,0,,strict,Gamma-ray bursts and supernovae,63203493,Gamma-ray bursts and supernovae,Gamma-ray bursts and supernovae,0,2025
https://openalex.org/W2117832995,2004,Ultra High Energy Cosmic Rays,gamma_ray_bursts_and_supernovae,Nuclear and High Energy Physics,61041081,61041081,0,,W2117832995,10.1071/as03047,66,140,openalex_v3_query_core,0,,strict,Astrophysics and Cosmic Phenomena,61041081,Astrophysics and Cosmic Phenomena,Astrophysics and Cosmic Phenomena,0,2025
https://openalex.org/W1510927183,2005,Core‐Collapse Supernovae with Nonuniform Magnetic Fields,gamma_ray_bursts_and_supernovae,Astronomy and Astrophysics,63203493,63203493,0,,W1510927183,10.1086/432529,66,37,openalex_v3_query_core,0,,strict,Gamma-ray bursts and supernovae,63203493,Gamma-ray bursts and supernovae,Gamma-ray bursts and supernovae,0,2025
https://openalex.org/W2015681851,2006,On the intensity and spatial morphology of the 511 keV emission in the Milky Way,gamma_ray_bursts_and_supernovae,Astronomy and Astrophysics,63203493,63203493,0,,W2015681851,10.1051/0004-6361:20052811,66,33,openalex_v3_query_core,0,,strict,Gamma-ray bursts and supernovae,63203493,Gamma-ray bursts and supernovae,Gamma-ray bursts and supernovae,0,2025
https://openalex.org/W3098144373,2009,The radial distribution of core-collapse supernovae in spiral host galaxies,gamma_ray_bursts_and_supernovae,Astronomy and Astrophysics,63203493,63203493,0,,W3098144373,10.1051/0004-6361/200912795/pdf,66,74,openalex_v3_query_core,0,,strict,Gamma-ray bursts and supernovae,63203493,Gamma-ray bursts and supernovae,Gamma-ray bursts and supernovae,0,2025
https://openalex.org/W2064560225,2012,The optical SN 2012bz associated with the long GRB 120422A,gamma_ray_bursts_and_supernovae,Astronomy and Astrophysics,63203493,63203493,0,,W2064560225,10.1051/0004-6361/201219879,66,105,openalex_v3_query_core,0,,strict,Gamma-ray bursts and supernovae,63203493,Gamma-ray bursts and supernovae,Gamma-ray bursts and supernovae,0,2025
https://openalex.org/W2171641862,2012,A search for thermal X-ray signatures in gamma-ray bursts - I. Swift bursts with optical supernovae,gamma_ray_bursts_and_supernovae,Astronomy and Astrophysics,63203493,63203493,0,,W2171641862,10.1111/j.1365-2966.2012.22116.x,66,71,openalex_v3_query_core,0,,strict,Gamma-ray bursts and supernovae,63203493,Gamma-ray bursts and supernovae,Gamma-ray bursts and supernovae,0,2025
https://openalex.org/W1968924583,2013,Rapidly fading supernovae from massive star explosions,gamma_ray_bursts_and_supernovae,Astronomy and Astrophysics,63203493,63203493,0,,W1968924583,10.1093/mnras/stt2191,66,57,openalex_v3_query_core,0,,strict,Gamma-ray bursts and supernovae,63203493,Gamma-ray bursts and supernovae,Gamma-ray bursts and supernovae,0,2025
https://openalex.org/W1847925139,2015,Ideas for Citizen Science in Astronomy,gamma_ray_bursts_and_supernovae,Computational Mechanics,69913968,69913968,0,,W1847925139,10.1146/annurev-astro-081913-035959,66,90,openalex_v3_query_core,0,,strict,Astronomical Observations and Instrumentation,69913968,Astronomical Observations and Instrumentation,Astronomical Observations and Instrumentation,0,2025
https://openalex.org/W2342410938,2016,MAGNETAR-POWERED SUPERNOVAE IN TWO DIMENSIONS. I. SUPERLUMINOUS SUPERNOVAE,gamma_ray_bursts_and_supernovae,Astronomy and Astrophysics,60973087,60973087,0,,W2342410938,10.3847/0004-637x/832/1/73,66,51,openalex_v3_query_core,0,,strict,Pulsars and Gravitational Waves Research,60973087,Pulsars and Gravitational Waves Research,Pulsars and Gravitational Waves Research,0,2025
https://openalex.org/W3187371269,2021,The Compton Spectrometer and Imager Project for MeV Astronomy,gamma_ray_bursts_and_supernovae,Materials Chemistry,67665092,67665092,0,,W3187371269,10.22323/1.395.0652,66,4,openalex_v3_query_core,0,,strict,Chemical and Physical Properties of Materials,67665092,Chemical and Physical Properties of Materials,Chemical and Physical Properties of Materials,0,2025
https://openalex.org/W4213458862,2022,Evidence from Disrupted Halo Dwarfs that r-process Enrichment via Neutron Star Mergers is Delayed by ≳500 Myr,gamma_ray_bursts_and_supernovae,Astronomy and Astrophysics,63203493,63203493,0,,W4213458862,10.3847/2041-8213/ac5589,66,161,openalex_v3_query_core,0,,strict,Gamma-ray bursts and supernovae,63203493,Gamma-ray bursts and supernovae,Gamma-ray bursts and supernovae,0,2025
https://openalex.org/W4221159895,2022,Quasar Standardization: Overcoming Selection Biases and Redshift Evolution,gamma_ray_bursts_and_supernovae,Astronomy and Astrophysics,63203493,63203493,0,,W4221159895,10.3847/1538-4357/ac6593,66,95,openalex_v3_query_core,0,,strict,Gamma-ray bursts and supernovae,63203493,Gamma-ray bursts and supernovae,Gamma-ray bursts and supernovae,0,2025
https://openalex.org/W4384161775,2023,Strong Supernova 1987A Constraints on Bosons Decaying to Neutrinos,gamma_ray_bursts_and_supernovae,Nuclear and High Energy Physics,61058366,61058366,0,,W4384161775,10.1103/physrevlett.131.021001,66,85,openalex_v3_query_core,0,,strict,Neutrino Physics Research,61058366,Neutrino Physics Research,Neutrino Physics Research,0,2025
https://openalex.org/W4407227665,2025,Type Ia supernova progenitors: a contemporary view of a long-standing puzzle,gamma_ray_bursts_and_supernovae,Astronomy and Astrophysics,63203493,63203493,0,,W4407227665,10.1007/s00159-024-00158-9,66,708,openalex_v3_query_core,0,,strict,Gamma-ray bursts and supernovae,63203493,Gamma-ray bursts and supernovae,Gamma-ray bursts and supernovae,0,2025
https://openalex.org/W2141731404,2003,A multi-colour study of the dark GRB 000210 host galaxy and its environment,gamma_ray_bursts_and_supernovae,Astronomy and Astrophysics,63203493,63203493,0,,W2141731404,10.1051/0004-6361:20021907,65,36,openalex_v3_query_core,0,,strict,Gamma-ray bursts and supernovae,63203493,Gamma-ray bursts and supernovae,Gamma-ray bursts and supernovae,0,2025
https://openalex.org/W2038590758,2004,The Nature of GRB 980425 and the Search for Off‐Axis Gamma‐Ray Burst Signatures in Nearby Type Ib/c Supernova Emission,gamma_ray_bursts_and_supernovae,Astronomy and Astrophysics,63203493,63203493,0,,W2038590758,10.1086/381230,65,58,openalex_v3_query_core,0,,strict,Gamma-ray bursts and supernovae,63203493,Gamma-ray bursts and supernovae,Gamma-ray bursts and supernovae,0,2025
https://openalex.org/W2102481157,2009,Using population synthesis of massive stars to study the interstellar medium near OB associations,gamma_ray_bursts_and_supernovae,Astronomy and Astrophysics,60973222,60973222,0,,W2102481157,10.1051/0004-6361/200912260,65,52,openalex_v3_query_core,0,,strict,Astrophysics and Star Formation Studies,60973222,Astrophysics and Star Formation Studies,Astrophysics and Star Formation Studies,0,2025
https://openalex.org/W2079562131,2011,Ultra-high-energy cosmic ray acceleration in engine-driven relativistic supernovae,gamma_ray_bursts_and_supernovae,Nuclear and High Energy Physics,61041081,61041081,0,,W2079562131,10.1038/ncomms1178,65,49,openalex_v3_query_core,0,,strict,Astrophysics and Cosmic Phenomena,61041081,Astrophysics and Cosmic Phenomena,Astrophysics and Cosmic Phenomena,0,2025
https://openalex.org/W2104695933,2011,Observational effects of magnetism in O stars: surface nitrogen abundances,gamma_ray_bursts_and_supernovae,Astronomy and Astrophysics,60904056,60904056,0,,W2104695933,10.1051/0004-6361/201118039,65,83,openalex_v3_query_core,0,,strict,"Stellar, planetary, and galactic studies",60904056,"Stellar, planetary, and galactic studies","Stellar, planetary, and galactic studies",0,2025
https://openalex.org/W1972653729,2012,The seven year<i>Swift</i>-XRT point source catalog (1SWXRT),gamma_ray_bursts_and_supernovae,Astronomy and Astrophysics,63203493,63203493,0,,W1972653729,10.1051/0004-6361/201220863,65,33,openalex_v3_query_core,0,,strict,Gamma-ray bursts and supernovae,63203493,Gamma-ray bursts and supernovae,Gamma-ray bursts and supernovae,0,2025
https://openalex.org/W2057950870,2012,Cosmography beyond standard candles and rulers,gamma_ray_bursts_and_supernovae,Astronomy and Astrophysics,60904838,60904838,0,,W2057950870,10.1103/physrevd.85.043520,65,79,openalex_v3_query_core,0,,strict,Cosmology and Gravitation Theories,60904838,Cosmology and Gravitation Theories,Cosmology and Gravitation Theories,0,2025
https://openalex.org/W1526891791,2013,DISCOVERY AND REDSHIFT OF AN OPTICAL AFTERGLOW IN 71 deg <sup>2</sup> : iPTF13bxl AND GRB 130702A,gamma_ray_bursts_and_supernovae,Astronomy and Astrophysics,63203493,63203493,0,,W1526891791,10.1088/2041-8205/776/2/l34,65,57,openalex_v3_query_core,0,,strict,Gamma-ray bursts and supernovae,63203493,Gamma-ray bursts and supernovae,Gamma-ray bursts and supernovae,0,2025
https://openalex.org/W1789568444,2013,The high-redshift star formation rate derived from gamma-ray bursts: possible origin and cosmic reionization,gamma_ray_bursts_and_supernovae,Astronomy and Astrophysics,63203493,63203493,0,,W1789568444,10.1051/0004-6361/201321623,65,113,openalex_v3_query_core,0,,strict,Gamma-ray bursts and supernovae,63203493,Gamma-ray bursts and supernovae,Gamma-ray bursts and supernovae,0,2025
https://openalex.org/W2126169606,2014,On the nature of Type IIn/Ia–CSM supernovae: optical and near-infrared spectra of SN 2012ca and SN 2013dn,gamma_ray_bursts_and_supernovae,Astronomy and Astrophysics,63203493,63203493,0,,W2126169606,10.1093/mnras/stu2435,65,99,openalex_v3_query_core,0,,strict,Gamma-ray bursts and supernovae,63203493,Gamma-ray bursts and supernovae,Gamma-ray bursts and supernovae,0,2025
https://openalex.org/W2030862330,2015,ASTROPHYSICAL SHRAPNEL: DISCRIMINATING AMONG NEAR-EARTH STELLAR EXPLOSION SOURCES OF LIVE RADIOACTIVE ISOTOPES,gamma_ray_bursts_and_supernovae,Astronomy and Astrophysics,63203493,63203493,0,,W2030862330,10.1088/0004-637x/800/1/71,65,87,openalex_v3_query_core,0,,strict,Gamma-ray bursts and supernovae,63203493,Gamma-ray bursts and supernovae,Gamma-ray bursts and supernovae,0,2025
https://openalex.org/W2126539972,2015,Properties of extragalactic dust inferred from linear polarimetry of Type Ia Supernovae,gamma_ray_bursts_and_supernovae,Astronomy and Astrophysics,63203493,63203493,0,,W2126539972,10.1051/0004-6361/201424507,65,61,openalex_v3_query_core,0,,strict,Gamma-ray bursts and supernovae,63203493,Gamma-ray bursts and supernovae,Gamma-ray bursts and supernovae,0,2025
https://openalex.org/W2224266397,2016,THE UNUSUAL SUPER-LUMINOUS SUPERNOVAE SN 2011KL AND ASASSN-15LH,gamma_ray_bursts_and_supernovae,Astronomy and Astrophysics,63203493,63203493,0,,W2224266397,10.3847/2041-8205/817/1/l8,65,47,openalex_v3_query_core,0,,strict,Gamma-ray bursts and supernovae,63203493,Gamma-ray bursts and supernovae,Gamma-ray bursts and supernovae,0,2025
https://openalex.org/W2754450258,2017,Simulating Gamma-Ray Emission in Star-forming Galaxies,gamma_ray_bursts_and_supernovae,Nuclear and High Energy Physics,61041081,61041081,0,,W2754450258,10.3847/2041-8213/aa8bb1,65,39,openalex_v3_query_core,0,,strict,Astrophysics and Cosmic Phenomena,61041081,Astrophysics and Cosmic Phenomena,Astrophysics and Cosmic Phenomena,0,2025
https://openalex.org/W2766992263,2017,"The Old Host-galaxy Environment of SSS17a, the First Electromagnetic Counterpart to a Gravitational-wave Source*",gamma_ray_bursts_and_supernovae,Astronomy and Astrophysics,63203493,63203493,0,,W2766992263,10.3847/2041-8213/aa9116,65,46,openalex_v3_query_core,0,,strict,Gamma-ray bursts and supernovae,63203493,Gamma-ray bursts and supernovae,Gamma-ray bursts and supernovae,0,2025
https://openalex.org/W2789563293,2018,"Very massive stars: a metallicity-dependent upper-mass limit, slow winds, and the self-enrichment of globular clusters",gamma_ray_bursts_and_supernovae,Astronomy and Astrophysics,63203493,63203493,0,,W2789563293,10.1051/0004-6361/201832773,65,108,openalex_v3_query_core,0,,strict,Gamma-ray bursts and supernovae,63203493,Gamma-ray bursts and supernovae,Gamma-ray bursts and supernovae,0,2025
https://openalex.org/W2942689842,2019,Phase transitions in neutron stars and their links to gravitational waves,gamma_ray_bursts_and_supernovae,Astronomy and Astrophysics,60973087,60973087,0,,W2942689842,10.1088/1361-6471/ab1d81,65,253,openalex_v3_query_core,0,,strict,Pulsars and Gravitational Waves Research,60973087,Pulsars and Gravitational Waves Research,Pulsars and Gravitational Waves Research,0,2025
https://openalex.org/W2962214399,2019,Bulk viscosity of baryonic matter with trapped neutrinos,gamma_ray_bursts_and_supernovae,Astronomy and Astrophysics,60973087,60973087,0,,W2962214399,10.1103/physrevd.100.103021,65,83,openalex_v3_query_core,0,,strict,Pulsars and Gravitational Waves Research,60973087,Pulsars and Gravitational Waves Research,Pulsars and Gravitational Waves Research,0,2025
https://openalex.org/W2949485824,2020,POEMMA’s target-of-opportunity sensitivity to cosmic neutrino transient sources,gamma_ray_bursts_and_supernovae,Nuclear and High Energy Physics,61041081,61041081,0,,W2949485824,10.1103/physrevd.102.123013,65,331,openalex_v3_query_core,0,,strict,Astrophysics and Cosmic Phenomena,61041081,Astrophysics and Cosmic Phenomena,Astrophysics and Cosmic Phenomena,0,2025
https://openalex.org/W3004690263,2020,"Fast Radio Bursts from Activity of Neutron Stars Newborn in BNS Mergers: Offset, Birth Rate, and Observational Properties",gamma_ray_bursts_and_supernovae,Astronomy and Astrophysics,63203493,63203493,0,,W3004690263,10.3847/1538-4357/ab74d0,65,182,openalex_v3_query_core,0,,strict,Gamma-ray bursts and supernovae,63203493,Gamma-ray bursts and supernovae,Gamma-ray bursts and supernovae,0,2025
https://openalex.org/W3165127413,2022,The Early Phases of Supernova 2020pni: Shock Ionization of the Nitrogen-enriched Circumstellar Material,gamma_ray_bursts_and_supernovae,Astronomy and Astrophysics,63203493,63203493,0,,W3165127413,10.3847/1538-4357/ac3820,65,132,openalex_v3_query_core,0,,strict,Gamma-ray bursts and supernovae,63203493,Gamma-ray bursts and supernovae,Gamma-ray bursts and supernovae,0,2025
https://openalex.org/W4388453807,2023,The halo model for cosmology: a pedagogical review,gamma_ray_bursts_and_supernovae,Astronomy and Astrophysics,60903922,60903922,0,,W4388453807,10.21105/astro.2303.08752,65,294,openalex_v3_query_core,0,,strict,"Galaxies: Formation, Evolution, Phenomena",60903922,"Galaxies: Formation, Evolution, Phenomena","Galaxies: Formation, Evolution, Phenomena",0,2025
https://openalex.org/W2081529018,2005,Upper limits from the LIGO and TAMA detectors on the rate of gravitational-wave bursts,gamma_ray_bursts_and_supernovae,Astronomy and Astrophysics,60973087,60973087,0,,W2081529018,10.1103/physrevd.72.122004,64,25,openalex_v3_query_core,0,,strict,Pulsars and Gravitational Waves Research,60973087,Pulsars and Gravitational Waves Research,Pulsars and Gravitational Waves Research,0,2025
https://openalex.org/W2069979699,2006,Constraining the cosmological parameters and transition redshift with gamma-ray bursts and supernovae,gamma_ray_bursts_and_supernovae,Astronomy and Astrophysics,63203493,63203493,0,,W2069979699,10.1111/j.1365-2966.2006.10108.x,64,62,openalex_v3_query_core,0,,strict,Gamma-ray bursts and supernovae,63203493,Gamma-ray bursts and supernovae,Gamma-ray bursts and supernovae,0,2025
https://openalex.org/W3098067610,2009,Type Ib supernova 2008D associated with the luminous X-ray transient 080109: an energetic explosion of a massive helium star,gamma_ray_bursts_and_supernovae,Astronomy and Astrophysics,63203493,63203493,0,,W3098067610,,64,72,openalex_v3_query_core,0,,strict,Gamma-ray bursts and supernovae,63203493,Gamma-ray bursts and supernovae,Gamma-ray bursts and supernovae,0,2025
https://openalex.org/W2953299137,2010,Explosive common-envelope ejection: implications for gamma-ray bursts and low-mass black-hole binaries,gamma_ray_bursts_and_supernovae,Astronomy and Astrophysics,63203493,63203493,0,,W2953299137,10.1111/j.1365-2966.2010.16751.x,64,63,openalex_v3_query_core,0,,strict,Gamma-ray bursts and supernovae,63203493,Gamma-ray bursts and supernovae,Gamma-ray bursts and supernovae,0,2025
https://openalex.org/W2169077123,2012,ULTRALUMINOUS SUPERNOVAE AS A NEW PROBE OF THE INTERSTELLAR MEDIUM IN DISTANT GALAXIES,gamma_ray_bursts_and_supernovae,Astronomy and Astrophysics,63203493,63203493,0,,W2169077123,10.1088/2041-8205/755/2/l29,64,55,openalex_v3_query_core,0,,strict,Gamma-ray bursts and supernovae,63203493,Gamma-ray bursts and supernovae,Gamma-ray bursts and supernovae,0,2025
https://openalex.org/W2070887468,2014,Measuring speed of gravitational waves by observations of photons and neutrinos from compact binary mergers and supernovae,gamma_ray_bursts_and_supernovae,Astronomy and Astrophysics,60973087,60973087,0,,W2070887468,10.1103/physrevd.90.044048,64,56,openalex_v3_query_core,0,,strict,Pulsars and Gravitational Waves Research,60973087,Pulsars and Gravitational Waves Research,Pulsars and Gravitational Waves Research,0,2025
https://openalex.org/W2105769792,2014,SPECTRAL AND MORPHOLOGICAL ANALYSIS OF THE REMNANT OF SUPERNOVA 1987A WITH ALMA AND ATCA,gamma_ray_bursts_and_supernovae,Nuclear and High Energy Physics,61041081,61041081,0,,W2105769792,10.1088/0004-637x/796/2/82,64,109,openalex_v3_query_core,0,,strict,Astrophysics and Cosmic Phenomena,61041081,Astrophysics and Cosmic Phenomena,Astrophysics and Cosmic Phenomena,0,2025
https://openalex.org/W2119555980,2014,A review of type Ia supernova spectra,gamma_ray_bursts_and_supernovae,Astronomy and Astrophysics,63203493,63203493,0,,W2119555980,10.1007/s10509-014-1830-1,64,646,openalex_v3_query_core,0,,strict,Gamma-ray bursts and supernovae,63203493,Gamma-ray bursts and supernovae,Gamma-ray bursts and supernovae,0,2025
https://openalex.org/W3103490746,2014,A VLT/FLAMES survey for massive binaries in Westerlund 1,gamma_ray_bursts_and_supernovae,Astronomy and Astrophysics,63203493,63203493,0,,W3103490746,10.1051/0004-6361/201321771,64,103,openalex_v3_query_core,0,,strict,Gamma-ray bursts and supernovae,63203493,Gamma-ray bursts and supernovae,Gamma-ray bursts and supernovae,0,2025
https://openalex.org/W1908457319,2015,The radio afterglow of Swift J1644+57 reveals a powerful jet with fast core and slow sheath,gamma_ray_bursts_and_supernovae,Astronomy and Astrophysics,61024309,61024309,0,,W1908457319,10.1093/mnras/stv825,64,113,openalex_v3_query_core,0,,strict,Astrophysical Phenomena and Observations,61024309,Astrophysical Phenomena and Observations,Astrophysical Phenomena and Observations,0,2025
https://openalex.org/W1723430703,2016,KamLAND SENSITIVITY TO NEUTRINOS FROM PRE-SUPERNOVA STARS,gamma_ray_bursts_and_supernovae,Nuclear and High Energy Physics,61058366,61058366,0,,W1723430703,10.3847/0004-637x/818/1/91,64,49,openalex_v3_query_core,0,,strict,Neutrino Physics Research,61058366,Neutrino Physics Research,Neutrino Physics Research,0,2025
https://openalex.org/W1833832891,2016,"The effects of metallicity, UV radiation and non-equilibrium chemistry in high-resolution simulations of galaxies",gamma_ray_bursts_and_supernovae,Astronomy and Astrophysics,60973222,60973222,0,,W1833832891,10.1093/mnras/stw327,64,156,openalex_v3_query_core,0,,strict,Astrophysics and Star Formation Studies,60973222,Astrophysics and Star Formation Studies,Astrophysics and Star Formation Studies,0,2025
https://openalex.org/W2610582255,2017,A common central engine for long gamma-ray bursts and Type Ib/c supernovae,gamma_ray_bursts_and_supernovae,Astronomy and Astrophysics,63203493,63203493,0,,W2610582255,10.1093/mnras/stx2083,64,107,openalex_v3_query_core,0,,strict,Gamma-ray bursts and supernovae,63203493,Gamma-ray bursts and supernovae,Gamma-ray bursts and supernovae,0,2025
https://openalex.org/W2590518493,2019,GRB 161219B/SN 2016jca: a powerful stellar collapse,gamma_ray_bursts_and_supernovae,Astronomy and Astrophysics,63203493,63203493,0,,W2590518493,10.1093/mnras/stz1588,64,93,openalex_v3_query_core,0,,strict,Gamma-ray bursts and supernovae,63203493,Gamma-ray bursts and supernovae,Gamma-ray bursts and supernovae,0,2025
https://openalex.org/W2924520465,2019,ASASSN-18tb: a most unusual Type Ia supernova observed by TESS and SALT,gamma_ray_bursts_and_supernovae,Astronomy and Astrophysics,63203493,63203493,0,,W2924520465,10.1093/mnras/stz1445,64,188,openalex_v3_query_core,0,,strict,Gamma-ray bursts and supernovae,63203493,Gamma-ray bursts and supernovae,Gamma-ray bursts and supernovae,0,2025
https://openalex.org/W3105738490,2020,Massive donors in interacting binaries: effect of metallicity,gamma_ray_bursts_and_supernovae,Astronomy and Astrophysics,60904056,60904056,0,,W3105738490,10.1051/0004-6361/202037694/pdf,64,156,openalex_v3_query_core,0,,strict,"Stellar, planetary, and galactic studies",60904056,"Stellar, planetary, and galactic studies","Stellar, planetary, and galactic studies",0,2025
https://openalex.org/W3098842273,2021,"Einstein, Planck and Vera Rubin: Relevant Encounters Between the Cosmological and the Quantum Worlds",gamma_ray_bursts_and_supernovae,Nuclear and High Energy Physics,63152924,63152924,0,,W3098842273,10.3389/fphy.2020.603190,64,511,openalex_v3_query_core,0,,strict,Dark Matter and Cosmic Phenomena,63152924,Dark Matter and Cosmic Phenomena,Dark Matter and Cosmic Phenomena,0,2025
https://openalex.org/W4223963531,2022,Proton acceleration in thermonuclear nova explosions revealed by gamma rays,gamma_ray_bursts_and_supernovae,Astronomy and Astrophysics,61024309,61024309,0,,W4223963531,10.1038/s41550-022-01640-z,64,64,openalex_v3_query_core,0,,strict,Astrophysical Phenomena and Observations,61024309,Astrophysical Phenomena and Observations,Astrophysical Phenomena and Observations,0,2025
https://openalex.org/W4281477531,2022,Searches for Neutrinos from Gamma-Ray Bursts Using the IceCube Neutrino Observatory,gamma_ray_bursts_and_supernovae,Nuclear and High Energy Physics,61041081,61041081,0,,W4281477531,10.3847/1538-4357/ac9785,64,93,openalex_v3_query_core,0,,strict,Astrophysics and Cosmic Phenomena,61041081,Astrophysics and Cosmic Phenomena,Astrophysics and Cosmic Phenomena,0,2025
https://openalex.org/W4361196163,2023,<i>f</i>(<i>R</i>) gravity in the Jordan frame as a paradigm for the Hubble tension,gamma_ray_bursts_and_supernovae,Astronomy and Astrophysics,60904838,60904838,0,,W4361196163,10.1093/mnrasl/slad041,64,46,openalex_v3_query_core,0,,strict,Cosmology and Gravitation Theories,60904838,Cosmology and Gravitation Theories,Cosmology and Gravitation Theories,0,2025
https://openalex.org/W4388293363,2023,IceCat-1: The IceCube Event Catalog of Alert Tracks,gamma_ray_bursts_and_supernovae,Nuclear and High Energy Physics,61041081,61041081,0,,W4388293363,10.3847/1538-4365/acfa95,64,53,openalex_v3_query_core,0,,strict,Astrophysics and Cosmic Phenomena,61041081,Astrophysics and Cosmic Phenomena,Astrophysics and Cosmic Phenomena,0,2025
https://openalex.org/W1985489953,2000,Monitoring All Sky for Variability1,gamma_ray_bursts_and_supernovae,Astronomy and Astrophysics,60904056,60904056,0,,W1985489953,10.1086/316623,63,12,openalex_v3_query_core,0,,strict,"Stellar, planetary, and galactic studies",60904056,"Stellar, planetary, and galactic studies","Stellar, planetary, and galactic studies",0,2025
https://openalex.org/W2132202367,2010,Synchrotron Radiation from Ultra-High Energy Protons and the Fermi Observations of GRB 080916C~!2010-03-15~!2010-05-15~!2010-08-31~!,gamma_ray_bursts_and_supernovae,Astronomy and Astrophysics,63203493,63203493,0,,W2132202367,10.2174/1874381101003010150,63,14,openalex_v3_query_core,0,,strict,Gamma-ray bursts and supernovae,63203493,Gamma-ray bursts and supernovae,Gamma-ray bursts and supernovae,0,2025
https://openalex.org/W2055015929,2012,EVIDENCE FOR TYPE Ia SUPERNOVA DIVERSITY FROM ULTRAVIOLET OBSERVATIONS WITH THE<i>HUBBLE SPACE TELESCOPE</i>,gamma_ray_bursts_and_supernovae,Astronomy and Astrophysics,63203493,63203493,0,,W2055015929,10.1088/0004-637x/749/2/126,63,112,openalex_v3_query_core,0,,strict,Gamma-ray bursts and supernovae,63203493,Gamma-ray bursts and supernovae,Gamma-ray bursts and supernovae,0,2025
https://openalex.org/W2066355200,2012,SN 2007bg: the complex circumstellar medium around one of the most radio-luminous broad-lined Type Ic supernovae,gamma_ray_bursts_and_supernovae,Astronomy and Astrophysics,63203493,63203493,0,,W2066355200,10.1093/mnras/sts104,63,70,openalex_v3_query_core,0,,strict,Gamma-ray bursts and supernovae,63203493,Gamma-ray bursts and supernovae,Gamma-ray bursts and supernovae,0,2025
https://openalex.org/W2100559243,2013,Terrestrial effects of possible astrophysical sources of an AD 774‐775 increase in <sup>14</sup>C production,gamma_ray_bursts_and_supernovae,Astronomy and Astrophysics,60955404,60955404,0,,W2100559243,10.1002/grl.50222,63,33,openalex_v3_query_core,0,,strict,Astro and Planetary Science,60955404,Astro and Planetary Science,Astro and Planetary Science,0,2025
https://openalex.org/W2143922058,2013,The MASTER-II network of robotic optical telescopes. First results,gamma_ray_bursts_and_supernovae,Astronomy and Astrophysics,63203493,63203493,0,,W2143922058,10.1134/s1063772913040033,63,55,openalex_v3_query_core,0,,strict,Gamma-ray bursts and supernovae,63203493,Gamma-ray bursts and supernovae,Gamma-ray bursts and supernovae,0,2025
https://openalex.org/W2104942321,2014,SPIN-PRECESSION: BREAKING THE BLACK HOLE-NEUTRON STAR DEGENERACY,gamma_ray_bursts_and_supernovae,Astronomy and Astrophysics,60973087,60973087,0,,W2104942321,10.1088/2041-8205/798/1/l17,63,65,openalex_v3_query_core,0,,strict,Pulsars and Gravitational Waves Research,60973087,Pulsars and Gravitational Waves Research,Pulsars and Gravitational Waves Research,0,2025
https://openalex.org/W2128794514,2015,Supernova 1987A: neutrino-driven explosions in three dimensions and light curves,gamma_ray_bursts_and_supernovae,Astronomy and Astrophysics,63203493,63203493,0,,W2128794514,10.1051/0004-6361/201425513,63,116,openalex_v3_query_core,0,,strict,Gamma-ray bursts and supernovae,63203493,Gamma-ray bursts and supernovae,Gamma-ray bursts and supernovae,0,2025
https://openalex.org/W2586903922,2017,Possible pair-instability supernovae at solar metallicity from magnetic stellar progenitors,gamma_ray_bursts_and_supernovae,Astronomy and Astrophysics,60904056,60904056,0,,W2586903922,10.1051/0004-6361/201730401,63,38,openalex_v3_query_core,0,,strict,"Stellar, planetary, and galactic studies",60904056,"Stellar, planetary, and galactic studies","Stellar, planetary, and galactic studies",0,2025
https://openalex.org/W2765248877,2017,TeV Gamma-Ray Observations of the Binary Neutron Star Merger GW170817 with H.E.S.S.,gamma_ray_bursts_and_supernovae,Astronomy and Astrophysics,60973087,60973087,0,,W2765248877,10.3847/2041-8213/aa97d2,63,52,openalex_v3_query_core,0,,strict,Pulsars and Gravitational Waves Research,60973087,Pulsars and Gravitational Waves Research,Pulsars and Gravitational Waves Research,0,2025
https://openalex.org/W2788641070,2018,Short-lived radioisotopes in meteorites from Galactic-scale correlated star formation,gamma_ray_bursts_and_supernovae,Astronomy and Astrophysics,60955404,60955404,0,,W2788641070,10.1093/mnras/sty2132,63,160,openalex_v3_query_core,0,,strict,Astro and Planetary Science,60955404,Astro and Planetary Science,Astro and Planetary Science,0,2025
https://openalex.org/W4288617516,2018,3D MHD modeling of the expanding remnant of SN 1987A,gamma_ray_bursts_and_supernovae,Astronomy and Astrophysics,63203493,63203493,0,,W4288617516,10.1051/0004-6361/201834487,63,102,openalex_v3_query_core,0,,strict,Gamma-ray bursts and supernovae,63203493,Gamma-ray bursts and supernovae,Gamma-ray bursts and supernovae,0,2025
https://openalex.org/W2950008901,2019,"Neutron star–white dwarf mergers: early evolution, physical properties, and outcomes",gamma_ray_bursts_and_supernovae,Astronomy and Astrophysics,63203493,63203493,0,,W2950008901,10.1093/mnras/stz316,63,44,openalex_v3_query_core,0,,strict,Gamma-ray bursts and supernovae,63203493,Gamma-ray bursts and supernovae,Gamma-ray bursts and supernovae,0,2025
https://openalex.org/W3014774802,2020,The Rise and Fall of ASASSN-18pg: Following a TDE from Early to Late Times,gamma_ray_bursts_and_supernovae,Astronomy and Astrophysics,61024309,61024309,0,,W3014774802,10.3847/1538-4357/ab9f3d,63,87,openalex_v3_query_core,0,,strict,Astrophysical Phenomena and Observations,61024309,Astrophysical Phenomena and Observations,Astrophysical Phenomena and Observations,0,2025
https://openalex.org/W4226087780,2022,Radio and X-Ray Observations of the Luminous Fast Blue Optical Transient AT 2020xnd,gamma_ray_bursts_and_supernovae,Astronomy and Astrophysics,63203493,63203493,0,,W4226087780,10.3847/1538-4357/ac4506,63,86,openalex_v3_query_core,0,,strict,Gamma-ray bursts and supernovae,63203493,Gamma-ray bursts and supernovae,Gamma-ray bursts and supernovae,0,2025
https://openalex.org/W4308482285,2022,Fast flavor instability in hypermassive neutron star disk outflows,gamma_ray_bursts_and_supernovae,Astronomy and Astrophysics,63203493,63203493,0,,W4308482285,10.1103/physrevd.106.103003,63,138,openalex_v3_query_core,0,,strict,Gamma-ray bursts and supernovae,63203493,Gamma-ray bursts and supernovae,Gamma-ray bursts and supernovae,0,2025
https://openalex.org/W4388192044,2023,Supernova simulations confront SN 1987A neutrinos,gamma_ray_bursts_and_supernovae,Nuclear and High Energy Physics,61058366,61058366,0,,W4388192044,10.1103/physrevd.108.083040,63,273,openalex_v3_query_core,0,,strict,Neutrino Physics Research,61058366,Neutrino Physics Research,Neutrino Physics Research,0,2025
https://openalex.org/W4399747430,2024,Time-Delay Cosmography: Measuring the Hubble Constant and Other Cosmological Parameters with Strong Gravitational Lensing,gamma_ray_bursts_and_supernovae,Astronomy and Astrophysics,60903922,60903922,0,,W4399747430,10.1007/s11214-024-01079-w,63,334,openalex_v3_query_core,0,,strict,"Galaxies: Formation, Evolution, Phenomena",60903922,"Galaxies: Formation, Evolution, Phenomena","Galaxies: Formation, Evolution, Phenomena",0,2025
https://openalex.org/W2050756425,1998,Axionic hot dark matter in the hadronic axion window,gamma_ray_bursts_and_supernovae,Nuclear and High Energy Physics,63152924,63152924,0,,W2050756425,10.1016/s0370-2693(98)01091-0,62,26,openalex_v3_query_core,0,,strict,Dark Matter and Cosmic Phenomena,63152924,Dark Matter and Cosmic Phenomena,Dark Matter and Cosmic Phenomena,0,2025
https://openalex.org/W2073325059,1998,A Comparison of Boltzmann and Multigroup Flux‐limited Diffusion Neutrino Transport during the Postbounce Shock Reheating Phase in Core‐Collapse Supernovae,gamma_ray_bursts_and_supernovae,Nuclear and High Energy Physics,61058366,61058366,0,,W2073325059,10.1086/306323,62,21,openalex_v3_query_core,0,,strict,Neutrino Physics Research,61058366,Neutrino Physics Research,Neutrino Physics Research,0,2025
https://openalex.org/W2035775205,2001,Star Formation History in the NICMOS Northern Hubble Deep Field,gamma_ray_bursts_and_supernovae,Astronomy and Astrophysics,60903922,60903922,0,,W2035775205,10.1086/318293,62,55,openalex_v3_query_core,0,,strict,"Galaxies: Formation, Evolution, Phenomena",60903922,"Galaxies: Formation, Evolution, Phenomena","Galaxies: Formation, Evolution, Phenomena",0,2025
https://openalex.org/W1964556335,2005,Gamma-ray bursts from quark stars,gamma_ray_bursts_and_supernovae,Astronomy and Astrophysics,63203493,63203493,0,,W1964556335,10.1111/j.1745-3933.2005.00059.x,62,67,openalex_v3_query_core,0,,strict,Gamma-ray bursts and supernovae,63203493,Gamma-ray bursts and supernovae,Gamma-ray bursts and supernovae,0,2025
https://openalex.org/W2077460333,2006,Terrestrial Consequences of Spectral and Temporal Variability in Ionizing Photon Events,gamma_ray_bursts_and_supernovae,Astronomy and Astrophysics,63203493,63203493,0,,W2077460333,10.1086/509106,62,45,openalex_v3_query_core,0,,strict,Gamma-ray bursts and supernovae,63203493,Gamma-ray bursts and supernovae,Gamma-ray bursts and supernovae,0,2025
https://openalex.org/W2151596800,2008,Supernova SN2006gy as a first ever Quark Nova?,gamma_ray_bursts_and_supernovae,Astronomy and Astrophysics,63203493,63203493,0,,W2151596800,10.1111/j.1365-2966.2008.13312.x,62,36,openalex_v3_query_core,0,,strict,Gamma-ray bursts and supernovae,63203493,Gamma-ray bursts and supernovae,Gamma-ray bursts and supernovae,0,2025
https://openalex.org/W2058206793,2009,PROSPECTS FOR GRB SCIENCE WITH THE <i>FERMI</i> LARGE AREA TELESCOPE,gamma_ray_bursts_and_supernovae,Astronomy and Astrophysics,63203493,63203493,0,,W2058206793,10.1088/0004-637x/701/2/1673,62,146,openalex_v3_query_core,0,,strict,Gamma-ray bursts and supernovae,63203493,Gamma-ray bursts and supernovae,Gamma-ray bursts and supernovae,0,2025
https://openalex.org/W2963100959,2009,Late Ordovician geographic patterns of extinction compared with simulations of astrophysical ionizing radiation damage,gamma_ray_bursts_and_supernovae,Astronomy and Astrophysics,63203493,63203493,0,,W2963100959,10.1666/0094-8373-35.3.311,62,71,openalex_v3_query_core,0,,strict,Gamma-ray bursts and supernovae,63203493,Gamma-ray bursts and supernovae,Gamma-ray bursts and supernovae,0,2025
https://openalex.org/W2125502568,2013,THE<i>GALEX</i>TIME DOMAIN SURVEY. I. SELECTION AND CLASSIFICATION OF OVER A THOUSAND ULTRAVIOLET VARIABLE SOURCES,gamma_ray_bursts_and_supernovae,Astronomy and Astrophysics,60903922,60903922,0,,W2125502568,10.1088/0004-637x/766/1/60,62,99,openalex_v3_query_core,0,,strict,"Galaxies: Formation, Evolution, Phenomena",60903922,"Galaxies: Formation, Evolution, Phenomena","Galaxies: Formation, Evolution, Phenomena",0,2025
https://openalex.org/W2559088844,2017,The evolution of superluminous supernova LSQ14mo and its interacting host galaxy system,gamma_ray_bursts_and_supernovae,Astronomy and Astrophysics,63203493,63203493,0,,W2559088844,10.1051/0004-6361/201630163,62,125,openalex_v3_query_core,0,,strict,Gamma-ray bursts and supernovae,63203493,Gamma-ray bursts and supernovae,Gamma-ray bursts and supernovae,0,2025
https://openalex.org/W2611910666,2017,Transition from Collisional to Collisionless Regimes in Interpenetrating Plasma Flows on the National Ignition Facility,gamma_ray_bursts_and_supernovae,Nuclear and High Energy Physics,60956189,60956189,0,,W2611910666,10.1103/physrevlett.118.185003,62,32,openalex_v3_query_core,0,,strict,Laser-Plasma Interactions and Diagnostics,60956189,Laser-Plasma Interactions and Diagnostics,Laser-Plasma Interactions and Diagnostics,0,2025
https://openalex.org/W3104484432,2018,What Powered the Optical Transient AT2017gfo Associated with GW170817?,gamma_ray_bursts_and_supernovae,Astronomy and Astrophysics,60973087,60973087,0,,W3104484432,,62,100,openalex_v3_query_core,0,,strict,Pulsars and Gravitational Waves Research,60973087,Pulsars and Gravitational Waves Research,Pulsars and Gravitational Waves Research,0,2025
https://openalex.org/W2347119205,2019,Production of keV sterile neutrinos in supernovae: New constraints and gamma-ray observables,gamma_ray_bursts_and_supernovae,Nuclear and High Energy Physics,61041081,61041081,0,,W2347119205,10.1103/physrevd.99.043012,62,92,openalex_v3_query_core,0,,strict,Astrophysics and Cosmic Phenomena,61041081,Astrophysics and Cosmic Phenomena,Astrophysics and Cosmic Phenomena,0,2025
https://openalex.org/W2966454525,2020,HST Imaging of the Ionizing Radiation from a Star-forming Galaxy at z = 3.794,gamma_ray_bursts_and_supernovae,Astronomy and Astrophysics,60973222,60973222,0,,W2966454525,10.3847/1538-4357/ab5fdc,62,123,openalex_v3_query_core,0,,strict,Astrophysics and Star Formation Studies,60973222,Astrophysics and Star Formation Studies,Astrophysics and Star Formation Studies,0,2025
https://openalex.org/W3032465440,2020,SN2019dge: A Helium-rich Ultra-stripped Envelope Supernova,gamma_ray_bursts_and_supernovae,Astronomy and Astrophysics,63203493,63203493,0,,W3032465440,10.3847/1538-4357/abaa3d,62,170,openalex_v3_query_core,0,,strict,Gamma-ray bursts and supernovae,63203493,Gamma-ray bursts and supernovae,Gamma-ray bursts and supernovae,0,2025
https://openalex.org/W3082258237,2020,"Study on Anisotropic Strange Stars in f ( T , T ) Gravity",gamma_ray_bursts_and_supernovae,Astronomy and Astrophysics,60904838,60904838,0,,W3082258237,10.3390/universe6100167,62,176,openalex_v3_query_core,0,,strict,Cosmology and Gravitation Theories,60904838,Cosmology and Gravitation Theories,Cosmology and Gravitation Theories,0,2025
https://openalex.org/W2991325864,2021,"Core-collapse, superluminous, and gamma-ray burst supernova host galaxy populations at low redshift: the importance of dwarf and starbursting galaxies",gamma_ray_bursts_and_supernovae,Astronomy and Astrophysics,63203493,63203493,0,,W2991325864,10.1093/mnras/stab174,62,253,openalex_v3_query_core,0,,strict,Gamma-ray bursts and supernovae,63203493,Gamma-ray bursts and supernovae,Gamma-ray bursts and supernovae,0,2025
https://openalex.org/W3185192932,2021,Measuring cosmological parameters with a luminosity–time correlation of gamma-ray bursts,gamma_ray_bursts_and_supernovae,Astronomy and Astrophysics,63203493,63203493,0,,W3185192932,10.1093/mnras/stab2180,62,134,openalex_v3_query_core,0,,strict,Gamma-ray bursts and supernovae,63203493,Gamma-ray bursts and supernovae,Gamma-ray bursts and supernovae,0,2025
https://openalex.org/W3213598113,2022,Numerical relativity simulations of prompt collapse mergers: Threshold mass and phenomenological constraints on neutron star properties after GW170817,gamma_ray_bursts_and_supernovae,Astronomy and Astrophysics,60973087,60973087,0,,W3213598113,10.1103/physrevd.105.103022,62,101,openalex_v3_query_core,0,,strict,Pulsars and Gravitational Waves Research,60973087,Pulsars and Gravitational Waves Research,Pulsars and Gravitational Waves Research,0,2025
https://openalex.org/W4318254086,2023,Constraining the sources of ultra-high-energy cosmic rays across and above the ankle with the spectrum and composition data measured at the Pierre Auger Observatory,gamma_ray_bursts_and_supernovae,Nuclear and High Energy Physics,61041081,61041081,0,,W4318254086,10.1088/1475-7516/2023/05/024,62,122,openalex_v3_query_core,0,,strict,Astrophysics and Cosmic Phenomena,61041081,Astrophysics and Cosmic Phenomena,Astrophysics and Cosmic Phenomena,0,2025
https://openalex.org/W4390821675,2024,X-ray eruptions every 22 days from the nucleus of a nearby galaxy,gamma_ray_bursts_and_supernovae,Astronomy and Astrophysics,61024309,61024309,0,,W4390821675,10.1038/s41550-023-02178-4,62,105,openalex_v3_query_core,0,,strict,Astrophysical Phenomena and Observations,61024309,Astrophysical Phenomena and Observations,Astrophysical Phenomena and Observations,0,2025
https://openalex.org/W2116091320,2005,Binaries discovered by the SPY project. IV. Five single-lined DA double white dwarfs,gamma_ray_bursts_and_supernovae,Astronomy and Astrophysics,63203493,63203493,0,,W2116091320,10.48550/arxiv.astro-ph/0506231,61,45,openalex_v3_query_core,0,,strict,Gamma-ray bursts and supernovae,63203493,Gamma-ray bursts and supernovae,Gamma-ray bursts and supernovae,0,2025
https://openalex.org/W2091653359,2006,Magnetohydrodynamic Simulations of a Rotating Massive Star Collapsing to a Black Hole,gamma_ray_bursts_and_supernovae,Astronomy and Astrophysics,63203493,63203493,0,,W2091653359,10.1086/503624,61,45,openalex_v3_query_core,0,,strict,Gamma-ray bursts and supernovae,63203493,Gamma-ray bursts and supernovae,Gamma-ray bursts and supernovae,0,2025
https://openalex.org/W2109932757,2007,A case of mistaken identity? GRB 060912A and the nature of the long–short GRB divide*,gamma_ray_bursts_and_supernovae,Astronomy and Astrophysics,63203493,63203493,0,,W2109932757,10.1111/j.1365-2966.2007.11879.x,61,46,openalex_v3_query_core,0,,strict,Gamma-ray bursts and supernovae,63203493,Gamma-ray bursts and supernovae,Gamma-ray bursts and supernovae,0,2025
https://openalex.org/W2072358275,2013,GROUPING NORMAL TYPE Ia SUPERNOVAE BY UV TO OPTICAL COLOR DIFFERENCES,gamma_ray_bursts_and_supernovae,Astronomy and Astrophysics,63203493,63203493,0,,W2072358275,10.1088/0004-637x/779/1/23,61,66,openalex_v3_query_core,0,,strict,Gamma-ray bursts and supernovae,63203493,Gamma-ray bursts and supernovae,Gamma-ray bursts and supernovae,0,2025
https://openalex.org/W2208328129,2016,Where Does the Physics of Extreme Gravitational Collapse Reside?,gamma_ray_bursts_and_supernovae,Astronomy and Astrophysics,60973087,60973087,0,,W2208328129,10.3390/universe2020007,61,142,openalex_v3_query_core,0,,strict,Pulsars and Gravitational Waves Research,60973087,Pulsars and Gravitational Waves Research,Pulsars and Gravitational Waves Research,0,2025
https://openalex.org/W2799041395,2018,The SUrvey for Pulsars and Extragalactic Radio Bursts – III. Polarization properties of FRBs 160102 and 151230,gamma_ray_bursts_and_supernovae,Astronomy and Astrophysics,60973087,60973087,0,,W2799041395,10.1093/mnras/sty1137,61,108,openalex_v3_query_core,0,,strict,Pulsars and Gravitational Waves Research,60973087,Pulsars and Gravitational Waves Research,Pulsars and Gravitational Waves Research,0,2025
https://openalex.org/W3186337119,2021,Probing secret interactions of astrophysical neutrinos in the high-statistics era,gamma_ray_bursts_and_supernovae,Nuclear and High Energy Physics,61041081,61041081,0,,W3186337119,10.1103/physrevd.104.123014,61,139,openalex_v3_query_core,0,,strict,Astrophysics and Cosmic Phenomena,61041081,Astrophysics and Cosmic Phenomena,Astrophysics and Cosmic Phenomena,0,2025
https://openalex.org/W3208615222,2021,GRB Polarization: A Unique Probe of GRB Physics,gamma_ray_bursts_and_supernovae,Astronomy and Astrophysics,63203493,63203493,0,,W3208615222,10.3390/galaxies9040082,61,390,openalex_v3_query_core,0,,strict,Gamma-ray bursts and supernovae,63203493,Gamma-ray bursts and supernovae,Gamma-ray bursts and supernovae,0,2025
https://openalex.org/W4377206319,2023,Constraining the sources of ultra-high-energy cosmic rays across and above the ankle with the spectrum and composition data measured at the Pierre Auger Observatory,gamma_ray_bursts_and_supernovae,Nuclear and High Energy Physics,61041081,61041081,0,,W4377206319,,61,122,openalex_v3_query_core,0,,strict,Astrophysics and Cosmic Phenomena,61041081,Astrophysics and Cosmic Phenomena,Astrophysics and Cosmic Phenomena,0,2025
https://openalex.org/W2006517586,2004,The ultimate outcome of black hole-neutron star mergers,gamma_ray_bursts_and_supernovae,Astronomy and Astrophysics,60973087,60973087,0,,W2006517586,10.1111/j.1365-2966.2004.08423.x,60,21,openalex_v3_query_core,0,,strict,Pulsars and Gravitational Waves Research,60973087,Pulsars and Gravitational Waves Research,Pulsars and Gravitational Waves Research,0,2025
https://openalex.org/W1968174528,2006,The Automatic Real‐Time Gamma‐Ray Burst Pipeline of the 2 m Liverpool Telescope,gamma_ray_bursts_and_supernovae,Astronomy and Astrophysics,63203493,63203493,0,,W1968174528,10.1086/499289,60,15,openalex_v3_query_core,0,,strict,Gamma-ray bursts and supernovae,63203493,Gamma-ray bursts and supernovae,Gamma-ray bursts and supernovae,0,2025
https://openalex.org/W2019100683,2006,Infrared and Optical Observations of GRB 030115 and its Extremely Red Host Galaxy: Implications for Dark Bursts,gamma_ray_bursts_and_supernovae,Astronomy and Astrophysics,63203493,63203493,0,,W2019100683,10.1086/503595,60,61,openalex_v3_query_core,0,,strict,Gamma-ray bursts and supernovae,63203493,Gamma-ray bursts and supernovae,Gamma-ray bursts and supernovae,0,2025
https://openalex.org/W2163798619,2007,How common are long gamma-ray bursts in the local Universe?,gamma_ray_bursts_and_supernovae,Astronomy and Astrophysics,63203493,63203493,0,,W2163798619,10.1111/j.1745-3933.2007.00381.x,60,51,openalex_v3_query_core,0,,strict,Gamma-ray bursts and supernovae,63203493,Gamma-ray bursts and supernovae,Gamma-ray bursts and supernovae,0,2025
https://openalex.org/W2052182563,2009,HYPERACCRETING NEUTRON STAR DISKS AND NEUTRINO ANNIHILATION,gamma_ray_bursts_and_supernovae,Astronomy and Astrophysics,63203493,63203493,0,,W2052182563,10.1088/0004-637x/703/1/461,60,105,openalex_v3_query_core,0,,strict,Gamma-ray bursts and supernovae,63203493,Gamma-ray bursts and supernovae,Gamma-ray bursts and supernovae,0,2025
https://openalex.org/W2170963442,2011,Effects of anisotropic winds on massive star evolution,gamma_ray_bursts_and_supernovae,Astronomy and Astrophysics,60904056,60904056,0,,W2170963442,10.1051/0004-6361/200913797,60,35,openalex_v3_query_core,0,,strict,"Stellar, planetary, and galactic studies",60904056,"Stellar, planetary, and galactic studies","Stellar, planetary, and galactic studies",0,2025
https://openalex.org/W2055806149,2013,The low-extinction afterglow in the solar-metallicity host galaxy of<i>γ</i>-ray burst 110918A,gamma_ray_bursts_and_supernovae,Astronomy and Astrophysics,63203493,63203493,0,,W2055806149,10.1051/0004-6361/201220968,60,133,openalex_v3_query_core,0,,strict,Gamma-ray bursts and supernovae,63203493,Gamma-ray bursts and supernovae,Gamma-ray bursts and supernovae,0,2025
https://openalex.org/W1954876412,2015,Improved limits on sterile neutrino dark matter using full-sky Fermi Gamma-ray Burst Monitor data,gamma_ray_bursts_and_supernovae,Nuclear and High Energy Physics,63152924,63152924,0,,W1954876412,10.1103/physrevd.92.043503,60,91,openalex_v3_query_core,0,,strict,Dark Matter and Cosmic Phenomena,63152924,Dark Matter and Cosmic Phenomena,Dark Matter and Cosmic Phenomena,0,2025
https://openalex.org/W2528544217,2016,Very high-energy gamma-ray follow-up program using neutrino triggers from IceCube,gamma_ray_bursts_and_supernovae,Nuclear and High Energy Physics,61041081,61041081,0,,W2528544217,10.1088/1748-0221/11/11/p11009,60,93,openalex_v3_query_core,0,,strict,Astrophysics and Cosmic Phenomena,61041081,Astrophysics and Cosmic Phenomena,Astrophysics and Cosmic Phenomena,0,2025
https://openalex.org/W2540657866,2016,Multi-D magnetohydrodynamic modelling of pulsar wind nebulae: recent progress and open questions,gamma_ray_bursts_and_supernovae,Astronomy and Astrophysics,60973087,60973087,0,,W2540657866,10.1017/s0022377816000957,60,92,openalex_v3_query_core,0,,strict,Pulsars and Gravitational Waves Research,60973087,Pulsars and Gravitational Waves Research,Pulsars and Gravitational Waves Research,0,2025
https://openalex.org/W2560401243,2018,Gamma-Ray Burst Prompt Correlations,gamma_ray_bursts_and_supernovae,Astronomy and Astrophysics,63203493,63203493,0,,W2560401243,10.1155/2018/4969503,60,238,openalex_v3_query_core,0,,strict,Gamma-ray bursts and supernovae,63203493,Gamma-ray bursts and supernovae,Gamma-ray bursts and supernovae,0,2025
https://openalex.org/W2888104190,2018,Solar superstorm of AD 774 recorded subannually by Arctic tree rings,gamma_ray_bursts_and_supernovae,Atmospheric Science,60903792,60903792,0,,W2888104190,10.1038/s41467-018-05883-1,60,64,openalex_v3_query_core,0,,strict,Geology and Paleoclimatology Research,60903792,Geology and Paleoclimatology Research,Geology and Paleoclimatology Research,0,2025
https://openalex.org/W2913062116,2019,A Radio Source Coincident with the Superluminous Supernova PTF10hgi: Evidence for a Central Engine and an Analog of the Repeating FRB 121102?,gamma_ray_bursts_and_supernovae,Astronomy and Astrophysics,63203493,63203493,0,,W2913062116,10.3847/2041-8213/ab18a5,60,110,openalex_v3_query_core,0,,strict,Gamma-ray bursts and supernovae,63203493,Gamma-ray bursts and supernovae,Gamma-ray bursts and supernovae,0,2025
https://openalex.org/W4200260333,2021,Bonn Optimized Stellar Tracks (BoOST),gamma_ray_bursts_and_supernovae,Astronomy and Astrophysics,60904056,60904056,0,,W4200260333,10.1051/0004-6361/202141536,60,85,openalex_v3_query_core,0,,strict,"Stellar, planetary, and galactic studies",60904056,"Stellar, planetary, and galactic studies","Stellar, planetary, and galactic studies",0,2025
https://openalex.org/W4293060952,2022,https://openalex.org/W4293060952,gamma_ray_bursts_and_supernovae,Astronomy and Astrophysics,63203493,63203493,0,,W4293060952,10.3847/2041-8213/ac7530,60,97,openalex_v3_query_core,0,,strict,Gamma-ray bursts and supernovae,63203493,Gamma-ray bursts and supernovae,Gamma-ray bursts and supernovae,0,2025
https://openalex.org/W2152521866,1996,An X-ray all-sky monitor with extraordinary sensitivity,gamma_ray_bursts_and_supernovae,Astronomy and Astrophysics,63203493,63203493,0,,W2152521866,10.1093/mnras/279.3.733,59,3,openalex_v3_query_core,0,,strict,Gamma-ray bursts and supernovae,63203493,Gamma-ray bursts and supernovae,Gamma-ray bursts and supernovae,0,2025
https://openalex.org/W1971213984,2004,Gravitational Waves from Stellar Collapse: Correlations to Explosion Asymmetries,gamma_ray_bursts_and_supernovae,Astronomy and Astrophysics,63203493,63203493,0,,W1971213984,10.1086/421040,59,51,openalex_v3_query_core,0,,strict,Gamma-ray bursts and supernovae,63203493,Gamma-ray bursts and supernovae,Gamma-ray bursts and supernovae,0,2025
https://openalex.org/W3105700478,2005,Optical Emission from Aspherical Supernovae and the Hypernova SN 1998bw,gamma_ray_bursts_and_supernovae,Astronomy and Astrophysics,63203493,63203493,0,,W3105700478,,59,64,openalex_v3_query_core,0,,strict,Gamma-ray bursts and supernovae,63203493,Gamma-ray bursts and supernovae,Gamma-ray bursts and supernovae,0,2025
https://openalex.org/W1659672176,2006,Supernova Nucleosynthesis and Galactic Evolution,gamma_ray_bursts_and_supernovae,Astronomy and Astrophysics,63203493,63203493,0,,W1659672176,10.1007/10828549_46,59,0,openalex_v3_query_core,0,,strict,Gamma-ray bursts and supernovae,63203493,Gamma-ray bursts and supernovae,Gamma-ray bursts and supernovae,0,2025
https://openalex.org/W2028169505,2006,Supersymmetric theories of neutrino dark energy,gamma_ray_bursts_and_supernovae,Astronomy and Astrophysics,60904838,60904838,0,,W2028169505,10.1088/1126-6708/2006/03/042,59,63,openalex_v3_query_core,0,,strict,Cosmology and Gravitation Theories,60904838,Cosmology and Gravitation Theories,Cosmology and Gravitation Theories,0,2025
https://openalex.org/W1932710066,2010,Limits on radioactive powered emission associated with a short-hard GRB 070724A in a star-forming galaxy,gamma_ray_bursts_and_supernovae,Astronomy and Astrophysics,63203493,63203493,0,,W1932710066,10.1111/j.1365-2966.2010.16327.x,59,90,openalex_v3_query_core,0,,strict,Gamma-ray bursts and supernovae,63203493,Gamma-ray bursts and supernovae,Gamma-ray bursts and supernovae,0,2025
https://openalex.org/W2105025904,2010,The rates of type Ia supernovae - II. Diversity of events at low and high redshifts,gamma_ray_bursts_and_supernovae,Astronomy and Astrophysics,63203493,63203493,0,,W2105025904,10.1111/j.1365-2966.2010.16371.x,59,105,openalex_v3_query_core,0,,strict,Gamma-ray bursts and supernovae,63203493,Gamma-ray bursts and supernovae,Gamma-ray bursts and supernovae,0,2025
https://openalex.org/W2038828550,2012,DISCOVERY AND EARLY MULTI-WAVELENGTH MEASUREMENTS OF THE ENERGETIC TYPE IC SUPERNOVA PTF12GZK: A MASSIVE-STAR EXPLOSION IN A DWARF HOST GALAXY,gamma_ray_bursts_and_supernovae,Astronomy and Astrophysics,63203493,63203493,0,,W2038828550,10.1088/2041-8205/760/2/l33,59,65,openalex_v3_query_core,0,,strict,Gamma-ray bursts and supernovae,63203493,Gamma-ray bursts and supernovae,Gamma-ray bursts and supernovae,0,2025
https://openalex.org/W1971669340,2013,MONTE CARLO SIMULATIONS OF NONLINEAR PARTICLE ACCELERATION IN PARALLEL TRANS-RELATIVISTIC SHOCKS,gamma_ray_bursts_and_supernovae,Nuclear and High Energy Physics,61041081,61041081,0,,W1971669340,10.1088/0004-637x/776/1/46,59,90,openalex_v3_query_core,0,,strict,Astrophysics and Cosmic Phenomena,61041081,Astrophysics and Cosmic Phenomena,Astrophysics and Cosmic Phenomena,0,2025
https://openalex.org/W2167013981,2013,THE CLOSE BINARY PROPERTIES OF MASSIVE STARS IN THE MILKY WAY AND LOW-METALLICITY MAGELLANIC CLOUDS,gamma_ray_bursts_and_supernovae,Astronomy and Astrophysics,60904056,60904056,0,,W2167013981,10.1088/0004-637x/778/2/95,59,101,openalex_v3_query_core,0,,strict,"Stellar, planetary, and galactic studies",60904056,"Stellar, planetary, and galactic studies","Stellar, planetary, and galactic studies",0,2025
https://openalex.org/W3099823618,2014,https://openalex.org/W3099823618,gamma_ray_bursts_and_supernovae,Genetics,63272662,63272662,0,,W3099823618,10.1051/0004-6361/201321576/pdf,59,145,openalex_v3_query_core,0,,strict,Evolution and Genetic Dynamics,63272662,Evolution and Genetic Dynamics,Evolution and Genetic Dynamics,0,2025
https://openalex.org/W1574493673,2015,GAMMA-RAY BURSTS TRACE UV METRICS OF STAR FORMATION OVER 3 &lt;<i>z</i>&lt; 5,gamma_ray_bursts_and_supernovae,Astronomy and Astrophysics,63203493,63203493,0,,W1574493673,10.1088/0004-637x/809/1/76,59,109,openalex_v3_query_core,0,,strict,Gamma-ray bursts and supernovae,63203493,Gamma-ray bursts and supernovae,Gamma-ray bursts and supernovae,0,2025
https://openalex.org/W2152468581,2016,Evaluating galactic habitability using high-resolution cosmological simulations of galaxy formation,gamma_ray_bursts_and_supernovae,Astronomy and Astrophysics,60903922,60903922,0,,W2152468581,10.1017/s1473550415000518,59,80,openalex_v3_query_core,0,,strict,"Galaxies: Formation, Evolution, Phenomena",60903922,"Galaxies: Formation, Evolution, Phenomena","Galaxies: Formation, Evolution, Phenomena",0,2025
https://openalex.org/W2595770247,2017,The quest for blue supergiants: binary merger models for the evolution of the progenitor of SN 1987A,gamma_ray_bursts_and_supernovae,Astronomy and Astrophysics,63203493,63203493,0,,W2595770247,10.1093/mnras/stx818,59,93,openalex_v3_query_core,0,,strict,Gamma-ray bursts and supernovae,63203493,Gamma-ray bursts and supernovae,Gamma-ray bursts and supernovae,0,2025
https://openalex.org/W2777735800,2018,Towards the design of gravitational-wave detectors for probing neutron-star physics,gamma_ray_bursts_and_supernovae,Astronomy and Astrophysics,60973087,60973087,0,,W2777735800,10.1103/physrevd.98.044044,59,89,openalex_v3_query_core,0,,strict,Pulsars and Gravitational Waves Research,60973087,Pulsars and Gravitational Waves Research,Pulsars and Gravitational Waves Research,0,2025
https://openalex.org/W2887381848,2018,SN 2017ens: The Metamorphosis of a Luminous Broadlined Type Ic Supernova into an SN IIn,gamma_ray_bursts_and_supernovae,Astronomy and Astrophysics,63203493,63203493,0,,W2887381848,10.3847/2041-8213/aaeb2e,59,73,openalex_v3_query_core,0,,strict,Gamma-ray bursts and supernovae,63203493,Gamma-ray bursts and supernovae,Gamma-ray bursts and supernovae,0,2025
https://openalex.org/W2962736722,2019,Cosmic ray models,gamma_ray_bursts_and_supernovae,Nuclear and High Energy Physics,61041081,61041081,0,,W2962736722,10.1016/j.ppnp.2019.07.002,59,260,openalex_v3_query_core,0,,strict,Astrophysics and Cosmic Phenomena,61041081,Astrophysics and Cosmic Phenomena,Astrophysics and Cosmic Phenomena,0,2025
https://openalex.org/W2964188885,2019,Relativistic Jets in Core-collapse Supernovae,gamma_ray_bursts_and_supernovae,Astronomy and Astrophysics,63203493,63203493,0,,W2964188885,10.3847/2041-8213/aaffce,59,62,openalex_v3_query_core,0,,strict,Gamma-ray bursts and supernovae,63203493,Gamma-ray bursts and supernovae,Gamma-ray bursts and supernovae,0,2025
https://openalex.org/W2958705214,2020,"Gamma-ray burst jet propagation, development of angular structure, and the luminosity function",gamma_ray_bursts_and_supernovae,Astronomy and Astrophysics,63203493,63203493,0,,W2958705214,10.1051/0004-6361/201936335,59,93,openalex_v3_query_core,0,,strict,Gamma-ray bursts and supernovae,63203493,Gamma-ray bursts and supernovae,Gamma-ray bursts and supernovae,0,2025
https://openalex.org/W3100113004,2020,Fermi and Swift Observations of GRB 190114C: Tracing the Evolution of High-Energy Emission from Prompt to Afterglow,gamma_ray_bursts_and_supernovae,Astronomy and Astrophysics,63203493,63203493,0,,W3100113004,,59,116,openalex_v3_query_core,0,,strict,Gamma-ray bursts and supernovae,63203493,Gamma-ray bursts and supernovae,Gamma-ray bursts and supernovae,0,2025
https://openalex.org/W3126491836,2021,Identification of a Local Sample of Gamma-Ray Bursts Consistent with a Magnetar Giant Flare Origin,gamma_ray_bursts_and_supernovae,Astronomy and Astrophysics,63203493,63203493,0,,W3126491836,10.13016/m2hixj-zbbq,59,112,openalex_v3_query_core,0,,strict,Gamma-ray bursts and supernovae,63203493,Gamma-ray bursts and supernovae,Gamma-ray bursts and supernovae,0,2025
https://openalex.org/W3127788688,2021,Correction to: X-Ray Properties of TDEs,gamma_ray_bursts_and_supernovae,Astronomy and Astrophysics,61024309,61024309,0,,W3127788688,10.1007/s11214-020-00759-7,59,267,openalex_v3_query_core,0,,strict,Astrophysical Phenomena and Observations,61024309,Astrophysical Phenomena and Observations,Astrophysical Phenomena and Observations,0,2025
https://openalex.org/W4318587300,2023,Can Neutron Star Mergers Alone Explain the r-process Enrichment of the Milky Way?,gamma_ray_bursts_and_supernovae,Astronomy and Astrophysics,63203493,63203493,0,,W4318587300,10.3847/2041-8213/acad82,59,161,openalex_v3_query_core,0,,strict,Gamma-ray bursts and supernovae,63203493,Gamma-ray bursts and supernovae,Gamma-ray bursts and supernovae,0,2025
https://openalex.org/W4378470816,2023,X-Shooting ULLYSES: Massive stars at low metallicity,gamma_ray_bursts_and_supernovae,Astronomy and Astrophysics,60904056,60904056,0,,W4378470816,10.1051/0004-6361/202245650,59,293,openalex_v3_query_core,0,,strict,"Stellar, planetary, and galactic studies",60904056,"Stellar, planetary, and galactic studies","Stellar, planetary, and galactic studies",0,2025
https://openalex.org/W4389851064,2023,Cosmological observational constraints on the power law f(Q) type modified gravity theory,gamma_ray_bursts_and_supernovae,Astronomy and Astrophysics,60904838,60904838,0,,W4389851064,10.1140/epjc/s10052-023-12339-4,59,84,openalex_v3_query_core,0,,strict,Cosmology and Gravitation Theories,60904838,Cosmology and Gravitation Theories,Cosmology and Gravitation Theories,0,2025
https://openalex.org/W2949871858,2002,Detailed Spectroscopic Analysis of SN 1987A: The Distance to the Large Magellanic Cloud Using the Spectral‐fitting Expanding Atmosphere Method,gamma_ray_bursts_and_supernovae,Astronomy and Astrophysics,63203493,63203493,0,,W2949871858,10.1086/340928,58,57,openalex_v3_query_core,0,,strict,Gamma-ray bursts and supernovae,63203493,Gamma-ray bursts and supernovae,Gamma-ray bursts and supernovae,0,2025
https://openalex.org/W1864849232,2004,Hypernovae and Other Black-Hole-Forming Supernovae,gamma_ray_bursts_and_supernovae,Astronomy and Astrophysics,63203493,63203493,0,,W1864849232,10.1007/978-0-306-48599-2_10,58,98,openalex_v3_query_core,0,,strict,Gamma-ray bursts and supernovae,63203493,Gamma-ray bursts and supernovae,Gamma-ray bursts and supernovae,0,2025
https://openalex.org/W2024283474,2004,Gravitational radiation from gamma-ray burst-supernovae as observational opportunities for LIGO and VIRGO,gamma_ray_bursts_and_supernovae,Astronomy and Astrophysics,63203493,63203493,0,,W2024283474,10.1103/physrevd.69.044007,58,120,openalex_v3_query_core,0,,strict,Gamma-ray bursts and supernovae,63203493,Gamma-ray bursts and supernovae,Gamma-ray bursts and supernovae,0,2025
https://openalex.org/W3101672888,2004,Monte Carlo techniques for time-dependent radiative transfer in 3-D supernovae,gamma_ray_bursts_and_supernovae,Astronomy and Astrophysics,63203493,63203493,0,,W3101672888,10.1051/0004-6361:20041656/pdf,58,19,openalex_v3_query_core,0,,strict,Gamma-ray bursts and supernovae,63203493,Gamma-ray bursts and supernovae,Gamma-ray bursts and supernovae,0,2025
https://openalex.org/W3104102908,2005,Quantitative spectroscopic analysis of and distance to SN1999em,gamma_ray_bursts_and_supernovae,Astronomy and Astrophysics,63203493,63203493,0,,W3104102908,10.1051/0004-6361:20054044/pdf,58,29,openalex_v3_query_core,0,,strict,Gamma-ray bursts and supernovae,63203493,Gamma-ray bursts and supernovae,Gamma-ray bursts and supernovae,0,2025
https://openalex.org/W1980946781,2006,The Advanced Compton Telescope mission,gamma_ray_bursts_and_supernovae,Astronomy and Astrophysics,63203493,63203493,0,,W1980946781,10.1016/j.newar.2006.06.076,58,1,openalex_v3_query_core,0,,strict,Gamma-ray bursts and supernovae,63203493,Gamma-ray bursts and supernovae,Gamma-ray bursts and supernovae,0,2025
https://openalex.org/W2085580859,2006,Modeling the Optical Afterglow of GRB 030329,gamma_ray_bursts_and_supernovae,Astronomy and Astrophysics,63203493,63203493,0,,W2085580859,10.1086/498423,58,97,openalex_v3_query_core,0,,strict,Gamma-ray bursts and supernovae,63203493,Gamma-ray bursts and supernovae,Gamma-ray bursts and supernovae,0,2025
https://openalex.org/W2126325870,2009,Circumstellar interaction in type Ibn supernovae and SN 2006jc,gamma_ray_bursts_and_supernovae,Astronomy and Astrophysics,63203493,63203493,0,,W2126325870,10.1111/j.1365-2966.2009.15506.x,58,38,openalex_v3_query_core,0,,strict,Gamma-ray bursts and supernovae,63203493,Gamma-ray bursts and supernovae,Gamma-ray bursts and supernovae,0,2025
https://openalex.org/W2142111900,2011,"ON THE MASS-LOSS RATE OF MASSIVE STARS IN THE LOW-METALLICITY GALAXIES IC 1613, WLM, AND NGC 3109",gamma_ray_bursts_and_supernovae,Astronomy and Astrophysics,63203493,63203493,0,,W2142111900,10.1088/2041-8205/741/1/l8,58,68,openalex_v3_query_core,0,,strict,Gamma-ray bursts and supernovae,63203493,Gamma-ray bursts and supernovae,Gamma-ray bursts and supernovae,0,2025
https://openalex.org/W2762881738,2011,Stellar forensics with the supernova‐GRB connection – Ludwig Biermann Award Lecture 2010,gamma_ray_bursts_and_supernovae,Astronomy and Astrophysics,63203493,63203493,0,,W2762881738,10.1002/asna.201111562,58,167,openalex_v3_query_core,0,,strict,Gamma-ray bursts and supernovae,63203493,Gamma-ray bursts and supernovae,Gamma-ray bursts and supernovae,0,2025
https://openalex.org/W3101235465,2014,Properties of extragalactic dust inferred from linear polarimetry of Type Ia Supernovae?,gamma_ray_bursts_and_supernovae,Astronomy and Astrophysics,63203493,63203493,0,,W3101235465,10.1051/0004-6361/201424507/pdf,58,86,openalex_v3_query_core,0,,strict,Gamma-ray bursts and supernovae,63203493,Gamma-ray bursts and supernovae,Gamma-ray bursts and supernovae,0,2025
https://openalex.org/W3105754030,2015,GAMMA-RAY AND HARD X-RAY EMISSION FROM PULSAR-AIDED SUPERNOVAE AS A PROBE OF PARTICLE ACCELERATION IN EMBRYONIC PULSAR WIND NEBULAE,gamma_ray_bursts_and_supernovae,Astronomy and Astrophysics,63203493,63203493,0,,W3105754030,,58,89,openalex_v3_query_core,0,,strict,Gamma-ray bursts and supernovae,63203493,Gamma-ray bursts and supernovae,Gamma-ray bursts and supernovae,0,2025
https://openalex.org/W2551496748,2016,The Tarantula Massive Binary Monitoring: I. Observational campaign and OB-type spectroscopic binaries,gamma_ray_bursts_and_supernovae,Astronomy and Astrophysics,60904056,60904056,0,,W2551496748,10.48550/arxiv.1610.03500,58,45,openalex_v3_query_core,0,,strict,"Stellar, planetary, and galactic studies",60904056,"Stellar, planetary, and galactic studies","Stellar, planetary, and galactic studies",0,2025
https://openalex.org/W2735536975,2017,Investigating the diversity of supernovae type Iax: a MUSE and NOT spectroscopic study of their environments,gamma_ray_bursts_and_supernovae,Astronomy and Astrophysics,63203493,63203493,0,,W2735536975,10.1093/mnras/stx2414,58,200,openalex_v3_query_core,0,,strict,Gamma-ray bursts and supernovae,63203493,Gamma-ray bursts and supernovae,Gamma-ray bursts and supernovae,0,2025
https://openalex.org/W2790681155,2018,Neutrinos from Choked Jets Accompanied by Type-II Supernovae,gamma_ray_bursts_and_supernovae,Nuclear and High Energy Physics,61041081,61041081,0,,W2790681155,10.3847/1538-4357/aab360,58,102,openalex_v3_query_core,0,,strict,Astrophysics and Cosmic Phenomena,61041081,Astrophysics and Cosmic Phenomena,Astrophysics and Cosmic Phenomena,0,2025
https://openalex.org/W2886616908,2018,A UV resonance line echo from a shell around a hydrogen-poor superluminous supernova,gamma_ray_bursts_and_supernovae,Astronomy and Astrophysics,63203493,63203493,0,,W2886616908,10.1038/s41550-018-0568-z,58,74,openalex_v3_query_core,0,,strict,Gamma-ray bursts and supernovae,63203493,Gamma-ray bursts and supernovae,Gamma-ray bursts and supernovae,0,2025
https://openalex.org/W2987850102,2019,Sub-Chandrasekhar progenitors favoured for type Ia supernovae: Evidence from late-time spectroscopy★.,gamma_ray_bursts_and_supernovae,Astronomy and Astrophysics,63203493,63203493,0,,W2987850102,10.1093/mnras/stz3013,58,145,openalex_v3_query_core,0,,strict,Gamma-ray bursts and supernovae,63203493,Gamma-ray bursts and supernovae,Gamma-ray bursts and supernovae,0,2025
https://openalex.org/W3026041380,2020,"Supernova host galaxies in the dark energy survey: I. Deep coadds, photometry, and stellar masses",gamma_ray_bursts_and_supernovae,Astronomy and Astrophysics,63203493,63203493,0,,W3026041380,10.1093/mnras/staa1302,58,133,openalex_v3_query_core,0,,strict,Gamma-ray bursts and supernovae,63203493,Gamma-ray bursts and supernovae,Gamma-ray bursts and supernovae,0,2025
https://openalex.org/W3030004602,2020,An Unambiguous Separation of Gamma-Ray Bursts into Two Classes from Prompt Emission Alone,gamma_ray_bursts_and_supernovae,Astronomy and Astrophysics,63203493,63203493,0,,W3030004602,10.3847/2041-8213/ab964d,58,37,openalex_v3_query_core,0,,strict,Gamma-ray bursts and supernovae,63203493,Gamma-ray bursts and supernovae,Gamma-ray bursts and supernovae,0,2025
https://openalex.org/W3215502559,2021,The Fast Radio Burst FRB 20201124A in a star forming region: constraints to the progenitor and multiwavelength counterparts,gamma_ray_bursts_and_supernovae,Astronomy and Astrophysics,63203493,63203493,0,,W3215502559,10.1051/0004-6361/202141903,58,67,openalex_v3_query_core,0,,strict,Gamma-ray bursts and supernovae,63203493,Gamma-ray bursts and supernovae,Gamma-ray bursts and supernovae,0,2025
https://openalex.org/W3210780260,2022,CLASS_GWB: robust modeling of the astrophysical gravitational wave background anisotropies,gamma_ray_bursts_and_supernovae,Astronomy and Astrophysics,60973087,60973087,0,,W3210780260,10.1088/1475-7516/2022/06/030,58,213,openalex_v3_query_core,0,,strict,Pulsars and Gravitational Waves Research,60973087,Pulsars and Gravitational Waves Research,Pulsars and Gravitational Waves Research,0,2025
https://openalex.org/W4361215900,2023,Limits on Neutrino Emission from GRB 221009A from MeV to PeV Using the IceCube Neutrino Observatory,gamma_ray_bursts_and_supernovae,Nuclear and High Energy Physics,61041081,61041081,0,,W4361215900,10.3847/2041-8213/acc077,58,69,openalex_v3_query_core,0,,strict,Astrophysics and Cosmic Phenomena,61041081,Astrophysics and Cosmic Phenomena,Astrophysics and Cosmic Phenomena,0,2025
https://openalex.org/W4395003038,2024,The formation and cosmic evolution of dust in the early Universe: I. Dust sources,gamma_ray_bursts_and_supernovae,Astronomy and Astrophysics,60973222,60973222,0,,W4395003038,10.1007/s00159-024-00151-2,58,322,openalex_v3_query_core,0,,strict,Astrophysics and Star Formation Studies,60973222,Astrophysics and Star Formation Studies,Astrophysics and Star Formation Studies,0,2025
https://openalex.org/W1994750436,1997,Evolution of Supernova Explosion Rates in the Universe,gamma_ray_bursts_and_supernovae,Astronomy and Astrophysics,63203493,63203493,0,,W1994750436,10.1086/304487,57,21,openalex_v3_query_core,0,,strict,Gamma-ray bursts and supernovae,63203493,Gamma-ray bursts and supernovae,Gamma-ray bursts and supernovae,0,2025
https://openalex.org/W2073199407,2003,Light-curve classification in massive variability surveys -- I. Microlensing,gamma_ray_bursts_and_supernovae,Astronomy and Astrophysics,60904056,60904056,0,,W2073199407,10.1046/j.1365-8711.2003.06512.x,57,29,openalex_v3_query_core,0,,strict,"Stellar, planetary, and galactic studies",60904056,"Stellar, planetary, and galactic studies","Stellar, planetary, and galactic studies",0,2025
https://openalex.org/W2096004256,2005,HST/ACS observations of the old and metal-poor Sagittarius dwarf irregular galaxy,gamma_ray_bursts_and_supernovae,Astronomy and Astrophysics,60904056,60904056,0,,W2096004256,10.1051/0004-6361:20052747,57,65,openalex_v3_query_core,0,,strict,"Stellar, planetary, and galactic studies",60904056,"Stellar, planetary, and galactic studies","Stellar, planetary, and galactic studies",0,2025
https://openalex.org/W2121817389,2009,The radial distribution of core-collapse supernovae in spiral host galaxies,gamma_ray_bursts_and_supernovae,Astronomy and Astrophysics,63203493,63203493,0,,W2121817389,10.1051/0004-6361/200912795,57,56,openalex_v3_query_core,0,,strict,Gamma-ray bursts and supernovae,63203493,Gamma-ray bursts and supernovae,Gamma-ray bursts and supernovae,0,2025
https://openalex.org/W3103151860,2009,High mass of the type IIP supernova 2004et inferred from hydrodynamic modeling,gamma_ray_bursts_and_supernovae,Astronomy and Astrophysics,63203493,63203493,0,,W3103151860,10.1051/0004-6361/200912273/pdf,57,43,openalex_v3_query_core,0,,strict,Gamma-ray bursts and supernovae,63203493,Gamma-ray bursts and supernovae,Gamma-ray bursts and supernovae,0,2025
https://openalex.org/W1821370012,2012,THE SURVIVAL OF NUCLEI IN JETS ASSOCIATED WITH CORE-COLLAPSE SUPERNOVAE AND GAMMA-RAY BURSTS,gamma_ray_bursts_and_supernovae,Astronomy and Astrophysics,63203493,63203493,0,,W1821370012,10.1088/0004-637x/753/1/69,57,0,openalex_v3_query_core,0,,strict,Gamma-ray bursts and supernovae,63203493,Gamma-ray bursts and supernovae,Gamma-ray bursts and supernovae,0,2025
https://openalex.org/W1989269889,2012,Searching for soft relativistic jets in core-collapse supernovae with the IceCube optical follow-up program,gamma_ray_bursts_and_supernovae,Astronomy and Astrophysics,63203493,63203493,0,,W1989269889,10.1051/0004-6361/201118071,57,55,openalex_v3_query_core,0,,strict,Gamma-ray bursts and supernovae,63203493,Gamma-ray bursts and supernovae,Gamma-ray bursts and supernovae,0,2025
https://openalex.org/W2158809235,2013,Searching for a preferred direction with Union2.1 data,gamma_ray_bursts_and_supernovae,Astronomy and Astrophysics,60904838,60904838,0,,W2158809235,10.1093/mnras/stt2015,57,49,openalex_v3_query_core,0,,strict,Cosmology and Gravitation Theories,60904838,Cosmology and Gravitation Theories,Cosmology and Gravitation Theories,0,2025
https://openalex.org/W2095030352,2014,The progenitors of calcium-rich transients are not formed in situ*,gamma_ray_bursts_and_supernovae,Astronomy and Astrophysics,63203493,63203493,0,,W2095030352,10.1093/mnras/stu1574,57,113,openalex_v3_query_core,0,,strict,Gamma-ray bursts and supernovae,63203493,Gamma-ray bursts and supernovae,Gamma-ray bursts and supernovae,0,2025
https://openalex.org/W2735507918,2017,Search for high-energy neutrinos from gravitational wave event GW151226 and candidate LVT151012 with ANTARES and IceCube,gamma_ray_bursts_and_supernovae,Nuclear and High Energy Physics,61041081,61041081,0,,W2735507918,10.1103/physrevd.96.022005,57,65,openalex_v3_query_core,0,,strict,Astrophysics and Cosmic Phenomena,61041081,Astrophysics and Cosmic Phenomena,Astrophysics and Cosmic Phenomena,0,2025
https://openalex.org/W3100449227,2017,The Carnegie Supernova Project I,gamma_ray_bursts_and_supernovae,Astronomy and Astrophysics,63203493,63203493,0,,W3100449227,10.1051/0004-6361/201730842,57,145,openalex_v3_query_core,0,,strict,Gamma-ray bursts and supernovae,63203493,Gamma-ray bursts and supernovae,Gamma-ray bursts and supernovae,0,2025
https://openalex.org/W2907982033,2020,Host Galaxies of Type Ic and Broad-lined Type Ic Supernovae from the Palomar Transient Factory: Implications for Jet Production,gamma_ray_bursts_and_supernovae,Astronomy and Astrophysics,63203493,63203493,0,,W2907982033,10.3847/1538-4357/ab4185,57,201,openalex_v3_query_core,0,,strict,Gamma-ray bursts and supernovae,63203493,Gamma-ray bursts and supernovae,Gamma-ray bursts and supernovae,0,2025
https://openalex.org/W2967392209,2020,Thermodynamics conditions of matter in the neutrino decoupling region during neutron star mergers,gamma_ray_bursts_and_supernovae,Astronomy and Astrophysics,63203493,63203493,0,,W2967392209,10.1140/epja/s10050-019-00018-6,57,63,openalex_v3_query_core,0,,strict,Gamma-ray bursts and supernovae,63203493,Gamma-ray bursts and supernovae,Gamma-ray bursts and supernovae,0,2025
https://openalex.org/W3015439595,2020,An extremely energetic supernova from a very massive star in a dense medium,gamma_ray_bursts_and_supernovae,Astronomy and Astrophysics,63203493,63203493,0,,W3015439595,10.1038/s41550-020-1066-7,57,138,openalex_v3_query_core,0,,strict,Gamma-ray bursts and supernovae,63203493,Gamma-ray bursts and supernovae,Gamma-ray bursts and supernovae,0,2025
https://openalex.org/W4306405438,2022,Strongly Lensed Transient Sources: A Review,gamma_ray_bursts_and_supernovae,Astronomy and Astrophysics,60973087,60973087,0,,W4306405438,10.1088/0256-307x/39/11/119801,57,320,openalex_v3_query_core,0,,strict,Pulsars and Gravitational Waves Research,60973087,Pulsars and Gravitational Waves Research,Pulsars and Gravitational Waves Research,0,2025
https://openalex.org/W4320881641,2023,Spherical symmetry in the kilonova AT2017gfo/GW170817,gamma_ray_bursts_and_supernovae,Astronomy and Astrophysics,63203493,63203493,0,,W4320881641,10.1038/s41586-022-05616-x,57,85,openalex_v3_query_core,0,,strict,Gamma-ray bursts and supernovae,63203493,Gamma-ray bursts and supernovae,Gamma-ray bursts and supernovae,0,2025
https://openalex.org/W4327814103,2023,"Gamma-ray bursts, quasars, baryonic acoustic oscillations, and supernovae Ia: new statistical insights and cosmological constraints",gamma_ray_bursts_and_supernovae,Astronomy and Astrophysics,63203493,63203493,0,,W4327814103,10.1093/mnras/stad763,57,189,openalex_v3_query_core,0,,strict,Gamma-ray bursts and supernovae,63203493,Gamma-ray bursts and supernovae,Gamma-ray bursts and supernovae,0,2025
https://openalex.org/W4380992585,2023,Subarcminute Localization of 13 Repeating Fast Radio Bursts Detected by CHIME/FRB,gamma_ray_bursts_and_supernovae,Astronomy and Astrophysics,60973087,60973087,0,,W4380992585,10.3847/1538-4357/accf89,57,118,openalex_v3_query_core,0,,strict,Pulsars and Gravitational Waves Research,60973087,Pulsars and Gravitational Waves Research,Pulsars and Gravitational Waves Research,0,2025
https://openalex.org/W2031803174,2001,Dust Extinction Curves and Lyα Forest Flux Deficits for Use in Modeling Gamma‐Ray Burst Afterglows and All Other Extragalactic Point Sources,gamma_ray_bursts_and_supernovae,Astronomy and Astrophysics,63203493,63203493,0,,W2031803174,10.1086/320630,56,59,openalex_v3_query_core,0,,strict,Gamma-ray bursts and supernovae,63203493,Gamma-ray bursts and supernovae,Gamma-ray bursts and supernovae,0,2025
https://openalex.org/W1498713744,2004,Presupernova Evolution of Rotating Massive Stars and the Rotation Rate of Pulsars,gamma_ray_bursts_and_supernovae,Astronomy and Astrophysics,63203493,63203493,0,,W1498713744,10.1017/s0074180900196263,56,34,openalex_v3_query_core,0,,strict,Gamma-ray bursts and supernovae,63203493,Gamma-ray bursts and supernovae,Gamma-ray bursts and supernovae,0,2025
https://openalex.org/W2041456297,2006,Three-Dimensional Magnetic Structures Generated by the Development of the Filamentation (Weibel) Instability in the Relativistic Regime,gamma_ray_bursts_and_supernovae,Nuclear and High Energy Physics,60956189,60956189,0,,W2041456297,10.1103/physrevlett.96.105008,56,27,openalex_v3_query_core,0,,strict,Laser-Plasma Interactions and Diagnostics,60956189,Laser-Plasma Interactions and Diagnostics,Laser-Plasma Interactions and Diagnostics,0,2025
https://openalex.org/W2061635332,2006,Microquasars as sources of positron annihilation radiation,gamma_ray_bursts_and_supernovae,Nuclear and High Energy Physics,61041081,61041081,0,,W2061635332,10.1051/0004-6361:20065240,56,82,openalex_v3_query_core,0,,strict,Astrophysics and Cosmic Phenomena,61041081,Astrophysics and Cosmic Phenomena,Astrophysics and Cosmic Phenomena,0,2025
https://openalex.org/W2112510315,2007,Detecting neutrino transients with optical follow-up observations,gamma_ray_bursts_and_supernovae,Nuclear and High Energy Physics,61041081,61041081,0,,W2112510315,10.1016/j.astropartphys.2007.03.005,56,28,openalex_v3_query_core,0,,strict,Astrophysics and Cosmic Phenomena,61041081,Astrophysics and Cosmic Phenomena,Astrophysics and Cosmic Phenomena,0,2025
https://openalex.org/W2049364839,2009,High-redshift star formation rate up to <i>z</i> ∼ 8.3 derived from gamma-ray bursts and influence of background cosmology,gamma_ray_bursts_and_supernovae,Astronomy and Astrophysics,63203493,63203493,0,,W2049364839,10.1111/j.1745-3933.2009.00751.x,56,37,openalex_v3_query_core,0,,strict,Gamma-ray bursts and supernovae,63203493,Gamma-ray bursts and supernovae,Gamma-ray bursts and supernovae,0,2025
https://openalex.org/W2127756513,2009,Reconstructing the cosmic expansion history up to redshift z=6.29 with the calibrated gamma-ray bursts,gamma_ray_bursts_and_supernovae,Astronomy and Astrophysics,63203493,63203493,0,,W2127756513,10.1140/epjc/s10052-009-1086-z,56,67,openalex_v3_query_core,0,,strict,Gamma-ray bursts and supernovae,63203493,Gamma-ray bursts and supernovae,Gamma-ray bursts and supernovae,0,2025
https://openalex.org/W1589875375,2010,Statistical Methods in Cosmology,gamma_ray_bursts_and_supernovae,Astronomy and Astrophysics,60903922,60903922,0,,W1589875375,10.1007/978-3-642-10598-2_4,56,16,openalex_v3_query_core,0,,strict,"Galaxies: Formation, Evolution, Phenomena",60903922,"Galaxies: Formation, Evolution, Phenomena","Galaxies: Formation, Evolution, Phenomena",0,2025
https://openalex.org/W2167392296,2010,"A new analysis of the short-duration, hard-spectrum GRB 051103, a possible extragalactic soft gamma repeater giant flare",gamma_ray_bursts_and_supernovae,Astronomy and Astrophysics,63203493,63203493,0,,W2167392296,10.1111/j.1365-2966.2009.16118.x,56,89,openalex_v3_query_core,0,,strict,Gamma-ray bursts and supernovae,63203493,Gamma-ray bursts and supernovae,Gamma-ray bursts and supernovae,0,2025
https://openalex.org/W2234444064,2010,The FIRE infrared spectrometer at Magellan: construction and commissioning,gamma_ray_bursts_and_supernovae,Instrumentation,65554423,65554423,0,,W2234444064,10.1117/12.856088,56,11,openalex_v3_query_core,0,,strict,Astronomy and Astrophysical Research,65554423,Astronomy and Astrophysical Research,Astronomy and Astrophysical Research,0,2025
https://openalex.org/W2059092524,2011,METALLICITY IN THE GRB 100316D/SN 2010bh HOST COMPLEX,gamma_ray_bursts_and_supernovae,Astronomy and Astrophysics,63203493,63203493,0,,W2059092524,10.1088/0004-637x/739/1/23,56,50,openalex_v3_query_core,0,,strict,Gamma-ray bursts and supernovae,63203493,Gamma-ray bursts and supernovae,Gamma-ray bursts and supernovae,0,2025
https://openalex.org/W2120538003,2011,GRB 091127/SN 2009nz and the VLT/X-shooter spectroscopy of its host galaxy: probing the faint end of the mass-metallicity relation,gamma_ray_bursts_and_supernovae,Astronomy and Astrophysics,63203493,63203493,0,,W2120538003,10.1051/0004-6361/201117726,56,108,openalex_v3_query_core,0,,strict,Gamma-ray bursts and supernovae,63203493,Gamma-ray bursts and supernovae,Gamma-ray bursts and supernovae,0,2025
https://openalex.org/W3106080439,2013,Constraints on the Magnetic Field Geometry of Magnetars,gamma_ray_bursts_and_supernovae,Astronomy and Astrophysics,60973087,60973087,0,,W3106080439,,56,20,openalex_v3_query_core,0,,strict,Pulsars and Gravitational Waves Research,60973087,Pulsars and Gravitational Waves Research,Pulsars and Gravitational Waves Research,0,2025
https://openalex.org/W4293865522,2013,The Long-Baseline Neutrino Experiment: Exploring Fundamental Symmetries of the Universe,gamma_ray_bursts_and_supernovae,Nuclear and High Energy Physics,61058366,61058366,0,,W4293865522,10.15161/oar.it/1446204391.69,56,0,openalex_v3_query_core,0,,strict,Neutrino Physics Research,61058366,Neutrino Physics Research,Neutrino Physics Research,0,2025
https://openalex.org/W1881623057,2014,The Deaths of Very Massive Stars,gamma_ray_bursts_and_supernovae,Astronomy and Astrophysics,63203493,63203493,0,,W1881623057,10.1007/978-3-319-09596-7_7,56,89,openalex_v3_query_core,0,,strict,Gamma-ray bursts and supernovae,63203493,Gamma-ray bursts and supernovae,Gamma-ray bursts and supernovae,0,2025
https://openalex.org/W2221939025,2015,Did the progenitor of SN 2011dh have a binary companion?,gamma_ray_bursts_and_supernovae,Astronomy and Astrophysics,63203493,63203493,0,,W2221939025,10.1093/mnras/stv2098,56,66,openalex_v3_query_core,0,,strict,Gamma-ray bursts and supernovae,63203493,Gamma-ray bursts and supernovae,Gamma-ray bursts and supernovae,0,2025
https://openalex.org/W1901742582,2016,OPTICAL AND NEAR-INFRARED OBSERVATIONS OF SN 2013DX ASSOCIATED WITH GRB 130702A,gamma_ray_bursts_and_supernovae,Astronomy and Astrophysics,63203493,63203493,0,,W1901742582,10.3847/0004-637x/818/1/79,56,173,openalex_v3_query_core,0,,strict,Gamma-ray bursts and supernovae,63203493,Gamma-ray bursts and supernovae,Gamma-ray bursts and supernovae,0,2025
https://openalex.org/W2342680266,2016,"SUPPLEMENT: “LOCALIZATION AND BROADBAND FOLLOW-UP OF THE GRAVITATIONAL-WAVE TRANSIENT GW150914” (2016, ApJL, 826, L13)",gamma_ray_bursts_and_supernovae,Astronomy and Astrophysics,60973087,60973087,0,,W2342680266,10.3847/0067-0049/225/1/8,56,52,openalex_v3_query_core,0,,strict,Pulsars and Gravitational Waves Research,60973087,Pulsars and Gravitational Waves Research,Pulsars and Gravitational Waves Research,0,2025
https://openalex.org/W2592934549,2017,The unblinking eye on the sky,gamma_ray_bursts_and_supernovae,Astronomy and Astrophysics,63203493,63203493,0,,W2592934549,10.1038/s41550-017-0071,56,6,openalex_v3_query_core,0,,strict,Gamma-ray bursts and supernovae,63203493,Gamma-ray bursts and supernovae,Gamma-ray bursts and supernovae,0,2025
https://openalex.org/W2625771544,2017,Constraints on millisecond magnetars as the engines of prompt emission in gamma-ray bursts,gamma_ray_bursts_and_supernovae,Astronomy and Astrophysics,63203493,63203493,0,,W2625771544,10.1093/mnras/stx2095,56,165,openalex_v3_query_core,0,,strict,Gamma-ray bursts and supernovae,63203493,Gamma-ray bursts and supernovae,Gamma-ray bursts and supernovae,0,2025
https://openalex.org/W2737548039,2017,The faint radio sky: VLBA observations of the COSMOS field,gamma_ray_bursts_and_supernovae,Astronomy and Astrophysics,60903922,60903922,0,,W2737548039,10.1051/0004-6361/201731163,56,80,openalex_v3_query_core,0,,strict,"Galaxies: Formation, Evolution, Phenomena",60903922,"Galaxies: Formation, Evolution, Phenomena","Galaxies: Formation, Evolution, Phenomena",0,2025
https://openalex.org/W2765828285,2017,Progress in high-energy cosmic ray physics,gamma_ray_bursts_and_supernovae,Nuclear and High Energy Physics,61041081,61041081,0,,W2765828285,10.1016/j.ppnp.2017.10.002,56,187,openalex_v3_query_core,0,,strict,Astrophysics and Cosmic Phenomena,61041081,Astrophysics and Cosmic Phenomena,Astrophysics and Cosmic Phenomena,0,2025
https://openalex.org/W2952708359,2017,Point-source and diffuse high-energy neutrino emission from Type IIn supernovae,gamma_ray_bursts_and_supernovae,Nuclear and High Energy Physics,61041081,61041081,0,,W2952708359,10.1093/mnras/stx1251,56,121,openalex_v3_query_core,0,,strict,Astrophysics and Cosmic Phenomena,61041081,Astrophysics and Cosmic Phenomena,Astrophysics and Cosmic Phenomena,0,2025
https://openalex.org/W4296577342,2017,The VLT-FLAMES Tarantula Survey,gamma_ray_bursts_and_supernovae,Astronomy and Astrophysics,60904056,60904056,0,,W4296577342,10.1051/0004-6361/201629210,56,109,openalex_v3_query_core,0,,strict,"Stellar, planetary, and galactic studies",60904056,"Stellar, planetary, and galactic studies","Stellar, planetary, and galactic studies",0,2025
https://openalex.org/W2918121884,2019,Search for Transient Gravitational-wave Signals Associated with Magnetar Bursts during Advanced LIGO’s Second Observing Run,gamma_ray_bursts_and_supernovae,Astronomy and Astrophysics,60973087,60973087,0,,W2918121884,10.3847/1538-4357/ab0e15,56,47,openalex_v3_query_core,0,,strict,Pulsars and Gravitational Waves Research,60973087,Pulsars and Gravitational Waves Research,Pulsars and Gravitational Waves Research,0,2025
https://openalex.org/W2960441220,2019,Evolved massive stars at low-metallicity,gamma_ray_bursts_and_supernovae,Astronomy and Astrophysics,60904056,60904056,0,,W2960441220,10.1051/0004-6361/201935916,56,172,openalex_v3_query_core,0,,strict,"Stellar, planetary, and galactic studies",60904056,"Stellar, planetary, and galactic studies","Stellar, planetary, and galactic studies",0,2025
https://openalex.org/W3023498325,2020,Noise angular power spectrum of gravitational wave background experiments,gamma_ray_bursts_and_supernovae,Astronomy and Astrophysics,60973087,60973087,0,,W3023498325,10.1103/physrevd.101.124048,56,75,openalex_v3_query_core,0,,strict,Pulsars and Gravitational Waves Research,60973087,Pulsars and Gravitational Waves Research,Pulsars and Gravitational Waves Research,0,2025
https://openalex.org/W3130738521,2021,<sup>129</sup> I and <sup>247</sup> Cm in meteorites constrain the last astrophysical source of solar r-process elements,gamma_ray_bursts_and_supernovae,Astronomy and Astrophysics,60955404,60955404,0,,W3130738521,10.1126/science.aba1111,56,139,openalex_v3_query_core,0,,strict,Astro and Planetary Science,60955404,Astro and Planetary Science,Astro and Planetary Science,0,2025
https://openalex.org/W4225307845,2022,Close detached white dwarf + brown dwarf binaries: further evidence for low values of the common envelope efficiency,gamma_ray_bursts_and_supernovae,Astronomy and Astrophysics,60904056,60904056,0,,W4225307845,10.1093/mnras/stac1137,56,92,openalex_v3_query_core,0,,strict,"Stellar, planetary, and galactic studies",60904056,"Stellar, planetary, and galactic studies","Stellar, planetary, and galactic studies",0,2025
https://openalex.org/W4386498914,2023,Monthly quasi-periodic eruptions from repeated stellar disruption by a massive black hole,gamma_ray_bursts_and_supernovae,Astronomy and Astrophysics,61024309,61024309,0,,W4386498914,10.1038/s41550-023-02073-y,56,49,openalex_v3_query_core,0,,strict,Astrophysical Phenomena and Observations,61024309,Astrophysical Phenomena and Observations,Astrophysical Phenomena and Observations,0,2025
https://openalex.org/W4392451469,2024,Multimessenger Constraints on Radiatively Decaying Axions from GW170817,gamma_ray_bursts_and_supernovae,Astronomy and Astrophysics,60973087,60973087,0,,W4392451469,10.1103/physrevlett.132.101004,56,109,openalex_v3_query_core,0,,strict,Pulsars and Gravitational Waves Research,60973087,Pulsars and Gravitational Waves Research,Pulsars and Gravitational Waves Research,0,2025
https://openalex.org/W4402639430,2024,"Characterizing gravitational wave detector networks: from A<mml:math xmlns:mml=""http://www.w3.org/1998/Math/MathML""><mml:mrow><mml:msup><mml:mrow/><mml:mo>♯</mml:mo></mml:msup></mml:mrow></mml:math>to cosmic explorer",gamma_ray_bursts_and_supernovae,Astronomy and Astrophysics,60973087,60973087,0,,W4402639430,10.1088/1361-6382/ad7b99,56,297,openalex_v3_query_core,0,,strict,Pulsars and Gravitational Waves Research,60973087,Pulsars and Gravitational Waves Research,Pulsars and Gravitational Waves Research,0,2025
https://openalex.org/W1967286884,2001,Astrophysics with Intense and Ultra-Intense Lasers “Laser Astrophysics”,gamma_ray_bursts_and_supernovae,Electrical and Electronic Engineering,65520749,65520749,0,,W1967286884,10.1143/ptps.143.202,55,45,openalex_v3_query_core,0,,strict,Laser Design and Applications,65520749,Laser Design and Applications,Laser Design and Applications,0,2025
https://openalex.org/W1575260296,2008,From Luminous Hot Stars to Starburst Galaxies,gamma_ray_bursts_and_supernovae,Instrumentation,65554423,65554423,0,,W1575260296,10.1017/cbo9780511536199,55,0,openalex_v3_query_core,0,,strict,Astronomy and Astrophysical Research,65554423,Astronomy and Astrophysical Research,Astronomy and Astrophysical Research,0,2025
https://openalex.org/W1987366406,2009,NGC 2770: A SUPERNOVA Ib FACTORY?,gamma_ray_bursts_and_supernovae,Astronomy and Astrophysics,63203493,63203493,0,,W1987366406,10.1088/0004-637x/698/2/1307,55,110,openalex_v3_query_core,0,,strict,Gamma-ray bursts and supernovae,63203493,Gamma-ray bursts and supernovae,Gamma-ray bursts and supernovae,0,2025
https://openalex.org/W2135976441,2009,A VLT/FLAMES survey for massive binaries in Westerlund 1,gamma_ray_bursts_and_supernovae,Astronomy and Astrophysics,60904056,60904056,0,,W2135976441,10.1051/0004-6361/200912686,55,43,openalex_v3_query_core,0,,strict,"Stellar, planetary, and galactic studies",60904056,"Stellar, planetary, and galactic studies","Stellar, planetary, and galactic studies",0,2025
https://openalex.org/W2154031769,2009,SPECTROSCOPY OF HIGH-REDSHIFT SUPERNOVAE FROM THE ESSENCE PROJECT: THE FIRST FOUR YEARS,gamma_ray_bursts_and_supernovae,Astronomy and Astrophysics,63203493,63203493,0,,W2154031769,10.1088/0004-6256/137/4/3731,55,88,openalex_v3_query_core,0,,strict,Gamma-ray bursts and supernovae,63203493,Gamma-ray bursts and supernovae,Gamma-ray bursts and supernovae,0,2025
https://openalex.org/W4210961531,2009,Characteristic Evolution and Matching,gamma_ray_bursts_and_supernovae,Astronomy and Astrophysics,60973087,60973087,0,,W4210961531,10.12942/lrr-2009-3,55,342,openalex_v3_query_core,0,,strict,Pulsars and Gravitational Waves Research,60973087,Pulsars and Gravitational Waves Research,Pulsars and Gravitational Waves Research,0,2025
https://openalex.org/W2160421594,2011,The broad iron K<i>α</i>line of Cygnus X-1 as seen by<i>XMM-Newton</i>in the EPIC-pn modified timing mode,gamma_ray_bursts_and_supernovae,Astronomy and Astrophysics,61024309,61024309,0,,W2160421594,10.1051/0004-6361/201117446,55,35,openalex_v3_query_core,0,,strict,Astrophysical Phenomena and Observations,61024309,Astrophysical Phenomena and Observations,Astrophysical Phenomena and Observations,0,2025
https://openalex.org/W2171512244,2012,On the nature of candidate luminous blue variables in M 33,gamma_ray_bursts_and_supernovae,Astronomy and Astrophysics,63203493,63203493,0,,W2171512244,10.1051/0004-6361/201118440,55,94,openalex_v3_query_core,0,,strict,Gamma-ray bursts and supernovae,63203493,Gamma-ray bursts and supernovae,Gamma-ray bursts and supernovae,0,2025
https://openalex.org/W3010122723,2012,Death of Massive Stars: Supernovae and Gamma-Ray Bursts,gamma_ray_bursts_and_supernovae,Astronomy and Astrophysics,63203493,63203493,0,,W3010122723,,55,0,openalex_v3_query_core,0,,strict,Gamma-ray bursts and supernovae,63203493,Gamma-ray bursts and supernovae,Gamma-ray bursts and supernovae,0,2025
https://openalex.org/W2167051794,2015,Neutrino viscosity and drag: impact on the magnetorotational instability in protoneutron stars,gamma_ray_bursts_and_supernovae,Nuclear and High Energy Physics,61041081,61041081,0,,W2167051794,10.1093/mnras/stu2550,55,89,openalex_v3_query_core,0,,strict,Astrophysics and Cosmic Phenomena,61041081,Astrophysics and Cosmic Phenomena,Astrophysics and Cosmic Phenomena,0,2025
https://openalex.org/W2201282835,2015,ANGULAR MOMENTUM ROLE IN THE HYPERCRITICAL ACCRETION OF BINARY-DRIVEN HYPERNOVAE,gamma_ray_bursts_and_supernovae,Astronomy and Astrophysics,63203493,63203493,0,,W2201282835,10.1088/0004-637x/812/2/100,55,49,openalex_v3_query_core,0,,strict,Gamma-ray bursts and supernovae,63203493,Gamma-ray bursts and supernovae,Gamma-ray bursts and supernovae,0,2025
https://openalex.org/W2417348068,2016,ON THE INDUCED GRAVITATIONAL COLLAPSE SCENARIO OF GAMMA-RAY BURSTS ASSOCIATED WITH SUPERNOVAE,gamma_ray_bursts_and_supernovae,Astronomy and Astrophysics,63203493,63203493,0,,W2417348068,10.3847/1538-4357/833/1/107,55,55,openalex_v3_query_core,0,,strict,Gamma-ray bursts and supernovae,63203493,Gamma-ray bursts and supernovae,Gamma-ray bursts and supernovae,0,2025
https://openalex.org/W2885316776,2018,A ring in a shell: the large-scale 6D structure of the Vela OB2 complex,gamma_ray_bursts_and_supernovae,Astronomy and Astrophysics,60904056,60904056,0,,W2885316776,10.1051/0004-6361/201834003,55,65,openalex_v3_query_core,0,,strict,"Stellar, planetary, and galactic studies",60904056,"Stellar, planetary, and galactic studies","Stellar, planetary, and galactic studies",0,2025
https://openalex.org/W2890524847,2018,Constraining very-high-energy and optical emission from FRB 121102 with the MAGIC telescopes,gamma_ray_bursts_and_supernovae,Astronomy and Astrophysics,60973087,60973087,0,,W2890524847,10.1093/mnras/sty2422,55,70,openalex_v3_query_core,0,,strict,Pulsars and Gravitational Waves Research,60973087,Pulsars and Gravitational Waves Research,Pulsars and Gravitational Waves Research,0,2025
https://openalex.org/W2925000947,2019,Black-Hole Remnants from Black-Hole–Neutron-Star Mergers,gamma_ray_bursts_and_supernovae,Astronomy and Astrophysics,60973087,60973087,0,,W2925000947,10.1103/physrevlett.123.041102,55,81,openalex_v3_query_core,0,,strict,Pulsars and Gravitational Waves Research,60973087,Pulsars and Gravitational Waves Research,Pulsars and Gravitational Waves Research,0,2025
https://openalex.org/W3018710953,2020,SN 2020bvc: A Broad-line Type Ic Supernova with a Double-peaked Optical Light Curve and a Luminous X-Ray and Radio Counterpart,gamma_ray_bursts_and_supernovae,Astronomy and Astrophysics,63203493,63203493,0,,W3018710953,10.3847/1538-4357/aba630,55,140,openalex_v3_query_core,0,,strict,Gamma-ray bursts and supernovae,63203493,Gamma-ray bursts and supernovae,Gamma-ray bursts and supernovae,0,2025
https://openalex.org/W3021588277,2020,A global model of the magnetorotational instability in protoneutron stars,gamma_ray_bursts_and_supernovae,Astronomy and Astrophysics,60973087,60973087,0,,W3021588277,10.1051/0004-6361/202038369,55,77,openalex_v3_query_core,0,,strict,Pulsars and Gravitational Waves Research,60973087,Pulsars and Gravitational Waves Research,Pulsars and Gravitational Waves Research,0,2025
https://openalex.org/W3047801639,2020,"A Cosmography Approach to Dark Energy Cosmologies: New Constraints Using the Hubble Diagrams of Supernovae, Quasars, and Gamma-Ray Bursts",gamma_ray_bursts_and_supernovae,Astronomy and Astrophysics,60904838,60904838,0,,W3047801639,10.3847/1538-4357/aba517,55,101,openalex_v3_query_core,0,,strict,Cosmology and Gravitation Theories,60904838,Cosmology and Gravitation Theories,Cosmology and Gravitation Theories,0,2025
https://openalex.org/W3111046231,2020,Grids of stellar models with rotation – V. Models from 1.7 to 120 M⊙ at zero metallicity,gamma_ray_bursts_and_supernovae,Astronomy and Astrophysics,60904056,60904056,0,,W3111046231,10.1093/mnras/staa3803,55,181,openalex_v3_query_core,0,,strict,"Stellar, planetary, and galactic studies",60904056,"Stellar, planetary, and galactic studies","Stellar, planetary, and galactic studies",0,2025
https://openalex.org/W3108551359,2021,Anomaly detection in the Zwicky Transient Facility DR3,gamma_ray_bursts_and_supernovae,Nuclear and High Energy Physics,61041081,61041081,0,,W3108551359,10.1093/mnras/stab316,55,137,openalex_v3_query_core,0,,strict,Astrophysics and Cosmic Phenomena,61041081,Astrophysics and Cosmic Phenomena,Astrophysics and Cosmic Phenomena,0,2025
https://openalex.org/W4225784353,2022,"Pulsational pair-instability supernovae: gravitational collapse, black hole formation, and beyond",gamma_ray_bursts_and_supernovae,Astronomy and Astrophysics,63203493,63203493,0,,W4225784353,10.1093/mnras/stac758,55,177,openalex_v3_query_core,0,,strict,Gamma-ray bursts and supernovae,63203493,Gamma-ray bursts and supernovae,Gamma-ray bursts and supernovae,0,2025
https://openalex.org/W4306703756,2023,Optical potentials for the rare-isotope beam era,gamma_ray_bursts_and_supernovae,Nuclear and High Energy Physics,60904836,60904836,0,,W4306703756,10.1088/1361-6471/acc348,55,375,openalex_v3_query_core,0,,strict,Nuclear physics research studies,60904836,Nuclear physics research studies,Nuclear physics research studies,0,2025
https://openalex.org/W4319315496,2023,A Bias-free Cosmological Analysis with Quasars Alleviating H <sub>0</sub> Tension,gamma_ray_bursts_and_supernovae,Astronomy and Astrophysics,60904838,60904838,0,,W4319315496,10.3847/1538-4365/aca404,55,94,openalex_v3_query_core,0,,strict,Cosmology and Gravitation Theories,60904838,Cosmology and Gravitation Theories,Cosmology and Gravitation Theories,0,2025
https://openalex.org/W2008366756,1987,High Energy Phenomena Around Collapsed Stars,gamma_ray_bursts_and_supernovae,Astronomy and Astrophysics,63203493,63203493,0,,W2008366756,10.1007/978-94-009-3823-6,54,0,openalex_v3_query_core,0,,strict,Gamma-ray bursts and supernovae,63203493,Gamma-ray bursts and supernovae,Gamma-ray bursts and supernovae,0,2025
https://openalex.org/W2048238927,1998,On the Association of Gamma-Ray Bursts with Supernovae,gamma_ray_bursts_and_supernovae,Astronomy and Astrophysics,63203493,63203493,0,,W2048238927,10.1086/311634,54,16,openalex_v3_query_core,0,,strict,Gamma-ray bursts and supernovae,63203493,Gamma-ray bursts and supernovae,Gamma-ray bursts and supernovae,0,2025
https://openalex.org/W2144358213,1998,A Model for Non High Energy Gamma Ray Bursts and Sources of Ultra High Energy Cosmic Rays: Super Strongly Magnetized Milli-Second Pulsar Formed from a (C+O) Star and a Neutron Star (Black Hole) Close Binary System,gamma_ray_bursts_and_supernovae,Astronomy and Astrophysics,63203493,63203493,0,,W2144358213,10.1143/ptp.100.921,54,6,openalex_v3_query_core,0,,strict,Gamma-ray bursts and supernovae,63203493,Gamma-ray bursts and supernovae,Gamma-ray bursts and supernovae,0,2025
https://openalex.org/W2001679551,2004,Neutrino signatures of the supernova: Gamma ray burst relationship,gamma_ray_bursts_and_supernovae,Astronomy and Astrophysics,63203493,63203493,0,,W2001679551,10.1103/physrevd.69.023001,54,29,openalex_v3_query_core,0,,strict,Gamma-ray bursts and supernovae,63203493,Gamma-ray bursts and supernovae,Gamma-ray bursts and supernovae,0,2025
https://openalex.org/W2763879808,2004,A unified jet model of X-ray flashes and γ-ray bursts,gamma_ray_bursts_and_supernovae,Astronomy and Astrophysics,63203493,63203493,0,,W2763879808,10.1016/j.newar.2003.12.030,54,4,openalex_v3_query_core,0,,strict,Gamma-ray bursts and supernovae,63203493,Gamma-ray bursts and supernovae,Gamma-ray bursts and supernovae,0,2025
https://openalex.org/W2052792282,2007,Keck and European Southern Observatory Very Large Telescope View of the Symmetry of the Ejecta of the XRF/SN 2006aj,gamma_ray_bursts_and_supernovae,Astronomy and Astrophysics,63203493,63203493,0,,W2052792282,10.1086/517912,54,67,openalex_v3_query_core,0,,strict,Gamma-ray bursts and supernovae,63203493,Gamma-ray bursts and supernovae,Gamma-ray bursts and supernovae,0,2025
https://openalex.org/W2106228815,2008,The Spectral Lag of GRB 060505: A Likely Member of the Long-Duration Class,gamma_ray_bursts_and_supernovae,Astronomy and Astrophysics,63203493,63203493,0,,W2106228815,10.1086/588189,54,58,openalex_v3_query_core,0,,strict,Gamma-ray bursts and supernovae,63203493,Gamma-ray bursts and supernovae,Gamma-ray bursts and supernovae,0,2025
https://openalex.org/W1497742441,2010,"A bright off-nuclear X-ray source: a type IIn supernova, a bright ULX or a recoiling supermassive black hole in CXO J122518.6+144545",gamma_ray_bursts_and_supernovae,Astronomy and Astrophysics,61024309,61024309,0,,W1497742441,10.1111/j.1365-2966.2010.16943.x,54,54,openalex_v3_query_core,0,,strict,Astrophysical Phenomena and Observations,61024309,Astrophysical Phenomena and Observations,Astrophysical Phenomena and Observations,0,2025
https://openalex.org/W1886125182,2010,Probing the nature of high-z short GRB 090426 with its early optical and X-ray afterglows,gamma_ray_bursts_and_supernovae,Astronomy and Astrophysics,63203493,63203493,0,,W1886125182,10.1111/j.1365-2966.2010.17419.x,54,91,openalex_v3_query_core,0,,strict,Gamma-ray bursts and supernovae,63203493,Gamma-ray bursts and supernovae,Gamma-ray bursts and supernovae,0,2025
https://openalex.org/W2114925115,2012,High-redshift cosmography: new results and implications for dark energy,gamma_ray_bursts_and_supernovae,Astronomy and Astrophysics,63203493,63203493,0,,W2114925115,10.1111/j.1365-2966.2012.21568.x,54,72,openalex_v3_query_core,0,,strict,Gamma-ray bursts and supernovae,63203493,Gamma-ray bursts and supernovae,Gamma-ray bursts and supernovae,0,2025
https://openalex.org/W2137934343,2013,Tidal disruption of a super-Jupiter by a massive black hole,gamma_ray_bursts_and_supernovae,Astronomy and Astrophysics,61024309,61024309,0,,W2137934343,10.1051/0004-6361/201220664,54,80,openalex_v3_query_core,0,,strict,Astrophysical Phenomena and Observations,61024309,Astrophysical Phenomena and Observations,Astrophysical Phenomena and Observations,0,2025
https://openalex.org/W1934925521,2015,THE NEEDLE IN THE 100 deg<sup>2</sup>HAYSTACK: UNCOVERING AFTERGLOWS OF<i>FERMI</i>GRBs WITH THE PALOMAR TRANSIENT FACTORY,gamma_ray_bursts_and_supernovae,Astronomy and Astrophysics,63203493,63203493,0,,W1934925521,10.1088/0004-637x/806/1/52,54,159,openalex_v3_query_core,0,,strict,Gamma-ray bursts and supernovae,63203493,Gamma-ray bursts and supernovae,Gamma-ray bursts and supernovae,0,2025
https://openalex.org/W2809824544,2018,Neutron-star spindown and magnetic inclination-angle evolution,gamma_ray_bursts_and_supernovae,Astronomy and Astrophysics,60973087,60973087,0,,W2809824544,10.1093/mnras/sty2553,54,56,openalex_v3_query_core,0,,strict,Pulsars and Gravitational Waves Research,60973087,Pulsars and Gravitational Waves Research,Pulsars and Gravitational Waves Research,0,2025
https://openalex.org/W2952103431,2019,From Primordial Seed Magnetic Fields to the Galactic Dynamo,gamma_ray_bursts_and_supernovae,Electrical and Electronic Engineering,67716970,67716970,0,,W2952103431,10.3390/galaxies7020047,54,135,openalex_v3_query_core,0,,strict,Space Technology and Applications,67716970,Space Technology and Applications,Space Technology and Applications,0,2025
https://openalex.org/W4288378083,2019,Highly luminous supernovae associated with gamma-ray bursts,gamma_ray_bursts_and_supernovae,Astronomy and Astrophysics,63203493,63203493,0,,W4288378083,10.1051/0004-6361/201629162,54,324,openalex_v3_query_core,0,,strict,Gamma-ray bursts and supernovae,63203493,Gamma-ray bursts and supernovae,Gamma-ray bursts and supernovae,0,2025
https://openalex.org/W2990587610,2020,Gaussian processes reconstruction of modified gravitational wave propagation,gamma_ray_bursts_and_supernovae,Astronomy and Astrophysics,60973087,60973087,0,,W2990587610,10.1103/physrevd.101.063505,54,114,openalex_v3_query_core,0,,strict,Pulsars and Gravitational Waves Research,60973087,Pulsars and Gravitational Waves Research,Pulsars and Gravitational Waves Research,0,2025
https://openalex.org/W3014112770,2020,On the interplay between astrophysical and laboratory probes of MeV-scale axion-like particles,gamma_ray_bursts_and_supernovae,Nuclear and High Energy Physics,63152924,63152924,0,,W3014112770,10.1007/jhep07(2020)050,54,90,openalex_v3_query_core,0,,strict,Dark Matter and Cosmic Phenomena,63152924,Dark Matter and Cosmic Phenomena,Dark Matter and Cosmic Phenomena,0,2025
https://openalex.org/W2970027358,2021,THEZA: TeraHertz Exploration and Zooming-in for Astrophysics,gamma_ray_bursts_and_supernovae,Nuclear and High Energy Physics,61041081,61041081,0,,W2970027358,10.1007/s10686-021-09714-y,54,178,openalex_v3_query_core,0,,strict,Astrophysics and Cosmic Phenomena,61041081,Astrophysics and Cosmic Phenomena,Astrophysics and Cosmic Phenomena,0,2025
https://openalex.org/W3093318136,2021,Testing the quasar Hubble diagram with LISA standard sirens,gamma_ray_bursts_and_supernovae,Astronomy and Astrophysics,60973087,60973087,0,,W3093318136,10.1103/physrevd.103.083526,54,124,openalex_v3_query_core,0,,strict,Pulsars and Gravitational Waves Research,60973087,Pulsars and Gravitational Waves Research,Pulsars and Gravitational Waves Research,0,2025
https://openalex.org/W4380994452,2023,Updated Observing Scenarios and Multimessenger Implications for the International Gravitational-wave Networks O4 and O5,gamma_ray_bursts_and_supernovae,Astronomy and Astrophysics,63203493,63203493,0,,W4380994452,10.3847/1538-4357/acfcb1,54,103,openalex_v3_query_core,0,,strict,Gamma-ray bursts and supernovae,63203493,Gamma-ray bursts and supernovae,Gamma-ray bursts and supernovae,0,2025
https://openalex.org/W4385813575,2023,Possible Detection of the Progenitor of the Type II Supernova SN 2023ixf,gamma_ray_bursts_and_supernovae,Astronomy and Astrophysics,63203493,63203493,0,,W4385813575,10.3847/2041-8213/ace88b,54,43,openalex_v3_query_core,0,,strict,Gamma-ray bursts and supernovae,63203493,Gamma-ray bursts and supernovae,Gamma-ray bursts and supernovae,0,2025
https://openalex.org/W4388049739,2023,Binary stars in the new millennium,gamma_ray_bursts_and_supernovae,Astronomy and Astrophysics,60904056,60904056,0,,W4388049739,10.1016/j.ppnp.2023.104083,54,633,openalex_v3_query_core,0,,strict,"Stellar, planetary, and galactic studies",60904056,"Stellar, planetary, and galactic studies","Stellar, planetary, and galactic studies",0,2025
https://openalex.org/W1979640626,2005,On the nature of X-ray flashes,gamma_ray_bursts_and_supernovae,Astronomy and Astrophysics,63203493,63203493,0,,W1979640626,10.1051/0004-6361:20041572,53,32,openalex_v3_query_core,0,,strict,Gamma-ray bursts and supernovae,63203493,Gamma-ray bursts and supernovae,Gamma-ray bursts and supernovae,0,2025
https://openalex.org/W1923125829,2006,"The Astrobiology Primer: An Outline of General Knowledge—Version 1, 2006",gamma_ray_bursts_and_supernovae,Astronomy and Astrophysics,65521019,65521019,0,,W1923125829,10.1089/ast.2006.6.735,53,209,openalex_v3_query_core,0,,strict,Space Science and Extraterrestrial Life,65521019,Space Science and Extraterrestrial Life,Space Science and Extraterrestrial Life,0,2025
https://openalex.org/W1973593260,2007,Measuring Dark Energy with Gamma‐Ray Bursts and Other Cosmological Probes,gamma_ray_bursts_and_supernovae,Astronomy and Astrophysics,60904838,60904838,0,,W1973593260,10.1086/520768,53,78,openalex_v3_query_core,0,,strict,Cosmology and Gravitation Theories,60904838,Cosmology and Gravitation Theories,Cosmology and Gravitation Theories,0,2025
https://openalex.org/W2104885988,2013,"A SEARCH FOR FAST OPTICAL TRANSIENTS IN THE Pan-STARRS1 MEDIUM-DEEP SURVEY: M-DWARF FLARES, ASTEROIDS, LIMITS ON EXTRAGALACTIC RATES, AND IMPLICATIONS FOR LSST",gamma_ray_bursts_and_supernovae,Astronomy and Astrophysics,63203493,63203493,0,,W2104885988,10.1088/0004-637x/779/1/18,53,57,openalex_v3_query_core,0,,strict,Gamma-ray bursts and supernovae,63203493,Gamma-ray bursts and supernovae,Gamma-ray bursts and supernovae,0,2025
https://openalex.org/W1974501710,2015,Numerical simulations of the magnetorotational instability in protoneutron stars – I. Influence of buoyancy,gamma_ray_bursts_and_supernovae,Astronomy and Astrophysics,60973222,60973222,0,,W1974501710,10.1093/mnras/stv727,53,99,openalex_v3_query_core,0,,strict,Astrophysics and Star Formation Studies,60973222,Astrophysics and Star Formation Studies,Astrophysics and Star Formation Studies,0,2025
https://openalex.org/W2292843667,2016,iPTF SEARCH FOR AN OPTICAL COUNTERPART TO GRAVITATIONAL-WAVE TRANSIENT GW150914,gamma_ray_bursts_and_supernovae,Astronomy and Astrophysics,63203493,63203493,0,,W2292843667,10.3847/2041-8205/824/2/l24,53,32,openalex_v3_query_core,0,,strict,Gamma-ray bursts and supernovae,63203493,Gamma-ray bursts and supernovae,Gamma-ray bursts and supernovae,0,2025
https://openalex.org/W2596001413,2017,Gravitational collapse to a Kerr–Newman black hole,gamma_ray_bursts_and_supernovae,Astronomy and Astrophysics,60973087,60973087,0,,W2596001413,10.1093/mnrasl/slx035,53,39,openalex_v3_query_core,0,,strict,Pulsars and Gravitational Waves Research,60973087,Pulsars and Gravitational Waves Research,Pulsars and Gravitational Waves Research,0,2025
https://openalex.org/W2762251524,2017,Black Hole Hyperaccretion Inflow–Outflow Model. I. Long and Ultra-long Gamma-Ray Bursts,gamma_ray_bursts_and_supernovae,Astronomy and Astrophysics,63203493,63203493,0,,W2762251524,10.3847/1538-4357/aa9e4f,53,79,openalex_v3_query_core,0,,strict,Gamma-ray bursts and supernovae,63203493,Gamma-ray bursts and supernovae,Gamma-ray bursts and supernovae,0,2025
https://openalex.org/W2789015140,2018,"Low Altitude Solar Magnetic Reconnection, Type III Solar Radio Bursts, and X-ray Emissions",gamma_ray_bursts_and_supernovae,Astronomy and Astrophysics,60938632,60938632,0,,W2789015140,10.1038/s41598-018-19195-3,53,71,openalex_v3_query_core,0,,strict,Solar and Space Plasma Dynamics,60938632,Solar and Space Plasma Dynamics,Solar and Space Plasma Dynamics,0,2025
https://openalex.org/W2805986073,2018,Null signal for the cosmic anisotropy in the Pantheon supernovae data,gamma_ray_bursts_and_supernovae,Astronomy and Astrophysics,60904838,60904838,0,,W2805986073,10.1140/epjc/s10052-018-6159-4,53,105,openalex_v3_query_core,0,,strict,Cosmology and Gravitation Theories,60904838,Cosmology and Gravitation Theories,Cosmology and Gravitation Theories,0,2025
https://openalex.org/W3102407019,2018,https://openalex.org/W3102407019,gamma_ray_bursts_and_supernovae,Astronomy and Astrophysics,60973087,60973087,0,,W3102407019,10.3847/2041-8213/aaad64/meta,53,77,openalex_v3_query_core,0,,strict,Pulsars and Gravitational Waves Research,60973087,Pulsars and Gravitational Waves Research,Pulsars and Gravitational Waves Research,0,2025
https://openalex.org/W2994776754,2020,Gamma-Ray Emission of <sup>60</sup>Fe and <sup>26</sup>Al Radioactivity in Our Galaxy,gamma_ray_bursts_and_supernovae,Astronomy and Astrophysics,63203493,63203493,0,,W2994776754,10.3847/1538-4357/ab6336,53,62,openalex_v3_query_core,0,,strict,Gamma-ray bursts and supernovae,63203493,Gamma-ray bursts and supernovae,Gamma-ray bursts and supernovae,0,2025
https://openalex.org/W3037694649,2020,Implications of the search for optical counterparts during the second part of the Advanced LIGO’s and Advanced Virgo’s third observing run: lessons learned for future follow-up observations,gamma_ray_bursts_and_supernovae,Astronomy and Astrophysics,60973087,60973087,0,,W3037694649,10.1093/mnras/staa1925,53,138,openalex_v3_query_core,0,,strict,Pulsars and Gravitational Waves Research,60973087,Pulsars and Gravitational Waves Research,Pulsars and Gravitational Waves Research,0,2025
https://openalex.org/W3046167440,2020,Kinematic constraints beyond <i>z</i> ≃ 0 using calibrated GRB correlations,gamma_ray_bursts_and_supernovae,Astronomy and Astrophysics,63203493,63203493,0,,W3046167440,10.1051/0004-6361/202038264,53,153,openalex_v3_query_core,0,,strict,Gamma-ray bursts and supernovae,63203493,Gamma-ray bursts and supernovae,Gamma-ray bursts and supernovae,0,2025
https://openalex.org/W3139070586,2021,Distinguishing Tidal Disruption Events from Impostors,gamma_ray_bursts_and_supernovae,Astronomy and Astrophysics,61024309,61024309,0,,W3139070586,10.1007/s11214-021-00829-4,53,312,openalex_v3_query_core,0,,strict,Astrophysical Phenomena and Observations,61024309,Astrophysical Phenomena and Observations,Astrophysical Phenomena and Observations,0,2025
https://openalex.org/W3159233270,2021,Common envelope evolution of eccentric binaries,gamma_ray_bursts_and_supernovae,Astronomy and Astrophysics,63203493,63203493,0,,W3159233270,10.1093/mnras/stab2291,53,86,openalex_v3_query_core,0,,strict,Gamma-ray bursts and supernovae,63203493,Gamma-ray bursts and supernovae,Gamma-ray bursts and supernovae,0,2025
https://openalex.org/W3185633467,2021,Supernova bound on axionlike particles coupled with electrons,gamma_ray_bursts_and_supernovae,Nuclear and High Energy Physics,63152924,63152924,0,,W3185633467,10.1103/physrevd.104.103007,53,98,openalex_v3_query_core,0,,strict,Dark Matter and Cosmic Phenomena,63152924,Dark Matter and Cosmic Phenomena,Dark Matter and Cosmic Phenomena,0,2025
https://openalex.org/W4320901444,2023,The Gas and Stellar Content of a Metal-poor Galaxy at <i>z</i> = 8.496 as Revealed by JWST and ALMA,gamma_ray_bursts_and_supernovae,Astronomy and Astrophysics,60904056,60904056,0,,W4320901444,10.3847/2041-8213/acb2cf,53,147,openalex_v3_query_core,0,,strict,"Stellar, planetary, and galactic studies",60904056,"Stellar, planetary, and galactic studies","Stellar, planetary, and galactic studies",0,2025
https://openalex.org/W4403683670,2024,Listening to the Universe with next generation ground-based gravitational-wave detectors,gamma_ray_bursts_and_supernovae,Astronomy and Astrophysics,60973087,60973087,0,,W4403683670,10.1103/physrevd.110.083040,53,273,openalex_v3_query_core,0,,strict,Pulsars and Gravitational Waves Research,60973087,Pulsars and Gravitational Waves Research,Pulsars and Gravitational Waves Research,0,2025
https://openalex.org/W4413164134,2025,The Simons Observatory: science goals and forecasts for the enhanced Large Aperture Telescope,gamma_ray_bursts_and_supernovae,Astronomy and Astrophysics,65469135,65469135,0,,W4413164134,10.1088/1475-7516/2025/08/034,53,345,openalex_v3_query_core,0,,strict,Radio Astronomy Observations and Technology,65469135,Radio Astronomy Observations and Technology,Radio Astronomy Observations and Technology,0,2025
https://openalex.org/W2034414838,2001,SN 1998bw/GRB 980425 and Radio Supernovae,gamma_ray_bursts_and_supernovae,Astronomy and Astrophysics,63203493,63203493,0,,W2034414838,10.1086/322359,52,46,openalex_v3_query_core,0,,strict,Gamma-ray bursts and supernovae,63203493,Gamma-ray bursts and supernovae,Gamma-ray bursts and supernovae,0,2025
https://openalex.org/W2106973098,2001,A hard X-ray constraint on the presence of an AGN in the ultraluminous infrared galaxy Arp 220,gamma_ray_bursts_and_supernovae,Astronomy and Astrophysics,60903922,60903922,0,,W2106973098,10.1046/j.1365-8711.2001.04478.x,52,69,openalex_v3_query_core,0,,strict,"Galaxies: Formation, Evolution, Phenomena",60903922,"Galaxies: Formation, Evolution, Phenomena","Galaxies: Formation, Evolution, Phenomena",0,2025
https://openalex.org/W3102349381,2005,A new method optimized to use Gamma Ray Bursts as cosmic rulers,gamma_ray_bursts_and_supernovae,Astronomy and Astrophysics,63203493,63203493,0,,W3102349381,,52,33,openalex_v3_query_core,0,,strict,Gamma-ray bursts and supernovae,63203493,Gamma-ray bursts and supernovae,Gamma-ray bursts and supernovae,0,2025
https://openalex.org/W1992227297,2007,Wind anisotropies and GRB progenitors,gamma_ray_bursts_and_supernovae,Astronomy and Astrophysics,63203493,63203493,0,,W1992227297,10.1051/0004-6361:20066509,52,21,openalex_v3_query_core,0,,strict,Gamma-ray bursts and supernovae,63203493,Gamma-ray bursts and supernovae,Gamma-ray bursts and supernovae,0,2025
https://openalex.org/W1999141059,2007,"X‐Ray, UV, and Optical Observations of Supernova 2006bp with<i>Swift</i>: Detection of Early X‐Ray Emission",gamma_ray_bursts_and_supernovae,Astronomy and Astrophysics,63203493,63203493,0,,W1999141059,10.1086/518466,52,35,openalex_v3_query_core,0,,strict,Gamma-ray bursts and supernovae,63203493,Gamma-ray bursts and supernovae,Gamma-ray bursts and supernovae,0,2025
https://openalex.org/W1940399523,2010,Anthropic Shadow: Observation Selection Effects and Human Extinction Risks,gamma_ray_bursts_and_supernovae,Astronomy and Astrophysics,65521019,65521019,0,,W1940399523,10.1111/j.1539-6924.2010.01460.x,52,74,openalex_v3_query_core,0,,strict,Space Science and Extraterrestrial Life,65521019,Space Science and Extraterrestrial Life,Space Science and Extraterrestrial Life,0,2025
https://openalex.org/W2107639505,2010,No evidence for dust extinction in GRB 050904 at<i>z</i>~ 6.3,gamma_ray_bursts_and_supernovae,Astronomy and Astrophysics,63203493,63203493,0,,W2107639505,10.1051/0004-6361/200913795,52,79,openalex_v3_query_core,0,,strict,Gamma-ray bursts and supernovae,63203493,Gamma-ray bursts and supernovae,Gamma-ray bursts and supernovae,0,2025
https://openalex.org/W2156206440,2010,A VLT/FLAMES survey for massive binaries in Westerlund 1,gamma_ray_bursts_and_supernovae,Astronomy and Astrophysics,60904056,60904056,0,,W2156206440,10.1051/0004-6361/201014834,52,51,openalex_v3_query_core,0,,strict,"Stellar, planetary, and galactic studies",60904056,"Stellar, planetary, and galactic studies","Stellar, planetary, and galactic studies",0,2025
https://openalex.org/W2104101782,2011,Recycling of neutron stars in common envelopes and hypernova explosions,gamma_ray_bursts_and_supernovae,Astronomy and Astrophysics,60973087,60973087,0,,W2104101782,10.1111/j.1365-2966.2011.18762.x,52,96,openalex_v3_query_core,0,,strict,Pulsars and Gravitational Waves Research,60973087,Pulsars and Gravitational Waves Research,Pulsars and Gravitational Waves Research,0,2025
https://openalex.org/W2153613703,2011,Supernova 2000cb: high-energy version of SN 1987A,gamma_ray_bursts_and_supernovae,Astronomy and Astrophysics,63203493,63203493,0,,W2153613703,10.1051/0004-6361/201117137,52,29,openalex_v3_query_core,0,,strict,Gamma-ray bursts and supernovae,63203493,Gamma-ray bursts and supernovae,Gamma-ray bursts and supernovae,0,2025
https://openalex.org/W2044978016,2013,Towards equation of state of dark energy from quasar monitoring: Reverberation strategy,gamma_ray_bursts_and_supernovae,Astronomy and Astrophysics,60903922,60903922,0,,W2044978016,10.1051/0004-6361/201220832,52,106,openalex_v3_query_core,0,,strict,"Galaxies: Formation, Evolution, Phenomena",60903922,"Galaxies: Formation, Evolution, Phenomena","Galaxies: Formation, Evolution, Phenomena",0,2025
https://openalex.org/W2163005728,2013,The transient gravitational-wave sky,gamma_ray_bursts_and_supernovae,Astronomy and Astrophysics,60973087,60973087,0,,W2163005728,10.1088/0264-9381/30/19/193002,52,567,openalex_v3_query_core,0,,strict,Pulsars and Gravitational Waves Research,60973087,Pulsars and Gravitational Waves Research,Pulsars and Gravitational Waves Research,0,2025
https://openalex.org/W2109528201,2015,A MISSING-LINK IN THE SUPERNOVA–GRB CONNECTION: THE CASE OF SN 2012ap,gamma_ray_bursts_and_supernovae,Astronomy and Astrophysics,63203493,63203493,0,,W2109528201,10.1088/0004-637x/805/2/187,52,28,openalex_v3_query_core,0,,strict,Gamma-ray bursts and supernovae,63203493,Gamma-ray bursts and supernovae,Gamma-ray bursts and supernovae,0,2025
https://openalex.org/W2209163184,2015,Neutron-Star–Black-Hole Binaries Produced by Binary-Driven Hypernovae,gamma_ray_bursts_and_supernovae,Astronomy and Astrophysics,63203493,63203493,0,,W2209163184,10.1103/physrevlett.115.231102,52,43,openalex_v3_query_core,0,,strict,Gamma-ray bursts and supernovae,63203493,Gamma-ray bursts and supernovae,Gamma-ray bursts and supernovae,0,2025
https://openalex.org/W2291950848,2016,The Early Growth of the First Black Holes,gamma_ray_bursts_and_supernovae,Astronomy and Astrophysics,60903922,60903922,0,,W2291950848,10.1017/pasa.2016.4,52,160,openalex_v3_query_core,0,,strict,"Galaxies: Formation, Evolution, Phenomena",60903922,"Galaxies: Formation, Evolution, Phenomena","Galaxies: Formation, Evolution, Phenomena",0,2025
https://openalex.org/W4300909490,2017,Theia: Faint objects in motion or the new astrometry frontier,gamma_ray_bursts_and_supernovae,Instrumentation,65554423,65554423,0,,W4300909490,10.48550/arxiv.1707.01348,52,4,openalex_v3_query_core,0,,strict,Astronomy and Astrophysical Research,65554423,Astronomy and Astrophysical Research,Astronomy and Astrophysical Research,0,2025
https://openalex.org/W2891546076,2018,GRB 171205A/SN 2017iuk: A local low-luminosity gamma-ray burst,gamma_ray_bursts_and_supernovae,Astronomy and Astrophysics,63203493,63203493,0,,W2891546076,10.1051/0004-6361/201833847,52,81,openalex_v3_query_core,0,,strict,Gamma-ray bursts and supernovae,63203493,Gamma-ray bursts and supernovae,Gamma-ray bursts and supernovae,0,2025
https://openalex.org/W2915044805,2019,Spectral classification of gravitational-wave emission and equation of state constraints in binary neutron star mergers,gamma_ray_bursts_and_supernovae,Astronomy and Astrophysics,60973087,60973087,0,,W2915044805,10.1088/1361-6471/ab2b90,52,172,openalex_v3_query_core,0,,strict,Pulsars and Gravitational Waves Research,60973087,Pulsars and Gravitational Waves Research,Pulsars and Gravitational Waves Research,0,2025
https://openalex.org/W2995862657,2019,Astrophysics Uniquely Enabled by Observations of High-Energy Cosmic Neutrinos,gamma_ray_bursts_and_supernovae,Nuclear and High Energy Physics,61041081,61041081,0,,W2995862657,10.48550/arxiv.1903.04334,52,35,openalex_v3_query_core,0,,strict,Astrophysics and Cosmic Phenomena,61041081,Astrophysics and Cosmic Phenomena,Astrophysics and Cosmic Phenomena,0,2025
https://openalex.org/W3084396519,2020,Viscous evolution of a massive disk surrounding stellar-mass black holes in full general relativity,gamma_ray_bursts_and_supernovae,Astronomy and Astrophysics,60973087,60973087,0,,W3084396519,10.1103/physrevd.102.123014,52,131,openalex_v3_query_core,0,,strict,Pulsars and Gravitational Waves Research,60973087,Pulsars and Gravitational Waves Research,Pulsars and Gravitational Waves Research,0,2025
https://openalex.org/W3001030993,2021,Resolving the $$H_0$$ tension with diffusion,gamma_ray_bursts_and_supernovae,Astronomy and Astrophysics,60904838,60904838,0,,W3001030993,10.1007/s10714-020-02781-0,52,54,openalex_v3_query_core,0,,strict,Cosmology and Gravitation Theories,60904838,Cosmology and Gravitation Theories,Cosmology and Gravitation Theories,0,2025
https://openalex.org/W3043687804,2021,Non-parametric reconstruction of the cosmological jerk parameter,gamma_ray_bursts_and_supernovae,Astronomy and Astrophysics,60904838,60904838,0,,W3043687804,10.1140/epjc/s10052-021-08830-5,52,70,openalex_v3_query_core,0,,strict,Cosmology and Gravitation Theories,60904838,Cosmology and Gravitation Theories,Cosmology and Gravitation Theories,0,2025
https://openalex.org/W3158012691,2021,Three-dimensional core-collapse supernovae with complex magnetic structures – I. Explosion dynamics,gamma_ray_bursts_and_supernovae,Astronomy and Astrophysics,63203493,63203493,0,,W3158012691,10.1093/mnras/stab2161,52,58,openalex_v3_query_core,0,,strict,Gamma-ray bursts and supernovae,63203493,Gamma-ray bursts and supernovae,Gamma-ray bursts and supernovae,0,2025
https://openalex.org/W3158128998,2021,Development of a Reference Database for Beta-Delayed Neutron Emission,gamma_ray_bursts_and_supernovae,Aerospace Engineering,60990645,60990645,0,,W3158128998,10.1016/j.nds.2021.04.006,52,276,openalex_v3_query_core,0,,strict,Nuclear reactor physics and engineering,60990645,Nuclear reactor physics and engineering,Nuclear reactor physics and engineering,0,2025
https://openalex.org/W4226031363,2021,Evidence for a compact object in the aftermath of the extragalactic transient AT2018cow,gamma_ray_bursts_and_supernovae,Astronomy and Astrophysics,63203493,63203493,0,,W4226031363,10.1038/s41550-021-01524-8,52,86,openalex_v3_query_core,0,,strict,Gamma-ray bursts and supernovae,63203493,Gamma-ray bursts and supernovae,Gamma-ray bursts and supernovae,0,2025
https://openalex.org/W4310134784,2022,Strong supernovae bounds on ALPs from quantum loops,gamma_ray_bursts_and_supernovae,Nuclear and High Energy Physics,63152924,63152924,0,,W4310134784,10.1088/1475-7516/2022/11/057,52,95,openalex_v3_query_core,0,,strict,Dark Matter and Cosmic Phenomena,63152924,Dark Matter and Cosmic Phenomena,Dark Matter and Cosmic Phenomena,0,2025
https://openalex.org/W4387167084,2023,Neutrino fast flavor instability in three dimensions for a neutron star merger,gamma_ray_bursts_and_supernovae,Nuclear and High Energy Physics,61058366,61058366,0,,W4387167084,10.1016/j.physletb.2023.138210,52,117,openalex_v3_query_core,0,,strict,Neutrino Physics Research,61058366,Neutrino Physics Research,Neutrino Physics Research,0,2025
https://openalex.org/W2020512332,1994,Particle acceleration mechanisms,gamma_ray_bursts_and_supernovae,Astronomy and Astrophysics,63203493,63203493,0,,W2020512332,10.1086/191869,51,2,openalex_v3_query_core,0,,strict,Gamma-ray bursts and supernovae,63203493,Gamma-ray bursts and supernovae,Gamma-ray bursts and supernovae,0,2025
https://openalex.org/W2000933465,1999,Detection of X-Ray–emitting Hypernova Remnants in M101,gamma_ray_bursts_and_supernovae,Astronomy and Astrophysics,63203493,63203493,0,,W2000933465,10.1086/312020,51,15,openalex_v3_query_core,0,,strict,Gamma-ray bursts and supernovae,63203493,Gamma-ray bursts and supernovae,Gamma-ray bursts and supernovae,0,2025
https://openalex.org/W2027232401,1999,On the possible association ofSN 1998bw and GRB 980425,gamma_ray_bursts_and_supernovae,Astronomy and Astrophysics,63203493,63203493,0,,W2027232401,10.1051/aas:1999311,51,0,openalex_v3_query_core,0,,strict,Gamma-ray bursts and supernovae,63203493,Gamma-ray bursts and supernovae,Gamma-ray bursts and supernovae,0,2025
https://openalex.org/W2093545394,1999,The Formation and Merger of Compact Objects in the Central Engine of Active Galactic Nuclei and Quasars: Gamma‐Ray Burst and Gravitational Radiation,gamma_ray_bursts_and_supernovae,Astronomy and Astrophysics,63203493,63203493,0,,W2093545394,10.1086/307572,51,65,openalex_v3_query_core,0,,strict,Gamma-ray bursts and supernovae,63203493,Gamma-ray bursts and supernovae,Gamma-ray bursts and supernovae,0,2025
https://openalex.org/W2145972070,2001,"The ICARUS Experiment, A Second-Generation Proton Decay Experiment and Neutrino Observatory at the Gran Sasso Laboratory",gamma_ray_bursts_and_supernovae,Nuclear and High Energy Physics,61058366,61058366,0,,W2145972070,10.48550/arxiv.hep-ex/0103008,51,8,openalex_v3_query_core,0,,strict,Neutrino Physics Research,61058366,Neutrino Physics Research,Neutrino Physics Research,0,2025
https://openalex.org/W1849833720,2003,Radio Imaging of Gamma-Ray Burst Jets in Nearby Supernovae,gamma_ray_bursts_and_supernovae,Astronomy and Astrophysics,63203493,63203493,0,,W1849833720,10.1086/378262,51,33,openalex_v3_query_core,0,,strict,Gamma-ray bursts and supernovae,63203493,Gamma-ray bursts and supernovae,Gamma-ray bursts and supernovae,0,2025
https://openalex.org/W2046228029,2006,The Hubble diagram extended to <i>z</i> ≫1: the gamma-ray properties of gamma-ray bursts confirm the Λ cold dark matter model,gamma_ray_bursts_and_supernovae,Astronomy and Astrophysics,63203493,63203493,0,,W2046228029,10.1111/j.1745-3933.2006.00219.x,51,41,openalex_v3_query_core,0,,strict,Gamma-ray bursts and supernovae,63203493,Gamma-ray bursts and supernovae,Gamma-ray bursts and supernovae,0,2025
https://openalex.org/W1965356879,2007,Evidence-based search method for gravitational waves from neutron star ring-downs,gamma_ray_bursts_and_supernovae,Astronomy and Astrophysics,60973087,60973087,0,,W1965356879,10.1103/physrevd.76.043003,51,23,openalex_v3_query_core,0,,strict,Pulsars and Gravitational Waves Research,60973087,Pulsars and Gravitational Waves Research,Pulsars and Gravitational Waves Research,0,2025
https://openalex.org/W2145509039,2009,A numerical testbed for hypotheses of extraterrestrial life and intelligence,gamma_ray_bursts_and_supernovae,Astronomy and Astrophysics,65521019,65521019,0,,W2145509039,10.1017/s1473550408004321,51,27,openalex_v3_query_core,0,,strict,Space Science and Extraterrestrial Life,65521019,Space Science and Extraterrestrial Life,Space Science and Extraterrestrial Life,0,2025
https://openalex.org/W2000273225,2010,Constraints on the generalized Chaplygin gas model including gamma-ray bursts via a Markov Chain Monte Carlo approach,gamma_ray_bursts_and_supernovae,Astronomy and Astrophysics,63203493,63203493,0,,W2000273225,10.1051/0004-6361/201015919,51,93,openalex_v3_query_core,0,,strict,Gamma-ray bursts and supernovae,63203493,Gamma-ray bursts and supernovae,Gamma-ray bursts and supernovae,0,2025
https://openalex.org/W2172185117,2010,Hot subdwarf stars in close-up view I. Rotational properties of subdwarf B stars in close binary systems and nature of their unseen companions,gamma_ray_bursts_and_supernovae,Astronomy and Astrophysics,60904056,60904056,0,,W2172185117,10.48550/arxiv.1005.4785,51,88,openalex_v3_query_core,0,,strict,"Stellar, planetary, and galactic studies",60904056,"Stellar, planetary, and galactic studies","Stellar, planetary, and galactic studies",0,2025
https://openalex.org/W2091774635,2011,The ANTARES telescope neutrino alert system,gamma_ray_bursts_and_supernovae,Nuclear and High Energy Physics,61041081,61041081,0,,W2091774635,10.1016/j.astropartphys.2011.11.011,51,20,openalex_v3_query_core,0,,strict,Astrophysics and Cosmic Phenomena,61041081,Astrophysics and Cosmic Phenomena,Astrophysics and Cosmic Phenomena,0,2025
https://openalex.org/W3100922690,2011,THE SPECTROSCOPIC CLASSIFICATION AND EXPLOSION PROPERTIES OF SN 2009NZ ASSOCIATED WITH GRB 091127 AT z = 0.490,gamma_ray_bursts_and_supernovae,Astronomy and Astrophysics,63203493,63203493,0,,W3100922690,,51,46,openalex_v3_query_core,0,,strict,Gamma-ray bursts and supernovae,63203493,Gamma-ray bursts and supernovae,Gamma-ray bursts and supernovae,0,2025
https://openalex.org/W2042379572,2013,OBLIQUE SHOCK BREAKOUT IN SUPERNOVAE AND GAMMA-RAY BURSTS. I. DYNAMICS AND OBSERVATIONAL IMPLICATIONS,gamma_ray_bursts_and_supernovae,Astronomy and Astrophysics,63203493,63203493,0,,W2042379572,10.1088/0004-637x/779/1/60,51,109,openalex_v3_query_core,0,,strict,Gamma-ray bursts and supernovae,63203493,Gamma-ray bursts and supernovae,Gamma-ray bursts and supernovae,0,2025
https://openalex.org/W2082619949,2013,Transient astronomy with the <i>Gaia</i> satellite,gamma_ray_bursts_and_supernovae,Astronomy and Astrophysics,63203493,63203493,0,,W2082619949,10.1098/rsta.2012.0239,51,13,openalex_v3_query_core,0,,strict,Gamma-ray bursts and supernovae,63203493,Gamma-ray bursts and supernovae,Gamma-ray bursts and supernovae,0,2025
https://openalex.org/W2126113589,2013,"A first search for coincident gravitational waves and high energy neutrinos using LIGO, Virgo and ANTARES data from 2007",gamma_ray_bursts_and_supernovae,Astronomy and Astrophysics,60973087,60973087,0,,W2126113589,10.1088/1475-7516/2013/06/008,51,193,openalex_v3_query_core,0,,strict,Pulsars and Gravitational Waves Research,60973087,Pulsars and Gravitational Waves Research,Pulsars and Gravitational Waves Research,0,2025
https://openalex.org/W2054507789,2014,THE HD 5980 MULTIPLE SYSTEM: MASSES AND EVOLUTIONARY STATUS,gamma_ray_bursts_and_supernovae,Astronomy and Astrophysics,60904056,60904056,0,,W2054507789,10.1088/0004-6256/148/4/62,51,29,openalex_v3_query_core,0,,strict,"Stellar, planetary, and galactic studies",60904056,"Stellar, planetary, and galactic studies","Stellar, planetary, and galactic studies",0,2025
https://openalex.org/W2092929107,2014,On the (in)variance of the dust-to-metals ratio in galaxies,gamma_ray_bursts_and_supernovae,Astronomy and Astrophysics,60973222,60973222,0,,W2092929107,10.1093/mnras/stu370,51,55,openalex_v3_query_core,0,,strict,Astrophysics and Star Formation Studies,60973222,Astrophysics and Star Formation Studies,Astrophysics and Star Formation Studies,0,2025
https://openalex.org/W2516187724,2016,Ultrahigh-energy neutrino follow-up of gravitational wave events GW150914 and GW151226 with the Pierre Auger Observatory,gamma_ray_bursts_and_supernovae,Astronomy and Astrophysics,60973087,60973087,0,,W2516187724,10.1103/physrevd.94.122007,51,38,openalex_v3_query_core,0,,strict,Pulsars and Gravitational Waves Research,60973087,Pulsars and Gravitational Waves Research,Pulsars and Gravitational Waves Research,0,2025
https://openalex.org/W2592666287,2017,"Photon-axion conversion, magnetic field configuration, and polarization of photons",gamma_ray_bursts_and_supernovae,Nuclear and High Energy Physics,63152924,63152924,0,,W2592666287,10.1103/physrevd.96.043519,51,55,openalex_v3_query_core,0,,strict,Dark Matter and Cosmic Phenomena,63152924,Dark Matter and Cosmic Phenomena,Dark Matter and Cosmic Phenomena,0,2025
https://openalex.org/W2607772258,2017,Modelling the Type Ic SN 2004aw: a moderately energetic explosion of a massive C+O star without a GRB,gamma_ray_bursts_and_supernovae,Astronomy and Astrophysics,63203493,63203493,0,,W2607772258,10.1093/mnras/stx992,51,85,openalex_v3_query_core,0,,strict,Gamma-ray bursts and supernovae,63203493,Gamma-ray bursts and supernovae,Gamma-ray bursts and supernovae,0,2025
https://openalex.org/W3102119950,2017,The evolution of superluminous supernova LSQ14mo and its interacting host galaxy system,gamma_ray_bursts_and_supernovae,Astronomy and Astrophysics,63203493,63203493,0,,W3102119950,10.1051/0004-6361/201630163/pdf,51,168,openalex_v3_query_core,0,,strict,Gamma-ray bursts and supernovae,63203493,Gamma-ray bursts and supernovae,Gamma-ray bursts and supernovae,0,2025
https://openalex.org/W2907861206,2019,Multimessenger Implications of AT2018cow: High-energy Cosmic-Ray and Neutrino Emissions from Magnetar-powered Superluminous Transients,gamma_ray_bursts_and_supernovae,Nuclear and High Energy Physics,61041081,61041081,0,,W2907861206,10.3847/1538-4357/ab1b72,51,107,openalex_v3_query_core,0,,strict,Astrophysics and Cosmic Phenomena,61041081,Astrophysics and Cosmic Phenomena,Astrophysics and Cosmic Phenomena,0,2025
https://openalex.org/W2955411746,2019,SN 2017gmr: An Energetic Type II-P Supernova with Asymmetries,gamma_ray_bursts_and_supernovae,Astronomy and Astrophysics,63203493,63203493,0,,W2955411746,10.3847/1538-4357/ab43e3,51,7,openalex_v3_query_core,0,,strict,Gamma-ray bursts and supernovae,63203493,Gamma-ray bursts and supernovae,Gamma-ray bursts and supernovae,0,2025
https://openalex.org/W3010536966,2020,Dissecting the properties of neutron star–black hole mergers originating in dense star clusters,gamma_ray_bursts_and_supernovae,Astronomy and Astrophysics,60973087,60973087,0,,W3010536966,10.1038/s42005-020-0310-x,51,47,openalex_v3_query_core,0,,strict,Pulsars and Gravitational Waves Research,60973087,Pulsars and Gravitational Waves Research,Pulsars and Gravitational Waves Research,0,2025
https://openalex.org/W3133089023,2021,Gamma-ray astrophysics in the MeV range,gamma_ray_bursts_and_supernovae,Nuclear and High Energy Physics,61041081,61041081,0,,W3133089023,10.1007/s10686-021-09706-y,51,175,openalex_v3_query_core,0,,strict,Astrophysics and Cosmic Phenomena,61041081,Astrophysics and Cosmic Phenomena,Astrophysics and Cosmic Phenomena,0,2025
https://openalex.org/W4289890833,2022,"Gamma-Ray Bursts, Supernovae Ia and Baryon Acoustic Oscillations: a binned cosmological analysis",gamma_ray_bursts_and_supernovae,Astronomy and Astrophysics,63203493,63203493,0,,W4289890833,10.1093/pasj/psac057,51,127,openalex_v3_query_core,0,,strict,Gamma-ray bursts and supernovae,63203493,Gamma-ray bursts and supernovae,Gamma-ray bursts and supernovae,0,2025
https://openalex.org/W4293776976,2022,The Structure of Gamma Ray Burst Jets,gamma_ray_bursts_and_supernovae,Astronomy and Astrophysics,63203493,63203493,0,,W4293776976,10.3390/galaxies10050093,51,366,openalex_v3_query_core,0,,strict,Gamma-ray bursts and supernovae,63203493,Gamma-ray bursts and supernovae,Gamma-ray bursts and supernovae,0,2025
https://openalex.org/W2132632864,2000,Discovery of the Optical Counterpart and Early Optical Observations of GRB 990712,gamma_ray_bursts_and_supernovae,Astronomy and Astrophysics,63203493,63203493,0,,W2132632864,10.1086/309340,50,37,openalex_v3_query_core,0,,strict,Gamma-ray bursts and supernovae,63203493,Gamma-ray bursts and supernovae,Gamma-ray bursts and supernovae,0,2025
https://openalex.org/W3101549886,2005,HIGH ENERGY NEUTRINOS FROM A SLOW JET MODEL OF CORE COLLAPSE SUPERNOVAE,gamma_ray_bursts_and_supernovae,Nuclear and High Energy Physics,61041081,61041081,0,,W3101549886,,50,37,openalex_v3_query_core,0,,strict,Astrophysics and Cosmic Phenomena,61041081,Astrophysics and Cosmic Phenomena,Astrophysics and Cosmic Phenomena,0,2025
https://openalex.org/W1974918726,2007,The nature of the X-ray flash of August 24 2005,gamma_ray_bursts_and_supernovae,Astronomy and Astrophysics,63203493,63203493,0,,W1974918726,10.1051/0004-6361:20066683,50,81,openalex_v3_query_core,0,,strict,Gamma-ray bursts and supernovae,63203493,Gamma-ray bursts and supernovae,Gamma-ray bursts and supernovae,0,2025
https://openalex.org/W2003589456,2008,Using Spatial Distributions to Constrain Progenitors of Supernovae and Gamma‐Ray Bursts,gamma_ray_bursts_and_supernovae,Astronomy and Astrophysics,63203493,63203493,0,,W2003589456,10.1086/592495,50,104,openalex_v3_query_core,0,,strict,Gamma-ray bursts and supernovae,63203493,Gamma-ray bursts and supernovae,Gamma-ray bursts and supernovae,0,2025
https://openalex.org/W2121386833,2010,Laue Gamma-Ray Lenses for Space Astrophysics: Status and Prospects,gamma_ray_bursts_and_supernovae,Astronomy and Astrophysics,61024309,61024309,0,,W2121386833,10.1155/2010/215375,50,48,openalex_v3_query_core,0,,strict,Astrophysical Phenomena and Observations,61024309,Astrophysical Phenomena and Observations,Astrophysical Phenomena and Observations,0,2025
https://openalex.org/W1999518891,2011,Cosmic Rays in Galactic and Extragalactic Magnetic Fields,gamma_ray_bursts_and_supernovae,Nuclear and High Energy Physics,61041081,61041081,0,,W1999518891,10.1007/s11214-011-9770-3,50,218,openalex_v3_query_core,0,,strict,Astrophysics and Cosmic Phenomena,61041081,Astrophysics and Cosmic Phenomena,Astrophysics and Cosmic Phenomena,0,2025
https://openalex.org/W2078059937,2011,First search for atmospheric and extraterrestrial neutrino-induced cascades with the IceCube detector,gamma_ray_bursts_and_supernovae,Nuclear and High Energy Physics,61041081,61041081,0,,W2078059937,10.1103/physrevd.84.072001,50,48,openalex_v3_query_core,0,,strict,Astrophysics and Cosmic Phenomena,61041081,Astrophysics and Cosmic Phenomena,Astrophysics and Cosmic Phenomena,0,2025
https://openalex.org/W2951349256,2011,A tale of two GRB-SNe at a common redshift of z = 0.54,gamma_ray_bursts_and_supernovae,Astronomy and Astrophysics,63203493,63203493,0,,W2951349256,,50,187,openalex_v3_query_core,0,,strict,Gamma-ray bursts and supernovae,63203493,Gamma-ray bursts and supernovae,Gamma-ray bursts and supernovae,0,2025
https://openalex.org/W2116973615,2015,A remarkable recurrent nova in M31: Discovery and optical/UV observations of the predicted 2014 eruption,gamma_ray_bursts_and_supernovae,Astronomy and Astrophysics,61024309,61024309,0,,W2116973615,10.1051/0004-6361/201526027,50,116,openalex_v3_query_core,0,,strict,Astrophysical Phenomena and Observations,61024309,Astrophysical Phenomena and Observations,Astrophysical Phenomena and Observations,0,2025
https://openalex.org/W1891118963,2016,Novae as Tevatrons: prospects for CTA and IceCube,gamma_ray_bursts_and_supernovae,Nuclear and High Energy Physics,61041081,61041081,0,,W1891118963,10.1093/mnras/stw123,50,91,openalex_v3_query_core,0,,strict,Astrophysics and Cosmic Phenomena,61041081,Astrophysics and Cosmic Phenomena,Astrophysics and Cosmic Phenomena,0,2025
https://openalex.org/W2290211546,2016,Rapidly evolving faint transients from stripped-envelope electron-capture supernovae,gamma_ray_bursts_and_supernovae,Astronomy and Astrophysics,63203493,63203493,0,,W2290211546,10.1093/mnras/stw1471,50,93,openalex_v3_query_core,0,,strict,Gamma-ray bursts and supernovae,63203493,Gamma-ray bursts and supernovae,Gamma-ray bursts and supernovae,0,2025
https://openalex.org/W2512197237,2016,ABSORPTION-LINE SPECTROSCOPY OF GRAVITATIONALLY LENSED GALAXIES: FURTHER CONSTRAINTS ON THE ESCAPE FRACTION OF IONIZING PHOTONS AT HIGH REDSHIFT,gamma_ray_bursts_and_supernovae,Astronomy and Astrophysics,60903922,60903922,0,,W2512197237,10.3847/0004-637x/831/2/152,50,104,openalex_v3_query_core,0,,strict,"Galaxies: Formation, Evolution, Phenomena",60903922,"Galaxies: Formation, Evolution, Phenomena","Galaxies: Formation, Evolution, Phenomena",0,2025
https://openalex.org/W2748642937,2017,Measuring the cosmic proper distance from fast radio bursts,gamma_ray_bursts_and_supernovae,Astronomy and Astrophysics,60904838,60904838,0,,W2748642937,10.1051/0004-6361/201731607,50,36,openalex_v3_query_core,0,,strict,Cosmology and Gravitation Theories,60904838,Cosmology and Gravitation Theories,Cosmology and Gravitation Theories,0,2025
https://openalex.org/W2759369021,2017,Wolf–Rayet stars in the Small Magellanic Cloud as testbed for massive star evolution,gamma_ray_bursts_and_supernovae,Astronomy and Astrophysics,60904056,60904056,0,,W2759369021,10.1051/0004-6361/201731895,50,68,openalex_v3_query_core,0,,strict,"Stellar, planetary, and galactic studies",60904056,"Stellar, planetary, and galactic studies","Stellar, planetary, and galactic studies",0,2025
https://openalex.org/W2793727964,2018,Off-axis afterglow light curves and images from 2D hydrodynamic simulations of double-sided GRB jets in a stratified external medium,gamma_ray_bursts_and_supernovae,Astronomy and Astrophysics,63203493,63203493,0,,W2793727964,10.1093/mnras/sty2454,50,150,openalex_v3_query_core,0,,strict,Gamma-ray bursts and supernovae,63203493,Gamma-ray bursts and supernovae,Gamma-ray bursts and supernovae,0,2025
https://openalex.org/W3099544368,2019,A ring in a shell: the large-scale 6D structure of the Vela OB2 complex,gamma_ray_bursts_and_supernovae,Astronomy and Astrophysics,60904056,60904056,0,,W3099544368,10.1051/0004-6361/201834003/pdf,50,88,openalex_v3_query_core,0,,strict,"Stellar, planetary, and galactic studies",60904056,"Stellar, planetary, and galactic studies","Stellar, planetary, and galactic studies",0,2025
https://openalex.org/W3013745922,2020,Tidal Disruptions of White Dwarfs: Theoretical Models and Observational Prospects,gamma_ray_bursts_and_supernovae,Astronomy and Astrophysics,60973087,60973087,0,,W3013745922,10.1007/s11214-020-00661-2,50,162,openalex_v3_query_core,0,,strict,Pulsars and Gravitational Waves Research,60973087,Pulsars and Gravitational Waves Research,Pulsars and Gravitational Waves Research,0,2025
https://openalex.org/W3100673324,2020,"Gamma-ray burst jet propagation, development of angular structure, and the luminosity function",gamma_ray_bursts_and_supernovae,Astronomy and Astrophysics,63203493,63203493,0,,W3100673324,10.1051/0004-6361/201936335/pdf,50,113,openalex_v3_query_core,0,,strict,Gamma-ray bursts and supernovae,63203493,Gamma-ray bursts and supernovae,Gamma-ray bursts and supernovae,0,2025
https://openalex.org/W3112384940,2021,Tracing Dark Energy History with Gamma-Ray Bursts,gamma_ray_bursts_and_supernovae,Astronomy and Astrophysics,63203493,63203493,0,,W3112384940,10.3847/1538-4357/abd254,50,53,openalex_v3_query_core,0,,strict,Gamma-ray bursts and supernovae,63203493,Gamma-ray bursts and supernovae,Gamma-ray bursts and supernovae,0,2025
https://openalex.org/W3132707079,2021,A Review of Basic Energy Reconstruction Techniques in Liquid Xenon and Argon Detectors for Dark Matter and Neutrino Physics Using NEST,gamma_ray_bursts_and_supernovae,Nuclear and High Energy Physics,63152924,63152924,0,,W3132707079,10.3390/instruments5010013,50,252,openalex_v3_query_core,0,,strict,Dark Matter and Cosmic Phenomena,63152924,Dark Matter and Cosmic Phenomena,Dark Matter and Cosmic Phenomena,0,2025
https://openalex.org/W4206209132,2021,The radioactive nuclei and in the Cosmos and in the solar system,gamma_ray_bursts_and_supernovae,Astronomy and Astrophysics,60955404,60955404,0,,W4206209132,10.1017/pasa.2021.48,50,314,openalex_v3_query_core,0,,strict,Astro and Planetary Science,60955404,Astro and Planetary Science,Astro and Planetary Science,0,2025
https://openalex.org/W4200634485,2022,Target-of-opportunity Observations of Gravitational-wave Events with Vera C. Rubin Observatory,gamma_ray_bursts_and_supernovae,Astronomy and Astrophysics,60973087,60973087,0,,W4200634485,10.3847/1538-4365/ac617c,50,197,openalex_v3_query_core,0,,strict,Pulsars and Gravitational Waves Research,60973087,Pulsars and Gravitational Waves Research,Pulsars and Gravitational Waves Research,0,2025
https://openalex.org/W4283327056,2022,"The Optical Two- and Three-dimensional Fundamental Plane Correlations for Nearly 180 Gamma-Ray Burst Afterglows with Swift/UVOT, RATIR, and the Subaru Telescope",gamma_ray_bursts_and_supernovae,Astronomy and Astrophysics,63203493,63203493,0,,W4283327056,10.3847/1538-4365/ac7c64,50,150,openalex_v3_query_core,0,,strict,Gamma-ray bursts and supernovae,63203493,Gamma-ray bursts and supernovae,Gamma-ray bursts and supernovae,0,2025
https://openalex.org/W1958465016,2000,The Intensity Distribution of Faint Gamma‐Ray Bursts Detected with BATSE,gamma_ray_bursts_and_supernovae,Astronomy and Astrophysics,63203493,63203493,0,,W1958465016,10.1086/308674,49,71,openalex_v3_query_core,0,,strict,Gamma-ray bursts and supernovae,63203493,Gamma-ray bursts and supernovae,Gamma-ray bursts and supernovae,0,2025
https://openalex.org/W2001312851,2004,Constraints on Off-Axis Gamma-Ray Burst Jets in Type Ibc Supernovae from Late-Time Radio Observations,gamma_ray_bursts_and_supernovae,Astronomy and Astrophysics,63203493,63203493,0,,W2001312851,10.1086/421722,49,35,openalex_v3_query_core,0,,strict,Gamma-ray bursts and supernovae,63203493,Gamma-ray bursts and supernovae,Gamma-ray bursts and supernovae,0,2025
https://openalex.org/W2114067865,2005,HIGH ENERGY NEUTRINOS FROM A SLOW JET MODEL OF CORE COLLAPSE SUPERNOVAE,gamma_ray_bursts_and_supernovae,Nuclear and High Energy Physics,61041081,61041081,0,,W2114067865,10.1142/s0217732305018414,49,26,openalex_v3_query_core,0,,strict,Astrophysics and Cosmic Phenomena,61041081,Astrophysics and Cosmic Phenomena,Astrophysics and Cosmic Phenomena,0,2025
https://openalex.org/W2179569018,2006,The Calibration of the<i>Swift</i>UVOT Optical Observations: A Recipe for Photometry,gamma_ray_bursts_and_supernovae,Astronomy and Astrophysics,63203493,63203493,0,,W2179569018,10.1086/498356,49,20,openalex_v3_query_core,0,,strict,Gamma-ray bursts and supernovae,63203493,Gamma-ray bursts and supernovae,Gamma-ray bursts and supernovae,0,2025
https://openalex.org/W2038800414,2007,On the timescale forcing in astrobiology,gamma_ray_bursts_and_supernovae,Astronomy and Astrophysics,65521019,65521019,0,,W2038800414,10.2298/saj0775045v,49,22,openalex_v3_query_core,0,,strict,Space Science and Extraterrestrial Life,65521019,Space Science and Extraterrestrial Life,Space Science and Extraterrestrial Life,0,2025
https://openalex.org/W3103677428,2008,Gamma-Ray Bursts from tidally spun-up Wolf-Rayet stars?,gamma_ray_bursts_and_supernovae,Astronomy and Astrophysics,63203493,63203493,0,,W3103677428,10.1051/0004-6361:200809371/pdf,49,31,openalex_v3_query_core,0,,strict,Gamma-ray bursts and supernovae,63203493,Gamma-ray bursts and supernovae,Gamma-ray bursts and supernovae,0,2025
https://openalex.org/W2098406272,2009,Fermi's paradox: The last challenge for copernicanism?,gamma_ray_bursts_and_supernovae,Astronomy and Astrophysics,65521019,65521019,0,,W2098406272,10.2298/saj0978001c,49,92,openalex_v3_query_core,0,,strict,Space Science and Extraterrestrial Life,65521019,Space Science and Extraterrestrial Life,Space Science and Extraterrestrial Life,0,2025
https://openalex.org/W1987079291,2012,Sensitivity of the r-process to nuclear masses,gamma_ray_bursts_and_supernovae,Nuclear and High Energy Physics,60904836,60904836,0,,W1987079291,10.1140/epja/i2012-12184-4,49,34,openalex_v3_query_core,0,,strict,Nuclear physics research studies,60904836,Nuclear physics research studies,Nuclear physics research studies,0,2025
https://openalex.org/W2008806566,2013,ARE SUPERLUMINOUS SUPERNOVAE AND LONG GRBs THE PRODUCTS OF DYNAMICAL PROCESSES IN YOUNG DENSE STAR CLUSTERS?,gamma_ray_bursts_and_supernovae,Astronomy and Astrophysics,63203493,63203493,0,,W2008806566,10.1088/0004-637x/779/2/114,49,120,openalex_v3_query_core,0,,strict,Gamma-ray bursts and supernovae,63203493,Gamma-ray bursts and supernovae,Gamma-ray bursts and supernovae,0,2025
https://openalex.org/W1552565640,2015,THE DETECTION OF A SN IIn IN OPTICAL FOLLOW-UP OBSERVATIONS OF ICECUBE NEUTRINO EVENTS,gamma_ray_bursts_and_supernovae,Nuclear and High Energy Physics,61041081,61041081,0,,W1552565640,10.1088/0004-637x/811/1/52,49,112,openalex_v3_query_core,0,,strict,Astrophysics and Cosmic Phenomena,61041081,Astrophysics and Cosmic Phenomena,Astrophysics and Cosmic Phenomena,0,2025
https://openalex.org/W1966367849,2015,Constraining the double-degenerate scenario for Type Ia supernovae from merger ejected matter,gamma_ray_bursts_and_supernovae,Astronomy and Astrophysics,63203493,63203493,0,,W1966367849,10.1093/mnras/stu2580,49,85,openalex_v3_query_core,0,,strict,Gamma-ray bursts and supernovae,63203493,Gamma-ray bursts and supernovae,Gamma-ray bursts and supernovae,0,2025
https://openalex.org/W2414423668,2016,Gravitational waves within the magnetar model of superluminous supernovae and gamma-ray bursts,gamma_ray_bursts_and_supernovae,Astronomy and Astrophysics,60973087,60973087,0,,W2414423668,10.1093/mnras/stw2016,49,82,openalex_v3_query_core,0,,strict,Pulsars and Gravitational Waves Research,60973087,Pulsars and Gravitational Waves Research,Pulsars and Gravitational Waves Research,0,2025
https://openalex.org/W2559183755,2017,Probing the distance-duality relation with high-<i>z</i>data,gamma_ray_bursts_and_supernovae,Nuclear and High Energy Physics,60904186,60904186,0,,W2559183755,10.1088/1475-7516/2017/09/039,49,66,openalex_v3_query_core,0,,strict,Particle physics theoretical and experimental studies,60904186,Particle physics theoretical and experimental studies,Particle physics theoretical and experimental studies,0,2025
https://openalex.org/W2575767105,2017,The chemical enrichment of long gamma-ray bursts nurseries up to <i>z = 2</i>,gamma_ray_bursts_and_supernovae,Astronomy and Astrophysics,63203493,63203493,0,,W2575767105,10.1051/0004-6361/201629759,49,83,openalex_v3_query_core,0,,strict,Gamma-ray bursts and supernovae,63203493,Gamma-ray bursts and supernovae,Gamma-ray bursts and supernovae,0,2025
https://openalex.org/W2590757014,2017,Multiwavelength follow-up of a rare IceCube neutrino multiplet,gamma_ray_bursts_and_supernovae,Nuclear and High Energy Physics,61041081,61041081,0,,W2590757014,10.1051/0004-6361/201730620,49,148,openalex_v3_query_core,0,,strict,Astrophysics and Cosmic Phenomena,61041081,Astrophysics and Cosmic Phenomena,Astrophysics and Cosmic Phenomena,0,2025
https://openalex.org/W3099059051,2017,https://openalex.org/W3099059051,gamma_ray_bursts_and_supernovae,Astronomy and Astrophysics,60903922,60903922,0,,W3099059051,10.1051/0004-6361/201731163/pdf,49,105,openalex_v3_query_core,0,,strict,"Galaxies: Formation, Evolution, Phenomena",60903922,"Galaxies: Formation, Evolution, Phenomena","Galaxies: Formation, Evolution, Phenomena",0,2025
https://openalex.org/W2783640480,2018,MeV dark matter complementarity and the dark photon portal,gamma_ray_bursts_and_supernovae,Nuclear and High Energy Physics,63152924,63152924,0,,W2783640480,10.1088/1475-7516/2018/03/037,49,131,openalex_v3_query_core,0,,strict,Dark Matter and Cosmic Phenomena,63152924,Dark Matter and Cosmic Phenomena,Dark Matter and Cosmic Phenomena,0,2025
https://openalex.org/W2963147556,2019,Constraints on the cosmic distance duality relation with simulated data of gravitational waves from the Einstein Telescope,gamma_ray_bursts_and_supernovae,Astronomy and Astrophysics,63203493,63203493,0,,W2963147556,10.1016/j.astropartphys.2019.01.005,49,110,openalex_v3_query_core,0,,strict,Gamma-ray bursts and supernovae,63203493,Gamma-ray bursts and supernovae,Gamma-ray bursts and supernovae,0,2025
https://openalex.org/W3104495987,2019,Evidence for a Chandrasekhar-mass explosion in the Ca-strong 1991bg-like type Ia supernova 2016hnk,gamma_ray_bursts_and_supernovae,Astronomy and Astrophysics,63203493,63203493,0,,W3104495987,10.1051/0004-6361/201935537,49,225,openalex_v3_query_core,0,,strict,Gamma-ray bursts and supernovae,63203493,Gamma-ray bursts and supernovae,Gamma-ray bursts and supernovae,0,2025
https://openalex.org/W3081355401,2020,Precollapse Properties of Superluminous Supernovae and Long Gamma-Ray Burst Progenitor Models,gamma_ray_bursts_and_supernovae,Astronomy and Astrophysics,63203493,63203493,0,,W3081355401,10.3847/1538-4357/abb138,49,83,openalex_v3_query_core,0,,strict,Gamma-ray bursts and supernovae,63203493,Gamma-ray bursts and supernovae,Gamma-ray bursts and supernovae,0,2025
https://openalex.org/W3088348281,2021,Localized Fast Radio Bursts Are Consistent with Magnetar Progenitors Formed in Core-collapse Supernovae,gamma_ray_bursts_and_supernovae,Astronomy and Astrophysics,63203493,63203493,0,,W3088348281,10.3847/2041-8213/abd634,49,58,openalex_v3_query_core,0,,strict,Gamma-ray bursts and supernovae,63203493,Gamma-ray bursts and supernovae,Gamma-ray bursts and supernovae,0,2025
https://openalex.org/W4226293911,2022,First joint observation by the underground gravitational-wave detector KAGRA with GEO 600,gamma_ray_bursts_and_supernovae,Astronomy and Astrophysics,60973087,60973087,0,,W4226293911,10.1093/ptep/ptac073,49,146,openalex_v3_query_core,0,,strict,Pulsars and Gravitational Waves Research,60973087,Pulsars and Gravitational Waves Research,Pulsars and Gravitational Waves Research,0,2025
https://openalex.org/W4281638693,2022,Cosmological constraints on decaying axion-like particles: a global analysis,gamma_ray_bursts_and_supernovae,Nuclear and High Energy Physics,63152924,63152924,0,,W4281638693,10.1088/1475-7516/2022/12/027,49,176,openalex_v3_query_core,0,,strict,Dark Matter and Cosmic Phenomena,63152924,Dark Matter and Cosmic Phenomena,Dark Matter and Cosmic Phenomena,0,2025
https://openalex.org/W4307644230,2022,"Measurement of 19F(p, γ)20Ne reaction suggests CNO breakout in first stars",gamma_ray_bursts_and_supernovae,Nuclear and High Energy Physics,60904836,60904836,0,,W4307644230,10.1038/s41586-022-05230-x,49,48,openalex_v3_query_core,0,,strict,Nuclear physics research studies,60904836,Nuclear physics research studies,Nuclear physics research studies,0,2025
https://openalex.org/W4253866280,2000,Newtonian hydrodynamics of the coalescence of black holes with neutron stars — III. Irrotational binaries with a stiff equation of state,gamma_ray_bursts_and_supernovae,Astronomy and Astrophysics,60973087,60973087,0,,W4253866280,10.1046/j.1365-8711.2000.03870.x,48,86,openalex_v3_query_core,0,,strict,Pulsars and Gravitational Waves Research,60973087,Pulsars and Gravitational Waves Research,Pulsars and Gravitational Waves Research,0,2025
https://openalex.org/W2050928253,2001,Light Curves and Spectra of Dust Echoes from Gamma‐Ray Bursts and Their Afterglows: Continued Evidence That GRB 970228 Is Associated with a Supernova,gamma_ray_bursts_and_supernovae,Astronomy and Astrophysics,63203493,63203493,0,,W2050928253,10.1086/321428,48,28,openalex_v3_query_core,0,,strict,Gamma-ray bursts and supernovae,63203493,Gamma-ray bursts and supernovae,Gamma-ray bursts and supernovae,0,2025
https://openalex.org/W2113937351,2001,Temporal properties of the short gamma-ray bursts,gamma_ray_bursts_and_supernovae,Astronomy and Astrophysics,63203493,63203493,0,,W2113937351,10.1051/0004-6361:20011510,48,17,openalex_v3_query_core,0,,strict,Gamma-ray bursts and supernovae,63203493,Gamma-ray bursts and supernovae,Gamma-ray bursts and supernovae,0,2025
https://openalex.org/W2996146371,2001,Supernovae and Gamma-Ray Bursts,gamma_ray_bursts_and_supernovae,Astronomy and Astrophysics,63203493,63203493,0,,W2996146371,,48,0,openalex_v3_query_core,0,,strict,Gamma-ray bursts and supernovae,63203493,Gamma-ray bursts and supernovae,Gamma-ray bursts and supernovae,0,2025
https://openalex.org/W2753419730,2005,First Light for the Next Generation of Compton and Pair Telescopes,gamma_ray_bursts_and_supernovae,Astronomy and Astrophysics,63203493,63203493,0,,W2753419730,,48,58,openalex_v3_query_core,0,,strict,Gamma-ray bursts and supernovae,63203493,Gamma-ray bursts and supernovae,Gamma-ray bursts and supernovae,0,2025
https://openalex.org/W4231815669,2007,Cosmic Catastrophes,gamma_ray_bursts_and_supernovae,Astronomy and Astrophysics,65521019,65521019,0,,W4231815669,10.1017/cbo9780511536625,48,0,openalex_v3_query_core,0,,strict,Space Science and Extraterrestrial Life,65521019,Space Science and Extraterrestrial Life,Space Science and Extraterrestrial Life,0,2025
https://openalex.org/W2149977378,2009,GRB060614: a “fake” short GRB from a merging binary system,gamma_ray_bursts_and_supernovae,Astronomy and Astrophysics,63203493,63203493,0,,W2149977378,10.1051/0004-6361/200810676,48,61,openalex_v3_query_core,0,,strict,Gamma-ray bursts and supernovae,63203493,Gamma-ray bursts and supernovae,Gamma-ray bursts and supernovae,0,2025
https://openalex.org/W2125440431,2015,CONSTRAINTS ON EXPLOSIVE SILICON BURNING IN CORE-COLLAPSE SUPERNOVAE FROM MEASURED Ni/Fe RATIOS,gamma_ray_bursts_and_supernovae,Astronomy and Astrophysics,63203493,63203493,0,,W2125440431,10.1088/0004-637x/807/1/110,48,108,openalex_v3_query_core,0,,strict,Gamma-ray bursts and supernovae,63203493,Gamma-ray bursts and supernovae,Gamma-ray bursts and supernovae,0,2025
https://openalex.org/W2413125550,2016,"Multi-messenger astronomy: gravitational waves, neutrinos, photons, and cosmic rays",gamma_ray_bursts_and_supernovae,Astronomy and Astrophysics,60973087,60973087,0,,W2413125550,10.1088/1742-6596/718/2/022004,48,62,openalex_v3_query_core,0,,strict,Pulsars and Gravitational Waves Research,60973087,Pulsars and Gravitational Waves Research,Pulsars and Gravitational Waves Research,0,2025
https://openalex.org/W2950028010,2016,A SEARCH FOR AN OPTICAL COUNTERPART TO THE GRAVITATIONAL-WAVE EVENT GW151226,gamma_ray_bursts_and_supernovae,Astronomy and Astrophysics,60973087,60973087,0,,W2950028010,10.3847/2041-8205/827/2/l40,48,54,openalex_v3_query_core,0,,strict,Pulsars and Gravitational Waves Research,60973087,Pulsars and Gravitational Waves Research,Pulsars and Gravitational Waves Research,0,2025
https://openalex.org/W2810437410,2018,A nearby super-luminous supernova with a long pre-maximum &amp; “plateau” and strong C II features,gamma_ray_bursts_and_supernovae,Astronomy and Astrophysics,63203493,63203493,0,,W2810437410,10.1051/0004-6361/201833725,48,164,openalex_v3_query_core,0,,strict,Gamma-ray bursts and supernovae,63203493,Gamma-ray bursts and supernovae,Gamma-ray bursts and supernovae,0,2025
https://openalex.org/W2936212824,2018,Solar Particle Radiation Storms Forecasting and Analysis,gamma_ray_bursts_and_supernovae,Astronomy and Astrophysics,60938632,60938632,0,,W2936212824,10.1007/978-3-319-60051-2,48,99,openalex_v3_query_core,0,,strict,Solar and Space Plasma Dynamics,60938632,Solar and Space Plasma Dynamics,Solar and Space Plasma Dynamics,0,2025
https://openalex.org/W2786433512,2019,Sterile neutrino origin for the upward directed cosmic ray showers detected by ANITA,gamma_ray_bursts_and_supernovae,Nuclear and High Energy Physics,61041081,61041081,0,,W2786433512,10.1103/physrevd.99.063016,48,51,openalex_v3_query_core,0,,strict,Astrophysics and Cosmic Phenomena,61041081,Astrophysics and Cosmic Phenomena,Astrophysics and Cosmic Phenomena,0,2025
https://openalex.org/W2999526349,2020,Evidence for ≳4 Gyr timescales of neutron star mergers from Galactic archaeology,gamma_ray_bursts_and_supernovae,Astronomy and Astrophysics,63203493,63203493,0,,W2999526349,10.1051/0004-6361/201937293,48,79,openalex_v3_query_core,0,,strict,Gamma-ray bursts and supernovae,63203493,Gamma-ray bursts and supernovae,Gamma-ray bursts and supernovae,0,2025
https://openalex.org/W3006201367,2020,Mass loss and the Eddington parameter: a new mass-loss recipe for hot and massive stars,gamma_ray_bursts_and_supernovae,Astronomy and Astrophysics,63203493,63203493,0,,W3006201367,10.1093/mnras/staa474,48,59,openalex_v3_query_core,0,,strict,Gamma-ray bursts and supernovae,63203493,Gamma-ray bursts and supernovae,Gamma-ray bursts and supernovae,0,2025
https://openalex.org/W3176101649,2021,"Reverberation in Tidal Disruption Events: Dust Echoes, Coronal Emission Lines, Multi-wavelength Cross-correlations, and QPOs",gamma_ray_bursts_and_supernovae,Astronomy and Astrophysics,61024309,61024309,0,,W3176101649,10.1007/s11214-021-00835-6,48,182,openalex_v3_query_core,0,,strict,Astrophysical Phenomena and Observations,61024309,Astrophysical Phenomena and Observations,Astrophysical Phenomena and Observations,0,2025
https://openalex.org/W3213688178,2021,All-sky search for long-duration gravitational-wave bursts in the third Advanced LIGO and Advanced Virgo run,gamma_ray_bursts_and_supernovae,Astronomy and Astrophysics,60973087,60973087,0,,W3213688178,10.1103/physrevd.104.102001,48,68,openalex_v3_query_core,0,,strict,Pulsars and Gravitational Waves Research,60973087,Pulsars and Gravitational Waves Research,Pulsars and Gravitational Waves Research,0,2025
https://openalex.org/W4221163160,2022,Statistical Properties of the Nebular Spectra of 103 Stripped-envelope Core-collapse Supernovae*,gamma_ray_bursts_and_supernovae,Astronomy and Astrophysics,63203493,63203493,0,,W4221163160,10.3847/1538-4357/ac4f60,48,160,openalex_v3_query_core,0,,strict,Gamma-ray bursts and supernovae,63203493,Gamma-ray bursts and supernovae,Gamma-ray bursts and supernovae,0,2025
https://openalex.org/W4368317813,2023,Three dimensional magnetorotational core-collapse supernova explosions of a 39 solar mass progenitor star,gamma_ray_bursts_and_supernovae,Astronomy and Astrophysics,63203493,63203493,0,,W4368317813,10.1093/mnras/stad1292,48,138,openalex_v3_query_core,0,,strict,Gamma-ray bursts and supernovae,63203493,Gamma-ray bursts and supernovae,Gamma-ray bursts and supernovae,0,2025
https://openalex.org/W4390347460,2023,Proton imaging of high-energy-density laboratory plasmas,gamma_ray_bursts_and_supernovae,Nuclear and High Energy Physics,60956189,60956189,0,,W4390347460,10.1103/revmodphys.95.045007,48,344,openalex_v3_query_core,0,,strict,Laser-Plasma Interactions and Diagnostics,60956189,Laser-Plasma Interactions and Diagnostics,Laser-Plasma Interactions and Diagnostics,0,2025
https://openalex.org/W2153481812,2003,Cooling flows or warming rays?,gamma_ray_bursts_and_supernovae,Astronomy and Astrophysics,60903922,60903922,0,,W2153481812,10.1051/0004-6361:20031509,47,73,openalex_v3_query_core,0,,strict,"Galaxies: Formation, Evolution, Phenomena",60903922,"Galaxies: Formation, Evolution, Phenomena","Galaxies: Formation, Evolution, Phenomena",0,2025
https://openalex.org/W2116517462,2005,Magnetic Fields in Gamma-Ray Bursts: A Short Overview,gamma_ray_bursts_and_supernovae,Astronomy and Astrophysics,63203493,63203493,0,,W2116517462,10.1063/1.2077181,47,0,openalex_v3_query_core,0,,strict,Gamma-ray bursts and supernovae,63203493,Gamma-ray bursts and supernovae,Gamma-ray bursts and supernovae,0,2025
https://openalex.org/W1970199278,2006,"Astrophysical Explosions Driven by a Rotating, Magnetized, Gravitating Sphere",gamma_ray_bursts_and_supernovae,Astronomy and Astrophysics,63203493,63203493,0,,W1970199278,10.1086/507325,47,23,openalex_v3_query_core,0,,strict,Gamma-ray bursts and supernovae,63203493,Gamma-ray bursts and supernovae,Gamma-ray bursts and supernovae,0,2025
https://openalex.org/W2097529870,2006,Correlation between the peak spectral energy of gamma-ray bursts and the peak luminosity of the underlying supernovae: implication for the nature of the gamma-ray burst-supernova connection,gamma_ray_bursts_and_supernovae,Astronomy and Astrophysics,63203493,63203493,0,,W2097529870,10.1111/j.1365-2966.2006.10943.x,47,102,openalex_v3_query_core,0,,strict,Gamma-ray bursts and supernovae,63203493,Gamma-ray bursts and supernovae,Gamma-ray bursts and supernovae,0,2025
https://openalex.org/W2052839408,2008,ACAM: a new imager/spectrograph for the William Herschel Telescope,gamma_ray_bursts_and_supernovae,Instrumentation,65554423,65554423,0,,W2052839408,10.1117/12.788694,47,0,openalex_v3_query_core,0,,strict,Astronomy and Astrophysical Research,65554423,Astronomy and Astrophysical Research,Astronomy and Astrophysical Research,0,2025
https://openalex.org/W2169658316,2010,Reducing distance errors for standard candles and standard sirens with weak-lensing shear and flexion maps,gamma_ray_bursts_and_supernovae,Astronomy and Astrophysics,60903922,60903922,0,,W2169658316,10.1111/j.1365-2966.2010.17963.x,47,90,openalex_v3_query_core,0,,strict,"Galaxies: Formation, Evolution, Phenomena",60903922,"Galaxies: Formation, Evolution, Phenomena","Galaxies: Formation, Evolution, Phenomena",0,2025
https://openalex.org/W2096283506,2011,The decompression of the outer neutron star crust and r-process nucleosynthesis,gamma_ray_bursts_and_supernovae,Nuclear and High Energy Physics,67717234,67717234,0,,W2096283506,10.1051/0004-6361/201116897,47,37,openalex_v3_query_core,0,,strict,Astronomical and nuclear sciences,67717234,Astronomical and nuclear sciences,Astronomical and nuclear sciences,0,2025
https://openalex.org/W2953100625,2011,The effects of dust on the optical and infrared evolution of SN 2004et,gamma_ray_bursts_and_supernovae,Astronomy and Astrophysics,63203493,63203493,0,,W2953100625,10.1111/j.1365-2966.2011.19577.x,47,56,openalex_v3_query_core,0,,strict,Gamma-ray bursts and supernovae,63203493,Gamma-ray bursts and supernovae,Gamma-ray bursts and supernovae,0,2025
https://openalex.org/W1906983476,2012,GRB 090618: a candidate for a neutron star gravitational collapse onto a black hole induced by a type Ib/c supernova,gamma_ray_bursts_and_supernovae,Astronomy and Astrophysics,63203493,63203493,0,,W1906983476,10.1051/0004-6361/201219813,47,47,openalex_v3_query_core,0,,strict,Gamma-ray bursts and supernovae,63203493,Gamma-ray bursts and supernovae,Gamma-ray bursts and supernovae,0,2025
https://openalex.org/W1981447536,2012,GRAVITATIONAL WAVES FROM FALLBACK ACCRETION ONTO NEUTRON STARS,gamma_ray_bursts_and_supernovae,Astronomy and Astrophysics,63203493,63203493,0,,W1981447536,10.1088/0004-637x/761/1/63,47,83,openalex_v3_query_core,0,,strict,Gamma-ray bursts and supernovae,63203493,Gamma-ray bursts and supernovae,Gamma-ray bursts and supernovae,0,2025
https://openalex.org/W2114906594,2013,Statistical classification of gamma-ray bursts based on the Amati relation,gamma_ray_bursts_and_supernovae,Astronomy and Astrophysics,63203493,63203493,0,,W2114906594,10.1093/mnras/sts547,47,69,openalex_v3_query_core,0,,strict,Gamma-ray bursts and supernovae,63203493,Gamma-ray bursts and supernovae,Gamma-ray bursts and supernovae,0,2025
https://openalex.org/W2115301188,2013,CARBON MONOXIDE IN THE COLD DEBRIS OF SUPERNOVA 1987A,gamma_ray_bursts_and_supernovae,Astronomy and Astrophysics,63203493,63203493,0,,W2115301188,10.1088/2041-8205/773/2/l34,47,41,openalex_v3_query_core,0,,strict,Gamma-ray bursts and supernovae,63203493,Gamma-ray bursts and supernovae,Gamma-ray bursts and supernovae,0,2025
https://openalex.org/W1988552712,2014,Effects of nuclear cross sections on<sup>19</sup>F nucleosynthesis at low metallicities,gamma_ray_bursts_and_supernovae,Nuclear and High Energy Physics,60904836,60904836,0,,W1988552712,10.1051/0004-6361/201424370,47,76,openalex_v3_query_core,0,,strict,Nuclear physics research studies,60904836,Nuclear physics research studies,Nuclear physics research studies,0,2025
https://openalex.org/W2151690886,2015,<i>H</i><sub>0</sub>from ten well-measured time delay lenses,gamma_ray_bursts_and_supernovae,Astronomy and Astrophysics,60903922,60903922,0,,W2151690886,10.1051/0004-6361/201423977,47,70,openalex_v3_query_core,0,,strict,"Galaxies: Formation, Evolution, Phenomena",60903922,"Galaxies: Formation, Evolution, Phenomena","Galaxies: Formation, Evolution, Phenomena",0,2025
https://openalex.org/W2613316086,2017,Diffuse neutrinos from luminous and dark supernovae: prospects for upcoming detectors at the 𝒪(10) kt scale,gamma_ray_bursts_and_supernovae,Nuclear and High Energy Physics,61058366,61058366,0,,W2613316086,10.1088/1475-7516/2017/11/031,47,62,openalex_v3_query_core,0,,strict,Neutrino Physics Research,61058366,Neutrino Physics Research,Neutrino Physics Research,0,2025
https://openalex.org/W2640505310,2017,High-efficiency UV/optical/NIR detectors for large aperture telescopes and UV explorer missions: development of and field observations with delta-doped arrays,gamma_ray_bursts_and_supernovae,Biomedical Engineering,67716710,67716710,0,,W2640505310,10.1117/1.jatis.3.3.036002,47,78,openalex_v3_query_core,0,,strict,Photocathodes and Microchannel Plates,67716710,Photocathodes and Microchannel Plates,Photocathodes and Microchannel Plates,0,2025
https://openalex.org/W2766960513,2018,Exploring the Properties of Choked Gamma-ray Bursts with IceCube’s High-energy Neutrinos,gamma_ray_bursts_and_supernovae,Astronomy and Astrophysics,63203493,63203493,0,,W2766960513,10.3847/1538-4357/aaab4a,47,132,openalex_v3_query_core,0,,strict,Gamma-ray bursts and supernovae,63203493,Gamma-ray bursts and supernovae,Gamma-ray bursts and supernovae,0,2025
https://openalex.org/W2794164188,2018,Ultra-long Gamma-Ray Bursts from the Collapse of Blue Supergiant Stars: An End-to-end Simulation,gamma_ray_bursts_and_supernovae,Astronomy and Astrophysics,63203493,63203493,0,,W2794164188,10.3847/1538-4357/aabcc1,47,74,openalex_v3_query_core,0,,strict,Gamma-ray bursts and supernovae,63203493,Gamma-ray bursts and supernovae,Gamma-ray bursts and supernovae,0,2025
https://openalex.org/W2896157262,2018,Method to search for long duration gravitational wave transients from isolated neutron stars using the generalized frequency-Hough transform,gamma_ray_bursts_and_supernovae,Astronomy and Astrophysics,60973087,60973087,0,,W2896157262,10.1103/physrevd.98.102004,47,41,openalex_v3_query_core,0,,strict,Pulsars and Gravitational Waves Research,60973087,Pulsars and Gravitational Waves Research,Pulsars and Gravitational Waves Research,0,2025
https://openalex.org/W3103171724,2018,https://openalex.org/W3103171724,gamma_ray_bursts_and_supernovae,Astronomy and Astrophysics,63203493,63203493,0,,W3103171724,,47,212,openalex_v3_query_core,0,,strict,Gamma-ray bursts and supernovae,63203493,Gamma-ray bursts and supernovae,Gamma-ray bursts and supernovae,0,2025
https://openalex.org/W2793957690,2019,SPH Simulations of the Induced Gravitational Collapse Scenario of Long Gamma-Ray Bursts Associated with Supernovae,gamma_ray_bursts_and_supernovae,Astronomy and Astrophysics,63203493,63203493,0,,W2793957690,10.3847/1538-4357/aaf6b3,47,110,openalex_v3_query_core,0,,strict,Gamma-ray bursts and supernovae,63203493,Gamma-ray bursts and supernovae,Gamma-ray bursts and supernovae,0,2025
https://openalex.org/W2903130910,2019,Microlensing of x-ray pulsars: A method to detect primordial black hole dark matter,gamma_ray_bursts_and_supernovae,Astronomy and Astrophysics,60973087,60973087,0,,W2903130910,10.1103/physrevd.99.123019,47,80,openalex_v3_query_core,0,,strict,Pulsars and Gravitational Waves Research,60973087,Pulsars and Gravitational Waves Research,Pulsars and Gravitational Waves Research,0,2025
https://openalex.org/W4288601894,2019,Probing the Fundamental Nature of Dark Matter with the Large Synoptic\n Survey Telescope,gamma_ray_bursts_and_supernovae,"Health, Toxicology and Mutagenesis",69948683,69948683,0,,W4288601894,,47,9,openalex_v3_query_core,0,,strict,"Health, Environment, Cognitive Aging",69948683,"Health, Environment, Cognitive Aging","Health, Environment, Cognitive Aging",0,2025
https://openalex.org/W3109421662,2021,Wind-envelope interaction as the origin of the slow cyclic brightness variations of luminous blue variables,gamma_ray_bursts_and_supernovae,Astronomy and Astrophysics,60904056,60904056,0,,W3109421662,10.1051/0004-6361/202038298,47,83,openalex_v3_query_core,0,,strict,"Stellar, planetary, and galactic studies",60904056,"Stellar, planetary, and galactic studies","Stellar, planetary, and galactic studies",0,2025
https://openalex.org/W3210040080,2022,Carnegie Supernova Project-II: Near-infrared Spectroscopy of Stripped-envelope Core-collapse Supernovae*,gamma_ray_bursts_and_supernovae,Astronomy and Astrophysics,63203493,63203493,0,,W3210040080,10.3847/1538-4357/ac4030,47,112,openalex_v3_query_core,0,,strict,Gamma-ray bursts and supernovae,63203493,Gamma-ray bursts and supernovae,Gamma-ray bursts and supernovae,0,2025
https://openalex.org/W4214911861,2022,Magnetorotational core collapse of possible gamma-ray burst progenitors – IV. A wider range of progenitors,gamma_ray_bursts_and_supernovae,Astronomy and Astrophysics,63203493,63203493,0,,W4214911861,10.1093/mnras/stac613,47,94,openalex_v3_query_core,0,,strict,Gamma-ray bursts and supernovae,63203493,Gamma-ray bursts and supernovae,Gamma-ray bursts and supernovae,0,2025
https://openalex.org/W4280620146,2022,Horizons: nuclear astrophysics in the 2020s and beyond,gamma_ray_bursts_and_supernovae,Astronomy and Astrophysics,63203493,63203493,0,,W4280620146,10.1088/1361-6471/ac8890,47,725,openalex_v3_query_core,0,,strict,Gamma-ray bursts and supernovae,63203493,Gamma-ray bursts and supernovae,Gamma-ray bursts and supernovae,0,2025
https://openalex.org/W4281392860,2022,Neutrino emission from binary neutron star mergers: characterising light curves and mean energies,gamma_ray_bursts_and_supernovae,Astronomy and Astrophysics,60973087,60973087,0,,W4281392860,10.1140/epja/s10050-022-00743-5,47,224,openalex_v3_query_core,0,,strict,Pulsars and Gravitational Waves Research,60973087,Pulsars and Gravitational Waves Research,Pulsars and Gravitational Waves Research,0,2025
https://openalex.org/W4323319005,2023,Chronic Ionizing Radiation of Plants: An Evolutionary Factor from Direct Damage to Non-Target Effects,gamma_ray_bursts_and_supernovae,Plant Science,65537394,65537394,0,,W4323319005,10.3390/plants12051178,47,228,openalex_v3_query_core,0,,strict,Plant Genetic and Mutation Studies,65537394,Plant Genetic and Mutation Studies,Plant Genetic and Mutation Studies,0,2025
https://openalex.org/W4376171100,2023,Protoneutron stars as cosmic factories for massive axionlike particles,gamma_ray_bursts_and_supernovae,Nuclear and High Energy Physics,63152924,63152924,0,,W4376171100,10.1103/physrevd.107.103017,47,91,openalex_v3_query_core,0,,strict,Dark Matter and Cosmic Phenomena,63152924,Dark Matter and Cosmic Phenomena,Dark Matter and Cosmic Phenomena,0,2025
https://openalex.org/W4383067000,2023,"Reducing the Uncertainty on the Hubble Constant up to 35% with an Improved Statistical Analysis: Different Best-fit Likelihoods for Type Ia Supernovae, Baryon Acoustic Oscillations, Quasars, and Gamma-Ray Bursts",gamma_ray_bursts_and_supernovae,Astronomy and Astrophysics,63203493,63203493,0,,W4383067000,10.3847/1538-4357/acd63f,47,125,openalex_v3_query_core,0,,strict,Gamma-ray bursts and supernovae,63203493,Gamma-ray bursts and supernovae,Gamma-ray bursts and supernovae,0,2025
https://openalex.org/W4394858444,2024,A JWST Survey of the Supernova Remnant Cassiopeia A,gamma_ray_bursts_and_supernovae,Nuclear and High Energy Physics,61041081,61041081,0,,W4394858444,10.3847/2041-8213/ad324b,47,186,openalex_v3_query_core,0,,strict,Astrophysics and Cosmic Phenomena,61041081,Astrophysics and Cosmic Phenomena,Astrophysics and Cosmic Phenomena,0,2025
https://openalex.org/W4409430844,2025,From Existing and New Nuclear and Astrophysical Constraints to Stringent Limits on the Equation of State of Neutron-Rich Dense Matter,gamma_ray_bursts_and_supernovae,Astronomy and Astrophysics,60973087,60973087,0,,W4409430844,10.1103/physrevx.15.021014,47,400,openalex_v3_query_core,0,,strict,Pulsars and Gravitational Waves Research,60973087,Pulsars and Gravitational Waves Research,Pulsars and Gravitational Waves Research,0,2025
https://openalex.org/W2024993605,1998,Supernovae as the Site of the<i>r</i>‐Process: Implications for Gamma‐Ray Astronomy,gamma_ray_bursts_and_supernovae,Nuclear and High Energy Physics,60904836,60904836,0,,W2024993605,10.1086/306285,46,24,openalex_v3_query_core,0,,strict,Nuclear physics research studies,60904836,Nuclear physics research studies,Nuclear physics research studies,0,2025
https://openalex.org/W2120013057,2001,Type Ia supernovae and remnant neutron stars,gamma_ray_bursts_and_supernovae,Astronomy and Astrophysics,63203493,63203493,0,,W2120013057,10.1046/j.1365-8711.2001.04184.x,46,19,openalex_v3_query_core,0,,strict,Gamma-ray bursts and supernovae,63203493,Gamma-ray bursts and supernovae,Gamma-ray bursts and supernovae,0,2025
https://openalex.org/W2109613529,2003,A flattening in the optical light curve of SN 2002ap,gamma_ray_bursts_and_supernovae,Astronomy and Astrophysics,63203493,63203493,0,,W2109613529,10.1046/j.1365-8711.2003.06148.x,46,24,openalex_v3_query_core,0,,strict,Gamma-ray bursts and supernovae,63203493,Gamma-ray bursts and supernovae,Gamma-ray bursts and supernovae,0,2025
https://openalex.org/W2036291813,2004,The Electromagnetic Signature of Black Hole Ring‐Down,gamma_ray_bursts_and_supernovae,Astronomy and Astrophysics,60973087,60973087,0,,W2036291813,10.1086/422497,46,55,openalex_v3_query_core,0,,strict,Pulsars and Gravitational Waves Research,60973087,Pulsars and Gravitational Waves Research,Pulsars and Gravitational Waves Research,0,2025
https://openalex.org/W2119857903,2005,"Science Programs for a 2-m Class Telescope at Dome C, Antarctica: PILOT, the Pathfinder for an International Large Optical Telescope",gamma_ray_bursts_and_supernovae,"Atomic and Molecular Physics, and Optics",63221441,63221441,0,,W2119857903,10.1071/as04077,46,104,openalex_v3_query_core,0,,strict,Adaptive optics and wavefront sensing,63221441,Adaptive optics and wavefront sensing,Adaptive optics and wavefront sensing,0,2025
https://openalex.org/W2059326296,2006,Could electron-positron annihilation lines in the Galactic center result from pulsar winds?,gamma_ray_bursts_and_supernovae,Astronomy and Astrophysics,63203493,63203493,0,,W2059326296,10.1051/0004-6361:20053559,46,54,openalex_v3_query_core,0,,strict,Gamma-ray bursts and supernovae,63203493,Gamma-ray bursts and supernovae,Gamma-ray bursts and supernovae,0,2025
https://openalex.org/W1980127569,2013,HIGH-ENERGY NEUTRINO AND GAMMA-RAY TRANSIENTS FROM TRANS-RELATIVISTIC SUPERNOVA SHOCK BREAKOUTS,gamma_ray_bursts_and_supernovae,Astronomy and Astrophysics,63203493,63203493,0,,W1980127569,10.1088/2041-8205/769/1/l6,46,51,openalex_v3_query_core,0,,strict,Gamma-ray bursts and supernovae,63203493,Gamma-ray bursts and supernovae,Gamma-ray bursts and supernovae,0,2025
https://openalex.org/W2000504503,2013,LUMINOUS SUPERNOVA-LIKE UV/OPTICAL/INFRARED TRANSIENTS ASSOCIATED WITH ULTRA-LONG GAMMA-RAY BURSTS FROM METAL-POOR BLUE SUPERGIANTS,gamma_ray_bursts_and_supernovae,Astronomy and Astrophysics,63203493,63203493,0,,W2000504503,10.1088/0004-637x/770/1/8,46,80,openalex_v3_query_core,0,,strict,Gamma-ray bursts and supernovae,63203493,Gamma-ray bursts and supernovae,Gamma-ray bursts and supernovae,0,2025
https://openalex.org/W2019383013,2013,PRECISION MEASUREMENT OF THE MOST DISTANT SPECTROSCOPICALLY CONFIRMED SUPERNOVA Ia WITH THE<i>HUBBLE SPACE TELESCOPE</i>,gamma_ray_bursts_and_supernovae,Astronomy and Astrophysics,63203493,63203493,0,,W2019383013,10.1088/0004-637x/763/1/35,46,80,openalex_v3_query_core,0,,strict,Gamma-ray bursts and supernovae,63203493,Gamma-ray bursts and supernovae,Gamma-ray bursts and supernovae,0,2025
https://openalex.org/W2101925214,2013,Spatially-resolved dust properties of the GRB 980425 host galaxy,gamma_ray_bursts_and_supernovae,Astronomy and Astrophysics,63203493,63203493,0,,W2101925214,10.1051/0004-6361/201322843,46,251,openalex_v3_query_core,0,,strict,Gamma-ray bursts and supernovae,63203493,Gamma-ray bursts and supernovae,Gamma-ray bursts and supernovae,0,2025
https://openalex.org/W2168505566,2014,"Methods and results of a search for gravitational waves associated with gamma-ray bursts using the GEO 600, LIGO, and Virgo detectors",gamma_ray_bursts_and_supernovae,Astronomy and Astrophysics,63203493,63203493,0,,W2168505566,10.1103/physrevd.89.122004,46,134,openalex_v3_query_core,0,,strict,Gamma-ray bursts and supernovae,63203493,Gamma-ray bursts and supernovae,Gamma-ray bursts and supernovae,0,2025
https://openalex.org/W2398519331,2016,TERRESTRIAL EFFECTS OF NEARBY SUPERNOVAE IN THE EARLY PLEISTOCENE,gamma_ray_bursts_and_supernovae,Astronomy and Astrophysics,63203493,63203493,0,,W2398519331,10.3847/2041-8205/826/1/l3,46,42,openalex_v3_query_core,0,,strict,Gamma-ray bursts and supernovae,63203493,Gamma-ray bursts and supernovae,Gamma-ray bursts and supernovae,0,2025
https://openalex.org/W2561013735,2016,The peculiar mass-loss history of SN 2014C as revealed through AMI radio observations,gamma_ray_bursts_and_supernovae,Astronomy and Astrophysics,63203493,63203493,0,,W2561013735,10.1093/mnras/stw3310,46,113,openalex_v3_query_core,0,,strict,Gamma-ray bursts and supernovae,63203493,Gamma-ray bursts and supernovae,Gamma-ray bursts and supernovae,0,2025
https://openalex.org/W2558117150,2017,A Search for Kilonovae in the Dark Energy Survey,gamma_ray_bursts_and_supernovae,Astronomy and Astrophysics,63203493,63203493,0,,W2558117150,10.3847/1538-4357/aa5d09,46,43,openalex_v3_query_core,0,,strict,Gamma-ray bursts and supernovae,63203493,Gamma-ray bursts and supernovae,Gamma-ray bursts and supernovae,0,2025
https://openalex.org/W2589350515,2017,Robotic telescopes in education,gamma_ray_bursts_and_supernovae,Computational Mechanics,69913968,69913968,0,,W2589350515,10.1080/21672857.2017.1303264,46,98,openalex_v3_query_core,0,,strict,Astronomical Observations and Instrumentation,69913968,Astronomical Observations and Instrumentation,Astronomical Observations and Instrumentation,0,2025
https://openalex.org/W2608029198,2017,Radio emission from embryonic superluminous supernova remnants,gamma_ray_bursts_and_supernovae,Astronomy and Astrophysics,63203493,63203493,0,,W2608029198,10.1093/mnras/stx2743,46,82,openalex_v3_query_core,0,,strict,Gamma-ray bursts and supernovae,63203493,Gamma-ray bursts and supernovae,Gamma-ray bursts and supernovae,0,2025
https://openalex.org/W2543377082,2018,The second-closest gamma-ray burst: sub-luminous GRB 111005A with no supernova in a super-solar metallicity environment,gamma_ray_bursts_and_supernovae,Astronomy and Astrophysics,63203493,63203493,0,,W2543377082,10.1051/0004-6361/201629942,46,161,openalex_v3_query_core,0,,strict,Gamma-ray bursts and supernovae,63203493,Gamma-ray bursts and supernovae,Gamma-ray bursts and supernovae,0,2025
https://openalex.org/W2794839968,2018,Neutron star merger GW170817 strongly constrains doubly coupled bigravity,gamma_ray_bursts_and_supernovae,Astronomy and Astrophysics,63203493,63203493,0,,W2794839968,10.1103/physrevd.97.124010,46,172,openalex_v3_query_core,0,,strict,Gamma-ray bursts and supernovae,63203493,Gamma-ray bursts and supernovae,Gamma-ray bursts and supernovae,0,2025
https://openalex.org/W2895533830,2019,A Fermi Gamma-Ray Burst Monitor Search for Electromagnetic Signals Coincident with Gravitational-wave Candidates in Advanced LIGO's First Observing Run,gamma_ray_bursts_and_supernovae,Astronomy and Astrophysics,60973087,60973087,0,,W2895533830,10.3847/1538-4357/aaf726,46,58,openalex_v3_query_core,0,,strict,Pulsars and Gravitational Waves Research,60973087,Pulsars and Gravitational Waves Research,Pulsars and Gravitational Waves Research,0,2025
https://openalex.org/W2944609937,2020,Gamma Rays from Kilonova: A Potential Probe of r-process Nucleosynthesis,gamma_ray_bursts_and_supernovae,Astronomy and Astrophysics,63203493,63203493,0,,W2944609937,10.3847/1538-4357/ab64d8,46,98,openalex_v3_query_core,0,,strict,Gamma-ray bursts and supernovae,63203493,Gamma-ray bursts and supernovae,Gamma-ray bursts and supernovae,0,2025
https://openalex.org/W3041379865,2020,A search for optical and near-infrared counterparts of the compact binary merger GW190814,gamma_ray_bursts_and_supernovae,Astronomy and Astrophysics,63203493,63203493,0,,W3041379865,10.1093/mnras/staa2798,46,110,openalex_v3_query_core,0,,strict,Gamma-ray bursts and supernovae,63203493,Gamma-ray bursts and supernovae,Gamma-ray bursts and supernovae,0,2025
https://openalex.org/W3046552945,2020,Constraining the Kilonova Rate with Zwicky Transient Facility Searches Independent of Gravitational Wave and Short Gamma-Ray Burst Triggers,gamma_ray_bursts_and_supernovae,Astronomy and Astrophysics,63203493,63203493,0,,W3046552945,10.3847/1538-4357/abbf4c,46,210,openalex_v3_query_core,0,,strict,Gamma-ray bursts and supernovae,63203493,Gamma-ray bursts and supernovae,Gamma-ray bursts and supernovae,0,2025
https://openalex.org/W3166873871,2021,"Prospects of high redshift constraints on dark energy models with the <i>E</i>p, i − <i>E</i>iso correlation in long gamma ray bursts",gamma_ray_bursts_and_supernovae,Astronomy and Astrophysics,60904838,60904838,0,,W3166873871,10.1093/mnras/stab1669,46,140,openalex_v3_query_core,0,,strict,Cosmology and Gravitation Theories,60904838,Cosmology and Gravitation Theories,Cosmology and Gravitation Theories,0,2025
https://openalex.org/W3200457115,2021,Superluminous supernovae: an explosive decade,gamma_ray_bursts_and_supernovae,Astronomy and Astrophysics,63203493,63203493,0,,W3200457115,10.1093/astrogeo/atab092,46,176,openalex_v3_query_core,0,,strict,Gamma-ray bursts and supernovae,63203493,Gamma-ray bursts and supernovae,Gamma-ray bursts and supernovae,0,2025
https://openalex.org/W4377009722,2023,Physics of Binary Star Evolution -- from Stars to X-ray Binaries and Gravitational Wave Sources,gamma_ray_bursts_and_supernovae,Astronomy and Astrophysics,60973087,60973087,0,,W4377009722,10.48550/arxiv.2305.09388,46,17,openalex_v3_query_core,0,,strict,Pulsars and Gravitational Waves Research,60973087,Pulsars and Gravitational Waves Research,Pulsars and Gravitational Waves Research,0,2025
https://openalex.org/W4381612670,2023,A long-duration gamma-ray burst of dynamical origin from the nucleus of an ancient galaxy,gamma_ray_bursts_and_supernovae,Astronomy and Astrophysics,63203493,63203493,0,,W4381612670,10.1038/s41550-023-01998-8,46,113,openalex_v3_query_core,0,,strict,Gamma-ray bursts and supernovae,63203493,Gamma-ray bursts and supernovae,Gamma-ray bursts and supernovae,0,2025
https://openalex.org/W4401389064,2024,A nebular origin for the persistent radio emission of fast radio bursts,gamma_ray_bursts_and_supernovae,Astronomy and Astrophysics,60973087,60973087,0,,W4401389064,10.1038/s41586-024-07782-6,46,99,openalex_v3_query_core,0,,strict,Pulsars and Gravitational Waves Research,60973087,Pulsars and Gravitational Waves Research,Pulsars and Gravitational Waves Research,0,2025
https://openalex.org/W2036402247,1996,Gravitational-wave sources,gamma_ray_bursts_and_supernovae,Astronomy and Astrophysics,60973087,60973087,0,,W2036402247,10.1088/0264-9381/13/11a/031,45,18,openalex_v3_query_core,0,,strict,Pulsars and Gravitational Waves Research,60973087,Pulsars and Gravitational Waves Research,Pulsars and Gravitational Waves Research,0,2025
https://openalex.org/W1980332914,2002,The circumstellar material around SN IIn 1997eg: another detection of a very narrow P Cygni profile,gamma_ray_bursts_and_supernovae,Astronomy and Astrophysics,63203493,63203493,0,,W1980332914,10.1046/j.1365-8711.2002.05167.x,45,28,openalex_v3_query_core,0,,strict,Gamma-ray bursts and supernovae,63203493,Gamma-ray bursts and supernovae,Gamma-ray bursts and supernovae,0,2025
https://openalex.org/W2133215011,2003,The blue host galaxy of the red GRB 000418,gamma_ray_bursts_and_supernovae,Astronomy and Astrophysics,63203493,63203493,0,,W2133215011,10.1051/0004-6361:20031047,45,43,openalex_v3_query_core,0,,strict,Gamma-ray bursts and supernovae,63203493,Gamma-ray bursts and supernovae,Gamma-ray bursts and supernovae,0,2025
https://openalex.org/W2109199932,2006,Accelerating universe in scalar tensor models –comparison of theoretical predictions with observations,gamma_ray_bursts_and_supernovae,Astronomy and Astrophysics,60904838,60904838,0,,W2109199932,10.1051/0004-6361:20054601,45,37,openalex_v3_query_core,0,,strict,Cosmology and Gravitation Theories,60904838,Cosmology and Gravitation Theories,Cosmology and Gravitation Theories,0,2025
https://openalex.org/W2040958340,2009,Gravitational Lensing as a Probe of Cold Dark Matter Subhalos,gamma_ray_bursts_and_supernovae,Astronomy and Astrophysics,60903922,60903922,0,,W2040958340,10.1155/2010/478910,45,166,openalex_v3_query_core,0,,strict,"Galaxies: Formation, Evolution, Phenomena",60903922,"Galaxies: Formation, Evolution, Phenomena","Galaxies: Formation, Evolution, Phenomena",0,2025
https://openalex.org/W2031560129,2010,Lunar Palaeoregolith Deposits as Recorders of the Galactic Environment of the Solar System and Implications for Astrobiology,gamma_ray_bursts_and_supernovae,Astronomy and Astrophysics,60972304,60972304,0,,W2031560129,10.1007/s11038-010-9358-z,45,81,openalex_v3_query_core,0,,strict,Planetary Science and Exploration,60972304,Planetary Science and Exploration,Planetary Science and Exploration,0,2025
https://openalex.org/W2133344466,2011,"The equation of state and composition of hot, dense matter in core-collapse supernovae",gamma_ray_bursts_and_supernovae,Astronomy and Astrophysics,63203493,63203493,0,,W2133344466,10.1051/0004-6361/201117225,45,76,openalex_v3_query_core,0,,strict,Gamma-ray bursts and supernovae,63203493,Gamma-ray bursts and supernovae,Gamma-ray bursts and supernovae,0,2025
https://openalex.org/W2010776452,2013,The supernova–gamma-ray burst–jet connection,gamma_ray_bursts_and_supernovae,Astronomy and Astrophysics,63203493,63203493,0,,W2010776452,10.1098/rsta.2012.0275,45,50,openalex_v3_query_core,0,,strict,Gamma-ray bursts and supernovae,63203493,Gamma-ray bursts and supernovae,Gamma-ray bursts and supernovae,0,2025
https://openalex.org/W3104883730,2013,Universality and intermittency in relativistic turbulent flows of a hot plasma,gamma_ray_bursts_and_supernovae,Astronomy and Astrophysics,60904838,60904838,0,,W3104883730,,45,15,openalex_v3_query_core,0,,strict,Cosmology and Gravitation Theories,60904838,Cosmology and Gravitation Theories,Cosmology and Gravitation Theories,0,2025
https://openalex.org/W2056964317,2015,"Eddington–Born–Infeld cosmology: a cosmographic approach, a tale of doomsdays and the fate of bound structures",gamma_ray_bursts_and_supernovae,Astronomy and Astrophysics,60904838,60904838,0,,W2056964317,10.1140/epjc/s10052-015-3257-4,45,81,openalex_v3_query_core,0,,strict,Cosmology and Gravitation Theories,60904838,Cosmology and Gravitation Theories,Cosmology and Gravitation Theories,0,2025
https://openalex.org/W2281149170,2016,Remarks on graviton propagation in light of GW150914,gamma_ray_bursts_and_supernovae,Astronomy and Astrophysics,60973087,60973087,0,,W2281149170,10.1142/s0217732316750018,45,20,openalex_v3_query_core,0,,strict,Pulsars and Gravitational Waves Research,60973087,Pulsars and Gravitational Waves Research,Pulsars and Gravitational Waves Research,0,2025
https://openalex.org/W2606262915,2017,The nearby Type Ibn supernova 2015G: signatures of asymmetry and progenitor constraints,gamma_ray_bursts_and_supernovae,Astronomy and Astrophysics,63203493,63203493,0,,W2606262915,10.1093/mnras/stx1885,45,142,openalex_v3_query_core,0,,strict,Gamma-ray bursts and supernovae,63203493,Gamma-ray bursts and supernovae,Gamma-ray bursts and supernovae,0,2025
https://openalex.org/W2749937384,2017,Spatially Resolved MaNGA Observations of the Host Galaxy of Superluminous Supernova 2017egm,gamma_ray_bursts_and_supernovae,Astronomy and Astrophysics,63203493,63203493,0,,W2749937384,10.3847/2041-8213/aa8f40,45,53,openalex_v3_query_core,0,,strict,Gamma-ray bursts and supernovae,63203493,Gamma-ray bursts and supernovae,Gamma-ray bursts and supernovae,0,2025
https://openalex.org/W3101729386,2017,Robotic telescopes in education,gamma_ray_bursts_and_supernovae,Media Technology,63187118,63187118,0,,W3101729386,,45,212,openalex_v3_query_core,0,,strict,Experimental Learning in Engineering,63187118,Experimental Learning in Engineering,Experimental Learning in Engineering,0,2025
https://openalex.org/W2835273373,2018,Fermi-LAT Observations of LIGO/Virgo Event GW170817,gamma_ray_bursts_and_supernovae,Astronomy and Astrophysics,63203493,63203493,0,,W2835273373,10.3847/1538-4357/aac515,45,85,openalex_v3_query_core,0,,strict,Gamma-ray bursts and supernovae,63203493,Gamma-ray bursts and supernovae,Gamma-ray bursts and supernovae,0,2025
https://openalex.org/W2963989905,2018,ThunderKAT: The MeerKAT Large Survey Project for Image-Plane Radio Transients,gamma_ray_bursts_and_supernovae,Astronomy and Astrophysics,65469135,65469135,0,,W2963989905,10.22323/1.277.0013,45,21,openalex_v3_query_core,0,,strict,Radio Astronomy Observations and Technology,65469135,Radio Astronomy Observations and Technology,Radio Astronomy Observations and Technology,0,2025
https://openalex.org/W4289310208,2018,Core-collapse supernovae in the hall of mirrors,gamma_ray_bursts_and_supernovae,Nuclear and High Energy Physics,61041081,61041081,0,,W4289310208,10.1051/0004-6361/201833705,45,152,openalex_v3_query_core,0,,strict,Astrophysics and Cosmic Phenomena,61041081,Astrophysics and Cosmic Phenomena,Astrophysics and Cosmic Phenomena,0,2025
https://openalex.org/W2907661474,2019,Three-dimensional mixing and light curves: constraints on the progenitor of supernova 1987A,gamma_ray_bursts_and_supernovae,Astronomy and Astrophysics,63203493,63203493,0,,W2907661474,10.1051/0004-6361/201834976,45,88,openalex_v3_query_core,0,,strict,Gamma-ray bursts and supernovae,63203493,Gamma-ray bursts and supernovae,Gamma-ray bursts and supernovae,0,2025
https://openalex.org/W3009954172,2020,Prospect for constraining holographic dark energy with gravitational wave standard sirens from the Einstein Telescope,gamma_ray_bursts_and_supernovae,Astronomy and Astrophysics,60904838,60904838,0,,W3009954172,10.1140/epjc/s10052-020-7767-3,45,132,openalex_v3_query_core,0,,strict,Cosmology and Gravitation Theories,60904838,Cosmology and Gravitation Theories,Cosmology and Gravitation Theories,0,2025
https://openalex.org/W3035558806,2020,Constraints on the Physical Properties of GW190814 through Simulations Based on DECam Follow-up Observations by the Dark Energy Survey,gamma_ray_bursts_and_supernovae,Astronomy and Astrophysics,63203493,63203493,0,,W3035558806,10.3847/1538-4357/abafaa,45,105,openalex_v3_query_core,0,,strict,Gamma-ray bursts and supernovae,63203493,Gamma-ray bursts and supernovae,Gamma-ray bursts and supernovae,0,2025
https://openalex.org/W3049522548,2020,Measuring the Hubble constant with a sample of kilonovae,gamma_ray_bursts_and_supernovae,Astronomy and Astrophysics,63203493,63203493,0,,W3049522548,10.1038/s41467-020-17998-5,45,77,openalex_v3_query_core,0,,strict,Gamma-ray bursts and supernovae,63203493,Gamma-ray bursts and supernovae,Gamma-ray bursts and supernovae,0,2025
https://openalex.org/W4288080244,2020,Broad-line type Ic SN 2020bvc,gamma_ray_bursts_and_supernovae,Astronomy and Astrophysics,63203493,63203493,0,,W4288080244,10.1051/0004-6361/202038152,45,93,openalex_v3_query_core,0,,strict,Gamma-ray bursts and supernovae,63203493,Gamma-ray bursts and supernovae,Gamma-ray bursts and supernovae,0,2025
https://openalex.org/W3138962839,2021,Improved time-delay lens modelling and <i>H</i>0 inference with transient sources,gamma_ray_bursts_and_supernovae,Astronomy and Astrophysics,60903922,60903922,0,,W3138962839,10.1093/mnras/stab1240,45,138,openalex_v3_query_core,0,,strict,"Galaxies: Formation, Evolution, Phenomena",60903922,"Galaxies: Formation, Evolution, Phenomena","Galaxies: Formation, Evolution, Phenomena",0,2025
https://openalex.org/W3204817640,2021,SRG/ART-XC all-sky X-ray survey: Catalog of sources detected during the first year,gamma_ray_bursts_and_supernovae,Astronomy and Astrophysics,61024309,61024309,0,,W3204817640,10.1051/0004-6361/202141770,45,98,openalex_v3_query_core,0,,strict,Astrophysical Phenomena and Observations,61024309,Astrophysical Phenomena and Observations,Astrophysical Phenomena and Observations,0,2025
https://openalex.org/W4213391001,2022,High-redshift cosmography: Application and comparison with different methods,gamma_ray_bursts_and_supernovae,Astronomy and Astrophysics,60903922,60903922,0,,W4213391001,10.1051/0004-6361/202142162,45,127,openalex_v3_query_core,0,,strict,"Galaxies: Formation, Evolution, Phenomena",60903922,"Galaxies: Formation, Evolution, Phenomena","Galaxies: Formation, Evolution, Phenomena",0,2025
https://openalex.org/W4220683240,2022,3D template-based <i>Fermi</i>-LAT constraints on the diffuse supernova axion-like particle background,gamma_ray_bursts_and_supernovae,Nuclear and High Energy Physics,63152924,63152924,0,,W4220683240,10.1103/physrevd.105.063028,45,119,openalex_v3_query_core,0,,strict,Dark Matter and Cosmic Phenomena,63152924,Dark Matter and Cosmic Phenomena,Dark Matter and Cosmic Phenomena,0,2025
https://openalex.org/W4285591978,2022,Galactic Cosmic Rays Throughout the Heliosphere and in the Very Local Interstellar Medium,gamma_ray_bursts_and_supernovae,Astronomy and Astrophysics,60938632,60938632,0,,W4285591978,10.1007/s11214-022-00912-4,45,285,openalex_v3_query_core,0,,strict,Solar and Space Plasma Dynamics,60938632,Solar and Space Plasma Dynamics,Solar and Space Plasma Dynamics,0,2025
https://openalex.org/W4312124160,2022,Probing non-standard neutrino interactions with a light boson from next galactic and diffuse supernova neutrinos,gamma_ray_bursts_and_supernovae,Nuclear and High Energy Physics,61058366,61058366,0,,W4312124160,10.1007/jhep12(2022)050,45,132,openalex_v3_query_core,0,,strict,Neutrino Physics Research,61058366,Neutrino Physics Research,Neutrino Physics Research,0,2025
https://openalex.org/W4388281358,2023,Rubin Observatory LSST Transients and Variable Stars Roadmap,gamma_ray_bursts_and_supernovae,Astronomy and Astrophysics,60904056,60904056,0,,W4388281358,10.1088/1538-3873/acdb9a,45,617,openalex_v3_query_core,0,,strict,"Stellar, planetary, and galactic studies",60904056,"Stellar, planetary, and galactic studies","Stellar, planetary, and galactic studies",0,2025
https://openalex.org/W4394764597,2024,JWST detection of a supernova associated with GRB 221009A without an r-process signature,gamma_ray_bursts_and_supernovae,Astronomy and Astrophysics,63203493,63203493,0,,W4394764597,10.1038/s41550-024-02237-4,45,99,openalex_v3_query_core,0,,strict,Gamma-ray bursts and supernovae,63203493,Gamma-ray bursts and supernovae,Gamma-ray bursts and supernovae,0,2025
https://openalex.org/W1987423151,1998,Gamma-ray bursts: post-burst evolution of fireballs,gamma_ray_bursts_and_supernovae,Astronomy and Astrophysics,63203493,63203493,0,,W1987423151,10.1046/j.1365-8711.1998.01632.x,44,7,openalex_v3_query_core,0,,strict,Gamma-ray bursts and supernovae,63203493,Gamma-ray bursts and supernovae,Gamma-ray bursts and supernovae,0,2025
https://openalex.org/W2141051577,2001,Gamma-Ray Bursts: Afterglows and Central Engines,gamma_ray_bursts_and_supernovae,Astronomy and Astrophysics,63203493,63203493,0,,W2141051577,10.1088/1009-9271/1/1/1,44,182,openalex_v3_query_core,0,,strict,Gamma-ray bursts and supernovae,63203493,Gamma-ray bursts and supernovae,Gamma-ray bursts and supernovae,0,2025
https://openalex.org/W2014531565,2004,"Mirror World, Supersymmetric Axion and Gamma Ray Bursts",gamma_ray_bursts_and_supernovae,Nuclear and High Energy Physics,63152924,63152924,0,,W2014531565,10.1088/1126-6708/2004/10/044,44,88,openalex_v3_query_core,0,,strict,Dark Matter and Cosmic Phenomena,63152924,Dark Matter and Cosmic Phenomena,Dark Matter and Cosmic Phenomena,0,2025
https://openalex.org/W2084395390,2004,On the origin of X-ray flashes,gamma_ray_bursts_and_supernovae,Astronomy and Astrophysics,63203493,63203493,0,,W2084395390,10.1051/0004-6361:20034462,44,82,openalex_v3_query_core,0,,strict,Gamma-ray bursts and supernovae,63203493,Gamma-ray bursts and supernovae,Gamma-ray bursts and supernovae,0,2025
https://openalex.org/W3098389839,2005,On the intensity and spatial morphology of the 511 keV emission in the Milky Way,gamma_ray_bursts_and_supernovae,Astronomy and Astrophysics,63203493,63203493,0,,W3098389839,10.1051/0004-6361:20052811/pdf,44,32,openalex_v3_query_core,0,,strict,Gamma-ray bursts and supernovae,63203493,Gamma-ray bursts and supernovae,Gamma-ray bursts and supernovae,0,2025
https://openalex.org/W2102639755,2007,Nucleosynthesis in neutron-rich ejecta from quark-novae,gamma_ray_bursts_and_supernovae,Astronomy and Astrophysics,63203493,63203493,0,,W2102639755,10.1051/0004-6361:20066593,44,77,openalex_v3_query_core,0,,strict,Gamma-ray bursts and supernovae,63203493,Gamma-ray bursts and supernovae,Gamma-ray bursts and supernovae,0,2025
https://openalex.org/W1602126440,2008,An introduction to nuclear astrophysics,gamma_ray_bursts_and_supernovae,Astronomy and Astrophysics,63203493,63203493,0,,W1602126440,10.5860/choice.46-2051,44,0,openalex_v3_query_core,0,,strict,Gamma-ray bursts and supernovae,63203493,Gamma-ray bursts and supernovae,Gamma-ray bursts and supernovae,0,2025
https://openalex.org/W1986763337,2008,A theory of cosmic rays,gamma_ray_bursts_and_supernovae,Astronomy and Astrophysics,63203493,63203493,0,,W1986763337,10.1016/j.physrep.2008.05.004,44,98,openalex_v3_query_core,0,,strict,Gamma-ray bursts and supernovae,63203493,Gamma-ray bursts and supernovae,Gamma-ray bursts and supernovae,0,2025
https://openalex.org/W2135888693,2008,The X-ray transient 080109 in NGC 2770: an X-ray flash associated with a normal core-collapse supernova,gamma_ray_bursts_and_supernovae,Astronomy and Astrophysics,63203493,63203493,0,,W2135888693,10.1111/j.1365-2966.2008.13461.x,44,55,openalex_v3_query_core,0,,strict,Gamma-ray bursts and supernovae,63203493,Gamma-ray bursts and supernovae,Gamma-ray bursts and supernovae,0,2025
https://openalex.org/W3106230370,2008,A new general relativistic magnetohydrodynamics code for dynamical spacetimes,gamma_ray_bursts_and_supernovae,Astronomy and Astrophysics,63203493,63203493,0,,W3106230370,10.1051/0004-6361:200810086/pdf,44,78,openalex_v3_query_core,0,,strict,Gamma-ray bursts and supernovae,63203493,Gamma-ray bursts and supernovae,Gamma-ray bursts and supernovae,0,2025
https://openalex.org/W2059713552,2009,Early dark energy at high redshifts: status and perspectives,gamma_ray_bursts_and_supernovae,Astronomy and Astrophysics,60904838,60904838,0,,W2059713552,10.1088/1475-7516/2009/04/002,44,115,openalex_v3_query_core,0,,strict,Cosmology and Gravitation Theories,60904838,Cosmology and Gravitation Theories,Cosmology and Gravitation Theories,0,2025
https://openalex.org/W3101125748,2009,Using Population Synthesis of Massive Stars to Study the Interstellar Medium Near OB Associations,gamma_ray_bursts_and_supernovae,Astronomy and Astrophysics,60904056,60904056,0,,W3101125748,10.1051/0004-6361/200912260/pdf,44,75,openalex_v3_query_core,0,,strict,"Stellar, planetary, and galactic studies",60904056,"Stellar, planetary, and galactic studies","Stellar, planetary, and galactic studies",0,2025
https://openalex.org/W2963322953,2010,Early universe models from noncommutative geometry,gamma_ray_bursts_and_supernovae,Statistical and Nonlinear Physics,63220525,63220525,0,,W2963322953,10.4310/atmp.2010.v14.n5.a2,44,51,openalex_v3_query_core,0,,strict,Noncommutative and Quantum Gravity Theories,63220525,Noncommutative and Quantum Gravity Theories,Noncommutative and Quantum Gravity Theories,0,2025
https://openalex.org/W1697698389,2012,LIGO: The Laser Interferometer Gravitational-Wave Observatory,gamma_ray_bursts_and_supernovae,Ocean Engineering,67786268,67786268,0,,W1697698389,10.1017/cbo9781139046916.009,44,0,openalex_v3_query_core,0,,strict,Geophysics and Sensor Technology,67786268,Geophysics and Sensor Technology,Geophysics and Sensor Technology,0,2025
https://openalex.org/W2057949865,2012,HI shells in the Leiden/Argentina/Bonn HI survey,gamma_ray_bursts_and_supernovae,Astronomy and Astrophysics,60904056,60904056,0,,W2057949865,10.1051/0004-6361/201220341,44,27,openalex_v3_query_core,0,,strict,"Stellar, planetary, and galactic studies",60904056,"Stellar, planetary, and galactic studies","Stellar, planetary, and galactic studies",0,2025
https://openalex.org/W2009474215,2013,Evidence of quasi-chemically homogeneous evolution of massive stars up to solar metallicity,gamma_ray_bursts_and_supernovae,Astronomy and Astrophysics,63203493,63203493,0,,W2009474215,10.1051/0004-6361/201321282,44,72,openalex_v3_query_core,0,,strict,Gamma-ray bursts and supernovae,63203493,Gamma-ray bursts and supernovae,Gamma-ray bursts and supernovae,0,2025
https://openalex.org/W2091042501,2014,Mysterious abrupt carbon-14 increase in coral contributed by a comet,gamma_ray_bursts_and_supernovae,Atmospheric Science,60903792,60903792,0,,W2091042501,10.1038/srep03728,44,38,openalex_v3_query_core,0,,strict,Geology and Paleoclimatology Research,60903792,Geology and Paleoclimatology Research,Geology and Paleoclimatology Research,0,2025
https://openalex.org/W3099429128,2014,The HD 5980 multiple system: masses and evolutionary status,gamma_ray_bursts_and_supernovae,Astronomy and Astrophysics,60904056,60904056,0,,W3099429128,,44,40,openalex_v3_query_core,0,,strict,"Stellar, planetary, and galactic studies",60904056,"Stellar, planetary, and galactic studies","Stellar, planetary, and galactic studies",0,2025
https://openalex.org/W4239678909,2017,Monte Carlo simulations of relativistic radiation-mediated shocks – I. Photon-rich regime,gamma_ray_bursts_and_supernovae,Astronomy and Astrophysics,63203493,63203493,0,,W4239678909,10.1093/mnras/stx2722,44,76,openalex_v3_query_core,0,,strict,Gamma-ray bursts and supernovae,63203493,Gamma-ray bursts and supernovae,Gamma-ray bursts and supernovae,0,2025
https://openalex.org/W2741582604,2018,Localization of binary neutron star mergers with second and third generation gravitational-wave detectors,gamma_ray_bursts_and_supernovae,Astronomy and Astrophysics,60973087,60973087,0,,W2741582604,10.1103/physrevd.97.104064,44,177,openalex_v3_query_core,0,,strict,Pulsars and Gravitational Waves Research,60973087,Pulsars and Gravitational Waves Research,Pulsars and Gravitational Waves Research,0,2025
https://openalex.org/W2799039601,2018,Uncertainties in s-process nucleosynthesis in low-mass stars determined from Monte Carlo variations,gamma_ray_bursts_and_supernovae,Nuclear and High Energy Physics,60904836,60904836,0,,W2799039601,10.1093/mnras/sty1185,44,73,openalex_v3_query_core,0,,strict,Nuclear physics research studies,60904836,Nuclear physics research studies,Nuclear physics research studies,0,2025
https://openalex.org/W2900420955,2019,Light fermionic WIMP dark matter with light scalar mediator,gamma_ray_bursts_and_supernovae,Nuclear and High Energy Physics,63152924,63152924,0,,W2900420955,10.1007/jhep07(2019)050,44,78,openalex_v3_query_core,0,,strict,Dark Matter and Cosmic Phenomena,63152924,Dark Matter and Cosmic Phenomena,Dark Matter and Cosmic Phenomena,0,2025
https://openalex.org/W3018519600,2020,Cosmology with gravitationally lensed repeating fast radio bursts,gamma_ray_bursts_and_supernovae,Astronomy and Astrophysics,60973087,60973087,0,,W3018519600,10.1051/0004-6361/202038248,44,62,openalex_v3_query_core,0,,strict,Pulsars and Gravitational Waves Research,60973087,Pulsars and Gravitational Waves Research,Pulsars and Gravitational Waves Research,0,2025
https://openalex.org/W2978323293,2021,Active anomaly detection for time-domain discoveries,gamma_ray_bursts_and_supernovae,Artificial Intelligence,63237683,63237683,0,,W2978323293,10.1051/0004-6361/202037709,44,81,openalex_v3_query_core,0,,strict,Anomaly Detection Techniques and Applications,63237683,Anomaly Detection Techniques and Applications,Anomaly Detection Techniques and Applications,0,2025
https://openalex.org/W3083007604,2021,Multi-dimensional solution of fast neutrino conversions in binary neutron star merger remnants,gamma_ray_bursts_and_supernovae,Astronomy and Astrophysics,63203493,63203493,0,,W3083007604,10.1088/1475-7516/2021/01/017,44,52,openalex_v3_query_core,0,,strict,Gamma-ray bursts and supernovae,63203493,Gamma-ray bursts and supernovae,Gamma-ray bursts and supernovae,0,2025
https://openalex.org/W3122570902,2021,AT 2019avd: a novel addition to the diverse population of nuclear transients,gamma_ray_bursts_and_supernovae,Astronomy and Astrophysics,63203493,63203493,0,,W3122570902,10.1051/0004-6361/202039681,44,188,openalex_v3_query_core,0,,strict,Gamma-ray bursts and supernovae,63203493,Gamma-ray bursts and supernovae,Gamma-ray bursts and supernovae,0,2025
https://openalex.org/W4283452114,2022,Compact Binary Coalescences: Astrophysical Processes and Lessons Learned,gamma_ray_bursts_and_supernovae,Astronomy and Astrophysics,60973087,60973087,0,,W4283452114,10.3390/galaxies10040076,44,771,openalex_v3_query_core,0,,strict,Pulsars and Gravitational Waves Research,60973087,Pulsars and Gravitational Waves Research,Pulsars and Gravitational Waves Research,0,2025
https://openalex.org/W4396902297,2024,<scp>redback</scp>: a Bayesian inference software package for electromagnetic transients,gamma_ray_bursts_and_supernovae,Astronomy and Astrophysics,63203493,63203493,0,,W4396902297,10.1093/mnras/stae1238,44,164,openalex_v3_query_core,0,,strict,Gamma-ray bursts and supernovae,63203493,Gamma-ray bursts and supernovae,Gamma-ray bursts and supernovae,0,2025
https://openalex.org/W3030629883,1991,The decade of discovery in astronomy and astrophysics,gamma_ray_bursts_and_supernovae,Instrumentation,65554423,65554423,0,,W3030629883,10.5860/choice.29-2084,43,0,openalex_v3_query_core,0,,strict,Astronomy and Astrophysical Research,65554423,Astronomy and Astrophysical Research,Astronomy and Astrophysical Research,0,2025
https://openalex.org/W2007252431,2001,Isotope anomalies in tellurium and palladium from Allende nanodiamonds,gamma_ray_bursts_and_supernovae,Astronomy and Astrophysics,60955404,60955404,0,,W2007252431,10.1111/j.1945-5100.2001.tb01922.x,43,41,openalex_v3_query_core,0,,strict,Astro and Planetary Science,60955404,Astro and Planetary Science,Astro and Planetary Science,0,2025
https://openalex.org/W2167897163,2002,Photon-axion oscillations and type Ia supernovae,gamma_ray_bursts_and_supernovae,Astronomy and Astrophysics,63203493,63203493,0,,W2167897163,10.1103/physrevd.66.047702,43,7,openalex_v3_query_core,0,,strict,Gamma-ray bursts and supernovae,63203493,Gamma-ray bursts and supernovae,Gamma-ray bursts and supernovae,0,2025
https://openalex.org/W2026650727,2005,Extinction properties of the X-ray bright/optically faintafterglow of GRB 020405,gamma_ray_bursts_and_supernovae,Astronomy and Astrophysics,63203493,63203493,0,,W2026650727,10.1051/0004-6361:20053302,43,40,openalex_v3_query_core,0,,strict,Gamma-ray bursts and supernovae,63203493,Gamma-ray bursts and supernovae,Gamma-ray bursts and supernovae,0,2025
https://openalex.org/W2061809590,2005,Spectroscopic confirmation of high-redshift supernovae with the ESO VLT,gamma_ray_bursts_and_supernovae,Astronomy and Astrophysics,63203493,63203493,0,,W2061809590,10.1051/0004-6361:20041504,43,24,openalex_v3_query_core,0,,strict,Gamma-ray bursts and supernovae,63203493,Gamma-ray bursts and supernovae,Gamma-ray bursts and supernovae,0,2025
https://openalex.org/W2144175537,2007,"The circumstellar medium around a rapidly rotating, chemically homogeneously evolving, possible gamma-ray burst progenitor",gamma_ray_bursts_and_supernovae,Astronomy and Astrophysics,63203493,63203493,0,,W2144175537,10.1051/0004-6361:20078802,43,40,openalex_v3_query_core,0,,strict,Gamma-ray bursts and supernovae,63203493,Gamma-ray bursts and supernovae,Gamma-ray bursts and supernovae,0,2025
https://openalex.org/W2056673272,2008,Gamma-ray burst investigation via polarimetry and spectroscopy (GRIPS),gamma_ray_bursts_and_supernovae,Astronomy and Astrophysics,63203493,63203493,0,,W2056673272,10.1007/s10686-008-9102-0,43,99,openalex_v3_query_core,0,,strict,Gamma-ray bursts and supernovae,63203493,Gamma-ray bursts and supernovae,Gamma-ray bursts and supernovae,0,2025
https://openalex.org/W2025920475,2009,Constraining the energy budget of GRB���080721,gamma_ray_bursts_and_supernovae,Astronomy and Astrophysics,63203493,63203493,0,,W2025920475,10.1111/j.1365-2966.2009.15443.x,43,91,openalex_v3_query_core,0,,strict,Gamma-ray bursts and supernovae,63203493,Gamma-ray bursts and supernovae,Gamma-ray bursts and supernovae,0,2025
https://openalex.org/W1987265672,2011,THE<i>HUBBLE SPACE TELESCOPE</i>CLUSTER SUPERNOVA SURVEY. II. THE TYPE Ia SUPERNOVA RATE IN HIGH-REDSHIFT GALAXY CLUSTERS,gamma_ray_bursts_and_supernovae,Astronomy and Astrophysics,63203493,63203493,0,,W1987265672,10.1088/0004-637x/745/1/32,43,137,openalex_v3_query_core,0,,strict,Gamma-ray bursts and supernovae,63203493,Gamma-ray bursts and supernovae,Gamma-ray bursts and supernovae,0,2025
https://openalex.org/W2126087668,2012,Improved distance determination to M 51 from supernovae 2011dh and 2005cs,gamma_ray_bursts_and_supernovae,Astronomy and Astrophysics,63203493,63203493,0,,W2126087668,10.1051/0004-6361/201118364,43,25,openalex_v3_query_core,0,,strict,Gamma-ray bursts and supernovae,63203493,Gamma-ray bursts and supernovae,Gamma-ray bursts and supernovae,0,2025
https://openalex.org/W2143687919,2012,Rotating Wolf-Rayet stars in a post RSG/LBV phase,gamma_ray_bursts_and_supernovae,Astronomy and Astrophysics,63203493,63203493,0,,W2143687919,10.1051/0004-6361/201118664,43,101,openalex_v3_query_core,0,,strict,Gamma-ray bursts and supernovae,63203493,Gamma-ray bursts and supernovae,Gamma-ray bursts and supernovae,0,2025
https://openalex.org/W3102307123,2012,A search for thermal X-ray signatures in gamma-ray bursts - I. Swift bursts with optical supernovae,gamma_ray_bursts_and_supernovae,Astronomy and Astrophysics,63203493,63203493,0,,W3102307123,,43,103,openalex_v3_query_core,0,,strict,Gamma-ray bursts and supernovae,63203493,Gamma-ray bursts and supernovae,Gamma-ray bursts and supernovae,0,2025
https://openalex.org/W3122560635,2013,Swift 1644+57: The Longest Gamma-ray Burst?,gamma_ray_bursts_and_supernovae,Astronomy and Astrophysics,63203493,63203493,0,,W3122560635,,43,36,openalex_v3_query_core,0,,strict,Gamma-ray bursts and supernovae,63203493,Gamma-ray bursts and supernovae,Gamma-ray bursts and supernovae,0,2025
https://openalex.org/W2050452047,2014,THE ORIGINS OF LIGHT AND HEAVY <i>R</i> -PROCESS ELEMENTS IDENTIFIED BY CHEMICAL TAGGING OF METAL-POOR STARS,gamma_ray_bursts_and_supernovae,Astronomy and Astrophysics,60904056,60904056,0,,W2050452047,10.1088/2041-8205/795/1/l18,43,49,openalex_v3_query_core,0,,strict,"Stellar, planetary, and galactic studies",60904056,"Stellar, planetary, and galactic studies","Stellar, planetary, and galactic studies",0,2025
https://openalex.org/W2052812195,2014,Improved methods for detecting gravitational waves associated with short gamma-ray bursts,gamma_ray_bursts_and_supernovae,Astronomy and Astrophysics,60973087,60973087,0,,W2052812195,10.1103/physrevd.90.122004,43,56,openalex_v3_query_core,0,,strict,Pulsars and Gravitational Waves Research,60973087,Pulsars and Gravitational Waves Research,Pulsars and Gravitational Waves Research,0,2025
https://openalex.org/W2169289743,2014,Optical observations of the fast declining Type Ib supernova iPTF13bvn,gamma_ray_bursts_and_supernovae,Astronomy and Astrophysics,63203493,63203493,0,,W2169289743,10.1093/mnras/stu1878,43,57,openalex_v3_query_core,0,,strict,Gamma-ray bursts and supernovae,63203493,Gamma-ray bursts and supernovae,Gamma-ray bursts and supernovae,0,2025
https://openalex.org/W2290560398,2016,A SEARCH FOR BRIEF OPTICAL FLASHES ASSOCIATED WITH THE SETI TARGET KIC 8462852,gamma_ray_bursts_and_supernovae,Astronomy and Astrophysics,65521019,65521019,0,,W2290560398,10.3847/2041-8205/818/2/l33,43,24,openalex_v3_query_core,0,,strict,Space Science and Extraterrestrial Life,65521019,Space Science and Extraterrestrial Life,Space Science and Extraterrestrial Life,0,2025
https://openalex.org/W2613960414,2017,The MUSE view of the host galaxy of GRB 100316D,gamma_ray_bursts_and_supernovae,Astronomy and Astrophysics,63203493,63203493,0,,W2613960414,10.1093/mnras/stx2244,43,157,openalex_v3_query_core,0,,strict,Gamma-ray bursts and supernovae,63203493,Gamma-ray bursts and supernovae,Gamma-ray bursts and supernovae,0,2025
https://openalex.org/W2767794295,2017,A rapid cosmic-ray increase in BC 3372–3371 from ancient buried tree rings in China,gamma_ray_bursts_and_supernovae,Astronomy and Astrophysics,60938632,60938632,0,,W2767794295,10.1038/s41467-017-01698-8,43,58,openalex_v3_query_core,0,,strict,Solar and Space Plasma Dynamics,60938632,Solar and Space Plasma Dynamics,Solar and Space Plasma Dynamics,0,2025
https://openalex.org/W2298379226,2018,Particle acceleration in explosive relativistic reconnection events and Crab Nebula gamma-ray flares,gamma_ray_bursts_and_supernovae,Nuclear and High Energy Physics,61041081,61041081,0,,W2298379226,10.1017/s0022377818000168,43,80,openalex_v3_query_core,0,,strict,Astrophysics and Cosmic Phenomena,61041081,Astrophysics and Cosmic Phenomena,Astrophysics and Cosmic Phenomena,0,2025
https://openalex.org/W2800337762,2018,The 30 Year Search for the Compact Object in SN 1987A,gamma_ray_bursts_and_supernovae,Astronomy and Astrophysics,63203493,63203493,0,,W2800337762,10.3847/1538-4357/aad739,43,181,openalex_v3_query_core,0,,strict,Gamma-ray bursts and supernovae,63203493,Gamma-ray bursts and supernovae,Gamma-ray bursts and supernovae,0,2025
https://openalex.org/W2901499437,2019,Analysis of the Duration–Hardness Ratio Plane of Gamma-Ray Bursts Using Skewed Distributions,gamma_ray_bursts_and_supernovae,Astronomy and Astrophysics,63203493,63203493,0,,W2901499437,10.3847/1538-4357/aaf1c5,43,163,openalex_v3_query_core,0,,strict,Gamma-ray bursts and supernovae,63203493,Gamma-ray bursts and supernovae,Gamma-ray bursts and supernovae,0,2025
https://openalex.org/W3039203450,2021,Search for Gravitational Waves from High-Mass-Ratio Compact-Binary Mergers of Stellar Mass and Subsolar Mass Black Holes,gamma_ray_bursts_and_supernovae,Astronomy and Astrophysics,60973087,60973087,0,,W3039203450,10.1103/physrevlett.126.021103,43,129,openalex_v3_query_core,0,,strict,Pulsars and Gravitational Waves Research,60973087,Pulsars and Gravitational Waves Research,Pulsars and Gravitational Waves Research,0,2025
https://openalex.org/W3198245487,2021,"Estimating outflow masses and velocities in merger simulations: Impact of <mml:math xmlns:mml=""http://www.w3.org/1998/Math/MathML"" display=""inline""><mml:mi>r</mml:mi></mml:math>-process heating and neutrino cooling",gamma_ray_bursts_and_supernovae,Astronomy and Astrophysics,60973087,60973087,0,,W3198245487,10.1103/physrevd.104.123010,43,106,openalex_v3_query_core,0,,strict,Pulsars and Gravitational Waves Research,60973087,Pulsars and Gravitational Waves Research,Pulsars and Gravitational Waves Research,0,2025
https://openalex.org/W4221150324,2022,GRB 211227A as a Peculiar Long Gamma-Ray Burst from a Compact Star Merger,gamma_ray_bursts_and_supernovae,Astronomy and Astrophysics,63203493,63203493,0,,W4221150324,10.3847/2041-8213/ac6e3a,43,141,openalex_v3_query_core,0,,strict,Gamma-ray bursts and supernovae,63203493,Gamma-ray bursts and supernovae,Gamma-ray bursts and supernovae,0,2025
https://openalex.org/W4283267214,2022,Axion signatures from supernova explosions through the nucleon electric-dipole portal,gamma_ray_bursts_and_supernovae,Nuclear and High Energy Physics,63152924,63152924,0,,W4283267214,10.1103/physrevd.105.123020,43,93,openalex_v3_query_core,0,,strict,Dark Matter and Cosmic Phenomena,63152924,Dark Matter and Cosmic Phenomena,Dark Matter and Cosmic Phenomena,0,2025
https://openalex.org/W4294315424,2022,Weak Mass Loss from the Red Supergiant Progenitor of the Type II SN 2021yja,gamma_ray_bursts_and_supernovae,Astronomy and Astrophysics,63203493,63203493,0,,W4294315424,10.3847/1538-4357/ac75f0,43,140,openalex_v3_query_core,0,,strict,Gamma-ray bursts and supernovae,63203493,Gamma-ray bursts and supernovae,Gamma-ray bursts and supernovae,0,2025
https://openalex.org/W4378070033,2023,Toward the end-to-end optimization of particle physics instruments with differentiable programming,gamma_ray_bursts_and_supernovae,Nuclear and High Energy Physics,60904186,60904186,0,,W4378070033,10.1016/j.revip.2023.100085,43,358,openalex_v3_query_core,0,,strict,Particle physics theoretical and experimental studies,60904186,Particle physics theoretical and experimental studies,Particle physics theoretical and experimental studies,0,2025
https://openalex.org/W4385839903,2023,Toward Powerful Probes of Neutrino Self-Interactions in Supernovae,gamma_ray_bursts_and_supernovae,Nuclear and High Energy Physics,61058366,61058366,0,,W4385839903,10.1103/physrevlett.131.071002,43,127,openalex_v3_query_core,0,,strict,Neutrino Physics Research,61058366,Neutrino Physics Research,Neutrino Physics Research,0,2025
https://openalex.org/W4394868863,2024,Impact of radiative feedback on the initial mass function of metal-poor stars,gamma_ray_bursts_and_supernovae,Astronomy and Astrophysics,60903922,60903922,0,,W4394868863,10.1093/mnras/stae1027,43,161,openalex_v3_query_core,0,,strict,"Galaxies: Formation, Evolution, Phenomena",60903922,"Galaxies: Formation, Evolution, Phenomena","Galaxies: Formation, Evolution, Phenomena",0,2025
https://openalex.org/W2017802873,2005,The 18-cm light curves of the luminous radio supernova candidates in Arp 220,gamma_ray_bursts_and_supernovae,Astronomy and Astrophysics,63203493,63203493,0,,W2017802873,10.1111/j.1365-2966.2005.08853.x,42,56,openalex_v3_query_core,0,,strict,Gamma-ray bursts and supernovae,63203493,Gamma-ray bursts and supernovae,Gamma-ray bursts and supernovae,0,2025
https://openalex.org/W2111553689,2005,Wolf--Rayet and O star runaway populations from supernovae,gamma_ray_bursts_and_supernovae,Astronomy and Astrophysics,60904056,60904056,0,,W2111553689,10.1111/j.1365-2966.2005.09536.x,42,45,openalex_v3_query_core,0,,strict,"Stellar, planetary, and galactic studies",60904056,"Stellar, planetary, and galactic studies","Stellar, planetary, and galactic studies",0,2025
https://openalex.org/W2009456028,2006,Constraining the GRB collimation with a survey for orphan afterglows,gamma_ray_bursts_and_supernovae,Astronomy and Astrophysics,63203493,63203493,0,,W2009456028,10.1051/0004-6361:20054317,42,52,openalex_v3_query_core,0,,strict,Gamma-ray bursts and supernovae,63203493,Gamma-ray bursts and supernovae,Gamma-ray bursts and supernovae,0,2025
https://openalex.org/W2124063406,2007,Constraints on gamma-ray burst and supernova progenitors through circumstellar absorption lines,gamma_ray_bursts_and_supernovae,Astronomy and Astrophysics,63203493,63203493,0,,W2124063406,10.1051/0004-6361:20077207,42,40,openalex_v3_query_core,0,,strict,Gamma-ray bursts and supernovae,63203493,Gamma-ray bursts and supernovae,Gamma-ray bursts and supernovae,0,2025
https://openalex.org/W2167530485,2007,The host galaxy of GRB 031203: a new spectroscopic study,gamma_ray_bursts_and_supernovae,Astronomy and Astrophysics,63203493,63203493,0,,W2167530485,10.1051/0004-6361:20077698,42,69,openalex_v3_query_core,0,,strict,Gamma-ray bursts and supernovae,63203493,Gamma-ray bursts and supernovae,Gamma-ray bursts and supernovae,0,2025
https://openalex.org/W2016799992,2008,Hyperaccretion Disks around Neutron Stars,gamma_ray_bursts_and_supernovae,Astronomy and Astrophysics,63203493,63203493,0,,W2016799992,10.1086/589820,42,58,openalex_v3_query_core,0,,strict,Gamma-ray bursts and supernovae,63203493,Gamma-ray bursts and supernovae,Gamma-ray bursts and supernovae,0,2025
https://openalex.org/W2050778163,2008,Astrobiological Phase Transition: Towards Resolution of Fermi’s Paradox,gamma_ray_bursts_and_supernovae,Astronomy and Astrophysics,65521019,65521019,0,,W2050778163,10.1007/s11084-008-9149-y,42,84,openalex_v3_query_core,0,,strict,Space Science and Extraterrestrial Life,65521019,Space Science and Extraterrestrial Life,Space Science and Extraterrestrial Life,0,2025
https://openalex.org/W2088570846,2008,Proto–Planetary Nebulae as Explosions: Bullets versus Jets and Nebular Shaping,gamma_ray_bursts_and_supernovae,Astronomy and Astrophysics,63203493,63203493,0,,W2088570846,10.1086/587730,42,48,openalex_v3_query_core,0,,strict,Gamma-ray bursts and supernovae,63203493,Gamma-ray bursts and supernovae,Gamma-ray bursts and supernovae,0,2025
https://openalex.org/W2169914428,2010,Searching for differences in<i>Swift</i>’s intermediate GRBs,gamma_ray_bursts_and_supernovae,Astronomy and Astrophysics,63203493,63203493,0,,W2169914428,10.1051/0004-6361/201015261,42,124,openalex_v3_query_core,0,,strict,Gamma-ray bursts and supernovae,63203493,Gamma-ray bursts and supernovae,Gamma-ray bursts and supernovae,0,2025
https://openalex.org/W4300804617,2010,Comoving frame models of hot star winds,gamma_ray_bursts_and_supernovae,Astronomy and Astrophysics,60904056,60904056,0,,W4300804617,10.1051/0004-6361/201014111,42,71,openalex_v3_query_core,0,,strict,"Stellar, planetary, and galactic studies",60904056,"Stellar, planetary, and galactic studies","Stellar, planetary, and galactic studies",0,2025
https://openalex.org/W2017163951,2012,Multi-dimensional models of circumstellar shells around evolved massive stars,gamma_ray_bursts_and_supernovae,Astronomy and Astrophysics,60973222,60973222,0,,W2017163951,10.1051/0004-6361/201218957,42,82,openalex_v3_query_core,0,,strict,Astrophysics and Star Formation Studies,60973222,Astrophysics and Star Formation Studies,Astrophysics and Star Formation Studies,0,2025
https://openalex.org/W2102268746,2012,THE LUMINOUS INFRARED HOST GALAXY OF SHORT-DURATION GRB 100206A,gamma_ray_bursts_and_supernovae,Astronomy and Astrophysics,63203493,63203493,0,,W2102268746,10.1088/0004-637x/758/2/122,42,153,openalex_v3_query_core,0,,strict,Gamma-ray bursts and supernovae,63203493,Gamma-ray bursts and supernovae,Gamma-ray bursts and supernovae,0,2025
https://openalex.org/W2039822000,2014,Spectral and temporal properties of RX J0520.5-6932 (LXP 8.04) during a type-I outburst,gamma_ray_bursts_and_supernovae,Astronomy and Astrophysics,61024309,61024309,0,,W2039822000,10.1051/0004-6361/201423934,42,44,openalex_v3_query_core,0,,strict,Astrophysical Phenomena and Observations,61024309,Astrophysical Phenomena and Observations,Astrophysical Phenomena and Observations,0,2025
https://openalex.org/W3106426700,2014,"A Trio of GRB-SNe: GRB 120729A, GRB 130215A / SN 2013ez and GRB 130831A / SN 2013fu",gamma_ray_bursts_and_supernovae,Astronomy and Astrophysics,63203493,63203493,0,,W3106426700,10.48550/arxiv.1405.3114,42,6,openalex_v3_query_core,0,,strict,Gamma-ray bursts and supernovae,63203493,Gamma-ray bursts and supernovae,Gamma-ray bursts and supernovae,0,2025
https://openalex.org/W2193592701,2016,LATE TIME MULTI-WAVELENGTH OBSERVATIONS OF SWIFT J1644+5734: A LUMINOUS OPTICAL/IR BUMP AND QUIESCENT X-RAY EMISSION,gamma_ray_bursts_and_supernovae,Astronomy and Astrophysics,61024309,61024309,0,,W2193592701,10.3847/0004-637x/819/1/51,42,84,openalex_v3_query_core,0,,strict,Astrophysical Phenomena and Observations,61024309,Astrophysical Phenomena and Observations,Astrophysical Phenomena and Observations,0,2025
https://openalex.org/W2748227437,2017,Toward Rapid Transient Identification and Characterization of Kilonovae,gamma_ray_bursts_and_supernovae,Astronomy and Astrophysics,63203493,63203493,0,,W2748227437,10.3847/1538-4357/aa9114,42,58,openalex_v3_query_core,0,,strict,Gamma-ray bursts and supernovae,63203493,Gamma-ray bursts and supernovae,Gamma-ray bursts and supernovae,0,2025
https://openalex.org/W2766986426,2017,Observational artifacts of Nuclear Spectroscopic Telescope Array: ghost rays and stray light,gamma_ray_bursts_and_supernovae,Astronomy and Astrophysics,61024309,61024309,0,,W2766986426,10.1117/1.jatis.3.4.044003,42,17,openalex_v3_query_core,0,,strict,Astrophysical Phenomena and Observations,61024309,Astrophysical Phenomena and Observations,Astrophysical Phenomena and Observations,0,2025
https://openalex.org/W2881532452,2018,Cuckoo’s eggs in neutron stars: can LIGO hear chirps from the dark sector?,gamma_ray_bursts_and_supernovae,Astronomy and Astrophysics,60973087,60973087,0,,W2881532452,10.1007/jhep11(2018)096,42,80,openalex_v3_query_core,0,,strict,Pulsars and Gravitational Waves Research,60973087,Pulsars and Gravitational Waves Research,Pulsars and Gravitational Waves Research,0,2025
https://openalex.org/W2898283427,2019,"Search for Multimessenger Sources of Gravitational Waves and High-energy Neutrinos with Advanced LIGO during Its First Observing Run, ANTARES, and IceCube",gamma_ray_bursts_and_supernovae,Astronomy and Astrophysics,60973087,60973087,0,,W2898283427,10.3847/1538-4357/aaf21d,42,93,openalex_v3_query_core,0,,strict,Pulsars and Gravitational Waves Research,60973087,Pulsars and Gravitational Waves Research,Pulsars and Gravitational Waves Research,0,2025
https://openalex.org/W2922600665,2020,The Young and Nearby Normal Type Ia Supernova 2018gv: UV-optical Observations and the Earliest Spectropolarimetry,gamma_ray_bursts_and_supernovae,Astronomy and Astrophysics,63203493,63203493,0,,W2922600665,10.3847/1538-4357/aba759,42,189,openalex_v3_query_core,0,,strict,Gamma-ray bursts and supernovae,63203493,Gamma-ray bursts and supernovae,Gamma-ray bursts and supernovae,0,2025
https://openalex.org/W2970189735,2020,Faint rapid red transients from neutron star–CO white dwarf mergers,gamma_ray_bursts_and_supernovae,Astronomy and Astrophysics,63203493,63203493,0,,W2970189735,10.1093/mnras/staa507,42,69,openalex_v3_query_core,0,,strict,Gamma-ray bursts and supernovae,63203493,Gamma-ray bursts and supernovae,Gamma-ray bursts and supernovae,0,2025
https://openalex.org/W4282967044,2022,The Cosmic History of Long Gamma-Ray Bursts,gamma_ray_bursts_and_supernovae,Astronomy and Astrophysics,63203493,63203493,0,,W4282967044,10.3847/1538-4357/ac6e43,42,64,openalex_v3_query_core,0,,strict,Gamma-ray bursts and supernovae,63203493,Gamma-ray bursts and supernovae,Gamma-ray bursts and supernovae,0,2025
https://openalex.org/W4311475759,2022,Calibrating Gamma-Ray Bursts by Using a Gaussian Process with Type Ia Supernovae,gamma_ray_bursts_and_supernovae,Astronomy and Astrophysics,63203493,63203493,0,,W4311475759,10.3847/1538-4357/aca08a,42,143,openalex_v3_query_core,0,,strict,Gamma-ray bursts and supernovae,63203493,Gamma-ray bursts and supernovae,Gamma-ray bursts and supernovae,0,2025
https://openalex.org/W2017246716,1999,A Subrelativistic Shock Model for the Radio Emission of SN 1998bw,gamma_ray_bursts_and_supernovae,Astronomy and Astrophysics,63203493,63203493,0,,W2017246716,10.1086/307066,41,11,openalex_v3_query_core,0,,strict,Gamma-ray bursts and supernovae,63203493,Gamma-ray bursts and supernovae,Gamma-ray bursts and supernovae,0,2025
https://openalex.org/W1994766817,2001,Proton capture cross section of Sr isotopes and their importance for nucleosynthesis of proton-rich nuclides,gamma_ray_bursts_and_supernovae,Nuclear and High Energy Physics,60904836,60904836,0,,W1994766817,10.1103/physrevc.64.065803,41,34,openalex_v3_query_core,0,,strict,Nuclear physics research studies,60904836,Nuclear physics research studies,Nuclear physics research studies,0,2025
https://openalex.org/W2148194010,2001,"Cosmic catastrophes: supernovae, gamma-ray bursts, and adventures in hyperspace",gamma_ray_bursts_and_supernovae,Astronomy and Astrophysics,65521019,65521019,0,,W2148194010,10.5860/choice.38-2716,41,0,openalex_v3_query_core,0,,strict,Space Science and Extraterrestrial Life,65521019,Space Science and Extraterrestrial Life,Space Science and Extraterrestrial Life,0,2025
https://openalex.org/W1988531653,2003,Properties of the interstellar medium and the propagation of cosmic rays in the Galaxy,gamma_ray_bursts_and_supernovae,Nuclear and High Energy Physics,61041081,61041081,0,,W1988531653,10.1016/s0927-6505(02)00216-5,41,50,openalex_v3_query_core,0,,strict,Astrophysics and Cosmic Phenomena,61041081,Astrophysics and Cosmic Phenomena,Astrophysics and Cosmic Phenomena,0,2025
https://openalex.org/W3122155357,2004,Assessment of a high-resolution central scheme for the solution of the relativistic hydrodynamics equations,gamma_ray_bursts_and_supernovae,Computational Mechanics,60921735,60921735,0,,W3122155357,10.1051/0004-6361:20035731/pdf,41,40,openalex_v3_query_core,0,,strict,Computational Fluid Dynamics and Aerodynamics,60921735,Computational Fluid Dynamics and Aerodynamics,Computational Fluid Dynamics and Aerodynamics,0,2025
https://openalex.org/W2021588486,2005,X-ray observations of the edge-on star-forming galaxy NGC 891 and its supernova SN1986J,gamma_ray_bursts_and_supernovae,Astronomy and Astrophysics,60903922,60903922,0,,W2021588486,10.1111/j.1365-2966.2005.09336.x,41,78,openalex_v3_query_core,0,,strict,"Galaxies: Formation, Evolution, Phenomena",60903922,"Galaxies: Formation, Evolution, Phenomena","Galaxies: Formation, Evolution, Phenomena",0,2025
https://openalex.org/W2950779986,2006,GRB 051210: <i>Swift</i> detection of a short gamma ray burst,gamma_ray_bursts_and_supernovae,Astronomy and Astrophysics,63203493,63203493,0,,W2950779986,10.1051/0004-6361:20065083,41,36,openalex_v3_query_core,0,,strict,Gamma-ray bursts and supernovae,63203493,Gamma-ray bursts and supernovae,Gamma-ray bursts and supernovae,0,2025
https://openalex.org/W2121039164,2008,Pulsar kicks by anisotropic neutrino emission from quark matter in strong magnetic fields,gamma_ray_bursts_and_supernovae,Astronomy and Astrophysics,60973087,60973087,0,,W2121039164,10.1051/0004-6361:20078530,41,79,openalex_v3_query_core,0,,strict,Pulsars and Gravitational Waves Research,60973087,Pulsars and Gravitational Waves Research,Pulsars and Gravitational Waves Research,0,2025
https://openalex.org/W2142216810,2008,GRB 070610: A Curious Galactic Transient,gamma_ray_bursts_and_supernovae,Astronomy and Astrophysics,63203493,63203493,0,,W2142216810,10.1086/526407,41,61,openalex_v3_query_core,0,,strict,Gamma-ray bursts and supernovae,63203493,Gamma-ray bursts and supernovae,Gamma-ray bursts and supernovae,0,2025
https://openalex.org/W2098681604,2010,GRB 021004: Tomography of a gamma-ray burst progenitor and its host galaxy,gamma_ray_bursts_and_supernovae,Astronomy and Astrophysics,63203493,63203493,0,,W2098681604,10.1051/0004-6361/200913966,41,82,openalex_v3_query_core,0,,strict,Gamma-ray bursts and supernovae,63203493,Gamma-ray bursts and supernovae,Gamma-ray bursts and supernovae,0,2025
https://openalex.org/W2008334608,2011,Gamma-ray bursts as cosmological probes: ΛCDM vs. conformal gravity,gamma_ray_bursts_and_supernovae,Astronomy and Astrophysics,63203493,63203493,0,,W2008334608,10.1088/1475-7516/2011/10/008,41,116,openalex_v3_query_core,0,,strict,Gamma-ray bursts and supernovae,63203493,Gamma-ray bursts and supernovae,Gamma-ray bursts and supernovae,0,2025
https://openalex.org/W1641269489,2014,On binary-driven hypernovae and their nested late X-ray emission,gamma_ray_bursts_and_supernovae,Astronomy and Astrophysics,63203493,63203493,0,,W1641269489,10.1051/0004-6361/201423812,41,45,openalex_v3_query_core,0,,strict,Gamma-ray bursts and supernovae,63203493,Gamma-ray bursts and supernovae,Gamma-ray bursts and supernovae,0,2025
https://openalex.org/W2073193236,2014,Probing cosmic opacity at high redshifts with gamma-ray bursts,gamma_ray_bursts_and_supernovae,Astronomy and Astrophysics,63203493,63203493,0,,W2073193236,10.1103/physrevd.89.103517,41,86,openalex_v3_query_core,0,,strict,Gamma-ray bursts and supernovae,63203493,Gamma-ray bursts and supernovae,Gamma-ray bursts and supernovae,0,2025
https://openalex.org/W2076526414,2014,The yellow hypergiant HR 5171 A: Resolving a massive interacting binary in the common envelope phase,gamma_ray_bursts_and_supernovae,Astronomy and Astrophysics,60904056,60904056,0,,W2076526414,10.1051/0004-6361/201322421,41,101,openalex_v3_query_core,0,,strict,"Stellar, planetary, and galactic studies",60904056,"Stellar, planetary, and galactic studies","Stellar, planetary, and galactic studies",0,2025
https://openalex.org/W2167642682,2015,Fast Transients at Cosmological Distances with the SKA,gamma_ray_bursts_and_supernovae,Astronomy and Astrophysics,65469135,65469135,0,,W2167642682,10.22323/1.215.0055,41,1,openalex_v3_query_core,0,,strict,Radio Astronomy Observations and Technology,65469135,Radio Astronomy Observations and Technology,Radio Astronomy Observations and Technology,0,2025
https://openalex.org/W2404153859,2015,Stellar Explosions: Hydrodynamics and Nucleosynthesis,gamma_ray_bursts_and_supernovae,Astronomy and Astrophysics,63203493,63203493,0,,W2404153859,,41,0,openalex_v3_query_core,0,,strict,Gamma-ray bursts and supernovae,63203493,Gamma-ray bursts and supernovae,Gamma-ray bursts and supernovae,0,2025
https://openalex.org/W2209827168,2016,Gamma-ray bursts at high and very high energies,gamma_ray_bursts_and_supernovae,Astronomy and Astrophysics,63203493,63203493,0,,W2209827168,10.1016/j.crhy.2016.04.005,41,89,openalex_v3_query_core,0,,strict,Gamma-ray bursts and supernovae,63203493,Gamma-ray bursts and supernovae,Gamma-ray bursts and supernovae,0,2025
https://openalex.org/W3098523715,2016,A Dark Energy Camera Search for an Optical Counterpart to the First Advanced LIGO Gravitational Wave Event GW150914,gamma_ray_bursts_and_supernovae,Astronomy and Astrophysics,60973087,60973087,0,,W3098523715,10.48550/arxiv.1602.04198,41,37,openalex_v3_query_core,0,,strict,Pulsars and Gravitational Waves Research,60973087,Pulsars and Gravitational Waves Research,Pulsars and Gravitational Waves Research,0,2025
https://openalex.org/W2734835809,2017,The Resilience of Life to Astrophysical Events,gamma_ray_bursts_and_supernovae,Astronomy and Astrophysics,60972304,60972304,0,,W2734835809,10.1038/s41598-017-05796-x,41,29,openalex_v3_query_core,0,,strict,Planetary Science and Exploration,60972304,Planetary Science and Exploration,Planetary Science and Exploration,0,2025
https://openalex.org/W1989969441,2018,Nucleosynthesis in Supernovae,gamma_ray_bursts_and_supernovae,Astronomy and Astrophysics,63203493,63203493,0,,W1989969441,10.1007/s11214-018-0494-5,41,390,openalex_v3_query_core,0,,strict,Gamma-ray bursts and supernovae,63203493,Gamma-ray bursts and supernovae,Gamma-ray bursts and supernovae,0,2025
https://openalex.org/W2792422872,2018,Probing secret interactions of eV-scale sterile neutrinos with the diffuse supernova neutrino background,gamma_ray_bursts_and_supernovae,Nuclear and High Energy Physics,61058366,61058366,0,,W2792422872,10.1088/1475-7516/2018/06/019,41,162,openalex_v3_query_core,0,,strict,Neutrino Physics Research,61058366,Neutrino Physics Research,Neutrino Physics Research,0,2025
https://openalex.org/W2817020005,2018,Detection of Bursts from FRB 121102 with the Effelsberg 100 m Radio Telescope at 5 GHz and the Role of Scintillation,gamma_ray_bursts_and_supernovae,Astronomy and Astrophysics,60973087,60973087,0,,W2817020005,10.3847/1538-4357/aad332,41,41,openalex_v3_query_core,0,,strict,Pulsars and Gravitational Waves Research,60973087,Pulsars and Gravitational Waves Research,Pulsars and Gravitational Waves Research,0,2025
https://openalex.org/W4291288916,2018,Astronomical Distance Determination in the Space Age,gamma_ray_bursts_and_supernovae,Astronomy and Astrophysics,63203493,63203493,0,,W4291288916,10.1007/s11214-018-0466-9,41,431,openalex_v3_query_core,0,,strict,Gamma-ray bursts and supernovae,63203493,Gamma-ray bursts and supernovae,Gamma-ray bursts and supernovae,0,2025
https://openalex.org/W3000265352,2020,Evidence for ≳4 Gyr timescales of neutron star mergers from Galactic archaeology,gamma_ray_bursts_and_supernovae,Astronomy and Astrophysics,63203493,63203493,0,,W3000265352,10.1051/0004-6361/201937293/pdf,41,111,openalex_v3_query_core,0,,strict,Gamma-ray bursts and supernovae,63203493,Gamma-ray bursts and supernovae,Gamma-ray bursts and supernovae,0,2025
https://openalex.org/W3082230241,2020,Search for low-energy neutrinos from astrophysical sources with Borexino,gamma_ray_bursts_and_supernovae,Nuclear and High Energy Physics,61058366,61058366,0,,W3082230241,10.1016/j.astropartphys.2020.102509,41,70,openalex_v3_query_core,0,,strict,Neutrino Physics Research,61058366,Neutrino Physics Research,Neutrino Physics Research,0,2025
https://openalex.org/W3084434444,2020,10.4 m GTC observations of the nearby VHE-detected GRB 190829A/SN 2019oyw,gamma_ray_bursts_and_supernovae,Astronomy and Astrophysics,63203493,63203493,0,,W3084434444,10.1051/0004-6361/202039349,41,45,openalex_v3_query_core,0,,strict,Gamma-ray bursts and supernovae,63203493,Gamma-ray bursts and supernovae,Gamma-ray bursts and supernovae,0,2025
https://openalex.org/W3083900002,2021,Astrophysical hints for magnetic black holes,gamma_ray_bursts_and_supernovae,Astronomy and Astrophysics,60973087,60973087,0,,W3083900002,10.1103/physrevd.103.023006,41,128,openalex_v3_query_core,0,,strict,Pulsars and Gravitational Waves Research,60973087,Pulsars and Gravitational Waves Research,Pulsars and Gravitational Waves Research,0,2025
https://openalex.org/W3126554669,2021,The early discovery of SN 2017ahn: signatures of persistent interaction in a fast declining Type II supernova,gamma_ray_bursts_and_supernovae,Astronomy and Astrophysics,63203493,63203493,0,,W3126554669,,41,178,openalex_v3_query_core,0,,strict,Gamma-ray bursts and supernovae,63203493,Gamma-ray bursts and supernovae,Gamma-ray bursts and supernovae,0,2025
https://openalex.org/W3190428775,2021,Cosmological evolution and dark energy in osculating Barthel–Randers geometry,gamma_ray_bursts_and_supernovae,Astronomy and Astrophysics,67648975,67648975,0,,W3190428775,10.1140/epjc/s10052-021-09517-7,41,163,openalex_v3_query_core,0,,strict,Advanced Differential Geometry Research,67648975,Advanced Differential Geometry Research,Advanced Differential Geometry Research,0,2025
https://openalex.org/W3210947470,2022,MRI-driven<i>α</i>Ω dynamos in protoneutron stars,gamma_ray_bursts_and_supernovae,Astronomy and Astrophysics,60938632,60938632,0,,W3210947470,10.1051/0004-6361/202142368,41,132,openalex_v3_query_core,0,,strict,Solar and Space Plasma Dynamics,60938632,Solar and Space Plasma Dynamics,Solar and Space Plasma Dynamics,0,2025
https://openalex.org/W4376959487,2023,A radio-detected type Ia supernova with helium-rich circumstellar material,gamma_ray_bursts_and_supernovae,Astronomy and Astrophysics,63203493,63203493,0,,W4376959487,10.1038/s41586-023-05916-w,41,173,openalex_v3_query_core,0,,strict,Gamma-ray bursts and supernovae,63203493,Gamma-ray bursts and supernovae,Gamma-ray bursts and supernovae,0,2025
https://openalex.org/W4298358476,2004,Astrometric microlensing of quasars,gamma_ray_bursts_and_supernovae,Astronomy and Astrophysics,60903922,60903922,0,,W4298358476,10.1051/0004-6361:20034284,40,56,openalex_v3_query_core,0,,strict,"Galaxies: Formation, Evolution, Phenomena",60903922,"Galaxies: Formation, Evolution, Phenomena","Galaxies: Formation, Evolution, Phenomena",0,2025
https://openalex.org/W2097376193,2006,On the dynamical evolution of hotspots in powerful radio-loud active galactic nuclei,gamma_ray_bursts_and_supernovae,Nuclear and High Energy Physics,61041081,61041081,0,,W2097376193,10.1111/j.1365-2966.2006.10574.x,40,67,openalex_v3_query_core,0,,strict,Astrophysics and Cosmic Phenomena,61041081,Astrophysics and Cosmic Phenomena,Astrophysics and Cosmic Phenomena,0,2025
https://openalex.org/W2031452206,2008,Use of water-Cherenkov detectors to detect Gamma Ray Bursts at the Large Aperture GRB Observatory (LAGO),gamma_ray_bursts_and_supernovae,Nuclear and High Energy Physics,61041081,61041081,0,,W2031452206,10.1016/j.nima.2008.07.041,40,8,openalex_v3_query_core,0,,strict,Astrophysics and Cosmic Phenomena,61041081,Astrophysics and Cosmic Phenomena,Astrophysics and Cosmic Phenomena,0,2025
https://openalex.org/W2085060333,2010,The possibility of an accelerating cosmology in Rastall's theory,gamma_ray_bursts_and_supernovae,Astronomy and Astrophysics,60904838,60904838,0,,W2085060333,10.1088/1742-6596/222/1/012012,40,23,openalex_v3_query_core,0,,strict,Cosmology and Gravitation Theories,60904838,Cosmology and Gravitation Theories,Cosmology and Gravitation Theories,0,2025
https://openalex.org/W2126737634,2010,Spectroscopic Discovery of the Broad-Lined Type Ic Supernova 2010bh Associated with the Low-Redshift GRB 100316D,gamma_ray_bursts_and_supernovae,Astronomy and Astrophysics,63203493,63203493,0,,W2126737634,10.48550/arxiv.1004.2262,40,0,openalex_v3_query_core,0,,strict,Gamma-ray bursts and supernovae,63203493,Gamma-ray bursts and supernovae,Gamma-ray bursts and supernovae,0,2025
https://openalex.org/W2197371657,2010,"The First Release of the CSTAR Point Source Catalog from Dome A, Antarctica",gamma_ray_bursts_and_supernovae,Computational Mechanics,69913968,69913968,0,,W2197371657,10.1086/651526,40,0,openalex_v3_query_core,0,,strict,Astronomical Observations and Instrumentation,69913968,Astronomical Observations and Instrumentation,Astronomical Observations and Instrumentation,0,2025
https://openalex.org/W2056362430,2012,Effects of high-energy astrophysical events on habitable planets,gamma_ray_bursts_and_supernovae,Astronomy and Astrophysics,63203493,63203493,0,,W2056362430,10.1017/s1473550412000304,40,56,openalex_v3_query_core,0,,strict,Gamma-ray bursts and supernovae,63203493,Gamma-ray bursts and supernovae,Gamma-ray bursts and supernovae,0,2025
https://openalex.org/W3125551346,2012,Detecting Variability in Massive Astronomical Time-Series Data I: application of an infinite Gaussian mixture model,gamma_ray_bursts_and_supernovae,Artificial Intelligence,63306195,63306195,0,,W3125551346,,40,56,openalex_v3_query_core,0,,strict,Bayesian Methods and Mixture Models,63306195,Bayesian Methods and Mixture Models,Bayesian Methods and Mixture Models,0,2025
https://openalex.org/W1987501243,2014,Lattice template placement for coherent all-sky searches for gravitational-wave pulsars,gamma_ray_bursts_and_supernovae,Astronomy and Astrophysics,60973087,60973087,0,,W1987501243,10.1103/physrevd.90.122010,40,44,openalex_v3_query_core,0,,strict,Pulsars and Gravitational Waves Research,60973087,Pulsars and Gravitational Waves Research,Pulsars and Gravitational Waves Research,0,2025
https://openalex.org/W2018337965,2014,Radial dependence of line profile variability in seven O9–B0.5 stars,gamma_ray_bursts_and_supernovae,Astronomy and Astrophysics,60904056,60904056,0,,W2018337965,10.1051/0004-6361/201423882,40,49,openalex_v3_query_core,0,,strict,"Stellar, planetary, and galactic studies",60904056,"Stellar, planetary, and galactic studies","Stellar, planetary, and galactic studies",0,2025
https://openalex.org/W2089154017,2014,Evidence for dust destruction from the early-time colour change of GRB 120119A,gamma_ray_bursts_and_supernovae,Astronomy and Astrophysics,63203493,63203493,0,,W2089154017,10.1093/mnras/stu344,40,113,openalex_v3_query_core,0,,strict,Gamma-ray bursts and supernovae,63203493,Gamma-ray bursts and supernovae,Gamma-ray bursts and supernovae,0,2025
https://openalex.org/W2144938647,2014,Radio limits on off-axis GRB afterglows and VLBI observations of SN 2003gk,gamma_ray_bursts_and_supernovae,Astronomy and Astrophysics,63203493,63203493,0,,W2144938647,10.1093/mnras/stu246,40,113,openalex_v3_query_core,0,,strict,Gamma-ray bursts and supernovae,63203493,Gamma-ray bursts and supernovae,Gamma-ray bursts and supernovae,0,2025
https://openalex.org/W2461006337,2016,Highly Luminous Supernovae associated with Gamma-Ray Bursts I.: GRB 111209A/SN 2011kl in the Context of Stripped-Envelope and Superluminous Supernovae,gamma_ray_bursts_and_supernovae,Astronomy and Astrophysics,63203493,63203493,0,,W2461006337,10.48550/arxiv.1606.06791,40,239,openalex_v3_query_core,0,,strict,Gamma-ray bursts and supernovae,63203493,Gamma-ray bursts and supernovae,Gamma-ray bursts and supernovae,0,2025
https://openalex.org/W2604403693,2017,Wolf-Rayet spin at low metallicity and its implication for black hole formation channels,gamma_ray_bursts_and_supernovae,Astronomy and Astrophysics,63203493,63203493,0,,W2604403693,10.1051/0004-6361/201730503,40,127,openalex_v3_query_core,0,,strict,Gamma-ray bursts and supernovae,63203493,Gamma-ray bursts and supernovae,Gamma-ray bursts and supernovae,0,2025
https://openalex.org/W2805898223,2018,Type II supernovae in low-luminosity host galaxies,gamma_ray_bursts_and_supernovae,Astronomy and Astrophysics,63203493,63203493,0,,W2805898223,10.1093/mnras/sty1581,40,74,openalex_v3_query_core,0,,strict,Gamma-ray bursts and supernovae,63203493,Gamma-ray bursts and supernovae,Gamma-ray bursts and supernovae,0,2025
https://openalex.org/W2886660582,2019,Constraints on Minute-Scale Transient Astrophysical Neutrino Sources,gamma_ray_bursts_and_supernovae,Nuclear and High Energy Physics,61041081,61041081,0,,W2886660582,10.1103/physrevlett.122.051102,40,74,openalex_v3_query_core,0,,strict,Astrophysics and Cosmic Phenomena,61041081,Astrophysics and Cosmic Phenomena,Astrophysics and Cosmic Phenomena,0,2025
https://openalex.org/W2905444596,2019,Observations of SN 2017ein Reveal Shock Breakout Emission and a Massive Progenitor Star for a Type Ic Supernova,gamma_ray_bursts_and_supernovae,Astronomy and Astrophysics,63203493,63203493,0,,W2905444596,10.3847/1538-4357/aaf8b0,40,98,openalex_v3_query_core,0,,strict,Gamma-ray bursts and supernovae,63203493,Gamma-ray bursts and supernovae,Gamma-ray bursts and supernovae,0,2025
https://openalex.org/W2930248662,2019,The abundance and physical properties of O vii and O viii X-ray absorption systems in the EAGLE simulations,gamma_ray_bursts_and_supernovae,Astronomy and Astrophysics,63203493,63203493,0,,W2930248662,10.1093/mnras/stz1762,40,98,openalex_v3_query_core,0,,strict,Gamma-ray bursts and supernovae,63203493,Gamma-ray bursts and supernovae,Gamma-ray bursts and supernovae,0,2025
https://openalex.org/W3008813897,2020,The effect of the environment-dependent IMF on the formation and metallicities of stars over the cosmic history,gamma_ray_bursts_and_supernovae,Astronomy and Astrophysics,60904056,60904056,0,,W3008813897,10.1051/0004-6361/202037688,40,95,openalex_v3_query_core,0,,strict,"Stellar, planetary, and galactic studies",60904056,"Stellar, planetary, and galactic studies","Stellar, planetary, and galactic studies",0,2025
https://openalex.org/W3014188352,2020,Luminosity–duration relations and luminosity functions of repeating and non-repeating fast radio bursts,gamma_ray_bursts_and_supernovae,Astronomy and Astrophysics,60973087,60973087,0,,W3014188352,10.1093/mnras/staa895,40,139,openalex_v3_query_core,0,,strict,Pulsars and Gravitational Waves Research,60973087,Pulsars and Gravitational Waves Research,Pulsars and Gravitational Waves Research,0,2025
https://openalex.org/W3021539296,2020,Studying the environment of AT 2018cow with MUSE,gamma_ray_bursts_and_supernovae,Astronomy and Astrophysics,63203493,63203493,0,,W3021539296,10.1093/mnras/staa1243,40,109,openalex_v3_query_core,0,,strict,Gamma-ray bursts and supernovae,63203493,Gamma-ray bursts and supernovae,Gamma-ray bursts and supernovae,0,2025
https://openalex.org/W3097121671,2021,Discovery of a Fast Iron Low-ionization Outflow in the Early Evolution of the Nearby Tidal Disruption Event AT 2019qiz,gamma_ray_bursts_and_supernovae,Astronomy and Astrophysics,63203493,63203493,0,,W3097121671,10.3847/1538-4357/abf4c3,40,99,openalex_v3_query_core,0,,strict,Gamma-ray bursts and supernovae,63203493,Gamma-ray bursts and supernovae,Gamma-ray bursts and supernovae,0,2025
https://openalex.org/W3186185979,2021,The B-type binaries characterization programme I. Orbital solutions for the 30 Doradus population,gamma_ray_bursts_and_supernovae,Astronomy and Astrophysics,63203493,63203493,0,,W3186185979,10.1093/mnras/stab2197,40,109,openalex_v3_query_core,0,,strict,Gamma-ray bursts and supernovae,63203493,Gamma-ray bursts and supernovae,Gamma-ray bursts and supernovae,0,2025
https://openalex.org/W3195434238,2021,Search for Gravitational Waves Associated with Gamma-Ray Bursts Detected by Fermi and Swift during the LIGO-Virgo Run O3a,gamma_ray_bursts_and_supernovae,Astronomy and Astrophysics,63203493,63203493,0,,W3195434238,10.15488/11383,40,187,openalex_v3_query_core,0,,strict,Gamma-ray bursts and supernovae,63203493,Gamma-ray bursts and supernovae,Gamma-ray bursts and supernovae,0,2025
https://openalex.org/W3210547744,2021,Thermal Electrons in Mildly Relativistic Synchrotron Blast Waves,gamma_ray_bursts_and_supernovae,Nuclear and High Energy Physics,61041081,61041081,0,,W3210547744,10.3847/2041-8213/ac3d97,40,70,openalex_v3_query_core,0,,strict,Astrophysics and Cosmic Phenomena,61041081,Astrophysics and Cosmic Phenomena,Astrophysics and Cosmic Phenomena,0,2025
https://openalex.org/W4361216445,2023,The Optical Light Curve of GRB 221009A: The Afterglow and the Emerging Supernova,gamma_ray_bursts_and_supernovae,Astronomy and Astrophysics,63203493,63203493,0,,W4361216445,10.3847/2041-8213/acc101,40,60,openalex_v3_query_core,0,,strict,Gamma-ray bursts and supernovae,63203493,Gamma-ray bursts and supernovae,Gamma-ray bursts and supernovae,0,2025
https://openalex.org/W4385294283,2023,Delayed appearance and evolution of coronal lines in the TDE AT2019qiz,gamma_ray_bursts_and_supernovae,Astronomy and Astrophysics,61024309,61024309,0,,W4385294283,10.1093/mnras/stad2270,40,97,openalex_v3_query_core,0,,strict,Astrophysical Phenomena and Observations,61024309,Astrophysical Phenomena and Observations,Astrophysical Phenomena and Observations,0,2025
https://openalex.org/W4386288938,2023,A comprehensive discussion for the identification of cracking points in f(R) theories of gravity,gamma_ray_bursts_and_supernovae,Astronomy and Astrophysics,60904838,60904838,0,,W4386288938,10.1140/epjc/s10052-023-11940-x,40,111,openalex_v3_query_core,0,,strict,Cosmology and Gravitation Theories,60904838,Cosmology and Gravitation Theories,Cosmology and Gravitation Theories,0,2025
https://openalex.org/W4391614883,2024,Microlensing of Strongly Lensed Quasars,gamma_ray_bursts_and_supernovae,Astronomy and Astrophysics,60903922,60903922,0,,W4391614883,10.1007/s11214-024-01043-8,40,458,openalex_v3_query_core,0,,strict,"Galaxies: Formation, Evolution, Phenomena",60903922,"Galaxies: Formation, Evolution, Phenomena","Galaxies: Formation, Evolution, Phenomena",0,2025
https://openalex.org/W4402901230,2024,Glimmers from the axiverse,gamma_ray_bursts_and_supernovae,Nuclear and High Energy Physics,63152924,63152924,0,,W4402901230,10.1088/1475-7516/2024/09/071,40,134,openalex_v3_query_core,0,,strict,Dark Matter and Cosmic Phenomena,63152924,Dark Matter and Cosmic Phenomena,Dark Matter and Cosmic Phenomena,0,2025
https://openalex.org/W2147653814,2003,SCUBA observations of the host galaxies of four dark gamma-ray bursts,gamma_ray_bursts_and_supernovae,Astronomy and Astrophysics,63203493,63203493,0,,W2147653814,10.1046/j.1365-8711.2003.05860.x,39,51,openalex_v3_query_core,0,,strict,Gamma-ray bursts and supernovae,63203493,Gamma-ray bursts and supernovae,Gamma-ray bursts and supernovae,0,2025
https://openalex.org/W2018786459,2006,Hydrogen in Type Ic Supernovae?,gamma_ray_bursts_and_supernovae,Astronomy and Astrophysics,63203493,63203493,0,,W2018786459,10.1086/505548,39,34,openalex_v3_query_core,0,,strict,Gamma-ray bursts and supernovae,63203493,Gamma-ray bursts and supernovae,Gamma-ray bursts and supernovae,0,2025
https://openalex.org/W2110837232,2008,A Search for New Galactic Magnetars in Archival<i>Chandra</i>and<i>XMM‐Newton</i>Observations,gamma_ray_bursts_and_supernovae,Astronomy and Astrophysics,60973087,60973087,0,,W2110837232,10.1086/527316,39,116,openalex_v3_query_core,0,,strict,Pulsars and Gravitational Waves Research,60973087,Pulsars and Gravitational Waves Research,Pulsars and Gravitational Waves Research,0,2025
https://openalex.org/W1916227717,2009,Statistical techniques in cosmology,gamma_ray_bursts_and_supernovae,Mathematical Physics,69981823,69981823,0,,W1916227717,10.48550/arxiv.0906.0664,39,5,openalex_v3_query_core,0,,strict,Advanced Mathematical Theories,69981823,Advanced Mathematical Theories,Advanced Mathematical Theories,0,2025
https://openalex.org/W2126735118,2011,Evidence for a proto-black hole and a double astrophysical component in GRB 101023,gamma_ray_bursts_and_supernovae,Astronomy and Astrophysics,63203493,63203493,0,,W2126735118,10.1051/0004-6361/201118403,39,72,openalex_v3_query_core,0,,strict,Gamma-ray bursts and supernovae,63203493,Gamma-ray bursts and supernovae,Gamma-ray bursts and supernovae,0,2025
https://openalex.org/W1679538473,2012,Observing the First Galaxies,gamma_ray_bursts_and_supernovae,Astronomy and Astrophysics,60903922,60903922,0,,W1679538473,10.1007/978-3-642-32362-1_5,39,300,openalex_v3_query_core,0,,strict,"Galaxies: Formation, Evolution, Phenomena",60903922,"Galaxies: Formation, Evolution, Phenomena","Galaxies: Formation, Evolution, Phenomena",0,2025
https://openalex.org/W2153896404,2012,Radiation Magnetohydrodynamics for Black Hole-Torus System in Full General Relativity: A Step toward Physical Simulation,gamma_ray_bursts_and_supernovae,Astronomy and Astrophysics,60973087,60973087,0,,W2153896404,10.1143/ptp.127.535,39,14,openalex_v3_query_core,0,,strict,Pulsars and Gravitational Waves Research,60973087,Pulsars and Gravitational Waves Research,Pulsars and Gravitational Waves Research,0,2025
https://openalex.org/W3102602526,2012,Constraining dark energy with gamma-ray bursts,gamma_ray_bursts_and_supernovae,Astronomy and Astrophysics,63203493,63203493,0,,W3102602526,,39,134,openalex_v3_query_core,0,,strict,Gamma-ray bursts and supernovae,63203493,Gamma-ray bursts and supernovae,Gamma-ray bursts and supernovae,0,2025
https://openalex.org/W1578838488,2014,Multimessenger search for sources of gravitational waves and high-energy neutrinos: Initial results for LIGO-Virgo and IceCube,gamma_ray_bursts_and_supernovae,Nuclear and High Energy Physics,61041081,61041081,0,,W1578838488,10.1103/physrevd.90.102002,39,154,openalex_v3_query_core,0,,strict,Astrophysics and Cosmic Phenomena,61041081,Astrophysics and Cosmic Phenomena,Astrophysics and Cosmic Phenomena,0,2025
https://openalex.org/W2108996382,2014,Neutrinos in core-collapse supernovae and nucleosynthesis,gamma_ray_bursts_and_supernovae,Nuclear and High Energy Physics,61058366,61058366,0,,W2108996382,10.1088/0954-3899/41/4/044007,39,268,openalex_v3_query_core,0,,strict,Neutrino Physics Research,61058366,Neutrino Physics Research,Neutrino Physics Research,0,2025
https://openalex.org/W1830199916,2015,A closer look at interacting dark energy with statefinder hierarchy and growth rate of structure,gamma_ray_bursts_and_supernovae,Astronomy and Astrophysics,60904838,60904838,0,,W1830199916,10.1088/1475-7516/2015/09/024,39,87,openalex_v3_query_core,0,,strict,Cosmology and Gravitation Theories,60904838,Cosmology and Gravitation Theories,Cosmology and Gravitation Theories,0,2025
https://openalex.org/W2258831162,2015,Insights into tidal disruption of stars from PS1-10jh,gamma_ray_bursts_and_supernovae,Astronomy and Astrophysics,61024309,61024309,0,,W2258831162,10.1093/mnras/stv2081,39,95,openalex_v3_query_core,0,,strict,Astrophysical Phenomena and Observations,61024309,Astrophysical Phenomena and Observations,Astrophysical Phenomena and Observations,0,2025
https://openalex.org/W2260321743,2016,The speed of Galileon gravity,gamma_ray_bursts_and_supernovae,Astronomy and Astrophysics,60973087,60973087,0,,W2260321743,10.1088/1475-7516/2016/03/004,39,36,openalex_v3_query_core,0,,strict,Pulsars and Gravitational Waves Research,60973087,Pulsars and Gravitational Waves Research,Pulsars and Gravitational Waves Research,0,2025
https://openalex.org/W2304262237,2016,"GRB/GW ASSOCIATION: LONG–SHORT GRB CANDIDATES, TIME LAG, MEASURING GRAVITATIONAL WAVE VELOCITY, AND TESTING EINSTEIN’S EQUIVALENCE PRINCIPLE",gamma_ray_bursts_and_supernovae,Astronomy and Astrophysics,63203493,63203493,0,,W2304262237,10.3847/0004-637x/827/1/75,39,169,openalex_v3_query_core,0,,strict,Gamma-ray bursts and supernovae,63203493,Gamma-ray bursts and supernovae,Gamma-ray bursts and supernovae,0,2025
https://openalex.org/W2562528134,2017,Turbulent Magnetic Relaxation in Pulsar Wind Nebulae,gamma_ray_bursts_and_supernovae,Astronomy and Astrophysics,60973087,60973087,0,,W2562528134,10.3847/1538-4357/aa826d,39,104,openalex_v3_query_core,0,,strict,Pulsars and Gravitational Waves Research,60973087,Pulsars and Gravitational Waves Research,Pulsars and Gravitational Waves Research,0,2025
https://openalex.org/W2775403940,2018,Studying the Ultraviolet Spectrum of the First Spectroscopically Confirmed Supernova at Redshift Two,gamma_ray_bursts_and_supernovae,Astronomy and Astrophysics,63203493,63203493,0,,W2775403940,10.3847/1538-4357/aaa126,39,96,openalex_v3_query_core,0,,strict,Gamma-ray bursts and supernovae,63203493,Gamma-ray bursts and supernovae,Gamma-ray bursts and supernovae,0,2025
https://openalex.org/W3101304858,2018,Eddington Bias for Cosmic Neutrino Sources,gamma_ray_bursts_and_supernovae,Nuclear and High Energy Physics,61041081,61041081,0,,W3101304858,10.1051/0004-6361/201834750/pdf,39,36,openalex_v3_query_core,0,,strict,Astrophysics and Cosmic Phenomena,61041081,Astrophysics and Cosmic Phenomena,Astrophysics and Cosmic Phenomena,0,2025
https://openalex.org/W2905937851,2019,Fire in the Heart: A Characterization of the High Kinetic Temperatures and Heating Sources in the Nucleus of NGC 253,gamma_ray_bursts_and_supernovae,Astronomy and Astrophysics,60973222,60973222,0,,W2905937851,10.3847/1538-4357/aafa15,39,63,openalex_v3_query_core,0,,strict,Astrophysics and Star Formation Studies,60973222,Astrophysics and Star Formation Studies,Astrophysics and Star Formation Studies,0,2025
https://openalex.org/W2969073351,2019,The Compton Spectrometer and Imager,gamma_ray_bursts_and_supernovae,Astronomy and Astrophysics,63203493,63203493,0,,W2969073351,10.48550/arxiv.1908.04334,39,24,openalex_v3_query_core,0,,strict,Gamma-ray bursts and supernovae,63203493,Gamma-ray bursts and supernovae,Gamma-ray bursts and supernovae,0,2025
https://openalex.org/W3104016430,2019,Investigation of two Fermi-LAT gamma-ray blazars coincident with high-energy neutrinos detected by IceCube,gamma_ray_bursts_and_supernovae,Nuclear and High Energy Physics,61041081,61041081,0,,W3104016430,10.48550/arxiv.1901.10806,39,101,openalex_v3_query_core,0,,strict,Astrophysics and Cosmic Phenomena,61041081,Astrophysics and Cosmic Phenomena,Astrophysics and Cosmic Phenomena,0,2025
https://openalex.org/W3019747092,2020,Lifting the core-collapse supernova bounds on keV-mass sterile neutrinos,gamma_ray_bursts_and_supernovae,Nuclear and High Energy Physics,61058366,61058366,0,,W3019747092,10.1088/1475-7516/2020/08/018,39,66,openalex_v3_query_core,0,,strict,Neutrino Physics Research,61058366,Neutrino Physics Research,Neutrino Physics Research,0,2025
https://openalex.org/W3031137184,2020,Shock within a shock: revisiting the radio flares of NS merger ejecta and gamma-ray burst-supernovae,gamma_ray_bursts_and_supernovae,Astronomy and Astrophysics,63203493,63203493,0,,W3031137184,10.1093/mnras/staa1486,39,185,openalex_v3_query_core,0,,strict,Gamma-ray bursts and supernovae,63203493,Gamma-ray bursts and supernovae,Gamma-ray bursts and supernovae,0,2025
https://openalex.org/W3173992951,2021,Probing the progenitors of spinning binary black-hole mergers with long gamma-ray bursts,gamma_ray_bursts_and_supernovae,Astronomy and Astrophysics,63203493,63203493,0,,W3173992951,10.1051/0004-6361/202141979,39,137,openalex_v3_query_core,0,,strict,Gamma-ray bursts and supernovae,63203493,Gamma-ray bursts and supernovae,Gamma-ray bursts and supernovae,0,2025
https://openalex.org/W3215063514,2022,Examining Two-dimensional Luminosity–Time Correlations for Gamma-Ray Burst Radio Afterglows with VLA and ALMA,gamma_ray_bursts_and_supernovae,Astronomy and Astrophysics,63203493,63203493,0,,W3215063514,10.3847/1538-4357/ac4221,39,115,openalex_v3_query_core,0,,strict,Gamma-ray bursts and supernovae,63203493,Gamma-ray bursts and supernovae,Gamma-ray bursts and supernovae,0,2025
https://openalex.org/W4221153695,2022,Linking the rates of neutron star binaries and short gamma-ray bursts,gamma_ray_bursts_and_supernovae,Astronomy and Astrophysics,63203493,63203493,0,,W4221153695,10.1103/physrevd.105.083004,39,92,openalex_v3_query_core,0,,strict,Gamma-ray bursts and supernovae,63203493,Gamma-ray bursts and supernovae,Gamma-ray bursts and supernovae,0,2025
https://openalex.org/W4282927518,2022,Snowmass 2021 CMB-S4 White Paper,gamma_ray_bursts_and_supernovae,Artificial Intelligence,67751548,67751548,0,,W4282927518,10.2172/1872087,39,0,openalex_v3_query_core,0,,strict,Computational Physics and Python Applications,67751548,Computational Physics and Python Applications,Computational Physics and Python Applications,0,2025
https://openalex.org/W4308117298,2022,Angular-momentum Transport in Proto-neutron Stars and the Fate of Neutron Star Merger Remnants,gamma_ray_bursts_and_supernovae,Astronomy and Astrophysics,60973087,60973087,0,,W4308117298,10.3847/1538-4357/ac8b01,39,124,openalex_v3_query_core,0,,strict,Pulsars and Gravitational Waves Research,60973087,Pulsars and Gravitational Waves Research,Pulsars and Gravitational Waves Research,0,2025
https://openalex.org/W4360991107,2023,Testing dark energy models with gamma-ray bursts calibrated from the observational<i>H</i>(<i>z</i>) data through a Gaussian process,gamma_ray_bursts_and_supernovae,Astronomy and Astrophysics,63203493,63203493,0,,W4360991107,10.1093/mnras/stad838,39,134,openalex_v3_query_core,0,,strict,Gamma-ray bursts and supernovae,63203493,Gamma-ray bursts and supernovae,Gamma-ray bursts and supernovae,0,2025
https://openalex.org/W4380679934,2023,Can gravitational-wave memory help constrain binary black-hole parameters? A LISA case study,gamma_ray_bursts_and_supernovae,Astronomy and Astrophysics,60973087,60973087,0,,W4380679934,10.1103/physrevd.107.124033,39,136,openalex_v3_query_core,0,,strict,Pulsars and Gravitational Waves Research,60973087,Pulsars and Gravitational Waves Research,Pulsars and Gravitational Waves Research,0,2025
https://openalex.org/W4385925630,2023,A massive helium star with a sufficiently strong magnetic field to form a magnetar,gamma_ray_bursts_and_supernovae,Astronomy and Astrophysics,60904056,60904056,0,,W4385925630,10.1126/science.ade3293,39,111,openalex_v3_query_core,0,,strict,"Stellar, planetary, and galactic studies",60904056,"Stellar, planetary, and galactic studies","Stellar, planetary, and galactic studies",0,2025
https://openalex.org/W4386887140,2023,Subtracting compact binary foregrounds to search for subdominant gravitational-wave backgrounds in next-generation ground-based observatories,gamma_ray_bursts_and_supernovae,Astronomy and Astrophysics,60973087,60973087,0,,W4386887140,10.1103/physrevd.108.064040,39,130,openalex_v3_query_core,0,,strict,Pulsars and Gravitational Waves Research,60973087,Pulsars and Gravitational Waves Research,Pulsars and Gravitational Waves Research,0,2025
https://openalex.org/W4390753093,2024,Large Neutrino Secret Interactions Have a Small Impact on Supernovae,gamma_ray_bursts_and_supernovae,Nuclear and High Energy Physics,61041081,61041081,0,,W4390753093,10.1103/physrevlett.132.021002,39,45,openalex_v3_query_core,0,,strict,Astrophysics and Cosmic Phenomena,61041081,Astrophysics and Cosmic Phenomena,Astrophysics and Cosmic Phenomena,0,2025
https://openalex.org/W4390941343,2024,Proposed Host Galaxies of Repeating Fast Radio Burst Sources Detected by CHIME/FRB,gamma_ray_bursts_and_supernovae,Astronomy and Astrophysics,60973087,60973087,0,,W4390941343,10.3847/1538-4357/ad0893,39,166,openalex_v3_query_core,0,,strict,Pulsars and Gravitational Waves Research,60973087,Pulsars and Gravitational Waves Research,Pulsars and Gravitational Waves Research,0,2025
https://openalex.org/W4406665424,2025,A Repeating Fast Radio Burst Source in the Outskirts of a Quiescent Galaxy,gamma_ray_bursts_and_supernovae,Astronomy and Astrophysics,60973087,60973087,0,,W4406665424,10.3847/2041-8213/ad9ddc,39,134,openalex_v3_query_core,0,,strict,Pulsars and Gravitational Waves Research,60973087,Pulsars and Gravitational Waves Research,Pulsars and Gravitational Waves Research,0,2025
https://openalex.org/W2015822289,2000,Compton dragged gamma-ray bursts: the spectrum,gamma_ray_bursts_and_supernovae,Astronomy and Astrophysics,63203493,63203493,0,,W2015822289,10.1046/j.1365-8711.2000.03821.x,38,16,openalex_v3_query_core,0,,strict,Gamma-ray bursts and supernovae,63203493,Gamma-ray bursts and supernovae,Gamma-ray bursts and supernovae,0,2025
https://openalex.org/W1993165943,2004,Amount of intergalactic dust: constraints from distant supernovae and the thermal history of the intergalactic medium,gamma_ray_bursts_and_supernovae,Astronomy and Astrophysics,60903922,60903922,0,,W1993165943,10.1111/j.1365-2966.2004.07686.x,38,88,openalex_v3_query_core,0,,strict,"Galaxies: Formation, Evolution, Phenomena",60903922,"Galaxies: Formation, Evolution, Phenomena","Galaxies: Formation, Evolution, Phenomena",0,2025
https://openalex.org/W1974772928,2006,Observations of the intense and ultra-long burst GRB 041219a with the Germanium spectrometer on INTEGRAL,gamma_ray_bursts_and_supernovae,Astronomy and Astrophysics,63203493,63203493,0,,W1974772928,10.1051/0004-6361:20065203,38,86,openalex_v3_query_core,0,,strict,Gamma-ray bursts and supernovae,63203493,Gamma-ray bursts and supernovae,Gamma-ray bursts and supernovae,0,2025
https://openalex.org/W1771047092,2008,On contamination and completeness in z≥ 5 Lyman-break galaxy surveys,gamma_ray_bursts_and_supernovae,Astronomy and Astrophysics,60903922,60903922,0,,W1771047092,10.1111/j.1365-2966.2008.12853.x,38,71,openalex_v3_query_core,0,,strict,"Galaxies: Formation, Evolution, Phenomena",60903922,"Galaxies: Formation, Evolution, Phenomena","Galaxies: Formation, Evolution, Phenomena",0,2025
https://openalex.org/W1972474135,2008,Mass loss and the evolution of massive stars,gamma_ray_bursts_and_supernovae,Astronomy and Astrophysics,63203493,63203493,0,,W1972474135,10.1016/j.newar.2008.06.008,38,50,openalex_v3_query_core,0,,strict,Gamma-ray bursts and supernovae,63203493,Gamma-ray bursts and supernovae,Gamma-ray bursts and supernovae,0,2025
https://openalex.org/W2001142307,2008,DO THE PHOTOMETRIC COLORS OF TYPE II-P SUPERNOVAE ALLOW ACCURATE DETERMINATION OF HOST GALAXY EXTINCTION?,gamma_ray_bursts_and_supernovae,Astronomy and Astrophysics,63203493,63203493,0,,W2001142307,10.1088/0004-6256/137/1/34,38,31,openalex_v3_query_core,0,,strict,Gamma-ray bursts and supernovae,63203493,Gamma-ray bursts and supernovae,Gamma-ray bursts and supernovae,0,2025
https://openalex.org/W2093164189,2009,High energy neutrinos from charm in astrophysical sources,gamma_ray_bursts_and_supernovae,Nuclear and High Energy Physics,61041081,61041081,0,,W2093164189,10.1103/physrevd.79.053006,38,39,openalex_v3_query_core,0,,strict,Astrophysics and Cosmic Phenomena,61041081,Astrophysics and Cosmic Phenomena,Astrophysics and Cosmic Phenomena,0,2025
https://openalex.org/W2055537297,2011,SUB-PHOTOSPHERIC EMISSION FROM RELATIVISTIC RADIATION MEDIATED SHOCKS IN GRBs,gamma_ray_bursts_and_supernovae,Astronomy and Astrophysics,63203493,63203493,0,,W2055537297,10.1088/0004-637x/733/2/85,38,53,openalex_v3_query_core,0,,strict,Gamma-ray bursts and supernovae,63203493,Gamma-ray bursts and supernovae,Gamma-ray bursts and supernovae,0,2025
https://openalex.org/W2094215180,2012,Multimessenger science reach and analysis method for common sources of gravitational waves and high-energy neutrinos,gamma_ray_bursts_and_supernovae,Nuclear and High Energy Physics,61041081,61041081,0,,W2094215180,10.1103/physrevd.85.103004,38,97,openalex_v3_query_core,0,,strict,Astrophysics and Cosmic Phenomena,61041081,Astrophysics and Cosmic Phenomena,Astrophysics and Cosmic Phenomena,0,2025
https://openalex.org/W4297015990,2013,Spectroscopic and physical parameters of Galactic O-type stars,gamma_ray_bursts_and_supernovae,Astronomy and Astrophysics,60904056,60904056,0,,W4297015990,10.1051/0004-6361/201322661,38,61,openalex_v3_query_core,0,,strict,"Stellar, planetary, and galactic studies",60904056,"Stellar, planetary, and galactic studies","Stellar, planetary, and galactic studies",0,2025
https://openalex.org/W2293087208,2016,The delay time distribution of massive double compact star mergers,gamma_ray_bursts_and_supernovae,Astronomy and Astrophysics,60973087,60973087,0,,W2293087208,10.1051/0004-6361/201628193,38,29,openalex_v3_query_core,0,,strict,Pulsars and Gravitational Waves Research,60973087,Pulsars and Gravitational Waves Research,Pulsars and Gravitational Waves Research,0,2025
https://openalex.org/W2580055825,2017,Constraining the Age of a Magnetar Possibly Associated with FRB 121102,gamma_ray_bursts_and_supernovae,Astronomy and Astrophysics,60973087,60973087,0,,W2580055825,10.3847/2041-8213/aa6af2,38,72,openalex_v3_query_core,0,,strict,Pulsars and Gravitational Waves Research,60973087,Pulsars and Gravitational Waves Research,Pulsars and Gravitational Waves Research,0,2025
https://openalex.org/W3104286201,2017,Black Hole Hyperaccretion Inflow-Outflow Model. I. Long and Ultra-long Gamma-Ray Bursts,gamma_ray_bursts_and_supernovae,Astronomy and Astrophysics,63203493,63203493,0,,W3104286201,,38,99,openalex_v3_query_core,0,,strict,Gamma-ray bursts and supernovae,63203493,Gamma-ray bursts and supernovae,Gamma-ray bursts and supernovae,0,2025
https://openalex.org/W2623273575,2018,Constraining high-energy neutrino emission from choked jets in stripped-envelope supernovae,gamma_ray_bursts_and_supernovae,Nuclear and High Energy Physics,61041081,61041081,0,,W2623273575,10.1088/1475-7516/2018/01/025,38,63,openalex_v3_query_core,0,,strict,Astrophysics and Cosmic Phenomena,61041081,Astrophysics and Cosmic Phenomena,Astrophysics and Cosmic Phenomena,0,2025
https://openalex.org/W3106347097,2018,GRB171205A/SN2017iuk: A local low-luminosity gamma-ray burst,gamma_ray_bursts_and_supernovae,Astronomy and Astrophysics,63203493,63203493,0,,W3106347097,10.48550/arxiv.1810.03339,38,103,openalex_v3_query_core,0,,strict,Gamma-ray bursts and supernovae,63203493,Gamma-ray bursts and supernovae,Gamma-ray bursts and supernovae,0,2025
https://openalex.org/W2890065774,2019,Eddington bias for cosmic neutrino sources,gamma_ray_bursts_and_supernovae,Nuclear and High Energy Physics,61058366,61058366,0,,W2890065774,10.1051/0004-6361/201834750,38,25,openalex_v3_query_core,0,,strict,Neutrino Physics Research,61058366,Neutrino Physics Research,Neutrino Physics Research,0,2025
https://openalex.org/W2913741577,2019,The ν-process with Fully Time-dependent Supernova Neutrino Emission Spectra,gamma_ray_bursts_and_supernovae,Nuclear and High Energy Physics,61058366,61058366,0,,W2913741577,10.3847/1538-4357/ab17e2,38,66,openalex_v3_query_core,0,,strict,Neutrino Physics Research,61058366,Neutrino Physics Research,Neutrino Physics Research,0,2025
https://openalex.org/W2932420753,2019,The Super-Kamiokande experiment,gamma_ray_bursts_and_supernovae,Nuclear and High Energy Physics,61058366,61058366,0,,W2932420753,10.1140/epjc/s10052-019-6796-2,38,61,openalex_v3_query_core,0,,strict,Neutrino Physics Research,61058366,Neutrino Physics Research,Neutrino Physics Research,0,2025
https://openalex.org/W2950067582,2019,Building the Evryscope: Hardware Design and Performance,gamma_ray_bursts_and_supernovae,Astronomy and Astrophysics,63203493,63203493,0,,W2950067582,10.1088/1538-3873/ab19d0,38,33,openalex_v3_query_core,0,,strict,Gamma-ray bursts and supernovae,63203493,Gamma-ray bursts and supernovae,Gamma-ray bursts and supernovae,0,2025
https://openalex.org/W3025371424,2020,The host galaxies of 106 rapidly evolving transients discovered by the Dark Energy Survey,gamma_ray_bursts_and_supernovae,Astronomy and Astrophysics,60903922,60903922,0,,W3025371424,10.1093/mnras/staa2474,38,192,openalex_v3_query_core,0,,strict,"Galaxies: Formation, Evolution, Phenomena",60903922,"Galaxies: Formation, Evolution, Phenomena","Galaxies: Formation, Evolution, Phenomena",0,2025
https://openalex.org/W3095426646,2021,Search for Gravitational Waves Associated with Gamma-Ray Bursts Detected by Fermi and Swift during the LIGO–Virgo Run O3a,gamma_ray_bursts_and_supernovae,Astronomy and Astrophysics,63203493,63203493,0,,W3095426646,10.3847/1538-4357/abee15,38,138,openalex_v3_query_core,0,,strict,Gamma-ray bursts and supernovae,63203493,Gamma-ray bursts and supernovae,Gamma-ray bursts and supernovae,0,2025
https://openalex.org/W3096183115,2021,Cosmology with gravitationally lensed repeating fast radio bursts,gamma_ray_bursts_and_supernovae,Astronomy and Astrophysics,60973087,60973087,0,,W3096183115,10.1051/0004-6361/202038248/pdf,38,65,openalex_v3_query_core,0,,strict,Pulsars and Gravitational Waves Research,60973087,Pulsars and Gravitational Waves Research,Pulsars and Gravitational Waves Research,0,2025
https://openalex.org/W3198936096,2021,511 keV excess and primordial black holes,gamma_ray_bursts_and_supernovae,Astronomy and Astrophysics,60903922,60903922,0,,W3198936096,10.1103/physrevd.104.063033,38,128,openalex_v3_query_core,0,,strict,"Galaxies: Formation, Evolution, Phenomena",60903922,"Galaxies: Formation, Evolution, Phenomena","Galaxies: Formation, Evolution, Phenomena",0,2025
https://openalex.org/W3201930797,2021,Revisiting the cosmic distance duality relation with machine learning reconstruction methods: the combination of HII galaxies and ultra-compact radio quasars,gamma_ray_bursts_and_supernovae,Astronomy and Astrophysics,60903922,60903922,0,,W3201930797,10.1140/epjc/s10052-021-09713-5,38,61,openalex_v3_query_core,0,,strict,"Galaxies: Formation, Evolution, Phenomena",60903922,"Galaxies: Formation, Evolution, Phenomena","Galaxies: Formation, Evolution, Phenomena",0,2025
https://openalex.org/W4280534595,2022,Improved stellar limits on a light CP-even scalar,gamma_ray_bursts_and_supernovae,Nuclear and High Energy Physics,63152924,63152924,0,,W4280534595,10.1088/1475-7516/2022/12/024,38,194,openalex_v3_query_core,0,,strict,Dark Matter and Cosmic Phenomena,63152924,Dark Matter and Cosmic Phenomena,Dark Matter and Cosmic Phenomena,0,2025
https://openalex.org/W4281641000,2022,A new scenario for magnetar formation: Tayler-Spruit dynamo in a proto-neutron star spun up by fallback,gamma_ray_bursts_and_supernovae,Astronomy and Astrophysics,60973087,60973087,0,,W4281641000,10.1051/0004-6361/202244172,38,168,openalex_v3_query_core,0,,strict,Pulsars and Gravitational Waves Research,60973087,Pulsars and Gravitational Waves Research,Pulsars and Gravitational Waves Research,0,2025
https://openalex.org/W4380872958,2023,Constraints on the transition redshift from the calibrated gamma-ray burst <i>E</i>p–<i>E</i>iso correlation,gamma_ray_bursts_and_supernovae,Astronomy and Astrophysics,63203493,63203493,0,,W4380872958,10.1093/mnras/stad1760,38,70,openalex_v3_query_core,0,,strict,Gamma-ray bursts and supernovae,63203493,Gamma-ray bursts and supernovae,Gamma-ray bursts and supernovae,0,2025
https://openalex.org/W4389723279,2023,1100 days in the life of the supernova 2018ibb,gamma_ray_bursts_and_supernovae,Astronomy and Astrophysics,63203493,63203493,0,,W4389723279,10.1051/0004-6361/202346855,38,349,openalex_v3_query_core,0,,strict,Gamma-ray bursts and supernovae,63203493,Gamma-ray bursts and supernovae,Gamma-ray bursts and supernovae,0,2025
https://openalex.org/W4399876663,2024,A review of unsupervised learning in astronomy,gamma_ray_bursts_and_supernovae,Biophysics,63203494,63203494,0,,W4399876663,10.1016/j.ascom.2024.100851,38,386,openalex_v3_query_core,0,,strict,Spectroscopy Techniques in Biomedical and Chemical Research,63203494,Spectroscopy Techniques in Biomedical and Chemical Research,Spectroscopy Techniques in Biomedical and Chemical Research,0,2025
https://openalex.org/W4404526050,2024,Supernova Axions Convert to Gamma Rays in Magnetic Fields of Progenitor Stars,gamma_ray_bursts_and_supernovae,Nuclear and High Energy Physics,63152924,63152924,0,,W4404526050,10.1103/physrevlett.133.211002,38,144,openalex_v3_query_core,0,,strict,Dark Matter and Cosmic Phenomena,63152924,Dark Matter and Cosmic Phenomena,Dark Matter and Cosmic Phenomena,0,2025
https://openalex.org/W2145899406,1997,The evolution of high-energy-density physics: From nuclear testing to the superlasers,gamma_ray_bursts_and_supernovae,Nuclear and High Energy Physics,60956189,60956189,0,,W2145899406,10.1017/s0263034600011186,37,136,openalex_v3_query_core,0,,strict,Laser-Plasma Interactions and Diagnostics,60956189,Laser-Plasma Interactions and Diagnostics,Laser-Plasma Interactions and Diagnostics,0,2025
https://openalex.org/W1973296124,2000,Gamma ray bursts via emission of axion-like particles,gamma_ray_bursts_and_supernovae,Astronomy and Astrophysics,63203493,63203493,0,,W1973296124,10.1016/s0370-2693(99)01449-5,37,21,openalex_v3_query_core,0,,strict,Gamma-ray bursts and supernovae,63203493,Gamma-ray bursts and supernovae,Gamma-ray bursts and supernovae,0,2025
https://openalex.org/W2035328815,2003,The First Two Host Galaxies of X‐Ray Flashes: XRF 011030 and XRF 020427,gamma_ray_bursts_and_supernovae,Astronomy and Astrophysics,63203493,63203493,0,,W2035328815,10.1086/379310,37,41,openalex_v3_query_core,0,,strict,Gamma-ray bursts and supernovae,63203493,Gamma-ray bursts and supernovae,Gamma-ray bursts and supernovae,0,2025
https://openalex.org/W1721027372,2004,Distance of the hypernova SN 2002ap via the expanding photosphere method,gamma_ray_bursts_and_supernovae,Astronomy and Astrophysics,63203493,63203493,0,,W1721027372,10.1051/0004-6361:20040272,37,56,openalex_v3_query_core,0,,strict,Gamma-ray bursts and supernovae,63203493,Gamma-ray bursts and supernovae,Gamma-ray bursts and supernovae,0,2025
https://openalex.org/W3028054919,2004,Cosmic Explosions in Three Dimensions,gamma_ray_bursts_and_supernovae,Astronomy and Astrophysics,63203493,63203493,0,,W3028054919,10.1017/cbo9780511536236,37,0,openalex_v3_query_core,0,,strict,Gamma-ray bursts and supernovae,63203493,Gamma-ray bursts and supernovae,Gamma-ray bursts and supernovae,0,2025
https://openalex.org/W1909215790,2005,Climatic and biogeochemical effects of a galactic gamma ray burst,gamma_ray_bursts_and_supernovae,Astronomy and Astrophysics,63203493,63203493,0,,W1909215790,10.1029/2005gl023073,37,35,openalex_v3_query_core,0,,strict,Gamma-ray bursts and supernovae,63203493,Gamma-ray bursts and supernovae,Gamma-ray bursts and supernovae,0,2025
https://openalex.org/W2040482236,2006,Detection of optical linear polarization in the SN 2006aj/XRF 060218 non-spherical expansion,gamma_ray_bursts_and_supernovae,Astronomy and Astrophysics,63203493,63203493,0,,W2040482236,10.1051/0004-6361:20066391,37,27,openalex_v3_query_core,0,,strict,Gamma-ray bursts and supernovae,63203493,Gamma-ray bursts and supernovae,Gamma-ray bursts and supernovae,0,2025
https://openalex.org/W3101797997,2006,A metal rich molecular cloud surrounds GRB 050904 at redshift 6.3,gamma_ray_bursts_and_supernovae,Astronomy and Astrophysics,63203493,63203493,0,,W3101797997,,37,31,openalex_v3_query_core,0,,strict,Gamma-ray bursts and supernovae,63203493,Gamma-ray bursts and supernovae,Gamma-ray bursts and supernovae,0,2025
https://openalex.org/W1982408116,2008,Core-collapse supernovae in low-metallicity environments and future all-sky transient surveys,gamma_ray_bursts_and_supernovae,Astronomy and Astrophysics,63203493,63203493,0,,W1982408116,10.1051/0004-6361:20078662,37,101,openalex_v3_query_core,0,,strict,Gamma-ray bursts and supernovae,63203493,Gamma-ray bursts and supernovae,Gamma-ray bursts and supernovae,0,2025
https://openalex.org/W1990978917,2008,High Power Lasers and Their New Applications,gamma_ray_bursts_and_supernovae,Nuclear and High Energy Physics,60956189,60956189,0,,W1990978917,10.3807/josk.2008.12.3.178,37,67,openalex_v3_query_core,0,,strict,Laser-Plasma Interactions and Diagnostics,60956189,Laser-Plasma Interactions and Diagnostics,Laser-Plasma Interactions and Diagnostics,0,2025
https://openalex.org/W2169866386,2008,Constraining the evolution of dark energy with type Ia supernovae and gamma-ray bursts,gamma_ray_bursts_and_supernovae,Astronomy and Astrophysics,63203493,63203493,0,,W2169866386,10.1051/0004-6361:20079329,37,43,openalex_v3_query_core,0,,strict,Gamma-ray bursts and supernovae,63203493,Gamma-ray bursts and supernovae,Gamma-ray bursts and supernovae,0,2025
https://openalex.org/W2044496494,2010,Do Wolf-Rayet stars have similar locations in hosts as type Ib/c supernovae and long gamma-ray bursts?,gamma_ray_bursts_and_supernovae,Astronomy and Astrophysics,63203493,63203493,0,,W2044496494,10.1051/0004-6361/200913753,37,82,openalex_v3_query_core,0,,strict,Gamma-ray bursts and supernovae,63203493,Gamma-ray bursts and supernovae,Gamma-ray bursts and supernovae,0,2025
https://openalex.org/W1987492660,2012,A FRESH CATCH OF MASSIVE BINARIES IN THE CYGNUS OB2 ASSOCIATION,gamma_ray_bursts_and_supernovae,Astronomy and Astrophysics,60904056,60904056,0,,W1987492660,10.1088/0004-637x/756/1/50,37,0,openalex_v3_query_core,0,,strict,"Stellar, planetary, and galactic studies",60904056,"Stellar, planetary, and galactic studies","Stellar, planetary, and galactic studies",0,2025
https://openalex.org/W2156721187,2012,Comparative study of dark energy constraints from current observational data,gamma_ray_bursts_and_supernovae,Astronomy and Astrophysics,63203493,63203493,0,,W2156721187,10.1103/physrevd.85.023517,37,64,openalex_v3_query_core,0,,strict,Gamma-ray bursts and supernovae,63203493,Gamma-ray bursts and supernovae,Gamma-ray bursts and supernovae,0,2025
https://openalex.org/W1704990585,2015,CONSTRAINTS ON THE LORENTZ INVARIANCE VIOLATION WITH GAMMA-RAY BURSTS VIA A MARKOV CHAIN MONTE CARLO APPROACH,gamma_ray_bursts_and_supernovae,Astronomy and Astrophysics,60904838,60904838,0,,W1704990585,10.1088/0004-637x/808/1/78,37,66,openalex_v3_query_core,0,,strict,Cosmology and Gravitation Theories,60904838,Cosmology and Gravitation Theories,Cosmology and Gravitation Theories,0,2025
https://openalex.org/W2650148577,2017,Probing decaying heavy dark matter with the 4-year IceCube HESE data,gamma_ray_bursts_and_supernovae,Nuclear and High Energy Physics,61041081,61041081,0,,W2650148577,10.1088/1475-7516/2017/07/027,37,202,openalex_v3_query_core,0,,strict,Astrophysics and Cosmic Phenomena,61041081,Astrophysics and Cosmic Phenomena,Astrophysics and Cosmic Phenomena,0,2025
https://openalex.org/W2736368318,2017,Gamma-ray bursts and their use as cosmic probes,gamma_ray_bursts_and_supernovae,Astronomy and Astrophysics,63203493,63203493,0,,W2736368318,10.1098/rsos.170304,37,433,openalex_v3_query_core,0,,strict,Gamma-ray bursts and supernovae,63203493,Gamma-ray bursts and supernovae,Gamma-ray bursts and supernovae,0,2025
https://openalex.org/W3104316260,2017,Towards rapid transient identification and characterization of kilonovae,gamma_ray_bursts_and_supernovae,Astronomy and Astrophysics,60973087,60973087,0,,W3104316260,10.48550/arxiv.1708.07714,37,70,openalex_v3_query_core,0,,strict,Pulsars and Gravitational Waves Research,60973087,Pulsars and Gravitational Waves Research,Pulsars and Gravitational Waves Research,0,2025
https://openalex.org/W2893981291,2018,Constraining high-energy neutrinos from choked-jet supernovae with IceCube high-energy starting events,gamma_ray_bursts_and_supernovae,Nuclear and High Energy Physics,61041081,61041081,0,,W2893981291,10.1088/1475-7516/2018/12/008,37,77,openalex_v3_query_core,0,,strict,Astrophysics and Cosmic Phenomena,61041081,Astrophysics and Cosmic Phenomena,Astrophysics and Cosmic Phenomena,0,2025
https://openalex.org/W2898258821,2018,One or several populations of fast radio burst sources?,gamma_ray_bursts_and_supernovae,Astronomy and Astrophysics,60973087,60973087,0,,W2898258821,10.1038/s41550-018-0612-z,37,19,openalex_v3_query_core,0,,strict,Pulsars and Gravitational Waves Research,60973087,Pulsars and Gravitational Waves Research,Pulsars and Gravitational Waves Research,0,2025
https://openalex.org/W2886894923,2019,Four GRB supernovae at redshifts between 0.4 and 0.8,gamma_ray_bursts_and_supernovae,Astronomy and Astrophysics,63203493,63203493,0,,W2886894923,10.1051/0004-6361/201832728,37,133,openalex_v3_query_core,0,,strict,Gamma-ray bursts and supernovae,63203493,Gamma-ray bursts and supernovae,Gamma-ray bursts and supernovae,0,2025
https://openalex.org/W2922204200,2019,Fundamental Physics with High-Energy Cosmic Neutrinos,gamma_ray_bursts_and_supernovae,Nuclear and High Energy Physics,61041081,61041081,0,,W2922204200,10.3204/pubdb-2019-02724,37,214,openalex_v3_query_core,0,,strict,Astrophysics and Cosmic Phenomena,61041081,Astrophysics and Cosmic Phenomena,Astrophysics and Cosmic Phenomena,0,2025
https://openalex.org/W2936063629,2019,"The Detailed Science Case for the Maunakea Spectroscopic Explorer, 2019 edition",gamma_ray_bursts_and_supernovae,Instrumentation,65554423,65554423,0,,W2936063629,10.48550/arxiv.1904.04907,37,63,openalex_v3_query_core,0,,strict,Astronomy and Astrophysical Research,65554423,Astronomy and Astrophysical Research,Astronomy and Astrophysical Research,0,2025
https://openalex.org/W2944426916,2019,SN 2016coi (ASASSN-16fp): An Energetic H-stripped Core-collapse Supernova from a Massive Stellar Progenitor with Large Mass Loss,gamma_ray_bursts_and_supernovae,Astronomy and Astrophysics,63203493,63203493,0,,W2944426916,10.3847/1538-4357/ab3e37,37,243,openalex_v3_query_core,0,,strict,Gamma-ray bursts and supernovae,63203493,Gamma-ray bursts and supernovae,Gamma-ray bursts and supernovae,0,2025
https://openalex.org/W2958978213,2019,All-sky Medium Energy Gamma-ray Observatory: Exploring the Extreme Multimessenger Universe,gamma_ray_bursts_and_supernovae,Nuclear and High Energy Physics,61041081,61041081,0,,W2958978213,10.13016/m2yxiq-ojak,37,44,openalex_v3_query_core,0,,strict,Astrophysics and Cosmic Phenomena,61041081,Astrophysics and Cosmic Phenomena,Astrophysics and Cosmic Phenomena,0,2025
https://openalex.org/W2982480076,2020,Magnetar birth: rotation rates and gravitational-wave emission,gamma_ray_bursts_and_supernovae,Astronomy and Astrophysics,60973087,60973087,0,,W2982480076,10.1093/mnras/staa966,37,88,openalex_v3_query_core,0,,strict,Pulsars and Gravitational Waves Research,60973087,Pulsars and Gravitational Waves Research,Pulsars and Gravitational Waves Research,0,2025
https://openalex.org/W3113350615,2020,Chance played a role in determining whether Earth stayed habitable,gamma_ray_bursts_and_supernovae,Astronomy and Astrophysics,65521019,65521019,0,,W3113350615,10.1038/s43247-020-00057-8,37,80,openalex_v3_query_core,0,,strict,Space Science and Extraterrestrial Life,65521019,Space Science and Extraterrestrial Life,Space Science and Extraterrestrial Life,0,2025
https://openalex.org/W3092904513,2021,"Late-time Radio and Millimeter Observations of Superluminous Supernovae and Long Gamma-Ray Bursts: Implications for Central Engines, Fast Radio Bursts, and Obscured Star Formation",gamma_ray_bursts_and_supernovae,Astronomy and Astrophysics,63203493,63203493,0,,W3092904513,10.3847/1538-4357/abe9b8,37,180,openalex_v3_query_core,0,,strict,Gamma-ray bursts and supernovae,63203493,Gamma-ray bursts and supernovae,Gamma-ray bursts and supernovae,0,2025
https://openalex.org/W3134685278,2021,Wind-envelope interaction as the origin of the slow cyclic brightness variations of luminous blue variables,gamma_ray_bursts_and_supernovae,Astronomy and Astrophysics,60904056,60904056,0,,W3134685278,10.1051/0004-6361/202038298/pdf,37,114,openalex_v3_query_core,0,,strict,"Stellar, planetary, and galactic studies",60904056,"Stellar, planetary, and galactic studies","Stellar, planetary, and galactic studies",0,2025
https://openalex.org/W4205198471,2021,Neutrino physics with an opaque detector,gamma_ray_bursts_and_supernovae,Nuclear and High Energy Physics,61058366,61058366,0,,W4205198471,10.1038/s42005-021-00763-5,37,49,openalex_v3_query_core,0,,strict,Neutrino Physics Research,61058366,Neutrino Physics Research,Neutrino Physics Research,0,2025
https://openalex.org/W4225598410,2022,High-Energy Extragalactic Neutrino Astrophysics,gamma_ray_bursts_and_supernovae,Nuclear and High Energy Physics,61041081,61041081,0,,W4225598410,10.1146/annurev-nucl-011122-061547,37,230,openalex_v3_query_core,0,,strict,Astrophysics and Cosmic Phenomena,61041081,Astrophysics and Cosmic Phenomena,Astrophysics and Cosmic Phenomena,0,2025
https://openalex.org/W4376637417,2023,Extragalactic fast X-ray transient candidates discovered by<i>Chandra</i>(2014–2022),gamma_ray_bursts_and_supernovae,Astronomy and Astrophysics,61024309,61024309,0,,W4376637417,10.1051/0004-6361/202345912,37,360,openalex_v3_query_core,0,,strict,Astrophysical Phenomena and Observations,61024309,Astrophysical Phenomena and Observations,Astrophysical Phenomena and Observations,0,2025
https://openalex.org/W4382319344,2023,Cosmic Explorer: A Submission to the NSF MPSAC ngGW Subcommittee,gamma_ray_bursts_and_supernovae,Astronomy and Astrophysics,60973087,60973087,0,,W4382319344,10.48550/arxiv.2306.13745,37,0,openalex_v3_query_core,0,,strict,Pulsars and Gravitational Waves Research,60973087,Pulsars and Gravitational Waves Research,Pulsars and Gravitational Waves Research,0,2025
https://openalex.org/W4387528528,2023,The Nuclear Reaction Network WinNet,gamma_ray_bursts_and_supernovae,Astronomy and Astrophysics,63203493,63203493,0,,W4387528528,10.3847/1538-4365/acf033,37,310,openalex_v3_query_core,0,,strict,Gamma-ray bursts and supernovae,63203493,Gamma-ray bursts and supernovae,Gamma-ray bursts and supernovae,0,2025
https://openalex.org/W4395071244,2024,A magnetar giant flare in the nearby starburst galaxy M82,gamma_ray_bursts_and_supernovae,Astronomy and Astrophysics,60973087,60973087,0,,W4395071244,10.1038/s41586-024-07285-4,37,52,openalex_v3_query_core,0,,strict,Pulsars and Gravitational Waves Research,60973087,Pulsars and Gravitational Waves Research,Pulsars and Gravitational Waves Research,0,2025
https://openalex.org/W2112831055,1999,Distribution of compact object mergers around galaxies,gamma_ray_bursts_and_supernovae,Astronomy and Astrophysics,63203493,63203493,0,,W2112831055,10.1046/j.1365-8711.1999.02878.x,36,23,openalex_v3_query_core,0,,strict,Gamma-ray bursts and supernovae,63203493,Gamma-ray bursts and supernovae,Gamma-ray bursts and supernovae,0,2025
https://openalex.org/W1976100306,2004,MAX: a gamma-ray lens for nuclear astrophysics,gamma_ray_bursts_and_supernovae,Astronomy and Astrophysics,63203493,63203493,0,,W1976100306,10.1117/12.509672,36,0,openalex_v3_query_core,0,,strict,Gamma-ray bursts and supernovae,63203493,Gamma-ray bursts and supernovae,Gamma-ray bursts and supernovae,0,2025
https://openalex.org/W2142645081,2006,On the neutral gas distribution and kinematics in the dwarf irregular galaxy IC 1613,gamma_ray_bursts_and_supernovae,Astronomy and Astrophysics,60903922,60903922,0,,W2142645081,10.1051/0004-6361:20053326,36,39,openalex_v3_query_core,0,,strict,"Galaxies: Formation, Evolution, Phenomena",60903922,"Galaxies: Formation, Evolution, Phenomena","Galaxies: Formation, Evolution, Phenomena",0,2025
https://openalex.org/W3101364101,2006,Magnetohydrodynamic Simulations of A Rotating Massive Star Collapsing to A Black Hole,gamma_ray_bursts_and_supernovae,Astronomy and Astrophysics,63203493,63203493,0,,W3101364101,,36,45,openalex_v3_query_core,0,,strict,Gamma-ray bursts and supernovae,63203493,Gamma-ray bursts and supernovae,Gamma-ray bursts and supernovae,0,2025
https://openalex.org/W2072891987,2009,Constraints on <i>w</i>0 and <i>w</i>a of dark energy from high-redshift gamma-ray bursts,gamma_ray_bursts_and_supernovae,Astronomy and Astrophysics,63203493,63203493,0,,W2072891987,10.1111/j.1745-3933.2008.00604.x,36,23,openalex_v3_query_core,0,,strict,Gamma-ray bursts and supernovae,63203493,Gamma-ray bursts and supernovae,Gamma-ray bursts and supernovae,0,2025
https://openalex.org/W2133932724,2009,Extending the Hubble diagram by gamma ray bursts,gamma_ray_bursts_and_supernovae,Astronomy and Astrophysics,63203493,63203493,0,,W2133932724,10.1051/0004-6361/200912769,36,52,openalex_v3_query_core,0,,strict,Gamma-ray bursts and supernovae,63203493,Gamma-ray bursts and supernovae,Gamma-ray bursts and supernovae,0,2025
https://openalex.org/W1912634957,2010,Ultra-high energy neutrino fluxes as a probe for non-standard physics,gamma_ray_bursts_and_supernovae,Nuclear and High Energy Physics,61041081,61041081,0,,W1912634957,10.1088/1475-7516/2010/09/009,36,82,openalex_v3_query_core,0,,strict,Astrophysics and Cosmic Phenomena,61041081,Astrophysics and Cosmic Phenomena,Astrophysics and Cosmic Phenomena,0,2025
https://openalex.org/W2065321301,2013,SN 2007uy – metamorphosis of an aspheric Type Ib explosion,gamma_ray_bursts_and_supernovae,Astronomy and Astrophysics,63203493,63203493,0,,W2065321301,10.1093/mnras/stt1148,36,128,openalex_v3_query_core,0,,strict,Gamma-ray bursts and supernovae,63203493,Gamma-ray bursts and supernovae,Gamma-ray bursts and supernovae,0,2025
https://openalex.org/W2002296531,2014,On the origin of short GRBs with extended emission and long GRBs without associated SN,gamma_ray_bursts_and_supernovae,Astronomy and Astrophysics,63203493,63203493,0,,W2002296531,10.1093/mnrasl/slu113,36,81,openalex_v3_query_core,0,,strict,Gamma-ray bursts and supernovae,63203493,Gamma-ray bursts and supernovae,Gamma-ray bursts and supernovae,0,2025
https://openalex.org/W2035895208,2014,Supernovae and their host galaxies – II. The relative frequencies of supernovae types in spirals,gamma_ray_bursts_and_supernovae,Astronomy and Astrophysics,63203493,63203493,0,,W2035895208,10.1093/mnras/stu1598,36,136,openalex_v3_query_core,0,,strict,Gamma-ray bursts and supernovae,63203493,Gamma-ray bursts and supernovae,Gamma-ray bursts and supernovae,0,2025
https://openalex.org/W1954974638,2015,Optimization of the Swift X-ray follow-up of Advanced LIGO and Virgo gravitational wave triggers in 2015–16,gamma_ray_bursts_and_supernovae,Astronomy and Astrophysics,60973087,60973087,0,,W1954974638,10.1093/mnras/stv2213,36,68,openalex_v3_query_core,0,,strict,Pulsars and Gravitational Waves Research,60973087,Pulsars and Gravitational Waves Research,Pulsars and Gravitational Waves Research,0,2025
https://openalex.org/W2207899969,2015,Model-independent distance calibration of high-redshift gamma-ray bursts and constrain on the ΛCDM model,gamma_ray_bursts_and_supernovae,Astronomy and Astrophysics,63203493,63203493,0,,W2207899969,10.1093/mnras/stv2471,36,60,openalex_v3_query_core,0,,strict,Gamma-ray bursts and supernovae,63203493,Gamma-ray bursts and supernovae,Gamma-ray bursts and supernovae,0,2025
https://openalex.org/W3093684914,2016,Binary Black Hole Mergers in the First Advanced LIGO Observing Run,gamma_ray_bursts_and_supernovae,Biomedical Engineering,63289041,63289041,0,,W3093684914,10.15488/1170,36,0,openalex_v3_query_core,0,,strict,Superconducting Materials and Applications,63289041,Superconducting Materials and Applications,Superconducting Materials and Applications,0,2025
https://openalex.org/W2595262608,2017,Optical/UV-to-X-Ray Echoes from the Tidal Disruption Flare ASASSN-14li,gamma_ray_bursts_and_supernovae,Astronomy and Astrophysics,61024309,61024309,0,,W2595262608,10.3847/2041-8213/aa6003,36,53,openalex_v3_query_core,0,,strict,Astrophysical Phenomena and Observations,61024309,Astrophysical Phenomena and Observations,Astrophysical Phenomena and Observations,0,2025
https://openalex.org/W2618966523,2017,Astrophysical neutrinos and cosmic rays observed by IceCube,gamma_ray_bursts_and_supernovae,Nuclear and High Energy Physics,61041081,61041081,0,,W2618966523,10.1016/j.asr.2017.05.030,36,341,openalex_v3_query_core,0,,strict,Astrophysics and Cosmic Phenomena,61041081,Astrophysics and Cosmic Phenomena,Astrophysics and Cosmic Phenomena,0,2025
https://openalex.org/W2808900367,2018,Explosions of blue supergiants from binary mergers for SN 1987A,gamma_ray_bursts_and_supernovae,Astronomy and Astrophysics,63203493,63203493,0,,W2808900367,10.1093/mnras/sty2647,36,122,openalex_v3_query_core,0,,strict,Gamma-ray bursts and supernovae,63203493,Gamma-ray bursts and supernovae,Gamma-ray bursts and supernovae,0,2025
https://openalex.org/W2809986716,2018,Host galaxies of SNe Ic-BL with and without long gamma-ray bursts,gamma_ray_bursts_and_supernovae,Astronomy and Astrophysics,63203493,63203493,0,,W2809986716,10.1051/0004-6361/201833209,36,112,openalex_v3_query_core,0,,strict,Gamma-ray bursts and supernovae,63203493,Gamma-ray bursts and supernovae,Gamma-ray bursts and supernovae,0,2025
https://openalex.org/W3098675253,2018,Wolf–Rayet stars in the Small Magellanic Cloud as testbed for massive star evolution,gamma_ray_bursts_and_supernovae,Astronomy and Astrophysics,60904056,60904056,0,,W3098675253,10.1051/0004-6361/201731895/pdf,36,97,openalex_v3_query_core,0,,strict,"Stellar, planetary, and galactic studies",60904056,"Stellar, planetary, and galactic studies","Stellar, planetary, and galactic studies",0,2025
https://openalex.org/W2920856751,2019,From the microscopic to the macroscopic world: from nucleons to neutron stars,gamma_ray_bursts_and_supernovae,Astronomy and Astrophysics,60973087,60973087,0,,W2920856751,10.1088/1361-6471/ab29b3,36,173,openalex_v3_query_core,0,,strict,Pulsars and Gravitational Waves Research,60973087,Pulsars and Gravitational Waves Research,Pulsars and Gravitational Waves Research,0,2025
https://openalex.org/W2961438518,2019,The Southern Wide-Field Gamma-Ray Observatory (SWGO): A Next-Generation Ground-Based Survey Instrument for VHE Gamma-Ray Astronomy,gamma_ray_bursts_and_supernovae,Nuclear and High Energy Physics,61041081,61041081,0,,W2961438518,10.48550/arxiv.1907.07737,36,37,openalex_v3_query_core,0,,strict,Astrophysics and Cosmic Phenomena,61041081,Astrophysics and Cosmic Phenomena,Astrophysics and Cosmic Phenomena,0,2025
https://openalex.org/W2964489895,2019,Optical follow-up of the tidal disruption event iPTF16fnl: new insights from X-shooter observations,gamma_ray_bursts_and_supernovae,Astronomy and Astrophysics,63203493,63203493,0,,W2964489895,10.1093/mnras/stz2053,36,112,openalex_v3_query_core,0,,strict,Gamma-ray bursts and supernovae,63203493,Gamma-ray bursts and supernovae,Gamma-ray bursts and supernovae,0,2025
https://openalex.org/W2973796999,2019,On a century of extragalactic novae and the rise of the rapid recurrent novae,gamma_ray_bursts_and_supernovae,Astronomy and Astrophysics,61024309,61024309,0,,W2973796999,10.1016/j.asr.2019.09.044,36,381,openalex_v3_query_core,0,,strict,Astrophysical Phenomena and Observations,61024309,Astrophysical Phenomena and Observations,Astrophysical Phenomena and Observations,0,2025
https://openalex.org/W3041708317,2020,Beyond moments: relativistic lattice Boltzmann methods for radiative transport in computational astrophysics,gamma_ray_bursts_and_supernovae,Computational Mechanics,63272528,63272528,0,,W3041708317,10.1093/mnras/staa2575,36,162,openalex_v3_query_core,0,,strict,Lattice Boltzmann Simulation Studies,63272528,Lattice Boltzmann Simulation Studies,Lattice Boltzmann Simulation Studies,0,2025
https://openalex.org/W3111231847,2021,Prospects for Measuring the Hubble Constant with Neutron-Star–Black-Hole Mergers,gamma_ray_bursts_and_supernovae,Astronomy and Astrophysics,60973087,60973087,0,,W3111231847,10.1103/physrevlett.126.171102,36,142,openalex_v3_query_core,0,,strict,Pulsars and Gravitational Waves Research,60973087,Pulsars and Gravitational Waves Research,Pulsars and Gravitational Waves Research,0,2025
https://openalex.org/W3127129116,2021,Cosmological constraints on GUP from modified Friedmann equations,gamma_ray_bursts_and_supernovae,Statistical and Nonlinear Physics,63220525,63220525,0,,W3127129116,10.1140/epjc/s10052-021-08914-2,36,111,openalex_v3_query_core,0,,strict,Noncommutative and Quantum Gravity Theories,63220525,Noncommutative and Quantum Gravity Theories,Noncommutative and Quantum Gravity Theories,0,2025
https://openalex.org/W3165155467,2021,An analysis of the time-frequency structure of several bursts from FRB 121102 detected with MeerKAT,gamma_ray_bursts_and_supernovae,Astronomy and Astrophysics,60973087,60973087,0,,W3165155467,10.1093/mnras/stab1544,36,96,openalex_v3_query_core,0,,strict,Pulsars and Gravitational Waves Research,60973087,Pulsars and Gravitational Waves Research,Pulsars and Gravitational Waves Research,0,2025
https://openalex.org/W3182591228,2021,Supernova bounds on axionlike particles coupled with nucleons and electrons,gamma_ray_bursts_and_supernovae,Nuclear and High Energy Physics,63152924,63152924,0,,W3182591228,10.1103/physrevd.104.043016,36,92,openalex_v3_query_core,0,,strict,Dark Matter and Cosmic Phenomena,63152924,Dark Matter and Cosmic Phenomena,Dark Matter and Cosmic Phenomena,0,2025
https://openalex.org/W3213657016,2021,Type II supernovae from the Carnegie Supernova Project-I,gamma_ray_bursts_and_supernovae,Astronomy and Astrophysics,63203493,63203493,0,,W3213657016,10.1051/0004-6361/202142075,36,125,openalex_v3_query_core,0,,strict,Gamma-ray bursts and supernovae,63203493,Gamma-ray bursts and supernovae,Gamma-ray bursts and supernovae,0,2025
https://openalex.org/W4224230398,2022,Localized thermonuclear bursts from accreting magnetic white dwarfs,gamma_ray_bursts_and_supernovae,Astronomy and Astrophysics,61024309,61024309,0,,W4224230398,10.1038/s41586-022-04495-6,36,97,openalex_v3_query_core,0,,strict,Astrophysical Phenomena and Observations,61024309,Astrophysical Phenomena and Observations,Astrophysical Phenomena and Observations,0,2025
https://openalex.org/W4306194600,2022,Cosmological Fast Optical Transients with the Zwicky Transient Facility: A Search for Dirty Fireballs,gamma_ray_bursts_and_supernovae,Astronomy and Astrophysics,63203493,63203493,0,,W4306194600,10.3847/1538-4357/ac8bd0,36,208,openalex_v3_query_core,0,,strict,Gamma-ray bursts and supernovae,63203493,Gamma-ray bursts and supernovae,Gamma-ray bursts and supernovae,0,2025
https://openalex.org/W4362673684,2023,The Positron Puzzle,gamma_ray_bursts_and_supernovae,Nuclear and High Energy Physics,63152924,63152924,0,,W4362673684,10.1007/s10509-023-04184-4,36,171,openalex_v3_query_core,0,,strict,Dark Matter and Cosmic Phenomena,63152924,Dark Matter and Cosmic Phenomena,Dark Matter and Cosmic Phenomena,0,2025
https://openalex.org/W4382468407,2023,Primordial black hole dark matter from catastrogenesis with unstable pseudo-Goldstone bosons,gamma_ray_bursts_and_supernovae,Nuclear and High Energy Physics,63152924,63152924,0,,W4382468407,10.1088/1475-7516/2023/06/055,36,159,openalex_v3_query_core,0,,strict,Dark Matter and Cosmic Phenomena,63152924,Dark Matter and Cosmic Phenomena,Dark Matter and Cosmic Phenomena,0,2025
https://openalex.org/W4386556540,2023,The dusty and extremely red progenitor of the type II supernova 2023ixf in Messier 101,gamma_ray_bursts_and_supernovae,Astronomy and Astrophysics,63203493,63203493,0,,W4386556540,10.1007/s11433-023-2267-0,36,127,openalex_v3_query_core,0,,strict,Gamma-ray bursts and supernovae,63203493,Gamma-ray bursts and supernovae,Gamma-ray bursts and supernovae,0,2025
https://openalex.org/W4407976292,2025,Axion astrophysics,gamma_ray_bursts_and_supernovae,Nuclear and High Energy Physics,63152924,63152924,0,,W4407976292,10.1016/j.physrep.2025.02.002,36,708,openalex_v3_query_core,0,,strict,Dark Matter and Cosmic Phenomena,63152924,Dark Matter and Cosmic Phenomena,Dark Matter and Cosmic Phenomena,0,2025
https://openalex.org/W2111879477,2002,Effects of quintessence on observations of Type Ia supernovae in the clumpy universe,gamma_ray_bursts_and_supernovae,Astronomy and Astrophysics,60904838,60904838,0,,W2111879477,10.1046/j.1365-8711.2002.05687.x,35,90,openalex_v3_query_core,0,,strict,Cosmology and Gravitation Theories,60904838,Cosmology and Gravitation Theories,Cosmology and Gravitation Theories,0,2025
https://openalex.org/W2150610586,2003,Gamma-ray bursts observed by the INTEGRAL-SPI anticoincidence shield: A study of individual pulses and temporal variability,gamma_ray_bursts_and_supernovae,Astronomy and Astrophysics,63203493,63203493,0,,W2150610586,10.1051/0004-6361:20031440,35,47,openalex_v3_query_core,0,,strict,Gamma-ray bursts and supernovae,63203493,Gamma-ray bursts and supernovae,Gamma-ray bursts and supernovae,0,2025
https://openalex.org/W3099720577,2003,HYPERNOVAE AND OTHER BLACK-HOLE- FORMING SUPERNOVAE,gamma_ray_bursts_and_supernovae,Astronomy and Astrophysics,63203493,63203493,0,,W3099720577,,35,96,openalex_v3_query_core,0,,strict,Gamma-ray bursts and supernovae,63203493,Gamma-ray bursts and supernovae,Gamma-ray bursts and supernovae,0,2025
https://openalex.org/W2059439759,2005,GRBs and the 511 keV emission of the Galactic bulge,gamma_ray_bursts_and_supernovae,Astronomy and Astrophysics,63203493,63203493,0,,W2059439759,10.1051/0004-6361:20042215,35,29,openalex_v3_query_core,0,,strict,Gamma-ray bursts and supernovae,63203493,Gamma-ray bursts and supernovae,Gamma-ray bursts and supernovae,0,2025
https://openalex.org/W2135919210,2009,TRIGGERED STAR FORMATION AND THE CREATION OF THE SUPERGIANT H I SHELL IN IC 2574,gamma_ray_bursts_and_supernovae,Astronomy and Astrophysics,60903922,60903922,0,,W2135919210,10.1088/0004-637x/691/1/l59,35,40,openalex_v3_query_core,0,,strict,"Galaxies: Formation, Evolution, Phenomena",60903922,"Galaxies: Formation, Evolution, Phenomena","Galaxies: Formation, Evolution, Phenomena",0,2025
https://openalex.org/W2098456367,2010,Probing star formation with galactic cosmic rays,gamma_ray_bursts_and_supernovae,Nuclear and High Energy Physics,61041081,61041081,0,,W2098456367,10.1111/j.1365-2966.2009.16218.x,35,77,openalex_v3_query_core,0,,strict,Astrophysics and Cosmic Phenomena,61041081,Astrophysics and Cosmic Phenomena,Astrophysics and Cosmic Phenomena,0,2025
https://openalex.org/W2001275846,2011,The theory of stellar winds,gamma_ray_bursts_and_supernovae,Astronomy and Astrophysics,63203493,63203493,0,,W2001275846,10.1007/s10509-011-0636-7,35,44,openalex_v3_query_core,0,,strict,Gamma-ray bursts and supernovae,63203493,Gamma-ray bursts and supernovae,Gamma-ray bursts and supernovae,0,2025
https://openalex.org/W2132128443,2011,SUPERNOVAE AND GAMMA-RAY BURSTS: A DECADE OF OBSERVATIONS,gamma_ray_bursts_and_supernovae,Astronomy and Astrophysics,63203493,63203493,0,,W2132128443,10.1142/s0218271811019827,35,85,openalex_v3_query_core,0,,strict,Gamma-ray bursts and supernovae,63203493,Gamma-ray bursts and supernovae,Gamma-ray bursts and supernovae,0,2025
https://openalex.org/W1996706920,2013,Search for long-lived gravitational-wave transients coincident with long gamma-ray bursts,gamma_ray_bursts_and_supernovae,Astronomy and Astrophysics,63203493,63203493,0,,W1996706920,10.1103/physrevd.88.122004,35,55,openalex_v3_query_core,0,,strict,Gamma-ray bursts and supernovae,63203493,Gamma-ray bursts and supernovae,Gamma-ray bursts and supernovae,0,2025
https://openalex.org/W2161813473,2013,Random time series in astronomy,gamma_ray_bursts_and_supernovae,Astronomy and Astrophysics,60973087,60973087,0,,W2161813473,10.1098/rsta.2011.0549,35,71,openalex_v3_query_core,0,,strict,Pulsars and Gravitational Waves Research,60973087,Pulsars and Gravitational Waves Research,Pulsars and Gravitational Waves Research,0,2025
https://openalex.org/W1974404447,2014,Constraining anisotropy of the universe from different groups of type-Ia supernovae,gamma_ray_bursts_and_supernovae,Astronomy and Astrophysics,60904838,60904838,0,,W1974404447,10.1140/epjc/s10052-014-2821-7,35,46,openalex_v3_query_core,0,,strict,Cosmology and Gravitation Theories,60904838,Cosmology and Gravitation Theories,Cosmology and Gravitation Theories,0,2025
https://openalex.org/W2052157476,2014,Neutrino-heated winds from rotating protomagnetars,gamma_ray_bursts_and_supernovae,Astronomy and Astrophysics,63203493,63203493,0,,W2052157476,10.1093/mnras/stu1667,35,97,openalex_v3_query_core,0,,strict,Gamma-ray bursts and supernovae,63203493,Gamma-ray bursts and supernovae,Gamma-ray bursts and supernovae,0,2025
https://openalex.org/W1855164921,2015,Super-solar metallicity at the position of the ultra-long GRB 130925A,gamma_ray_bursts_and_supernovae,Astronomy and Astrophysics,63203493,63203493,0,,W1855164921,10.1051/0004-6361/201526060,35,88,openalex_v3_query_core,0,,strict,Gamma-ray bursts and supernovae,63203493,Gamma-ray bursts and supernovae,Gamma-ray bursts and supernovae,0,2025
https://openalex.org/W3104810271,2015,Supernova 1987A: neutrino-driven explosions in three dimensions and light curves,gamma_ray_bursts_and_supernovae,Astronomy and Astrophysics,63203493,63203493,0,,W3104810271,10.1051/0004-6361/201425513/pdf,35,159,openalex_v3_query_core,0,,strict,Gamma-ray bursts and supernovae,63203493,Gamma-ray bursts and supernovae,Gamma-ray bursts and supernovae,0,2025
https://openalex.org/W2739050890,2017,The cosmic dust rate across the Universe,gamma_ray_bursts_and_supernovae,Astronomy and Astrophysics,60903922,60903922,0,,W2739050890,10.1093/mnras/stx1914,35,156,openalex_v3_query_core,0,,strict,"Galaxies: Formation, Evolution, Phenomena",60903922,"Galaxies: Formation, Evolution, Phenomena","Galaxies: Formation, Evolution, Phenomena",0,2025
https://openalex.org/W2767230474,2018,Jets in Hydrogen-poor Superluminous Supernovae: Constraints from a Comprehensive Analysis of Radio Observations,gamma_ray_bursts_and_supernovae,Astronomy and Astrophysics,63203493,63203493,0,,W2767230474,10.3847/1538-4357/aab36e,35,150,openalex_v3_query_core,0,,strict,Gamma-ray bursts and supernovae,63203493,Gamma-ray bursts and supernovae,Gamma-ray bursts and supernovae,0,2025
https://openalex.org/W2779538294,2018,A Search for Neutrino Emission from Fast Radio Bursts with Six Years of IceCube Data,gamma_ray_bursts_and_supernovae,Nuclear and High Energy Physics,61041081,61041081,0,,W2779538294,10.3847/1538-4357/aab4f8,35,56,openalex_v3_query_core,0,,strict,Astrophysics and Cosmic Phenomena,61041081,Astrophysics and Cosmic Phenomena,Astrophysics and Cosmic Phenomena,0,2025
https://openalex.org/W3098103918,2018,Host galaxies of SNe Ic-BL with and without long gamma-ray bursts,gamma_ray_bursts_and_supernovae,Astronomy and Astrophysics,63203493,63203493,0,,W3098103918,10.1051/0004-6361/201833209/pdf,35,155,openalex_v3_query_core,0,,strict,Gamma-ray bursts and supernovae,63203493,Gamma-ray bursts and supernovae,Gamma-ray bursts and supernovae,0,2025
https://openalex.org/W3104491049,2019,PS18kh: A New Tidal Disruption Event with a Non-axisymmetric Accretion Disk,gamma_ray_bursts_and_supernovae,Astronomy and Astrophysics,63203493,63203493,0,,W3104491049,,35,117,openalex_v3_query_core,0,,strict,Gamma-ray bursts and supernovae,63203493,Gamma-ray bursts and supernovae,Gamma-ray bursts and supernovae,0,2025
https://openalex.org/W3138681715,2019,GRB 171010A/SN 2017htp: a GRB-SN at z = 0.33,gamma_ray_bursts_and_supernovae,Astronomy and Astrophysics,63203493,63203493,0,,W3138681715,10.1093/mnras/stz2900,35,97,openalex_v3_query_core,0,,strict,Gamma-ray bursts and supernovae,63203493,Gamma-ray bursts and supernovae,Gamma-ray bursts and supernovae,0,2025
https://openalex.org/W2995415968,2020,Radiation hydrodynamical simulations of eruptive mass loss from progenitors of Type Ibn/IIn supernovae,gamma_ray_bursts_and_supernovae,Astronomy and Astrophysics,60904056,60904056,0,,W2995415968,10.1051/0004-6361/201937226,35,42,openalex_v3_query_core,0,,strict,"Stellar, planetary, and galactic studies",60904056,"Stellar, planetary, and galactic studies","Stellar, planetary, and galactic studies",0,2025
https://openalex.org/W3013974217,2020,"Tests of Dark MACHOs: lensing, accretion, and glow",gamma_ray_bursts_and_supernovae,Nuclear and High Energy Physics,63152924,63152924,0,,W3013974217,10.1088/1475-7516/2020/09/044,35,101,openalex_v3_query_core,0,,strict,Dark Matter and Cosmic Phenomena,63152924,Dark Matter and Cosmic Phenomena,Dark Matter and Cosmic Phenomena,0,2025
https://openalex.org/W4288079908,2020,Stripped-envelope core-collapse supernova <sup>56</sup>Ni masses,gamma_ray_bursts_and_supernovae,Astronomy and Astrophysics,63203493,63203493,0,,W4288079908,10.1051/0004-6361/201937113,35,146,openalex_v3_query_core,0,,strict,Gamma-ray bursts and supernovae,63203493,Gamma-ray bursts and supernovae,Gamma-ray bursts and supernovae,0,2025
https://openalex.org/W3017181249,2021,Detectability of kilonovae in optical surveys: <i>post-mortem</i> examination of the LVC O3 run follow-up,gamma_ray_bursts_and_supernovae,Astronomy and Astrophysics,60973087,60973087,0,,W3017181249,10.1093/mnras/stab872,35,79,openalex_v3_query_core,0,,strict,Pulsars and Gravitational Waves Research,60973087,Pulsars and Gravitational Waves Research,Pulsars and Gravitational Waves Research,0,2025
https://openalex.org/W3153199549,2021,A Gravitational-Wave Perspective on Neutron-Star Seismology,gamma_ray_bursts_and_supernovae,Astronomy and Astrophysics,60973087,60973087,0,,W3153199549,10.3390/universe7040097,35,158,openalex_v3_query_core,0,,strict,Pulsars and Gravitational Waves Research,60973087,Pulsars and Gravitational Waves Research,Pulsars and Gravitational Waves Research,0,2025
https://openalex.org/W3159071375,2021,Turbulent axion-photon conversions in the Milky Way,gamma_ray_bursts_and_supernovae,Nuclear and High Energy Physics,63152924,63152924,0,,W3159071375,10.1103/physrevd.104.023003,35,78,openalex_v3_query_core,0,,strict,Dark Matter and Cosmic Phenomena,63152924,Dark Matter and Cosmic Phenomena,Dark Matter and Cosmic Phenomena,0,2025
https://openalex.org/W3196597126,2021,"Advanced Virgo: Status of the Detector, Latest Results and Future Prospects",gamma_ray_bursts_and_supernovae,Astronomy and Astrophysics,60973087,60973087,0,,W3196597126,10.3390/universe7090322,35,310,openalex_v3_query_core,0,,strict,Pulsars and Gravitational Waves Research,60973087,Pulsars and Gravitational Waves Research,Pulsars and Gravitational Waves Research,0,2025
https://openalex.org/W4289516555,2022,Dust depletion of metals from local to distant galaxies,gamma_ray_bursts_and_supernovae,Astronomy and Astrophysics,60973222,60973222,0,,W4289516555,10.1051/0004-6361/202243994,35,111,openalex_v3_query_core,0,,strict,Astrophysics and Star Formation Studies,60973222,Astrophysics and Star Formation Studies,Astrophysics and Star Formation Studies,0,2025
https://openalex.org/W4293243926,2022,A synthetic population of Wolf-Rayet stars in the LMC based on detailed single and binary star evolution models,gamma_ray_bursts_and_supernovae,Astronomy and Astrophysics,60904056,60904056,0,,W4293243926,10.1051/0004-6361/202243965,35,154,openalex_v3_query_core,0,,strict,"Stellar, planetary, and galactic studies",60904056,"Stellar, planetary, and galactic studies","Stellar, planetary, and galactic studies",0,2025
https://openalex.org/W4361000185,2023,The Quest for the Missing Dust. II. Two Orders of Magnitude of Evolution in the Dust-to-gas Ratio Resolved within Local Group Galaxies,gamma_ray_bursts_and_supernovae,Astronomy and Astrophysics,60903922,60903922,0,,W4361000185,10.3847/1538-4357/acbb66,35,246,openalex_v3_query_core,0,,strict,"Galaxies: Formation, Evolution, Phenomena",60903922,"Galaxies: Formation, Evolution, Phenomena","Galaxies: Formation, Evolution, Phenomena",0,2025
https://openalex.org/W4382722398,2023,Precise measurements of self-absorbed rising reverse shock emission from gamma-ray burst 221009A,gamma_ray_bursts_and_supernovae,Astronomy and Astrophysics,63203493,63203493,0,,W4382722398,10.1038/s41550-023-01997-9,35,80,openalex_v3_query_core,0,,strict,Gamma-ray bursts and supernovae,63203493,Gamma-ray bursts and supernovae,Gamma-ray bursts and supernovae,0,2025
https://openalex.org/W4386841881,2023,Potential signature of a quadrupolar hubble expansion in Pantheon+supernovae,gamma_ray_bursts_and_supernovae,Astronomy and Astrophysics,60904838,60904838,0,,W4386841881,10.1093/mnras/stad2788,35,110,openalex_v3_query_core,0,,strict,Cosmology and Gravitation Theories,60904838,Cosmology and Gravitation Theories,Cosmology and Gravitation Theories,0,2025
https://openalex.org/W1982583307,1998,The Astronomer's Telegram: A Web‐based Short‐Notice Publication System for the Professional Astronomical Community,gamma_ray_bursts_and_supernovae,Computational Mechanics,69913968,69913968,0,,W1982583307,10.1086/316184,34,0,openalex_v3_query_core,0,,strict,Astronomical Observations and Instrumentation,69913968,Astronomical Observations and Instrumentation,Astronomical Observations and Instrumentation,0,2025
https://openalex.org/W2063611728,1998,Radiation of Angular Momentum by Neutrinos from Merged Binary Neutron Stars,gamma_ray_bursts_and_supernovae,Astronomy and Astrophysics,60973087,60973087,0,,W2063611728,10.1086/306067,34,28,openalex_v3_query_core,0,,strict,Pulsars and Gravitational Waves Research,60973087,Pulsars and Gravitational Waves Research,Pulsars and Gravitational Waves Research,0,2025
https://openalex.org/W2052790730,2004,Does the Detection of X-Ray Emission from SN 1998bw Support Its Association with GRB 980425?,gamma_ray_bursts_and_supernovae,Astronomy and Astrophysics,63203493,63203493,0,,W2052790730,10.1086/420846,34,36,openalex_v3_query_core,0,,strict,Gamma-ray bursts and supernovae,63203493,Gamma-ray bursts and supernovae,Gamma-ray bursts and supernovae,0,2025
https://openalex.org/W2162000531,2004,The Branching Ratio of Type Ib/c Supernovae to Gamma-Ray Burst Supernovae,gamma_ray_bursts_and_supernovae,Astronomy and Astrophysics,63203493,63203493,0,,W2162000531,10.1086/423934,34,40,openalex_v3_query_core,0,,strict,Gamma-ray bursts and supernovae,63203493,Gamma-ray bursts and supernovae,Gamma-ray bursts and supernovae,0,2025
https://openalex.org/W2155229297,2005,Global characteristics of the first IBIS/ISGRI catalogue sources: unveiling a murky episode of binary star evolution,gamma_ray_bursts_and_supernovae,Astronomy and Astrophysics,61024309,61024309,0,,W2155229297,10.1051/0004-6361:20053513,34,58,openalex_v3_query_core,0,,strict,Astrophysical Phenomena and Observations,61024309,Astrophysical Phenomena and Observations,Astrophysical Phenomena and Observations,0,2025
https://openalex.org/W1979280397,2007,NanoSIMS studies of Ba isotopic compositions in single presolar silicon carbide grains from AGB stars and supernovae,gamma_ray_bursts_and_supernovae,Astronomy and Astrophysics,60955404,60955404,0,,W1979280397,10.1111/j.1945-5100.2007.tb00562.x,34,78,openalex_v3_query_core,0,,strict,Astro and Planetary Science,60955404,Astro and Planetary Science,Astro and Planetary Science,0,2025
https://openalex.org/W2078161878,2007,The radio to infrared emission of very high redshift gamma-ray bursts: probing early star formation through molecular and atomic absorption lines,gamma_ray_bursts_and_supernovae,Astronomy and Astrophysics,63203493,63203493,0,,W2078161878,10.1111/j.1365-2966.2007.12234.x,34,109,openalex_v3_query_core,0,,strict,Gamma-ray bursts and supernovae,63203493,Gamma-ray bursts and supernovae,Gamma-ray bursts and supernovae,0,2025
https://openalex.org/W2051928752,2009,Detecting neutrinos from black hole-neutron star mergers,gamma_ray_bursts_and_supernovae,Astronomy and Astrophysics,63203493,63203493,0,,W2051928752,10.1103/physrevd.80.123004,34,50,openalex_v3_query_core,0,,strict,Gamma-ray bursts and supernovae,63203493,Gamma-ray bursts and supernovae,Gamma-ray bursts and supernovae,0,2025
https://openalex.org/W1961022487,2010,Probing early cosmic magnetic fields through pair echoes from high-redshift GRBs,gamma_ray_bursts_and_supernovae,Astronomy and Astrophysics,63203493,63203493,0,,W1961022487,10.1111/j.1365-2966.2010.17639.x,34,68,openalex_v3_query_core,0,,strict,Gamma-ray bursts and supernovae,63203493,Gamma-ray bursts and supernovae,Gamma-ray bursts and supernovae,0,2025
https://openalex.org/W2012782642,2010,"Hypernovae, gamma-ray bursts, and first stars",gamma_ray_bursts_and_supernovae,Astronomy and Astrophysics,63203493,63203493,0,,W2012782642,10.1016/j.newar.2010.09.022,34,84,openalex_v3_query_core,0,,strict,Gamma-ray bursts and supernovae,63203493,Gamma-ray bursts and supernovae,Gamma-ray bursts and supernovae,0,2025
https://openalex.org/W2023252832,2010,Cosmic constraint to DGP brane model: Geometrical and dynamical perspectives,gamma_ray_bursts_and_supernovae,Astronomy and Astrophysics,60904838,60904838,0,,W2023252832,10.1103/physrevd.82.043503,34,71,openalex_v3_query_core,0,,strict,Cosmology and Gravitation Theories,60904838,Cosmology and Gravitation Theories,Cosmology and Gravitation Theories,0,2025
https://openalex.org/W2115895588,2010,LONG-DURATION RADIO TRANSIENTS LACKING OPTICAL COUNTERPARTS ARE POSSIBLY GALACTIC NEUTRON STARS,gamma_ray_bursts_and_supernovae,Astronomy and Astrophysics,60973087,60973087,0,,W2115895588,10.1088/0004-637x/711/1/517,34,107,openalex_v3_query_core,0,,strict,Pulsars and Gravitational Waves Research,60973087,Pulsars and Gravitational Waves Research,Pulsars and Gravitational Waves Research,0,2025
https://openalex.org/W2066796300,2011,THE ANGULAR MOMENTA OF NEUTRON STARS AND BLACK HOLES AS A WINDOW ON SUPERNOVAE,gamma_ray_bursts_and_supernovae,Astronomy and Astrophysics,63203493,63203493,0,,W2066796300,10.1088/2041-8205/731/1/l5,34,62,openalex_v3_query_core,0,,strict,Gamma-ray bursts and supernovae,63203493,Gamma-ray bursts and supernovae,Gamma-ray bursts and supernovae,0,2025
https://openalex.org/W2107560063,2012,Neutrinos from Cosmic Accelerators including Magnetic Field and Flavor Effects,gamma_ray_bursts_and_supernovae,Nuclear and High Energy Physics,61041081,61041081,0,,W2107560063,10.1155/2012/586413,34,148,openalex_v3_query_core,0,,strict,Astrophysics and Cosmic Phenomena,61041081,Astrophysics and Cosmic Phenomena,Astrophysics and Cosmic Phenomena,0,2025
https://openalex.org/W2103056073,2014,MULTI-DIMENSIONAL SIMULATIONS OF THE EXPANDING SUPERNOVA REMNANT OF SN 1987A,gamma_ray_bursts_and_supernovae,Nuclear and High Energy Physics,61041081,61041081,0,,W2103056073,10.1088/0004-637x/794/2/174,34,93,openalex_v3_query_core,0,,strict,Astrophysics and Cosmic Phenomena,61041081,Astrophysics and Cosmic Phenomena,Astrophysics and Cosmic Phenomena,0,2025
https://openalex.org/W2106997100,2014,GAMMA-RAY BURST SUPERNOVAE AS STANDARDIZABLE CANDLES,gamma_ray_bursts_and_supernovae,Astronomy and Astrophysics,63203493,63203493,0,,W2106997100,10.1088/0004-637x/794/2/121,34,61,openalex_v3_query_core,0,,strict,Gamma-ray bursts and supernovae,63203493,Gamma-ray bursts and supernovae,Gamma-ray bursts and supernovae,0,2025
https://openalex.org/W2461284078,2016,Taking stock of superluminous supernovae and long gamma-ray burst host galaxy comparison using a complete sample of LGRBs,gamma_ray_bursts_and_supernovae,Astronomy and Astrophysics,63203493,63203493,0,,W2461284078,10.1051/0004-6361/201628603,34,60,openalex_v3_query_core,0,,strict,Gamma-ray bursts and supernovae,63203493,Gamma-ray bursts and supernovae,Gamma-ray bursts and supernovae,0,2025
https://openalex.org/W3102123830,2016,Gamma-ray burst supernovae as standardizable candles,gamma_ray_bursts_and_supernovae,Astronomy and Astrophysics,63203493,63203493,0,,W3102123830,,34,88,openalex_v3_query_core,0,,strict,Gamma-ray bursts and supernovae,63203493,Gamma-ray bursts and supernovae,Gamma-ray bursts and supernovae,0,2025
https://openalex.org/W3105729694,2016,The delay time distribution of massive double compact star mergers,gamma_ray_bursts_and_supernovae,Astronomy and Astrophysics,63203493,63203493,0,,W3105729694,10.1051/0004-6361/201628193/pdf,34,40,openalex_v3_query_core,0,,strict,Gamma-ray bursts and supernovae,63203493,Gamma-ray bursts and supernovae,Gamma-ray bursts and supernovae,0,2025
https://openalex.org/W2611643841,2018,Unification of dark matter-dark energy in generalized Galileon theories,gamma_ray_bursts_and_supernovae,Astronomy and Astrophysics,60904838,60904838,0,,W2611643841,10.1088/1475-7516/2018/02/003,34,71,openalex_v3_query_core,0,,strict,Cosmology and Gravitation Theories,60904838,Cosmology and Gravitation Theories,Cosmology and Gravitation Theories,0,2025
https://openalex.org/W2886864184,2018,Relativistic Tidal Disruption and Nuclear Ignition of White Dwarf Stars by Intermediate-mass Black Holes,gamma_ray_bursts_and_supernovae,Astronomy and Astrophysics,63203493,63203493,0,,W2886864184,10.3847/1538-4357/aadad9,34,52,openalex_v3_query_core,0,,strict,Gamma-ray bursts and supernovae,63203493,Gamma-ray bursts and supernovae,Gamma-ray bursts and supernovae,0,2025
https://openalex.org/W2887024510,2018,The Principles and Laws of Black Hole Universe,gamma_ray_bursts_and_supernovae,Astronomy and Astrophysics,60904838,60904838,0,,W2887024510,10.4236/jmp.2018.99117,34,33,openalex_v3_query_core,0,,strict,Cosmology and Gravitation Theories,60904838,Cosmology and Gravitation Theories,Cosmology and Gravitation Theories,0,2025
https://openalex.org/W2890711907,2018,The AMBRE Project: <i>r</i>-process elements in the Milky Way thin and thick discs,gamma_ray_bursts_and_supernovae,Astronomy and Astrophysics,60904056,60904056,0,,W2890711907,10.1051/0004-6361/201833782,34,84,openalex_v3_query_core,0,,strict,"Stellar, planetary, and galactic studies",60904056,"Stellar, planetary, and galactic studies","Stellar, planetary, and galactic studies",0,2025
https://openalex.org/W2924893200,2019,A Radiative Transfer Module for Relativistic Magnetohydrodynamics in the PLUTO Code,gamma_ray_bursts_and_supernovae,Nuclear and High Energy Physics,60989728,60989728,0,,W2924893200,10.3847/1538-4365/ab18ff,34,47,openalex_v3_query_core,0,,strict,High-Energy Particle Collisions Research,60989728,High-Energy Particle Collisions Research,High-Energy Particle Collisions Research,0,2025
https://openalex.org/W2942495871,2020,Timing the neutrino signal of a Galactic supernova,gamma_ray_bursts_and_supernovae,Nuclear and High Energy Physics,61058366,61058366,0,,W2942495871,10.1103/physrevd.101.123018,34,68,openalex_v3_query_core,0,,strict,Neutrino Physics Research,61058366,Neutrino Physics Research,Neutrino Physics Research,0,2025
https://openalex.org/W2972666938,2020,An accurate perturbative approach to redshift space clustering of biased tracers in modified gravity,gamma_ray_bursts_and_supernovae,Astronomy and Astrophysics,60903922,60903922,0,,W2972666938,10.1088/1475-7516/2020/01/055,34,116,openalex_v3_query_core,0,,strict,"Galaxies: Formation, Evolution, Phenomena",60903922,"Galaxies: Formation, Evolution, Phenomena","Galaxies: Formation, Evolution, Phenomena",0,2025
https://openalex.org/W3048418178,2020,Nuclear burning in collapsar accretion discs,gamma_ray_bursts_and_supernovae,Astronomy and Astrophysics,63203493,63203493,0,,W3048418178,10.1093/mnras/staa3002,34,86,openalex_v3_query_core,0,,strict,Gamma-ray bursts and supernovae,63203493,Gamma-ray bursts and supernovae,Gamma-ray bursts and supernovae,0,2025
https://openalex.org/W3048582549,2020,"Unsupervised machine learning for transient discovery in deeper, wider, faster light curves",gamma_ray_bursts_and_supernovae,Astronomy and Astrophysics,63203493,63203493,0,,W3048582549,10.1093/mnras/staa2395,34,106,openalex_v3_query_core,0,,strict,Gamma-ray bursts and supernovae,63203493,Gamma-ray bursts and supernovae,Gamma-ray bursts and supernovae,0,2025
https://openalex.org/W3095585269,2020,Stars and gas in the most metal-poor galaxies – I. COS and MUSE observations of SBS 0335−052E,gamma_ray_bursts_and_supernovae,Astronomy and Astrophysics,60903922,60903922,0,,W3095585269,10.1093/mnras/staa3365,34,212,openalex_v3_query_core,0,,strict,"Galaxies: Formation, Evolution, Phenomena",60903922,"Galaxies: Formation, Evolution, Phenomena","Galaxies: Formation, Evolution, Phenomena",0,2025
https://openalex.org/W3083142803,2021,Cosmological perturbations in modified teleparallel gravity models: boundary term extension,gamma_ray_bursts_and_supernovae,Astronomy and Astrophysics,60904838,60904838,0,,W3083142803,10.1140/epjc/s10052-021-08833-2,34,89,openalex_v3_query_core,0,,strict,Cosmology and Gravitation Theories,60904838,Cosmology and Gravitation Theories,Cosmology and Gravitation Theories,0,2025
https://openalex.org/W3129707211,2021,On particle acceleration and transport in plasmas in the Galaxy: theory and observations,gamma_ray_bursts_and_supernovae,Nuclear and High Energy Physics,61041081,61041081,0,,W3129707211,10.1017/s0022377821000064,34,251,openalex_v3_query_core,0,,strict,Astrophysics and Cosmic Phenomena,61041081,Astrophysics and Cosmic Phenomena,Astrophysics and Cosmic Phenomena,0,2025
https://openalex.org/W3137253861,2021,Sensitivity of future liquid argon dark matter search experiments to core-collapse supernova neutrinos,gamma_ray_bursts_and_supernovae,Nuclear and High Energy Physics,63152924,63152924,0,,W3137253861,,34,56,openalex_v3_query_core,0,,strict,Dark Matter and Cosmic Phenomena,63152924,Dark Matter and Cosmic Phenomena,Dark Matter and Cosmic Phenomena,0,2025
https://openalex.org/W3196467357,2021,Faint objects in motion: the new frontier of high precision astrometry,gamma_ray_bursts_and_supernovae,Astronomy and Astrophysics,60904056,60904056,0,,W3196467357,10.1007/s10686-021-09781-1,34,212,openalex_v3_query_core,0,,strict,"Stellar, planetary, and galactic studies",60904056,"Stellar, planetary, and galactic studies","Stellar, planetary, and galactic studies",0,2025
https://openalex.org/W4220979020,2022,Resonant nonlinear pairs in the axiverse and their late-time direct and astrophysical signatures,gamma_ray_bursts_and_supernovae,Nuclear and High Energy Physics,63152924,63152924,0,,W4220979020,10.1103/physrevd.105.055005,34,185,openalex_v3_query_core,0,,strict,Dark Matter and Cosmic Phenomena,63152924,Dark Matter and Cosmic Phenomena,Dark Matter and Cosmic Phenomena,0,2025
https://openalex.org/W4223517014,2022,High energy particles from young supernovae: gamma-ray and neutrino connections,gamma_ray_bursts_and_supernovae,Nuclear and High Energy Physics,61041081,61041081,0,,W4223517014,10.1088/1475-7516/2022/08/011,34,246,openalex_v3_query_core,0,,strict,Astrophysics and Cosmic Phenomena,61041081,Astrophysics and Cosmic Phenomena,Astrophysics and Cosmic Phenomena,0,2025
https://openalex.org/W4297826481,2022,India's First Robotic Eye for Time-domain Astrophysics: The GROWTH-India Telescope,gamma_ray_bursts_and_supernovae,Astronomy and Astrophysics,63203493,63203493,0,,W4297826481,10.3847/1538-3881/ac7bea,34,54,openalex_v3_query_core,0,,strict,Gamma-ray bursts and supernovae,63203493,Gamma-ray bursts and supernovae,Gamma-ray bursts and supernovae,0,2025
https://openalex.org/W4306908954,2022,Stochastic gravitational wave background: Methods and implications,gamma_ray_bursts_and_supernovae,Astronomy and Astrophysics,60973087,60973087,0,,W4306908954,10.1016/j.ppnp.2022.104003,34,196,openalex_v3_query_core,0,,strict,Pulsars and Gravitational Waves Research,60973087,Pulsars and Gravitational Waves Research,Pulsars and Gravitational Waves Research,0,2025
https://openalex.org/W4224241407,2023,Stripped-envelope stars in different metallicity environments,gamma_ray_bursts_and_supernovae,Astronomy and Astrophysics,60904056,60904056,0,,W4224241407,10.1051/0004-6361/202243519,34,175,openalex_v3_query_core,0,,strict,"Stellar, planetary, and galactic studies",60904056,"Stellar, planetary, and galactic studies","Stellar, planetary, and galactic studies",0,2025
https://openalex.org/W4379468668,2023,A Sensitive Search for Supernova Emission Associated with the Extremely Energetic and Nearby GRB 221009A,gamma_ray_bursts_and_supernovae,Astronomy and Astrophysics,63203493,63203493,0,,W4379468668,10.3847/2041-8213/accf97,34,56,openalex_v3_query_core,0,,strict,Gamma-ray bursts and supernovae,63203493,Gamma-ray bursts and supernovae,Gamma-ray bursts and supernovae,0,2025
https://openalex.org/W4385714925,2023,Tensions with the flat ΛCDM model from high-redshift cosmography,gamma_ray_bursts_and_supernovae,Astronomy and Astrophysics,60904838,60904838,0,,W4385714925,10.1093/mnras/stad2326,34,136,openalex_v3_query_core,0,,strict,Cosmology and Gravitation Theories,60904838,Cosmology and Gravitation Theories,Cosmology and Gravitation Theories,0,2025
https://openalex.org/W4396767807,2024,Constraints on Neutrino Natal Kicks from Black-Hole Binary VFTS 243,gamma_ray_bursts_and_supernovae,Nuclear and High Energy Physics,61041081,61041081,0,,W4396767807,10.1103/physrevlett.132.191403,34,124,openalex_v3_query_core,0,,strict,Astrophysics and Cosmic Phenomena,61041081,Astrophysics and Cosmic Phenomena,Astrophysics and Cosmic Phenomena,0,2025
https://openalex.org/W4400554516,2024,The Peculiar Precursor of a Gamma-Ray Burst from a Binary Merger Involving a Magnetar,gamma_ray_bursts_and_supernovae,Astronomy and Astrophysics,63203493,63203493,0,,W4400554516,10.3847/1538-4357/ad4ee1,34,76,openalex_v3_query_core,0,,strict,Gamma-ray bursts and supernovae,63203493,Gamma-ray bursts and supernovae,Gamma-ray bursts and supernovae,0,2025
https://openalex.org/W4404636801,2024,Updating neutrino mass constraints with background measurements,gamma_ray_bursts_and_supernovae,Nuclear and High Energy Physics,61058366,61058366,0,,W4404636801,10.1103/physrevd.110.103536,34,65,openalex_v3_query_core,0,,strict,Neutrino Physics Research,61058366,Neutrino Physics Research,Neutrino Physics Research,0,2025
https://openalex.org/W1976498768,1992,Search for neutrino bursts from collapsing stars with the MACRO detector,gamma_ray_bursts_and_supernovae,Nuclear and High Energy Physics,61041081,61041081,0,,W1976498768,10.1016/0927-6505(92)90005-k,33,22,openalex_v3_query_core,0,,strict,Astrophysics and Cosmic Phenomena,61041081,Astrophysics and Cosmic Phenomena,Astrophysics and Cosmic Phenomena,0,2025
https://openalex.org/W2007423897,1999,"Some comments on triggers, energetics and beaming",gamma_ray_bursts_and_supernovae,Astronomy and Astrophysics,63203493,63203493,0,,W2007423897,10.1051/aas:1999324,33,0,openalex_v3_query_core,0,,strict,Gamma-ray bursts and supernovae,63203493,Gamma-ray bursts and supernovae,Gamma-ray bursts and supernovae,0,2025
https://openalex.org/W2808385362,2002,Lightcurve Classification in Massive Variability Surveys,gamma_ray_bursts_and_supernovae,Applied Mathematics,67717626,67717626,0,,W2808385362,10.17863/cam.24114,33,3,openalex_v3_query_core,0,,strict,Statistical and numerical algorithms,67717626,Statistical and numerical algorithms,Statistical and numerical algorithms,0,2025
https://openalex.org/W2088029247,2003,The nature of the prompt X-ray and radio emission from SN 2002ap,gamma_ray_bursts_and_supernovae,Astronomy and Astrophysics,63203493,63203493,0,,W2088029247,10.1051/0004-6361:20021576,33,15,openalex_v3_query_core,0,,strict,Gamma-ray bursts and supernovae,63203493,Gamma-ray bursts and supernovae,Gamma-ray bursts and supernovae,0,2025
https://openalex.org/W2097728808,2004,Astrophysical significance of the detection of coalescing binaries with gravitational waves,gamma_ray_bursts_and_supernovae,Astronomy and Astrophysics,60973087,60973087,0,,W2097728808,10.1051/0004-6361:20034071,33,37,openalex_v3_query_core,0,,strict,Pulsars and Gravitational Waves Research,60973087,Pulsars and Gravitational Waves Research,Pulsars and Gravitational Waves Research,0,2025
https://openalex.org/W2067867094,2005,Late-epoch optical and near-infrared observations of the GRB 000911 afterglow and its host galaxy,gamma_ray_bursts_and_supernovae,Astronomy and Astrophysics,63203493,63203493,0,,W2067867094,10.1051/0004-6361:20052763,33,105,openalex_v3_query_core,0,,strict,Gamma-ray bursts and supernovae,63203493,Gamma-ray bursts and supernovae,Gamma-ray bursts and supernovae,0,2025
https://openalex.org/W1854857689,2006,PARAMESH,gamma_ray_bursts_and_supernovae,Astronomy and Astrophysics,60938632,60938632,0,,W1854857689,10.1016/b978-044452206-1/50041-0,33,9,openalex_v3_query_core,0,,strict,Solar and Space Plasma Dynamics,60938632,Solar and Space Plasma Dynamics,Solar and Space Plasma Dynamics,0,2025
https://openalex.org/W2075279017,2007,Light-Curve Calculations of Supernovae from Fallback Gamma-Ray Bursts,gamma_ray_bursts_and_supernovae,Astronomy and Astrophysics,63203493,63203493,0,,W2075279017,10.1086/519523,33,19,openalex_v3_query_core,0,,strict,Gamma-ray bursts and supernovae,63203493,Gamma-ray bursts and supernovae,Gamma-ray bursts and supernovae,0,2025
https://openalex.org/W2115097372,2007,Observations of GRBs at high redshift,gamma_ray_bursts_and_supernovae,Astronomy and Astrophysics,63203493,63203493,0,,W2115097372,10.1098/rsta.2006.1992,33,46,openalex_v3_query_core,0,,strict,Gamma-ray bursts and supernovae,63203493,Gamma-ray bursts and supernovae,Gamma-ray bursts and supernovae,0,2025
https://openalex.org/W1585368360,2009,Constraining Dvali-Gabadadze-Porrati gravity from observational data,gamma_ray_bursts_and_supernovae,Astronomy and Astrophysics,60904838,60904838,0,,W1585368360,10.1103/physrevd.79.103527,33,65,openalex_v3_query_core,0,,strict,Cosmology and Gravitation Theories,60904838,Cosmology and Gravitation Theories,Cosmology and Gravitation Theories,0,2025
https://openalex.org/W2086986312,2011,THE MOST SLOWLY DECLINING TYPE Ia SUPERNOVA 2001ay,gamma_ray_bursts_and_supernovae,Astronomy and Astrophysics,63203493,63203493,0,,W2086986312,10.1088/0004-6256/142/3/74,33,104,openalex_v3_query_core,0,,strict,Gamma-ray bursts and supernovae,63203493,Gamma-ray bursts and supernovae,Gamma-ray bursts and supernovae,0,2025
https://openalex.org/W3100069248,2012,GRB060614: a “fake ” short GRB from a merging binary system,gamma_ray_bursts_and_supernovae,Astronomy and Astrophysics,63203493,63203493,0,,W3100069248,10.1051/0004-6361/200810676/pdf,33,78,openalex_v3_query_core,0,,strict,Gamma-ray bursts and supernovae,63203493,Gamma-ray bursts and supernovae,Gamma-ray bursts and supernovae,0,2025
https://openalex.org/W1965372723,2014,A Review of High School Level Astronomy Student Research Projects Over the Last Two Decades,gamma_ray_bursts_and_supernovae,Astronomy and Astrophysics,65537523,65537523,0,,W1965372723,10.1017/pasa.2014.30,33,47,openalex_v3_query_core,0,,strict,History and Developments in Astronomy,65537523,History and Developments in Astronomy,History and Developments in Astronomy,0,2025
https://openalex.org/W2096105106,2014,"<i>HUBBLE SPACE TELESCOPE</i>OBSERVATIONS OF THE AFTERGLOW, SUPERNOVA, AND HOST GALAXY ASSOCIATED WITH THE EXTREMELY BRIGHT GRB 130427A",gamma_ray_bursts_and_supernovae,Astronomy and Astrophysics,63203493,63203493,0,,W2096105106,10.1088/0004-637x/792/2/115,33,36,openalex_v3_query_core,0,,strict,Gamma-ray bursts and supernovae,63203493,Gamma-ray bursts and supernovae,Gamma-ray bursts and supernovae,0,2025
https://openalex.org/W2164737000,2015,What powers the 3000-day light curve of SN 2006gy?,gamma_ray_bursts_and_supernovae,Astronomy and Astrophysics,63203493,63203493,0,,W2164737000,10.1093/mnras/stv2270,33,48,openalex_v3_query_core,0,,strict,Gamma-ray bursts and supernovae,63203493,Gamma-ray bursts and supernovae,Gamma-ray bursts and supernovae,0,2025
https://openalex.org/W2469317577,2016,Probing dust-obscured star formation in the most massive gamma-ray burst host galaxies,gamma_ray_bursts_and_supernovae,Astronomy and Astrophysics,63203493,63203493,0,,W2469317577,10.1051/0004-6361/201628861,33,101,openalex_v3_query_core,0,,strict,Gamma-ray bursts and supernovae,63203493,Gamma-ray bursts and supernovae,Gamma-ray bursts and supernovae,0,2025
https://openalex.org/W3101965678,2016,Improved Distance Determination To M51 From Supernovae 2011dh And 2005cs,gamma_ray_bursts_and_supernovae,Astronomy and Astrophysics,63203493,63203493,0,,W3101965678,10.15781/t2421c,33,35,openalex_v3_query_core,0,,strict,Gamma-ray bursts and supernovae,63203493,Gamma-ray bursts and supernovae,Gamma-ray bursts and supernovae,0,2025
https://openalex.org/W2566859109,2017,Boosted dark matter and its implications for the features in IceCube HESE data,gamma_ray_bursts_and_supernovae,Nuclear and High Energy Physics,61041081,61041081,0,,W2566859109,10.1088/1475-7516/2017/05/002,33,210,openalex_v3_query_core,0,,strict,Astrophysics and Cosmic Phenomena,61041081,Astrophysics and Cosmic Phenomena,Astrophysics and Cosmic Phenomena,0,2025
https://openalex.org/W2609965451,2017,The evolution of the 3D shape of the broad-lined Type Ic SN 2014ad,gamma_ray_bursts_and_supernovae,Astronomy and Astrophysics,63203493,63203493,0,,W2609965451,10.1093/mnras/stx970,33,97,openalex_v3_query_core,0,,strict,Gamma-ray bursts and supernovae,63203493,Gamma-ray bursts and supernovae,Gamma-ray bursts and supernovae,0,2025
https://openalex.org/W2770063284,2017,The habitability of the Milky Way during the active phase of its central supermassive black hole,gamma_ray_bursts_and_supernovae,Astronomy and Astrophysics,61024309,61024309,0,,W2770063284,10.1038/s41598-017-16110-0,33,25,openalex_v3_query_core,0,,strict,Astrophysical Phenomena and Observations,61024309,Astrophysical Phenomena and Observations,Astrophysical Phenomena and Observations,0,2025
https://openalex.org/W2970055636,2018,All-sky search for long-duration gravitational wave transients in the first Advanced LIGO observing run,gamma_ray_bursts_and_supernovae,Astronomy and Astrophysics,60973087,60973087,0,,W2970055636,10.1088/1361-6382/aaab76,33,87,openalex_v3_query_core,0,,strict,Pulsars and Gravitational Waves Research,60973087,Pulsars and Gravitational Waves Research,Pulsars and Gravitational Waves Research,0,2025
https://openalex.org/W2866222826,2019,On some novel features of the Kerr–Newman-NUT spacetime,gamma_ray_bursts_and_supernovae,Astronomy and Astrophysics,61024309,61024309,0,,W2866222826,10.1140/epjc/s10052-019-6662-2,33,93,openalex_v3_query_core,0,,strict,Astrophysical Phenomena and Observations,61024309,Astrophysical Phenomena and Observations,Astrophysical Phenomena and Observations,0,2025
https://openalex.org/W2944458171,2019,Finding the Remnants of the Milky Way's Last Neutron Star Mergers,gamma_ray_bursts_and_supernovae,Astronomy and Astrophysics,63203493,63203493,0,,W2944458171,10.3847/1538-4357/ab2593,33,99,openalex_v3_query_core,0,,strict,Gamma-ray bursts and supernovae,63203493,Gamma-ray bursts and supernovae,Gamma-ray bursts and supernovae,0,2025
https://openalex.org/W2971193027,2019,Tau lepton asymmetry by sterile neutrino emission—moving beyond one-zone supernova models,gamma_ray_bursts_and_supernovae,Nuclear and High Energy Physics,61058366,61058366,0,,W2971193027,10.1088/1475-7516/2019/12/019,33,42,openalex_v3_query_core,0,,strict,Neutrino Physics Research,61058366,Neutrino Physics Research,Neutrino Physics Research,0,2025
https://openalex.org/W2964357606,2020,Gamma-ray burst lensing parallax: Closing the primordial black hole dark matter mass window,gamma_ray_bursts_and_supernovae,Astronomy and Astrophysics,63203493,63203493,0,,W2964357606,10.1103/physrevresearch.2.013113,33,25,openalex_v3_query_core,0,,strict,Gamma-ray bursts and supernovae,63203493,Gamma-ray bursts and supernovae,Gamma-ray bursts and supernovae,0,2025
https://openalex.org/W3082303037,2020,Testing cosmic anisotropy with Pantheon sample and quasars at high redshifts,gamma_ray_bursts_and_supernovae,Astronomy and Astrophysics,60903922,60903922,0,,W3082303037,10.1051/0004-6361/202038541,33,104,openalex_v3_query_core,0,,strict,"Galaxies: Formation, Evolution, Phenomena",60903922,"Galaxies: Formation, Evolution, Phenomena","Galaxies: Formation, Evolution, Phenomena",0,2025
https://openalex.org/W3175586522,2021,Luminous Late-time Radio Emission from Supernovae Detected by the Karl G. Jansky Very Large Array Sky Survey (VLASS),gamma_ray_bursts_and_supernovae,Astronomy and Astrophysics,63203493,63203493,0,,W3175586522,10.3847/2041-8213/ac375e,33,109,openalex_v3_query_core,0,,strict,Gamma-ray bursts and supernovae,63203493,Gamma-ray bursts and supernovae,Gamma-ray bursts and supernovae,0,2025
https://openalex.org/W3194979520,2021,The cosmic ray-driven streaming instability in astrophysical and space plasmas,gamma_ray_bursts_and_supernovae,Nuclear and High Energy Physics,61041081,61041081,0,,W3194979520,10.1063/5.0013662,33,213,openalex_v3_query_core,0,,strict,Astrophysics and Cosmic Phenomena,61041081,Astrophysics and Cosmic Phenomena,Astrophysics and Cosmic Phenomena,0,2025
https://openalex.org/W3198923460,2021,Soft gamma rays from low accreting supermassive black holes and connection to energetic neutrinos,gamma_ray_bursts_and_supernovae,Nuclear and High Energy Physics,61041081,61041081,0,,W3198923460,10.1038/s41467-021-25111-7,33,169,openalex_v3_query_core,0,,strict,Astrophysics and Cosmic Phenomena,61041081,Astrophysics and Cosmic Phenomena,Astrophysics and Cosmic Phenomena,0,2025
https://openalex.org/W3199148824,2021,"The Type II supernova SN 2020jfo in M 61, implications for progenitor system, and explosion dynamics",gamma_ray_bursts_and_supernovae,Astronomy and Astrophysics,63203493,63203493,0,,W3199148824,10.1051/0004-6361/202141374,33,121,openalex_v3_query_core,0,,strict,Gamma-ray bursts and supernovae,63203493,Gamma-ray bursts and supernovae,Gamma-ray bursts and supernovae,0,2025
https://openalex.org/W3210674922,2021,Multi-scale feedback and feeding in the closest radio galaxy Centaurus A,gamma_ray_bursts_and_supernovae,Astronomy and Astrophysics,60903922,60903922,0,,W3210674922,10.1038/s41550-021-01553-3,33,176,openalex_v3_query_core,0,,strict,"Galaxies: Formation, Evolution, Phenomena",60903922,"Galaxies: Formation, Evolution, Phenomena","Galaxies: Formation, Evolution, Phenomena",0,2025
https://openalex.org/W2508075453,2022,Laser Driven Nuclear physics at ELINP,gamma_ray_bursts_and_supernovae,Nuclear and High Energy Physics,60956189,60956189,0,,W2508075453,10.48550/arxiv.2201.01068,33,0,openalex_v3_query_core,0,,strict,Laser-Plasma Interactions and Diagnostics,60956189,Laser-Plasma Interactions and Diagnostics,Laser-Plasma Interactions and Diagnostics,0,2025
https://openalex.org/W4229060948,2022,Dancing in the dark: detecting a population of distant primordial black holes,gamma_ray_bursts_and_supernovae,Astronomy and Astrophysics,60973087,60973087,0,,W4229060948,10.1088/1475-7516/2022/08/006,33,158,openalex_v3_query_core,0,,strict,Pulsars and Gravitational Waves Research,60973087,Pulsars and Gravitational Waves Research,Pulsars and Gravitational Waves Research,0,2025
https://openalex.org/W4312219313,2022,Can high-redshift Hubble diagrams rule out the standard model of cosmology in the context of cosmography?,gamma_ray_bursts_and_supernovae,Astronomy and Astrophysics,63203493,63203493,0,,W4312219313,10.1103/physrevd.106.123523,33,116,openalex_v3_query_core,0,,strict,Gamma-ray bursts and supernovae,63203493,Gamma-ray bursts and supernovae,Gamma-ray bursts and supernovae,0,2025
https://openalex.org/W4385331635,2023,Evidence for mass-dependent peculiar velocities in compact object binaries: towards better constraints on natal kicks,gamma_ray_bursts_and_supernovae,Astronomy and Astrophysics,60973087,60973087,0,,W4385331635,10.1093/mnras/stad2226,33,291,openalex_v3_query_core,0,,strict,Pulsars and Gravitational Waves Research,60973087,Pulsars and Gravitational Waves Research,Pulsars and Gravitational Waves Research,0,2025
https://openalex.org/W4389218449,2023,An off-axis relativistic jet seen in the long lasting delayed radio flare of the TDE AT 2018hyz,gamma_ray_bursts_and_supernovae,Astronomy and Astrophysics,63203493,63203493,0,,W4389218449,10.1093/mnras/stad3717,33,80,openalex_v3_query_core,0,,strict,Gamma-ray bursts and supernovae,63203493,Gamma-ray bursts and supernovae,Gamma-ray bursts and supernovae,0,2025
https://openalex.org/W2116532038,2002,LIGO/VIRGO Searches for Gravitational Radiation in Hypernovae,gamma_ray_bursts_and_supernovae,Astronomy and Astrophysics,63203493,63203493,0,,W2116532038,10.1086/342781,32,30,openalex_v3_query_core,0,,strict,Gamma-ray bursts and supernovae,63203493,Gamma-ray bursts and supernovae,Gamma-ray bursts and supernovae,0,2025
https://openalex.org/W2133236448,2004,Brany Liouville inflation,gamma_ray_bursts_and_supernovae,Astronomy and Astrophysics,60904838,60904838,0,,W2133236448,10.1088/1367-2630/6/1/171,32,129,openalex_v3_query_core,0,,strict,Cosmology and Gravitation Theories,60904838,Cosmology and Gravitation Theories,Cosmology and Gravitation Theories,0,2025
https://openalex.org/W1996778966,2005,A Toy Model for Gamma‐Ray Bursts in Type Ib/c Supernovae,gamma_ray_bursts_and_supernovae,Astronomy and Astrophysics,63203493,63203493,0,,W1996778966,10.1086/426378,32,41,openalex_v3_query_core,0,,strict,Gamma-ray bursts and supernovae,63203493,Gamma-ray bursts and supernovae,Gamma-ray bursts and supernovae,0,2025
https://openalex.org/W2059370917,2006,The short-duration GRB 050724 host galaxy in the context of the long-duration GRB hosts,gamma_ray_bursts_and_supernovae,Astronomy and Astrophysics,63203493,63203493,0,,W2059370917,10.1051/0004-6361:20054373,32,48,openalex_v3_query_core,0,,strict,Gamma-ray bursts and supernovae,63203493,Gamma-ray bursts and supernovae,Gamma-ray bursts and supernovae,0,2025
https://openalex.org/W3102305933,2006,HYDROGEN IN TYPE Ic SUPERNOVAE?,gamma_ray_bursts_and_supernovae,Astronomy and Astrophysics,63203493,63203493,0,,W3102305933,,32,41,openalex_v3_query_core,0,,strict,Gamma-ray bursts and supernovae,63203493,Gamma-ray bursts and supernovae,Gamma-ray bursts and supernovae,0,2025
https://openalex.org/W1754896214,2010,Evolution of the Chandra CCD spectra of SNR 1987A: probing the reflected-shock picture,gamma_ray_bursts_and_supernovae,Astronomy and Astrophysics,61024309,61024309,0,,W1754896214,10.1111/j.1365-2966.2010.16967.x,32,92,openalex_v3_query_core,0,,strict,Astrophysical Phenomena and Observations,61024309,Astrophysical Phenomena and Observations,Astrophysical Phenomena and Observations,0,2025
https://openalex.org/W2096198253,2010,The outer rings of SN 1987A,gamma_ray_bursts_and_supernovae,Astronomy and Astrophysics,63203493,63203493,0,,W2096198253,10.1051/0004-6361/201015576,32,35,openalex_v3_query_core,0,,strict,Gamma-ray bursts and supernovae,63203493,Gamma-ray bursts and supernovae,Gamma-ray bursts and supernovae,0,2025
https://openalex.org/W3122154166,2010,Observational upper limits on the gravitational wave production of core collapse supernovae,gamma_ray_bursts_and_supernovae,Astronomy and Astrophysics,60973087,60973087,0,,W3122154166,,32,60,openalex_v3_query_core,0,,strict,Pulsars and Gravitational Waves Research,60973087,Pulsars and Gravitational Waves Research,Pulsars and Gravitational Waves Research,0,2025
https://openalex.org/W1797363519,2011,Nearby low-luminosity gamma-ray bursts as the sources of ultra-high-energy cosmic rays revisited,gamma_ray_bursts_and_supernovae,Astronomy and Astrophysics,63203493,63203493,0,,W1797363519,10.1111/j.1365-2966.2011.19590.x,32,57,openalex_v3_query_core,0,,strict,Gamma-ray bursts and supernovae,63203493,Gamma-ray bursts and supernovae,Gamma-ray bursts and supernovae,0,2025
https://openalex.org/W2026992861,2011,LATE-TIME LIGHT CURVES OF TYPE II SUPERNOVAE: PHYSICAL PROPERTIES OF SUPERNOVAE AND THEIR ENVIRONMENT,gamma_ray_bursts_and_supernovae,Astronomy and Astrophysics,63203493,63203493,0,,W2026992861,10.1088/0004-637x/744/1/26,32,66,openalex_v3_query_core,0,,strict,Gamma-ray bursts and supernovae,63203493,Gamma-ray bursts and supernovae,Gamma-ray bursts and supernovae,0,2025
https://openalex.org/W2296415690,2015,Nucleosynthetic Isotope Variations of Siderophile and Chalcophile Elements in the Solar System,gamma_ray_bursts_and_supernovae,Astronomy and Astrophysics,60955404,60955404,0,,W2296415690,10.2138/rmg.2016.81.03,32,223,openalex_v3_query_core,0,,strict,Astro and Planetary Science,60955404,Astro and Planetary Science,Astro and Planetary Science,0,2025
https://openalex.org/W2376456712,2016,ASASSN-15LH: A SUPERLUMINOUS ULTRAVIOLET REBRIGHTENING OBSERVED BY SWIFT AND HUBBLE*,gamma_ray_bursts_and_supernovae,Astronomy and Astrophysics,63203493,63203493,0,,W2376456712,10.3847/0004-637x/828/1/3,32,78,openalex_v3_query_core,0,,strict,Gamma-ray bursts and supernovae,63203493,Gamma-ray bursts and supernovae,Gamma-ray bursts and supernovae,0,2025
https://openalex.org/W3102163891,2016,The e-ASTROGAM gamma-ray space mission,gamma_ray_bursts_and_supernovae,Nuclear and High Energy Physics,61041081,61041081,0,,W3102163891,,32,33,openalex_v3_query_core,0,,strict,Astrophysics and Cosmic Phenomena,61041081,Astrophysics and Cosmic Phenomena,Astrophysics and Cosmic Phenomena,0,2025
https://openalex.org/W2561114971,2017,A Targeted Search for Point Sources of EeV Photons with the Pierre Auger Observatory,gamma_ray_bursts_and_supernovae,Nuclear and High Energy Physics,61041081,61041081,0,,W2561114971,10.3847/2041-8213/aa61a5,32,39,openalex_v3_query_core,0,,strict,Astrophysics and Cosmic Phenomena,61041081,Astrophysics and Cosmic Phenomena,Astrophysics and Cosmic Phenomena,0,2025
https://openalex.org/W2609581879,2017,Binary companions of nearby supernova remnants found with<i>Gaia</i>,gamma_ray_bursts_and_supernovae,Astronomy and Astrophysics,63203493,63203493,0,,W2609581879,10.1051/0004-6361/201731142,32,129,openalex_v3_query_core,0,,strict,Gamma-ray bursts and supernovae,63203493,Gamma-ray bursts and supernovae,Gamma-ray bursts and supernovae,0,2025
https://openalex.org/W2644137607,2017,Ultrahigh-energy cosmic rays from tidally-ignited white dwarfs,gamma_ray_bursts_and_supernovae,Nuclear and High Energy Physics,61041081,61041081,0,,W2644137607,10.1103/physrevd.96.103003,32,93,openalex_v3_query_core,0,,strict,Astrophysics and Cosmic Phenomena,61041081,Astrophysics and Cosmic Phenomena,Astrophysics and Cosmic Phenomena,0,2025
https://openalex.org/W2953071890,2019,The FRB 121102 Host Is Atypical among Nearby Fast Radio Bursts,gamma_ray_bursts_and_supernovae,Astronomy and Astrophysics,63203493,63203493,0,,W2953071890,10.3847/2041-8213/ab3e41,32,91,openalex_v3_query_core,0,,strict,Gamma-ray bursts and supernovae,63203493,Gamma-ray bursts and supernovae,Gamma-ray bursts and supernovae,0,2025
https://openalex.org/W2964054332,2019,Fundamental Physics with High-Energy Astrophysical Neutrinos Today and in the Future,gamma_ray_bursts_and_supernovae,Nuclear and High Energy Physics,61041081,61041081,0,,W2964054332,10.22323/1.358.0849,32,41,openalex_v3_query_core,0,,strict,Astrophysics and Cosmic Phenomena,61041081,Astrophysics and Cosmic Phenomena,Astrophysics and Cosmic Phenomena,0,2025
https://openalex.org/W2976354661,2019,Kojima-1Lb Is a Mildly Cold Neptune around the Brightest Microlensing Host Star,gamma_ray_bursts_and_supernovae,Astronomy and Astrophysics,60904056,60904056,0,,W2976354661,10.3847/1538-3881/ab487f,32,101,openalex_v3_query_core,0,,strict,"Stellar, planetary, and galactic studies",60904056,"Stellar, planetary, and galactic studies","Stellar, planetary, and galactic studies",0,2025
https://openalex.org/W2991280039,2019,AT 2018cow VLBI: no long-lived relativistic outflow,gamma_ray_bursts_and_supernovae,Astronomy and Astrophysics,63203493,63203493,0,,W2991280039,10.1093/mnras/stz3249,32,56,openalex_v3_query_core,0,,strict,Gamma-ray bursts and supernovae,63203493,Gamma-ray bursts and supernovae,Gamma-ray bursts and supernovae,0,2025
https://openalex.org/W2971326627,2020,Tsallis holographic dark energy in fractal universe,gamma_ray_bursts_and_supernovae,Astronomy and Astrophysics,60904838,60904838,0,,W2971326627,10.1142/s0217732320501072,32,105,openalex_v3_query_core,0,,strict,Cosmology and Gravitation Theories,60904838,Cosmology and Gravitation Theories,Cosmology and Gravitation Theories,0,2025
https://openalex.org/W3095256852,2020,Testing cosmic anisotropy with Pantheon sample and quasars at high redshifts,gamma_ray_bursts_and_supernovae,Astronomy and Astrophysics,60904838,60904838,0,,W3095256852,10.1051/0004-6361/202038541/pdf,32,138,openalex_v3_query_core,0,,strict,Cosmology and Gravitation Theories,60904838,Cosmology and Gravitation Theories,Cosmology and Gravitation Theories,0,2025
https://openalex.org/W3103018644,2020,The effect of the environment-dependent IMF on the formation and metallicities of stars over the cosmic history,gamma_ray_bursts_and_supernovae,Astronomy and Astrophysics,60903922,60903922,0,,W3103018644,10.1051/0004-6361/202037688/pdf,32,128,openalex_v3_query_core,0,,strict,"Galaxies: Formation, Evolution, Phenomena",60903922,"Galaxies: Formation, Evolution, Phenomena","Galaxies: Formation, Evolution, Phenomena",0,2025
https://openalex.org/W3137390984,2021,Multiwavelength Observations of Fast Radio Bursts,gamma_ray_bursts_and_supernovae,Astronomy and Astrophysics,60973087,60973087,0,,W3137390984,10.3390/universe7030076,32,231,openalex_v3_query_core,0,,strict,Pulsars and Gravitational Waves Research,60973087,Pulsars and Gravitational Waves Research,Pulsars and Gravitational Waves Research,0,2025
https://openalex.org/W3216675897,2021,A Decade and a Half of Fast Radio Burst Observations,gamma_ray_bursts_and_supernovae,Astronomy and Astrophysics,60973087,60973087,0,,W3216675897,10.3390/universe7110453,32,303,openalex_v3_query_core,0,,strict,Pulsars and Gravitational Waves Research,60973087,Pulsars and Gravitational Waves Research,Pulsars and Gravitational Waves Research,0,2025
https://openalex.org/W4210365630,2022,White Dwarfs as Physics Laboratories: Lights and Shadows,gamma_ray_bursts_and_supernovae,Nuclear and High Energy Physics,63152924,63152924,0,,W4210365630,10.3389/fspas.2022.815517,32,300,openalex_v3_query_core,0,,strict,Dark Matter and Cosmic Phenomena,63152924,Dark Matter and Cosmic Phenomena,Dark Matter and Cosmic Phenomena,0,2025
https://openalex.org/W4214569019,2022,Can a Single Population Account for the Discriminant Properties in Fast Radio Bursts?,gamma_ray_bursts_and_supernovae,Astronomy and Astrophysics,63203493,63203493,0,,W4214569019,10.3847/1538-4357/ac4d98,32,93,openalex_v3_query_core,0,,strict,Gamma-ray bursts and supernovae,63203493,Gamma-ray bursts and supernovae,Gamma-ray bursts and supernovae,0,2025
https://openalex.org/W4381490609,2023,Prospects of testing late-time cosmology with weak lensing of gravitational waves and galaxy surveys,gamma_ray_bursts_and_supernovae,Astronomy and Astrophysics,60973087,60973087,0,,W4381490609,10.1088/1475-7516/2023/06/050,32,215,openalex_v3_query_core,0,,strict,Pulsars and Gravitational Waves Research,60973087,Pulsars and Gravitational Waves Research,Pulsars and Gravitational Waves Research,0,2025
https://openalex.org/W4388683759,2024,Comprehensive constraints on heavy sterile neutrinos from core-collapse supernovae,gamma_ray_bursts_and_supernovae,Nuclear and High Energy Physics,61058366,61058366,0,,W4388683759,10.1103/physrevd.109.063010,32,123,openalex_v3_query_core,0,,strict,Neutrino Physics Research,61058366,Neutrino Physics Research,Neutrino Physics Research,0,2025
https://openalex.org/W4392004722,2024,Progenitors of Low-redshift Gamma-Ray Bursts,gamma_ray_bursts_and_supernovae,Astronomy and Astrophysics,63203493,63203493,0,,W4392004722,10.3847/2041-8213/ad2763,32,68,openalex_v3_query_core,0,,strict,Gamma-ray bursts and supernovae,63203493,Gamma-ray bursts and supernovae,Gamma-ray bursts and supernovae,0,2025
https://openalex.org/W4399388206,2024,How Gaia sheds light on the Milky Way star cluster population,gamma_ray_bursts_and_supernovae,Astronomy and Astrophysics,60904056,60904056,0,,W4399388206,10.1016/j.newar.2024.101696,32,422,openalex_v3_query_core,0,,strict,"Stellar, planetary, and galactic studies",60904056,"Stellar, planetary, and galactic studies","Stellar, planetary, and galactic studies",0,2025
https://openalex.org/W4400612243,2024,Can teleparallel <i>f(T)</i> models play a bridge between early and late time Universe?,gamma_ray_bursts_and_supernovae,Astronomy and Astrophysics,60904838,60904838,0,,W4400612243,10.1093/mnras/stae1723,32,68,openalex_v3_query_core,0,,strict,Cosmology and Gravitation Theories,60904838,Cosmology and Gravitation Theories,Cosmology and Gravitation Theories,0,2025
https://openalex.org/W2022304528,1998,"Supernovae, Pulsars, and Gamma-Ray Bursts: A Unified Picture",gamma_ray_bursts_and_supernovae,Astronomy and Astrophysics,63203493,63203493,0,,W2022304528,10.1086/311691,31,40,openalex_v3_query_core,0,,strict,Gamma-ray bursts and supernovae,63203493,Gamma-ray bursts and supernovae,Gamma-ray bursts and supernovae,0,2025
https://openalex.org/W2069791713,2002,"Production of Lithium, Beryllium, and Boron by Hypernovae and the Possible Hypernova–Gamma‐Ray Burst Connection",gamma_ray_bursts_and_supernovae,Astronomy and Astrophysics,63203493,63203493,0,,W2069791713,10.1086/343853,31,61,openalex_v3_query_core,0,,strict,Gamma-ray bursts and supernovae,63203493,Gamma-ray bursts and supernovae,Gamma-ray bursts and supernovae,0,2025
https://openalex.org/W2950398490,2004,Supernova / Acceleration Probe: A Satellite Experiment to Study the Nature of the Dark Energy,gamma_ray_bursts_and_supernovae,Astronomy and Astrophysics,63203493,63203493,0,,W2950398490,10.48550/arxiv.astro-ph/0405232,31,0,openalex_v3_query_core,0,,strict,Gamma-ray bursts and supernovae,63203493,Gamma-ray bursts and supernovae,Gamma-ray bursts and supernovae,0,2025
https://openalex.org/W2071800499,2005,Forming supermassive black holes by accreting dark and baryon matter,gamma_ray_bursts_and_supernovae,Astronomy and Astrophysics,60903922,60903922,0,,W2071800499,10.1111/j.1365-2966.2005.09712.x,31,76,openalex_v3_query_core,0,,strict,"Galaxies: Formation, Evolution, Phenomena",60903922,"Galaxies: Formation, Evolution, Phenomena","Galaxies: Formation, Evolution, Phenomena",0,2025
https://openalex.org/W2072193250,2005,Catastrophic ozone loss during passage of the Solar system through an interstellar cloud,gamma_ray_bursts_and_supernovae,Astronomy and Astrophysics,60955404,60955404,0,,W2072193250,10.1029/2004gl021601,31,30,openalex_v3_query_core,0,,strict,Astro and Planetary Science,60955404,Astro and Planetary Science,Astro and Planetary Science,0,2025
https://openalex.org/W2071385726,2006,"Are short<i>γ</i>-ray bursts collimated? GRB 050709, a flare but no break",gamma_ray_bursts_and_supernovae,Astronomy and Astrophysics,63203493,63203493,0,,W2071385726,10.1051/0004-6361:20065380,31,66,openalex_v3_query_core,0,,strict,Gamma-ray bursts and supernovae,63203493,Gamma-ray bursts and supernovae,Gamma-ray bursts and supernovae,0,2025
https://openalex.org/W2171590646,2007,Are<i>Swift</i>gamma-ray bursts consistent with the Ghirlanda relation?,gamma_ray_bursts_and_supernovae,Astronomy and Astrophysics,63203493,63203493,0,,W2171590646,10.1051/0004-6361:20066984,31,90,openalex_v3_query_core,0,,strict,Gamma-ray bursts and supernovae,63203493,Gamma-ray bursts and supernovae,Gamma-ray bursts and supernovae,0,2025
https://openalex.org/W2130732730,2008,On the origin of ultra high energy cosmic rays: subluminal and superluminal relativistic shocks,gamma_ray_bursts_and_supernovae,Nuclear and High Energy Physics,61041081,61041081,0,,W2130732730,10.1051/0004-6361:20078681,31,79,openalex_v3_query_core,0,,strict,Astrophysics and Cosmic Phenomena,61041081,Astrophysics and Cosmic Phenomena,Astrophysics and Cosmic Phenomena,0,2025
https://openalex.org/W1966004357,2009,Vacuum polarization by a cosmic string in de Sitter spacetime,gamma_ray_bursts_and_supernovae,Astronomy and Astrophysics,60904838,60904838,0,,W1966004357,10.1088/1126-6708/2009/04/046,31,66,openalex_v3_query_core,0,,strict,Cosmology and Gravitation Theories,60904838,Cosmology and Gravitation Theories,Cosmology and Gravitation Theories,0,2025
https://openalex.org/W2026438107,2010,High resolution X-ray spectroscopy of SN 1987 A: monitoring with XMM-Newton,gamma_ray_bursts_and_supernovae,Astronomy and Astrophysics,61024309,61024309,0,,W2026438107,10.1051/0004-6361/200913317,31,41,openalex_v3_query_core,0,,strict,Astrophysical Phenomena and Observations,61024309,Astrophysical Phenomena and Observations,Astrophysical Phenomena and Observations,0,2025
https://openalex.org/W2949512605,2010,Observational upper limits on the gravitational wave production of core collapse supernovae,gamma_ray_bursts_and_supernovae,Astronomy and Astrophysics,60973087,60973087,0,,W2949512605,10.1111/j.1745-3933.2010.00965.x,31,45,openalex_v3_query_core,0,,strict,Pulsars and Gravitational Waves Research,60973087,Pulsars and Gravitational Waves Research,Pulsars and Gravitational Waves Research,0,2025
https://openalex.org/W2952134864,2010,THE HIGH ENERGY BUDGET ALLOCATIONS IN SHOCKS AND GAMMA RAY BURSTS,gamma_ray_bursts_and_supernovae,Astronomy and Astrophysics,63203493,63203493,0,,W2952134864,10.1088/0004-637x/722/1/543,31,43,openalex_v3_query_core,0,,strict,Gamma-ray bursts and supernovae,63203493,Gamma-ray bursts and supernovae,Gamma-ray bursts and supernovae,0,2025
https://openalex.org/W3099706119,2012,Stellar Evolution at Low Metallicity,gamma_ray_bursts_and_supernovae,Astronomy and Astrophysics,60904056,60904056,0,,W3099706119,,31,31,openalex_v3_query_core,0,,strict,"Stellar, planetary, and galactic studies",60904056,"Stellar, planetary, and galactic studies","Stellar, planetary, and galactic studies",0,2025
https://openalex.org/W2007963492,2015,Solar Irradiance Changes and Photobiological Effects at Earth's Surface Following Astrophysical Ionizing Radiation Events,gamma_ray_bursts_and_supernovae,Physiology,65399841,65399841,0,,W2007963492,10.1089/ast.2014.1224,31,93,openalex_v3_query_core,0,,strict,Spaceflight effects on biology,65399841,Spaceflight effects on biology,Spaceflight effects on biology,0,2025
https://openalex.org/W2267999807,2015,Photometric and polarimetric observations of fast declining Type II supernovae 2013hj and 2014G,gamma_ray_bursts_and_supernovae,Astronomy and Astrophysics,63203493,63203493,0,,W2267999807,10.1093/mnras/stv2351,31,104,openalex_v3_query_core,0,,strict,Gamma-ray bursts and supernovae,63203493,Gamma-ray bursts and supernovae,Gamma-ray bursts and supernovae,0,2025
https://openalex.org/W2789830480,2015,The Transient Universe with the Square Kilometre Array,gamma_ray_bursts_and_supernovae,Astronomy and Astrophysics,60904838,60904838,0,,W2789830480,10.22323/1.215.0051,31,22,openalex_v3_query_core,0,,strict,Cosmology and Gravitation Theories,60904838,Cosmology and Gravitation Theories,Cosmology and Gravitation Theories,0,2025
https://openalex.org/W2479269906,2016,"Dispersion by pulsars, magnetars, fast radio bursts and massive electromagnetism at very low radio frequencies",gamma_ray_bursts_and_supernovae,Astronomy and Astrophysics,60973087,60973087,0,,W2479269906,10.1016/j.asr.2016.10.018,31,168,openalex_v3_query_core,0,,strict,Pulsars and Gravitational Waves Research,60973087,Pulsars and Gravitational Waves Research,Pulsars and Gravitational Waves Research,0,2025
https://openalex.org/W2598027915,2017,OGLE-2014-SN-131: A long-rising Type Ibn supernova from a massive progenitor,gamma_ray_bursts_and_supernovae,Astronomy and Astrophysics,63203493,63203493,0,,W2598027915,10.1051/0004-6361/201629619,31,78,openalex_v3_query_core,0,,strict,Gamma-ray bursts and supernovae,63203493,Gamma-ray bursts and supernovae,Gamma-ray bursts and supernovae,0,2025
https://openalex.org/W2803386211,2018,VLT/X-shooter GRBs: Individual extinction curves of star-forming regions★,gamma_ray_bursts_and_supernovae,Astronomy and Astrophysics,63203493,63203493,0,,W2803386211,10.1093/mnras/sty1380,31,116,openalex_v3_query_core,0,,strict,Gamma-ray bursts and supernovae,63203493,Gamma-ray bursts and supernovae,Gamma-ray bursts and supernovae,0,2025
https://openalex.org/W2983117513,2019,Neutron rich matter in the laboratory and in the heavens after GW170817,gamma_ray_bursts_and_supernovae,Astronomy and Astrophysics,63203493,63203493,0,,W2983117513,10.1016/j.aop.2019.167992,31,9,openalex_v3_query_core,0,,strict,Gamma-ray bursts and supernovae,63203493,Gamma-ray bursts and supernovae,Gamma-ray bursts and supernovae,0,2025
https://openalex.org/W2993011272,2019,Filling the Mass Gap: How Kilonova Observations Can Unveil the Nature of the Compact Object Merging with the Neutron Star,gamma_ray_bursts_and_supernovae,Astronomy and Astrophysics,63203493,63203493,0,,W2993011272,10.3847/2041-8213/ab5c1e,31,83,openalex_v3_query_core,0,,strict,Gamma-ray bursts and supernovae,63203493,Gamma-ray bursts and supernovae,Gamma-ray bursts and supernovae,0,2025
https://openalex.org/W3098564497,2019,The ν-process with Fully Time-dependent Supernova Neutrino Emission Spectra,gamma_ray_bursts_and_supernovae,Nuclear and High Energy Physics,61058366,61058366,0,,W3098564497,,31,81,openalex_v3_query_core,0,,strict,Neutrino Physics Research,61058366,Neutrino Physics Research,Neutrino Physics Research,0,2025
https://openalex.org/W4288561501,2019,Low-metallicity massive single stars with rotation,gamma_ray_bursts_and_supernovae,Astronomy and Astrophysics,60904056,60904056,0,,W4288561501,10.1051/0004-6361/201834360,31,122,openalex_v3_query_core,0,,strict,"Stellar, planetary, and galactic studies",60904056,"Stellar, planetary, and galactic studies","Stellar, planetary, and galactic studies",0,2025
https://openalex.org/W3012733149,2020,Axions in neutron star mergers,gamma_ray_bursts_and_supernovae,Astronomy and Astrophysics,60973087,60973087,0,,W3012733149,10.1088/1475-7516/2020/07/023,31,101,openalex_v3_query_core,0,,strict,Pulsars and Gravitational Waves Research,60973087,Pulsars and Gravitational Waves Research,Pulsars and Gravitational Waves Research,0,2025
https://openalex.org/W3102556924,2021,Sensitivity of future liquid argon dark matter search experiments to core-collapse supernova neutrinos,gamma_ray_bursts_and_supernovae,Nuclear and High Energy Physics,63152924,63152924,0,,W3102556924,10.1088/1475-7516/2021/03/043,31,43,openalex_v3_query_core,0,,strict,Dark Matter and Cosmic Phenomena,63152924,Dark Matter and Cosmic Phenomena,Dark Matter and Cosmic Phenomena,0,2025
https://openalex.org/W3126294448,2021,"Analytical, Statistical Approximate Solution of Dissipative and Nondissipative Binary-Single Stellar Encounters",gamma_ray_bursts_and_supernovae,Astronomy and Astrophysics,60904056,60904056,0,,W3126294448,10.1103/physrevx.11.031020,31,36,openalex_v3_query_core,0,,strict,"Stellar, planetary, and galactic studies",60904056,"Stellar, planetary, and galactic studies","Stellar, planetary, and galactic studies",0,2025
https://openalex.org/W3145862708,2021,The double-peaked Type Ic supernova 2019cad: another SN 2005bf-like object,gamma_ray_bursts_and_supernovae,Astronomy and Astrophysics,63203493,63203493,0,,W3145862708,10.1093/mnras/stab1009,31,168,openalex_v3_query_core,0,,strict,Gamma-ray bursts and supernovae,63203493,Gamma-ray bursts and supernovae,Gamma-ray bursts and supernovae,0,2025
https://openalex.org/W4206570582,2021,"Photometric, polarimetric, and spectroscopic studies of the luminous, slow-decaying Type Ib SN 2012au",gamma_ray_bursts_and_supernovae,Astronomy and Astrophysics,63203493,63203493,0,,W4206570582,10.1093/mnras/stab1889,31,225,openalex_v3_query_core,0,,strict,Gamma-ray bursts and supernovae,63203493,Gamma-ray bursts and supernovae,Gamma-ray bursts and supernovae,0,2025
https://openalex.org/W4285498933,2022,BASS. XXVIII. Near-infrared Data Release 2: High-ionization and Broad Lines in Active Galactic Nuclei*,gamma_ray_bursts_and_supernovae,Astronomy and Astrophysics,60903922,60903922,0,,W4285498933,10.3847/1538-4365/ac5b66,31,162,openalex_v3_query_core,0,,strict,"Galaxies: Formation, Evolution, Phenomena",60903922,"Galaxies: Formation, Evolution, Phenomena","Galaxies: Formation, Evolution, Phenomena",0,2025
https://openalex.org/W4292869093,2022,"Magnetar Engines in Fast Blue Optical Transients and Their Connections with SLSNe, SNe Ic-BL, and lGRBs",gamma_ray_bursts_and_supernovae,Astronomy and Astrophysics,63203493,63203493,0,,W4292869093,10.3847/2041-8213/ac86d2,31,113,openalex_v3_query_core,0,,strict,Gamma-ray bursts and supernovae,63203493,Gamma-ray bursts and supernovae,Gamma-ray bursts and supernovae,0,2025
https://openalex.org/W4294052656,2022,Athena synergies in the multi-messenger and transient universe,gamma_ray_bursts_and_supernovae,Nuclear and High Energy Physics,61041081,61041081,0,,W4294052656,10.1007/s10686-022-09865-6,31,344,openalex_v3_query_core,0,,strict,Astrophysics and Cosmic Phenomena,61041081,Astrophysics and Cosmic Phenomena,Astrophysics and Cosmic Phenomena,0,2025
https://openalex.org/W4319936767,2023,A Study of Primordial Very Massive Star Evolution,gamma_ray_bursts_and_supernovae,Astronomy and Astrophysics,60973087,60973087,0,,W4319936767,10.3847/1538-4357/acac91,31,111,openalex_v3_query_core,0,,strict,Pulsars and Gravitational Waves Research,60973087,Pulsars and Gravitational Waves Research,Pulsars and Gravitational Waves Research,0,2025
https://openalex.org/W4362552480,2023,Superradiant axion clouds around asteroid-mass primordial black holes,gamma_ray_bursts_and_supernovae,Nuclear and High Energy Physics,63152924,63152924,0,,W4362552480,10.1088/1475-7516/2023/04/003,31,96,openalex_v3_query_core,0,,strict,Dark Matter and Cosmic Phenomena,63152924,Dark Matter and Cosmic Phenomena,Dark Matter and Cosmic Phenomena,0,2025
https://openalex.org/W4386365638,2023,"AT 2022aedm and a New Class of Luminous, Fast-cooling Transients in Elliptical Galaxies",gamma_ray_bursts_and_supernovae,Astronomy and Astrophysics,61024309,61024309,0,,W4386365638,10.3847/2041-8213/acf0ba,31,158,openalex_v3_query_core,0,,strict,Astrophysical Phenomena and Observations,61024309,Astrophysical Phenomena and Observations,Astrophysical Phenomena and Observations,0,2025
https://openalex.org/W4386862760,2023,Dense forests of microshots in bursts from FRB 20220912A,gamma_ray_bursts_and_supernovae,Astronomy and Astrophysics,60973087,60973087,0,,W4386862760,10.1093/mnras/stad2847,31,110,openalex_v3_query_core,0,,strict,Pulsars and Gravitational Waves Research,60973087,Pulsars and Gravitational Waves Research,Pulsars and Gravitational Waves Research,0,2025
https://openalex.org/W4390698168,2024,"The <scp>dragon-II</scp> simulations – III. Compact binary mergers in clusters with up to 1 million stars: mass, spin, eccentricity, merger rate, and pair instability supernovae rate",gamma_ray_bursts_and_supernovae,Astronomy and Astrophysics,60973087,60973087,0,,W4390698168,10.1093/mnras/stad3951,31,228,openalex_v3_query_core,0,,strict,Pulsars and Gravitational Waves Research,60973087,Pulsars and Gravitational Waves Research,Pulsars and Gravitational Waves Research,0,2025
https://openalex.org/W1998078032,2004,CI Camelopardalis: A Shell‐shocked X‐Ray Nova,gamma_ray_bursts_and_supernovae,Astronomy and Astrophysics,63203493,63203493,0,,W1998078032,10.1086/424376,30,57,openalex_v3_query_core,0,,strict,Gamma-ray bursts and supernovae,63203493,Gamma-ray bursts and supernovae,Gamma-ray bursts and supernovae,0,2025
https://openalex.org/W2149489393,2005,Decay properties of the X-ray afterglows of gamma-ray bursts,gamma_ray_bursts_and_supernovae,Astronomy and Astrophysics,63203493,63203493,0,,W2149489393,10.1051/0004-6361:20042031,30,62,openalex_v3_query_core,0,,strict,Gamma-ray bursts and supernovae,63203493,Gamma-ray bursts and supernovae,Gamma-ray bursts and supernovae,0,2025
https://openalex.org/W2039535932,2006,"The energetics, evolution, and stellar depletion of $\mathsf{^6}$Li in the early Galaxy",gamma_ray_bursts_and_supernovae,Astronomy and Astrophysics,61024309,61024309,0,,W2039535932,10.1051/0004-6361:20053897,30,41,openalex_v3_query_core,0,,strict,Astrophysical Phenomena and Observations,61024309,Astrophysical Phenomena and Observations,Astrophysical Phenomena and Observations,0,2025
https://openalex.org/W2067931556,2006,X-ray continuum properties of GRB afterglows observed by XMM-Newton and Chandra,gamma_ray_bursts_and_supernovae,Astronomy and Astrophysics,63203493,63203493,0,,W2067931556,10.1051/0004-6361:20053903,30,63,openalex_v3_query_core,0,,strict,Gamma-ray bursts and supernovae,63203493,Gamma-ray bursts and supernovae,Gamma-ray bursts and supernovae,0,2025
https://openalex.org/W2017797645,2007,Some impacts of Lorentz violation on cosmology,gamma_ray_bursts_and_supernovae,Statistical and Nonlinear Physics,63220525,63220525,0,,W2017797645,10.1088/1126-6708/2007/09/048,30,49,openalex_v3_query_core,0,,strict,Noncommutative and Quantum Gravity Theories,63220525,Noncommutative and Quantum Gravity Theories,Noncommutative and Quantum Gravity Theories,0,2025
https://openalex.org/W2141297303,2008,Astrophysically triggered searches for gravitational waves: status and prospects,gamma_ray_bursts_and_supernovae,Astronomy and Astrophysics,60973087,60973087,0,,W2141297303,10.1088/0264-9381/25/11/114051,30,34,openalex_v3_query_core,0,,strict,Pulsars and Gravitational Waves Research,60973087,Pulsars and Gravitational Waves Research,Pulsars and Gravitational Waves Research,0,2025
https://openalex.org/W2146002700,2008,Modeling the X-ray emission of SN 1993J,gamma_ray_bursts_and_supernovae,Astronomy and Astrophysics,63203493,63203493,0,,W2146002700,10.1051/0004-6361:200810884,30,66,openalex_v3_query_core,0,,strict,Gamma-ray bursts and supernovae,63203493,Gamma-ray bursts and supernovae,Gamma-ray bursts and supernovae,0,2025
https://openalex.org/W2147687394,2008,First joint search for gravitational-wave bursts in LIGO and GEO 600 data,gamma_ray_bursts_and_supernovae,Astronomy and Astrophysics,60973087,60973087,0,,W2147687394,10.1088/0264-9381/25/24/245008,30,32,openalex_v3_query_core,0,,strict,Pulsars and Gravitational Waves Research,60973087,Pulsars and Gravitational Waves Research,Pulsars and Gravitational Waves Research,0,2025
https://openalex.org/W2154390306,2009,Population synthesis of gamma-ray bursts with precursor activity and the spinar paradigm,gamma_ray_bursts_and_supernovae,Astronomy and Astrophysics,63203493,63203493,0,,W2154390306,10.1111/j.1365-2966.2009.15079.x,30,56,openalex_v3_query_core,0,,strict,Gamma-ray bursts and supernovae,63203493,Gamma-ray bursts and supernovae,Gamma-ray bursts and supernovae,0,2025
https://openalex.org/W2036690129,2010,"The Zadko Telescope: A Southern Hemisphere Telescope for Optical Transient Searches, Multi-Messenger Astronomy and Education",gamma_ray_bursts_and_supernovae,Astronomy and Astrophysics,63203493,63203493,0,,W2036690129,10.1071/as09078,30,15,openalex_v3_query_core,0,,strict,Gamma-ray bursts and supernovae,63203493,Gamma-ray bursts and supernovae,Gamma-ray bursts and supernovae,0,2025
https://openalex.org/W2131216871,2010,Simultaneous polarization monitoring of supernovae SN 2008D/XT 080109 and SN 2007uy: isolating geometry from dust,gamma_ray_bursts_and_supernovae,Astronomy and Astrophysics,63203493,63203493,0,,W2131216871,10.1051/0004-6361/200913263,30,59,openalex_v3_query_core,0,,strict,Gamma-ray bursts and supernovae,63203493,Gamma-ray bursts and supernovae,Gamma-ray bursts and supernovae,0,2025
https://openalex.org/W1572013508,2011,Metallicity properties of the simulated host galaxies of long gamma-ray bursts and the fundamental metallicity relation,gamma_ray_bursts_and_supernovae,Astronomy and Astrophysics,63203493,63203493,0,,W1572013508,10.1111/j.1365-2966.2011.19326.x,30,63,openalex_v3_query_core,0,,strict,Gamma-ray bursts and supernovae,63203493,Gamma-ray bursts and supernovae,Gamma-ray bursts and supernovae,0,2025
https://openalex.org/W200832084,2011,Ionizing Radiation in Earth’s Atmosphere and in Space Near Earth,gamma_ray_bursts_and_supernovae,Radiological and Ultrasound Technology,61058633,61058633,0,,W200832084,,30,35,openalex_v3_query_core,0,,strict,Radioactivity and Radon Measurements,61058633,Radioactivity and Radon Measurements,Radioactivity and Radon Measurements,0,2025
https://openalex.org/W2122025778,2011,Probing thermonuclear supernova explosions with neutrinos,gamma_ray_bursts_and_supernovae,Nuclear and High Energy Physics,61058366,61058366,0,,W2122025778,10.1051/0004-6361/201015133,30,157,openalex_v3_query_core,0,,strict,Neutrino Physics Research,61058366,Neutrino Physics Research,Neutrino Physics Research,0,2025
https://openalex.org/W1572895522,2012,Discovery of two new Galactic candidate luminous blue variables with Wide-field Infrared Survey Explorer★,gamma_ray_bursts_and_supernovae,Astronomy and Astrophysics,60904056,60904056,0,,W1572895522,10.1111/j.1365-2966.2012.20556.x,30,86,openalex_v3_query_core,0,,strict,"Stellar, planetary, and galactic studies",60904056,"Stellar, planetary, and galactic studies","Stellar, planetary, and galactic studies",0,2025
https://openalex.org/W2132576368,2012,"Practical flux prescriptions for gamma-ray burst afterglows, from early to late times",gamma_ray_bursts_and_supernovae,Astronomy and Astrophysics,63203493,63203493,0,,W2132576368,10.1111/j.1365-2966.2012.21994.x,30,91,openalex_v3_query_core,0,,strict,Gamma-ray bursts and supernovae,63203493,Gamma-ray bursts and supernovae,Gamma-ray bursts and supernovae,0,2025
https://openalex.org/W3099372309,2012,Light Curve Calculations of Supernovae from Fallback Gamma-Ray Bursts,gamma_ray_bursts_and_supernovae,Astronomy and Astrophysics,63203493,63203493,0,,W3099372309,,30,22,openalex_v3_query_core,0,,strict,Gamma-ray bursts and supernovae,63203493,Gamma-ray bursts and supernovae,Gamma-ray bursts and supernovae,0,2025
https://openalex.org/W2059222986,2013,Ultra-Fast Flash Observatory for the observation of early photons from gamma-ray bursts,gamma_ray_bursts_and_supernovae,Astronomy and Astrophysics,63203493,63203493,0,,W2059222986,10.1088/1367-2630/15/2/023031,30,87,openalex_v3_query_core,0,,strict,Gamma-ray bursts and supernovae,63203493,Gamma-ray bursts and supernovae,Gamma-ray bursts and supernovae,0,2025
https://openalex.org/W2116805500,2013,Novel distance indicator for gamma-ray bursts associated with supernovae,gamma_ray_bursts_and_supernovae,Astronomy and Astrophysics,63203493,63203493,0,,W2116805500,10.1051/0004-6361/201220829,30,22,openalex_v3_query_core,0,,strict,Gamma-ray bursts and supernovae,63203493,Gamma-ray bursts and supernovae,Gamma-ray bursts and supernovae,0,2025
https://openalex.org/W2059155571,2014,Constraining the anisotropy of the universe from supernovae and gamma-ray bursts,gamma_ray_bursts_and_supernovae,Astronomy and Astrophysics,63203493,63203493,0,,W2059155571,10.1142/s0217732314500679,30,37,openalex_v3_query_core,0,,strict,Gamma-ray bursts and supernovae,63203493,Gamma-ray bursts and supernovae,Gamma-ray bursts and supernovae,0,2025
https://openalex.org/W2290790711,2016,Radio synchrotron emission from secondary electrons in interaction-powered supernovae,gamma_ray_bursts_and_supernovae,Astronomy and Astrophysics,63203493,63203493,0,,W2290790711,10.1093/mnras/stw920,30,152,openalex_v3_query_core,0,,strict,Gamma-ray bursts and supernovae,63203493,Gamma-ray bursts and supernovae,Gamma-ray bursts and supernovae,0,2025
https://openalex.org/W2404077247,2016,‘Spectro-temporal’ variabilities and possible physical mechanism for jet ejections,gamma_ray_bursts_and_supernovae,Astronomy and Astrophysics,61024309,61024309,0,,W2404077247,10.1093/mnras/stw1239,30,96,openalex_v3_query_core,0,,strict,Astrophysical Phenomena and Observations,61024309,Astrophysical Phenomena and Observations,Astrophysical Phenomena and Observations,0,2025
https://openalex.org/W2508604288,2016,Merger of a white dwarf–neutron star binary to 10<sup>29</sup>carat diamonds: origin of the pulsar planets,gamma_ray_bursts_and_supernovae,Astronomy and Astrophysics,61024309,61024309,0,,W2508604288,10.1093/mnras/stw2640,30,105,openalex_v3_query_core,0,,strict,Astrophysical Phenomena and Observations,61024309,Astrophysical Phenomena and Observations,Astrophysical Phenomena and Observations,0,2025
https://openalex.org/W2540360299,2017,Evidence for Magnetar Formation in Broad-lined Type Ic Supernovae1998bw and 2002ap,gamma_ray_bursts_and_supernovae,Astronomy and Astrophysics,63203493,63203493,0,,W2540360299,10.3847/1538-4357/aa5ff5,30,132,openalex_v3_query_core,0,,strict,Gamma-ray bursts and supernovae,63203493,Gamma-ray bursts and supernovae,Gamma-ray bursts and supernovae,0,2025
https://openalex.org/W2584678872,2017,Can we observe neutrino flares in coincidence with explosive transients?,gamma_ray_bursts_and_supernovae,Nuclear and High Energy Physics,61041081,61041081,0,,W2584678872,10.1051/0004-6361/201630326,30,148,openalex_v3_query_core,0,,strict,Astrophysics and Cosmic Phenomena,61041081,Astrophysics and Cosmic Phenomena,Astrophysics and Cosmic Phenomena,0,2025
https://openalex.org/W2603852075,2017,Magnetars in Ultra-Long Gamma-Ray Bursts and GRB 111209A,gamma_ray_bursts_and_supernovae,Astronomy and Astrophysics,63203493,63203493,0,,W2603852075,10.3847/1538-4357/aa6629,30,96,openalex_v3_query_core,0,,strict,Gamma-ray bursts and supernovae,63203493,Gamma-ray bursts and supernovae,Gamma-ray bursts and supernovae,0,2025
https://openalex.org/W2747295367,2017,Late-time observations of the relativistic tidal disruption flare candidate Swift J1112.2−8238,gamma_ray_bursts_and_supernovae,Astronomy and Astrophysics,63203493,63203493,0,,W2747295367,10.1093/mnras/stx2193,30,119,openalex_v3_query_core,0,,strict,Gamma-ray bursts and supernovae,63203493,Gamma-ray bursts and supernovae,Gamma-ray bursts and supernovae,0,2025
https://openalex.org/W2766316942,2018,No surviving non-compact stellar companion to Cassiopeia A,gamma_ray_bursts_and_supernovae,Astronomy and Astrophysics,63203493,63203493,0,,W2766316942,10.1051/0004-6361/201732206,30,78,openalex_v3_query_core,0,,strict,Gamma-ray bursts and supernovae,63203493,Gamma-ray bursts and supernovae,Gamma-ray bursts and supernovae,0,2025
https://openalex.org/W2907794333,2019,Supernova Neutrino Process of Li and B Revisited,gamma_ray_bursts_and_supernovae,Nuclear and High Energy Physics,61058366,61058366,0,,W2907794333,10.3847/1538-4357/aafc35,30,74,openalex_v3_query_core,0,,strict,Neutrino Physics Research,61058366,Neutrino Physics Research,Neutrino Physics Research,0,2025
https://openalex.org/W2982658938,2019,MKT J170456.2–482100: the first transient discovered by MeerKAT,gamma_ray_bursts_and_supernovae,Astronomy and Astrophysics,61024309,61024309,0,,W2982658938,10.1093/mnras/stz3027,30,137,openalex_v3_query_core,0,,strict,Astrophysical Phenomena and Observations,61024309,Astrophysical Phenomena and Observations,Astrophysical Phenomena and Observations,0,2025
https://openalex.org/W3101116413,2019,Building the Evryscope: Hardware Design and Performance,gamma_ray_bursts_and_supernovae,Astronomy and Astrophysics,60904056,60904056,0,,W3101116413,,30,33,openalex_v3_query_core,0,,strict,"Stellar, planetary, and galactic studies",60904056,"Stellar, planetary, and galactic studies","Stellar, planetary, and galactic studies",0,2025
https://openalex.org/W3013831798,2020,A search for prompt<i>γ</i>-ray counterparts to fast radio bursts in the Insight-HXMT data,gamma_ray_bursts_and_supernovae,Astronomy and Astrophysics,60973087,60973087,0,,W3013831798,10.1051/0004-6361/202037797,30,86,openalex_v3_query_core,0,,strict,Pulsars and Gravitational Waves Research,60973087,Pulsars and Gravitational Waves Research,Pulsars and Gravitational Waves Research,0,2025
https://openalex.org/W3038019213,2020,Benefits of MeV-scale reconstruction capabilities in large liquid argon time projection chambers,gamma_ray_bursts_and_supernovae,Nuclear and High Energy Physics,61058366,61058366,0,,W3038019213,10.1103/physrevd.102.092010,30,76,openalex_v3_query_core,0,,strict,Neutrino Physics Research,61058366,Neutrino Physics Research,Neutrino Physics Research,0,2025
https://openalex.org/W3111956243,2020,A dearth of young and bright massive stars in the Small Magellanic Cloud,gamma_ray_bursts_and_supernovae,Astronomy and Astrophysics,60904056,60904056,0,,W3111956243,10.1051/0004-6361/202038789,30,124,openalex_v3_query_core,0,,strict,"Stellar, planetary, and galactic studies",60904056,"Stellar, planetary, and galactic studies","Stellar, planetary, and galactic studies",0,2025
https://openalex.org/W3127582707,2021,Neutrino signal dependence on gamma-ray burst emission mechanism,gamma_ray_bursts_and_supernovae,Astronomy and Astrophysics,63203493,63203493,0,,W3127582707,10.1088/1475-7516/2021/05/034,30,153,openalex_v3_query_core,0,,strict,Gamma-ray bursts and supernovae,63203493,Gamma-ray bursts and supernovae,Gamma-ray bursts and supernovae,0,2025
https://openalex.org/W3163969316,2021,Light-curve classification with recurrent neural networks for GOTO: dealing with imbalanced data,gamma_ray_bursts_and_supernovae,Astronomy and Astrophysics,63203493,63203493,0,,W3163969316,10.1093/mnras/stab1545,30,113,openalex_v3_query_core,0,,strict,Gamma-ray bursts and supernovae,63203493,Gamma-ray bursts and supernovae,Gamma-ray bursts and supernovae,0,2025
https://openalex.org/W3179693647,2021,The Advanced Particle-astrophysics Telescope (APT) Project Status,gamma_ray_bursts_and_supernovae,Astronomy and Astrophysics,63203493,63203493,0,,W3179693647,10.22323/1.395.0655,30,15,openalex_v3_query_core,0,,strict,Gamma-ray bursts and supernovae,63203493,Gamma-ray bursts and supernovae,Gamma-ray bursts and supernovae,0,2025
https://openalex.org/W3189975984,2021,Exploration of the high-redshift universe enabled by THESEUS,gamma_ray_bursts_and_supernovae,Astronomy and Astrophysics,60903922,60903922,0,,W3189975984,10.1007/s10686-021-09778-w,30,186,openalex_v3_query_core,0,,strict,"Galaxies: Formation, Evolution, Phenomena",60903922,"Galaxies: Formation, Evolution, Phenomena","Galaxies: Formation, Evolution, Phenomena",0,2025
https://openalex.org/W4229056695,2022,Recent Developments in Particle Acceleration at Shocks: Theory and Observations,gamma_ray_bursts_and_supernovae,Astronomy and Astrophysics,60938632,60938632,0,,W4229056695,10.1007/s11214-022-00892-5,30,227,openalex_v3_query_core,0,,strict,Solar and Space Plasma Dynamics,60938632,Solar and Space Plasma Dynamics,Solar and Space Plasma Dynamics,0,2025
https://openalex.org/W4303021510,2022,Recent progress in theory and observational study of dust grain alignment and rotational disruption in star-forming regions,gamma_ray_bursts_and_supernovae,Astronomy and Astrophysics,60973222,60973222,0,,W4303021510,10.3389/fspas.2022.923927,30,194,openalex_v3_query_core,0,,strict,Astrophysics and Star Formation Studies,60973222,Astrophysics and Star Formation Studies,Astrophysics and Star Formation Studies,0,2025
https://openalex.org/W4310556341,2022,Dissecting the interstellar medium of a<i>z</i>= 6.3 galaxy,gamma_ray_bursts_and_supernovae,Astronomy and Astrophysics,63203493,63203493,0,,W4310556341,10.1051/0004-6361/202244205,30,134,openalex_v3_query_core,0,,strict,Gamma-ray bursts and supernovae,63203493,Gamma-ray bursts and supernovae,Gamma-ray bursts and supernovae,0,2025
https://openalex.org/W4323354972,2023,X-Ray Polarimetry Reveals the Magnetic-field Topology on Sub-parsec Scales in Tycho’s Supernova Remnant,gamma_ray_bursts_and_supernovae,Nuclear and High Energy Physics,61041081,61041081,0,,W4323354972,10.3847/1538-4357/acb496,30,54,openalex_v3_query_core,0,,strict,Astrophysics and Cosmic Phenomena,61041081,Astrophysics and Cosmic Phenomena,Astrophysics and Cosmic Phenomena,0,2025
https://openalex.org/W4377291653,2023,Constraining High-energy Neutrino Emission from Supernovae with IceCube,gamma_ray_bursts_and_supernovae,Nuclear and High Energy Physics,61041081,61041081,0,,W4377291653,10.3847/2041-8213/acd2c9,30,86,openalex_v3_query_core,0,,strict,Astrophysics and Cosmic Phenomena,61041081,Astrophysics and Cosmic Phenomena,Astrophysics and Cosmic Phenomena,0,2025
https://openalex.org/W4383047557,2023,Multiwavelength Observations of the Blazar PKS 0735+178 in Spatial and Temporal Coincidence with an Astrophysical Neutrino Candidate IceCube-211208A,gamma_ray_bursts_and_supernovae,Nuclear and High Energy Physics,61041081,61041081,0,,W4383047557,10.3847/1538-4357/ace327,30,69,openalex_v3_query_core,0,,strict,Astrophysics and Cosmic Phenomena,61041081,Astrophysics and Cosmic Phenomena,Astrophysics and Cosmic Phenomena,0,2025
https://openalex.org/W4394728240,2024,A magnetic massive star has experienced a stellar merger,gamma_ray_bursts_and_supernovae,Astronomy and Astrophysics,60904056,60904056,0,,W4394728240,10.1126/science.adg7700,30,79,openalex_v3_query_core,0,,strict,"Stellar, planetary, and galactic studies",60904056,"Stellar, planetary, and galactic studies","Stellar, planetary, and galactic studies",0,2025
https://openalex.org/W4394843487,2024,Phase space analysis of sign-shifting interacting dark energy models,gamma_ray_bursts_and_supernovae,Astronomy and Astrophysics,60904838,60904838,0,,W4394843487,10.1103/physrevd.109.083522,30,217,openalex_v3_query_core,0,,strict,Cosmology and Gravitation Theories,60904838,Cosmology and Gravitation Theories,Cosmology and Gravitation Theories,0,2025
https://openalex.org/W4388327516,2025,Waveform modelling for the Laser Interferometer Space Antenna,gamma_ray_bursts_and_supernovae,Astronomy and Astrophysics,60973087,60973087,0,,W4388327516,10.1007/s41114-025-00056-1,30,0,openalex_v3_query_core,0,,strict,Pulsars and Gravitational Waves Research,60973087,Pulsars and Gravitational Waves Research,Pulsars and Gravitational Waves Research,0,2025
https://openalex.org/W2142608693,1988,1987A: The greatest supernova since Kepler,gamma_ray_bursts_and_supernovae,Astronomy and Astrophysics,63203493,63203493,0,,W2142608693,10.1103/revmodphys.60.859,29,99,openalex_v3_query_core,0,,strict,Gamma-ray bursts and supernovae,63203493,Gamma-ray bursts and supernovae,Gamma-ray bursts and supernovae,0,2025
https://openalex.org/W3123321734,1996,A SHOCK-PATCHING CODE FOR ULTRA-RELATIVISTIC FLUID FLOWS,gamma_ray_bursts_and_supernovae,Computational Mechanics,60921735,60921735,0,,W3123321734,,29,33,openalex_v3_query_core,0,,strict,Computational Fluid Dynamics and Aerodynamics,60921735,Computational Fluid Dynamics and Aerodynamics,Computational Fluid Dynamics and Aerodynamics,0,2025
https://openalex.org/W2161529488,2002,The exceptionally bright Type Ib supernova 1991D,gamma_ray_bursts_and_supernovae,Astronomy and Astrophysics,63203493,63203493,0,,W2161529488,10.1046/j.1365-8711.2002.05706.x,29,24,openalex_v3_query_core,0,,strict,Gamma-ray bursts and supernovae,63203493,Gamma-ray bursts and supernovae,Gamma-ray bursts and supernovae,0,2025
https://openalex.org/W2144148225,2004,Cosmic rays from Galactic pulsars,gamma_ray_bursts_and_supernovae,Nuclear and High Energy Physics,61041081,61041081,0,,W2144148225,10.1051/0004-6361:20047005,29,39,openalex_v3_query_core,0,,strict,Astrophysics and Cosmic Phenomena,61041081,Astrophysics and Cosmic Phenomena,Astrophysics and Cosmic Phenomena,0,2025
https://openalex.org/W2153134275,2005,Radio frequency interference mitigation in radio astronomy,gamma_ray_bursts_and_supernovae,Astronomy and Astrophysics,65469135,65469135,0,,W2153134275,,29,0,openalex_v3_query_core,0,,strict,Radio Astronomy Observations and Technology,65469135,Radio Astronomy Observations and Technology,Radio Astronomy Observations and Technology,0,2025
https://openalex.org/W1672011439,2008,Introduction to high-energy astrophysics,gamma_ray_bursts_and_supernovae,Astronomy and Astrophysics,63203493,63203493,0,,W1672011439,10.5860/choice.45-4360,29,0,openalex_v3_query_core,0,,strict,Gamma-ray bursts and supernovae,63203493,Gamma-ray bursts and supernovae,Gamma-ray bursts and supernovae,0,2025
https://openalex.org/W1772301284,2008,Broad Ly<i>α</i> emission from supernova remnants in young galaxies,gamma_ray_bursts_and_supernovae,Nuclear and High Energy Physics,61041081,61041081,0,,W1772301284,10.1051/0004-6361:20078906,29,48,openalex_v3_query_core,0,,strict,Astrophysics and Cosmic Phenomena,61041081,Astrophysics and Cosmic Phenomena,Astrophysics and Cosmic Phenomena,0,2025
https://openalex.org/W2065491805,2009,The first decade of science with Chandra and XMM-Newton,gamma_ray_bursts_and_supernovae,Astronomy and Astrophysics,61024309,61024309,0,,W2065491805,10.1038/nature08690,29,130,openalex_v3_query_core,0,,strict,Astrophysical Phenomena and Observations,61024309,Astrophysical Phenomena and Observations,Astrophysical Phenomena and Observations,0,2025
https://openalex.org/W2076585315,2009,Distance measurements from supernovae and dark energy constraints,gamma_ray_bursts_and_supernovae,Astronomy and Astrophysics,63203493,63203493,0,,W2076585315,10.1103/physrevd.80.123525,29,66,openalex_v3_query_core,0,,strict,Gamma-ray bursts and supernovae,63203493,Gamma-ray bursts and supernovae,Gamma-ray bursts and supernovae,0,2025
https://openalex.org/W1964521284,2010,Robotic Autonomous Observatories: A Historical Perspective,gamma_ray_bursts_and_supernovae,Astronomy and Astrophysics,63203493,63203493,0,,W1964521284,10.1155/2010/570489,29,54,openalex_v3_query_core,0,,strict,Gamma-ray bursts and supernovae,63203493,Gamma-ray bursts and supernovae,Gamma-ray bursts and supernovae,0,2025
https://openalex.org/W2093230572,2010,Massive binary evolution,gamma_ray_bursts_and_supernovae,Astronomy and Astrophysics,63203493,63203493,0,,W2093230572,10.1016/j.newar.2010.09.023,29,66,openalex_v3_query_core,0,,strict,Gamma-ray bursts and supernovae,63203493,Gamma-ray bursts and supernovae,Gamma-ray bursts and supernovae,0,2025
https://openalex.org/W2078415739,2011,Estimation of compact binary coalescense rates from short gamma-ray burst redshift measurements,gamma_ray_bursts_and_supernovae,Astronomy and Astrophysics,63203493,63203493,0,,W2078415739,10.1051/0004-6361/201016166,29,58,openalex_v3_query_core,0,,strict,Gamma-ray bursts and supernovae,63203493,Gamma-ray bursts and supernovae,Gamma-ray bursts and supernovae,0,2025
https://openalex.org/W2088300445,2011,Modeling high-energy cosmic ray induced terrestrial muon flux: A lookup table,gamma_ray_bursts_and_supernovae,Nuclear and High Energy Physics,61041081,61041081,0,,W2088300445,10.1016/j.radphyschem.2011.02.020,29,24,openalex_v3_query_core,0,,strict,Astrophysics and Cosmic Phenomena,61041081,Astrophysics and Cosmic Phenomena,Astrophysics and Cosmic Phenomena,0,2025
https://openalex.org/W2150276272,2011,EVIDENCE FOR A CORRELATION BETWEEN THE Si II λ4000 WIDTH AND TYPE Ia SUPERNOVA COLOR,gamma_ray_bursts_and_supernovae,Astronomy and Astrophysics,63203493,63203493,0,,W2150276272,10.1088/0004-637x/734/1/42,29,94,openalex_v3_query_core,0,,strict,Gamma-ray bursts and supernovae,63203493,Gamma-ray bursts and supernovae,Gamma-ray bursts and supernovae,0,2025
https://openalex.org/W3105543109,2011,In pursuit of gamma-ray burst progenitors: the identification of a sub-population of rotating Wolf-Rayet stars,gamma_ray_bursts_and_supernovae,Astronomy and Astrophysics,63203493,63203493,0,,W3105543109,10.1051/0004-6361/201118197/pdf,29,38,openalex_v3_query_core,0,,strict,Gamma-ray bursts and supernovae,63203493,Gamma-ray bursts and supernovae,Gamma-ray bursts and supernovae,0,2025
https://openalex.org/W1554602054,2013,Determining the Hubble constant from gravitational wave observations of merging compact binaries,gamma_ray_bursts_and_supernovae,Astronomy and Astrophysics,60973087,60973087,0,,W1554602054,10.48550/arxiv.1307.2638,29,14,openalex_v3_query_core,0,,strict,Pulsars and Gravitational Waves Research,60973087,Pulsars and Gravitational Waves Research,Pulsars and Gravitational Waves Research,0,2025
https://openalex.org/W2169129797,2013,Magnetically powered outbursts from white dwarf mergers,gamma_ray_bursts_and_supernovae,Astronomy and Astrophysics,63203493,63203493,0,,W2169129797,10.1093/mnras/stt2140,29,48,openalex_v3_query_core,0,,strict,Gamma-ray bursts and supernovae,63203493,Gamma-ray bursts and supernovae,Gamma-ray bursts and supernovae,0,2025
https://openalex.org/W2246250806,2013,CAN STELLAR MIXING EXPLAIN THE LACK OF TYPE Ib SUPERNOVAE IN LONG-DURATION GAMMA-RAY BURSTS?,gamma_ray_bursts_and_supernovae,Astronomy and Astrophysics,63203493,63203493,0,,W2246250806,10.1088/2041-8205/773/1/l7,29,18,openalex_v3_query_core,0,,strict,Gamma-ray bursts and supernovae,63203493,Gamma-ray bursts and supernovae,Gamma-ray bursts and supernovae,0,2025
https://openalex.org/W2033399339,2014,"Optical follow-up observations of PTF10qts, a luminous broad-lined Type Ic supernova found by the Palomar Transient Factory",gamma_ray_bursts_and_supernovae,Astronomy and Astrophysics,63203493,63203493,0,,W2033399339,10.1093/mnras/stu1017,29,109,openalex_v3_query_core,0,,strict,Gamma-ray bursts and supernovae,63203493,Gamma-ray bursts and supernovae,Gamma-ray bursts and supernovae,0,2025
https://openalex.org/W2091954170,2014,Neutrino Radiation Showing a Christodoulou Memory Effect in General Relativity,gamma_ray_bursts_and_supernovae,Astronomy and Astrophysics,60904838,60904838,0,,W2091954170,10.1007/s00023-014-0329-1,29,20,openalex_v3_query_core,0,,strict,Cosmology and Gravitation Theories,60904838,Cosmology and Gravitation Theories,Cosmology and Gravitation Theories,0,2025
https://openalex.org/W2126127613,2014,The low Sr/Ba ratio on some extremely metal-poor stars,gamma_ray_bursts_and_supernovae,Astronomy and Astrophysics,60904056,60904056,0,,W2126127613,10.1051/0004-6361/201423658,29,80,openalex_v3_query_core,0,,strict,"Stellar, planetary, and galactic studies",60904056,"Stellar, planetary, and galactic studies","Stellar, planetary, and galactic studies",0,2025
https://openalex.org/W1929840622,2015,SUDARE-VOICE variability-selection of active galaxies in the<i>Chandra</i>Deep Field South and the SERVS/SWIRE region,gamma_ray_bursts_and_supernovae,Astronomy and Astrophysics,60903922,60903922,0,,W1929840622,10.1051/0004-6361/201425111,29,59,openalex_v3_query_core,0,,strict,"Galaxies: Formation, Evolution, Phenomena",60903922,"Galaxies: Formation, Evolution, Phenomena","Galaxies: Formation, Evolution, Phenomena",0,2025
https://openalex.org/W2186594763,2016,Dark-ages reionization and galaxy formation simulation V: morphology and statistical signatures of reionization,gamma_ray_bursts_and_supernovae,Astronomy and Astrophysics,60903922,60903922,0,,W2186594763,10.1093/mnras/stw1718,29,64,openalex_v3_query_core,0,,strict,"Galaxies: Formation, Evolution, Phenomena",60903922,"Galaxies: Formation, Evolution, Phenomena","Galaxies: Formation, Evolution, Phenomena",0,2025
https://openalex.org/W2254241111,2016,Long-Duration Gamma-Ray Burst Host Galaxies in Emission and Absorption,gamma_ray_bursts_and_supernovae,Astronomy and Astrophysics,63203493,63203493,0,,W2254241111,10.1007/s11214-016-0237-4,29,178,openalex_v3_query_core,0,,strict,Gamma-ray bursts and supernovae,63203493,Gamma-ray bursts and supernovae,Gamma-ray bursts and supernovae,0,2025
https://openalex.org/W2528588784,2017,Low-energy Population III supernovae and the origin of extremely metal-poor stars,gamma_ray_bursts_and_supernovae,Astronomy and Astrophysics,63203493,63203493,0,,W2528588784,10.1093/mnras/stx470,29,151,openalex_v3_query_core,0,,strict,Gamma-ray bursts and supernovae,63203493,Gamma-ray bursts and supernovae,Gamma-ray bursts and supernovae,0,2025
https://openalex.org/W2548551186,2017,Energetic constraints on electromagnetic signals from double black hole mergers,gamma_ray_bursts_and_supernovae,Astronomy and Astrophysics,60973087,60973087,0,,W2548551186,10.1093/mnrasl/slx086,29,55,openalex_v3_query_core,0,,strict,Pulsars and Gravitational Waves Research,60973087,Pulsars and Gravitational Waves Research,Pulsars and Gravitational Waves Research,0,2025
https://openalex.org/W2606472930,2017,"INTEGRAL IBIS, SPI, and JEM-X observations of LVT151012",gamma_ray_bursts_and_supernovae,Astronomy and Astrophysics,63203493,63203493,0,,W2606472930,10.1051/0004-6361/201730572,29,75,openalex_v3_query_core,0,,strict,Gamma-ray bursts and supernovae,63203493,Gamma-ray bursts and supernovae,Gamma-ray bursts and supernovae,0,2025
https://openalex.org/W2683950378,2017,Long photometric cycles in hot algols,gamma_ray_bursts_and_supernovae,Astronomy and Astrophysics,60973222,60973222,0,,W2683950378,10.2298/saj1794001m,29,6,openalex_v3_query_core,0,,strict,Astrophysics and Star Formation Studies,60973222,Astrophysics and Star Formation Studies,Astrophysics and Star Formation Studies,0,2025
https://openalex.org/W2784747928,2017,Broad-line Type Ic supernova SN 2014ad,gamma_ray_bursts_and_supernovae,Astronomy and Astrophysics,63203493,63203493,0,,W2784747928,10.1093/mnras/stx3212,29,92,openalex_v3_query_core,0,,strict,Gamma-ray bursts and supernovae,63203493,Gamma-ray bursts and supernovae,Gamma-ray bursts and supernovae,0,2025
https://openalex.org/W2777732062,2018,Neutrino Oscillations within the Induced Gravitational Collapse Paradigm of Long Gamma-Ray Bursts,gamma_ray_bursts_and_supernovae,Astronomy and Astrophysics,63203493,63203493,0,,W2777732062,10.3847/1538-4357/aaa296,29,98,openalex_v3_query_core,0,,strict,Gamma-ray bursts and supernovae,63203493,Gamma-ray bursts and supernovae,Gamma-ray bursts and supernovae,0,2025
https://openalex.org/W2789684594,2018,Outflows from black hole hyperaccretion systems: short and long-short gamma-ray bursts and ‘quasi-supernovae’,gamma_ray_bursts_and_supernovae,Astronomy and Astrophysics,63203493,63203493,0,,W2789684594,10.1093/mnras/sty783,29,266,openalex_v3_query_core,0,,strict,Gamma-ray bursts and supernovae,63203493,Gamma-ray bursts and supernovae,Gamma-ray bursts and supernovae,0,2025
https://openalex.org/W2890033151,2019,Cosmogenic neutrinos through the GRAND lens unveil the nature of cosmic accelerators,gamma_ray_bursts_and_supernovae,Nuclear and High Energy Physics,61041081,61041081,0,,W2890033151,10.1088/1475-7516/2019/05/047,29,69,openalex_v3_query_core,0,,strict,Astrophysics and Cosmic Phenomena,61041081,Astrophysics and Cosmic Phenomena,Astrophysics and Cosmic Phenomena,0,2025
https://openalex.org/W2924557432,2019,Primordial black holes from thermal inflation,gamma_ray_bursts_and_supernovae,Astronomy and Astrophysics,60904838,60904838,0,,W2924557432,10.1088/1475-7516/2019/07/046,29,114,openalex_v3_query_core,0,,strict,Cosmology and Gravitation Theories,60904838,Cosmology and Gravitation Theories,Cosmology and Gravitation Theories,0,2025
https://openalex.org/W2925184761,2019,Self-interacting sterile neutrino dark matter: The heavy-mediator case,gamma_ray_bursts_and_supernovae,Nuclear and High Energy Physics,63152924,63152924,0,,W2925184761,10.1103/physrevd.100.023533,29,97,openalex_v3_query_core,0,,strict,Dark Matter and Cosmic Phenomena,63152924,Dark Matter and Cosmic Phenomena,Dark Matter and Cosmic Phenomena,0,2025
https://openalex.org/W2965245246,2019,Spatially resolved X-ray study of supernova remnants that host magnetars: Implication of their fossil field origin,gamma_ray_bursts_and_supernovae,Astronomy and Astrophysics,63203493,63203493,0,,W2965245246,10.1051/0004-6361/201936002,29,77,openalex_v3_query_core,0,,strict,Gamma-ray bursts and supernovae,63203493,Gamma-ray bursts and supernovae,Gamma-ray bursts and supernovae,0,2025
https://openalex.org/W3099661690,2019,https://openalex.org/W3099661690,gamma_ray_bursts_and_supernovae,Astronomy and Astrophysics,63203493,63203493,0,,W3099661690,10.1051/0004-6361/201732206/pdf,29,104,openalex_v3_query_core,0,,strict,Gamma-ray bursts and supernovae,63203493,Gamma-ray bursts and supernovae,Gamma-ray bursts and supernovae,0,2025
https://openalex.org/W3048715446,2021,Neutral-current background induced by atmospheric neutrinos at large liquid-scintillator detectors. I. Model predictions,gamma_ray_bursts_and_supernovae,Nuclear and High Energy Physics,61058366,61058366,0,,W3048715446,10.1103/physrevd.103.053001,29,106,openalex_v3_query_core,0,,strict,Neutrino Physics Research,61058366,Neutrino Physics Research,Neutrino Physics Research,0,2025
https://openalex.org/W3105727865,2021,Virial shocks are suppressed in cosmic ray-dominated galaxy haloes,gamma_ray_bursts_and_supernovae,Astronomy and Astrophysics,60903922,60903922,0,,W3105727865,10.1093/mnras/stab1264,29,118,openalex_v3_query_core,0,,strict,"Galaxies: Formation, Evolution, Phenomena",60903922,"Galaxies: Formation, Evolution, Phenomena","Galaxies: Formation, Evolution, Phenomena",0,2025
https://openalex.org/W3120071272,2021,A relation between the radial velocity dispersion of young clusters and their age,gamma_ray_bursts_and_supernovae,Astronomy and Astrophysics,60904056,60904056,0,,W3120071272,10.1051/0004-6361/202039673,29,106,openalex_v3_query_core,0,,strict,"Stellar, planetary, and galactic studies",60904056,"Stellar, planetary, and galactic studies","Stellar, planetary, and galactic studies",0,2025
https://openalex.org/W3124692673,2021,No velocity-kicks are required to explain large-distance offsets of Ca-rich supernovae and short-GRBs,gamma_ray_bursts_and_supernovae,Astronomy and Astrophysics,63203493,63203493,0,,W3124692673,10.1093/mnras/stab794,29,96,openalex_v3_query_core,0,,strict,Gamma-ray bursts and supernovae,63203493,Gamma-ray bursts and supernovae,Gamma-ray bursts and supernovae,0,2025
https://openalex.org/W3133571697,2021,GW190814 follow-up with the optical telescope MeerLICHT,gamma_ray_bursts_and_supernovae,Astronomy and Astrophysics,60973087,60973087,0,,W3133571697,10.1051/0004-6361/202040231,29,112,openalex_v3_query_core,0,,strict,Pulsars and Gravitational Waves Research,60973087,Pulsars and Gravitational Waves Research,Pulsars and Gravitational Waves Research,0,2025
https://openalex.org/W3209880434,2021,Axionlike Particles from Hypernovae,gamma_ray_bursts_and_supernovae,Astronomy and Astrophysics,63203493,63203493,0,,W3209880434,10.1103/physrevlett.127.181102,29,0,openalex_v3_query_core,0,,strict,Gamma-ray bursts and supernovae,63203493,Gamma-ray bursts and supernovae,Gamma-ray bursts and supernovae,0,2025
https://openalex.org/W3180852608,2022,Correlations of<i>r</i>-process elements in very metal-poor stars as clues to their nucleosynthesis sites,gamma_ray_bursts_and_supernovae,Astronomy and Astrophysics,63203493,63203493,0,,W3180852608,10.1051/0004-6361/202141038,29,269,openalex_v3_query_core,0,,strict,Gamma-ray bursts and supernovae,63203493,Gamma-ray bursts and supernovae,Gamma-ray bursts and supernovae,0,2025
https://openalex.org/W3215968582,2022,Fink: Early supernovae Ia classification using active learning,gamma_ray_bursts_and_supernovae,Astronomy and Astrophysics,63203493,63203493,0,,W3215968582,10.1051/0004-6361/202142715,29,35,openalex_v3_query_core,0,,strict,Gamma-ray bursts and supernovae,63203493,Gamma-ray bursts and supernovae,Gamma-ray bursts and supernovae,0,2025
https://openalex.org/W4206762399,2022,Detector Characterization and Mitigation of Noise in Ground-Based Gravitational-Wave Interferometers,gamma_ray_bursts_and_supernovae,Astronomy and Astrophysics,60973087,60973087,0,,W4206762399,10.3390/galaxies10010012,29,183,openalex_v3_query_core,0,,strict,Pulsars and Gravitational Waves Research,60973087,Pulsars and Gravitational Waves Research,Pulsars and Gravitational Waves Research,0,2025
https://openalex.org/W4220761751,2022,Classification of teleparallel Horndeski cosmology via Noether symmetries,gamma_ray_bursts_and_supernovae,Astronomy and Astrophysics,60904838,60904838,0,,W4220761751,10.1140/epjc/s10052-022-10201-7,29,98,openalex_v3_query_core,0,,strict,Cosmology and Gravitation Theories,60904838,Cosmology and Gravitation Theories,Cosmology and Gravitation Theories,0,2025
https://openalex.org/W4221030478,2022,511 keV line constraints on feebly interacting particles from supernovae,gamma_ray_bursts_and_supernovae,Nuclear and High Energy Physics,63152924,63152924,0,,W4221030478,10.1103/physrevd.105.063026,29,113,openalex_v3_query_core,0,,strict,Dark Matter and Cosmic Phenomena,63152924,Dark Matter and Cosmic Phenomena,Dark Matter and Cosmic Phenomena,0,2025
https://openalex.org/W4385069740,2023,Probing lens-induced gravitational-wave birefringence as a test of general relativity,gamma_ray_bursts_and_supernovae,Astronomy and Astrophysics,60973087,60973087,0,,W4385069740,10.1103/physrevd.108.024052,29,88,openalex_v3_query_core,0,,strict,Pulsars and Gravitational Waves Research,60973087,Pulsars and Gravitational Waves Research,Pulsars and Gravitational Waves Research,0,2025
https://openalex.org/W4385638690,2023,Neutrino decoupling is altered by flavor conversion,gamma_ray_bursts_and_supernovae,Nuclear and High Energy Physics,61058366,61058366,0,,W4385638690,10.1103/physrevd.108.043006,29,111,openalex_v3_query_core,0,,strict,Neutrino Physics Research,61058366,Neutrino Physics Research,Neutrino Physics Research,0,2025
https://openalex.org/W4400100675,2024,Discovery of the Optical and Radio Counterpart to the Fast X-Ray Transient EP 240315a,gamma_ray_bursts_and_supernovae,Astronomy and Astrophysics,63203493,63203493,0,,W4400100675,10.3847/2041-8213/ad55cd,29,108,openalex_v3_query_core,0,,strict,Gamma-ray bursts and supernovae,63203493,Gamma-ray bursts and supernovae,Gamma-ray bursts and supernovae,0,2025
https://openalex.org/W4404584783,2024,The BlackGEM Telescope Array. I. Overview,gamma_ray_bursts_and_supernovae,Astronomy and Astrophysics,63203493,63203493,0,,W4404584783,10.1088/1538-3873/ad8b6a,29,84,openalex_v3_query_core,0,,strict,Gamma-ray bursts and supernovae,63203493,Gamma-ray bursts and supernovae,Gamma-ray bursts and supernovae,0,2025
https://openalex.org/W4406665222,2025,The Massive and Quiescent Elliptical Host Galaxy of the Repeating Fast Radio Burst FRB 20240209A,gamma_ray_bursts_and_supernovae,Astronomy and Astrophysics,63203493,63203493,0,,W4406665222,10.3847/2041-8213/ad9de2,29,191,openalex_v3_query_core,0,,strict,Gamma-ray bursts and supernovae,63203493,Gamma-ray bursts and supernovae,Gamma-ray bursts and supernovae,0,2025
https://openalex.org/W2002585650,1997,A Shock‐patching Code for Ultrarelativistic Fluid Flows,gamma_ray_bursts_and_supernovae,Nuclear and High Energy Physics,61041081,61041081,0,,W2002585650,10.1086/304547,28,31,openalex_v3_query_core,0,,strict,Astrophysics and Cosmic Phenomena,61041081,Astrophysics and Cosmic Phenomena,Astrophysics and Cosmic Phenomena,0,2025
https://openalex.org/W2028206697,1999,"TAROT: Observing gamma-ray bursts ""in progress”",gamma_ray_bursts_and_supernovae,Astronomy and Astrophysics,63203493,63203493,0,,W2028206697,10.1051/aas:1999356,28,0,openalex_v3_query_core,0,,strict,Gamma-ray bursts and supernovae,63203493,Gamma-ray bursts and supernovae,Gamma-ray bursts and supernovae,0,2025
